ModelID	RAI_8_score	THYROID_NONOVERLAP_score	TDS_like_score	TF_collapse_score	STAT3_AP1_DNMT_score	DM1_like_score	PatientID	CellLineName	StrippedCellLineName	DepmapModelType	OncotreeLineage	OncotreePrimaryDisease	OncotreeSubtype	OncotreeCode	PatientSubtypeFeatures	RRID	Age	AgeCategory	Sex	PatientRace	PrimaryOrMetastasis	SampleCollectionSite	SourceType	SourceDetail	CatalogNumber	ModelType	TissueOrigin	ModelDerivationMaterial	ModelTreatment	PatientTreatmentStatus	PatientTreatmentType	PatientTreatmentDetails	Stage	StagingSystem	PatientTumorGrade	PatientTreatmentResponse	GrowthPattern	OnboardedMedia	FormulationID	SerumFreeMedia	PlateCoating	EngineeredModel	EngineeredModelDetails	CulturedResistanceDrug	PublicComments	CCLEName	HCMIID	PediatricModelType	ModelAvailableInDbgap	ModelSubtypeFeatures	WTSIMasterCellID	SangerModelID	COSMICID	ModelIDAlias	is_thyroid	is_thyroid_model	cancer_type	lineage_silenced_score
ACH-000001	1.1109036669717154	0.33493600734757895	0.9936934591827158	1.3424306886978539	-0.007375538433910795	-1.1109036669717154	PT-gj46wT	NIH:OVCAR-3	NIHOVCAR3	HGSOC	Ovary/Fallopian Tube	Ovarian Epithelial Tumor	High-Grade Serous Ovarian Cancer	HGSOC		CVCL_0465	60.0	Adult	Female	caucasian	Metastatic	ascites	ATCC		HTB-161	Cell Line											Adherent	MF-001-041	RPMI + 20% FBS + 0.01 mg/ml insulin	False						NIHOVCAR3_OVARY		False	Approved for public sharing - CCLE		2201.0	SIDM00105	905933.0		False	False	Ovary/Fallopian Tube	-2.5471071612979155
ACH-000002	-0.3747742119787461	-0.38621333030791416	-0.4807738619464129	-0.06182354782656174	-0.7163133060100078	0.3747742119787461	PT-5qa3uk	HL-60	HL60	AMLMRC	Myeloid	Acute Myeloid Leukemia	AML with Myelodysplasia-Related Changes	AMLMRC	TP53(del), CDKN2A and NRAS mutations [PubMed=288488], No PML-RARA fusion	CVCL_0002	36.0	Adult	Female	caucasian	Primary	haematopoietic_and_lymphoid_tissue	ATCC		CCL-240	Cell Line											Suspension	MF-005-001	IMDM + 10% FBS	False						HL60_HAEMATOPOIETIC_AND_LYMPHOID_TISSUE		True	Approved for public sharing - CCLE	NRAS, BCOR and CDKN2A	55.0	SIDM00829	905938.0		False	False	Myeloid	0.8592915007680427
ACH-000003	1.2666947710718655	1.1384892860889562	0.2960060867673594	0.14736750579367883	0.2231698372337724	-1.2666947710718655	PT-puKIyc	CACO2	CACO2	COAD	Bowel	Colorectal Adenocarcinoma	Colon Adenocarcinoma	COAD		CVCL_0025	72.0	Adult	Male	caucasian	Primary	Colon	ATCC		HTB-37	Cell Line				Unknown							Adherent	MF-015-009	EMEM + 20% FBS	False						CACO2_LARGE_INTESTINE		False	Approved for public sharing - CCLE			SIDM00891			False	False	Bowel	-2.9043088239782717
ACH-000004	-0.073210994393265	-0.3473683936658064	-0.3557357719142384	0.32775822230021157	0.5065669079144494	0.073210994393265	PT-q4K2cp	HEL	HEL	AMLNOS	Myeloid	Acute Myeloid Leukemia	AML, NOS	AMLNOS	JAK2 and TP53 mutations	CVCL_0001	30.0	Adult	Male	caucasian	Primary	haematopoietic_and_lymphoid_tissue	DSMZ		ACC 11	Cell Line				Post-treatment							Suspension	MF-001-001	RPMI + 10% FBS	False						HEL_HAEMATOPOIETIC_AND_LYMPHOID_TISSUE		True	Approved for public sharing - CCLE	JAK2 and TP53	783.0	SIDM00594	907053.0		False	False	Myeloid	0.16785996270329598
ACH-000005	-0.1934806576849511	-0.28720813541166157	-0.3653224170862968	0.26108866757383753	0.8410634504840637	0.1934806576849511	PT-q4K2cp	HEL 92.1.7	HEL9217	AML	Myeloid	Acute Myeloid Leukemia	Acute Myeloid Leukemia	AML	JAK2 and TP53 mutations	CVCL_2481	30.0	Adult	Male	caucasian		bone_marrow	ATCC		HEL9217	Cell Line											Mixed	MF-001-001	RPMI + 10% FBS	False						HEL9217_HAEMATOPOIETIC_AND_LYMPHOID_TISSUE		True	Approved for public sharing - CCLE			SIDM00593			False	False	Myeloid	0.44361719509430436
ACH-000006	-0.1115324911367049	-0.17986334125704714	-0.2544759459749887	-0.08032224855556092	0.31891739952260717	0.1115324911367049	PT-ej13Dz	MONO-MAC-6	MONOMAC6	AML	Myeloid	Acute Myeloid Leukemia	Acute Myeloid Leukemia	AML	KMT2A-MLLT3, TP53 Arg273His	CVCL_1426	64.0	Adult	Male		Primary	haematopoietic_and_lymphoid_tissue	DSMZ		ACC 124	Cell Line											Suspension	MF-001-001	RPMI + 10% FBS	False						MONOMAC6_HAEMATOPOIETIC_AND_LYMPHOID_TISSUE		True	Approved for public sharing - CCLE	KMT2A::MLLT3, TP53, ASXL1 and U2AF1	2167.0	SIDM01023	908148.0		False	False	Myeloid	0.2557244298833793
ACH-000007	-0.024881202037490398	0.210647652336781	0.019398053496874894	-0.08394446393460595	0.06872428267641939	0.024881202037490398	PT-NOXwpH	LS513	LS513	COAD	Bowel	Colorectal Adenocarcinoma	Colon Adenocarcinoma	COAD		CVCL_1386	63.0	Adult	Male	caucasian	Primary	large_intestine	ATCC		CRL-2134	Cell Line											Adherent	MF-001-001	RPMI + 10% FBS	False						LS513_LARGE_INTESTINE		False	Approved for public sharing - CCLE		569.0	SIDM00677	907795.0	ACH-001078	False	False	Bowel	0.057048229991130024
ACH-000008	-0.311587652827876	-0.02719385829081867	-0.26690644214762727	0.12180492106031471	0.14633160147130525	0.311587652827876	PT-fp8PeY	A101D	A101D	MEL	Skin	Melanoma	Melanoma	MEL		CVCL_1057	56.0	Adult	Male	caucasian	Primary	skin	ATCC		CRL-7898	Cell Line											Adherent	MF-002-001	DMEM + 10% FBS	False						A101D_SKIN		False	Approved for public sharing - CCLE		1806.0	SIDM00801	910921.0		False	False	Skin	0.7144158089362924
ACH-000009	0.286176962562405	0.5759258292658916	0.15218139470861186	-0.008982258098059775	0.42035589392550915	-0.286176962562405	PT-puKIyc	C2BBe1	C2BBE1	COAD	Bowel	Colorectal Adenocarcinoma	Colon Adenocarcinoma	COAD		CVCL_1096	72.0	Adult	Male	caucasian	Primary	Colon	ATCC		CRL-2102	Cell Line											Adherent	MF-002-021	DMEM + 10% FBS + 0.01 mg/ml Transferrin	False						C2BBE1_LARGE_INTESTINE		False	Approved for public sharing - CCLE		2104.0	SIDM01233	910700.0		False	False	Bowel	-0.6561535553557105
ACH-000011	-0.15122471479648772	-0.219549111705238	0.16550819468176947	0.2961965180301391	0.24590665838355366	0.15122471479648772	PT-AR7W9o	253J	253J	BLCA	Bladder/Urinary Tract	Bladder Urothelial Carcinoma	Bladder Urothelial Carcinoma	BLCA		CVCL_7935	53.0	Adult	Male		Metastatic	lymph_node	KCLB		80001	Cell Line											Adherent	MF-002-001	DMEM + 10% FBS	False						253J_URINARY_TRACT		False	Approved for public sharing - CCLE						False	False	Bladder/Urinary Tract	0.34673173334045354
ACH-000012	-0.2241359740673954	-0.3351750359093835	0.4197557501815621	0.9173372457935639	0.7564950647180205	0.2241359740673954	PT-NdspH5	HCC-827	HCC827	LUAD	Lung	Non-Small Cell Lung Cancer	Lung Adenocarcinoma	LUAD		CVCL_2063	39.0	Adult	Female	caucasian	Primary	lung	ATCC		CRL-2868	Cell Line											Adherent	MF-001-001	RPMI + 10% FBS	False						HCC827_LUNG		False	Approved for public sharing - CCLE		354.0	SIDM01067	1240146.0		False	False	Lung	0.5139044560072393
ACH-000013	0.42032384303551806	0.2874079641612872	0.856867828608493	1.0368718762232711	0.04236322979485071	-0.42032384303551806	PT-gj46wT	ONCO-DG-1	ONCODG1	HGSOC	Ovary/Fallopian Tube	Ovarian Epithelial Tumor	High-Grade Serous Ovarian Cancer	HGSOC		CVCL_1882	60.0	Adult	Female	caucasian	Metastatic	ascites	DSMZ		ACC 507	Cell Line											Adherent	MF-001-001	RPMI + 10% FBS	False					SNP fingerprinting confirms that this line is an OVCAR-3 derivative. DepMap metadata has been updated (as of 22Q2) to reflect this.	ONCODG1_OVARY		False	Approved for public sharing - CCLE			SIDM00093			False	False	Ovary/Fallopian Tube	-0.9637288114985472
ACH-000014	-0.2655824097347701	-0.1277670053361922	-0.20897226863717877	-0.05631145383936895	0.12040966337188765	0.2655824097347701	PT-fp8PeY	Hs 294T	HS294T	MEL	Skin	Melanoma	Melanoma	MEL		CVCL_0331	56.0	Adult	Male	caucasian	Metastatic	lymph_node	ATCC		HTB-140	Cell Line											Adherent	MF-002-001	DMEM + 10% FBS	False						HS294T_SKIN		False	Approved for public sharing - CCLE			SIDM00800			False	False	Skin	0.6089338597596092
ACH-000015	-0.2748040077565313	-0.21843168603997443	-0.043718892401794135	0.4999393375191563	0.02947913589765903	0.2748040077565313	PT-ffwajI	NCI-H1581	NCIH1581	LCLC	Lung	Non-Small Cell Lung Cancer	Large Cell Lung Carcinoma	LCLC		CVCL_1479	44.0	Adult	Male	caucasian	Primary	lung	ATCC		CRL-5878	Cell Line											Adherent	MF-007-008	DMEM:F12 + 5% FBS	False						NCIH1581_LUNG		False	Approved for public sharing - CCLE		1237.0	SIDM00748	908471.0	ACH-000010	False	False	Lung	0.6300773657702313
ACH-000016	0.3085898631609994	0.014652834762473338	0.49603001112869055	0.9529426904350898	0.5806478232192754	-0.3085898631609994	PT-JnARLB	SLR 21	SLR21	CCRCC	Kidney	Renal Cell Carcinoma	Renal Clear Cell Carcinoma	CCRCC		CVCL_V607		Unknown	Unknown		Metastatic	kidney	Dana-Farber Cancer Institute	Bill Kaelin		Cell Line											Adherent	MF-001-001	RPMI + 10% FBS	False						SLR21_KIDNEY		False	Approved for public sharing - CCLE						False	False	Kidney	-0.7075424032976371
ACH-000017	1.2352879414212246	0.402895361096016	1.1931784295915013	-0.7835470857925868	0.11986155070122649	-1.2352879414212246	PT-8CE6ah	SK-BR-3	SKBR3	BRCA	Breast	Invasive Breast Carcinoma	Invasive Breast Carcinoma	BRCA		CVCL_0033	43.0	Adult	Female	caucasian	Metastatic	pleural_effusion	ATCC			Cell Line											Mixed	MF-023-001	McCoy's 5A + 10% FBS	False						SKBR3_BREAST		False	Approved for public sharing - CCLE	HER2+		SIDM00897			False	False	Breast	-2.832298475020761
ACH-000018	-0.20188571010473477	-0.22951696423368162	0.02070044966693234	0.6792913901480648	0.6697893216544806	0.20188571010473477	PT-Mi0cKz	T24	T24	BLCA	Bladder/Urinary Tract	Bladder Urothelial Carcinoma	Bladder Urothelial Carcinoma	BLCA		CVCL_0554	82.0	Adult	Female	caucasian	Primary	urinary_tract	ATCC		HTB-4	Cell Line											Adherent	MF-023-001	McCoy's 5A + 10% FBS	False						T24_URINARY_TRACT		False	Approved for public sharing - CCLE		1455.0	SIDM01184	724812.0		False	False	Bladder/Urinary Tract	0.46288850533119863
ACH-000019	-0.19374320942904558	-0.20758356910363648	-0.22124319562640096	-0.24200606842138317	-0.02404031352618877	0.19374320942904558	PT-viJKnw	MCF-7	MCF7	BRCA	Breast	Invasive Breast Carcinoma	Invasive Breast Carcinoma	BRCA		CVCL_0031	69.0	Adult	Female	caucasian	Metastatic	pleural_effusion	ATCC		HTB-22	Cell Line											Adherent	MF-015-010	EMEM + 10% FBS + 0.01 mg/ml recombinant insulin	False						MCF7_BREAST		False	Approved for public sharing - CCLE	ER+	588.0	SIDM00148	905946.0		False	False	Breast	0.4442191801695875
ACH-000020	-0.28357815975592876	-0.28329512696545217	-0.398356334729671	0.006207937520258999	-0.4577647545769869	0.28357815975592876	PT-GMWtlF	MHH-CALL-2	MHHCALL2	BALL	Lymphoid	B-Cell Acute Lymphoblastic Leukemia	B-Cell Acute Lymphoblastic Leukemia		No Fusion [PMID: 21518330]	CVCL_1409	15.0	Pediatric	Female	caucasian	Primary	haematopoietic_and_lymphoid_tissue	DSMZ			Cell Line											Suspension	MF-001-020	RPMI + 20% FBS	False						MHHCALL2_HAEMATOPOIETIC_AND_LYMPHOID_TISSUE		True	Approved for public sharing - CCLE	Near haploid	1906.0	SIDM00331	908132.0		False	False	Lymphoid	0.6501949565716943
ACH-000021	-0.20698143619458187	-0.27509190213290247	-0.08983964142372623	0.008384701002922323	-0.16393705576705367	0.20698143619458187	PT-9p1WQv	NCI-H1693	NCIH1693	LUAD	Lung	Non-Small Cell Lung Cancer	Lung Adenocarcinoma	LUAD		CVCL_1488	55.0	Adult	Female	caucasian	Metastatic	lymph_node	ATCC		CRL-5887	Cell Line											Adherent	MF-001-001	RPMI + 10% FBS	False						NCIH1693_LUNG		False	Approved for public sharing - CCLE		634.0	SIDM00742	687802.0		False	False	Lung	0.4745721110310911
ACH-000022	-0.3424000174577048	-0.3079441473753847	-0.3409296032978657	-0.12843341617236181	-0.3170501146215616	0.3424000174577048	PT-lVglGI	PA-TU-8988S	PATU8988S	PAAD	Pancreas	Pancreatic Adenocarcinoma	Pancreatic Adenocarcinoma	PAAD		CVCL_1846	64.0	Adult	Female		Metastatic	liver	DSMZ		ACC 204	Cell Line											Adherent	MF-002-003	DMEM + 10% FBS + 2mM Glutamine	False						PATU8988S_PANCREAS		False	Approved for public sharing - CCLE			SIDM00452			False	False	Pancreas	0.7850631539208489
ACH-000023	-0.3652351318650105	-0.34725094522311845	-0.30066434410593534	0.009628409856177744	-0.07406080062449502	0.3652351318650105	PT-lVglGI	PA-TU-8988T	PATU8988T	PAAD	Pancreas	Pancreatic Adenocarcinoma	Pancreatic Adenocarcinoma	PAAD		CVCL_1847	64.0	Adult	Female		Metastatic	liver	DSMZ		ACC 162	Cell Line											Adherent	MF-002-001	DMEM + 10% FBS	False						PATU8988T_PANCREAS		False	Approved for public sharing - CCLE		1242.0	SIDM00453	1240201.0		False	False	Pancreas	0.8374200640339077
ACH-000024	-0.06922493065408064	-0.1825867413311371	-0.1001179110224316	-0.257633224464294	-0.22722429532429958	0.06922493065408064	PT-codP7n	OPM-2	OPM2	PCM	Lymphoid	Mature B-Cell Neoplasms	Plasma Cell Myeloma	PCM		CVCL_1625	56.0	Adult	Female		Primary	haematopoietic_and_lymphoid_tissue	DSMZ			Cell Line											Suspension	MF-001-001	RPMI + 10% FBS	False						OPM2_HAEMATOPOIETIC_AND_LYMPHOID_TISSUE		False	Approved for public sharing - CCLE		112.0	SIDM00457	909249.0		False	False	Lymphoid	0.15872061804423748
ACH-000025	-0.28145837670143886	-0.2784970233052734	-0.07202187228840272	-0.19103218039810388	0.6397780190575204	0.28145837670143886	PT-nrgozM	CH-157MN	CH157MN	MNG	CNS/Brain	Meningothelial Tumor	Meningioma	MNG		CVCL_5723	41.0	Adult	Female		Primary	central_nervous_system	Brigham and Women's Hospital	Ian Dunn		Cell Line											Mixed	MF-002-001	DMEM + 10% FBS	False						CH157MN_CENTRAL_NERVOUS_SYSTEM		False	Approved for public sharing - CCLE						False	False	CNS/Brain	0.6453346660181422
ACH-000026	-0.14322023399777334	-0.21033585563652557	0.21980244553452213	0.4925093802034893	0.6479341329164997	0.14322023399777334	PT-AR7W9o	253J-BV	253JBV	BLCA	Bladder/Urinary Tract	Bladder Urothelial Carcinoma	Bladder Urothelial Carcinoma	BLCA		CVCL_7937	53.0	Adult	Male		Metastatic	lymph_node	KCLB		80002	Cell Line											Mixed	MF-002-001	DMEM + 10% FBS	False						253JBV_URINARY_TRACT		False	Approved for public sharing - CCLE						False	False	Bladder/Urinary Tract	0.3283788635363104
ACH-000027	0.8832665516958433	-0.11159220945108372	0.015124174347278462	-0.28324015559509097	0.8346118949767295	-0.8832665516958433	PT-llPs5J	GOS-3	GOS3	GB	CNS/Brain	Adult-Type Diffuse Glioma	Glioblastoma, IDH-Wildtype	GB		CVCL_2050	64.0	Adult	Male		Primary	central_nervous_system	DSMZ		ACC 408	Cell Line											Adherent	MF-002-001	DMEM + 10% FBS	False					SNP fingerprinting confirms that this line is an U-343 MG derivative. DepMap metadata has been updated (as of 22Q2) to reflect this.	GOS3_CENTRAL_NERVOUS_SYSTEM		False	Approved for public sharing - CCLE						False	False	CNS/Brain	-2.02517520289784
ACH-000028	-0.0690110028559047	-0.09704524200620793	-0.007079876979368244	-0.20913837546307326	0.30639414520599784	0.0690110028559047	PT-viJKnw	KPL-1	KPL1	BRCA	Breast	Invasive Breast Carcinoma	Invasive Breast Carcinoma	BRCA		CVCL_2094	69.0	Adult	Female	caucasian	Metastatic	pleural_effusion	DSMZ			Cell Line											Adherent	MF-002-001	DMEM + 10% FBS	False					SNP fingerprinting confirms that this line is an MCF-7 derivative. DepMap metadata has been updated (as of 22Q2) to reflect this.	KPL1_BREAST		False	Approved for public sharing - CCLE	ER+		SIDM00147			False	False	Breast	0.15823011914416632
ACH-000029	0.20050967058107402	-0.26023950625754644	0.595413125480211	0.6342354515461619	0.4705142024699588	-0.20050967058107402	PT-NdspH5	HCC-827-GR5	HCC827GR5	LUAD	Lung	Non-Small Cell Lung Cancer	Lung Adenocarcinoma	LUAD		CVCL_V622	39.0	Adult	Female	caucasian	Primary	lung	Dana-Farber Cancer Institute	Pasi Janne		Cell Line											Adherent	MF-001-014	RPMI + 5% FBS	False		engineered clone	MET amplified			HCC827GR5_LUNG		False	Approved for public sharing - CCLE						False	False	Lung	-0.45973348817791143
ACH-000030	-0.24660279411579475	-0.30014803623699465	0.15014068874620184	0.16972135374549668	0.3864101906633457	0.24660279411579475	PT-nDRyc6	PC-14	PC14	LUAD	Lung	Non-Small Cell Lung Cancer	Lung Adenocarcinoma	LUAD		CVCL_1640	45.0	Adult	Male	asian	Primary	lung	RIKEN		RCB4455	Cell Line											Adherent	MF-001-001	RPMI + 10% FBS	False						PC14_LUNG		False	Approved for public sharing - CCLE		198.0	SIDM00237	753608.0		False	False	Lung	0.5654169317855073
ACH-000031	1.190268967043953	0.8092093310725942	-0.009493462532338518	-0.15174048278550434	0.49406050103444604	-1.190268967043953	PT-o4NqQC	Panc 02.13	PANC0213	PAAD	Pancreas	Pancreatic Adenocarcinoma	Pancreatic Adenocarcinoma	PAAD		CVCL_1634	64.0	Adult	Female	caucasian	Primary	pancreas	ATCC		CRL-2554	Cell Line											Adherent	MF-001-001	RPMI + 10% FBS	False						PANC0213_PANCREAS		False	Approved for public sharing - CCLE						False	False	Pancreas	-2.729077866933998
ACH-000032	-0.15424323342948798	-0.24509659222009242	-0.16150684796449338	0.22202508456058173	-0.42584367412470686	0.15424323342948798	PT-p2KOyI	MHH-CALL-3	MHHCALL3	BALL	Lymphoid	B-Cell Acute Lymphoblastic Leukemia	B-Cell Acute Lymphoblastic Leukemia		TCF3::PBX1	CVCL_0089	11.0	Pediatric	Female		Primary	bone_marrow	DSMZ		ACC-339	Cell Line				Pre-treatment							Mixed	MF-001-020	RPMI + 20% FBS	False						MHHCALL3_HAEMATOPOIETIC_AND_LYMPHOID_TISSUE		True	Approved for public sharing - CCLE	TCF3::PBX1					False	False	Lymphoid	0.3536526668608052
ACH-000033	0.2780221436359724	0.2456368976496895	0.6986149481685187	1.1804781750079578	-0.3271667225806176	-0.2780221436359724	PT-9p1WQv	NCI-H1819	NCIH1819	LUAD	Lung	Non-Small Cell Lung Cancer	Lung Adenocarcinoma	LUAD		CVCL_1497	55.0	Adult	Female	caucasian	Metastatic	lymph_node	Academic lab			Cell Line											Adherent	MF-001-014	RPMI + 5% FBS	False						NCIH1819_LUNG		False	Approved for public sharing - CCLE						False	False	Lung	-0.6374559866068146
ACH-000034	-0.31255980076807016	-0.3020190030343082	-0.436363047042559	-0.10224490635769495	0.08808307127559836	0.31255980076807016	PT-5qa3uk	PLB-985	PLB985	AML	Myeloid	Acute Myeloid Leukemia	Acute Myeloid Leukemia	AML	TP53(del), CDKN2A and NRAS mutations	CVCL_2162	35.0	Adult	Female	caucasian	Primary	haematopoietic_and_lymphoid_tissue	Dana-Farber Cancer Institute	David Pellman		Cell Line											Suspension	MF-001-001	RPMI + 10% FBS	False					SNP fingerprinting confirms that this line is an HL-60 derivative. DepMap metadata has been updated (as of 22Q2) to reflect this.	PLB985_HAEMATOPOIETIC_AND_LYMPHOID_TISSUE		True	Approved for public sharing - CCLE			SIDM00811			False	False	Myeloid	0.7166447735656554
ACH-000035	-0.10891930168993477	-0.24849850290315253	0.0044137740351370535	0.07349495846299414	0.7330738830163612	0.10891930168993477	PT-5LVIPg	NCI-H1650	NCIH1650	NSCLC	Lung	Non-Small Cell Lung Cancer	Non-Small Cell Lung Cancer	NSCLC		CVCL_1483	27.0	Adult	Male	caucasian	Metastatic	pleural_effusion	ATCC		NCIH1650	Cell Line											Adherent	MF-001-001	RPMI + 10% FBS	False						NCIH1650_LUNG		False	Approved for public sharing - CCLE		1548.0	SIDM00745	687800.0		False	False	Lung	0.24973284505781063
ACH-000036	-0.3120306612465721	-0.2878348831275917	0.2887597520010976	-0.4450176059140477	0.302977806698935	0.3120306612465721	PT-llPs5J	U343	U343	GB	CNS/Brain	Adult-Type Diffuse Glioma	Glioblastoma, IDH-Wildtype	GB		CVCL_4773	64.0	Adult	Male		Primary	central_nervous_system	Academic lab	Linda Chin		Cell Line											Adherent	MF-002-001	DMEM + 10% FBS	False						U343_CENTRAL_NERVOUS_SYSTEM		False	Approved for public sharing - CCLE						False	False	CNS/Brain	0.7154315494989751
ACH-000037	-0.12265098902871081	-0.23802343572521298	0.25548025157841114	0.9123792025609008	0.7824061668901948	0.12265098902871081	PT-JfLphU	S-117	S117	SARCNOS	Soft Tissue	Sarcoma, NOS	Sarcoma, NOS	SARCNOS		CVCL_1674	47.0	Adult	Female			soft_tissue	DSMZ		266	Cell Line											Adherent	MF-001-001	RPMI + 10% FBS	False						S117_THYROID		False	Approved for public sharing - CCLE			SIDM00035			True	True	Soft Tissue	0.2812171944187628
ACH-000038	0.5176015398338101	0.4997918949429207	0.29005435015141223	-0.8073665832204681	-0.19608735321635168	-0.5176015398338101	PT-LoXnDo	EHEB	EHEB	ZTRABL	Lymphoid	Non-Cancerous	Transformed cell line, B lymphoblast			CVCL_1194	69.0	Adult	Female		Primary	B lymphoblastoid cells	DSMZ			Cell Line			EBV								Suspension	MF-001-001	RPMI + 10% FBS	False					Probably misclassified. Originally thought to be a leukemia cell line but is probably a B-lymphoblastoid cell line (PubMed=12592342).	EHEB_HAEMATOPOIETIC_AND_LYMPHOID_TISSUE		True	Approved for public sharing - CCLE		39.0	SIDM01049	906854.0		False	False	Lymphoid	-1.1867694994683038
ACH-000039	0.5490569457028687	0.26181044304565526	0.28231500276717325	-0.1424187866739696	0.08819626577011944	-0.5490569457028687	PT-wGDMGe	SK-N-MC	SKNMC	ES	Bone	Ewing Sarcoma	Ewing Sarcoma	ES		CVCL_0530	14.0	Pediatric	Female	caucasian	Metastatic	bone	ATCC		HTB-10	Cell Line											Adherent	MF-006-001	MEM + 10% FBS	False						SKNMC_BONE		True	Approved for public sharing - CCLE	EWS::FLI		SIDM00634			False	False	Bone	-1.2588912251702422
ACH-000040	-0.16203068631194315	0.24731754707366896	0.06446924625043178	-0.24223547325322992	0.756122926914756	0.16203068631194315	PT-5XnRfQ	U-118 MG	U118MG	ASTR	CNS/Brain	Adult-Type Diffuse Glioma	Astrocytoma, IDH-Mutant	ASTR		CVCL_0633	47.0	Adult	Male	caucasian	Primary	central_nervous_system	ATCC		HTB-15	Cell Line											Adherent	MF-002-001	DMEM + 10% FBS	False					SNP fingerprinting confirms that this line is an U-138 MG derivative. DepMap metadata has been updated (as of 22Q2) to reflect this.	U118MG_CENTRAL_NERVOUS_SYSTEM		False	Approved for public sharing - CCLE		7.0	SIDM01193	687588.0		False	False	CNS/Brain	0.37150792973813684
ACH-000041	0.7095185948813273	0.6939897350148808	-0.05106744961951164	-0.7252753311109965	-0.3827647491078325	-0.7095185948813273	PT-3yDaRJ	RD-ES	RDES	ES	Bone	Ewing Sarcoma	Ewing Sarcoma	ES		CVCL_2169	19.0	Adult	Male	caucasian	Primary	bone	ATCC		HTB-166	Cell Line											Mixed	MF-001-017	RPMI + 15% FBS	False						RDES_BONE		True	Approved for public sharing - CCLE	EWS::FLI					False	False	Bone	-1.6268016281039757
ACH-000042	-0.1719388431118976	-0.2951698893623945	-0.1840157638117804	0.10508437156567944	0.14069576671937709	0.1719388431118976	PT-QOpMVz	Panc 02.03	PANC0203	PAAD	Pancreas	Pancreatic Adenocarcinoma	Pancreatic Adenocarcinoma	PAAD		CVCL_1633	70.0	Adult	Female	caucasian	Primary	pancreas	ATCC		CRL-2553	Cell Line											Adherent	MF-001-042	RPMI + 15% FBS + 10 Units/ml recombinant Insulin	False						PANC0203_PANCREAS		False	Approved for public sharing - CCLE		1838.0	SIDM01139	1298475.0		False	False	Pancreas	0.3942255945463035
ACH-000043	-0.36284775518638124	-0.2783436273866901	-0.15458088268281	-0.14111533979209415	0.35928468262866836	0.36284775518638124	PT-rTUVZQ	Hs 895.T	HS895T	ZFIBSKI	Fibroblast	Non-Cancerous	Fibroblast, Skin			CVCL_0993	48.0	Adult	Female	caucasian	Metastatic	fibroblast	ATCC		CRL-7637	Cell Line											Adherent	MF-002-001	DMEM + 10% FBS	False						HS895T_FIBROBLAST		False	Approved for public sharing - CCLE						False	False	Fibroblast	0.8319462282589043
ACH-000044	0.2258551651084346	-0.302059865577519	0.09098627954766117	-0.7702252327372532	-0.14107792071550843	-0.2258551651084346	PT-HMBfbj	MDA-MB-134-VI	MDAMB134VI	ILC	Breast	Invasive Breast Carcinoma	Breast Invasive Lobular Carcinoma	ILC		CVCL_0617	47.0	Adult	Female	caucasian	Metastatic	pleural_effusion	ATCC			Cell Line											Adherent	MF-021-003	L-15 + 20% FBS	False						MDAMB134VI_BREAST		False	Approved for public sharing - CCLE	luminal ER+		SIDM00005			False	False	Breast	-0.5178462593718883
ACH-000045	-0.17302390582447436	-0.21517227327828656	-0.3004377767683468	-0.13145530125911964	-0.22926223759031877	0.17302390582447436	PT-zb7Sx0	MV4-11	MV411	AML	Myeloid	Acute Myeloid Leukemia	Acute Myeloid Leukemia	AML	KMT2A::AFF1 (e9-e5)	CVCL_0064	10.0	Pediatric	Male		Primary	haematopoietic_and_lymphoid_tissue	ATCC		CRL-9591	Cell Line											Suspension	MF-005-001	IMDM + 10% FBS	False						MV411_HAEMATOPOIETIC_AND_LYMPHOID_TISSUE		True	Approved for public sharing - CCLE	KMT2A::AFF1, FLT3-ITD, TP53, STAG2 and MGA	133.0	SIDM00657	908156.0	ACH-001288	False	False	Myeloid	0.3967134529338769
ACH-000046	-0.3467811296045621	-0.34932120728990135	0.190491577641147	1.2071063194572256	0.29317740343827076	0.3467811296045621	PT-zV8Sol	ACHN	ACHN	PRCC	Kidney	Renal Cell Carcinoma	Papillary Renal Cell Carcinoma	PRCC		CVCL_1067	22.0	Adult	Male	caucasian	Metastatic	pleural_effusion	ATCC		CRL-1611	Cell Line											Adherent	MF-006-001	MEM + 10% FBS	False						ACHN_KIDNEY		False	Approved for public sharing - CCLE		371.0	SIDM00123	905950.0		False	False	Kidney	0.7951082752535824
ACH-000048	-0.19067014730069384	-0.30196863634532756	0.04125793433572748	-0.3529388163939432	-0.03162789031654967	0.19067014730069384	PT-EehOTC	TOV-112D	TOV112D	EOV	Ovary/Fallopian Tube	Ovarian Epithelial Tumor	Endometrioid Ovarian Cancer	EOV		CVCL_3612	42.0	Adult	Female	caucasian	Primary	ovary	ATCC		CRL-11731	Cell Line											Adherent	MF-044-001	MCDB 105:Medium 199 (1:1) + 15% FBS + 1.5g/l Sodium bicarbonate	False						TOV112D_OVARY		False	Approved for public sharing - CCLE		5.0	SIDM01170	1299070.0		False	False	Ovary/Fallopian Tube	0.437173187985967
ACH-000049	-0.15723456591417628	-0.23156447572199249	0.2833640963982609	1.0879159808389467	0.20438859032920015	0.15723456591417628	PT-qWYYgr	HEK TE	HEKTE	ZIMMEKC	Kidney	Non-Cancerous	Immortalized Embyonic Kidney Cells			CVCL_WS59		Unknown	Unknown			kidney	The Broad Institute	Jesse Boehm		Cell Line											Adherent									HEKTE_KIDNEY		False	Approved for public sharing - CCLE						False	False	Kidney	0.3605112673138422
ACH-000050	1.1674614403132737	1.0257492756707889	1.0023314643995926	-0.29814179257343854	-0.8794456212995024	-1.1674614403132737	PT-HOg2sh	NCI-H929	NCIH929	PCM	Lymphoid	Mature B-Cell Neoplasms	Plasma Cell Myeloma	PCM		CVCL_1600	62.0	Adult	Female	caucasian	Metastatic	pleural_effusion	ATCC		CRL-9068	Cell Line											Suspension	MF-001-006	RPMI + 10% FBS + 50uM 2-Mercaptoethanol	False					SNP fingerprinting rules out K-562 contamination.	NCIH929_HAEMATOPOIETIC_AND_LYMPHOID_TISSUE		False	Approved for public sharing - CCLE		1230.0	SIDM01148	724825.0		False	False	Lymphoid	-2.6767842105222166
ACH-000051	-0.1576410317434168	-0.13313813243803335	0.3913362636916769	0.18670907043527854	0.48372953400608326	0.1576410317434168	PT-xfVhgW	TE 617.T	TE617T	RMS	Soft Tissue	Rhabdomyosarcoma	Rhabdomyosarcoma	RMS		CVCL_1755	1.0	Pediatric	Female	caucasian	Primary	soft_tissue	ATCC		Discontinued	Cell Line											Unknown	MF-002-001	DMEM + 10% FBS	False						TE617T_SOFT_TISSUE		True	Approved for public sharing - CCLE						False	False	Soft Tissue	0.36144322213158403
ACH-000052	0.526598333247399	0.5073963091347998	-0.270209809794454	-0.07258700825425388	0.09623481286580311	-0.526598333247399	PT-IAac7b	A-673	A673	ES	Bone	Ewing Sarcoma	Ewing Sarcoma	ES		CVCL_0080	15.0	Pediatric	Female		Primary	soft_tissue	ATCC		CRL-1598	Cell Line											Adherent	MF-002-001	DMEM + 10% FBS	False						A673_BONE		True	Approved for public sharing - CCLE	EWS::FLI	660.0	SIDM00848	684052.0		False	False	Bone	-1.2073975679622517
ACH-000053	0.2650633052451829	0.5600770209620842	0.3352908967460101	-0.7892593363388152	0.5780634640917163	-0.2650633052451829	PT-nECHHn	KARPAS-299	KARPAS299	ALCLALKP	Lymphoid	Mature T and NK Neoplasms	Anaplastic Large-Cell Lymphoma ALK Positive	ALCLALKP	NPM1-ALK	CVCL_1324	25.0	Adult	Male			haematopoietic_and_lymphoid_tissue	NIBRI			Cell Line											Suspension	MF-001-021	RPMI + 20% FBS + 2mM Glutamine	False						KARPAS299_HAEMATOPOIETIC_AND_LYMPHOID_TISSUE		True	Approved for public sharing - CCLE		906.0	SIDM01010	907273.0		False	False	Lymphoid	-0.6077436442601017
ACH-000054	-0.006639828924314695	0.4249887663513477	-0.0244577174757649	-0.37384540831155033	0.3449651714156858	0.006639828924314695	PT-cVfhmE	HT-1080	HT1080	FIBS	Soft Tissue	Fibrosarcoma	Fibrosarcoma	FIBS		CVCL_0317	35.0	Adult	Male	caucasian	Metastatic	soft_tissue	ATCC		CCL-121	Cell Line											Adherent	MF-006-001	MEM + 10% FBS	False						HT1080_SOFT_TISSUE		False	Approved for public sharing - CCLE		1391.0	SIDM00828	907064.0		False	False	Soft Tissue	0.015223962532248668
ACH-000055	0.24520183337674825	0.02398994943139221	-0.11315059753373527	-0.02721995470652054	0.08926182162627103	-0.24520183337674825	PT-xKYZGz	D283 Med	D283MED	MBLNOS	CNS/Brain	Embryonal Tumor	Medulloblastoma, NOS	MBLNOS		CVCL_1155	6.0	Pediatric	Male	caucasian	Metastatic	abdomen	ATCC		HTB-185	Cell Line											Mixed	MF-006-001	MEM + 10% FBS	False						D283MED_CENTRAL_NERVOUS_SYSTEM		True	Approved for public sharing - CCLE	MYC_Exp	1184.0	SIDM00888	906834.0		False	False	CNS/Brain	-0.5622047746586432
ACH-000056	-0.1661740568428668	-0.20006284443452332	-0.29288171658060946	-0.1778773345962627	-0.736737736197827	0.1661740568428668	PT-QeK3sM	DOHH-2	DOHH2	DLBCLNOS	Lymphoid	Mature B-Cell Neoplasms	Diffuse Large B-Cell Lymphoma, NOS	DLBCLNOS		CVCL_1179	60.0	Adult	Male		Metastatic	pleural_effusion	DSMZ		ACC 47	Cell Line											Suspension	MF-001-001	RPMI + 10% FBS	False						DOHH2_HAEMATOPOIETIC_AND_LYMPHOID_TISSUE		False	Approved for public sharing - CCLE		1339.0	SIDM00981	906842.0		False	False	Lymphoid	0.38100795126565157
ACH-000057	-0.08856567836855088	-0.17377060142476788	-0.16659433507589616	-0.3262374062675951	0.3916160409874851	0.08856567836855088	PT-codP7n	OPM-1	OPM1	PCM	Lymphoid	Mature B-Cell Neoplasms	Plasma Cell Myeloma	PCM		CVCL_5210	56.0	Adult	Female			haematopoietic_and_lymphoid_tissue	Dana-Farber Cancer Institute	Constantine Mitsiades		Cell Line											Suspension									OPM1_HAEMATOPOIETIC_AND_LYMPHOID_TISSUE		False	Approved for public sharing - CCLE			SIDM00456			False	False	Lymphoid	0.2030655585399985
ACH-000058	6.01831031066259	4.454728201898901	5.775458251200827	3.316340117790083	0.7198391474061532	-6.01831031066259	PT-HRqr49	ML-1	ML1	THFO	Thyroid	Well-Differentiated Thyroid Cancer	Follicular Thyroid Cancer	THFO		CVCL_H525	50.0	Adult	Female		Primary	thyroid	DSMZ			Cell Line											Adherent	MF-002-009	DMEM + 20% FBS	False						ML1_THYROID		False	Approved for public sharing - CCLE		1227.0	SIDM00442	1240178.0		True	True	Thyroid	-13.798929418415597
ACH-000059	-0.10769452779743668	-0.10239467914332434	-0.1251181892590349	0.21740720287753124	-0.47670913240595353	0.10769452779743668	PT-rikOUx	SUP-B15	SUPB15	BALL	Lymphoid	B-Cell Acute Lymphoblastic Leukemia	B-Cell Acute Lymphoblastic Leukemia			CVCL_0103	9.0	Pediatric	Male	caucasian	Primary	bone_marrow	ATCC		CRL-1929	Cell Line											Suspension	MF-005-008	IMDM + 20% FBS + 1.5g/L NaCO3	False						SUPB15_HAEMATOPOIETIC_AND_LYMPHOID_TISSUE		True	Approved for public sharing - CCLE	BCR::ABL1	786.0	SIDM01176	1247871.0		False	False	Lymphoid	0.24692465345191142
ACH-000060	-0.09734552019081741	-0.2530391503678141	-0.2226352361437675	0.14281906632574742	0.7556277001856689	0.09734552019081741	PT-9JMXWA	Panc 10.05	PANC1005	PAAD	Pancreas	Pancreatic Adenocarcinoma	Pancreatic Adenocarcinoma	PAAD		CVCL_1639	81.0	Adult	Male	caucasian	Primary	pancreas	ATCC		CRL-2547	Cell Line											Adherent	MF-001-019	RPMI + 15% FBS + 2mM Glutamine + 1mM Sodium pyruvate + 60ug/ml Insulin + 10mM HEPES + 18mM Sodium bicarbonate + 25mM Glucose	False						PANC1005_PANCREAS		False	Approved for public sharing - CCLE		197.0	SIDM01135	925348.0		False	False	Pancreas	0.223196195106821
ACH-000061	0.5583268256839167	0.4970391133921482	0.4253271624341609	-0.5879175396154809	-1.0095755713492272	-0.5583268256839167	PT-hDGIfb	HH	HH	MTNN	Lymphoid	Non-Hodgkin Lymphoma	Mature T and NK Neoplasms	MTNN		CVCL_1280	61.0	Adult	Male	caucasian		haematopoietic_and_lymphoid_tissue	ATCC		CRL-2105	Cell Line											Suspension	MF-001-001	RPMI + 10% FBS	False						HH_HAEMATOPOIETIC_AND_LYMPHOID_TISSUE		False	Approved for public sharing - CCLE		310.0	SIDM00671	907056.0		False	False	Lymphoid	-1.2801454332407434
ACH-000062	0.09076867901327143	0.1448225809443676	0.6134379756973407	0.42394230591317184	0.8494685925824623	-0.09076867901327143	PT-Rt0hf4	RERF-LC-MS	RERFLCMS	LUAD	Lung	Non-Small Cell Lung Cancer	Lung Adenocarcinoma	LUAD		CVCL_1655		Unknown	Male	asian	Primary	lung	JCRB		JCRB0081	Cell Line											Adherent	MF-015-004	EMEM + 10% FBS + 100uM NEAA	False						RERFLCMS_LUNG		False	Approved for public sharing - CCLE		2051.0	SIDM00355	910931.0		False	False	Lung	-0.20811665242450042
ACH-000063	-0.22160469830851706	-0.2773500157462424	0.2552552014917663	0.41192542023284817	0.3816498605685342	0.22160469830851706	PT-kuvMUl	Hs 616.T	HS616T	ZFIBLYM	Fibroblast	Non-Cancerous	Fibroblast, Lymphoid			CVCL_0825	16.0	Pediatric	Male	caucasian		fibroblast	ATCC		CRL-7378	Cell Line											Adherent	MF-002-001	DMEM + 10% FBS	False					Originally annotated as 'Lymphocyte' but after analysis we believe this line is a fibroblast.	HS616T_FIBROBLAST		False	Approved for public sharing - CCLE			SIDM01566			False	False	Fibroblast	0.5081006848933728
ACH-000064	0.20381376639602145	0.06866579664300528	-0.051785274465713266	-0.22482868151472324	0.3916724477833647	-0.20381376639602145	PT-Vm8sIp	SALE	SALE	ZIMMLUNG	Lung	Non-Cancerous	Immortalized Lung Cells			CVCL_WS60		Unknown	Male			lung	The Broad Institute	Jesse Boehm		Cell Line											Unknown									SALE_LUNG		False	Approved for public sharing - CCLE						False	False	Lung	-0.46730920006192067
ACH-000065	-0.12047855097110755	-0.12692453854663657	-0.13954800218130753	0.38682980678966195	0.173514997529491	0.12047855097110755	PT-EsXLcC	OCI-AML5	OCIAML5	AML	Myeloid	Acute Myeloid Leukemia	Acute Myeloid Leukemia	AML		CVCL_1620	77.0	Adult	Male		Primary	haematopoietic_and_lymphoid_tissue	DSMZ		ACC 247	Cell Line											Suspension	MF-003-002	AlphaMEM + 20% FBS + 10ng/ml GM-CSF	False						OCIAML5_HAEMATOPOIETIC_AND_LYMPHOID_TISSUE		True	Approved for public sharing - CCLE		2130.0	SIDM00461	1330983.0		False	False	Myeloid	0.2762361751832414
ACH-000066	-0.015218164680682086	-0.08034980757053617	0.5924878811180838	0.9253494059970282	0.44359340314831114	0.015218164680682086	PT-QxlnnP	HCC4006	HCC4006	LUAD	Lung	Non-Small Cell Lung Cancer	Lung Adenocarcinoma	LUAD		CVCL_1269	50.0	Adult	Male	caucasian	Metastatic	pleural_effusion	ATCC		CRL-2871	Cell Line											Adherent	MF-001-001	RPMI + 10% FBS	False						HCC4006_LUNG		False	Approved for public sharing - CCLE						False	False	Lung	0.03489258105128149
ACH-000067	-0.14554480936844594	-0.11925236870448978	0.2229505318407915	-0.46590462369587393	0.7996948332936376	0.14554480936844594	PT-25yL7C	Hs 683	HS683	ADIFG	CNS/Brain	Adult-Type Diffuse Glioma	Adult-Type Diffuse Glioma	ADIFG		CVCL_0844	76.0	Adult	Male	caucasian	Primary	central_nervous_system	ATCC		HTB-138	Cell Line											Adherent	MF-002-001	DMEM + 10% FBS	False						HS683_CENTRAL_NERVOUS_SYSTEM		False	Approved for public sharing - CCLE		769.0	SIDM00666	1240150.0		False	False	CNS/Brain	0.3337087069328645
ACH-000068	0.6033689813928033	0.9751483527966635	0.5212082261769618	0.32468084448420553	-0.25205735618617364	-0.6033689813928033	PT-WEet0z	REC-1	REC1	MCL	Lymphoid	Mature B-Cell Neoplasms	Mantle Cell Lymphoma	MCL		CVCL_1884	61.0	Adult	Male			lymph_node	DSMZ			Cell Line											Suspension	MF-001-001	RPMI + 10% FBS	False						REC1_HAEMATOPOIETIC_AND_LYMPHOID_TISSUE		False	Approved for public sharing - CCLE			SIDM01773			False	False	Lymphoid	-1.3834191920529213
ACH-000069	-0.08688870509772292	-0.13257162681993231	-0.2345645374417748	-0.6097471931210524	-0.12720287017995963	0.08688870509772292	PT-RgXHAi	Hs 611.T	HS611T	HL	Lymphoid	Hodgkin Lymphoma	Hodgkin Lymphoma	HL		CVCL_0823	48.0	Adult	Female			haematopoietic_and_lymphoid_tissue	ATCC		CRL-7373	Cell Line											Suspension	MF-002-001	DMEM + 10% FBS	False						HS611T_HAEMATOPOIETIC_AND_LYMPHOID_TISSUE		False	Approved for public sharing - CCLE						False	False	Lymphoid	0.1992205531138531
ACH-000070	-0.26947704814726986	-0.24812365203585554	-0.3902315067789834	-0.707905636466786	-0.47991098614796496	0.26947704814726986	PT-0yrZJC	697	697	BALL	Lymphoid	B-Cell Acute Lymphoblastic Leukemia	B-Cell Acute Lymphoblastic Leukemia		TCF3-::PBX1	CVCL_0079	12.0	Pediatric	Male		Primary	bone_marrow	DSMZ		ACC 42	Cell Line											Suspension	MF-001-001	RPMI + 10% FBS	False						697_HAEMATOPOIETIC_AND_LYMPHOID_TISSUE		True	Approved for public sharing - CCLE	TCF3::PBX1	63.0	SIDM01076	906800.0		False	False	Lymphoid	0.6178635821883648
ACH-000071	-0.21407796411971486	-0.17244895870323595	-0.2556913482791903	-0.5826468570723817	0.6586145184873536	0.21407796411971486	PT-HqO4KC	Hs 706.T	HS706T	ZFIBBON	Fibroblast	Non-Cancerous	Fibroblast, Bone			CVCL_0863	16.0	Pediatric	Female	caucasian		fibroblast	ATCC		CRL-7447	Cell Line											Adherent	MF-002-001	DMEM + 10% FBS	False						HS706T_BONE		False	Approved for public sharing - CCLE			SIDM01704			False	False	Fibroblast	0.49084320422833505
ACH-000072	-0.07871283314468334	-0.1468469418375879	-0.4442654670773185	-0.04016951828595844	0.22649745877830593	0.07871283314468334	PT-yx4h8S	MEG-01	MEG01	CMLBCRABL1	Myeloid	Myeloproliferative Neoplasms	Chronic Myeloid Leukemia, BCR-ABL1+	CMLBCRABL1	BCR-ABL1 (e13-a2)	CVCL_0425	55.0	Adult	Male			bone_marrow	ATCC		CRL-2021	Cell Line											Suspension	MF-001-001	RPMI + 10% FBS	False						MEG01_HAEMATOPOIETIC_AND_LYMPHOID_TISSUE		True	Approved for public sharing - CCLE		1263.0	SIDM00526	908126.0		False	False	Myeloid	0.18047471346944033
ACH-000073	0.11549998676728448	0.08122227318911998	0.0442995290269215	-0.48135085689157686	-0.4968036559767799	-0.11549998676728448	PT-wktVrL	GRANTA-519	GRANTA519	MCL	Lymphoid	Mature B-Cell Neoplasms	Mantle Cell Lymphoma	MCL		CVCL_1818	58.0	Adult	Female	caucasian	Primary	haematopoietic_and_lymphoid_tissue	DSMZ		ACC 342	Cell Line											Suspension	MF-002-003	DMEM + 10% FBS + 2mM Glutamine	False						GRANTA519_HAEMATOPOIETIC_AND_LYMPHOID_TISSUE		False	Approved for public sharing - CCLE		1776.0	SIDM01058	1303897.0		False	False	Lymphoid	-0.2648212011278338
ACH-000074	0.1432953256749508	0.014912960342542365	-0.2381253623841703	0.03282166977939849	0.2631588108013371	-0.1432953256749508	PT-FJahu6	KU812	KU812	CMLBCRABL1	Myeloid	Myeloproliferative Neoplasms	Chronic Myeloid Leukemia, BCR-ABL1+	CMLBCRABL1	BCR::ABL1 (e14-a2), TP53 Lys132Arg	CVCL_0379	38.0	Adult	Male	asian	Primary	haematopoietic_and_lymphoid_tissue	ATCC		CRL-2099	Cell Line											Adherent	MF-001-001	RPMI + 10% FBS	False						KU812_HAEMATOPOIETIC_AND_LYMPHOID_TISSUE		True	Approved for public sharing - CCLE	BCR::ABL1	598.0	SIDM00308	907311.0		False	False	Myeloid	-0.32855103557460585
ACH-000075	-0.17873260703902585	-0.07494028901379861	0.0068596290808785355	-0.4254994376858996	0.4088767948439041	0.17873260703902585	PT-59c3mE	U-87 MG	U87MG	GB	CNS/Brain	Adult-Type Diffuse Glioma	Glioblastoma, IDH-Wildtype	GB		CVCL_0022	44.0	Adult	Male	caucasian	Primary	central_nervous_system	ATCC		HTB-14	Cell Line											Adherent	MF-006-001	MEM + 10% FBS	False						U87MG_CENTRAL_NERVOUS_SYSTEM		False	Approved for public sharing - CCLE		549.0	SIDM01189	687590.0		False	False	CNS/Brain	0.40980250302670046
ACH-000076	-0.008265673555132497	-0.02892956239303203	-0.28984336876729677	0.13640476674997115	0.3592862503694999	0.008265673555132497	PT-Ugji7b	NCO2	NCO2	CMLBCRABL1	Myeloid	Myeloproliferative Neoplasms	Chronic Myeloid Leukemia, BCR-ABL1+	CMLBCRABL1	BCR::ABL1, TP53 Gly266Arg	CVCL_3043	35.0	Adult	Female		Primary	haematopoietic_and_lymphoid_tissue	HSRRB		IFO50525	Cell Line											Suspension	MF-001-001	RPMI + 10% FBS	False						NCO2_HAEMATOPOIETIC_AND_LYMPHOID_TISSUE		True	Approved for public sharing - CCLE	BCR::ABL1					False	False	Myeloid	0.018951738959166547
ACH-000077	-0.08773809878860166	-0.09704741671622902	-0.15657570174136615	-0.7850022270778236	-0.14418077331863083	0.08773809878860166	PT-brIUSU	MJ	MJ	MTNN	Lymphoid	Non-Hodgkin Lymphoma	Mature T and NK Neoplasms	MTNN		CVCL_1414	50.0	Adult	Male	caucasian		haematopoietic_and_lymphoid_tissue	ATCC		CRL-8294	Cell Line											Suspension	MF-005-001	IMDM + 10% FBS	False						MJ_HAEMATOPOIETIC_AND_LYMPHOID_TISSUE		False	Approved for public sharing - CCLE						False	False	Lymphoid	0.2011680637910805
ACH-000078	-0.35772056900961874	-0.3456845269593705	-0.40393541967710017	-0.25031518478468556	-0.28623912334760643	0.35772056900961874	PT-Vot01h	MHH-NB-11	MHHNB11	NBL	Peripheral Nervous System	Neuroblastoma	Neuroblastoma	NBL		CVCL_1412	4.0	Pediatric	Male	caucasian	Metastatic	autonomic_ganglia	DSMZ		ACC 157	Cell Line											Mixed	MF-001-001	RPMI + 10% FBS	False						MHHNB11_AUTONOMIC_GANGLIA		True	Approved for public sharing - CCLE	MYC_Amplified	1818.0	SIDM00387	908135.0		False	False	Peripheral Nervous System	0.820190490100492
ACH-000079	-0.30872919358817447	-0.31734607636333884	0.03693044329980611	0.28384464281663085	0.5715144291650018	0.30872919358817447	PT-5wqkwI	TE 125.T	TE125T	ZFIBSOF	Fibroblast	Non-Cancerous	Fibroblast, Soft Tissue			CVCL_1740	1.0	Pediatric	Female	caucasian		fibroblast	ATCC		CRL-7945_FL	Cell Line											Adherent	MF-006-001	MEM + 10% FBS	False						TE125T_FIBROBLAST		False	Approved for public sharing - CCLE			SIDM01763			False	False	Fibroblast	0.7078618635167322
ACH-000080	-0.21620525550327407	-0.36707524660393037	-0.3704533739075451	-0.153375828907946	-0.5453179652144755	0.21620525550327407	PT-c6Ag34	BDCM	BDCM	AMOL	Myeloid	Acute Myeloid Leukemia	Acute Monoblastic/Monocytic Leukemia	AMOL		CVCL_4613		Pediatric	Male			haematopoietic_and_lymphoid_tissue	ATCC		CRL-2740	Cell Line											Mixed	MF-001-001	RPMI + 10% FBS	False						BDCM_HAEMATOPOIETIC_AND_LYMPHOID_TISSUE		True	Approved for public sharing - CCLE						False	False	Myeloid	0.4957207100628432
ACH-000081	-0.2529936214586218	-0.28214100976724665	-0.14613030261905938	0.5776605255790427	0.060193812587422436	0.2529936214586218	PT-OtgTTm	GDM-1	GDM1	AML	Myeloid	Acute Myeloid Leukemia	Acute Myeloid Leukemia	AML		CVCL_1230	66.0	Adult	Female	caucasian	Primary	haematopoietic_and_lymphoid_tissue	ATCC		CRL-2627	Cell Line											Suspension	MF-001-001	RPMI + 10% FBS	False						GDM1_HAEMATOPOIETIC_AND_LYMPHOID_TISSUE		True	Approved for public sharing - CCLE	MNX1 SV and PTPN11	164.0	SIDM01057	906870.0		False	False	Myeloid	0.5800699773874782
ACH-000082	0.4922308089421718	0.4489737768770097	0.39621886011716834	-0.29694425437403216	1.0334823581342443	-0.4922308089421718	PT-noCCE4	G-292, clone A141B1	G292CLONEA141B1	OS	Bone	Osteosarcoma	Osteosarcoma	OS		CVCL_2909	9.0	Pediatric	Female	caucasian	Primary	bone	ATCC		CRL-1423	Cell Line											Adherent	MF-023-001	McCoy's 5A + 10% FBS	False						G292CLONEA141B1_BONE		True	Approved for public sharing - CCLE		661.0	SIDM00858	1290807.0		False	False	Bone	-1.1285988657196446
ACH-000083	-0.30925155794154613	-0.20668902362480138	-0.02603009672517056	0.22533906975974485	0.4018877828096294	0.30925155794154613	PT-BMJ8bq	Hs 281.T	HS281T	ZFIBBRE	Fibroblast	Non-Cancerous	Fibroblast, Breast			CVCL_0715	37.0	Adult	Female	caucasian		fibroblast	ATCC			Cell Line											Adherent	MF-002-001	DMEM + 10% FBS	False						HS281T_FIBROBLAST		False	Approved for public sharing - CCLE			SIDM01594			False	False	Fibroblast	0.7090595533118399
ACH-000084	0.5276288720420292	0.4555430354593494	0.40016885271556035	0.4669139065419384	0.6036527356531771	-0.5276288720420292	PT-S6ty7D	MUTZ-3	MUTZ3	AMLMRC	Myeloid	Acute Myeloid Leukemia	AML with Myelodysplasia-Related Changes	AMLMRC	ETV6-MN1 (TEL-MN1), GATA2 enhencer-MECOM	CVCL_1433	29.0	Adult	Male			haematopoietic_and_lymphoid_tissue	DSMZ		ACC-295	Cell Line											Adherent	MF-003-002	AlphaMEM + 20% FBS + 10ng/ml GM-CSF	False						MUTZ3_HAEMATOPOIETIC_AND_LYMPHOID_TISSUE		True	Approved for public sharing - CCLE	ETV6::AL133456.1 (ETV6::MN1), SF3B1, KRAS and GATA2					False	False	Myeloid	-1.2097604125741102
ACH-000085	0.13451320922363144	0.05644084263246514	0.043596686158024756	0.14569867640850293	0.33800116866361746	-0.13451320922363144	PT-FnO2p8	T3M-4	T3M4	PAAD	Pancreas	Pancreatic Adenocarcinoma	Pancreatic Adenocarcinoma	PAAD		CVCL_4056	64.0	Adult	Male	asian	Primary	lymph_node	RIKEN		RCB1021	Cell Line											Adherent	MF-004-001	F12 + 10% FBS	False						T3M4_PANCREAS		False	Approved for public sharing - CCLE						False	False	Pancreas	-0.3084151836825288
ACH-000086	-0.3050285531145968	-0.33727454720639793	-0.1494089348611964	-0.22401001490032807	0.17028487581226856	0.3050285531145968	PT-nZJ0Fu	ACC-MESO-1	ACCMESO1	PLEMESO	Pleura	Pleural Mesothelioma	Pleural Mesothelioma, Epithelioid Type	PLEMESO		CVCL_5113	61.0	Adult	Female			pleura	RIKEN		RCB2292	Cell Line											Adherent	MF-001-001	RPMI + 10% FBS	False						ACCMESO1_PLEURA		False	Approved for public sharing - CCLE						False	False	Pleura	0.6993769443181727
ACH-000087	0.6037327972752866	0.5137412112190916	0.2908277904116256	-0.2117653632899726	-0.441385001333963	-0.6037327972752866	PT-VA04Md	SK-ES-1	SKES1	ES	Bone	Ewing Sarcoma	Ewing Sarcoma	ES		CVCL_0627	18.0	Pediatric	Male	caucasian	Primary	bone	ATCC		HTB-86	Cell Line											Mixed	MF-023-002	McCoy's 5A + 15% FBS	False						SKES1_BONE		True	Approved for public sharing - CCLE	EWS::FLI	41.0	SIDM01111	684072.0		False	False	Bone	-1.38425335802718
ACH-000088	0.17315415316480193	0.040889188637909225	0.15362001963568517	-0.29701189719286464	0.06155512311889307	-0.17315415316480193	PT-fmS8rl	Hs 172.T	HS172T	ZFIBURT	Fibroblast	Non-Cancerous	Fibroblast, Urinary Tract			CVCL_0660	50.0	Adult	Male	caucasian		fibroblast	ATCC			Cell Line											Unknown									HS172T_FIBROBLAST		False	Approved for public sharing - CCLE			SIDM01616			False	False	Fibroblast	-0.3970120872287771
ACH-000089	0.25466100894014415	0.8893563402616496	-0.12048018980826172	-0.5441698032132741	0.1328565707911873	-0.25466100894014415	PT-0joF2E	NCI-H684	NCIH684	COAD	Bowel	Colorectal Adenocarcinoma	Colon Adenocarcinoma	COAD		CVCL_9980	55.0	Adult	Male		Metastatic	liver	KCLB		90684	Cell Line											Adherent									NCIH684_LARGE_INTESTINE		False	Approved for public sharing - CCLE			SIDM01665			False	False	Bowel	-0.5838930042809093
ACH-000090	-0.2766547770520523	-0.35170735601876546	-0.35898246663226857	-0.4644737408641697	-0.9146265045756081	0.2766547770520523	PT-j0lUB5	PC-3	PC3	PRAD	Prostate	Prostate Adenocarcinoma	Prostate Adenocarcinoma	PRAD		CVCL_0035	62.0	Adult	Male	caucasian	Metastatic	bone	ATCC		CRL-1435	Cell Line											Adherent	MF-004-001	F12 + 10% FBS	False						PC3_PROSTATE		False	Approved for public sharing - CCLE		911.0	SIDM00088	905934.0		False	False	Prostate	0.634320854982381
ACH-000091	0.20990075408076922	0.05363225870850262	0.36820704450459807	0.884996586892874	1.1025081330383135	-0.20990075408076922	PT-kmyeHR	OV56	OV56	SOC	Ovary/Fallopian Tube	Ovarian Epithelial Tumor	Serous Ovarian Cancer	SOC		CVCL_2673	46.0	Adult	Female		Metastatic	ascites	ECACC		96020759	Cell Line											Adherent	MF-007-009	DMEM:F12 + 5% FBS + 2mM Glutamine + 10ug/ml Insulin + 0.5ug/ml Hydrocortisone	False						OV56_OVARY		False	Approved for public sharing - CCLE		686.0	SIDM00475	1480362.0		False	False	Ovary/Fallopian Tube	-0.48126559464725605
ACH-000092	-0.13752599766071913	-0.2670180598507824	0.051888725831457545	-0.4518965518735453	0.24849455004978202	0.13752599766071913	PT-GaubVg	NCI-H2452	NCIH2452	PLBMESO	Pleura	Pleural Mesothelioma	Pleural Mesothelioma, Biphasic Type	PLBMESO		CVCL_1553		Adult	Male		Metastatic	pleura	ATCC		CRL-5946	Cell Line											Adherent	MF-001-001	RPMI + 10% FBS	False						NCIH2452_PLEURA		False	Approved for public sharing - CCLE		624.0	SIDM00722	908462.0		False	False	Pleura	0.31532297886921723
ACH-000093	0.3531250956493835	0.018138023472796194	-0.28290729384383856	-0.3633317389745546	0.38736585576691257	-0.3531250956493835	PT-X8PfQy	Panc 05.04	PANC0504	PAAD	Pancreas	Pancreatic Adenocarcinoma	Pancreatic Adenocarcinoma	PAAD		CVCL_1637	77.0	Adult	Female	caucasian	Primary	pancreas	ATCC		CRL-2557	Cell Line											Adherent	MF-001-019	RPMI + 15% FBS + 2mM Glutamine + 1mM Sodium pyruvate + 60ug/ml Insulin + 10mM HEPES + 18mM Sodium bicarbonate + 25mM Glucose	False						PANC0504_PANCREAS		False	Approved for public sharing - CCLE						False	False	Pancreas	-0.8096538761226871
ACH-000094	-0.03585030698878161	0.16114832102894466	-0.2024815760985765	-0.20318880895729866	0.1336887470835653	0.03585030698878161	PT-bW9aaR	HPAF-II	HPAFII	PAAD	Pancreas	Pancreatic Adenocarcinoma	Pancreatic Adenocarcinoma	PAAD		CVCL_0313	44.0	Adult	Male	caucasian	Metastatic	ascites	ATCC		CRL-1997	Cell Line											Adherent	MF-002-001	DMEM + 10% FBS	False						HPAFII_PANCREAS		False	Approved for public sharing - CCLE		889.0	SIDM00669	724869.0		False	False	Pancreas	0.08219846272969351
ACH-000095	-0.014802644607251975	-0.2829003266966944	-0.3440305638573886	-0.31526676578090174	-0.43598060069567585	0.014802644607251975	PT-nsjOrX	D341 Med	D341MED	MBLG3	CNS/Brain	Embryonal Tumor	Medulloblastoma, Group 3	MBLG3		CVCL_0018	3.0	Pediatric	Male		Primary	brain	ATCC		HTB-187	Cell Line				Unknown							Mixed	MF-015-009	EMEM + 20% FBS	False						D341MED_CENTRAL_NERVOUS_SYSTEM		True	Approved for public sharing - CCLE	MYC_Amplified				ACH-001309	False	False	CNS/Brain	0.03393986644049803
ACH-000096	0.25684419698073685	0.2569652515872173	0.0806054415684702	-0.5074300757310232	0.4530092190818366	-0.25684419698073685	PT-ABKGjf	G-401	G401	MRT	Kidney	Rhabdoid Cancer	Rhabdoid Cancer	MRT		CVCL_0270	0.0	Pediatric	Male	caucasian	Primary	kidney	ATCC		CRL-1441	Cell Line											Adherent	MF-023-001	McCoy's 5A + 10% FBS	False						G401_SOFT_TISSUE		True	Approved for public sharing - CCLE		962.0	SIDM00856	907299.0		False	False	Kidney	-0.5888986713409634
ACH-000097	0.7492166241857896	0.824441523701941	0.6657009021723284	-0.4594965235638391	0.46706550021710436	-0.7492166241857896	PT-k1TO7o	ZR-75-1	ZR751	IDC	Breast	Invasive Breast Carcinoma	Breast Invasive Ductal Carcinoma	IDC		CVCL_0588	63.0	Adult	Female	caucasian	Metastatic	ascites	ATCC			Cell Line											Adherent	MF-001-001	RPMI + 10% FBS	False						ZR751_BREAST		False	Approved for public sharing - CCLE	luminal ER, PR+		SIDM00314			False	False	Breast	-1.7178222428854957
ACH-000098	-0.27337075451577997	-0.3407437176680221	-0.19480110709495085	-0.3301781035806119	0.5845063633418845	0.27337075451577997	PT-HmIANs	GAMG	GAMG	GB	CNS/Brain	Adult-Type Diffuse Glioma	Glioblastoma, IDH-Wildtype	GB		CVCL_1226	42.0	Adult	Female		Primary	central_nervous_system	DSMZ		ACC 242	Cell Line											Adherent	MF-002-003	DMEM + 10% FBS + 2mM Glutamine	False						GAMG_CENTRAL_NERVOUS_SYSTEM		False	Approved for public sharing - CCLE		1174.0	SIDM01055	906868.0		False	False	CNS/Brain	0.6267911676038118
ACH-000099	-0.22326090688883699	-0.2387539739438529	-0.23255565657170038	-0.48742567658372726	0.6568290301644192	0.22326090688883699	PT-JpfhsL	SIMA	SIMA	NBL	Peripheral Nervous System	Neuroblastoma	Neuroblastoma	NBL		CVCL_1695	1.0	Pediatric	Male	caucasian	Primary	autonomic_ganglia	DSMZ		ACC 164	Cell Line				Post-treatment							Adherent	MF-001-001	RPMI + 10% FBS	False						SIMA_AUTONOMIC_GANGLIA		True	Approved for public sharing - CCLE		2076.0	SIDM00395	753620.0		False	False	Peripheral Nervous System	0.5118980805280776
ACH-000100	-0.3028895151313956	-0.09045668993340239	-0.21581752118361083	-0.2451110392196026	-0.05975642483693301	0.3028895151313956	PT-BN67ox	RH-41	RH41	ARMS	Soft Tissue	Rhabdomyosarcoma	Alveolar Rhabdomyosarcoma	ARMS		CVCL_2176	7.0	Pediatric	Female		Metastatic	liver	DSMZ		ACC 592	Cell Line											Adherent	MF-001-001	RPMI + 10% FBS	False						RH41_SOFT_TISSUE		True	Approved for public sharing - CCLE		2052.0	SIDM00426	1240210.0		False	False	Soft Tissue	0.6944725055920389
ACH-000101	0.5131362682047177	0.47502675260019883	0.41395381368455614	-0.4728918352268564	-0.29377805676954083	-0.5131362682047177	PT-6Sunyd	KE-37	KE37	TALL	Lymphoid	T-Lymphoblastic Leukemia/Lymphoma	T-Cell Acute Lymphoblastic Leukemia		NCOA6-SPDEF,TRA/D-MYC	CVCL_1327	27.0	Adult	Male		Primary	haematopoietic_and_lymphoid_tissue	DSMZ		ACC 46	Cell Line											Suspension	MF-001-001	RPMI + 10% FBS	False					SNP fingerprinting rules out CCRF-CEM contamination.	KE37_HAEMATOPOIETIC_AND_LYMPHOID_TISSUE		True	Approved for public sharing - CCLE	TAL1, TRA/D::MYC	1012.0	SIDM01003	907277.0		False	False	Lymphoid	-1.1765314152115425
ACH-000102	-0.15480113304979481	-0.24599975694528806	0.04522330468896033	-0.2912607029312277	1.1050975768592717	0.15480113304979481	PT-CuQsSC	GMS-10	GMS10	GB	CNS/Brain	Adult-Type Diffuse Glioma	Glioblastoma, IDH-Wildtype	GB		CVCL_1233	49.0	Adult	Male		Primary	central_nervous_system	DSMZ			Cell Line											Adherent	MF-003-001	AlphaMEM + 10% FBS	False						GMS10_CENTRAL_NERVOUS_SYSTEM		False	Approved for public sharing - CCLE		294.0	SIDM01074	906873.0		False	False	CNS/Brain	0.3549318327870845
ACH-000103	0.34801077061758523	0.16618430406337154	0.4279430214973946	0.599989922488352	-0.08050159043863767	-0.34801077061758523	PT-gCHPXX	Caov-4	CAOV4	HGSOC	Ovary/Fallopian Tube	Ovarian Epithelial Tumor	High-Grade Serous Ovarian Cancer	HGSOC		CVCL_0202	45.0	Adult	Female	caucasian	Metastatic	ovary	ATCC		HTB-76	Cell Line											Adherent	MF-021-003	L-15 + 20% FBS	False						CAOV4_OVARY		False	Approved for public sharing - CCLE		1524.0	SIDM00918	949090.0		False	False	Ovary/Fallopian Tube	-0.7979276263127383
ACH-000104	0.07189104585799892	0.00878927299014736	-0.13078160236919484	0.26328986383767117	0.3210710508692283	-0.07189104585799892	PT-JJAsvr	Loucy	LOUCY	TALL	Lymphoid	T-Lymphoblastic Leukemia/Lymphoma	T-Cell Acute Lymphoblastic Leukemia		SET::NUP214	CVCL_1380	38.0	Adult	Female	caucasian	Primary	haematopoietic_and_lymphoid_tissue	ATCC		CRL-2629	Cell Line											Suspension	MF-001-001	RPMI + 10% FBS	False						LOUCY_HAEMATOPOIETIC_AND_LYMPHOID_TISSUE		True	Approved for public sharing - CCLE	ETP-like, SET::NUP214	1645.0	SIDM00342	907789.0		False	False	Lymphoid	-0.16483355234326375
ACH-000105	0.248467529997253	0.22490603489810665	0.07773337755802878	-0.8018935057673047	-0.20030977631123545	-0.248467529997253	PT-MYSpL6	ALL-SIL	ALLSIL	TALL	Lymphoid	T-Lymphoblastic Leukemia/Lymphoma	T-Cell Acute Lymphoblastic Leukemia		NUP214-ABL1,TLX1-TRD, NOTCH1 mutations	CVCL_1805	17.0	Pediatric	Male		Primary	haematopoietic_and_lymphoid_tissue	DSMZ		ACC 511	Cell Line											Suspension	MF-001-001	RPMI + 10% FBS	False						ALLSIL_HAEMATOPOIETIC_AND_LYMPHOID_TISSUE		True	Approved for public sharing - CCLE	TLX1, NUP214::ABL1	2263.0	SIDM00994	1295740.0		False	False	Lymphoid	-0.5696924439282828
ACH-000106	-0.27520760824528107	-0.2830595664062973	-0.2990381324538673	-0.3804467837374472	-0.09480010639694061	0.27520760824528107	PT-JfG7uC	JVM-2	JVM2	MCL	Lymphoid	Mature B-Cell Neoplasms	Mantle Cell Lymphoma	MCL		CVCL_1319	63.0	Adult	Female			haematopoietic_and_lymphoid_tissue	DSMZ			Cell Line											Suspension	MF-001-001	RPMI + 10% FBS	False						JVM2_HAEMATOPOIETIC_AND_LYMPHOID_TISSUE		False	Approved for public sharing - CCLE		764.0	SIDM01013	907269.0		False	False	Lymphoid	0.6310027508650526
ACH-000107	-0.04215266657686137	-0.22818170242212066	-0.25437767093304264	-0.34986161387572856	0.07350385950165046	0.04215266657686137	PT-vjRLEt	Capan-2	CAPAN2	PAAD	Pancreas	Pancreatic Adenocarcinoma	Pancreatic Adenocarcinoma	PAAD		CVCL_0026	56.0	Adult	Male	caucasian	Primary	pancreas	ATCC		HTB-80	Cell Line											Adherent	MF-023-001	McCoy's 5A + 10% FBS	False						CAPAN2_PANCREAS		False	Approved for public sharing - CCLE		703.0	SIDM00943	910915.0		False	False	Pancreas	0.09664866729480388
ACH-000108	-0.2500558245039464	-0.27620734108701533	-0.053395514625457455	0.31161893506054983	-0.1488847749143599	0.2500558245039464	PT-GEVVKA	KP-3	KP3	PAASC	Pancreas	Adenosquamous Carcinoma of the Pancreas	Adenosquamous Carcinoma of the Pancreas	PAASC		CVCL_3005	75.0	Adult	Male	asian	Metastatic	liver	HSRRB		JCRB0178.0	Cell Line											Adherent	MF-001-001	RPMI + 10% FBS	False						KP3_PANCREAS		False	Approved for public sharing - CCLE		155.0	SIDM00571	1298219.0		False	False	Pancreas	0.5733341245100717
ACH-000109	-0.18374161667368902	0.0039750281324499315	0.6034846592468965	1.15357900173941	0.661752995060992	0.18374161667368902	PT-Zwpb82	NCI-H3255	NCIH3255	LUAD	Lung	Non-Small Cell Lung Cancer	Lung Adenocarcinoma	LUAD		CVCL_6831	52.0	Adult	Female		Primary	lung	Academic lab			Cell Line											Mixed	MF-013-001	ACL4 + 10% FBS	False						NCIH3255_LUNG		False	Approved for public sharing - CCLE			SIDM00046		ACH-002137	False	False	Lung	0.4212872831123041
ACH-000110	0.023265804312230215	-0.015293268398745839	0.1931132662292581	-0.1279140057522913	1.29294497297915	-0.023265804312230215	PT-5JFPe5	NCC-StC-K140	NCCSTCK140	STAD	Esophagus/Stomach	Esophagogastric Adenocarcinoma	Stomach Adenocarcinoma	STAD		CVCL_3055	36.0	Adult	Female		Primary	stomach	RIKEN		RCB2224	Cell Line											Suspension	MF-002-001	DMEM + 10% FBS	False						NCCSTCK140_STOMACH		False	Approved for public sharing - CCLE						False	False	Esophagus/Stomach	-0.05334440648537915
ACH-000111	-0.00276874104695779	-0.15129748116676395	-0.10443160259552396	-0.642692252465434	0.39186327786324704	0.00276874104695779	PT-yKJqsn	HCC1187	HCC1187	IDC	Breast	Invasive Breast Carcinoma	Breast Invasive Ductal Carcinoma	IDC		CVCL_1247	41.0	Adult	Female	caucasian	Primary	breast	ATCC			Cell Line											Mixed	MF-001-001	RPMI + 10% FBS	False						HCC1187_BREAST		False	Approved for public sharing - CCLE	basal_A TNBC	1644.0	SIDM00885	749711.0		False	False	Breast	0.006348237347807121
ACH-000112	-0.1324154924874474	-0.18544905415431545	-0.3117157057519766	-0.25117199151596037	0.2953780203840943	0.1324154924874474	PT-SHvyVR	SIG-M5	SIGM5	AMOL	Myeloid	Acute Myeloid Leukemia	Acute Monoblastic/Monocytic Leukemia	AMOL	BRAF V600E	CVCL_1694	63.0	Adult	Male			bone_marrow	DSMZ		ACC-468	Cell Line											Suspension	MF-005-001	IMDM + 10% FBS	False						SIGM5_HAEMATOPOIETIC_AND_LYMPHOID_TISSUE		True	Approved for public sharing - CCLE	BRAF V600E	656.0	SIDM00396	909715.0		False	False	Myeloid	0.3036054873245414
ACH-000113	-0.28101688381256107	-0.23981507370116098	-0.2690975077539644	0.17709777380592334	-0.2914769217510155	0.28101688381256107	PT-OA9fna	OCI-AML2	OCIAML2	AML	Myeloid	Acute Myeloid Leukemia	Acute Myeloid Leukemia	AML	KMT2A-AFDN	CVCL_1619	65.0	Adult	Male		Primary	haematopoietic_and_lymphoid_tissue	DSMZ		ACC-99	Cell Line											Suspension	MF-003-005	AlphaMEM + 20% FBS	False						OCIAML2_HAEMATOPOIETIC_AND_LYMPHOID_TISSUE		True	Approved for public sharing - CCLE		749.0	SIDM00446	910947.0		False	False	Myeloid	0.6443224002993799
ACH-000114	0.3022544839166761	0.5612062031982918	-0.21321938649567937	0.037244403719416314	-0.020138239985782885	-0.3022544839166761	PT-SNQPtX	SU.86.86	SU8686	PAAD	Pancreas	Pancreatic Adenocarcinoma	Pancreatic Adenocarcinoma	PAAD		CVCL_3881	57.0	Adult	Female	caucasian	Metastatic	liver	ATCC		CRL-1837	Cell Line											Adherent	MF-001-001	RPMI + 10% FBS	False						SU8686_PANCREAS		False	Approved for public sharing - CCLE		268.0	SIDM01188	1240218.0		False	False	Pancreas	-0.6930164904552187
ACH-000115	0.04116595318247399	0.044952963086031576	0.016921528232704156	-0.10625713961871125	-0.5527861468508295	-0.04116595318247399	PT-O15HlH	VCaP	VCAP	PRAD	Prostate	Prostate Adenocarcinoma	Prostate Adenocarcinoma	PRAD		CVCL_2235	59.0	Adult	Male	caucasian	Metastatic	bone	ATCC		CRL-2876	Cell Line											Adherent	MF-002-001	DMEM + 10% FBS	False						VCAP_PROSTATE		False	Approved for public sharing - CCLE		2154.0	SIDM01077	1299075.0		False	False	Prostate	-0.09438630663499632
ACH-000116	0.2816744180659631	0.16934671668030707	0.4728034749413359	0.5316650388921793	0.5163349439568008	-0.2816744180659631	PT-eqFmWE	OAW28	OAW28	HGSOC	Ovary/Fallopian Tube	Ovarian Epithelial Tumor	High-Grade Serous Ovarian Cancer	HGSOC		CVCL_1614	75.0	Adult	Female		Metastatic	ascites	ECACC			Cell Line											Adherent	MF-002-001	DMEM + 10% FBS	False						OAW28_OVARY		False	Approved for public sharing - CCLE		173.0	SIDM00481	946360.0		False	False	Ovary/Fallopian Tube	-0.6458300109549505
ACH-000117	0.41026754752591976	0.4209597103883596	-0.08235111775875242	-0.7086867161014598	0.045361086076927334	-0.41026754752591976	PT-qkpbqp	EFM-192A	EFM192A	BRCA	Breast	Invasive Breast Carcinoma	Invasive Breast Carcinoma	BRCA		CVCL_1812	46.0	Adult	Female	caucasian	Metastatic	pleural_effusion	DSMZ			Cell Line											Adherent	MF-001-018	RPMI + 15% FBS + 2mM Glutamine	False						EFM192A_BREAST		False	Approved for public sharing - CCLE	HER2+	1187.0	SIDM01002	1290798.0		False	False	Breast	-0.940671490625307
ACH-000118	-0.11470885491250712	-0.3163047512106002	-0.06065393984563524	0.005119142812694266	0.49953016649507376	0.11470885491250712	PT-jYcdmK	HUP-T3	HUPT3	PAAD	Pancreas	Pancreatic Adenocarcinoma	Pancreatic Adenocarcinoma	PAAD		CVCL_1299	66.0	Adult	Male	asian	Metastatic	ascites	DSMZ		ACC 259	Cell Line											Adherent	MF-006-001	MEM + 10% FBS	False						HUPT3_PANCREAS		False	Approved for public sharing - CCLE		109.0	SIDM00533	907285.0		False	False	Pancreas	0.26300727461670137
ACH-000119	-0.14992265541135746	-0.1310872997325368	0.24543781779234772	0.6552969617799222	-0.025278913415674564	0.14992265541135746	PT-iJz19R	Hs 863.T	HS863T	ZFIBBON	Fibroblast	Non-Cancerous	Fibroblast, Bone			CVCL_0959	5.0	Pediatric	Female	caucasian		fibroblast	ATCC		CRL-7598	Cell Line											Adherent	MF-002-001	DMEM + 10% FBS	False						HS863T_FIBROBLAST		False	Approved for public sharing - CCLE			SIDM01726			False	False	Fibroblast	0.34374633966240303
ACH-000120	-0.20867305385385884	-0.2961873851433938	-0.37474915662121816	-0.3686849884871033	0.07447667831285466	0.20867305385385884	PT-6jhjWI	CHP-212	CHP212	NBL	Peripheral Nervous System	Neuroblastoma	Neuroblastoma	NBL		CVCL_1125	1.0	Pediatric	Male		Primary	central_nervous_system	ATCC		CRL-2273	Cell Line											Adherent	MF-027-001	EMEM:F12 + 10% FBS	False						CHP212_AUTONOMIC_GANGLIA		True	Approved for public sharing - CCLE	MYC_Amplified	13.0	SIDM00910	906820.0		False	False	Peripheral Nervous System	0.47845069347007774
ACH-000121	-0.16907189744936985	-0.12481633238861092	-0.05161894581947917	-0.0433653834511574	0.48365533529850474	0.16907189744936985	PT-5S5Gmg	NCI-H2405	NCIH2405	LUAD	Lung	Non-Small Cell Lung Cancer	Lung Adenocarcinoma	LUAD		CVCL_1551	47.0	Adult	Male	caucasian	Metastatic	ascites	ATCC		CRL-5944	Cell Line											Mixed	MF-001-014	RPMI + 5% FBS	False						NCIH2405_LUNG		False	Approved for public sharing - CCLE		82.0	SIDM00724	687821.0		False	False	Lung	0.3876521912484437
ACH-000122	-0.21058250564101216	-0.30633431797138105	-0.11354342600323743	-0.06962080184961358	-0.03152101085600071	0.21058250564101216	PT-v3CPfr	SUP-T11	SUPT11	TALL	Lymphoid	T-Lymphoblastic Leukemia/Lymphoma	T-Cell Acute Lymphoblastic Leukemia		TRA/D-TCL1	CVCL_2210	74.0	Adult	Male			bone_marrow	DSMZ		ACC-605	Cell Line											Suspension	MF-001-001	RPMI + 10% FBS	False						SUPT11_HAEMATOPOIETIC_AND_LYMPHOID_TISSUE		True	HMB-MDS	TAL1, TP53					False	False	Lymphoid	0.4828287313376359
ACH-000123	0.717685389110064	-0.06019750054734642	0.19887035134741982	-0.30827622788200437	0.16867839684143557	-0.717685389110064	PT-hlFfQW	COV434	COV434	SCCO	Ovary/Fallopian Tube	Ovarian Epithelial Tumor	Small Cell Carcinoma of the Ovary	SCCO		CVCL_2010	26.0	Adult	Female		Primary	ovary	ECACC		7071909	Cell Line											Adherent	MF-002-003	DMEM + 10% FBS + 2mM Glutamine	False						COV434_OVARY		False	Approved for public sharing - CCLE						False	False	Ovary/Fallopian Tube	-1.6455266541195674
ACH-000124	0.0235001883466155	-0.008525313146839304	-0.10306483344239875	-0.06434138542329365	-0.43717280488762755	-0.0235001883466155	PT-xqygCF	OCI-LY-19	OCILY19	DLBCLNOS	Lymphoid	Mature B-Cell Neoplasms	Diffuse Large B-Cell Lymphoma, NOS	DLBCLNOS		CVCL_1878	27.0	Adult	Female		Primary	bone_marrow	DSMZ		ACC 528	Cell Line											Suspension	MF-003-001	AlphaMEM + 10% FBS	False						OCILY19_HAEMATOPOIETIC_AND_LYMPHOID_TISSUE		False	Approved for public sharing - CCLE		1972.0	SIDM00460	1330984.0		False	False	Lymphoid	-0.053881807945313165
ACH-000125	-0.11890471244120411	-0.17892878751170746	0.48523448888997694	0.8753946527622155	1.2622625900115898	0.11890471244120411	PT-G9ksxs	TO 175.T	TO175T	ZFIBLYM	Fibroblast	Non-Cancerous	Fibroblast, Lymphoid			CVCL_3806	29.0	Adult	Male	caucasian	Metastatic	lymph_node	ATCC		CRL-7779	Cell Line											Adherent	MF-002-001	DMEM + 10% FBS	False					Originally annotated as 'Lymphocyte' but after analysis we believe this line is a fibroblast.	TO175T_FIBROBLAST		False	Approved for public sharing - CCLE			SIDM01759			False	False	Fibroblast	0.27262763961942305
ACH-000126	-0.18205695573340622	-0.03854130464127201	-0.027650609091465786	-0.08137581880289729	0.3585078224279567	0.18205695573340622	PT-Y9w387	KG-1-C	KG1C	GNOS	CNS/Brain	Diffuse Glioma	Glioma, NOS	GNOS		CVCL_2971	13.0	Pediatric	Male		Primary	central_nervous_system	HSRRB			Cell Line											Adherent	MF-002-001	DMEM + 10% FBS	False						KG1C_CENTRAL_NERVOUS_SYSTEM		True	Approved for public sharing - CCLE			SIDM00784			False	False	CNS/Brain	0.4174246512091704
ACH-000127	-0.22062364818388838	-0.2227822863214855	-0.0256283220238639	0.4376785547119805	0.34969020873237494	0.22062364818388838	PT-Mi0cKz	SLR 20	SLR20	BLCA	Bladder/Urinary Tract	Bladder Urothelial Carcinoma	Bladder Urothelial Carcinoma	BLCA		CVCL_V606	81.0	Adult	Female	caucasian	Primary	urinary_tract	Dana-Farber Cancer Institute	Bill Kaelin		Cell Line											Adherent	MF-001-001	RPMI + 10% FBS	False					SNP fingerprinting confirms that this line is an T-24 derivative. DepMap metadata has been updated (as of 22Q2) to reflect this.	SLR20_KIDNEY		False	Approved for public sharing - CCLE						False	False	Bladder/Urinary Tract	0.5058513091173025
ACH-000128	0.2501138010229942	-0.068757152230891	0.05171461885300857	-0.5605816463712594	0.4767221008564198	-0.2501138010229942	PT-mUWSlp	LN-319	LN319	ASTR	CNS/Brain	Adult-Type Diffuse Glioma	Astrocytoma, IDH-Mutant	ASTR		CVCL_3958	67.0	Adult	Male		Primary	central_nervous_system	Academic lab	Linda Chin		Cell Line											Adherent	MF-002-001	DMEM + 10% FBS	False						LN319_CENTRAL_NERVOUS_SYSTEM		False	Approved for public sharing - CCLE						False	False	CNS/Brain	-0.5734670544942316
ACH-000129	0.5261584798463196	-0.019823004781896723	0.019959863412465015	-0.23489204420344553	0.7119673721617014	-0.5261584798463196	PT-jzLNtr	NCI-H1341	NCIH1341	SCNEC	Cervix	Small Cell Neuroendocrine Carcinoma of the Cervix	Small Cell Neuroendocrine Carcinoma of the Cervix			CVCL_1463	26.0	Adult	Female		Metastatic	cervix	ATCC		CRL-5864	Cell Line											Suspension	MF-007-014	DMEM:F12 + 0.5% BSA + 2mM Glutamine + 10mM HEPES + 500uM sodium pyruvate + 20ug/ml Insulin + 10ug/ml Transferrin + 25nM Sodium Selenite + 50nM Hydrocortisone + 1ng/ml EGF + 10uM Ethanolamine + 10uM Phosphorylethanolamine + 100pM Triiodo-L-Thyronine 	True					Possibly misidentified. This line was originally though to be SCLC but has been reclassified as a Small Cell Neuroendocrine Carcinoma of the Cervix based on evidence from PMID: 38180245	NCIH1341_LUNG		False	Approved for public sharing - CCLE		1825.0	SIDM00646	1330964.0		False	False	Cervix	-1.2063890613013053
ACH-000130	-0.2839512821140715	-0.30368756106669903	-0.39637324616944486	-0.28892720890227	-0.6553127376994495	0.2839512821140715	PT-LNhzm2	NALM-19	NALM19	BALL	Lymphoid	B-Cell Acute Lymphoblastic Leukemia	B-Cell Acute Lymphoblastic Leukemia		No Fusion	CVCL_1835	26.0	Adult	Male		Primary	haematopoietic_and_lymphoid_tissue	DSMZ			Cell Line											Suspension	MF-001-020	RPMI + 20% FBS	False						NALM19_HAEMATOPOIETIC_AND_LYMPHOID_TISSUE		True	Approved for public sharing - CCLE			SIDM01685			False	False	Lymphoid	0.6510504606614922
ACH-000131	-0.32458496046537494	-0.11768253143443877	0.06198786583786448	0.6534806989061316	0.8183079682221417	0.32458496046537494	PT-1aFiol	Hs 229.T	HS229T	ZFIBLUN	Fibroblast	Non-Cancerous	Fibroblast, Lung			CVCL_0698	65.0	Adult	Male	caucasian	Primary	fibroblast	ATCC			Cell Line											Adherent									HS229T_FIBROBLAST		False	Approved for public sharing - CCLE						False	False	Fibroblast	0.7442163545149295
ACH-000132	-0.1426436849151701	-0.13858760121759084	0.3031386556592623	0.9598176736772359	0.7884361701461884	0.1426436849151701	PT-F6NvL5	JHOS-2	JHOS2	HGSOC	Ovary/Fallopian Tube	Ovarian Epithelial Tumor	High-Grade Serous Ovarian Cancer	HGSOC		CVCL_4647	45.0	Adult	Female	asian	Primary	ovary	RIKEN		RCB1521	Cell Line											Adherent	MF-007-001	DMEM:F12 + 10% FBS	False						JHOS2_OVARY		False	Approved for public sharing - CCLE		436.0	SIDM00305	1479995.0		False	False	Ovary/Fallopian Tube	0.32705693766568866
ACH-000133	0.3194976783301663	0.3364462453934493	0.33044053351936287	0.20017109702940183	1.2573911086017753	-0.3194976783301663	PT-PvBEqK	Hs 729	HS729	ZFIB	Fibroblast	Non-Cancerous	Fibroblast			CVCL_0871	74.0	Adult	Male	caucasian	Primary	Unknown	ATCC		HTB-153	Cell Line											Adherent	MF-002-008	DMEM + 5% FBS	False					Originally annotated as 'Embryonal Rhabdomyosarcoma' but after analysis we believe this line is a fibroblast.	HS729_SOFT_TISSUE		False	Approved for public sharing - CCLE						False	False	Fibroblast	-0.7325521093212346
ACH-000134	-0.31499918632652574	-0.3148988700929807	0.17292383841591596	0.6208378628851943	0.43926629535717004	0.31499918632652574	PT-tuLBod	Hs 274.T	HS274T	ZFIBBRE	Fibroblast	Non-Cancerous	Fibroblast, Breast			CVCL_0711	66.0	Adult	Female	caucasian		fibroblast	ATCC		CRL-7222	Cell Line											Adherent	MF-002-001	DMEM + 10% FBS	False						HS274T_FIBROBLAST		False	Approved for public sharing - CCLE			SIDM01592			False	False	Fibroblast	0.7222378565753158
ACH-000135	-0.2749124975458041	-0.2918400188599135	0.09465300080539957	0.306551792950084	0.22654044591745517	0.2749124975458041	PT-Shihsq	Hs 940.T	HS940T	ZFIBSKI	Fibroblast	Non-Cancerous	Fibroblast, Skin			CVCL_1038	57.0	Adult	Male	caucasian	Primary	fibroblast	ATCC		CRL-7691	Cell Line											Adherent	MF-002-001	DMEM + 10% FBS	False						HS940T_FIBROBLAST		False	Approved for public sharing - CCLE		707.0	SIDM00662	1298145.0		False	False	Fibroblast	0.6303261138186897
ACH-000136	-0.05091517341686519	-0.048822913393713044	-0.03316386047976734	-0.41103139920379056	-0.35308217459831326	0.05091517341686519	PT-3ZPjBh	CHP-126	CHP126	NBL	Peripheral Nervous System	Neuroblastoma	Neuroblastoma	NBL		CVCL_1123	1.0	Pediatric	Female		Primary	autonomic_ganglia	DSMZ			Cell Line											Adherent	MF-001-001	RPMI + 10% FBS	False						CHP126_AUTONOMIC_GANGLIA		True	Approved for public sharing - CCLE	MYC_Amplified	38.0	SIDM00286	910567.0		False	False	Peripheral Nervous System	0.11673955778932951
ACH-000137	-0.03811901399463023	-0.11928939385067927	0.12468364040887428	-0.3796730999257129	0.599612183051191	0.03811901399463023	PT-WFlL15	8-MG-BA	8MGBA	GB	CNS/Brain	Adult-Type Diffuse Glioma	Glioblastoma, IDH-Wildtype	GB		CVCL_1052	54.0	Adult	Female	black_or_african_american	Primary	central_nervous_system	DSMZ		ACC 432	Cell Line				Pre-treatment							Adherent	MF-006-014	MEM + 20% FBS	False						8MGBA_CENTRAL_NERVOUS_SYSTEM		False	Approved for public sharing - CCLE		1207.0	SIDM00998	687562.0		False	False	CNS/Brain	0.0874002097697732
ACH-000138	0.4949871618290019	0.43834315041170757	-0.128986494870041	0.22647671714366369	0.12852973086131209	-0.4949871618290019	PT-1nbcaA	CFPAC-1	CFPAC1	PAAD	Pancreas	Pancreatic Adenocarcinoma	Pancreatic Adenocarcinoma	PAAD		CVCL_1119	26.0	Adult	Male	caucasian	Metastatic	liver	ATCC		CRL-1918	Cell Line											Adherent	MF-002-001	DMEM + 10% FBS	False						CFPAC1_PANCREAS		False	Approved for public sharing - CCLE		572.0	SIDM00130	906821.0		False	False	Pancreas	-1.1349186991902167
ACH-000139	-0.1898207978087143	-0.197656909476011	-0.11403138894049805	0.16603435988081777	-0.03193308173036524	0.1898207978087143	PT-rXQo6a	Panc 03.27	PANC0327	PAAD	Pancreas	Pancreatic Adenocarcinoma	Pancreatic Adenocarcinoma	PAAD		CVCL_1635	65.0	Adult	Female	caucasian	Primary	pancreas	ATCC		CRL-2549	Cell Line											Adherent	MF-001-042	RPMI + 15% FBS + 10 Units/ml recombinant Insulin	False						PANC0327_PANCREAS		False	Approved for public sharing - CCLE		1873.0	SIDM01138	925346.0		False	False	Pancreas	0.4352257786490592
ACH-000140	0.14844526560714924	0.09218631128015548	0.11911715348611443	-0.2565064140573086	-0.3081726349658126	-0.14844526560714924	PT-IBKRSU	Pfeiffer	PFEIFFER	DLBCLNOS	Lymphoid	Mature B-Cell Neoplasms	Diffuse Large B-Cell Lymphoma, NOS	DLBCLNOS		CVCL_3326		Adult	Male	caucasian	Metastatic	pleural_effusion	ATCC		CRL-2632	Cell Line											Suspension	MF-001-001	RPMI + 10% FBS	False						PFEIFFER_HAEMATOPOIETIC_AND_LYMPHOID_TISSUE		False	Approved for public sharing - CCLE						False	False	Lymphoid	-0.3403589441012871
ACH-000141	-0.05315054981597453	-0.035390705224926856	0.02284911915916236	0.6296610188360953	0.5289982375531879	0.05315054981597453	PT-iqSI4n	SNU-308	SNU308	GBAD	Biliary Tract	Intracholecystic Papillary Neoplasm	Gallbladder Adenocarcinoma, NOS	GBAD		CVCL_5048		Unknown	Unknown		Primary	biliary_tract	KCLB		308	Cell Line											Adherent	MF-001-005	RPMI + 10% FBS + 2mM Glutamine + 25mM HEPES + 25mM Sodium bicarbonate	False						SNU308_BILIARY_TRACT		False	Approved for public sharing - CCLE			SIDM00161			False	False	Biliary Tract	0.12186488359718169
ACH-000142	0.3342271467716825	0.290433115009312	0.2416000352901188	0.00548990602799318	0.7906353738082105	-0.3342271467716825	PT-Er9zxL	CAL-29	CAL29	BLCA	Bladder/Urinary Tract	Bladder Urothelial Carcinoma	Bladder Urothelial Carcinoma	BLCA		CVCL_1808	80.0	Adult	Female		Primary	urinary_tract	DSMZ		515	Cell Line											Adherent	MF-002-001	DMEM + 10% FBS	False						CAL29_URINARY_TRACT		False	Approved for public sharing - CCLE		2040.0	SIDM00936	1290730.0		False	False	Bladder/Urinary Tract	-0.7663241956550291
ACH-000143	-0.1287294931903216	-0.13503974730860205	-0.2042802817041557	0.07792716159016858	-0.6039732145687372	0.1287294931903216	PT-1M8cz3	HCC2429	HCC2429	NUTCL	Lung	Non-Small Cell Lung Cancer	NUT Carcinoma of the Lung	NUTCL		CVCL_5132	34.0	Adult	Female		Primary	lung	University of Texas Southwestern			Cell Line											Adherent	MF-001-001	RPMI + 10% FBS	False						HCC2429_LUNG		False	Approved for public sharing - CCLE						False	False	Lung	0.29515413777427724
ACH-000144	-0.07790029827637936	0.21637703236994646	0.21600167677080687	-0.1891532378252427	0.22589261099290706	0.07790029827637936	PT-n15ylb	RERF-GC-1B	RERFGC1B	STAD	Esophagus/Stomach	Esophagogastric Adenocarcinoma	Stomach Adenocarcinoma	STAD		CVCL_3152	41.0	Adult	Male	asian	Metastatic	lymph_node	HSRRB		JCRB1009	Cell Line											Adherent	MF-001-001	RPMI + 10% FBS	False						RERFGC1B_STOMACH		False	Approved for public sharing - CCLE		285.0	SIDM00358	1240209.0		False	False	Esophagus/Stomach	0.17861171360420178
ACH-000145	-0.21341446722710644	-0.07556934487266545	-0.018349732477374592	0.1587918992470816	0.48053399853113227	0.21341446722710644	PT-LH2axx	SK-LMS-1	SKLMS1	LMS	Soft Tissue	Leiomyosarcoma	Leiomyosarcoma	LMS		CVCL_0628	43.0	Adult	Female	caucasian	Primary	soft_tissue	ATCC		HTB-88	Cell Line											Adherent	MF-015-001	EMEM + 10% FBS	False						SKLMS1_SOFT_TISSUE		False	Approved for public sharing - CCLE		1641.0	SIDM01109	909720.0		False	False	Soft Tissue	0.4893219222874187
ACH-000146	0.03768141547893408	-0.1695130200209059	-0.04695157485861436	-0.0356460721610497	0.0016236047919267155	-0.03768141547893408	PT-Sv45MF	THP-1	THP1	AML	Myeloid	Acute Myeloid Leukemia	Acute Myeloid Leukemia	AML	KMT2A-AF9, CSNK2A1-DDX39B	CVCL_0006	1.0	Pediatric	Male		Primary	haematopoietic_and_lymphoid_tissue	ATCC		TIB-202	Cell Line											Suspension	MF-001-006	RPMI + 10% FBS + 50uM 2-Mercaptoethanol	False						THP1_HAEMATOPOIETIC_AND_LYMPHOID_TISSUE		True	Approved for public sharing - CCLE	KMT2A::MLLT3, NRAS and TP53	770.0	SIDM01172	909771.0		False	False	Myeloid	-0.0863968731653118
ACH-000147	0.2877237219418812	0.03607509993130862	0.10226599550513268	-0.5948673440210002	-0.5341929373614133	-0.2877237219418812	PT-9WkxWW	T-47D	T47D	IDC	Breast	Invasive Breast Carcinoma	Breast Invasive Ductal Carcinoma	IDC		CVCL_0553	54.0	Adult	Female		Metastatic	pleural_effusion	ATCC			Cell Line											Adherent	MF-001-045	RPMI + 10% FBS + 2ug/ml Insulin	False						T47D_BREAST		False	Approved for public sharing - CCLE	luminal ER, PR+	1286.0	SIDM00097	905945.0		False	False	Breast	-0.6597000031795873
ACH-000148	-0.3048321847957155	-0.220455777469565	-0.347867350279189	-0.7396133110771024	0.5780693014873732	0.3048321847957155	PT-sW6DWH	Hs 578T	HS578T	BRCNOS	Breast	Invasive Breast Carcinoma	Breast Invasive Carcinoma, NOS	BRCNOS		CVCL_0332	74.0	Adult	Female	caucasian	Primary	breast	ATCC			Cell Line											Adherent	MF-002-001	DMEM + 10% FBS	False						HS578T_BREAST		False	Approved for public sharing - CCLE	basal_B TNBC	655.0	SIDM00135	905957.0		False	False	Breast	0.6989267062226966
ACH-000149	-0.2646489207888754	-0.24681655442552694	-0.2965098887157721	-0.5147748796826148	0.6521185200583853	0.2646489207888754	PT-ombRgU	SK-N-SH	SKNSH	NBL	Peripheral Nervous System	Neuroblastoma	Neuroblastoma	NBL		CVCL_0531	4.0	Pediatric	Female		Metastatic	bone_marrow	ATCC		HTB-11	Cell Line											Adherent	MF-006-001	MEM + 10% FBS	False						SKNSH_AUTONOMIC_GANGLIA		True	Approved for public sharing - CCLE		1165.0	SIDM01098	717431.0		False	False	Peripheral Nervous System	0.6067935334200966
ACH-000150	0.047995131650635216	0.12200127171518718	0.3498238587271152	0.8660746846289602	0.6095622305537718	-0.047995131650635216	PT-H39843	HCC2935	HCC2935	LUAD	Lung	Non-Small Cell Lung Cancer	Lung Adenocarcinoma	LUAD		CVCL_1265	39.0	Adult	Male	caucasian	Primary	pleural_effusion	ATCC		CRL-2869	Cell Line											Adherent	MF-001-001	RPMI + 10% FBS	False						HCC2935_LUNG		False	Approved for public sharing - CCLE						False	False	Lung	-0.11004441444325677
ACH-000151	0.2505605561304394	0.2711466734438952	0.06746874557975702	-0.14572057206025163	-0.5688726281978245	-0.2505605561304394	PT-t7KWtB	JM1	JM1	BALL	Lymphoid	B-Cell Acute Lymphoblastic Leukemia	B-Cell Acute Lymphoblastic Leukemia			CVCL_3532		Pediatric	Male		Primary	haematopoietic_and_lymphoid_tissue	ATCC		CEL-10423	Cell Line											Suspension	MF-005-001	IMDM + 10% FBS	False						JM1_HAEMATOPOIETIC_AND_LYMPHOID_TISSUE		True	Approved for public sharing - CCLE		2096.0	SIDM00689	1327768.0		False	False	Lymphoid	-0.574491385556728
ACH-000152	-0.1437565647349243	-0.05792071901777147	0.04983172063104699	-0.5168544760668727	0.7030010822015961	0.1437565647349243	PT-DK2CQc	M059K	M059K	GB	CNS/Brain	Adult-Type Diffuse Glioma	Glioblastoma, IDH-Wildtype	GB		CVCL_0401	33.0	Adult	Male		Primary	central_nervous_system	ATCC		CRL-2365	Cell Line											Adherent	MF-007-001	DMEM:F12 + 10% FBS	False						M059K_CENTRAL_NERVOUS_SYSTEM		False	Approved for public sharing - CCLE			SIDM00639			False	False	CNS/Brain	0.32960857579853137
ACH-000153	0.2364682595706153	0.21080352958109966	-0.3114461139617319	-0.6990217555815321	-0.08229531714099485	-0.2364682595706153	PT-TexA3V	NCI-H2052	NCIH2052	PLSMESO	Pleura	Pleural Mesothelioma	Pleural Mesothelioma, Sarcomatoid Type	PLSMESO		CVCL_1518	65.0	Adult	Male	caucasian	Metastatic	pleural_effusion	ATCC		CRL-5915	Cell Line											Adherent	MF-001-001	RPMI + 10% FBS	False						NCIH2052_PLEURA		False	Approved for public sharing - CCLE		1485.0	SIDM00713	688058.0		False	False	Pleura	-0.5421802225334664
ACH-000154	-0.298929208536758	-0.2155341554125421	-0.2660537503983973	-0.06933928757122342	1.3525282957185856	0.298929208536758	PT-AJl2G5	Hs 888.T	HS888T	ZFIBBON	Fibroblast	Non-Cancerous	Fibroblast, Bone			CVCL_0979	20.0	Adult	Male	caucasian			ATCC		CRL-7622	Cell Line											Adherent	MF-002-001	DMEM + 10% FBS	False					Originally thought to be a osteosarcoma cell line but using a variety of omics methods was shown to be a a fibroblastic cell line.	HS888T_FIBROBLAST		False	Approved for public sharing - CCLE			SIDM01746			False	False	Fibroblast	0.6853922175454303
ACH-000155	-0.35045877101573164	-0.3366303380358615	-0.12832531649086848	0.35802801697319026	0.03420374324961077	0.35045877101573164	PT-qPqCUF	SW 1990	SW1990	PAAD	Pancreas	Pancreatic Adenocarcinoma	Pancreatic Adenocarcinoma	PAAD		CVCL_1723	56.0	Adult	Male	caucasian	Primary	spleen	ATCC		CRL-2172	Cell Line											Adherent	MF-021-001	L-15 + 10% FBS	False						SW1990_PANCREAS		False	Approved for public sharing - CCLE		1912.0	SIDM01165	910907.0		False	False	Pancreas	0.8035404616380335
ACH-000156	-0.2148789560596588	-0.2759615683443514	-0.33628234045025046	0.08844455671172108	-0.46309028239727396	0.2148789560596588	PT-yxisxt	MHH-CALL-4	MHHCALL4	BALL	Lymphoid	B-Cell Acute Lymphoblastic Leukemia	B-Cell Acute Lymphoblastic Leukemia		IGH::CRLF2, JAK2 I682F	CVCL_1410	10.0	Pediatric	Male	caucasian	Primary	haematopoietic_and_lymphoid_tissue	DSMZ		ACC-337	Cell Line											Adherent	MF-001-020	RPMI + 20% FBS	False						MHHCALL4_HAEMATOPOIETIC_AND_LYMPHOID_TISSUE		True	Approved for public sharing - CCLE	CRLF2 Ph-like, IGH::CRLF2	2070.0	SIDM00376	908133.0		False	False	Lymphoid	0.49267973818445626
ACH-000157	1.7185200758362666	1.6368053325369265	1.338959624480575	-0.3575909886976998	0.49787677028579624	-1.7185200758362666	PT-jcPkpq	A4/Fuk	A4FUK	DLBCLNOS	Lymphoid	Mature B-Cell Neoplasms	Diffuse Large B-Cell Lymphoma, NOS	DLBCLNOS		CVCL_1064	52.0	Adult	Female	asian	Primary	ascites	JCRB		JCRB0097	Cell Line											Suspension	MF-001-001	RPMI + 10% FBS	False						A4FUK_HAEMATOPOIETIC_AND_LYMPHOID_TISSUE		False	Approved for public sharing - CCLE		186.0	SIDM00502	910934.0		False	False	Lymphoid	-3.9402649591832164
ACH-000158	0.05762755967380492	0.02838976570023863	0.012608976257021232	0.10892071193507755	-0.19526332595586351	-0.05762755967380492	PT-mgmL7l	OCI-LY3	OCILY3	ABC	Lymphoid	Mature B-Cell Neoplasms	Activated B-cell Type	ABC		CVCL_8800	52.0	Adult	Male		Primary	bone_marrow				Cell Line											Suspension	MF-001-020	RPMI + 20% FBS	False						OCILY3_HAEMATOPOIETIC_AND_LYMPHOID_TISSUE		False	Approved for public sharing - CCLE						False	False	Lymphoid	-0.1321298815525547
ACH-000159	-0.2381140862080151	-0.2595777248492862	0.14059949793835783	0.12922569469306927	0.5642189698014987	0.2381140862080151	PT-T2g8EU	OS-RC-2	OSRC2	CCRCC	Kidney	Renal Cell Carcinoma	Renal Clear Cell Carcinoma	CCRCC		CVCL_1626	52.0	Adult	Male		Primary	kidney	RIKEN		RCB0735	Cell Line											Adherent	MF-001-001	RPMI + 10% FBS	False						OSRC2_KIDNEY		False	Approved for public sharing - CCLE		1674.0	SIDM00239	909250.0		False	False	Kidney	0.545953814194932
ACH-000160	-0.3041856190993121	-0.3006083978196146	-0.31669335909699164	-0.4914163891553428	-0.37171957105903436	0.3041856190993121	PT-0GrZ0k	BT-12	BT12	ATRT	CNS/Brain	Embryonal Tumor	Atypical Teratoid/Rhabdoid Tumor	ATRT		CVCL_M155	0.0	Pediatric	Female		Primary	brain	St. Jude Children's Research Hospital	Charles Roberts		Cell Line				Pre-treatment							Adherent	MF-002-001	DMEM + 10% FBS	False						BT12_SOFT_TISSUE		True	Approved for public sharing - CCLE						False	False	CNS/Brain	0.6974442445435053
ACH-000161	-0.21456385549179774	-0.2872690303060612	-0.06671123111394464	-0.07405727029515694	0.3359910925020698	0.21456385549179774	PT-G4xjbZ	COR-L105	CORL105	LUAD	Lung	Non-Small Cell Lung Cancer	Lung Adenocarcinoma	LUAD		CVCL_1138		Unknown	Male	caucasian	Metastatic	pleural_effusion	ECACC		92031918	Cell Line											Adherent	MF-001-018	RPMI + 15% FBS + 2mM Glutamine	False						CORL105_LUNG		False	Approved for public sharing - CCLE		22.0	SIDM00513	906805.0		False	False	Lung	0.4919572678778132
ACH-000162	-0.2982014847440902	-0.31715653735818183	-0.41076381405950163	-0.1885669174570846	-1.2633140442461772	0.2982014847440902	PT-MGPf78	GA-10	GA10	BL	Lymphoid	Mature B-Cell Neoplasms	Burkitt Lymphoma	BL	TP53 Pro152Leu and Ile232Asn	CVCL_1222	41.0	Adult	Male	caucasian		haematopoietic_and_lymphoid_tissue	ATCC		CRL-2392	Cell Line											Suspension	MF-001-001	RPMI + 10% FBS	False						GA10_HAEMATOPOIETIC_AND_LYMPHOID_TISSUE		True	Approved for public sharing - CCLE		1008.0	SIDM00854	1303896.0		False	False	Lymphoid	0.6837236745935434
ACH-000163	-0.2020750251834717	-0.011283185557970359	-0.2179947061794564	-0.10636646220569855	0.7281785846953132	0.2020750251834717	PT-llVV5F	SW579	SW579	HNSC	Head and Neck	Head and Neck Squamous Cell Carcinoma	Head and Neck Squamous Cell Carcinoma	HNSC		CVCL_3603	59.0	Adult	Male	asian	Primary	thyroid	ATCC		HTB-107	Cell Line											Adherent	MF-002-001	DMEM + 10% FBS	False						SW579_THYROID		False	Approved for public sharing - CCLE			SIDM01167			True	True	Head and Neck	0.46332257158476226
ACH-000164	-0.2522591479577221	-0.23404088558030103	-0.3539233516082682	-0.28799783758731046	0.8099186886289635	0.2522591479577221	PT-cHU83i	PANC-1	PANC1	PAAD	Pancreas	Pancreatic Adenocarcinoma	Pancreatic Adenocarcinoma	PAAD		CVCL_0480	56.0	Adult	Male		Primary	pancreas	ATCC		CRL-1469	Cell Line											Adherent	MF-002-001	DMEM + 10% FBS	False						PANC1_PANCREAS		False	Approved for public sharing - CCLE			SIDM00610			False	False	Pancreas	0.5783859585390889
ACH-000165	-0.3001594821973245	-0.26866048311183716	0.07130222476253491	0.30783528856562886	0.827602248786915	0.3001594821973245	PT-EyHts5	Hs 751.T	HS751T	ZFIBLYM	Fibroblast	Non-Cancerous	Fibroblast, Lymphoid			CVCL_0891	19.0	Adult	Male			fibroblast	ATCC			Cell Line											Unknown								Originally annotated as 'Lymphocyte' but after analysis we believe this line is a fibroblast.	HS751T_FIBROBLAST		False	Approved for public sharing - CCLE			SIDM01700			False	False	Fibroblast	0.688213019154383
ACH-000166	-0.06971330114107975	-0.1345437007327949	-0.1987828643211435	0.1519822331368023	-0.11216771786317244	0.06971330114107975	PT-BnqVL0	Kasumi-6	KASUMI6	AML	Myeloid	Acute Myeloid Leukemia	Acute Myeloid Leukemia	AML	No Fusion, CEBPA Arg306Pro, TP53 Tyr234Asp	CVCL_0614	64.0	Adult	Male	asian	Primary	haematopoietic_and_lymphoid_tissue	ATCC		CRL-2775	Cell Line											Suspension	MF-001-023	RPMI + 20% FBS + 2 mM L-glutamine + 18mM sodium bicarbonate + 25mM glucose + 10 mM HEPES + 1mM sodium pyruvate + 2 ng/ml human recombinant granulocyte macrophage colony stimulating factor	False						KASUMI6_HAEMATOPOIETIC_AND_LYMPHOID_TISSUE		True	Approved for public sharing - CCLE	KMT2A-PTD and FLT3					False	False	Myeloid	0.15984036586917075
ACH-000167	-0.1355848563605634	-0.23209718068262805	-0.24718654975336302	-0.2456197597296177	-0.5701564931793854	0.1355848563605634	PT-ghtKEp	KE-97	KE97	PCM	Lymphoid	Mature B-Cell Neoplasms	Plasma Cell Myeloma	PCM		CVCL_3386	52.0	Adult	Male		Metastatic	abdomen	RIKEN		RCB1435	Cell Line											Mixed	MF-001-001	RPMI + 10% FBS	False						KE97_STOMACH		False	Approved for public sharing - CCLE						False	False	Lymphoid	0.3108722825093827
ACH-000168	0.30476463386887637	0.23200003139583564	0.06083223621680486	-0.17970430343520838	-0.5507489092617031	-0.30476463386887637	PT-FTVcJW	NOMO-1	NOMO1	AMOL	Myeloid	Acute Myeloid Leukemia	Acute Monoblastic/Monocytic Leukemia	AMOL	KMT2A-MLLT3, EP300, KRAS and TP53 mutations	CVCL_1609	31.0	Adult	Female		Primary	bone_marrow	HSRRB		IFO50474	Cell Line											Suspension	MF-001-001	RPMI + 10% FBS	False						NOMO1_HAEMATOPOIETIC_AND_LYMPHOID_TISSUE		True	Approved for public sharing - CCLE		297.0	SIDM00580	908451.0		False	False	Myeloid	-0.6987718238016373
ACH-000169	-0.26186722687963354	0.18762672801286087	-0.28969165818126424	-0.585331764882535	0.56028831510793	0.26186722687963354	PT-TG4t9c	RD	RD	ERMS	Soft Tissue	Rhabdomyosarcoma	Embryonal Rhabdomyosarcoma	ERMS		CVCL_1649	7.0	Pediatric	Female	caucasian	Primary	soft_tissue	ATCC		CCl-136	Cell Line											Adherent	MF-002-001	DMEM + 10% FBS	False						RD_SOFT_TISSUE		True	Approved for public sharing - CCLE		1763.0	SIDM00847	909264.0	ACH-001790	False	False	Soft Tissue	0.6004155974321067
ACH-000170	-0.03455760268065673	-0.09532394337449686	0.27139830467225995	0.8558415679210388	0.4899915982943988	0.03455760268065673	PT-fkfBUv	PrEC LH	PRECLH	ZIMMEPCP	Prostate	Non-Cancerous	Immortalized Epithelial Cells, Prostate			CVCL_V626		Unknown	Male			prostate	The Broad Institute	Jesse Boehm		Cell Line			hTERT + SV40								Adherent									PRECLH_PROSTATE		False	Approved for public sharing - CCLE						False	False	Prostate	0.07923451860153953
ACH-000171	0.12475826091432844	-0.11319040170937872	0.21455763155087515	0.2112776857962696	0.3087609125929819	-0.12475826091432844	PT-pJpjja	VMRC-RCZ	VMRCRCZ	RCC	Kidney	Renal Cell Carcinoma	Renal Cell Carcinoma	RCC		CVCL_1791		Unknown	Unknown	asian	Primary	kidney	HSRRB		JCRB0827	Cell Line											Adherent	MF-015-001	EMEM + 10% FBS	False						VMRCRCZ_KIDNEY		False	Approved for public sharing - CCLE		738.0	SIDM00317	909781.0		False	False	Kidney	-0.28604879905761493
ACH-000172	-0.03392851041858401	-0.08043614056776753	0.19148485320352554	0.3686591538004089	0.01089031682948684	0.03392851041858401	PT-o2d0Va	TM-87	TM87	ERT	Soft Tissue	Rhabdoid Cancer	Extrarenal Rhabdoid Cancer			CVCL_8001	1.0	Pediatric	Male		Metastatic	pleural_effusion	St. Jude Children's Research Hospital	Charles Roberts		Cell Line											Adherent	MF-002-001	DMEM + 10% FBS	False						TM87_SOFT_TISSUE		True	Approved for public sharing - CCLE						False	False	Soft Tissue	0.07779212044094067
ACH-000173	0.17048468380320814	0.2911783212656221	0.7177319184324658	1.2604004417762478	1.1096419017575267	-0.17048468380320814	PT-FarRYD	JHUEM-3	JHUEM3	UCEC	Uterus	Endometrial Carcinoma	Endometrial Carcinoma	UCEC		CVCL_4657	60.0	Adult	Female		Primary	endometrium	RIKEN		RCB1552	Cell Line											Adherent	MF-007-018	DMEM:F12 + 10% FBS + 100uM NEAA	False						JHUEM3_ENDOMETRIUM		False	Approved for public sharing - CCLE						False	False	Uterus	-0.39089146243480566
ACH-000174	0.1792161421506649	-0.15600670229113991	0.21817057937937767	0.7442090515561401	0.12615032628594583	-0.1792161421506649	PT-dTkV2T	CAL-62	CAL62	THAP	Thyroid	Anaplastic Thyroid Cancer	Anaplastic Thyroid Cancer	THAP		CVCL_1112	70.0	Adult	Female		Primary	pleural_effusion	DSMZ		448	Cell Line											Adherent	MF-002-001	DMEM + 10% FBS	False						CAL62_THYROID		False	Approved for public sharing - CCLE		1753.0	SIDM00931	906828.0		True	True	Thyroid	-0.41091116418446944
ACH-000175	-0.230740318284512	-0.22000716786648788	-0.01728852837904915	-0.5696549922923839	0.6565787195990208	0.230740318284512	PT-8hjp6w	TE159T	TE159T	ZFIBSOF	Fibroblast	Non-Cancerous	Fibroblast, Soft Tissue			CVCL_1743	6.0	Pediatric	Male	caucasian		fibroblast	ATCC			Cell Line											Adherent	MF-002-001	DMEM + 10% FBS	False						TE159T_FIBROBLAST		False	Approved for public sharing - CCLE			SIDM01761			False	False	Fibroblast	0.529047058332921
ACH-000176	-0.24441435692574104	-0.2997143619429586	0.48724601361713354	0.5009900371215428	0.042377567536011976	0.24441435692574104	PT-wKL1PE	LOU-NH91	LOUNH91	LUSC	Lung	Non-Small Cell Lung Cancer	Lung Squamous Cell Carcinoma	LUSC		CVCL_2104	64.0	Adult	Female		Primary	lung	DSMZ		ACC 393	Cell Line											Adherent	MF-001-021	RPMI + 20% FBS + 2mM Glutamine	False						LOUNH91_LUNG		False	Approved for public sharing - CCLE		1506.0	SIDM00341	1298226.0		False	False	Lung	0.5603992293468868
ACH-000177	-0.06293759443277971	-0.23477830635372782	0.4924058627668124	1.2890170614934864	0.49249756515378657	0.06293759443277971	PT-Noh10Y	NCI-H660	NCIH660	PRSCC	Prostate	Prostate Small Cell Carcinoma	Prostate Small Cell Carcinoma	PRSCC		CVCL_1576	63.0	Adult	Male	caucasian	Metastatic	lymph_node	ATCC			Cell Line											Mixed	MF-001-015	RPMI + 5% FBS + 2mM Glutamine + 5ug/ml Insulin + 10ug/ml Transferrin + 30nM Selenium + 10mM HEPES + 10nM Hydrocortisone + 10nM beta-Estradiol	False						NCIH660_PROSTATE		False	Approved for public sharing - CCLE		87.0	SIDM01123	1330975.0		False	False	Prostate	0.14430485942277357
ACH-000178	1.0993367634061775	0.5004975354016356	-0.23549322655701235	-0.021407820604502137	0.09199489281324778	-1.0993367634061775	PT-3ZZnoD	Hs 766T	HS766T	PAAD	Pancreas	Pancreatic Adenocarcinoma	Pancreatic Adenocarcinoma	PAAD		CVCL_0334	64.0	Adult	Male	caucasian	Metastatic	lymph_node	ATCC		HTB 134	Cell Line											Adherent	MF-002-001	DMEM + 10% FBS	False						HS766T_PANCREAS		False	Approved for public sharing - CCLE		1843.0	SIDM00664	1298141.0		False	False	Pancreas	-2.5205862812416484
ACH-000179	0.10916815472947256	-0.05232077946527703	0.5337263928771786	1.1271900019303998	0.423164859100383	-0.10916815472947256	PT-zC9YC8	NCI-H1618	NCIH1618	SCLC	Lung	Lung Neuroendocrine Tumor	Small Cell Lung Cancer	SCLC		CVCL_1480	55.0	Adult	Female	caucasian	Metastatic	bone_marrow	ATCC		CRL-5879	Cell Line											Suspension	MF-007-010	DMEM:F12 + 5% FBS + 2mM Glutamine + 5ug/ml Insulin + 10ug/ml Transferrin + 30nM Selenium + 10nM Hydrocortisone + 10nM beta-Estradiol	False						NCIH1618_LUNG		False	Approved for public sharing - CCLE						False	False	Lung	-0.2503034214074641
ACH-000180	-0.13113183942093534	-0.11292408566191	-0.19222924348965334	-0.4424552690447198	0.6428586269709912	0.13113183942093534	PT-aCAmcw	Hs 839.T	HS839T	ZFIBSKI	Fibroblast	Non-Cancerous	Fibroblast, Skin			CVCL_0941	42.0	Adult	Female	caucasian		fibroblast	ATCC		CRL-7572	Cell Line											Adherent	MF-002-001	DMEM + 10% FBS	False						HS839T_FIBROBLAST		False	Approved for public sharing - CCLE			SIDM01724			False	False	Fibroblast	0.30066229610504736
ACH-000181	0.29142523486566224	0.23382263475392648	0.18110249707526674	0.2710023699641108	0.1601461250833238	-0.29142523486566224	PT-UbMDmb	SCC-9	SCC9	OCSC	Head and Neck	Head and Neck Squamous Cell Carcinoma	Oral Cavity Squamous Cell Carcinoma	OCSC		CVCL_1685	25.0	Adult	Male		Primary	upper_aerodigestive_tract	ATCC		CRL-1629	Cell Line											Adherent	MF-007-001	DMEM:F12 + 10% FBS	False						SCC9_UPPER_AERODIGESTIVE_TRACT		False	Approved for public sharing - CCLE		2054.0	SIDM01080	909709.0		False	False	Head and Neck	-0.6681869227533612
ACH-000182	-0.046213701332838766	-0.048974234345375095	0.020983517412992498	0.2553858893473835	-0.0227612629843807	0.046213701332838766	PT-n4Jzz1	SNU-869	SNU869	AMPCA	Ampulla of Vater	Ampullary Carcinoma	Ampullary Carcinoma	AMPCA		CVCL_5101		Unknown	Unknown	asian	Primary	biliary_tract	KCLB		869	Cell Line				Unknown							Mixed	MF-001-005	RPMI + 10% FBS + 2mM Glutamine + 25mM HEPES + 25mM Sodium bicarbonate	False						SNU869_BILIARY_TRACT		False	Approved for public sharing - CCLE			SIDM00159			False	False	Ampulla of Vater	0.1059599073390706
ACH-000183	1.079854433723205	0.8231123562792145	0.6672305077718277	-0.6230231444163463	-0.2836162274207327	-1.079854433723205	PT-T1yBnE	L-363	L363	PCM	Lymphoid	Mature B-Cell Neoplasms	Plasma Cell Myeloma	PCM		CVCL_1357	36.0	Adult	Female		Primary	haematopoietic_and_lymphoid_tissue	DSMZ		ACC 49	Cell Line											Suspension	MF-001-017	RPMI + 15% FBS	False						L363_HAEMATOPOIETIC_AND_LYMPHOID_TISSUE		False	Approved for public sharing - CCLE		2224.0	SIDM00312	924239.0		False	False	Lymphoid	-2.475916718137641
ACH-000184	-0.2942247412625564	-0.2660894919087844	-0.33331454069723726	-0.5692009246788882	0.6649753620679394	0.2942247412625564	PT-QtFjoY	Hs  343.T	HS343T	ZFIBBRE	Fibroblast	Non-Cancerous	Fibroblast, Breast			CVCL_0726	47.0	Adult	Female	caucasian		fibroblast	ATCC			Cell Line											Adherent	MF-002-001	DMEM + 10% FBS	False						HS343T_FIBROBLAST		False	Approved for public sharing - CCLE			SIDM01590			False	False	Fibroblast	0.6746056996497111
ACH-000185	-0.26421284938955597	-0.2521025396269679	-0.09243085438170495	-0.049326615920241595	0.43484040639270477	0.26421284938955597	PT-TanjHu	Hs 737.T	HS737T	ZFIBBON	Fibroblast	Non-Cancerous	Fibroblast, Bone			CVCL_0878	10.0	Pediatric	Female	caucasian		fibroblast	ATCC		CRL-7473	Cell Line											Adherent	MF-002-001	DMEM + 10% FBS	False						HS737T_FIBROBLAST		False	Approved for public sharing - CCLE			SIDM01703			False	False	Fibroblast	0.6057936982255008
ACH-000186	-0.21575423537262015	0.048970202450170294	-0.02660733275157987	-0.2935172879981695	0.42852874142938946	0.21575423537262015	PT-w40Tnr	NCI-H2444	NCIH2444	NSCLC	Lung	Non-Small Cell Lung Cancer	Non-Small Cell Lung Cancer	NSCLC		CVCL_1552		Unknown	Male		Primary	lung	ATCC		CRL-5945	Cell Line											Adherent	MF-001-001	RPMI + 10% FBS	False						NCIH2444_LUNG		False	Approved for public sharing - CCLE		1538.0	SIDM00723	1298356.0		False	False	Lung	0.49468660005057746
ACH-000187	-0.17918540664178312	-0.2934793815739331	-0.08255793678644635	0.20766476738666406	-0.4850852621799654	0.17918540664178312	PT-bfVDxm	COR-L311	CORL311	SCLC	Lung	Lung Neuroendocrine Tumor	Small Cell Lung Cancer	SCLC		CVCL_2412	63.0	Adult	Male		Primary	lung	ECACC			Cell Line											Suspension	MF-001-003	RPMI + 10% FBS + 2mM Glutamine	False						CORL311_LUNG		False	Approved for public sharing - CCLE		1167.0	SIDM00509	687980.0		False	False	Lung	0.4108406930562283
ACH-000188	0.267163232696497	0.220135151296497	-0.11144400040528904	0.046240620734069426	0.17352605000174087	-0.267163232696497	PT-Iz4kXj	SCC-25	SCC25	OCSC	Head and Neck	Head and Neck Squamous Cell Carcinoma	Oral Cavity Squamous Cell Carcinoma	OCSC		CVCL_1682	70.0	Adult	Male		Primary	upper_aerodigestive_tract	ATCC		CRL-1628	Cell Line											Adherent	MF-007-026	DMEM:F12 + 5% FBS + 2.5 mM Glutamine + 0.2 g/L sodium bicarbonate + 15 mM HEPES + 0.5 mM sodium pyruvate + 400 ng/ml hydrocortisone	False						SCC25_UPPER_AERODIGESTIVE_TRACT		False	Approved for public sharing - CCLE		1419.0	SIDM01082	910701.0	ACH-001319	False	False	Head and Neck	-0.6125584093999349
ACH-000189	-0.1623323261111978	-0.2815530834641612	-0.018352366901738044	0.12086984455526256	0.18562592908021308	0.1623323261111978	PT-yDBvIq	RCC10RGB	RCC10RGB	RCC	Kidney	Renal Cell Carcinoma	Renal Cell Carcinoma	RCC		CVCL_1647		Unknown	Male	asian	Primary	kidney	RIKEN		RCB1151	Cell Line											Adherent	MF-002-001	DMEM + 10% FBS	False						RCC10RGB_KIDNEY		False	Approved for public sharing - CCLE		1640.0	SIDM00235	909974.0		False	False	Kidney	0.37219953686453006
ACH-000190	-0.28807947601455464	-0.3023356890600424	-0.1728063802880952	0.31016716577911	0.6874299853308129	0.28807947601455464	PT-YCDBvf	HD-MY-Z	HDMYZ	AML	Myeloid	Acute Myeloid Leukemia	Acute Myeloid Leukemia	AML	NRAS Gly13Asp and TP53 Tyr234Valfs	CVCL_1273	29.0	Adult	Male			pleural_effusion	DSMZ		ACC 346	Cell Line											Adherent	MF-001-001	RPMI + 10% FBS	False						HDMYZ_HAEMATOPOIETIC_AND_LYMPHOID_TISSUE		True	Approved for public sharing - CCLE		883.0	SIDM01063	907050.0		False	False	Myeloid	0.6605156848386797
ACH-000191	-0.29359077345697365	-0.3120569603327888	-0.3802162629928745	-0.502280570476488	0.04112443453754792	0.29359077345697365	PT-Lc6cyf	BHT-101	BHT101	THAP	Thyroid	Anaplastic Thyroid Cancer	Anaplastic Thyroid Cancer	THAP		CVCL_1085	63.0	Adult	Female		Metastatic	lymph_node	DSMZ		279	Cell Line											Adherent	MF-002-009	DMEM + 20% FBS	False						BHT101_THYROID		False	Approved for public sharing - CCLE		672.0	SIDM00987	906696.0		True	True	Thyroid	0.6731521227234292
ACH-000192	0.4235973025388684	0.1883374229449048	0.6121869521923072	0.8175854744601141	0.02681057092564027	-0.4235973025388684	PT-Vhzgp5	MFE-280	MFE280	UCEC	Uterus	Endometrial Carcinoma	Endometrial Carcinoma	UCEC		CVCL_1405	77.0	Adult	Female		Primary	endometrium	DSMZ		ACC 410	Cell Line											Adherent	MF-041-002	RPMI:EMEM (1:1) + 10% FBS + 2 mM Glutamine + 1x Insulin-Transferrin-Sodium Selenite	False						MFE280_ENDOMETRIUM		False	Approved for public sharing - CCLE		1540.0	SIDM00335	908129.0		False	False	Uterus	-0.9712342796962812
ACH-000193	0.8010404499689425	0.8019230511930511	0.5845665270456653	-0.5489217282404777	-0.19577963773091778	-0.8010404499689425	PT-gADQdp	KARPAS-620	KARPAS620	PCM	Lymphoid	Mature B-Cell Neoplasms	Plasma Cell Myeloma	PCM		CVCL_1823	77.0	Adult	Female		Primary	haematopoietic_and_lymphoid_tissue	DSMZ		Discontinued	Cell Line											Suspension	MF-001-020	RPMI + 20% FBS	False						KARPAS620_HAEMATOPOIETIC_AND_LYMPHOID_TISSUE		False	Approved for public sharing - CCLE		184.0	SIDM01006	1327775.0		False	False	Lymphoid	-1.8366451810957494
ACH-000194	-0.3285957362543644	-0.31486176365508173	-0.2640276947990903	-0.4881454753241643	0.8130748990893771	0.3285957362543644	PT-RKnqyJ	Hs 934.T	HS934T	ZFIBSKI	Fibroblast	Non-Cancerous	Fibroblast, Skin			CVCL_1031	58.0	Adult	Female	caucasian	Primary	fibroblast	ATCC			Cell Line											Adherent									HS934T_FIBROBLAST		False	Approved for public sharing - CCLE						False	False	Fibroblast	0.7534123595675939
ACH-000195	1.1350859764475205	1.0972532058446607	0.12147937452300234	0.12230732591580107	0.24997956462774143	-1.1350859764475205	PT-ZJgxZb	Set-2	SET2	AMLNOS	Myeloid	Acute Myeloid Leukemia	AML, NOS	AMLNOS	ADGRE5-NOL6, CDK6-Z93241.1, JAK2 V617F, DNMT3A R882H	CVCL_2187	71.0	Adult	Female			haematopoietic_and_lymphoid_tissue	DSMZ			Cell Line											Suspension	MF-001-020	RPMI + 20% FBS	False						SET2_HAEMATOPOIETIC_AND_LYMPHOID_TISSUE		True	Approved for public sharing - CCLE	DNMT3A, JAK2 and TP53		SIDM00397			False	False	Myeloid	-2.6025529532903495
ACH-000196	0.12433609617007263	-0.018813517975782713	-0.06864892732092226	-0.31018586822127436	-0.06763222241074911	-0.12433609617007263	PT-ZerhVq	HCC1599	HCC1599	IDC	Breast	Invasive Breast Carcinoma	Breast Invasive Ductal Carcinoma	IDC		CVCL_1256	44.0	Adult	Female	caucasian	Primary	breast	ATCC			Cell Line											Suspension	MF-001-001	RPMI + 10% FBS	False						HCC1599_BREAST		False	Approved for public sharing - CCLE	basal_A TNBC	1264.0	SIDM00877	749713.0		False	False	Breast	-0.28508084938266903
ACH-000197	0.2778984261925159	0.19878587986411814	0.2663649115930373	-0.4578829208018138	-0.08935190307456176	-0.2778984261925159	PT-XChmHC	TALL-1	TALL1	TALL	Lymphoid	T-Lymphoblastic Leukemia/Lymphoma	T-Cell Acute Lymphoblastic Leukemia		STAG2-PTGER3,UHRF1-PLIN3, NRAS and TP53 mutations	CVCL_1736	28.0	Adult	Male		Primary	bone_marrow	DSMZ		521	Cell Line											Suspension	MF-001-017	RPMI + 15% FBS	False						TALL1_HAEMATOPOIETIC_AND_LYMPHOID_TISSUE		True	Approved for public sharing - CCLE	TAL1, TP53	2218.0	SIDM00370	909762.0		False	False	Lymphoid	-0.6371723242195398
ACH-000198	-0.09713190375181698	-0.13958322519573038	-0.07889005583615291	0.12057245824908332	-0.12540546752980472	0.09713190375181698	PT-FYT6ze	EOL-1	EOL1	AML	Myeloid	Acute Myeloid Leukemia	Acute Myeloid Leukemia	AML	FIP1L1::PDGFRA, KMT2A partial tandem duplication	CVCL_0258	33.0	Adult	Male		Primary	haematopoietic_and_lymphoid_tissue	DSMZ		ACC 386	Cell Line											Suspension	MF-001-001	RPMI + 10% FBS	False						EOL1_HAEMATOPOIETIC_AND_LYMPHOID_TISSUE		True	Approved for public sharing - CCLE	FIP1L1::PDGFRA, KMT2A-PTD, PHF6	426.0	SIDM00277	906856.0		False	False	Myeloid	0.22270641009870037
ACH-000199	-0.20968925505543695	-0.18499880298718732	-0.19192723202955572	-0.18875830233114466	0.09683976124275764	0.20968925505543695	PT-B6GmiY	Hs 255.T	HS255T	ZFIBCOL	Fibroblast	Non-Cancerous	Fibroblast, Colorectal			CVCL_0707	46.0	Adult	Female	caucasian		fibroblast	ATCC			Cell Line											Adherent	MF-002-001	DMEM + 10% FBS	False						HS255T_FIBROBLAST		False	Approved for public sharing - CCLE			SIDM01613			False	False	Fibroblast	0.48078066449710205
ACH-000200	-0.30606088309720764	-0.3109296615093948	0.17593803610768693	-0.03760484973963257	0.6723139081145592	0.30606088309720764	PT-bkGAPG	NMC-G1	NMCG1	GB	CNS/Brain	Adult-Type Diffuse Glioma	Glioblastoma, IDH-Wildtype	GB		CVCL_1608		Unknown	Female		Primary	central_nervous_system	HSRRB		IFO50467	Cell Line											Adherent	MF-002-001	DMEM + 10% FBS	False						NMCG1_CENTRAL_NERVOUS_SYSTEM		False	Approved for public sharing - CCLE		650.0	SIDM00575	908449.0		False	False	CNS/Brain	0.7017438958097437
ACH-000201	-0.3504150370025165	-0.34967055076477055	-0.33822649086236656	-0.2657096097562454	0.37484216089320127	0.3504150370025165	PT-aQ70tK	A-204	A204	MRT	Kidney	Rhabdoid Cancer	Rhabdoid Cancer	MRT		CVCL_1058	1.0	Pediatric	Female		Primary	soft_tissue	ATCC		HTB-82	Cell Line											Adherent	MF-023-001	McCoy's 5A + 10% FBS	False						A204_SOFT_TISSUE		True	Approved for public sharing - CCLE		349.0	SIDM00798	910784.0		False	False	Kidney	0.8034401872204
ACH-000202	-0.10682332919230196	-0.12066343439517346	-0.12093632381435254	-0.4540531393419221	-0.3232945819221743	0.10682332919230196	PT-UB7otW	COLO-320	COLO320	COAD	Bowel	Colorectal Adenocarcinoma	Colon Adenocarcinoma	COAD		CVCL_1989	55.0	Adult	Female	caucasian	Primary	large_intestine	DSMZ		ACC 144	Cell Line											Adherent	MF-001-001	RPMI + 10% FBS	False						COLO320_LARGE_INTESTINE		False	Approved for public sharing - CCLE			SIDM00071			False	False	Bowel	0.24492714793273312
ACH-000203	-0.12806369153745897	-0.12497572428206408	-0.1307228628381299	-0.6035753515375751	0.9393182345565052	0.12806369153745897	PT-9PJrBN	NH-6	NH6	NBL	Peripheral Nervous System	Neuroblastoma	Neuroblastoma	NBL		CVCL_1606	0.0	Pediatric	Female		Metastatic	autonomic_ganglia	HSRRB			Cell Line											Adherent	MF-001-001	RPMI + 10% FBS	False						NH6_AUTONOMIC_GANGLIA		True	Approved for public sharing - CCLE	MYC_Amplified					False	False	Peripheral Nervous System	0.29362757142254914
ACH-000204	0.43610925604618445	0.408141320599967	0.17982285033480747	-0.574882834621683	-0.32850031700205534	-0.43610925604618445	PT-gN5ZVQ	LP-1	LP1	PCM	Lymphoid	Mature B-Cell Neoplasms	Plasma Cell Myeloma	PCM		CVCL_0012	56.0	Adult	Female		Primary	haematopoietic_and_lymphoid_tissue	HSRRB			Cell Line											Mixed	MF-005-001	IMDM + 10% FBS	False						LP1_HAEMATOPOIETIC_AND_LYMPHOID_TISSUE		False	Approved for public sharing - CCLE		1794.0	SIDM00340	907791.0		False	False	Lymphoid	-0.9999219934268387
ACH-000205	-0.07138959223477226	-0.08996315027009205	-0.12211520971533492	0.12294189431686209	0.5120907184974263	0.07138959223477226	PT-GiBvWu	PK-59	PK59	PAAD	Pancreas	Pancreatic Adenocarcinoma	Pancreatic Adenocarcinoma	PAAD		CVCL_4897	66.0	Adult	Female		Metastatic	liver	JCRB		RCB1901	Cell Line											Adherent	MF-001-001	RPMI + 10% FBS	False						PK59_PANCREAS		False	Approved for public sharing - CCLE						False	False	Pancreas	0.16368380718285652
ACH-000206	-0.31184882954343274	-0.30394468081245746	-0.37975662257662396	-0.25719453198722775	-0.2829574067711337	0.31184882954343274	PT-vEZ2Aw	C8166	C8166	ZTRABL	Lymphoid	Non-Cancerous	Transformed cell line, B lymphoblast		NRAS Gln61Lys	CVCL_1099	0.0	Fetus	Male			B lymphoblastoid cells	Sigma-Aldrich		88051601	Cell Line			HTLV-1								Suspension	MF-001-001	RPMI + 10% FBS	False						C8166_HAEMATOPOIETIC_AND_LYMPHOID_TISSUE		True	Approved for public sharing - CCLE			SIDM00072			False	False	Lymphoid	0.7150146413124356
ACH-000207	0.41166569035292083	0.14989911740777154	-0.04651767954735305	-0.2749897183678597	-0.06215249665491973	-0.41166569035292083	PT-5QKbtV	Detroit 562	DETROIT562	OPHSC	Head and Neck	Head and Neck Squamous Cell Carcinoma	Oropharynx Squamous Cell Carcinoma	OPHSC		CVCL_1171		Unknown	Female	caucasian	Metastatic	pleural_effusion	ATCC		CCL-138	Cell Line											Adherent	MF-015-001	EMEM + 10% FBS	False						DETROIT562_UPPER_AERODIGESTIVE_TRACT		False	Approved for public sharing - CCLE		2075.0	SIDM00831	906837.0		False	False	Head and Neck	-0.9438771867743525
ACH-000208	-0.20369024162229976	-0.17967468979146695	-0.12548488552741963	-0.3026436304052311	0.17195032740560906	0.20369024162229976	PT-i3H4Hx	U-178	U178	ASTR	CNS/Brain	Adult-Type Diffuse Glioma	Astrocytoma, IDH-Mutant	ASTR		CVCL_A758	56.0	Adult	Male		Primary	central_nervous_system	Academic lab	Linda Chin		Cell Line											Adherent	MF-002-001	DMEM + 10% FBS	False						U178_CENTRAL_NERVOUS_SYSTEM		False	Approved for public sharing - CCLE						False	False	CNS/Brain	0.46702597943253726
ACH-000209	0.11844305829614732	-0.10156886401497134	0.06293582176575141	0.6353659922143637	0.4088246826054837	-0.11844305829614732	PT-xTQ9GQ	SNU-1079	SNU1079	IHCH	Biliary Tract	Intraductal Papillary Neoplasm of the Bile Duct	Intrahepatic Cholangiocarcinoma	IHCH		CVCL_5008		Unknown	Male		Primary	biliary_tract	KCLB		SNU1079	Cell Line											Adherent	MF-001-005	RPMI + 10% FBS + 2mM Glutamine + 25mM HEPES + 25mM Sodium bicarbonate	False						SNU1079_BILIARY_TRACT		False	Approved for public sharing - CCLE			SIDM00164			False	False	Biliary Tract	-0.27156914767824286
ACH-000210	0.4662874019860185	0.5135009505262179	0.20048727529011767	-0.10356716335713861	-0.29265413511896143	-0.4662874019860185	PT-L8aHyf	CADO-ES1	CADOES1	ES	Bone	Ewing Sarcoma	Ewing Sarcoma	ES		CVCL_1103	19.0	Adult	Female	asian	Metastatic	pleural_effusion	DSMZ		ACC 255	Cell Line											Suspension	MF-001-001	RPMI + 10% FBS	False						CADOES1_BONE		True	Approved for public sharing - CCLE	EWS::ERG	1523.0	SIDM00961	753539.0		False	False	Bone	-1.069115186251183
ACH-000211	-0.1144665601271668	-0.07654112712402177	0.02011825651485773	-0.07970767399744655	0.573832939691702	0.1144665601271668	PT-5fvUg8	Daoy	DAOY	MBLNOS	CNS/Brain	Embryonal Tumor	Medulloblastoma, NOS	MBLNOS		CVCL_1167	4.0	Pediatric	Male	caucasian	Primary	central_nervous_system	ATCC		HTB-186	Cell Line											Adherent	MF-006-001	MEM + 10% FBS	False						DAOY_CENTRAL_NERVOUS_SYSTEM		True	Approved for public sharing - CCLE	MYC_No	2150.0	SIDM00887	906833.0		False	False	CNS/Brain	0.26245173519304654
ACH-000212	-0.3146751034532595	-0.30977252345531814	0.5248797748104823	0.6901778521462504	0.5116477749593576	0.3146751034532595	PT-y6HadC	CAL-120	CAL120	BRCA	Breast	Invasive Breast Carcinoma	Invasive Breast Carcinoma	BRCA		CVCL_1104	43.0	Adult	Female		Metastatic	pleural_effusion	DSMZ			Cell Line											Adherent	MF-002-001	DMEM + 10% FBS	False						CAL120_BREAST		False	Approved for public sharing - CCLE	basal_B TNBC	1748.0	SIDM00940	906826.0		False	False	Breast	0.7214947914186396
ACH-000213	-0.3438984263816214	-0.3226473866317548	-0.3356221266142306	-0.4993818858714965	-0.3115962290976725	0.3438984263816214	PT-Fn6aO6	HUP-T4	HUPT4	PAAD	Pancreas	Pancreatic Adenocarcinoma	Pancreatic Adenocarcinoma	PAAD		CVCL_1300	60.0	Adult	Male	asian	Metastatic	ascites	DSMZ		AC 223	Cell Line											Adherent	MF-003-001	AlphaMEM + 10% FBS	False						HUPT4_PANCREAS		False	Approved for public sharing - CCLE		618.0	SIDM00531	907286.0		False	False	Pancreas	0.7884987426349132
ACH-000214	-0.33173473111848534	-0.32572756527267055	-0.41947208361556576	-0.35174483576755955	0.28325225422352446	0.33173473111848534	PT-R4JkKl	Hs 675.T	HS675T	ZFIBCOL	Fibroblast	Non-Cancerous	Fibroblast, Colorectal			CVCL_0836		Unknown	Male	caucasian		fibroblast	ATCC			Cell Line											Adherent	MF-002-001	DMEM + 10% FBS	False						HS675T_FIBROBLAST		False	Approved for public sharing - CCLE			SIDM01564			False	False	Fibroblast	0.760609523944119
ACH-000215	-0.1854430130093403	-0.23598500992217689	-0.051660208783151	-0.5091409241687018	0.3170634498393232	0.1854430130093403	PT-G8e35b	LN382	LN382	GB	CNS/Brain	Adult-Type Diffuse Glioma	Glioblastoma, IDH-Wildtype	GB		CVCL_3956	67.0	Adult	Male		Primary	central_nervous_system	Academic lab	Linda Chin		Cell Line											Adherent	MF-002-001	DMEM + 10% FBS	False						LN382_CENTRAL_NERVOUS_SYSTEM		False	Approved for public sharing - CCLE					ACH-001299	False	False	CNS/Brain	0.42518828634020484
ACH-000216	-0.32615286134167976	-0.31155294542938394	-0.09998206541121078	-0.10934712565017497	0.12783785762909963	0.32615286134167976	PT-Y4syw7	JH-EsoAd1	JHESOAD1	ESCA	Esophagus/Stomach	Esophagogastric Adenocarcinoma	Esophageal Adenocarcinoma	ESCA		CVCL_8098	66.0	Adult	Male			oesophagus	Academic lab			Cell Line											Adherent	MF-001-020	RPMI + 20% FBS	False						JHESOAD1_OESOPHAGUS		False	Approved for public sharing - CCLE						False	False	Esophagus/Stomach	0.747811276081016
ACH-000217	-0.03093442782326189	-0.17024151781223504	-0.07205602078825228	0.0451433208813137	0.5284578712575313	0.03093442782326189	PT-YfFi4d	JHH-6	JHH6	HCC	Liver	Hepatocellular Carcinoma	Hepatocellular Carcinoma	HCC		CVCL_2788	57.0	Adult	Female	asian	Primary	liver	HSRRB		JCRB1030	Cell Line											Adherent	MF-022-001	William's E medium + 10% FBS	False						JHH6_LIVER		False	Approved for public sharing - CCLE		1824.0	SIDM00615	1240159.0		False	False	Liver	0.07092721446682383
ACH-000218	-0.25396656796426853	-0.18498376286612814	-0.37143303718505555	-0.04836780552562281	0.0017763328854121876	0.25396656796426853	PT-ADoL4a	PL-21	PL21	AMLMRC	Myeloid	Acute Myeloid Leukemia	AML with Myelodysplasia-Related Changes	AMLMRC	No PML-RARA fusion	CVCL_2161	24.0	Adult	Male		Primary	haematopoietic_and_lymphoid_tissue	DSMZ		ACC 539	Cell Line											Suspension	MF-001-020	RPMI + 20% FBS	False						PL21_HAEMATOPOIETIC_AND_LYMPHOID_TISSUE		True	Approved for public sharing - CCLE	TP53, KRAS, ASXL1 and MYC	698.0	SIDM00450	1330991.0		False	False	Myeloid	0.5823007729872876
ACH-000219	-0.32082186932012047	-0.2044813478482131	-0.3644793639545456	0.013341945589806614	0.23320501662501772	0.32082186932012047	PT-3FxmoJ	A-375	A375	MEL	Skin	Melanoma	Melanoma	MEL		CVCL_0132	54.0	Adult	Female		Primary	skin	ATCC		CRL-1619	Cell Line											Adherent	MF-002-001	DMEM + 10% FBS	False						A375_SKIN		False	Approved for public sharing - CCLE		953.0	SIDM00795	906793.0	ACH-002874, ACH-003606	False	False	Skin	0.7355882468853788
ACH-000220	-0.04289486716178605	-0.03529471373954213	-0.1774750026073778	-0.13582109213301158	-0.20403362588223756	0.04289486716178605	PT-WbLsVj	Mino	MINO	MCL	Lymphoid	Mature B-Cell Neoplasms	Mantle Cell Lymphoma	MCL		CVCL_1872	68.0	Adult	Male	caucasian		haematopoietic_and_lymphoid_tissue	ATCC			Cell Line											Suspension	MF-001-001	RPMI + 10% FBS	False						MINO_HAEMATOPOIETIC_AND_LYMPHOID_TISSUE		False	Approved for public sharing - CCLE						False	False	Lymphoid	0.09835040299087419
ACH-000221	-0.2417738759656784	-0.2674137944909439	-0.35000287805263186	-0.21915763239194186	0.021486201276569177	0.2417738759656784	PT-7v9ThA	SNU-398	SNU398	HCC	Liver	Hepatocellular Carcinoma	Hepatocellular Carcinoma	HCC		CVCL_0077	42.0	Adult	Male	asian	Primary	liver	ATCC		CRL-2233	Cell Line											Adherent	MF-001-001	RPMI + 10% FBS	False						SNU398_LIVER		False	Approved for public sharing - CCLE		2169.0	SIDM01181	1240217.0		False	False	Liver	0.554345069870593
ACH-000222	0.47028056570793414	0.5218465458014785	-0.22406973307558728	0.1738498896029102	-0.09168850413536941	-0.47028056570793414	PT-y5xucl	AsPC-1	ASPC1	PAAD	Pancreas	Pancreatic Adenocarcinoma	Pancreatic Adenocarcinoma	PAAD		CVCL_0152	62.0	Adult	Female	caucasian	Metastatic	ascites	ATCC		CRL-1682	Cell Line											Adherent	MF-001-001	RPMI + 10% FBS	False						ASPC1_PANCREAS		False	Approved for public sharing - CCLE		59.0	SIDM00899	910702.0		False	False	Pancreas	-1.078270809924703
ACH-000223	-0.05017852435889324	-0.06036441037486351	-0.02888900526539835	-0.3281481781423595	0.9541899706426256	0.05017852435889324	PT-Vntr9y	HCC1937	HCC1937	IDC	Breast	Invasive Breast Carcinoma	Breast Invasive Ductal Carcinoma	IDC		CVCL_0290	24.0	Adult	Female	caucasian	Primary	breast	ATCC			Cell Line											Adherent	MF-001-001	RPMI + 10% FBS	False						HCC1937_BREAST		False	Approved for public sharing - CCLE	basal_A TNBC	936.0	SIDM00874	749714.0		False	False	Breast	0.11505055077035142
ACH-000224	-0.009520960085171642	0.02731086113315267	-0.2186803969691622	-0.5160015595162317	-0.1893002427229906	0.009520960085171642	PT-ethUtA	Hs 819.T	HS819T	ZFIBBON	Fibroblast	Non-Cancerous	Fibroblast, Bone			CVCL_0928	60.0	Adult	Male	caucasian		fibroblast	ATCC			Cell Line											Adherent	MF-002-001	DMEM + 10% FBS	False						HS819T_FIBROBLAST		False	Approved for public sharing - CCLE			SIDM01699			False	False	Fibroblast	0.021829890688433388
ACH-000225	-0.10674462765938514	-0.29940690995086294	-0.28772977954611634	-0.2614339163264902	0.2178308170985113	0.10674462765938514	PT-0QAhIt	ECC12	ECC12	STSC	Esophagus/Stomach	Esophagogastric Adenocarcinoma	Small Cell Carcinoma of the Stomach	STSC		CVCL_1189	63.0	Adult	Male		Primary	stomach	RIKEN		RCB1009	Cell Line											Adherent	MF-001-001	RPMI + 10% FBS	False						ECC12_STOMACH		False	Approved for public sharing - CCLE		2094.0	SIDM00279	906849.0		False	False	Esophagus/Stomach	0.24474669912870317
ACH-000226	-0.13477991134616635	0.6582832991620419	0.14210168795877548	-0.34972399171920315	0.4061906954881594	0.13477991134616635	PT-ktST3K	SUP-M2	SUPM2	ALCLALKP	Lymphoid	Mature T and NK Neoplasms	Anaplastic Large-Cell Lymphoma ALK Positive	ALCLALKP	NPM1-ALK	CVCL_2209	5.0	Pediatric	Female			central_nervous_system	DSMZ			Cell Line											Suspension	MF-001-020	RPMI + 20% FBS	False						SUPM2_HAEMATOPOIETIC_AND_LYMPHOID_TISSUE		True	Approved for public sharing - CCLE		1878.0	SIDM00421	1331040.0		False	False	Lymphoid	0.3090266848472463
ACH-000227	-0.1374321787826731	-0.12210034133484633	-0.2231229466378328	-0.45927185309428753	-0.026037925688988547	0.1374321787826731	PT-N9Xbr1	KP-N-YN	KPNYN	NBL	Peripheral Nervous System	Neuroblastoma	Neuroblastoma	NBL		CVCL_1341	2.0	Pediatric	Male		Metastatic	lymph_node	HSRRB		IFO50431	Cell Line											Adherent	MF-001-001	RPMI + 10% FBS	False						KPNYN_AUTONOMIC_GANGLIA		True	Approved for public sharing - CCLE	MYC_Amplified	1977.0	SIDM00556	907314.0		False	False	Peripheral Nervous System	0.3151078686456752
ACH-000228	0.7255733399649327	0.7797926914197624	0.1553291490665969	-0.008952356774440395	0.9547886866708257	-0.7255733399649327	PT-HX0QLG	BICR 31	BICR31	OCSC	Head and Neck	Head and Neck Squamous Cell Carcinoma	Oral Cavity Squamous Cell Carcinoma	OCSC		CVCL_2312		Unknown	Male	caucasian	Primary	upper_aerodigestive_tract	ECACC		4072107	Cell Line											Adherent	MF-002-001	DMEM + 10% FBS	False						BICR31_UPPER_AERODIGESTIVE_TRACT		False	Approved for public sharing - CCLE		940.0	SIDM00078	1290725.0		False	False	Head and Neck	-1.663612341211744
ACH-000229	-0.23974739270042034	-0.27437673175794336	-0.1265577556307047	-0.3188691964895793	0.14907237749417915	0.23974739270042034	PT-DGfHIv	Hs 822.T	HS822T	ZFIBBON	Fibroblast	Non-Cancerous	Fibroblast, Bone			CVCL_0933	9.0	Pediatric	Female	caucasian	Primary	fibroblast	ATCC			Cell Line											Adherent	MF-002-001	DMEM + 10% FBS	False						HS822T_FIBROBLAST		False	Approved for public sharing - CCLE						False	False	Fibroblast	0.5496986993610242
ACH-000230	-0.3091092621046453	-0.2793681103755353	-0.22661049035987046	-0.315008393807369	0.020278353035443026	0.3091092621046453	PT-ZWtwNq	Hs 742.T	HS742T	ZFIBBRE	Fibroblast	Non-Cancerous	Fibroblast, Breast			CVCL_0888	71.0	Adult	Female	caucasian		fibroblast	ATCC		CRL-7482 BSL 1	Cell Line											Adherent	MF-002-001	DMEM + 10% FBS	False						HS742T_FIBROBLAST		False	Approved for public sharing - CCLE			SIDM01701			False	False	Fibroblast	0.7087332939286288
ACH-000231	-0.11221115075855882	-0.15478502898066063	0.18992851826737234	-0.5639996680626655	0.5258848024164797	0.11221115075855882	PT-nIom71	KALS-1	KALS1	GB	CNS/Brain	Adult-Type Diffuse Glioma	Glioblastoma, IDH-Wildtype	GB		CVCL_1323	74.0	Adult	Female		Primary	central_nervous_system	HSRRB		IFO50434	Cell Line											Adherent	MF-001-014	RPMI + 5% FBS	False						KALS1_CENTRAL_NERVOUS_SYSTEM		False	Approved for public sharing - CCLE		1936.0	SIDM00613	907271.0		False	False	CNS/Brain	0.2572804773016222
ACH-000232	-0.1677240005116496	-0.24439500151077823	-0.14740954882489937	-0.42602352374631586	0.6473766575921133	0.1677240005116496	PT-88IC1n	U-251 MG	U251MG	ASTR	CNS/Brain	Adult-Type Diffuse Glioma	Astrocytoma, IDH-Mutant	ASTR		CVCL_0021	75.0	Adult	Male		Primary	central_nervous_system	HSRRB		JCRB1386	Cell Line											Adherent	MF-002-001	DMEM + 10% FBS	False						U251MG_CENTRAL_NERVOUS_SYSTEM		False	Approved for public sharing - CCLE		1913.0	SIDM00111	905983.0		False	False	CNS/Brain	0.38456170010611296
ACH-000233	-0.12073837577962662	0.7708314859774745	0.005173940924153551	-0.42871894378181086	0.5692874423983634	0.12073837577962662	PT-zshCzw	DEL	DEL	ALCLALKP	Lymphoid	Mature T and NK Neoplasms	Anaplastic Large-Cell Lymphoma ALK Positive	ALCLALKP	NPM1-ALK, RAC1 Ala88Glu, and TP53 Ser215Cys	CVCL_1170	12.0	Pediatric	Male			pleural_effusion	DSMZ		ACC 338	Cell Line											Suspension	MF-001-001	RPMI + 10% FBS	False						DEL_HAEMATOPOIETIC_AND_LYMPHOID_TISSUE		True	Approved for public sharing - CCLE		793.0	SIDM00949	906836.0		False	False	Lymphoid	0.27683190787378675
ACH-000234	0.28157960186132114	-0.22680415598659523	0.4887624819523768	0.5115764837657278	0.27500492998979637	-0.28157960186132114	PT-A9d4DI	Caki-2	CAKI2	PRCC	Kidney	Renal Cell Carcinoma	Papillary Renal Cell Carcinoma	PRCC		CVCL_0235	69.0	Adult	Male	caucasian	Primary	kidney	ATCC		HTB-47	Cell Line											Adherent	MF-023-001	McCoy's 5A + 10% FBS	False						CAKI2_KIDNEY		False	Approved for public sharing - CCLE						False	False	Kidney	-0.6456126140365399
ACH-000235	-0.1831689036597717	-0.18144733142845101	-0.30618067071358684	0.11898372598451185	-0.10385932872605605	0.1831689036597717	PT-zLTXv3	Panc 04.03	PANC0403	PAAD	Pancreas	Pancreatic Adenocarcinoma	Pancreatic Adenocarcinoma	PAAD		CVCL_1636	70.0	Adult	Male	caucasian	Primary	pancreas	ATCC		CRL-2555	Cell Line											Adherent	MF-001-043	RPMI + 10% FBS + 1mM Sodium pyruvate	False						PANC0403_PANCREAS		False	Approved for public sharing - CCLE		2123.0	SIDM01137	1298476.0		False	False	Pancreas	0.41997415267400623
ACH-000236	-0.19622628435700973	-0.10486752242288458	-0.25579767433058614	-0.3342189312182289	0.1683712587330442	0.19622628435700973	PT-DDlBLT	SW1417	SW1417	COAD	Bowel	Colorectal Adenocarcinoma	Colon Adenocarcinoma	COAD		CVCL_1717	53.0	Adult	Female	caucasian	Primary	Colon	ATCC			Cell Line											Suspension	MF-021-002	L-15 + 10% FBS + 2mM Glutamine	False						SW1417_LARGE_INTESTINE		False	Approved for public sharing - CCLE		974.0	SIDM00812	909747.0		False	False	Bowel	0.4499124352366966
ACH-000237	0.2504803435541544	0.2266350231947244	0.966343730512501	0.5131028821299908	0.8620293325837807	-0.2504803435541544	PT-wwKJYr	JHOM-1	JHOM1	MOV	Ovary/Fallopian Tube	Ovarian Epithelial Tumor	Mucinous Ovarian Cancer	MOV		CVCL_4644	88.0	Adult	Female		Primary	ovary	RIKEN		RCB1676	Cell Line											Adherent	MF-007-018	DMEM:F12 + 10% FBS + 100uM NEAA	False						JHOM1_OVARY		False	Approved for public sharing - CCLE						False	False	Ovary/Fallopian Tube	-0.5743074721954202
ACH-000238	0.4847536556119376	0.4482746836093906	0.1817485205599843	0.29507689275141336	0.28460627752948087	-0.4847536556119376	PT-Kf5TA3	SCC-4	SCC4	OCSC	Head and Neck	Head and Neck Squamous Cell Carcinoma	Oral Cavity Squamous Cell Carcinoma	OCSC		CVCL_1684	55.0	Adult	Male		Primary	upper_aerodigestive_tract	ATCC			Cell Line											Adherent	MF-007-022	DMEM:F12 + 10% FBS + 0.4ug/ml Hydrocortisone	False						SCC4_UPPER_AERODIGESTIVE_TRACT		False	Approved for public sharing - CCLE		1476.0	SIDM01081	910904.0	ACH-001320	False	False	Head and Neck	-1.1114550652626003
ACH-000239	-0.0626173972978369	-0.04156494997969276	-0.38018072738927017	-0.03388017959792622	0.1554443739956441	0.0626173972978369	PT-dhqDHo	HuG1-N	HUG1N	TSTAD	Esophagus/Stomach	Esophagogastric Adenocarcinoma	Tubular Stomach Adenocarcinoma	TSTAD		CVCL_4846	55.0	Adult	Male	asian	Metastatic	stomach	RIKEN		RCB1179	Cell Line											Mixed	MF-001-001	RPMI + 10% FBS	False						HUG1N_STOMACH		False	Approved for public sharing - CCLE						False	False	Esophagus/Stomach	0.14357070358218377
ACH-000240	-0.1892472142458312	-0.12571749023711049	0.22820943026978188	0.16061207682826134	0.6977807213220262	0.1892472142458312	PT-I7SpWg	Hs 600.T	HS600T	ZFIBSKI	Fibroblast	Non-Cancerous	Fibroblast, Skin			CVCL_0814		Unknown	Male		Primary	fibroblast	ATCC			Cell Line											Adherent	MF-002-001	DMEM + 10% FBS	False						HS600T_FIBROBLAST		False	Approved for public sharing - CCLE						False	False	Fibroblast	0.43391065219475117
ACH-000241	0.4189952568944848	0.39894409996723135	-0.30290416138542015	0.09001078160140219	-0.017458344093000604	-0.4189952568944848	PT-0V5kh0	JK-1	JK1	CMLBCRABL1	Myeloid	Myeloproliferative Neoplasms	Chronic Myeloid Leukemia, BCR-ABL1+	CMLBCRABL1	BCR::ABL1 (e13-a2)	CVCL_2079	58.0	Adult	Male		Primary	haematopoietic_and_lymphoid_tissue	DSMZ			Cell Line											Suspension	MF-001-020	RPMI + 20% FBS	False						JK1_HAEMATOPOIETIC_AND_LYMPHOID_TISSUE		True	Approved for public sharing - CCLE	BCR::ABL1					False	False	Myeloid	-0.9606825966242621
ACH-000242	0.11166692298713181	0.09681768620237223	0.1884196253989569	0.2193204470620766	0.599548013528871	-0.11166692298713181	PT-9zV4k1	RT4	RT4	BLCA	Bladder/Urinary Tract	Bladder Urothelial Carcinoma	Bladder Urothelial Carcinoma	BLCA		CVCL_0036	63.0	Adult	Male	caucasian	Primary	urinary_tract	ATCC		HTB-2	Cell Line											Adherent	MF-023-001	McCoy's 5A + 10% FBS	False						RT4_URINARY_TRACT		False	Approved for public sharing - CCLE		1309.0	SIDM01085	687455.0		False	False	Bladder/Urinary Tract	-0.25603265852561813
ACH-000243	0.32798412692642354	-0.16869813048979018	-0.1319476980442429	0.3455192842580997	0.7825220659448556	-0.32798412692642354	PT-dLpuzD	DAN-G	DANG	PAAD	Pancreas	Pancreatic Adenocarcinoma	Pancreatic Adenocarcinoma	PAAD		CVCL_0243	68.0	Adult	Female		Primary	pancreas	DSMZ		ACC 249	Cell Line											Adherent	MF-001-001	RPMI + 10% FBS	False						DANG_PANCREAS		False	Approved for public sharing - CCLE		871.0	SIDM00950	1290797.0		False	False	Pancreas	-0.7520100467069646
ACH-000244	-0.27668414158054805	-0.3038964452210867	-0.2753706615055353	-0.6299107939511803	0.17837577395860313	0.27668414158054805	PT-9fPvh2	DK-MG	DKMG	GB	CNS/Brain	Adult-Type Diffuse Glioma	Glioblastoma, IDH-Wildtype	GB		CVCL_1173	67.0	Adult	Female		Primary	central_nervous_system	DSMZ		ACC 277	Cell Line											Adherent	MF-001-003	RPMI + 10% FBS + 2mM Glutamine	False						DKMG_CENTRAL_NERVOUS_SYSTEM		False	Approved for public sharing - CCLE		1386.0	SIDM00947	906839.0		False	False	CNS/Brain	0.6343881826931838
ACH-000245	-0.31704392110227686	-0.3209856732032963	-0.32680198951542966	-0.211792490501943	-0.9037562640005135	0.31704392110227686	PT-IrNAYx	BL-41	BL41	BL	Lymphoid	Mature B-Cell Neoplasms	Burkitt Lymphoma	BL	TP53 Arg248Gln	CVCL_1087	8.0	Pediatric	Male	caucasian		haematopoietic_and_lymphoid_tissue	DSMZ			Cell Line											Suspension	MF-001-001	RPMI + 10% FBS	False						BL41_HAEMATOPOIETIC_AND_LYMPHOID_TISSUE		True	Approved for public sharing - CCLE		737.0	SIDM00985	910706.0		False	False	Lymphoid	0.7269260745955766
ACH-000247	-0.22088417038824074	-0.11737433911497516	-0.16928110838437405	-0.12722984190197284	0.04784300905569837	0.22088417038824074	PT-JKf5mS	OCUM-1	OCUM1	DSTAD	Esophagus/Stomach	Esophagogastric Adenocarcinoma	Diffuse Type Stomach Adenocarcinoma	DSTAD		CVCL_3084	38.0	Adult	Female	asian	Metastatic	stomach	HSRRB			Cell Line											Mixed	MF-002-001	DMEM + 10% FBS	False						OCUM1_STOMACH		False	Approved for public sharing - CCLE		1712.0	SIDM00568	1298358.0		False	False	Esophagus/Stomach	0.506448640814111
ACH-000248	1.1114282693367759	0.684123502802555	1.0689629613022165	-0.7695958081160901	-0.018216047738937164	-1.1114282693367759	PT-8CE6ah	AU565	AU565	BRCA	Breast	Invasive Breast Carcinoma	Invasive Breast Carcinoma	BRCA		CVCL_1074	43.0	Adult	Female	caucasian	Metastatic	pleural_effusion	ATCC			Cell Line											Adherent	MF-002-001	DMEM + 10% FBS	False						AU565_BREAST		False	Approved for public sharing - CCLE	HER2+	726.0	SIDM00898	910704.0		False	False	Breast	-2.5483099824610878
ACH-000249	1.0506295719067855	1.0041790764442484	-0.22342842377385352	-0.5947663463902839	0.22756971480361082	-1.0506295719067855	PT-hYUBUD	CL-11	CL11	COAD	Bowel	Colorectal Adenocarcinoma	Colon Adenocarcinoma	COAD		CVCL_1978		Unknown	Male		Primary	Colon	DSMZ		ACC 467	Cell Line											Adherent	MF-007-019	DMEM:F12 + 20% FBS	False						CL11_LARGE_INTESTINE		False	Approved for public sharing - CCLE		1153.0	SIDM00944	1290769.0		False	False	Bowel	-2.4089092385211037
ACH-000250	-0.18356766590762105	-0.2586536015531611	0.046931111532911254	0.06944773833967904	0.40623178616912764	0.18356766590762105	PT-66upm1	KMRC-20	KMRC20	CCRCC	Kidney	Renal Cell Carcinoma	Renal Clear Cell Carcinoma	CCRCC		CVCL_2986		Unknown	Unknown		Primary	kidney	HSRRB		JCRB1071	Cell Line											Adherent	MF-001-001	RPMI + 10% FBS	False						KMRC20_KIDNEY		False	Approved for public sharing - CCLE		1515.0	SIDM00609	1298169.0		False	False	Kidney	0.4208884445314821
ACH-000251	-0.18941362081435298	-0.22865013338165796	-0.0718181978361064	0.3366471303970139	-0.18230457530242866	0.18941362081435298	PT-l5gD1h	NCI-H2887	NCIH2887	NSCLC	Lung	Non-Small Cell Lung Cancer	Non-Small Cell Lung Cancer	NSCLC		CVCL_5159	31.0	Adult	Male		Primary	lung	Academic lab			Cell Line											Adherent	MF-001-001	RPMI + 10% FBS	False						NCIH2887_LUNG		False	Approved for public sharing - CCLE						False	False	Lung	0.4342921932544942
ACH-000252	0.0359580230000506	0.6078113975719346	-0.07569972390109654	-0.5934120685846553	-0.02836324873795412	-0.0359580230000506	PT-XQHvQF	LS1034	LS1034	COAD	Bowel	Colorectal Adenocarcinoma	Colon Adenocarcinoma	COAD		CVCL_1382	54.0	Adult	Male	caucasian	Primary	large_intestine	ATCC		CRL-2158	Cell Line											Adherent	MF-001-001	RPMI + 10% FBS	False						LS1034_LARGE_INTESTINE		False	Approved for public sharing - CCLE		1756.0	SIDM00681	917486.0		False	False	Bowel	-0.08244543664097556
ACH-000253	-0.08750438917892264	0.06893386347758021	-0.0551005314969957	-0.1391233522365964	0.055879342849938264	0.08750438917892264	PT-BLAWlD	COLO 201	COLO201	COAD	Bowel	Colorectal Adenocarcinoma	Colon Adenocarcinoma	COAD		CVCL_1987	70.0	Adult	Male	caucasian	Metastatic	ascites	ATCC			Cell Line											Mixed	MF-001-001	RPMI + 10% FBS	False						COLO201_LARGE_INTESTINE		False	Approved for public sharing - CCLE			SIDM00823			False	False	Bowel	0.20063220866864645
ACH-000254	0.7076787468454415	0.6666176311003184	0.13704188578923332	-0.03889417469086412	0.2076400701087158	-0.7076787468454415	PT-nowpOK	SCC-15	SCC15	OCSC	Head and Neck	Head and Neck Squamous Cell Carcinoma	Oral Cavity Squamous Cell Carcinoma	OCSC		CVCL_1681	55.0	Adult	Male			upper_aerodigestive_tract	ATCC			Cell Line											Adherent	MF-007-027	DMEM:F12 + 10% FBS + 2.5 mM Glutamine + 1.2 g/L sodium bicarbonate + 15 mM HEPES + 0.5 mM sodium pyruvate + 400 ng/ml hydrocortisone	False						SCC15_UPPER_AERODIGESTIVE_TRACT		False	Approved for public sharing - CCLE		2053.0	SIDM01083	910911.0		False	False	Head and Neck	-1.6225831794236512
ACH-000255	-0.33477780916000727	-0.18585352095097143	0.27812439773167263	0.15020424933009374	0.7413636626876211	0.33477780916000727	PT-cxJQjg	LMSU	LMSU	STAD	Esophagus/Stomach	Esophagogastric Adenocarcinoma	Stomach Adenocarcinoma	STAD		CVCL_4849	27.0	Adult	Female		Metastatic	lymph_node	RIKEN		RCB1062	Cell Line											Adherent	MF-004-001	F12 + 10% FBS	False						LMSU_STOMACH		False	Approved for public sharing - CCLE						False	False	Esophagus/Stomach	0.7675867678784
ACH-000256	-0.10196329717407368	0.018915482969457886	0.11194734331836659	0.5854463913751636	-0.08217860200400616	0.10196329717407368	PT-qexSkk	COV318	COV318	HGSOC	Ovary/Fallopian Tube	Ovarian Epithelial Tumor	High-Grade Serous Ovarian Cancer	HGSOC		CVCL_2419		Unknown	Female		Metastatic	ascites	ECACC		7071903	Cell Line											Adherent	MF-006-001	MEM + 10% FBS	False						COV318_OVARY		False	Approved for public sharing - CCLE						False	False	Ovary/Fallopian Tube	0.23378394737825914
ACH-000257	1.1483088616453263	1.122408859681235	1.0148571290768356	0.9407560312303732	0.5223543996529644	-1.1483088616453263	PT-7LsK3v	COR-L279	CORL279	SCLC	Lung	Lung Neuroendocrine Tumor	Small Cell Lung Cancer	SCLC		CVCL_1140	63.0	Adult	Male		Metastatic	lymph_node	ECACC		96020724	Cell Line											Mixed	MF-001-003	RPMI + 10% FBS + 2mM Glutamine	False						CORL279_LUNG		False	Approved for public sharing - CCLE		1768.0	SIDM00511	910937.0		False	False	Lung	-2.6328707086292638
ACH-000258	0.04833102985487879	0.027618287306600285	-0.1239025790971518	-0.2525333588248096	-0.10976864492591017	-0.04833102985487879	PT-XTyUEa	Du4475	DU4475	BRCA	Breast	Invasive Breast Carcinoma	Invasive Breast Carcinoma	BRCA		CVCL_1183	62.0	Adult	Female	caucasian	Metastatic	skin	ATCC			Cell Line											Suspension	MF-001-001	RPMI + 10% FBS	False						DU4475_BREAST		False	Approved for public sharing - CCLE	luminal TNBC	302.0	SIDM01001	906844.0		False	False	Breast	-0.11081457008044912
ACH-000259	0.20688656584678294	0.13467942093510285	0.0032410814115941327	-0.8066885328237803	0.5447653605374388	-0.20688656584678294	PT-S07K7h	KELLY	KELLY	NBL	Peripheral Nervous System	Neuroblastoma	Neuroblastoma	NBL		CVCL_2092	1.0	Pediatric	Female		Primary	autonomic_ganglia	DSMZ		ACC 355	Cell Line											Adherent	MF-001-001	RPMI + 10% FBS	False						KELLY_AUTONOMIC_GANGLIA		True	Approved for public sharing - CCLE	MYC_Amplified	225.0	SIDM01009	753618.0		False	False	Peripheral Nervous System	-0.4743545899719228
ACH-000260	-0.2986041238536295	-0.29465622312177464	-0.44104487953205557	-0.42800938645537323	0.4307154971614633	0.2986041238536295	PT-7WPGtR	SK-N-AS	SKNAS	NBL	Peripheral Nervous System	Neuroblastoma	Neuroblastoma	NBL		CVCL_1700	6.0	Pediatric	Female	caucasian	Metastatic	bone_marrow	ATCC		CRL-2137	Cell Line											Adherent	MF-002-002	DMEM + 10% FBS + 100uM NEAA	False						SKNAS_AUTONOMIC_GANGLIA		True	Approved for public sharing - CCLE		1480.0	SIDM01101	724828.0		False	False	Peripheral Nervous System	0.6846468554145428
ACH-000261	0.011757566975274844	-0.05055381825002379	0.013160424047350362	0.030632785024084758	0.4959167644003285	-0.011757566975274844	PT-9jciof	RERF-LC-AI	RERFLCAI	LUSC	Lung	Non-Small Cell Lung Cancer	Lung Squamous Cell Carcinoma	LUSC		CVCL_4402		Unknown	Male		Metastatic	pleural_effusion	RIKEN		RCB0444	Cell Line											Adherent	MF-006-001	MEM + 10% FBS	False						RERFLCAI_LUNG		False	Approved for public sharing - CCLE			SIDM00307			False	False	Lung	-0.026958037796201526
ACH-000262	-0.22855632017600858	-0.3381911546438419	0.057555912555044	0.40041099868501107	0.8021282290364301	0.22855632017600858	PT-BYKJeS	UOK101	UOK101	CCRCC	Kidney	Renal Cell Carcinoma	Renal Clear Cell Carcinoma	CCRCC		CVCL_B076		Unknown	Female		Primary	kidney	Dana-Farber Cancer Institute	Bill Kaelin		Cell Line											Adherent	MF-002-001	DMEM + 10% FBS	False						UOK101_KIDNEY		False	Approved for public sharing - CCLE						False	False	Kidney	0.5240395339293025
ACH-000263	-0.3497227892065187	-0.3740426048144783	-0.37724735440598167	0.31193120036349675	-0.22953285826296474	0.3497227892065187	PT-uzWVHa	KASUMI-1	KASUMI1	AML	Myeloid	Acute Myeloid Leukemia	Acute Myeloid Leukemia	AML	RUNX1-RUNX1T1 (AML1-ETO), KIT N822K, RAD21 K330F, TP53 R248Q	CVCL_0589	7.0	Pediatric	Male	asian	Primary	haematopoietic_and_lymphoid_tissue	DSMZ		CRL-2724	Cell Line											Suspension	MF-001-001	RPMI + 10% FBS	False						KASUMI1_HAEMATOPOIETIC_AND_LYMPHOID_TISSUE		True	Approved for public sharing - CCLE	RUNX1::RUNX1T1, TP53, RAD21 and KIT	1196.0	SIDM01005	907275.0		False	False	Myeloid	0.8018529845033677
ACH-000264	-0.3012127986636415	-0.32546971282005543	-0.1214070973967516	-0.4003015086595104	-0.5014775868388803	0.3012127986636415	PT-T9nCW5	Calu-6	CALU6	LUAD	Lung	Non-Small Cell Lung Cancer	Lung Adenocarcinoma	LUAD		CVCL_0236	61.0	Adult	Female	caucasian	Metastatic	pleural_effusion	ATCC		HTB-56	Cell Line											Adherent	MF-006-001	MEM + 10% FBS	False						CALU6_LUNG		False	Approved for public sharing - CCLE		1844.0	SIDM00921	724859.0		False	False	Lung	0.6906280889702766
ACH-000265	-0.2787582712069978	-0.27506894721552877	-0.22768935769702292	0.006687457143866565	0.8016639447895321	0.2787582712069978	PT-o1wR3t	KP-4	KP4	PAAD	Pancreas	Pancreatic Adenocarcinoma	Pancreatic Adenocarcinoma	PAAD		CVCL_1338	50.0	Adult	Male	asian	Metastatic	ascites	RIKEN		RCB1005	Cell Line											Adherent	MF-007-001	DMEM:F12 + 10% FBS	False						KP4_PANCREAS		False	Approved for public sharing - CCLE		708.0	SIDM00301	753572.0		False	False	Pancreas	0.6391437979477375
ACH-000266	-0.09005056008609387	-0.18867454117681368	-0.015168500571163571	-0.3481443114731333	0.4752764665529063	0.09005056008609387	PT-UWtyIo	SNU-213	SNU213	PAAD	Pancreas	Pancreatic Adenocarcinoma	Pancreatic Adenocarcinoma	PAAD		CVCL_5034	65.0	Adult	Male	asian	Primary	pancreas	KCLB		213	Cell Line											Adherent	MF-001-003	RPMI + 10% FBS + 2mM Glutamine	False						SNU213_PANCREAS		False	Approved for public sharing - CCLE						False	False	Pancreas	0.20647013174367163
ACH-000267	0.7356880947030526	0.8158289883237025	0.15440528881523846	-0.5198367311247655	0.26578073788553835	-0.7356880947030526	PT-YdqP9d	HDLM-2	HDLM2	HL	Lymphoid	Hodgkin Lymphoma	Hodgkin Lymphoma	HL		CVCL_0009	74.0	Adult	Male			pleural_effusion	DSMZ			Cell Line											Suspension	MF-001-001	RPMI + 10% FBS	False						HDLM2_HAEMATOPOIETIC_AND_LYMPHOID_TISSUE		False	Approved for public sharing - CCLE		1510.0	SIDM01064	924110.0		False	False	Lymphoid	-1.6868036988372594
ACH-000268	-0.3052744762808371	0.15902443391419963	-0.32703017844285615	-0.40435637496438687	0.030972193565849317	0.3052744762808371	PT-IrDGnP	SNU-245	SNU245	EHCH	Biliary Tract	Intraductal Papillary Neoplasm of the Bile Duct	Extrahepatic Cholangiocarcinoma	EHCH		CVCL_5038		Unknown	Unknown		Primary	biliary_tract	KCLB		00245	Cell Line											Adherent	MF-001-005	RPMI + 10% FBS + 2mM Glutamine + 25mM HEPES + 25mM Sodium bicarbonate	False						SNU245_BILIARY_TRACT		False	Approved for public sharing - CCLE			SIDM00162			False	False	Biliary Tract	0.6999408029825042
ACH-000269	-0.1857894529751096	-0.11636976664584947	0.27051107624347004	-0.44927033891331863	0.19494870060060193	0.1857894529751096	PT-Qasynk	AM-38	AM38	GB	CNS/Brain	Adult-Type Diffuse Glioma	Glioblastoma, IDH-Wildtype	GB		CVCL_1070	36.0	Adult	Male		Primary	central_nervous_system	HSRRB		IFO50492	Cell Line											Adherent	MF-015-009	EMEM + 20% FBS	False						AM38_CENTRAL_NERVOUS_SYSTEM		False	Approved for public sharing - CCLE		776.0	SIDM00492	910933.0		False	False	CNS/Brain	0.42598261238665336
ACH-000270	-0.19924504235649043	-0.28701213052022256	-0.11564245437953187	0.44464367507866853	-0.07369210709070402	0.19924504235649043	PT-htpobI	HPAC	HPAC	PAAD	Pancreas	Pancreatic Adenocarcinoma	Pancreatic Adenocarcinoma	PAAD		CVCL_3517	64.0	Adult	Female	caucasian	Primary	pancreas	ATCC		CRL-2119	Cell Line											Adherent	MF-007-028	DMEM:F12 + 5% FBS + 2.5 mM Glutamine + 1.2 g/L Sodium Bicarbonate + 15 mM HEPES + 0.5 mM Sodium Pyruvate + 0.002 mg/ml Insulin + 0.005 mg/ml Transferrin + 40 ng/ml Hydrocortisone + 10 ng/ml Epidermal Growth Factor	False						HPAC_PANCREAS		False	Approved for public sharing - CCLE		744.0	SIDM00670	1298136.0		False	False	Pancreas	0.45683391758238273
ACH-000271	-0.21028085404134517	-0.22044913516029127	-0.25609194524084106	-0.07591410686975808	-0.832591589805424	0.21028085404134517	PT-i02i7U	SU-DHL-10	SUDHL10	DLBCLNOS	Lymphoid	Mature B-Cell Neoplasms	Diffuse Large B-Cell Lymphoma, NOS	DLBCLNOS		CVCL_1889	25.0	Adult	Male		Metastatic	pleural_effusion	DSMZ		CRL-2963	Cell Line											Suspension	MF-001-020	RPMI + 20% FBS	False						SUDHL10_HAEMATOPOIETIC_AND_LYMPHOID_TISSUE		False	Approved for public sharing - CCLE		269.0	SIDM00389	1331033.0		False	False	Lymphoid	0.48213709715496794
ACH-000272	-0.3546149799924732	-0.39145318287007863	0.034829016620798924	0.45186114004937905	0.20595709906737208	0.3546149799924732	PT-cSAYbR	SLR 24	SLR24	CCRCC	Kidney	Renal Cell Carcinoma	Renal Clear Cell Carcinoma	CCRCC		CVCL_V610		Unknown	Unknown		Primary	kidney	Dana-Farber Cancer Institute	Bill Kaelin		Cell Line											Adherent	MF-001-001	RPMI + 10% FBS	False					This line is an RCC4 derivative (ICLAC). DepMap metadata has been updated (as of 22Q2) to reflect this.	SLR24_KIDNEY		False	Approved for public sharing - CCLE						False	False	Kidney	0.8130699194688525
ACH-000273	-0.06999485422641681	-0.10205288682049884	-0.20130629400436384	-0.567558466836059	0.5240446919206054	0.06999485422641681	PT-qWYBLI	SF539	SF539	GSARC	CNS/Brain	Diffuse Glioma	Gliosarcoma	GSARC		CVCL_1691	34.0	Adult	Female		Primary	central_nervous_system	The Broad Institute	Levi Garraway		Cell Line											Adherent	MF-001-014	RPMI + 5% FBS	False						SF539_CENTRAL_NERVOUS_SYSTEM		False	Approved for public sharing - CCLE		1781.0	SIDM00083	905984.0		False	False	CNS/Brain	0.16048591768547044
ACH-000274	-0.20904292474423838	-0.2189349630647985	-0.2470134886868799	0.09929141941299752	1.0131072808492863	0.20904292474423838	PT-QbMSjm	Hs 852.T	HS852T	MEL	Skin	Melanoma	Melanoma	MEL		CVCL_0950	53.0	Adult	Male		Primary	skin	ATCC		CRL-7585	Cell Line											Adherent	MF-002-001	DMEM + 10% FBS	False						HS852T_SKIN		False	Approved for public sharing - CCLE						False	False	Skin	0.4792987425148788
ACH-000275	-0.20734820804477527	-0.2097071153649682	0.22485516016192703	0.25201994323757493	0.4179631441060105	0.20734820804477527	PT-CaS06R	Hs 834.T	HS834T	ZFIBSKI	Fibroblast	Non-Cancerous	Fibroblast, Skin			CVCL_0938	27.0	Adult	Female		Metastatic	lymph_node	ATCC			Cell Line											Unknown									HS834T_FIBROBLAST		False	Approved for public sharing - CCLE			SIDM01709			False	False	Fibroblast	0.4754130545205808
ACH-000276	0.03727789876835791	0.029039378245133238	-0.03864193256448033	-0.3723318679063158	1.1747373287467757	-0.03727789876835791	PT-S4bLNM	HCC38	HCC38	IDC	Breast	Invasive Breast Carcinoma	Breast Invasive Ductal Carcinoma	IDC		CVCL_1267	50.0	Adult	Female	caucasian	Primary	breast	ATCC			Cell Line											Adherent	MF-020-001	Waymouth's MB 752_1 + 10% FBS	False						HCC38_BREAST		False	Approved for public sharing - CCLE	basal_A TNBC	1318.0	SIDM00675	749717.0		False	False	Breast	-0.08547168015914079
ACH-000277	-0.06289344278826302	-0.05914962655414039	-0.18302639254322295	-0.5476886434900393	0.5646827808519169	0.06289344278826302	PT-osxHUh	HCC1419	HCC1419	IDC	Breast	Invasive Breast Carcinoma	Breast Invasive Ductal Carcinoma	IDC		CVCL_1251	42.0	Adult	Female		Primary	breast	ATCC			Cell Line											Adherent	MF-001-001	RPMI + 10% FBS	False						HCC1419_BREAST		False	Approved for public sharing - CCLE	HER2+	1551.0	SIDM00882	907045.0		False	False	Breast	0.14420362744985363
ACH-000278	-0.17799214993000328	-0.24514274671145586	0.05345841008501798	0.8088663576780671	0.9147920639998203	0.17799214993000328	PT-BexFYH	COV362	COV362	HGSOC	Ovary/Fallopian Tube	Ovarian Epithelial Tumor	High-Grade Serous Ovarian Cancer	HGSOC		CVCL_2420		Unknown	Female		Metastatic	pleural_effusion	ECACC		7071910	Cell Line											Adherent	MF-002-003	DMEM + 10% FBS + 2mM Glutamine	False						COV362_OVARY		False	Approved for public sharing - CCLE						False	False	Ovary/Fallopian Tube	0.40810476481491964
ACH-000279	0.06621004372985768	-0.06985181726061124	-0.1501190401603109	-0.6127525795049685	-0.3049987138967442	-0.06621004372985768	PT-BpX01U	EWS502	EWS502	ES	Bone	Ewing Sarcoma	Ewing Sarcoma	ES		CVCL_S740		Pediatric	Unknown		Primary	bone	Brigham and Women's Hospital	Adrian Marino-Enriquez		Cell Line											Adherent	MF-001-018	RPMI + 15% FBS + 2mM Glutamine	False						EWS502_BONE		True	Approved for public sharing - CCLE	EWS::FLI					False	False	Bone	-0.1518080113948012
ACH-000280	0.06077914519144441	0.05701790942056195	0.7466373219793258	0.8875614842218343	0.8172405444450824	-0.06077914519144441	PT-S0isOw	SNU-840	SNU840	BTMOV	Ovary/Fallopian Tube	Ovarian Epithelial Tumor	Brenner Tumor, Malignant	BTMOV		CVCL_5100	45.0	Adult	Female	asian	Primary	ovary	KCLB		840	Cell Line											Adherent	MF-001-001	RPMI + 10% FBS	False						SNU840_OVARY		False	Approved for public sharing - CCLE						False	False	Ovary/Fallopian Tube	-0.13935591408812534
ACH-000281	-0.2868838078341384	-0.3147265359137204	-0.3401369973992108	-0.13203436521968787	-0.004661911068329313	0.2868838078341384	PT-aIUMLY	KP-2	KP2	PAAD	Pancreas	Pancreatic Adenocarcinoma	Pancreatic Adenocarcinoma	PAAD		CVCL_3004	65.0	Adult	Female	asian	Primary	pancreas	HSRRB		JCRB0181	Cell Line											Adherent	MF-001-001	RPMI + 10% FBS	False						KP2_PANCREAS		False	Approved for public sharing - CCLE		746.0	SIDM00582	1298218.0		False	False	Pancreas	0.6577742275229648
ACH-000282	-0.16916959694288963	-0.27272109089600105	0.3546754841437479	0.44564925655412546	0.7322407062612342	0.16916959694288963	PT-tUaDvw	NCI-H1755	NCIH1755	LUAD	Lung	Non-Small Cell Lung Cancer	Lung Adenocarcinoma	LUAD		CVCL_1492	65.0	Adult	Female	caucasian	Metastatic	liver	ATCC			Cell Line											Mixed	MF-001-001	RPMI + 10% FBS	False						NCIH1755_LUNG		False	Approved for public sharing - CCLE		1240.0	SIDM00738	908475.0		False	False	Lung	0.38787619904227677
ACH-000283	-0.30525305067734654	-0.10773526257952551	-0.26626508385485675	-0.47086924520716655	0.30181463366624756	0.30525305067734654	PT-jCV3Db	A1207	A1207	GB	CNS/Brain	Adult-Type Diffuse Glioma	Glioblastoma, IDH-Wildtype	GB		CVCL_8481		Unknown	Female		Primary	central_nervous_system	Academic lab	Linda Chin		Cell Line											Adherent	MF-002-001	DMEM + 10% FBS	False						A1207_CENTRAL_NERVOUS_SYSTEM		False	Approved for public sharing - CCLE						False	False	CNS/Brain	0.699891677833575
ACH-000284	-0.37521883900491576	-0.3486661438312834	-0.2880945211871866	-0.13745553109691744	0.6229812462278111	0.37521883900491576	PT-LnFH3Z	Hs 840.T	HS840T	ZFIBUPA	Fibroblast	Non-Cancerous	Fibroblast, Upper Aerodigestive			CVCL_0942	7.0	Pediatric	Male	caucasian		fibroblast	ATCC			Cell Line											Adherent	MF-002-001	DMEM + 10% FBS	False						HS840T_FIBROBLAST		False	Approved for public sharing - CCLE			SIDM01725			False	False	Fibroblast	0.8603109525136208
ACH-000285	0.31972996839393364	0.2002123643793522	0.13302655213473497	-0.044411787278986425	-0.3138354080173723	-0.31972996839393364	PT-gL1kFD	Toledo	TOLEDO	DLBCLNOS	Lymphoid	Mature B-Cell Neoplasms	Diffuse Large B-Cell Lymphoma, NOS	DLBCLNOS	KRAS Gly13Asp, TP53 Glu198fs	CVCL_3611		Adult	Female	caucasian	Primary	haematopoietic_and_lymphoid_tissue	ATCC		CRL-2631	Cell Line											Suspension	MF-001-001	RPMI + 10% FBS	False						TOLEDO_HAEMATOPOIETIC_AND_LYMPHOID_TISSUE		True	Approved for public sharing - CCLE						False	False	Lymphoid	-0.7330847096740024
ACH-000286	-0.25644236267999576	-0.18910310915569095	-0.3735683142756072	-0.37525918457588997	-0.2787094862422578	0.25644236267999576	PT-eQWzKj	SNU-1033	SNU1033	READ	Bowel	Colorectal Adenocarcinoma	Rectal Adenocarcinoma	READ		CVCL_5002	45.0	Adult	Female	asian	Primary	large_intestine	KCLB			Cell Line											Adherent	MF-001-001	RPMI + 10% FBS	False						SNU1033_LARGE_INTESTINE		False	Approved for public sharing - CCLE			SIDM00192			False	False	Bowel	0.5879773358053064
ACH-000287	0.1918018357853726	0.12822666603158003	0.11046367933923656	0.09904413633426606	-0.10133487842566828	-0.1918018357853726	PT-dNbHpB	NU-DUL-1	NUDUL1	ABC	Lymphoid	Mature B-Cell Neoplasms	Activated B-cell Type	ABC		CVCL_1877	43.0	Adult	Male	caucasian	Metastatic	cerebrospinal_fluid 	DSMZ		CRL-2969	Cell Line				Unknown							Suspension	MF-001-017	RPMI + 15% FBS	False						NUDUL1_HAEMATOPOIETIC_AND_LYMPHOID_TISSUE		False	Approved for public sharing - CCLE		95.0	SIDM00443	1330982.0		False	False	Lymphoid	-0.4397679510868407
ACH-000288	-0.2746590623356526	-0.27040562691582976	0.10050892164184701	0.5294364837358706	0.6958800634480882	0.2746590623356526	PT-hgWgpg	BT-549	BT549	BRCNOS	Breast	Invasive Breast Carcinoma	Breast Invasive Carcinoma, NOS	BRCNOS		CVCL_1092	72.0	Adult	Female	caucasian	Primary	breast	ATCC			Cell Line											Adherent	MF-001-045	RPMI + 10% FBS + 2ug/ml Insulin	False						BT549_BREAST		False	Approved for public sharing - CCLE	basal_B TNBC	1835.0	SIDM00122	905951.0		False	False	Breast	0.6297450313559217
ACH-000289	-0.2611906321949693	-0.28177556359365524	-0.10862892922948482	-0.6309406006640703	0.28580879517447194	0.2611906321949693	PT-KlxS9l	SNU-466	SNU466	GB	CNS/Brain	Adult-Type Diffuse Glioma	Glioblastoma, IDH-Wildtype	GB		CVCL_5064	61.0	Adult	Male	asian	Primary	central_nervous_system	KCLB		466	Cell Line											Adherent	MF-001-005	RPMI + 10% FBS + 2mM Glutamine + 25mM HEPES + 25mM Sodium bicarbonate	False						SNU466_CENTRAL_NERVOUS_SYSTEM		False	Approved for public sharing - CCLE						False	False	CNS/Brain	0.598864284552474
ACH-000290	-0.08092356660679098	-0.13499422355379195	0.346992205957495	0.8061020649546671	0.0018317408028617318	0.08092356660679098	PT-DzY90c	NCI-H209	NCIH209	SCLC	Lung	Lung Neuroendocrine Tumor	Small Cell Lung Cancer	SCLC		CVCL_1525	55.0	Adult	Male	caucasian	Metastatic	bone_marrow	ATCC			Cell Line											Suspension	MF-001-020	RPMI + 20% FBS	False						NCIH209_LUNG		False	Approved for public sharing - CCLE		452.0	SIDM00706	688013.0		False	False	Lung	0.1855435373472165
ACH-000291	1.6772620030838397	1.6166962639791689	1.0278588456819162	0.17565233856309903	-0.24826325710658903	-1.6772620030838397	PT-MtLxSF	OV-90	OV90	SOC	Ovary/Fallopian Tube	Ovarian Epithelial Tumor	Serous Ovarian Cancer	SOC		CVCL_3768	64.0	Adult	Female	caucasian	Metastatic	ascites	ATCC		CRL-11732	Cell Line											Adherent	MF-044-001	MCDB 105:Medium 199 (1:1) + 15% FBS + 1.5g/l Sodium bicarbonate	False						OV90_OVARY		False	Approved for public sharing - CCLE		1327.0	SIDM01141	1240197.0		False	False	Ovary/Fallopian Tube	-3.845667438539932
ACH-000292	-0.22956570055817682	-0.211911834261443	-0.093965000496747	0.05877151222847758	-0.020670100724130797	0.22956570055817682	PT-x8fAhk	NCI-H841	NCIH841	SMARCA4-UT	Lung	SMARCA4-deficient undifferentiated tumor	SMARCA4-deficient undifferentiated tumor			CVCL_1595	51.0	Adult	Male	caucasian	Metastatic	lung	ATCC		CRL-5845	Cell Line											Adherent	MF-007-010	DMEM:F12 + 5% FBS + 2mM Glutamine + 5ug/ml Insulin + 10ug/ml Transferrin + 30nM Selenium + 10nM Hydrocortisone + 10nM beta-Estradiol	False						NCIH841_LUNG		False	Approved for public sharing - CCLE		1372.0	SIDM01134	1240192.0		False	False	Lung	0.5263538660143723
ACH-000293	-0.07316409809288268	-0.16622451999078436	0.14038161364615162	0.673310699533691	-0.2668676001794526	0.07316409809288268	PT-tjaCAG	KLE	KLE	UCEC	Uterus	Endometrial Carcinoma	Endometrial Carcinoma	UCEC		CVCL_1329	68.0	Adult	Female	caucasian	Primary	endometrium	ATCC		CRl-1622	Cell Line											Adherent	MF-007-001	DMEM:F12 + 10% FBS	False						KLE_ENDOMETRIUM		False	Approved for public sharing - CCLE		2256.0	SIDM00686	924187.0		False	False	Uterus	0.16775243771612242
ACH-000294	-0.31838857101876405	-0.352318813931094	-0.3231619473940301	0.2576554955277566	0.5691812200423101	0.31838857101876405	PT-ogTwsS	NB-4	NB4	APL	Myeloid	Acute Myeloid Leukemia	Acute Promyelocytic Leukemia		PVT1-CCDC26,PML-RARA, KRAS Ala18Asp, TP53 Arg248Gln	CVCL_0005	23.0	Adult	Female		Primary	bone_marrow	DSMZ		ACC 207	Cell Line											Suspension	MF-001-001	RPMI + 10% FBS	False						NB4_HAEMATOPOIETIC_AND_LYMPHOID_TISSUE		True	Approved for public sharing - CCLE	PML::RARA; TP53; KRAS	1285.0	SIDM00428	1323913.0		False	False	Myeloid	0.7300091208880238
ACH-000295	-0.3072583220310585	-0.3396400340047403	-0.30831315553915384	0.24910443968523444	-0.0896101061366412	0.3072583220310585	PT-PfwDZx	EM-2	EM2	CMLBCRABL1	Myeloid	Myeloproliferative Neoplasms	Chronic Myeloid Leukemia, BCR-ABL1+	CMLBCRABL1	BCR-ABL1 (e14-a2)	CVCL_1196	5.0	Pediatric	Female	caucasian		bone_marrow	DSMZ		ACC 135	Cell Line											Suspension	MF-001-001	RPMI + 10% FBS	False						EM2_HAEMATOPOIETIC_AND_LYMPHOID_TISSUE		True	Approved for public sharing - CCLE		901.0	SIDM01047	906855.0		False	False	Myeloid	0.7044894131523436
ACH-000296	-0.11774891789955308	-0.1151792071704828	-0.1867240205120718	-0.6658227353436228	0.20485841329434631	0.11774891789955308	PT-GezIUF	OUMS-23	OUMS23	COAD	Bowel	Colorectal Adenocarcinoma	Colon Adenocarcinoma	COAD		CVCL_3088	37.0	Adult	Male		Metastatic	pericardial_effusion	HSRRB		JCRB1022	Cell Line											Adherent	MF-002-001	DMEM + 10% FBS	False						OUMS23_LARGE_INTESTINE		False	Approved for public sharing - CCLE			SIDM00036			False	False	Bowel	0.2699776055601662
ACH-000297	-0.20751466055942436	-0.2982564065152821	0.08823658830998424	0.5286759815427813	0.12477556341413336	0.20751466055942436	PT-0Ds3by	NCI-H889	NCIH889	SCLC	Lung	Lung Neuroendocrine Tumor	Small Cell Lung Cancer	SCLC		CVCL_1598	69.0	Adult	Female	caucasian	Metastatic	lymph_node	ATCC		CRL-5817	Cell Line											Suspension	MF-001-001	RPMI + 10% FBS	False						NCIH889_LUNG		False	Approved for public sharing - CCLE						False	False	Lung	0.4757947009267309
ACH-000298	-0.02550779615233506	-0.3125508615469292	0.22039350920446102	1.0492603008868957	0.5342036057479548	0.02550779615233506	PT-2tJBcj	NCI-H2029	NCIH2029	SCLC	Lung	Lung Neuroendocrine Tumor	Small Cell Lung Cancer	SCLC		CVCL_1516	69.0	Adult	Female	caucasian	Metastatic	lymph_node	ATCC			Cell Line											Adherent	MF-002-001	DMEM + 10% FBS	False						NCIH2029_LUNG		False	Approved for public sharing - CCLE		2106.0	SIDM00735	688011.0		False	False	Lung	0.058484900338522626
ACH-000299	-0.24963697185644493	-0.2819599440574092	-0.23584166546451066	0.429699707761415	0.2438713693884696	0.24963697185644493	PT-OEqvYu	HNT-34	HNT34	AML	Myeloid	Acute Myeloid Leukemia	Acute Myeloid Leukemia	AML	BCR-ABL1 (e14-a2)	CVCL_2071	47.0	Adult	Female		Primary	haematopoietic_and_lymphoid_tissue	Academic lab			Cell Line											Suspension	MF-001-020	RPMI + 20% FBS	False						HNT34_HAEMATOPOIETIC_AND_LYMPHOID_TISSUE		True	Approved for public sharing - CCLE	BCR::ABL1;GATA2::MECOM, PTPN11, SF3B1 and RAD21					False	False	Myeloid	0.5723737688917598
ACH-000300	-0.29275440785362167	-0.314189691178608	-0.1293021415861969	-0.18234783680676858	0.3576094230414812	0.29275440785362167	PT-QvcrZr	SLR 25	SLR25	CCRCC	Kidney	Renal Cell Carcinoma	Renal Clear Cell Carcinoma	CCRCC		CVCL_V611		Unknown	Unknown		Metastatic	kidney	Dana-Farber Cancer Institute	Bill Kaelin		Cell Line											Adherent									SLR25_KIDNEY		False	Approved for public sharing - CCLE						False	False	Kidney	0.6712344831646649
ACH-000301	-0.2995849128469173	-0.255889415319254	-0.39189284553355996	0.3303115253790432	0.1465604313665665	0.2995849128469173	PT-qTtBxS	LAMA-84	LAMA84	CMLBCRABL1	Myeloid	Myeloproliferative Neoplasms	Chronic Myeloid Leukemia, BCR-ABL1+	CMLBCRABL1	BCR::ABL1 (e14-a2), TP53 Lys319Ter	CVCL_0388	29.0	Adult	Female		Primary	haematopoietic_and_lymphoid_tissue	DSMZ		ACC 168	Cell Line											Suspension	MF-001-001	RPMI + 10% FBS	False						LAMA84_HAEMATOPOIETIC_AND_LYMPHOID_TISSUE		True	Approved for public sharing - CCLE	BCR::ABL1	709.0	SIDM00346	907783.0		False	False	Myeloid	0.6868956324622731
ACH-000302	-0.11619277458116764	-0.18555511785304188	0.2570848830521556	0.7479276675880246	0.29593793904423904	0.11619277458116764	PT-SeH5WZ	SNU-1077	SNU1077	UCS	Uterus	Endometrial Carcinoma	Uterine Carcinosarcoma/Uterine Malignant Mixed Mullerian Tumor	UCS		CVCL_5007	60.0	Adult	Female	asian	Primary	endometrium	KCLB		1077	Cell Line											Adherent	MF-001-001	RPMI + 10% FBS	False						SNU1077_ENDOMETRIUM		False	Approved for public sharing - CCLE			SIDM00166			False	False	Uterus	0.2664096420111122
ACH-000303	-0.324841728434203	-0.30344153330245316	-0.1650447628020714	0.27811446002159557	0.07644006836491103	0.324841728434203	PT-7cPLvN	SNU-5	SNU5	STAD	Esophagus/Stomach	Esophagogastric Adenocarcinoma	Stomach Adenocarcinoma	STAD		CVCL_0078	33.0	Adult	Female	asian	Metastatic	ascites	ATCC		CRL-5973	Cell Line											Suspension	MF-005-004	IMDM + 20% FBS	False						SNU5_STOMACH		False	Approved for public sharing - CCLE		28.0	SIDM01144	908445.0		False	False	Esophagus/Stomach	0.7448050784084933
ACH-000304	-0.25044412039147923	-0.20529541537419968	-0.31795628696250866	0.139556891999167	0.7020136100921215	0.25044412039147923	PT-JAyPtz	WM-115	WM115	MEL	Skin	Melanoma	Melanoma	MEL		CVCL_0040	55.0	Adult	Female		Metastatic	skin	ATCC		CRL-1675	Cell Line											Adherent	MF-006-001	MEM + 10% FBS	False						WM115_SKIN		False	Approved for public sharing - CCLE		1000.0	SIDM01000	909784.0		False	False	Skin	0.5742244188400323
ACH-000305	0.24440394976749744	0.0795573344237487	0.07952974834684669	0.5376651656602456	0.36739493743252677	-0.24440394976749744	PT-iltdpC	EC-GI-10	ECGI10	ESCC	Esophagus/Stomach	Esophageal Squamous Cell Carcinoma	Esophageal Squamous Cell Carcinoma	ESCC		CVCL_1187	65.0	Adult	Male			lymph_node	RIKEN		RCB0774	Cell Line											Adherent	MF-001-001	RPMI + 10% FBS	False						ECGI10_OESOPHAGUS		False	Approved for public sharing - CCLE		2138.0	SIDM00278	753555.0		False	False	Esophagus/Stomach	-0.5603753675593355
ACH-000306	-0.28816223474901886	-0.25499401426423435	-0.25708533286502094	-0.417658458757293	0.3744852921617183	0.28816223474901886	PT-CqYJd5	Hs 688(A).T	HS688AT	ZFIBSKI	Fibroblast	Non-Cancerous	Fibroblast, Skin			CVCL_0846	69.0	Adult	Male	caucasian	Primary	fibroblast	ATCC		CRL-7425	Cell Line											Adherent	MF-002-001	DMEM + 10% FBS	False						HS688AT_FIBROBLAST		False	Approved for public sharing - CCLE						False	False	Fibroblast	0.6607054360938794
ACH-000307	-0.3050902685516399	-0.3118959895605995	-0.2580658671309325	-0.19602523620431198	0.6395734332616974	0.3050902685516399	PT-rg0sYD	PK-1	PK1	PAAD	Pancreas	Pancreatic Adenocarcinoma	Pancreatic Adenocarcinoma	PAAD		CVCL_4717		Unknown	Male		Metastatic	liver	RIKEN		RCB1972	Cell Line											Adherent	MF-001-001	RPMI + 10% FBS	False						PK1_PANCREAS		False	Approved for public sharing - CCLE						False	False	Pancreas	0.6995184469851713
ACH-000308	0.07217753004414001	0.13177442313715376	0.288695898896176	1.3931171978674661	0.6061778662355419	-0.07217753004414001	PT-cdCVJ4	EFO-21	EFO21	SOC	Ovary/Fallopian Tube	Ovarian Epithelial Tumor	Serous Ovarian Cancer	SOC		CVCL_0029	56.0	Adult	Female	caucasian	Metastatic	ascites	DSMZ		ACC 235	Cell Line											Adherent	MF-001-047	RPMI + 20% FBS + 2 mM Glutamine + 1x MEM NEAA + 1 mM sodium pyruvate	False						EFO21_OVARY		False	Approved for public sharing - CCLE		303.0	SIDM01052	911905.0		False	False	Ovary/Fallopian Tube	-0.1654904103083722
ACH-000310	0.11247119772390266	0.0477261721840353	-0.14363070217879767	-0.4074186205951317	-0.4018317428957528	-0.11247119772390266	PT-2Urqss	IMR-32	IMR32	NBL	Peripheral Nervous System	Neuroblastoma	Neuroblastoma	NBL		CVCL_0346	1.0	Pediatric	Male	caucasian	Metastatic	abdomen	ATCC			Cell Line											Adherent	MF-006-001	MEM + 10% FBS	False						IMR32_AUTONOMIC_GANGLIA		True	Approved for public sharing - CCLE	MYC_Amplified		SIDM00226			False	False	Peripheral Nervous System	-0.2578767193587814
ACH-000311	-0.19006285858038433	-0.10739655107738447	-0.20832748380720256	-0.19519722905179057	-0.041489319243944896	0.19006285858038433	PT-6IoG5q	NCI-H2122	NCIH2122	LUAD	Lung	Non-Small Cell Lung Cancer	Lung Adenocarcinoma	LUAD		CVCL_1531	46.0	Adult	Female	caucasian	Metastatic	pleural_effusion	ATCC		CRL-5985	Cell Line											Adherent	MF-001-001	RPMI + 10% FBS	False						NCIH2122_LUNG		False	Approved for public sharing - CCLE		1015.0	SIDM00702	722046.0		False	False	Lung	0.4357807815204339
ACH-000312	-0.16316961570694877	-0.14096944751703347	-0.21135271215376103	-0.31389469148541455	0.016419555941885985	0.16316961570694877	PT-k4Daz3	SK-N-BE(2)	SKNBE2	NBL	Peripheral Nervous System	Neuroblastoma	Neuroblastoma	NBL		CVCL_0528	2.0	Pediatric	Male		Metastatic	bone_marrow	ATCC		CRL-2271	Cell Line				Post-treatment	Chemotherapy and Radiation	Cyclophosphamide, doxorubicin and vincristine	4				Adherent	MF-027-001	EMEM:F12 + 10% FBS	False					Post-treatment cell line paired with pre-treatment cell line-ACH-003658 SK-N-BE(1)	SKNBE2_AUTONOMIC_GANGLIA		True	Approved for public sharing - CCLE	MYC_Amplified		SIDM00894			False	False	Peripheral Nervous System	0.3741192949757181
ACH-000313	-0.11136520464427493	-0.13077211881596926	0.03556373323583764	0.09973296876852655	0.6038292819061505	0.11136520464427493	PT-Hd1kAu	KMRC-3	KMRC3	CCRCC	Kidney	Renal Cell Carcinoma	Renal Clear Cell Carcinoma	CCRCC		CVCL_2985		Adult	Male	asian	Primary	kidney	HSRRB		JCRB1012	Cell Line											Adherent	MF-002-001	DMEM + 10% FBS	False						KMRC3_KIDNEY		False	Approved for public sharing - CCLE						False	False	Kidney	0.2553408713125283
ACH-000314	-0.26892711564955374	-0.2867958209940362	-0.12186574835108709	-0.3089235094325716	0.6430689179262373	0.26892711564955374	PT-HLJ5qp	HCC-2108	HCC2108	LUAD	Lung	Non-Small Cell Lung Cancer	Lung Adenocarcinoma	LUAD		CVCL_A352	59.0	Adult	Male		Primary	lung	KCLB		72108	Cell Line											Adherent	MF-001-005	RPMI + 10% FBS + 2mM Glutamine + 25mM HEPES + 25mM Sodium bicarbonate	False						HCC2108_LUNG		False	Approved for public sharing - CCLE						False	False	Lung	0.6166026834760745
ACH-000315	0.5570612885812931	0.4821382678338753	0.3530281038785297	-0.04770000907535599	-0.5032088672216297	-0.5570612885812931	PT-lrPA2x	KARPAS-422	KARPAS422	DLBCLNOS	Lymphoid	Mature B-Cell Neoplasms	Diffuse Large B-Cell Lymphoma, NOS	DLBCLNOS		CVCL_1325	73.0	Adult	Female		Metastatic	pleural_effusion	DSMZ		ACC 32	Cell Line											Suspension	MF-001-020	RPMI + 20% FBS	False						KARPAS422_HAEMATOPOIETIC_AND_LYMPHOID_TISSUE		False	Approved for public sharing - CCLE		1973.0	SIDM01008	907274.0		False	False	Lymphoid	-1.2772437787473636
ACH-000316	-0.18484708716389375	-0.2924428287129914	0.00868055305572124	0.02220619510527183	0.8120643149797494	0.18484708716389375	PT-f7BtKr	SNU-886	SNU886	HCC	Liver	Hepatocellular Carcinoma	Hepatocellular Carcinoma	HCC		CVCL_5103	57.0	Adult	Male	asian	Primary	liver	KCLB		886	Cell Line											Adherent	MF-001-001	RPMI + 10% FBS	False						SNU886_LIVER		False	Approved for public sharing - CCLE						False	False	Liver	0.42382193295271703
ACH-000317	0.4457906359275209	0.052076306763895075	0.38765059123112044	0.4801457129737089	-0.16290068496119417	-0.4457906359275209	PT-ARX9yV	TUHR14TKB	TUHR14TKB	RCC	Kidney	Renal Cell Carcinoma	Renal Cell Carcinoma	RCC		CVCL_5953		Unknown	Male		Primary	kidney	RIKEN		RCB1383	Cell Line											Adherent	MF-001-001	RPMI + 10% FBS	False						TUHR14TKB_KIDNEY		False	Approved for public sharing - CCLE						False	False	Kidney	-1.0221196985565901
ACH-000318	-0.19217583463056245	-0.18935050003220202	0.22692507354842004	0.7421584770701587	0.1432022618241273	0.19217583463056245	PT-8hgOdH	TE-10	TE10	ESCC	Esophagus/Stomach	Esophageal Squamous Cell Carcinoma	Esophageal Squamous Cell Carcinoma	ESCC		CVCL_1760	58.0	Adult	Male		Primary	oesophagus	RIKEN		RCB2099	Cell Line											Adherent	MF-001-001	RPMI + 10% FBS	False						TE10_OESOPHAGUS		False	Approved for public sharing - CCLE		1561.0	SIDM00349	753622.0		False	False	Esophagus/Stomach	0.44062546480762727
ACH-000319	-0.23032110129189434	-0.23658584529777524	0.45549413470344885	0.32504140769506507	0.9781436416810393	0.23032110129189434	PT-5z2CJx	MPP 89	MPP89	PLEMESO	Pleura	Pleural Mesothelioma	Pleural Mesothelioma, Epithelioid Type	PLEMESO		CVCL_1427	67.0	Adult	Male			pleural_effusion	ICLC		HTL00012	Cell Line											Adherent	MF-002-001	DMEM + 10% FBS	False						MPP89_PLEURA		False	Approved for public sharing - CCLE		2255.0	SIDM00222	908150.0		False	False	Pleura	0.5280858673351948
ACH-000320	-0.32407961369197924	-0.3197314661861533	-0.2861471829467992	0.25627790215828766	0.4779760231035139	0.32407961369197924	PT-tXqEg0	PSN1	PSN1	PAAD	Pancreas	Pancreatic Adenocarcinoma	Pancreatic Adenocarcinoma	PAAD		CVCL_1644	36.0	Adult	Male	caucasian	Primary	pancreas	ECACC		94060601	Cell Line											Adherent	MF-001-003	RPMI + 10% FBS + 2mM Glutamine	False						PSN1_PANCREAS		False	Approved for public sharing - CCLE		560.0	SIDM00469	910546.0		False	False	Pancreas	0.7430576830443746
ACH-000321	0.5031892632886288	0.4152228059618805	0.39737553556430494	0.38624489031802167	0.3481174080640147	-0.5031892632886288	PT-vvBnLH	MOLM-6	MOLM6	CMLBCRABL1	Myeloid	Myeloproliferative Neoplasms	Chronic Myeloid Leukemia, BCR-ABL1+	CMLBCRABL1	BCR::ABL1 (e13-a2)	CVCL_2122	44.0	Adult	Male		Primary	haematopoietic_and_lymphoid_tissue	DSMZ			Cell Line											Suspension	MF-001-020	RPMI + 20% FBS	False						MOLM6_HAEMATOPOIETIC_AND_LYMPHOID_TISSUE		True	Approved for public sharing - CCLE	BCR::ABL1					False	False	Myeloid	-1.1537246784903459
ACH-000322	-0.34421425067457395	-0.2646024438919979	-0.3714651066689969	-0.16518168406353562	0.5247750277331551	0.34421425067457395	PT-czDcsE	HT-144	HT144	MEL	Skin	Melanoma	Melanoma	MEL		CVCL_0318	29.0	Adult	Male	caucasian	Metastatic	skin	ATCC		HTB-63	Cell Line											Adherent	MF-023-001	McCoy's 5A + 10% FBS	False						HT144_SKIN		False	Approved for public sharing - CCLE		1193.0	SIDM00695	907067.0		False	False	Skin	0.789222872316188
ACH-000323	-0.05547305397373631	-0.09790472261259009	-0.036172646288650454	-0.6214047118845002	1.0100539642458792	0.05547305397373631	PT-PE7kNG	42-MG-BA	42MGBA	GB	CNS/Brain	Adult-Type Diffuse Glioma	Glioblastoma, IDH-Wildtype	GB		CVCL_1798	63.0	Adult	Male		Primary	central_nervous_system	DSMZ		ACC 431	Cell Line											Adherent	MF-041-003	RPMI:EMEM (1:1) + 20% FBS	False						42MGBA_CENTRAL_NERVOUS_SYSTEM		False	Approved for public sharing - CCLE		1465.0	SIDM00982	687561.0		False	False	CNS/Brain	0.12718997806599833
ACH-000324	-0.14346488397706567	-0.32885626769450066	0.32058079914040893	0.938498185416579	1.2160400605332884	0.14346488397706567	PT-CrEQoF	JHOC-5	JHOC5	CCOV	Ovary/Fallopian Tube	Ovarian Epithelial Tumor	Clear Cell Ovarian Cancer	CCOV		CVCL_4640	47.0	Adult	Female		Primary	ovary	RIKEN		RCB1520	Cell Line											Adherent	MF-007-018	DMEM:F12 + 10% FBS + 100uM NEAA	False						JHOC5_OVARY		False	Approved for public sharing - CCLE						False	False	Ovary/Fallopian Tube	0.32893980300639564
ACH-000325	-0.23345024902420283	0.35831654169460575	-0.23195281803702678	-0.47639410037968233	0.36512710740669413	0.23345024902420283	PT-Du1wuZ	SNU-620	SNU620	STAD	Esophagus/Stomach	Esophagogastric Adenocarcinoma	Stomach Adenocarcinoma	STAD		CVCL_5079	59.0	Adult	Female	asian	Metastatic	ascites	KCLB			Cell Line											Suspension	MF-001-005	RPMI + 10% FBS + 2mM Glutamine + 25mM HEPES + 25mM Sodium bicarbonate	False						SNU620_STOMACH		False	Approved for public sharing - CCLE						False	False	Esophagus/Stomach	0.535260453966499
ACH-000326	-0.29383484047533737	-0.2870405528380942	-0.17543064356160132	0.8516045423228872	0.3954209808916372	0.29383484047533737	PT-mEKuqA	JURL-MK1	JURLMK1	CMLBCRABL1	Myeloid	Myeloproliferative Neoplasms	Chronic Myeloid Leukemia, BCR-ABL1+	CMLBCRABL1	BCR::ABL1 (e14-a2), KMT2D Tyr1495Ter, and TP53 Arg306Ter	CVCL_2086	73.0	Adult	Male		Primary	haematopoietic_and_lymphoid_tissue	DSMZ		ACC 532	Cell Line											Suspension	MF-001-001	RPMI + 10% FBS	False						JURLMK1_HAEMATOPOIETIC_AND_LYMPHOID_TISSUE		True	Approved for public sharing - CCLE	BCR::ABL1	1807.0	SIDM01015	1327771.0		False	False	Myeloid	0.673711725566406
ACH-000327	0.2875534967407324	-0.03136310268775572	0.402205351145102	-0.4874302375992579	-0.10644783805958184	-0.2875534967407324	PT-oKf5lW	NCI-H1395	NCIH1395	LUAD	Lung	Non-Small Cell Lung Cancer	Lung Adenocarcinoma	LUAD		CVCL_1467	55.0	Adult	Female	caucasian	Primary	lung	ATCC		CRL-5868	Cell Line											Adherent	MF-001-001	RPMI + 10% FBS	False						NCIH1395_LUNG		False	Approved for public sharing - CCLE		1826.0	SIDM00644	684681.0		False	False	Lung	-0.6593097066653436
ACH-000328	-0.05326256058983861	-0.18823906791200629	0.05066952541678746	-0.5675883308620531	0.3936430880722296	0.05326256058983861	PT-EuirKR	LN-215	LN215	GB	CNS/Brain	Adult-Type Diffuse Glioma	Glioblastoma, IDH-Wildtype	GB		CVCL_3954	60.0	Adult	Female		Primary	central_nervous_system	Academic lab	Linda Chin		Cell Line											Adherent	MF-002-001	DMEM + 10% FBS	False						LN215_CENTRAL_NERVOUS_SYSTEM		False	Approved for public sharing - CCLE						False	False	CNS/Brain	0.12212170464542743
ACH-000329	-0.2700687232098895	-0.2715700736391056	-0.05781943819889257	-0.6453985849357545	0.8194274069176153	0.2700687232098895	PT-GKdkIC	CCF-STTG1	CCFSTTG1	ASTR	CNS/Brain	Adult-Type Diffuse Glioma	Astrocytoma, IDH-Mutant	ASTR		CVCL_1118	68.0	Adult	Female	caucasian	Primary	central_nervous_system	ATCC		CRL - 1718	Cell Line											Adherent	MF-001-001	RPMI + 10% FBS	False						CCFSTTG1_CENTRAL_NERVOUS_SYSTEM		False	Approved for public sharing - CCLE		876.0	SIDM00131	906823.0		False	False	CNS/Brain	0.6192201892767796
ACH-000330	1.2158565931528607	0.22490979137091682	1.1038268572774377	-0.5506040398438965	0.2990053211215346	-1.2158565931528607	PT-ykXL80	EFM-19	EFM19	IDC	Breast	Invasive Breast Carcinoma	Breast Invasive Ductal Carcinoma	IDC		CVCL_0253	50.0	Adult	Female	caucasian	Metastatic	pleural_effusion	DSMZ			Cell Line											Adherent	MF-001-001	RPMI + 10% FBS	False						EFM19_BREAST		False	Approved for public sharing - CCLE	luminal ER+, PR+, HER2+	1786.0	SIDM01056	906851.0	ACH-001821	False	False	Breast	-2.7877458033539715
ACH-000331	-0.2425853965299825	-0.2982628140160611	-0.04072089784097127	-0.19668622869180463	0.7442546205396008	0.2425853965299825	PT-ThvuiE	IST-MES2	ISTMES2	PLEMESO	Pleura	Pleural Mesothelioma	Pleural Mesothelioma, Epithelioid Type	PLEMESO		CVCL_1312	71.0	Adult	Male	caucasian		pleural_effusion	ICLC		HTL01007	Cell Line											Adherent	MF-002-012	DMEM + 10% FBS + 2mM Glutamine + 100uM NEAA	False						ISTMES2_PLEURA		False	Approved for public sharing - CCLE						False	False	Pleura	0.5562057441147551
ACH-000332	-0.30676525976534647	-0.2799591367703691	-0.4238613709532004	-0.24998265285016166	0.6859906015180206	0.30676525976534647	PT-Lio3jT	YAPC	YAPC	PAAD	Pancreas	Pancreatic Adenocarcinoma	Pancreatic Adenocarcinoma	PAAD		CVCL_1794	43.0	Adult	Male	asian	Metastatic	ascites	DSMZ		ACC 382	Cell Line											Adherent	MF-001-001	RPMI + 10% FBS	False						YAPC_PANCREAS		False	Approved for public sharing - CCLE		895.0	SIDM00411	909904.0		False	False	Pancreas	0.7033589079021588
ACH-000333	0.23482715357428607	1.1258216000191483	0.21848375075078452	0.10983570615585489	0.6581108165961156	-0.23482715357428607	PT-60XjJv	JHOM-2B	JHOM2B	MOV	Ovary/Fallopian Tube	Ovarian Epithelial Tumor	Mucinous Ovarian Cancer	MOV		CVCL_4645	56.0	Adult	Female		Primary	ovary	RIKEN		RCB1682	Cell Line											Adherent	MF-002-002	DMEM + 10% FBS + 100uM NEAA	False						JHOM2B_OVARY		False	Approved for public sharing - CCLE						False	False	Ovary/Fallopian Tube	-0.5384174544735735
ACH-000334	-0.08109140396177598	-0.11071991632040826	-0.23695451889393832	-0.7190464375050776	-1.2491112392473442	0.08109140396177598	PT-mgfMcU	DB	DB	DLBCLNOS	Lymphoid	Mature B-Cell Neoplasms	Diffuse Large B-Cell Lymphoma, NOS	DLBCLNOS		CVCL_1168	45.0	Adult	Male	caucasian	Metastatic	ascites	ATCC		CRL-2289	Cell Line											Suspension	MF-001-001	RPMI + 10% FBS	False						DB_HAEMATOPOIETIC_AND_LYMPHOID_TISSUE		False	Approved for public sharing - CCLE		1185.0	SIDM00886	906832.0		False	False	Lymphoid	0.18592835894923795
ACH-000335	-0.3025010448990197	-0.326090385603121	0.13225992001781184	0.295583931836561	-0.02222033949530135	0.3025010448990197	PT-MFqmhR	MSTO-211H	MSTO211H	PLBMESO	Pleura	Pleural Mesothelioma	Pleural Mesothelioma, Biphasic Type	PLBMESO		CVCL_1430	62.0	Adult	Male	caucasian	Metastatic	pleural_effusion	ATCC		CRL-2081	Cell Line											Adherent	MF-001-001	RPMI + 10% FBS	False						MSTO211H_PLEURA		False	Approved for public sharing - CCLE		209.0	SIDM00640	908152.0		False	False	Pleura	0.6935818115199479
ACH-000336	-0.2595351037251639	-0.27402997850504585	-0.2892746639230755	0.10603711356006468	-0.13100243141353682	0.2595351037251639	PT-0F4qCF	OCI-AML3	OCIAML3	AML	Myeloid	Acute Myeloid Leukemia	Acute Myeloid Leukemia	AML	NPM1 Trp288Cys and DNMT3A Arg882Cys	CVCL_1844	57.0	Adult	Male		Primary	haematopoietic_and_lymphoid_tissue	DSMZ		ACC 582	Cell Line											Suspension	MF-003-001	AlphaMEM + 10% FBS	False						OCIAML3_HAEMATOPOIETIC_AND_LYMPHOID_TISSUE		True	Approved for public sharing - CCLE	NPM1c, DNMT3A, NRAS	355.0	SIDM00462	1290455.0		False	False	Myeloid	0.5950684482918298
ACH-000337	-0.3053002500698541	-0.3001408534623078	0.07685032469660388	0.7340251906085649	0.00131956317486172	0.3053002500698541	PT-0fXDWz	NCI-H3122	NCIH3122	LUAD	Lung	Non-Small Cell Lung Cancer	Lung Adenocarcinoma	LUAD		CVCL_5160		Unknown	Male		Primary	lung	Academic lab			Cell Line											Adherent	MF-001-001	RPMI + 10% FBS	False						NCIH3122_LUNG		False	Approved for public sharing - CCLE		918.0	SIDM00137	1240190.0		False	False	Lung	0.6999998977578036
ACH-000338	1.2093762022601755	1.7759555682176522	1.152836970312822	-0.07673927055412333	0.9564229305438656	-1.2093762022601755	PT-khOMVk	SR-786	SR786	ALCLALKP	Lymphoid	Mature T and NK Neoplasms	Anaplastic Large-Cell Lymphoma ALK Positive	ALCLALKP	NPM1-ALK	CVCL_1711	11.0	Pediatric	Male		Primary	pleural_effusion	DSMZ		ACC 369	Cell Line											Suspension	MF-001-017	RPMI + 15% FBS	False						SR786_HAEMATOPOIETIC_AND_LYMPHOID_TISSUE		True	Approved for public sharing - CCLE		794.0	SIDM00096	905965.0	ACH-001665	False	False	Lymphoid	-2.772887404249247
ACH-000339	-0.3133741857378041	-0.32186765629606384	0.3051922931352784	-0.21995732892555317	0.011894043728089079	0.3133741857378041	PT-IP75QA	HCC-461	HCC461	LUAD	Lung	Non-Small Cell Lung Cancer	Lung Adenocarcinoma	LUAD		CVCL_5135	69.0	Adult	Male		Primary	lung	University of Texas Southwestern			Cell Line											Adherent	MF-001-001	RPMI + 10% FBS	False						HCC461_LUNG		False	Approved for public sharing - CCLE						False	False	Lung	0.7185120153888076
ACH-000340	-0.21365603982129053	-0.1450662616452047	-0.11866121646065898	-0.3936766194575785	0.7532572887256743	0.21365603982129053	PT-O6FqYe	Hs 870.T	HS870T	ZFIBBON	Fibroblast	Non-Cancerous	Fibroblast, Bone			CVCL_0966	22.0	Adult	Male			fibroblast	ATCC		CRL-7606	Cell Line											Adherent	MF-002-001	DMEM + 10% FBS	False						HS870T_FIBROBLAST		False	Approved for public sharing - CCLE			SIDM01749			False	False	Fibroblast	0.48987580585348606
ACH-000341	-0.08347070859346974	-0.09704196346814123	-0.15998717734896203	-0.632035884331059	-0.04602437000148415	0.08347070859346974	PT-I4N9IW	SK-N-FI	SKNFI	NBL	Peripheral Nervous System	Neuroblastoma	Neuroblastoma	NBL		CVCL_1702	11.0	Pediatric	Male	caucasian	Metastatic	bone_marrow	ATCC		CRL-2142	Cell Line				Post-treatment							Adherent	MF-002-002	DMEM + 10% FBS + 100uM NEAA	False						SKNFI_AUTONOMIC_GANGLIA		True	Approved for public sharing - CCLE		227.0	SIDM01099	688087.0		False	False	Peripheral Nervous System	0.1913836869371424
ACH-000342	-0.0970099952328541	0.5896634316460106	-0.13555957427874762	-0.050972671930680766	0.3726075305456939	0.0970099952328541	PT-p9FCOx	CL-14	CL14	COAD	Bowel	Colorectal Adenocarcinoma	Colon Adenocarcinoma	COAD		CVCL_1979		Unknown	Male		Primary	large_intestine	DSMZ			Cell Line											Adherent	MF-007-019	DMEM:F12 + 20% FBS	False						CL14_LARGE_INTESTINE		False	Approved for public sharing - CCLE						False	False	Bowel	0.22242689525785014
ACH-000343	0.08757220410802721	0.037005170942534554	0.36292095820413056	0.327821248808601	-0.37379103149491993	-0.08757220410802721	PT-6ukZx4	NCI-H522	NCIH522	LUAD	Lung	Non-Small Cell Lung Cancer	Lung Adenocarcinoma	LUAD		CVCL_1567	58.0	Adult	Male	caucasian	Primary	lung	ATCC		CRL-5810	Cell Line											Adherent	MF-001-001	RPMI + 10% FBS	False						NCIH522_LUNG		False	Approved for public sharing - CCLE		1224.0	SIDM00116	905944.0		False	False	Lung	-0.2007876964005719
ACH-000344	-0.3412251475535626	-0.369113027411468	0.19899612428180097	0.2826943943531056	0.6190025760745758	0.3412251475535626	PT-KDacEe	SNU-668	SNU668	DSTAD	Esophagus/Stomach	Esophagogastric Adenocarcinoma	Diffuse Type Stomach Adenocarcinoma	DSTAD		CVCL_5081	63.0	Adult	Male	asian	Metastatic	ascites	KCLB		00668	Cell Line											Adherent	MF-001-005	RPMI + 10% FBS + 2mM Glutamine + 25mM HEPES + 25mM Sodium bicarbonate	False						SNU668_STOMACH		False	Approved for public sharing - CCLE						False	False	Esophagus/Stomach	0.7823693834028421
ACH-000345	-0.26529245468440044	-0.24500899009848728	-0.3339123878813822	-0.7117409716559389	-0.16574073208067716	0.26529245468440044	PT-LZIxuV	KP-N-RT-BM-1	KPNRTBM1	NBL	Peripheral Nervous System	Neuroblastoma	Neuroblastoma	NBL		CVCL_1339	1.0	Pediatric	Female		Metastatic	bone_marrow	HSRRB			Cell Line											Mixed	MF-001-001	RPMI + 10% FBS	False						KPNRTBM1_AUTONOMIC_GANGLIA		True	Approved for public sharing - CCLE	MYC_Amplified	852.0	SIDM00557	924189.0		False	False	Peripheral Nervous System	0.6082690437119097
ACH-000346	-0.11319586063556804	-0.2136840549729121	-0.3180141059463899	-0.4653687769376909	-0.25230867644426125	0.11319586063556804	PT-Qpiidf	JVM-3	JVM3	BPLL	Lymphoid	Mature B-Cell Neoplasms	B-Cell Prolymphocytic Leukemia	BPLL		CVCL_1320	73.0	Adult	Male			haematopoietic_and_lymphoid_tissue	DSMZ		ACC 18	Cell Line											Suspension	MF-001-001	RPMI + 10% FBS	False						JVM3_HAEMATOPOIETIC_AND_LYMPHOID_TISSUE		False	Approved for public sharing - CCLE		1632.0	SIDM01012	907270.0		False	False	Lymphoid	0.259538244247669
ACH-000347	-0.31478718952493545	-0.3372472676645484	0.03708016295103346	0.9458664942830037	0.16147642026864148	0.31478718952493545	PT-J6GNwJ	QGP-1	QGP1	PANET	Pancreas	Pancreatic Neuroendocrine Tumor	Pancreatic Neuroendocrine Tumor	PANET		CVCL_3143	61.0	Adult	Male	asian	Primary	pancreas	HSRRB		JCRB0183	Cell Line											Adherent	MF-001-001	RPMI + 10% FBS	False						QGP1_PANCREAS		False	Approved for public sharing - CCLE		469.0	SIDM00360	1298534.0		False	False	Pancreas	0.7217517851115544
ACH-000348	-0.019178656863537986	-0.004161576547805031	0.16444941586543182	0.0807972547730314	0.4536881052871489	0.019178656863537986	PT-xMEDHc	RPMI-7951	RPMI7951	MEL	Skin	Melanoma	Melanoma	MEL		CVCL_1666	18.0	Adult	Female	caucasian	Metastatic	lymph_node	ATCC		HTB-66	Cell Line											Adherent	MF-001-001	RPMI + 10% FBS	False						RPMI7951_SKIN		False	Approved for public sharing - CCLE		1909.0	SIDM01087	910903.0		False	False	Skin	0.04397329461910656
ACH-000349	-0.22672794177532646	-0.15294241836630496	-0.3221503932084593	-0.5216795419391483	0.3860245318662402	0.22672794177532646	PT-nuy7MI	HCC1500	HCC1500	DCIS	Breast	Breast Ductal Carcinoma In Situ	Breast Ductal Carcinoma In Situ	DCIS		CVCL_1254	32.0	Adult	Female	black_or_african_american	Primary	breast	ATCC			Cell Line											Adherent	MF-001-001	RPMI + 10% FBS	False						HCC1500_BREAST		False	Approved for public sharing - CCLE	luminal ER, PR+	653.0	SIDM00879	1303900.0		False	False	Breast	0.5198473831097495
ACH-000350	-0.20346655937835892	-0.2222226134941193	-0.16926027418381695	-0.11953566617848715	0.3326971727847141	0.20346655937835892	PT-j0XD5z	COLO-678	COLO678	COAD	Bowel	Colorectal Adenocarcinoma	Colon Adenocarcinoma	COAD		CVCL_1129	69.0	Adult	Male		Metastatic	lymph_node	DSMZ		ACC 194	Cell Line											Adherent	MF-001-001	RPMI + 10% FBS	False						COLO678_LARGE_INTESTINE		False	Approved for public sharing - CCLE		2148.0	SIDM00957	910689.0		False	False	Bowel	0.4665131153000873
ACH-000351	-0.10941052159356207	-0.11506053622070883	0.4189444911974719	0.2382197051200356	0.8647253410468355	0.10941052159356207	PT-jfdGU1	MKN1	MKN1	STAS	Esophagus/Stomach	Esophagogastric Adenocarcinoma	Adenosquamous Carcinoma of the Stomach	STAS		CVCL_1415	72.0	Adult	Male	asian	Metastatic	lymph_node	HSRRB		JCRB0252	Cell Line											Adherent	MF-001-001	RPMI + 10% FBS	False						MKN1_STOMACH		False	Approved for public sharing - CCLE		1647.0	SIDM00271	908138.0		False	False	Esophagus/Stomach	0.25085912609504213
ACH-000352	1.3511073370842936	0.2083949184001207	1.0619180424941534	-0.7635503406966279	0.6207319161943038	-1.3511073370842936	PT-jBpXJh	HCC1428	HCC1428	BRCA	Breast	Invasive Breast Carcinoma	Invasive Breast Carcinoma	BRCA		CVCL_1252	49.0	Adult	Female	caucasian	Metastatic	pleural_effusion	ATCC			Cell Line											Adherent	MF-001-001	RPMI + 10% FBS	False						HCC1428_BREAST		False	Approved for public sharing - CCLE	luminal ER, PR+	1567.0	SIDM00881	1290905.0		False	False	Breast	-3.0978520246951193
ACH-000353	0.34551856325188246	0.39852229582200976	0.1243940501852254	0.060736758266183355	0.7850425651216321	-0.34551856325188246	PT-h9Imcs	TE-15	TE15	ESCC	Esophagus/Stomach	Esophageal Squamous Cell Carcinoma	Esophageal Squamous Cell Carcinoma	ESCC		CVCL_1763	58.0	Adult	Female		Primary	oesophagus	RIKEN		RCB1951	Cell Line											Adherent	MF-001-001	RPMI + 10% FBS	False						TE15_OESOPHAGUS		False	Approved for public sharing - CCLE		575.0	SIDM00249	753614.0		False	False	Esophagus/Stomach	-0.7922134321685015
ACH-000354	0.8367021823956501	0.910256070009167	-0.22455009231378537	0.24388000977412003	0.47163562439566675	-0.8367021823956501	PT-MDCOET	Capan-1	CAPAN1	PAAD	Pancreas	Pancreatic Adenocarcinoma	Pancreatic Adenocarcinoma	PAAD		CVCL_0237	40.0	Adult	Male	caucasian	Metastatic	liver	ATCC		HTB-79	Cell Line											Adherent	MF-005-004	IMDM + 20% FBS	False						CAPAN1_PANCREAS		False	Approved for public sharing - CCLE		641.0	SIDM00934	753624.0		False	False	Pancreas	-1.9184112754466374
ACH-000355	1.1854084242147187	1.3228696945782412	0.9458790618178364	-0.21776664542877525	-0.5644720514930895	-1.1854084242147187	PT-TQn0DO	NCI-H82	NCIH82	SCLC	Lung	Lung Neuroendocrine Tumor	Small Cell Lung Cancer	SCLC		CVCL_1591	41.0	Adult	Male	caucasian	Metastatic	pleural_effusion	ATCC		HTB - 175	Cell Line											Mixed	MF-001-001	RPMI + 10% FBS	False						NCIH82_LUNG		False	Approved for public sharing - CCLE		1545.0	SIDM01131	688031.0		False	False	Lung	-2.7179334951795266
ACH-000356	-0.28977542850537025	-0.18925331966798561	-0.2815993851437001	-0.0441090036895363	0.6946685617634346	0.28977542850537025	PT-cE9wYI	MKN-45	MKN45	DSTAD	Esophagus/Stomach	Esophagogastric Adenocarcinoma	Diffuse Type Stomach Adenocarcinoma	DSTAD		CVCL_0434	62.0	Adult	Female	asian	Metastatic	liver	HSRRB		JCRB0254	Cell Line											Adherent	MF-001-001	RPMI + 10% FBS	False						MKN45_STOMACH		False	Approved for public sharing - CCLE		1542.0	SIDM00247	925340.0		False	False	Esophagus/Stomach	0.6644042062856861
ACH-000357	0.006256119757912598	0.003387577395946993	-0.1606502103668739	-0.09786063383584398	-0.5098185171138572	-0.006256119757912598	PT-97FBgP	JeKo-1	JEKO1	MCL	Lymphoid	Mature B-Cell Neoplasms	Mantle Cell Lymphoma	MCL		CVCL_1865	78.0	Adult	Female			haematopoietic_and_lymphoid_tissue	DSMZ		ACC 553	Cell Line											Suspension	MF-001-020	RPMI + 20% FBS	False						JEKO1_HAEMATOPOIETIC_AND_LYMPHOID_TISSUE		False	Approved for public sharing - CCLE		2118.0	SIDM01038	1327765.0		False	False	Lymphoid	-0.014344184748939377
ACH-000358	1.8654288861429165	1.1168091278330232	1.3188483308369734	0.6020616826710035	0.5925285402283199	-1.8654288861429165	PT-XQlkPK	NCI-H69	NCIH69	SCLC	Lung	Lung Neuroendocrine Tumor	Small Cell Lung Cancer	SCLC		CVCL_1579	55.0	Adult	Male	caucasian	Metastatic	pleural_effusion	ATCC		HTB-119	Cell Line											Suspension	MF-001-001	RPMI + 10% FBS	False						NCIH69_LUNG		False	Approved for public sharing - CCLE		1016.0	SIDM01121	688027.0		False	False	Lung	-4.277101080905508
ACH-000359	-0.1451408661917995	-0.2026415099785911	-0.14373464862145025	-0.04658267807634123	1.2319868536460565	0.1451408661917995	PT-qWqYVi	MG-63	MG63	OS	Bone	Osteosarcoma	Osteosarcoma	OS	CDKN2A(del)	CVCL_0426	14.0	Pediatric	Male	caucasian	Primary	bone	ATCC		CRL -1428	Cell Line											Adherent	MF-015-001	EMEM + 10% FBS	False						MG63_BONE		True	Approved for public sharing - CCLE		2170.0	SIDM00525	908131.0		False	False	Bone	0.3327825361148328
ACH-000360	-0.2119201798842345	0.10491668356271203	-0.21734058378593069	-0.18744550111946706	-0.13841834618505802	0.2119201798842345	PT-M0lnCb	NCI-H508	NCIH508	COAD	Bowel	Colorectal Adenocarcinoma	Colon Adenocarcinoma	COAD		CVCL_1564	55.0	Adult	Male	caucasian	Metastatic	abdomen	ATCC		CCL	Cell Line											Mixed	MF-001-001	RPMI + 10% FBS	False						NCIH508_LARGE_INTESTINE		False	Approved for public sharing - CCLE		35.0	SIDM00777	908442.0		False	False	Bowel	0.48589578363541364
ACH-000361	-0.28791562808475996	-0.2643115251211523	-0.25171160298528	0.04978080889476029	0.090551342331335	0.28791562808475996	PT-sPLV6L	SK-HEP-1	SKHEP1	HCC	Liver	Hepatocellular Carcinoma	Hepatocellular Carcinoma	HCC		CVCL_0525	52.0	Adult	Male	caucasian	Metastatic	ascites	ATCC		HTB-52	Cell Line											Adherent	MF-006-001	MEM + 10% FBS	False						SKHEP1_LIVER		False	Approved for public sharing - CCLE		874.0	SIDM01110	909719.0		False	False	Liver	0.6601400102885349
ACH-000362	-0.2857320778926272	-0.3249433719067986	-0.4112979803511139	-0.1312164835804414	-0.1426155167662808	0.2857320778926272	PT-H3wdRq	MOLM-13	MOLM13	AML	Myeloid	Acute Myeloid Leukemia	Acute Myeloid Leukemia	AML	KMT2A::MLLT3, FLT3 ITD	CVCL_2119	20.0	Adult	Male		Primary	haematopoietic_and_lymphoid_tissue	DSMZ		ACC 554	Cell Line											Suspension	MF-001-020	RPMI + 20% FBS	False						MOLM13_HAEMATOPOIETIC_AND_LYMPHOID_TISSUE		True	Approved for public sharing - CCLE	KMT2A::MLLT3; FLT3-ITD	747.0	SIDM00437	1330947.0		False	False	Myeloid	0.6551335128785517
ACH-000363	-0.13142206363243328	-0.1567663176673953	-0.19644071488361917	-0.36998341032548654	-0.7585894417698659	0.13142206363243328	PT-35DpVF	SK-MM-2	SKMM2	PCM	Lymphoid	Mature B-Cell Neoplasms	Plasma Cell Myeloma	PCM		CVCL_1699	54.0	Adult	Male		Primary	haematopoietic_and_lymphoid_tissue	DSMZ		ACC 430	Cell Line											Suspension	MF-001-001	RPMI + 10% FBS	False						SKMM2_HAEMATOPOIETIC_AND_LYMPHOID_TISSUE		False	Approved for public sharing - CCLE		1003.0	SIDM00391	753612.0		False	False	Lymphoid	0.30132772929198026
ACH-000364	-0.14177519183274642	-0.22316895144281598	-0.20655636294179358	-0.6654284819205595	0.7063576618850718	0.14177519183274642	PT-WN1oZd	U-2 OS	U2OS	OS	Bone	Osteosarcoma	Osteosarcoma	OS		CVCL_0042	15.0	Pediatric	Female	caucasian	Primary	bone	ATCC		HTB-96	Cell Line											Adherent	MF-023-001	McCoy's 5A + 10% FBS	False						U2OS_BONE		True	Approved for public sharing - CCLE		1145.0	SIDM01191	909776.0		False	False	Bone	0.3250656354353078
ACH-000365	-0.12795770802369733	-0.13296609466229148	-0.23093155225046708	-0.07851165611694727	-0.8411040556021167	0.12795770802369733	PT-I24dRR	SU-DHL-4	SUDHL4	DLBCLNOS	Lymphoid	Mature B-Cell Neoplasms	Diffuse Large B-Cell Lymphoma, NOS	DLBCLNOS		CVCL_0539	38.0	Adult	Male		Metastatic	pleural_effusion	DSMZ		CRL-2957	Cell Line											Suspension	MF-001-020	RPMI + 20% FBS	False						SUDHL4_HAEMATOPOIETIC_AND_LYMPHOID_TISSUE		False	Approved for public sharing - CCLE		1450.0	SIDM00405	1331035.0		False	False	Lymphoid	0.2933845698240238
ACH-000366	0.2843363039329379	0.27266043537621426	0.10541359773778296	-0.6937376776677278	-0.2873986112356173	-0.2843363039329379	PT-lIgcxS	SK-N-DZ	SKNDZ	NBL	Peripheral Nervous System	Neuroblastoma	Neuroblastoma	NBL		CVCL_1701	2.0	Pediatric	Female	caucasian	Metastatic	bone_marrow	ATCC		CRL-2149	Cell Line											Adherent	MF-002-002	DMEM + 10% FBS + 100uM NEAA	False						SKNDZ_AUTONOMIC_GANGLIA		True	Approved for public sharing - CCLE	MYC_Amplified	867.0	SIDM01100	688086.0		False	False	Peripheral Nervous System	-0.6519332481265511
ACH-000367	-0.23952249941647175	-0.17865239277347345	-0.2702169306437472	-0.46525796595627955	0.44893291768045473	0.23952249941647175	PT-hfcpvz	NCI-H226	NCIH226	PLEMESO	Pleura	Pleural Mesothelioma	Pleural Mesothelioma, Epithelioid Type	PLEMESO		CVCL_1544		Unknown	Male		Metastatic	pleural_effusion	ATCC		CRL-5826	Cell Line											Adherent	MF-001-001	RPMI + 10% FBS	False						NCIH226_LUNG		False	Approved for public sharing - CCLE		1221.0	SIDM00139	905941.0		False	False	Pleura	0.549183058526356
ACH-000368	-0.00037382206643029204	0.1417448542421342	0.18269176134154697	-0.34023856816853765	0.5717856335325233	0.00037382206643029204	PT-U0kXHW	SNU-1105	SNU1105	GB	CNS/Brain	Adult-Type Diffuse Glioma	Glioblastoma, IDH-Wildtype	GB		CVCL_5010	61.0	Adult	Male	asian	Primary	central_nervous_system	KCLB		1105	Cell Line											Adherent	MF-001-001	RPMI + 10% FBS	False						SNU1105_CENTRAL_NERVOUS_SYSTEM		False	Approved for public sharing - CCLE						False	False	CNS/Brain	0.0008571083981128649
ACH-000369	0.4359863639416256	0.4655653002035506	0.26473332476846334	0.2051552368286359	0.5746760152477111	-0.4359863639416256	PT-sUmz7V	MOLM-16	MOLM16	AML	Myeloid	Acute Myeloid Leukemia	Acute Myeloid Leukemia	AML	TP53 Val173Met and Cys238Ser	CVCL_2120	77.0	Adult	Female	asian	Primary	haematopoietic_and_lymphoid_tissue	DSMZ		ACC 555	Cell Line											Suspension	MF-001-020	RPMI + 20% FBS	False						MOLM16_HAEMATOPOIETIC_AND_LYMPHOID_TISSUE		True	Approved for public sharing - CCLE		1229.0	SIDM00435	1330948.0		False	False	Myeloid	-0.9996402233968216
ACH-000370	-0.11769808068291257	-0.22393584570071187	-0.3005976446293668	-0.7371654398411982	0.02941309188767795	0.11769808068291257	PT-HHIjR4	SNU-626	SNU626	GB	CNS/Brain	Adult-Type Diffuse Glioma	Glioblastoma, IDH-Wildtype	GB		CVCL_5080	65.0	Adult	Male	asian	Primary	central_nervous_system	KCLB			Cell Line											Adherent	MF-001-001	RPMI + 10% FBS	False						SNU626_CENTRAL_NERVOUS_SYSTEM		False	Approved for public sharing - CCLE						False	False	CNS/Brain	0.2698610447435848
ACH-000371	-0.06725546258633835	-0.055222269179983935	-0.13578833115812664	-0.10674955028753585	-0.7797469857478782	0.06725546258633835	PT-B4jW32	RL	RL	DLBCLNOS	Lymphoid	Mature B-Cell Neoplasms	Diffuse Large B-Cell Lymphoma, NOS	DLBCLNOS		CVCL_1660	52.0	Adult	Male	caucasian	Metastatic	ascites	ATCC		CRL-2261	Cell Line				Unknown							Suspension	MF-001-020	RPMI + 20% FBS	False						RL_HAEMATOPOIETIC_AND_LYMPHOID_TISSUE		False	Approved for public sharing - CCLE		1273.0	SIDM01089	910861.0		False	False	Lymphoid	0.15420497337725333
ACH-000372	0.45637909095058105	0.4723001039409503	0.35203747520278283	-0.4964972667935338	0.1381905074011382	-0.45637909095058105	PT-n3wTBx	P12-ICHIKAWA	P12ICHIKAWA	TALL	Lymphoid	T-Lymphoblastic Leukemia/Lymphoma	T-Cell Acute Lymphoblastic Leukemia		LMO2 translocation	CVCL_1630	7.0	Pediatric	Male		Primary	haematopoietic_and_lymphoid_tissue	DSMZ		ACC-34	Cell Line											Suspension	MF-001-001	RPMI + 10% FBS	False						P12ICHIKAWA_HAEMATOPOIETIC_AND_LYMPHOID_TISSUE		True	Approved for public sharing - CCLE	TAL1	2153.0	SIDM00463	909251.0		False	False	Lymphoid	-1.0463971678081199
ACH-000373	-0.07165894289799704	-0.15704131824349232	-0.24926097758631785	0.13801741614759788	0.10281109084837062	0.07165894289799704	PT-8qF7hQ	SKM-1	SKM1	AML	Myeloid	Acute Myeloid Leukemia	Acute Myeloid Leukemia	AML		CVCL_0098	76.0	Adult	Male	asian	Primary	haematopoietic_and_lymphoid_tissue	HSRRB		JCRB0118	Cell Line											Suspension	MF-001-020	RPMI + 20% FBS	False						SKM1_HAEMATOPOIETIC_AND_LYMPHOID_TISSUE		True	Approved for public sharing - CCLE		304.0	SIDM00380	909722.0		False	False	Myeloid	0.1643013809865963
ACH-000374	0.39378978588426683	0.12920596500462697	-0.048629237367112665	-0.32421106483497275	0.9211962475555776	-0.39378978588426683	PT-UPBMOO	HCC1143	HCC1143	IDC	Breast	Invasive Breast Carcinoma	Breast Invasive Ductal Carcinoma	IDC		CVCL_1245	52.0	Adult	Female	caucasian	Primary	breast	ATCC			Cell Line											Adherent	MF-001-001	RPMI + 10% FBS	False						HCC1143_BREAST		False	Approved for public sharing - CCLE	basal_A TNBC	1316.0	SIDM00866	749710.0		False	False	Breast	-0.9028908747830489
ACH-000375	-0.3275564243671595	-0.3460023348643027	-0.24746672735906308	-0.26295806854013487	0.7643151272243836	0.3275564243671595	PT-U7nXm3	G-402	G402	MRT	Kidney	Rhabdoid Cancer	Rhabdoid Cancer	MRT		CVCL_1221	0.0	Pediatric	Female	caucasian	Primary	kidney	ATCC		CRL-1440	Cell Line											Adherent	MF-023-001	McCoy's 5A + 10% FBS	False						G402_SOFT_TISSUE		True	Approved for public sharing - CCLE		1089.0	SIDM00855	907298.0		False	False	Kidney	0.751029399794009
ACH-000376	-0.26947524485608987	-0.21620899565528462	0.2835827783897527	-0.44148189598188864	0.5012468340183868	0.26947524485608987	PT-O9gP17	SF-295	SF295	GB	CNS/Brain	Adult-Type Diffuse Glioma	Glioblastoma, IDH-Wildtype	GB		CVCL_1690	67.0	Adult	Female		Primary	central_nervous_system	NCI/DCTD		C0005005	Cell Line											Adherent	MF-001-001	RPMI + 10% FBS	False						SF295_CENTRAL_NERVOUS_SYSTEM		False	Approved for public sharing - CCLE		1164.0	SIDM00084	905985.0		False	False	CNS/Brain	0.6178594475581398
ACH-000377	-0.23933086951755123	0.09790508526194802	-0.048710333422380986	-0.17322538784682204	0.972751437142349	0.23933086951755123	PT-gf9GtH	SNU-478	SNU478	AMPCA	Ampulla of Vater	Ampullary Carcinoma	Ampullary Carcinoma	AMPCA		CVCL_5065		Unknown	Unknown	asian	Primary	biliary_tract	KCLB		00478	Cell Line				Unknown							Adherent	MF-001-005	RPMI + 10% FBS + 2mM Glutamine + 25mM HEPES + 25mM Sodium bicarbonate	False						SNU478_BILIARY_TRACT		False	Approved for public sharing - CCLE			SIDM00160			False	False	Ampulla of Vater	0.5487436847963278
ACH-000378	-0.23925163069874053	-0.2860849782746615	-0.31407496257932915	-0.10314981520376326	0.2570783857397493	0.23925163069874053	PT-svCGFs	NCI-H647	NCIH647	LUAS	Lung	Non-Small Cell Lung Cancer	Lung Adenosquamous Carcinoma	LUAS		CVCL_1574	56.0	Adult	Male	caucasian	Metastatic	pleural_effusion	ATCC		CRL-5834	Cell Line											Adherent	MF-001-001	RPMI + 10% FBS	False						NCIH647_LUNG		False	Approved for public sharing - CCLE		955.0	SIDM01125	1240191.0		False	False	Lung	0.548562004090029
ACH-000379	-0.10212155467036256	0.09815057349123607	0.44693961726369047	1.2597982453754555	1.0237388942493155	0.10212155467036256	PT-ZMox9l	NCI-H1781	NCIH1781	LUAD	Lung	Non-Small Cell Lung Cancer	Lung Adenocarcinoma	LUAD		CVCL_1494	66.0	Adult	Female	caucasian	Metastatic	pleural_effusion	ATCC		CRL-5894	Cell Line											Adherent	MF-001-001	RPMI + 10% FBS	False						NCIH1781_LUNG		False	Approved for public sharing - CCLE		2228.0	SIDM00754	1298350.0		False	False	Lung	0.2341468040454131
ACH-000380	0.09542988725234203	0.05528248353406683	0.014177163058358873	-0.3564528337492748	-0.6398055888403544	-0.09542988725234203	PT-n47XwC	KMS-12-BM	KMS12BM	PCM	Lymphoid	Mature B-Cell Neoplasms	Plasma Cell Myeloma	PCM		CVCL_1334	64.0	Adult	Female		Primary	bone_marrow	DSMZ		ACC 551	Cell Line											Suspension	MF-001-020	RPMI + 20% FBS	False						KMS12BM_HAEMATOPOIETIC_AND_LYMPHOID_TISSUE		False	Approved for public sharing - CCLE		2087.0	SIDM01020	907281.0		False	False	Lymphoid	-0.21880398494398146
ACH-000381	-0.27466584870630323	0.02914939981067379	-0.35541433279507867	-0.49842639952767476	0.2713685554005683	0.27466584870630323	PT-3aeu41	T84	T84	COAD	Bowel	Colorectal Adenocarcinoma	Colon Adenocarcinoma	COAD		CVCL_0555	72.0	Adult	Male		Metastatic	lung	ATCC		CCL-248	Cell Line											Adherent	MF-007-008	DMEM:F12 + 5% FBS	False						T84_LARGE_INTESTINE		False	Approved for public sharing - CCLE		997.0	SIDM00782	909761.0		False	False	Bowel	0.6297605913129165
ACH-000382	0.558354779464665	0.303156942040724	0.012668118945832542	0.06364981362560881	0.13248023831154238	-0.558354779464665	PT-LoagR0	COR-L24	CORL24	SCLC	Lung	Lung Neuroendocrine Tumor	Small Cell Lung Cancer	SCLC		CVCL_2409	71.0	Adult	Male		Metastatic	lymph_node	ECACC			Cell Line											Suspension	MF-001-003	RPMI + 10% FBS + 2mM Glutamine	False						CORL24_LUNG		False	Approved for public sharing - CCLE						False	False	Lung	-1.2802095263545268
ACH-000383	-0.334482755625295	-0.33104221193452604	-0.40597487436028423	-0.2730064185876905	0.1274293986103674	0.334482755625295	PT-MSH6ZN	OE33	OE33	ESCA	Esophagus/Stomach	Esophagogastric Adenocarcinoma	Esophageal Adenocarcinoma	ESCA		CVCL_0471	73.0	Adult	Female	caucasian	Primary	oesophagus	HPACC		OE33	Cell Line											Adherent	MF-001-001	RPMI + 10% FBS	False						OE33_OESOPHAGUS		False	Approved for public sharing - CCLE		1554.0	SIDM00477	910549.0		False	False	Esophagus/Stomach	0.766910261900811
ACH-000384	-0.13224349391402665	-0.17129711718353718	0.14872755683464253	-0.4008068752682429	0.2958150926440669	0.13224349391402665	PT-9PFG4H	SW 780	SW780	BLCA	Bladder/Urinary Tract	Bladder Urothelial Carcinoma	Bladder Urothelial Carcinoma	BLCA		CVCL_1728	80.0	Adult	Female	caucasian	Primary	urinary_tract	ATCC		CRL-2169	Cell Line											Adherent	MF-021-001	L-15 + 10% FBS	False						SW780_URINARY_TRACT		False	Approved for public sharing - CCLE		2039.0	SIDM01160	687457.0		False	False	Bladder/Urinary Tract	0.3032111247788787
ACH-000385	-0.1303807685377985	-0.22065199687179046	-0.27030383218818443	-0.6236071938962982	0.3052281344487385	0.1303807685377985	PT-uqel7p	SK-RC-52	SKRC52	RCC	Kidney	Renal Cell Carcinoma	Renal Cell Carcinoma	RCC		CVCL_6198	51.0	Adult	Female		Primary	kidney	Dana-Farber Cancer Institute	Bill Kaelin		Cell Line											Adherent	MF-001-002	RPMI + 10% FBS + 100uM NEAA	False					This line was previously thought to be SK-RC-20 but upon STR analysis is actually SK-RC-52.	SKRC52_KIDNEY		False	Approved for public sharing - CCLE					ACH-001195	False	False	Kidney	0.29894022237178197
ACH-000386	0.026340254050527034	0.010703344091890353	-0.08861285022853933	0.11579120470474352	0.20047988459333116	-0.026340254050527034	PT-7cCzYA	KG-1	KG1	AML	Myeloid	Acute Myeloid Leukemia	Acute Myeloid Leukemia	AML	FGFR1OP2-FGFR1 (OP2-FGFR1)	CVCL_0374	59.0	Adult	Male	caucasian	Primary	bone_marrow	ATCC		CCL-246	Cell Line											Suspension	MF-005-004	IMDM + 20% FBS	False						KG1_HAEMATOPOIETIC_AND_LYMPHOID_TISSUE		True	Approved for public sharing - CCLE		193.0	SIDM00785	907278.0		False	False	Myeloid	-0.06039358021509888
ACH-000387	-0.2521445081181196	-0.1675487381801838	-0.18638472965095979	0.055506924359363	0.43143965741487234	0.2521445081181196	PT-JUL0sC	TF-1	TF1	AMLNOS	Myeloid	Acute Myeloid Leukemia	AML, NOS	AMLNOS	BUB1-MGAT4A, CBFA2T3-ABHD12, NRAS Gln61Pro, TP53 Ile251Thr	CVCL_0559	35.0	Adult	Male	asian		bone_marrow	ATCC		CRL-2003	Cell Line											Suspension	MF-001-048	RPMI + 10% FBS + 2ng/ml G-CSF	False						TF1_HAEMATOPOIETIC_AND_LYMPHOID_TISSUE		True	Approved for public sharing - CCLE	CBFA2T3::ABHD12 and TP53					False	False	Myeloid	0.5781231095044669
ACH-000388	-0.34636630795755574	-0.37468556335593706	-0.47952999903698296	0.1432426871149171	-0.651912204393188	0.34636630795755574	PT-U7LNgP	NU-DHL-1	NUDHL1	DLBCLNOS	Lymphoid	Mature B-Cell Neoplasms	Diffuse Large B-Cell Lymphoma, NOS	DLBCLNOS		CVCL_1876	73.0	Adult	Male	caucasian	Metastatic	lymph_node	DSMZ		ACC 583	Cell Line											Suspension	MF-001-020	RPMI + 20% FBS	False						NUDHL1_HAEMATOPOIETIC_AND_LYMPHOID_TISSUE		False	Approved for public sharing - CCLE						False	False	Lymphoid	0.7941571620120251
ACH-000389	-0.12227309681254564	-0.190987768826377	0.27388432894178816	-0.5485646955514352	0.13964727637321164	0.12227309681254564	PT-9RF4Fl	H4	H4	ASTR	CNS/Brain	Adult-Type Diffuse Glioma	Astrocytoma, IDH-Mutant	ASTR		CVCL_1239	37.0	Adult	Male	caucasian	Primary	central_nervous_system	ATCC		HTB-148	Cell Line											Adherent	MF-001-001	RPMI + 10% FBS	False						H4_CENTRAL_NERVOUS_SYSTEM		False	Approved for public sharing - CCLE		1244.0	SIDM00852	907042.0		False	False	CNS/Brain	0.28035075388155867
ACH-000390	-0.0896760496376856	-0.09740760199647128	-0.2558417115232116	0.08520872545328817	0.2564196198790806	0.0896760496376856	PT-gDZo34	LUDLU-1	LUDLU1	LUSC	Lung	Non-Small Cell Lung Cancer	Lung Squamous Cell Carcinoma	LUSC		CVCL_2582	72.0	Adult	Male	caucasian	Primary	lung	ECACC		92012463	Cell Line											Adherent	MF-001-001	RPMI + 10% FBS	False						LUDLU1_LUNG		False	Approved for public sharing - CCLE						False	False	Lung	0.2056114450064841
ACH-000391	-0.03053661313691676	-0.05921522756672391	-0.008426976100098262	0.1260206281706447	0.7083314040744108	0.03053661313691676	PT-APr9xS	MHH-ES-1	MHHES1	ES	Bone	Ewing Sarcoma	Ewing Sarcoma	ES		CVCL_1411	12.0	Pediatric	Male	caucasian	Metastatic	ascites	DSMZ		ACC 167	Cell Line											Adherent	MF-001-001	RPMI + 10% FBS	False						MHHES1_BONE		True	Approved for public sharing - CCLE	EWS::FLI	339.0	SIDM00386	908134.0		False	False	Bone	0.07001509520159419
ACH-000392	-0.23666192165882913	-0.29163773712497476	-0.15988351559380887	0.5852200462386997	-0.4017751963409131	0.23666192165882913	PT-v3MIz8	Calu-3	CALU3	LUAD	Lung	Non-Small Cell Lung Cancer	Lung Adenocarcinoma	LUAD		CVCL_0609	25.0	Adult	Male	caucasian	Metastatic	pleural_effusion	ATCC		HTB-55	Cell Line											Adherent	MF-006-001	MEM + 10% FBS	False						CALU3_LUNG		False	Approved for public sharing - CCLE		219.0	SIDM00922	687777.0		False	False	Lung	0.5426242557169252
ACH-000393	-0.2787825560893176	-0.36248338948263936	-0.24939245525811454	0.08124246053393683	0.32923117307410454	0.2787825560893176	PT-saZI6H	HLF	HLF	HCC	Liver	Hepatocellular Carcinoma	Hepatocellular Carcinoma	HCC		CVCL_2947	68.0	Adult	Male	asian	Primary	liver	HSRRB		JCRB0405	Cell Line											Adherent	MF-006-001	MEM + 10% FBS	False						HLF_LIVER		False	Approved for public sharing - CCLE			SIDM00065			False	False	Liver	0.6391994789212612
ACH-000394	0.327990548281778	0.27591544911698246	0.4566684339475659	1.1182722098248628	0.3389492071472597	-0.327990548281778	PT-PzvfS6	NCI-H2081	NCIH2081	SCLC	Lung	Lung Neuroendocrine Tumor	Small Cell Lung Cancer	SCLC		CVCL_1522	59.0	Adult	Female	caucasian	Metastatic	pleural_effusion	ATCC		CRL-5921	Cell Line											Suspension	MF-007-010	DMEM:F12 + 5% FBS + 2mM Glutamine + 5ug/ml Insulin + 10ug/ml Transferrin + 30nM Selenium + 10nM Hydrocortisone + 10nM beta-Estradiol	False						NCIH2081_LUNG		False	Approved for public sharing - CCLE		914.0	SIDM00710	908480.0		False	False	Lung	-0.75202476974794
ACH-000395	-0.2595957224560749	-0.30709761158603505	-0.17044903429076178	0.056924407240397476	-0.24162447160132539	0.2595957224560749	PT-mQfWto	NCI-H520	NCIH520	LUSC	Lung	Non-Small Cell Lung Cancer	Lung Squamous Cell Carcinoma	LUSC		CVCL_1566		Unknown	Male		Primary	lung	ATCC		HTB-182	Cell Line											Adherent	MF-001-001	RPMI + 10% FBS	False						NCIH520_LUNG		False	Approved for public sharing - CCLE		2200.0	SIDM01130	908443.0		False	False	Lung	0.5952074364041231
ACH-000396	-0.2893300291971642	-0.3158186489825474	0.4183001378442965	0.02106602908285306	0.8643769406481148	0.2893300291971642	PT-jGS2bl	J82	J82	BLCA	Bladder/Urinary Tract	Bladder Urothelial Carcinoma	Bladder Urothelial Carcinoma	BLCA		CVCL_0359	58.0	Adult	Male	caucasian	Primary	urinary_tract	ATCC		HTB-1	Cell Line											Adherent	MF-006-001	MEM + 10% FBS	False						J82_URINARY_TRACT		False	Approved for public sharing - CCLE		1232.0	SIDM00693	753566.0		False	False	Bladder/Urinary Tract	0.6633829838329227
ACH-000397	0.5747212653585171	0.4904399123944147	1.0072873654589685	0.9967435150049582	0.904503221633399	-0.5747212653585171	PT-lpuBPT	TEN	TEN	UCCC	Uterus	Endometrial Carcinoma	Uterine Clear Cell Carcinoma	UCCC		CVCL_E063	74.0	Adult	Female	asian	Primary	endometrium	RIKEN		RCB1433	Cell Line											Adherent	MF-006-001	MEM + 10% FBS	False						TEN_ENDOMETRIUM		False	Approved for public sharing - CCLE						False	False	Uterus	-1.3177350064343158
ACH-000398	-0.22098923902183545	-0.2639366011576636	-0.2878444830276165	-0.20572887349211044	-0.563185540502454	0.22098923902183545	PT-OW2fam	RI-1	RI1	ABC	Lymphoid	Mature B-Cell Neoplasms	Activated B-cell Type	ABC		CVCL_1885	57.0	Adult	Female			haematopoietic_and_lymphoid_tissue	DSMZ		ACC 585	Cell Line											Suspension	MF-001-001	RPMI + 10% FBS	False						RI1_HAEMATOPOIETIC_AND_LYMPHOID_TISSUE		False	Approved for public sharing - CCLE						False	False	Lymphoid	0.5066895447529615
ACH-000399	-0.1806190210142548	-0.23505706070551616	0.10202002866932765	0.6177315540497816	0.022243218831753557	0.1806190210142548	PT-FplxWn	NCI-H2196	NCIH2196	SCLC	Lung	Lung Neuroendocrine Tumor	Small Cell Lung Cancer	SCLC		CVCL_1539	67.0	Adult	Male	caucasian	Metastatic	bone_marrow	ATCC		CRL-5932	Cell Line											Adherent	MF-007-010	DMEM:F12 + 5% FBS + 2mM Glutamine + 5ug/ml Insulin + 10ug/ml Transferrin + 30nM Selenium + 10nM Hydrocortisone + 10nM beta-Estradiol	False						NCIH2196_LUNG		False	Approved for public sharing - CCLE		916.0	SIDM00731	908481.0	ACH-003162	False	False	Lung	0.4141277192343093
ACH-000400	-0.3028610374379915	0.47483928058833513	-0.21225571768328053	-0.21713288242751494	0.23418840677284977	0.3028610374379915	PT-cPXTdY	SK-CO-1	SKCO1	COAD	Bowel	Colorectal Adenocarcinoma	Colon Adenocarcinoma	COAD		CVCL_0626	65.0	Adult	Male	caucasian	Metastatic	ascites	ATCC		HTB-39	Cell Line											Adherent	MF-006-001	MEM + 10% FBS	False						SKCO1_LARGE_INTESTINE		False	Approved for public sharing - CCLE		40.0	SIDM01096	909718.0		False	False	Bowel	0.6944072112384748
ACH-000401	-0.27058785478344327	-0.12139675822051063	-0.39231486517202874	-0.17432428446125686	0.1080223948150125	0.27058785478344327	PT-hf4hbl	COLO-800	COLO800	SKCM	Skin	Melanoma	Cutaneous Melanoma	SKCM		CVCL_1135	14.0	Pediatric	Male		Metastatic	skin	ATCC		ACC-193	Cell Line											Adherent	MF-001-001	RPMI + 10% FBS	False						COLO800_SKIN		False	Approved for public sharing - CCLE		21.0	SIDM00515	906813.0		False	False	Skin	0.6204104668750696
ACH-000402	-0.28881273551193265	-0.3019616832702805	-0.35328760671154313	-0.331905881474538	-1.058545713462515	0.28881273551193265	PT-ieu86J	BL-70	BL70	BL	Lymphoid	Mature B-Cell Neoplasms	Burkitt Lymphoma	BL	TP53 Arg273Cys	CVCL_1088	16.0	Pediatric	Male	caucasian		haematopoietic_and_lymphoid_tissue	DSMZ			Cell Line											Suspension	MF-001-001	RPMI + 10% FBS	False						BL70_HAEMATOPOIETIC_AND_LYMPHOID_TISSUE		True	Approved for public sharing - CCLE			SIDM00074			False	False	Lymphoid	0.6621969201900334
ACH-000403	-0.3086662238837571	-0.32449256653324265	-0.2561579469494446	0.049478100816136	0.19409986229441817	0.3086662238837571	PT-cabct5	NCI-H747	NCIH747	COAD	Bowel	Colorectal Adenocarcinoma	Colon Adenocarcinoma	COAD		CVCL_1587	69.0	Adult	Male	caucasian	Metastatic	large_intestine	ATCC		CCL-252	Cell Line											Adherent	MF-001-001	RPMI + 10% FBS	False						NCIH747_LARGE_INTESTINE		False	Approved for public sharing - CCLE		573.0	SIDM00778	908457.0		False	False	Bowel	0.7077174850347495
ACH-000404	-0.2776775612700692	0.20151836511141463	-0.364294329235916	-0.24625288125286582	-0.08072299452478086	0.2776775612700692	PT-xgu7do	K029AX	K029AX	SKCM	Skin	Melanoma	Cutaneous Melanoma	SKCM		CVCL_8784		Unknown	Unknown		Primary	skin	Academic lab			Cell Line											Adherent	MF-001-001	RPMI + 10% FBS	False						K029AX_SKIN		False	Approved for public sharing - CCLE						False	False	Skin	0.6366659197108779
ACH-000405	-0.34334043514099	-0.36009778930823116	-0.4630790773784212	-0.23538347179447594	-0.31151403023329854	0.34334043514099	PT-2VMIkL	MEC-1	MEC1	CLLSLL	Lymphoid	Mature B-Cell Neoplasms	Chronic Lymphocytic Leukemia/Small Lymphocytic Lymphoma	CLLSLL		CVCL_1870	61.0	Adult	Male	caucasian		haematopoietic_and_lymphoid_tissue	DSMZ			Cell Line											Suspension	MF-005-001	IMDM + 10% FBS	False						MEC1_HAEMATOPOIETIC_AND_LYMPHOID_TISSUE		False	Approved for public sharing - CCLE			SIDM00001			False	False	Lymphoid	0.7872193666393077
ACH-000406	-0.26457458127471034	-0.25106752342133254	-0.36452111354230243	-0.07224385463647376	-0.4273944950589728	0.26457458127471034	PT-ZwaNYv	U-937	U937	AML	Myeloid	Acute Myeloid Leukemia	Acute Myeloid Leukemia	AML	PICALM-MLLT10	CVCL_0007	37.0	Adult	Male	caucasian	Metastatic	pleural_effusion	ATCC		CRL-1593.2	Cell Line											Suspension	MF-001-001	RPMI + 10% FBS	False					SNP fingerprinting rules out contamination. Depmap has correct ATCC stock	U937_HAEMATOPOIETIC_AND_LYMPHOID_TISSUE		True	Approved for public sharing - CCLE	PICALM::MLLT10, TP53, PTPN11, JAK3 and CCND3		SIDM01195			False	False	Myeloid	0.6066230859595949
ACH-000407	-0.24966588346196536	-0.28274083045286585	-0.36850231055783844	-0.3799368908880295	0.23426386660442008	0.24966588346196536	PT-iaJKdg	SNU-685	SNU685	UCS	Uterus	Endometrial Carcinoma	Uterine Carcinosarcoma/Uterine Malignant Mixed Mullerian Tumor	UCS		CVCL_5083	70.0	Adult	Female	asian	Primary	endometrium	KCLB		685	Cell Line											Adherent	MF-001-001	RPMI + 10% FBS	False						SNU685_ENDOMETRIUM		False	Approved for public sharing - CCLE			SIDM00165			False	False	Uterus	0.5724400581296615
ACH-000408	1.6388953796816679	1.592441904127363	0.28712144367061854	-0.13448008047648938	0.9584309131515437	-1.6388953796816679	PT-Tt9e9T	TE-5	TE5	ESCC	Esophagus/Stomach	Esophageal Squamous Cell Carcinoma	Esophageal Squamous Cell Carcinoma	ESCC		CVCL_1764	73.0	Adult	Female			oesophagus	RIKEN		RCB1949	Cell Line											Adherent	MF-001-001	RPMI + 10% FBS	False						TE5_OESOPHAGUS		False	Approved for public sharing - CCLE		576.0	SIDM00347	735784.0		False	False	Esophagus/Stomach	-3.757699503850434
ACH-000409	0.6542334442942294	-0.18832887599554066	0.14198429389684475	0.43902780960033566	-0.31627275956074946	-0.6542334442942294	PT-eYKUfI	OVSAHO	OVSAHO	HGSOC	Ovary/Fallopian Tube	Ovarian Epithelial Tumor	High-Grade Serous Ovarian Cancer	HGSOC		CVCL_3114	56.0	Adult	Female	asian	Metastatic	abdomen	HSRRB			Cell Line											Adherent	MF-001-001	RPMI + 10% FBS	False						OVSAHO_OVARY		False	Approved for public sharing - CCLE						False	False	Ovary/Fallopian Tube	-1.50004247952929
ACH-000410	0.2602524858020487	0.07581555740608037	0.7591025085041558	0.8879256887466048	0.48946669584105346	-0.2602524858020487	PT-mOrUlf	Saos-2	SAOS2	OS	Bone	Osteosarcoma	Osteosarcoma	OS		CVCL_0548	11.0	Pediatric	Female	caucasian	Primary	bone	ATCC		HTB-85	Cell Line											Adherent	MF-023-002	McCoy's 5A + 15% FBS	False						SAOS2_BONE		True	Approved for public sharing - CCLE		399.0	SIDM01084	909707.0		False	False	Bone	-0.5967132795042436
ACH-000411	0.016712298289358662	-0.27984345467937694	-0.047590902716600464	0.18416062841648684	0.23392126896650206	-0.016712298289358662	PT-Kwk2bU	769-P	769P	CCRCC	Kidney	Renal Cell Carcinoma	Renal Clear Cell Carcinoma	CCRCC		CVCL_1050	63.0	Adult	Female	caucasian	Primary	kidney	ATCC		CRL-1933	Cell Line											Adherent	MF-001-001	RPMI + 10% FBS	False						769P_KIDNEY		False	Approved for public sharing - CCLE		1186.0	SIDM00803	910922.0		False	False	Kidney	-0.038318367217754556
ACH-000412	-0.03934458003943424	-0.046442017652709305	-0.10519479615625281	-0.05207766210896428	0.10142184437904714	0.03934458003943424	PT-FvlAfh	SNU-1197	SNU1197	COAD	Bowel	Colorectal Adenocarcinoma	Colon Adenocarcinoma	COAD		CVCL_5016	70.0	Adult	Male	asian	Primary	Colon	KCLB			Cell Line											Adherent	MF-001-001	RPMI + 10% FBS	False						SNU1197_LARGE_INTESTINE		False	Approved for public sharing - CCLE			SIDM00171			False	False	Bowel	0.0902102176418989
ACH-000413	-0.2616736684734955	-0.24335171351594995	-0.2317550701766177	-0.44590488976545617	-0.2860318155196437	0.2616736684734955	PT-ipY35J	Hs 739.T	HS739T	ZFIBBRE	Fibroblast	Non-Cancerous	Fibroblast, Breast			CVCL_0882	52.0	Adult	Female	asian		fibroblast				Cell Line											Adherent									HS739T_FIBROBLAST		False	Approved for public sharing - CCLE			SIDM01702			False	False	Fibroblast	0.5999718019734531
ACH-000414	-0.008351819421329593	-0.2533041387526434	-0.057852192595881896	-0.19659108583677995	0.10706324391053554	0.008351819421329593	PT-0Fp6tq	NCI-H1944	NCIH1944	LUAD	Lung	Non-Small Cell Lung Cancer	Lung Adenocarcinoma	LUAD		CVCL_1508	62.0	Adult	Female	caucasian	Metastatic	soft_tissue	ATCC		CRL - 5907	Cell Line											Adherent	MF-001-001	RPMI + 10% FBS	False						NCIH1944_LUNG		False	Approved for public sharing - CCLE		183.0	SIDM00762	1240185.0		False	False	Lung	0.01914925631303844
ACH-000415	0.3257901121965633	0.017757548417713334	0.12656453285729607	-0.2744530583242691	-0.4800129373483598	-0.3257901121965633	PT-Typnjw	BICR 6	BICR6	HPHSC	Head and Neck	Head and Neck Squamous Cell Carcinoma	Hypopharynx Squamous Cell Carcinoma	HPHSC		CVCL_2314		Unknown	Male	caucasian	Primary	upper_aerodigestive_tract	ECACC		5070501	Cell Line											Adherent	MF-002-001	DMEM + 10% FBS	False						BICR6_UPPER_AERODIGESTIVE_TRACT		False	Approved for public sharing - CCLE						False	False	Head and Neck	-0.7469795559483429
ACH-000416	-0.3246793626596714	-0.32352164391101734	0.20325578451775422	-0.03462009690920423	0.5978535353117124	0.3246793626596714	PT-YdBNCw	NCI-H838	NCIH838	LUAD	Lung	Non-Small Cell Lung Cancer	Lung Adenocarcinoma	LUAD		CVCL_1594	59.0	Adult	Male	caucasian	Metastatic	lymph_node	ATCC		CRL-5844	Cell Line											Adherent	MF-001-001	RPMI + 10% FBS	False						NCIH838_LUNG		False	Approved for public sharing - CCLE		484.0	SIDM01150	910399.0		False	False	Lung	0.7444328021802705
ACH-000417	-0.10227682027510909	-0.09135876552752902	-0.062256284279174984	0.2977815228058864	0.3891167933769936	0.10227682027510909	PT-9CcA8P	Panc 08.13	PANC0813	PAAD	Pancreas	Pancreatic Adenocarcinoma	Pancreatic Adenocarcinoma	PAAD		CVCL_1638	85.0	Adult	Male	caucasian	Primary	pancreas	ATCC		CRL-2551	Cell Line											Adherent	MF-001-019	RPMI + 15% FBS + 2mM Glutamine + 1mM Sodium pyruvate + 60ug/ml Insulin + 10mM HEPES + 18mM Sodium bicarbonate + 25mM Glucose	False						PANC0813_PANCREAS		False	Approved for public sharing - CCLE		635.0	SIDM01136	925347.0		False	False	Pancreas	0.23450280083029293
ACH-000418	0.44636383583425226	0.6609820638422992	0.47675410812057695	-0.17447180528777556	0.47366701938755956	-0.44636383583425226	PT-4X60vq	SW 1353	SW1353	CHS	Bone	Chondrosarcoma	Chondrosarcoma	CHS		CVCL_0543	72.0	Adult	Female	caucasian	Primary	bone	ATCC		HTB-94	Cell Line											Adherent	MF-021-001	L-15 + 10% FBS	False						SW1353_BONE		False	Approved for public sharing - CCLE						False	False	Bone	-1.0234339453546681
ACH-000419	0.5061764499845345	0.49517256486752753	0.3990712440933784	-0.4874604559727549	-0.3274517285498374	-0.5061764499845345	PT-01q6LP	KMS-28BM	KMS28BM	PCM	Lymphoid	Mature B-Cell Neoplasms	Plasma Cell Myeloma	PCM		CVCL_2994	77.0	Adult	Female	asian	Primary	haematopoietic_and_lymphoid_tissue	HSRRB		JCRB1192	Cell Line											Suspension	MF-001-001	RPMI + 10% FBS	False						KMS28BM_HAEMATOPOIETIC_AND_LYMPHOID_TISSUE		False	Approved for public sharing - CCLE						False	False	Lymphoid	-1.1605737733772288
ACH-000420	-0.33551576383279696	-0.37094177667520106	-0.3896277700563032	-0.10992715199941852	0.25317920006330874	0.33551576383279696	PT-zjdwU2	SNU-449	SNU449	HCC	Liver	Hepatocellular Carcinoma	Hepatocellular Carcinoma	HCC		CVCL_0454	52.0	Adult	Male	asian	Primary	liver	ATCC		CRL-2234	Cell Line											Adherent	MF-001-001	RPMI + 10% FBS	False						SNU449_LIVER		False	Approved for public sharing - CCLE		129.0	SIDM01194	909738.0		False	False	Liver	0.7692787684430391
ACH-000421	0.12052373068036079	0.12296869187744836	-0.2197788192832265	-0.09954587170181387	0.2330765411829179	-0.12052373068036079	PT-M67oxD	SW837	SW837	READ	Bowel	Colorectal Adenocarcinoma	Rectal Adenocarcinoma	READ		CVCL_1729	53.0	Adult	Male	caucasian	Primary	large_intestine	ATCC		CCL-235	Cell Line											Adherent	MF-001-001	RPMI + 10% FBS	False						SW837_LARGE_INTESTINE		False	Approved for public sharing - CCLE		1141.0	SIDM00833	909755.0		False	False	Bowel	-0.27633976432819213
ACH-000422	-0.27918786493595493	-0.2805616571942253	-0.18489084037024447	-0.15231706475528364	0.5005972185315388	0.27918786493595493	PT-UjP297	SNU-475	SNU475	HCC	Liver	Hepatocellular Carcinoma	Hepatocellular Carcinoma	HCC		CVCL_0497	43.0	Adult	Male	asian	Primary	liver	ATCC			Cell Line											Adherent	MF-001-001	RPMI + 10% FBS	False						SNU475_LIVER		False	Approved for public sharing - CCLE		2059.0	SIDM01196	909739.0		False	False	Liver	0.6401287809809272
ACH-000423	-0.20314944036956273	0.7205026432136891	-0.2572755622604353	-0.30116116017161265	-0.007924984830432516	0.20314944036956273	PT-TEoeSm	SK-MEL-3	SKMEL3	SKCM	Skin	Melanoma	Cutaneous Melanoma	SKCM		CVCL_0550	42.0	Adult	Female	caucasian	Metastatic	lymph_node	ATCC		HTB-69	Cell Line											Adherent	MF-002-001	DMEM + 10% FBS	False						SKMEL3_SKIN		False	Approved for public sharing - CCLE		1572.0	SIDM01105	909724.0		False	False	Skin	0.4657860170625863
ACH-000424	-0.2876033938224507	-0.3132805710994979	-0.27584531853668176	-0.18000795704208028	-0.3262512124434994	0.2876033938224507	PT-BIG8te	TC-71	TC71	ES	Bone	Ewing Sarcoma	Ewing Sarcoma	ES		CVCL_2213	22.0	Adult	Male		Primary	bone	DSMZ		ACC 516	Cell Line				Post-treatment							Adherent	MF-005-001	IMDM + 10% FBS	False						TC71_BONE		True	Approved for public sharing - CCLE		2194.0	SIDM00419	1240221.0		False	False	Bone	0.6594241119175281
ACH-000425	-0.07200564177425235	0.24093835997031024	-0.3067898629689015	-0.40484046295083714	0.5519314679904378	0.07200564177425235	PT-Zu8A8i	UACC-62	UACC62	MEL	Skin	Melanoma	Melanoma	MEL		CVCL_1780		Unknown	Unknown		Primary	skin	AddexBio			Cell Line											Adherent	MF-001-001	RPMI + 10% FBS	False						UACC62_SKIN		False	Approved for public sharing - CCLE		8.0	SIDM00107	905976.0		False	False	Skin	0.1650963006693543
ACH-000427	0.40568784415780246	0.4955150902221592	-0.23501889247829608	-0.039729620780875566	0.0928480230219664	-0.40568784415780246	PT-e4bHZ8	NCI-N87	NCIN87	TSTAD	Esophagus/Stomach	Esophagogastric Adenocarcinoma	Tubular Stomach Adenocarcinoma	TSTAD		CVCL_1603		Unknown	Male		Metastatic	liver	ATCC		CRL-5822	Cell Line											Adherent	MF-001-001	RPMI + 10% FBS	False						NCIN87_STOMACH		False	Approved for public sharing - CCLE		88.0	SIDM01147	908461.0		False	False	Esophagus/Stomach	-0.9301710344720294
ACH-000428	-0.3704174761985253	-0.3565746779985934	0.2744841270672898	1.104403044569956	0.3568161052060591	0.3704174761985253	PT-8RqCEL	UO-31	UO31	RCC	Kidney	Renal Cell Carcinoma	Renal Cell Carcinoma	RCC		CVCL_1911		Unknown	Female		Primary	kidney	The Broad Institute	Levi Garraway		Cell Line											Adherent	MF-001-014	RPMI + 5% FBS	False						UO31_KIDNEY		False	Approved for public sharing - CCLE		1636.0	SIDM00112	905981.0	ACH-002203	False	False	Kidney	0.8493022701663169
ACH-000429	-0.284658049263845	-0.3649220915474459	-0.07988295901355985	-0.026944711409122968	0.0697092332291021	0.284658049263845	PT-hu5eOQ	A-704	A704	RCC	Kidney	Renal Cell Carcinoma	Renal Cell Carcinoma	RCC		CVCL_1065	78.0	Adult	Male		Primary	kidney	ATCC		HTB-45	Cell Line											Adherent	MF-006-001	MEM + 10% FBS	False						A704_KIDNEY		False	Approved for public sharing - CCLE		949.0	SIDM00849	910920.0		False	False	Kidney	0.6526709537088017
ACH-000430	-0.35375467894421475	-0.2583504236282435	-0.48346140598617143	-0.08778912043249804	0.32514569441209545	0.35375467894421475	PT-z46I0M	TYK-nu	TYKNU	HGSOC	Ovary/Fallopian Tube	Ovarian Epithelial Tumor	High-Grade Serous Ovarian Cancer	HGSOC		CVCL_1776	38.0	Adult	Female	asian	Primary	ovary	HSRRB		JCRB0234.0	Cell Line											Adherent	MF-006-001	MEM + 10% FBS	False						TYKNU_OVARY		False	Approved for public sharing - CCLE		476.0	SIDM00321	909774.0		False	False	Ovary/Fallopian Tube	0.8110974001352323
ACH-000431	0.8411899659304108	1.3562511419896488	1.0278460941048548	0.7840353201543415	-0.12574536054904364	-0.8411899659304108	PT-5l8uJX	NCI-H1694	NCIH1694	SCLC	Lung	Lung Neuroendocrine Tumor	Small Cell Lung Cancer	SCLC		CVCL_1489	61.0	Adult	Male	caucasian	Metastatic	ascites	ATCC		CRL-5888	Cell Line											Suspension	MF-004-001	F12 + 10% FBS	False						NCIH1694_LUNG		False	Approved for public sharing - CCLE		451.0	SIDM00741	688006.0		False	False	Lung	-1.928700975552592
ACH-000432	-0.23723071198266246	-0.23720395236229475	-0.327466718334387	0.011971875872184956	-0.4745603017525282	0.23723071198266246	PT-6P3A35	BV-173	BV173	BALL	Lymphoid	B-Cell Acute Lymphoblastic Leukemia	B-Cell Acute Lymphoblastic Leukemia		BCR-ABL1 (e13-a2)	CVCL_0181	45.0	Adult	Male		Primary	haematopoietic_and_lymphoid_tissue	DSMZ		ACC 20	Cell Line											Suspension	MF-001-021	RPMI + 20% FBS + 2mM Glutamine	False						BV173_HAEMATOPOIETIC_AND_LYMPHOID_TISSUE		True	Approved for public sharing - CCLE	BCR::ABL1	321.0	SIDM00962	910710.0		False	False	Lymphoid	0.5439283921152342
ACH-000433	-0.2319591870236754	-0.32565551053819275	0.10139879399017977	0.8109790192386478	-0.1733937054832786	0.2319591870236754	PT-0UOmyW	Caki-1	CAKI1	CCRCC	Kidney	Renal Cell Carcinoma	Renal Clear Cell Carcinoma	CCRCC		CVCL_0234	49.0	Adult	Male	caucasian	Metastatic	skin	ATCC		HTB-46	Cell Line											Adherent	MF-023-001	McCoy's 5A + 10% FBS	False						CAKI1_KIDNEY		False	Approved for public sharing - CCLE		289.0	SIDM00941	905963.0		False	False	Kidney	0.5318417104584904
ACH-000434	-0.11785460981614754	-0.26325433195812653	0.31936579509024865	1.0814867953466865	0.24656496770087338	0.11785460981614754	PT-3DrWN5	NCI-H1915	NCIH1915	LCLC	Lung	Non-Small Cell Lung Cancer	Large Cell Lung Carcinoma	LCLC		CVCL_1505	61.0	Adult	Female	caucasian	Metastatic	central_nervous_system	ATCC		CRL-5904	Cell Line											Adherent	MF-001-001	RPMI + 10% FBS	False						NCIH1915_LUNG		False	Approved for public sharing - CCLE		1823.0	SIDM00763	1240184.0		False	False	Lung	0.27021993857755816
ACH-000435	0.15972472651981956	-0.17782358368696488	0.24671804958486718	0.8043734866929463	0.12417333281720976	-0.15972472651981956	PT-HWnYva	EFE-184	EFE184	UCEC	Uterus	Endometrial Carcinoma	Endometrial Carcinoma	UCEC		CVCL_1191	69.0	Adult	Female	caucasian	Metastatic	ascites	DSMZ		ACC 230	Cell Line											Adherent	MF-001-001	RPMI + 10% FBS	False						EFE184_ENDOMETRIUM		False	Approved for public sharing - CCLE						False	False	Uterus	-0.3662207685964384
ACH-000436	-0.05915493087231509	-0.10159129195354702	-0.18977321840094252	-0.5972433773187369	-0.7315086980104653	0.05915493087231509	PT-vvCo6J	OCI-My7	OCIMY7	PCM	Lymphoid	Mature B-Cell Neoplasms	Plasma Cell Myeloma	PCM		CVCL_E333		Unknown	Male			haematopoietic_and_lymphoid_tissue	Dana-Farber Cancer Institute	Constantine Mitsiades		Cell Line											Suspension	MF-001-001	RPMI + 10% FBS	False						OCIMY7_HAEMATOPOIETIC_AND_LYMPHOID_TISSUE		False	Approved for public sharing - CCLE						False	False	Lymphoid	0.1356318756798138
ACH-000437	-0.044754304800571625	0.09902522084787038	0.37197728622465054	-0.2858549412467213	1.0880129585215061	0.044754304800571625	PT-uhtVUf	SW 1088	SW1088	ASTR	CNS/Brain	Adult-Type Diffuse Glioma	Astrocytoma, IDH-Mutant	ASTR		CVCL_1715	72.0	Adult	Male	caucasian	Primary	central_nervous_system	ATCC		HTB - 12	Cell Line											Adherent	MF-001-001	RPMI + 10% FBS	False						SW1088_CENTRAL_NERVOUS_SYSTEM		False	Approved for public sharing - CCLE		1310.0	SIDM01155	909745.0		False	False	CNS/Brain	0.1026137671929641
ACH-000438	-0.2108797796803743	-0.21237485580900523	-0.35060296915134886	-0.26779809735746163	0.25633079958858535	0.2108797796803743	PT-DJtGj2	Lu-65	LU65	GCLC	Lung	Non-Small Cell Lung Cancer	Giant Cell Carcinoma of the Lung	GCLC		CVCL_1392	64.0	Adult	Male	asian	Primary	lung	JCRB			Cell Line											Mixed	MF-001-020	RPMI + 20% FBS	False						LU65_LUNG		False	Approved for public sharing - CCLE		47.0	SIDM00547	724863.0		False	False	Lung	0.48351032854272147
ACH-000439	-0.29372258076896696	-0.2895871179722106	-0.3367959271396246	0.29549134774077723	-0.2916026496545311	0.29372258076896696	PT-do6aX9	ME-1	ME1	AML	Myeloid	Acute Myeloid Leukemia	Acute Myeloid Leukemia	AML	CBFB-MYH11 [inv(16)(p13q22) leading to this fusion gene], NRAS Gln61His	CVCL_2110	40.0	Adult	Male	asian	Primary	haematopoietic_and_lymphoid_tissue	DSMZ		ACC-537	Cell Line											Suspension	MF-001-001	RPMI + 10% FBS	False						ME1_HAEMATOPOIETIC_AND_LYMPHOID_TISSUE		True	Approved for public sharing - CCLE	CBFB::MYH11, NRAS, GATA2 and SF3B1	427.0	SIDM00338	1330942.0		False	False	Myeloid	0.6734543337596072
ACH-000440	0.18642623256213492	0.14043474242274812	0.11327206811729597	0.09600823981880002	-0.5863213759881685	-0.18642623256213492	PT-1BkfPG	CA46	CA46	BL	Lymphoid	Mature B-Cell Neoplasms	Burkitt Lymphoma	BL	MYC-IGH, TP53 Arg248Gln	CVCL_1101		Unknown	Male		Primary	ascites	ATCC		CRL-1648	Cell Line				Unknown							Suspension	MF-001-001	RPMI + 10% FBS	False						CA46_HAEMATOPOIETIC_AND_LYMPHOID_TISSUE		True	Approved for public sharing - CCLE		1190.0	SIDM00907	910703.0		False	False	Lymphoid	-0.4274426362343572
ACH-000441	-0.3515867335523672	-0.0656997019638773	-0.3102998744209252	-0.3343367511709873	0.5187328939053981	0.3515867335523672	PT-wx4HmM	SH-4	SH4	MEL	Skin	Melanoma	Melanoma	MEL		CVCL_1692	60.0	Adult	Female	caucasian	Metastatic	pleural_effusion	ATCC		CRL-7724	Cell Line											Adherent	MF-002-001	DMEM + 10% FBS	False						SH4_SKIN		False	Approved for public sharing - CCLE		1179.0	SIDM01079	909713.0		False	False	Skin	0.8061266817938928
ACH-000442	-0.03703674898770786	0.0033012658715193127	0.1719161073563121	0.06677430142198779	0.8057302783056642	0.03703674898770786	PT-uWXLpm	RERF-LC-Sq1	RERFLCSQ1	LUSC	Lung	Non-Small Cell Lung Cancer	Lung Squamous Cell Carcinoma	LUSC		CVCL_1656	74.0	Adult	Female	asian	Primary	lung	HSRRB			Cell Line											Adherent	MF-001-001	RPMI + 10% FBS	False						RERFLCSQ1_LUNG		False	Approved for public sharing - CCLE		449.0	SIDM00354	1298538.0		False	False	Lung	0.0849187660303096
ACH-000443	0.7884471010422647	0.45616917813553703	0.8752124196764972	0.8623658250381918	0.2725171457714625	-0.7884471010422647	PT-9fFef6	OVKATE	OVKATE	HGSOC	Ovary/Fallopian Tube	Ovarian Epithelial Tumor	High-Grade Serous Ovarian Cancer	HGSOC		CVCL_3110	40.0	Adult	Female	asian	Primary	ovary	HSRRB		JCRB1044	Cell Line											Adherent	MF-001-001	RPMI + 10% FBS	False						OVKATE_OVARY		False	Approved for public sharing - CCLE		1094.0	SIDM00466	1240199.0		False	False	Ovary/Fallopian Tube	-1.8077708419522804
ACH-000444	0.39477554946991933	0.09775484159376305	-0.3492235593680799	-0.0286504565267085	0.46287040744363284	-0.39477554946991933	PT-IpPvfc	LU99	LU99	GCLC	Lung	Non-Small Cell Lung Cancer	Giant Cell Carcinoma of the Lung	GCLC		CVCL_3015	63.0	Adult	Male	asian	Metastatic	pleura	HSRRB		JCRB0080	Cell Line											Adherent	MF-001-001	RPMI + 10% FBS	False						LU99_LUNG		False	Approved for public sharing - CCLE			SIDM00546			False	False	Lung	-0.9051510576981046
ACH-000445	0.2983132802537139	0.33121789109179706	0.5126484776885339	0.12457528711662541	0.853815350762933	-0.2983132802537139	PT-N1UIhD	KNS-60	KNS60	GB	CNS/Brain	Adult-Type Diffuse Glioma	Glioblastoma, IDH-Wildtype	GB		CVCL_2798	55.0	Adult	Male		Primary	central_nervous_system	HSRRB		IFO50357	Cell Line											Adherent	MF-002-008	DMEM + 5% FBS	False						KNS60_CENTRAL_NERVOUS_SYSTEM		False	Approved for public sharing - CCLE						False	False	CNS/Brain	-0.6839800020786616
ACH-000446	-0.19718981430273827	-0.17614128246979513	-0.156760443126013	-0.5758470010983459	0.1841903097433311	0.19718981430273827	PT-QRDJzM	KP-N-SI9s	KPNSI9S	NBL	Peripheral Nervous System	Neuroblastoma	Neuroblastoma	NBL		CVCL_1340	5.0	Pediatric	Male		Metastatic	autonomic_ganglia	HSRRB			Cell Line											Adherent	MF-001-001	RPMI + 10% FBS	False						KPNSI9S_AUTONOMIC_GANGLIA		True	Approved for public sharing - CCLE					ACH-002567	False	False	Peripheral Nervous System	0.45212164031707974
ACH-000447	-0.15611625386468342	-0.15516399752332047	0.08072597658036312	0.4662499736580179	1.035790373946986	0.15611625386468342	PT-QmAMEj	NCI-H2228	NCIH2228	LUAD	Lung	Non-Small Cell Lung Cancer	Lung Adenocarcinoma	LUAD		CVCL_1543		Unknown	Female		Primary	lung	ATCC		CRL-5935	Cell Line											Adherent	MF-001-001	RPMI + 10% FBS	False						NCIH2228_LUNG		False	Approved for public sharing - CCLE		1812.0	SIDM00729	687816.0		False	False	Lung	0.35794717403148424
ACH-000448	-0.22022468115046764	-0.26512948227440264	-0.29612844004474187	-0.4870164007738349	0.15083953446321313	0.22022468115046764	PT-3icxN1	NCI-H1666	NCIH1666	LUAD	Lung	Non-Small Cell Lung Cancer	Lung Adenocarcinoma	LUAD		CVCL_1485	50.0	Adult	Female	caucasian	Metastatic	pleural_effusion	ATCC		CRL-5885	Cell Line											Mixed	MF-001-014	RPMI + 5% FBS	False						NCIH1666_LUNG		False	Approved for public sharing - CCLE		958.0	SIDM00743	908473.0		False	False	Lung	0.5049365477224482
ACH-000449	-0.32431794754029397	-0.32152403722596323	-0.412148383318905	-0.38457085338126795	-0.44647568203091975	0.32431794754029397	PT-E7giyP	MES-SA	MESSA	USARC	Uterus	Uterine Sarcoma/Mesenchymal	Uterine Sarcoma/Mesenchymal	USARC		CVCL_1404	56.0	Adult	Female	caucasian	Primary	endometrium	ATCC		CRL-1976	Cell Line											Adherent	MF-023-001	McCoy's 5A + 10% FBS	False						MESSA_SOFT_TISSUE		False	Approved for public sharing - CCLE		1395.0	SIDM00625	908127.0		False	False	Uterus	0.7436041407345152
ACH-000450	-0.3522821835343736	-0.2134995331636289	-0.40730211030944735	-0.3484011765609636	-0.40624581642322205	0.3522821835343736	PT-tIdwwm	MEL-HO	MELHO	MEL	Skin	Melanoma	Melanoma	MEL		CVCL_1402		Unknown	Female		Primary	skin	DSMZ		ACC 62	Cell Line											Adherent	MF-001-001	RPMI + 10% FBS	False					This line is a ME-WEI derivative (ICLAC). DepMap metadata has been updated (as of 22Q2) to reflect this.	MELHO_SKIN		False	Approved for public sharing - CCLE		2109.0	SIDM00337	908124.0		False	False	Skin	0.8077212265615069
ACH-000451	-0.18376368483108196	-0.1623231098131236	0.19660739015804873	0.40432844939939827	0.41915036878972767	0.18376368483108196	PT-hZbJSf	NCI-H2085	NCIH2085	LUAD	Lung	Non-Small Cell Lung Cancer	Lung Adenocarcinoma	LUAD		CVCL_1523	45.0	Adult	Male		Primary	lung	ATCC			Cell Line											Adherent	MF-001-014	RPMI + 5% FBS	False						NCIH2085_LUNG		False	Approved for public sharing - CCLE		80.0	SIDM00709	687812.0		False	False	Lung	0.4213378815245728
ACH-000452	0.3892395112838328	0.15232450899274963	0.9198352334341902	0.67002712409035	1.0891114136662388	-0.3892395112838328	PT-xIsO4O	TE-8	TE8	ESCC	Esophagus/Stomach	Esophageal Squamous Cell Carcinoma	Esophageal Squamous Cell Carcinoma	ESCC		CVCL_1766	63.0	Adult	Male			oesophagus	RIKEN		RCB2098	Cell Line											Adherent	MF-001-001	RPMI + 10% FBS	False						TE8_OESOPHAGUS		False	Approved for public sharing - CCLE		2253.0	SIDM00326	753623.0		False	False	Esophagus/Stomach	-0.892457893629758
ACH-000453	0.4299702477396495	0.37903279508070287	0.3377178211193059	-0.2348159707865074	-0.8579250921034072	-0.4299702477396495	PT-hPsKNs	MOLP-2	MOLP2	PCM	Lymphoid	Mature B-Cell Neoplasms	Plasma Cell Myeloma	PCM		CVCL_2123	55.0	Adult	Male		Primary	haematopoietic_and_lymphoid_tissue	DSMZ		ACC 607	Cell Line											Suspension	MF-001-021	RPMI + 20% FBS + 2mM Glutamine	False						MOLP2_HAEMATOPOIETIC_AND_LYMPHOID_TISSUE		False	Approved for public sharing - CCLE						False	False	Lymphoid	-0.9858463246845907
ACH-000454	-0.00996961147256132	-0.015037811753066128	0.30011313782286997	0.7706558204284562	0.3188136212527483	0.00996961147256132	PT-u7ecNk	HCC-95	HCC95	LUSC	Lung	Non-Small Cell Lung Cancer	Lung Squamous Cell Carcinoma	LUSC		CVCL_5137	65.0	Adult	Male	caucasian	Metastatic	pleural_effusion	KCLB		70095	Cell Line											Adherent	MF-001-001	RPMI + 10% FBS	False						HCC95_LUNG		False	Approved for public sharing - CCLE						False	False	Lung	0.022858569588073377
ACH-000455	-0.26735486470776026	-0.30657693210273884	0.03812674776032274	-0.5065753053449038	-0.005686311702922141	0.26735486470776026	PT-XOGcZJ	LN-428	LN428	GB	CNS/Brain	Adult-Type Diffuse Glioma	Glioblastoma, IDH-Wildtype	GB		CVCL_3959	48.0	Adult	Male		Primary	central_nervous_system	Academic lab	Linda Chin		Cell Line											Adherent	MF-002-001	DMEM + 10% FBS	False						LN428_CENTRAL_NERVOUS_SYSTEM		False	Approved for public sharing - CCLE						False	False	CNS/Brain	0.6129977879731942
ACH-000456	-0.0003955110797035817	-0.09952844449268916	0.5848193767796318	1.8364796877009075	0.35782704251001035	0.0003955110797035817	PT-UFvK3A	B-CPAP	BCPAP	THPD	Thyroid	Poorly Differentiated Thyroid Cancer	Poorly Differentiated Thyroid Cancer	THPD		CVCL_0153	76.0	Adult	Female		Primary	thyroid	DSMZ		273	Cell Line											Adherent	MF-001-001	RPMI + 10% FBS	False						BCPAP_THYROID		False	Approved for public sharing - CCLE		346.0	SIDM00992	924104.0		True	True	Thyroid	0.0009068374994493252
ACH-000457	-0.2801484608349657	-0.3259471883962524	0.40197995403812076	1.1571388644881642	-0.1528861572948426	0.2801484608349657	PT-lO2Jn8	CAL-54	CAL54	RCC	Kidney	Renal Cell Carcinoma	Renal Cell Carcinoma	RCC		CVCL_1111	75.0	Adult	Male		Metastatic	pleural_effusion	DSMZ		ACC 365	Cell Line											Adherent	MF-002-009	DMEM + 20% FBS	False						CAL54_KIDNEY		False	Approved for public sharing - CCLE		482.0	SIDM00932	910952.0		False	False	Kidney	0.642331258807068
ACH-000458	0.5094916200586951	-0.08099931351881887	0.038930461129168835	0.5323460671479562	0.26157988064110205	-0.5094916200586951	PT-CfuEas	CJM	CJM	MEL	Skin	Melanoma	Melanoma	MEL		CVCL_U797		Unknown	Male		Metastatic	skin	RIKEN		RCB1034	Cell Line											Adherent	MF-004-001	F12 + 10% FBS	False						CJM_SKIN		False	Approved for public sharing - CCLE						False	False	Skin	-1.168174876594246
ACH-000459	-0.28119958250063765	-0.2949451665733882	0.20427387074155817	0.6795238141563569	1.1356104055668885	0.28119958250063765	PT-myAfV5	TUHR10TKB	TUHR10TKB	CCRCC	Kidney	Renal Cell Carcinoma	Renal Clear Cell Carcinoma	CCRCC		CVCL_5952	69.0	Adult	Male		Primary	kidney	RIKEN		RCB1275	Cell Line											Adherent	MF-001-001	RPMI + 10% FBS	False						TUHR10TKB_KIDNEY		False	Approved for public sharing - CCLE						False	False	Kidney	0.6447412963302375
ACH-000460	-0.1856411519339224	-0.2733055165896773	0.06536646311901086	0.45510879238368557	0.07573510422270159	0.1856411519339224	PT-OIFKmV	SNU-8	SNU8	SOC	Ovary/Fallopian Tube	Ovarian Epithelial Tumor	Serous Ovarian Cancer	SOC		CVCL_5096	55.0	Adult	Female	asian	Metastatic	ascites	KCLB			Cell Line											Adherent	MF-001-001	RPMI + 10% FBS	False						SNU8_OVARY		False	Approved for public sharing - CCLE						False	False	Ovary/Fallopian Tube	0.4256425841238377
ACH-000461	-0.3171586741398362	-0.3120960123285079	-0.45230304082632145	-0.18102270093521655	0.5213244482342735	0.3171586741398362	PT-1PHTgt	SNU-1196	SNU1196	EHCH	Biliary Tract	Intraductal Papillary Neoplasm of the Bile Duct	Extrahepatic Cholangiocarcinoma	EHCH		CVCL_5015		Unknown	Unknown		Primary	biliary_tract	KCLB		1196	Cell Line											Adherent	MF-001-005	RPMI + 10% FBS + 2mM Glutamine + 25mM HEPES + 25mM Sodium bicarbonate	False						SNU1196_BILIARY_TRACT		False	Approved for public sharing - CCLE			SIDM00163			False	False	Biliary Tract	0.7271891831732491
ACH-000462	-0.26497631115954046	-0.3211584955202486	-0.3981576036441694	-0.04272848386441547	-0.4591371205504849	0.26497631115954046	PT-ln5u7z	NALM-1	NALM1	CMLBCRABL1	Myeloid	Myeloproliferative Neoplasms	Chronic Myeloid Leukemia, BCR-ABL1+	CMLBCRABL1	BCR::ABL1 (e13-a2)	CVCL_0091	3.0	Pediatric	Female		Primary	haematopoietic_and_lymphoid_tissue	DSMZ			Cell Line											Suspension	MF-001-020	RPMI + 20% FBS	False						NALM1_HAEMATOPOIETIC_AND_LYMPHOID_TISSUE		True	Approved for public sharing - CCLE	BCR::ABL1					False	False	Myeloid	0.6075441820878915
ACH-000463	-0.31287235932609164	-0.3226223202454972	-0.14276285863695257	-0.10502200616091747	-0.32588707536466355	0.31287235932609164	PT-gfHIRD	NCI-H460	NCIH460	LCLC	Lung	Non-Small Cell Lung Cancer	Large Cell Lung Carcinoma	LCLC		CVCL_0459		Unknown	Male		Metastatic	pleural_effusion	ATCC		HTB-177	Cell Line											Adherent	MF-001-001	RPMI + 10% FBS	False						NCIH460_LUNG		False	Approved for public sharing - CCLE		2146.0	SIDM00144	905943.0		False	False	Lung	0.7173614154898212
ACH-000464	-0.2033755631051298	0.047245820331713685	-0.1927856229170951	-0.5115796599694133	0.049652379497986183	0.2033755631051298	PT-3nLBts	CAS-1	CAS1	GB	CNS/Brain	Adult-Type Diffuse Glioma	Glioblastoma, IDH-Wildtype	GB		CVCL_1117	63.0	Adult	Male		Primary	central_nervous_system	ICLC		HTL97009	Cell Line											Adherent	MF-002-001	DMEM + 10% FBS	False						CAS1_CENTRAL_NERVOUS_SYSTEM		False	Approved for public sharing - CCLE		604.0	SIDM00212	910943.0		False	False	CNS/Brain	0.4663044768140653
ACH-000465	-0.2900645360521197	-0.13448271965690328	-0.25742750394399155	-0.053623477337439496	-0.14614852322179425	0.2900645360521197	PT-spChit	SK-MEL-1	SKMEL1	MEL	Skin	Melanoma	Melanoma	MEL		CVCL_0068	29.0	Adult	Male	caucasian	Metastatic	haematopoietic_and_lymphoid_tissue	ATCC			Cell Line											Suspension	MF-015-001	EMEM + 10% FBS	False						SKMEL1_SKIN		False	Approved for public sharing - CCLE		42.0	SIDM01107	909723.0		False	False	Skin	0.6650670791563087
ACH-000466	-0.3236568558411366	-0.3183880312346933	-0.09384236011484338	0.17024208310125916	0.6186511946352885	0.3236568558411366	PT-IGNlGv	SNU-216	SNU216	TSTAD	Esophagus/Stomach	Esophagogastric Adenocarcinoma	Tubular Stomach Adenocarcinoma	TSTAD		CVCL_3946	46.0	Adult	Female	asian	Metastatic	lymph_node	KCLB		216	Cell Line											Adherent	MF-001-001	RPMI + 10% FBS	False						SNU216_STOMACH		False	Approved for public sharing - CCLE						False	False	Esophagus/Stomach	0.7420883734801065
ACH-000467	-0.24730619261267694	0.34372101941234595	-0.33790882836291947	-0.28455117405962177	-0.2955015596805504	0.24730619261267694	PT-2RDjdA	HCC-56	HCC56	COAD	Bowel	Colorectal Adenocarcinoma	Colon Adenocarcinoma	COAD		CVCL_2917		Unknown	Unknown		Primary	large_intestine	HSRRB		JCRB1037	Cell Line											Adherent	MF-006-001	MEM + 10% FBS	False						HCC56_LARGE_INTESTINE		False	Approved for public sharing - CCLE		1036.0	SIDM00597	1290907.0		False	False	Bowel	0.5670297011028854
ACH-000468	-0.2239066063018087	-0.1601952573111009	0.016559066277565464	-0.04443172522022523	0.661399833757903	0.2239066063018087	PT-Ej6iPJ	PK-45H	PK45H	PAAD	Pancreas	Pancreatic Adenocarcinoma	Pancreatic Adenocarcinoma	PAAD		CVCL_6748		Unknown	Unknown		Primary	pancreas	RIKEN		RCB1973	Cell Line											Adherent	MF-001-001	RPMI + 10% FBS	False						PK45H_PANCREAS		False	Approved for public sharing - CCLE						False	False	Pancreas	0.5133785559713799
ACH-000469	0.0767465946922695	0.454720546192745	0.14133549864354236	-0.20228467274679077	1.0915013783310286	-0.0767465946922695	PT-hzuTX4	YH-13	YH13	GB	CNS/Brain	Adult-Type Diffuse Glioma	Glioblastoma, IDH-Wildtype	GB		CVCL_1795	40.0	Adult	Male		Primary	central_nervous_system	HSRRB		IFO50493	Cell Line											Adherent	MF-015-009	EMEM + 20% FBS	False						YH13_CENTRAL_NERVOUS_SYSTEM		False	Approved for public sharing - CCLE		468.0	SIDM00316	909905.0		False	False	CNS/Brain	-0.17596647374365482
ACH-000470	-0.3125225565791614	0.03224821907330749	-0.4166478883521576	-0.6293225202456636	0.21474561564487818	0.3125225565791614	PT-XPa83T	SW1463	SW1463	READ	Bowel	Colorectal Adenocarcinoma	Rectal Adenocarcinoma	READ		CVCL_1718	66.0	Adult	Female	caucasian	Primary	large_intestine	ATCC		CCL-234	Cell Line											Adherent	MF-001-001	RPMI + 10% FBS	False						SW1463_LARGE_INTESTINE		False	Approved for public sharing - CCLE		271.0	SIDM00834	909748.0		False	False	Bowel	0.7165593791762888
ACH-000471	-0.13790264035313388	-0.28356495372528767	-0.3190057834281449	0.05287749792216412	0.2669646254272346	0.13790264035313388	PT-6EhW80	Li-7	LI7	HCC	Liver	Hepatocellular Carcinoma	Hepatocellular Carcinoma	HCC		CVCL_3840	45.0	Adult	Male		Primary	liver	RIKEN		RCB1941	Cell Line											Adherent	MF-001-001	RPMI + 10% FBS	False						LI7_LIVER		False	Approved for public sharing - CCLE						False	False	Liver	0.3161865544677345
ACH-000472	-0.2087109861763224	-0.21301645763460647	-0.25939791608782764	-0.2659644974439238	-0.20731974456594487	0.2087109861763224	PT-MxVfNi	HSC-2	HSC2	OCSC	Head and Neck	Head and Neck Squamous Cell Carcinoma	Oral Cavity Squamous Cell Carcinoma	OCSC		CVCL_1287	69.0	Adult	Male		Metastatic	upper_aerodigestive_tract	HSRRB		JCRB0622	Cell Line											Adherent	MF-006-001	MEM + 10% FBS	False						HSC2_UPPER_AERODIGESTIVE_TRACT		False	Approved for public sharing - CCLE		944.0	SIDM00590	753562.0	ACH-001311	False	False	Head and Neck	0.47853766562892835
ACH-000473	0.1511953321699366	0.2984687138820413	-0.27808013538257254	-0.4582170464379837	0.5379179041368723	-0.1511953321699366	PT-ESM25t	RT-112	RT112	BLCA	Bladder/Urinary Tract	Bladder Urothelial Carcinoma	Bladder Urothelial Carcinoma	BLCA		CVCL_1670		Unknown	Female		Primary	urinary_tract	DSMZ		418	Cell Line											Adherent	MF-001-001	RPMI + 10% FBS	False						RT112_URINARY_TRACT		False	Approved for public sharing - CCLE		25.0	SIDM00402	909704.0		False	False	Bladder/Urinary Tract	-0.34666436413398555
ACH-000475	-0.28646537948055223	-0.3613485283848326	-0.03644298439497446	0.29679199627364	-0.41850069293599107	0.28646537948055223	PT-fHVhJI	huH-1	HUH1	HCC	Liver	Hepatocellular Carcinoma	Hepatocellular Carcinoma	HCC		CVCL_2956	53.0	Adult	Male	asian	Primary	liver	HSRRB		JCRB0199	Cell Line											Adherent	MF-002-001	DMEM + 10% FBS	False						HUH1_LIVER		False	Approved for public sharing - CCLE		1855.0	SIDM00586	1298146.0		False	False	Liver	0.6568148447361434
ACH-000476	-0.21877672654741914	-0.33381030392252414	-0.2321633102445237	0.33221795319597935	0.5120509842703114	0.21877672654741914	PT-UVxXgl	JHH-4	JHH4	HCC	Liver	Hepatocellular Carcinoma	Hepatocellular Carcinoma	HCC		CVCL_2787	51.0	Adult	Male	asian	Primary	liver	HSRRB		JCRB0435	Cell Line											Adherent	MF-006-001	MEM + 10% FBS	False						JHH4_LIVER		False	Approved for public sharing - CCLE		931.0	SIDM00616	1240158.0		False	False	Liver	0.5016166419121517
ACH-000477	-0.24343714529164154	-0.05526654998358461	-0.23506133640101115	-0.19251695972474975	-0.05044548162258444	0.24343714529164154	PT-A0Pe6P	Malme-3M	MALME3M	MEL	Skin	Melanoma	Melanoma	MEL		CVCL_1438	43.0	Adult	Male	caucasian	Metastatic	lung	ATCC		HTB-64	Cell Line											Adherent	MF-001-001	RPMI + 10% FBS	False						MALME3M_SKIN		False	Approved for public sharing - CCLE			SIDM00011			False	False	Skin	0.5581586545560018
ACH-000478	-0.10386135441074908	-0.25099165900626935	-0.09233123716348844	-0.07754604922309699	0.7596077618984223	0.10386135441074908	PT-KvGBYp	SNU-387	SNU387	HCC	Liver	Hepatocellular Carcinoma	Hepatocellular Carcinoma	HCC		CVCL_0250	41.0	Adult	Female	asian	Primary	liver	ATCC		CRL-2237	Cell Line											Adherent	MF-001-001	RPMI + 10% FBS	False						SNU387_LIVER		False	Approved for public sharing - CCLE		1482.0	SIDM01180	909736.0		False	False	Liver	0.23813585954114547
ACH-000479	-0.13355683899236928	-0.241861103350022	-0.002223387950684768	-0.3903354099840004	0.6846503360065727	0.13355683899236928	PT-hM3DN4	KNS-81	KNS81	GB	CNS/Brain	Adult-Type Diffuse Glioma	Glioblastoma, IDH-Wildtype	GB		CVCL_2799	65.0	Adult	Male		Primary	central_nervous_system	HSRRB		IFO50359	Cell Line											Adherent	MF-002-008	DMEM + 5% FBS	False						KNS81_CENTRAL_NERVOUS_SYSTEM		False	Approved for public sharing - CCLE			SIDM00605			False	False	CNS/Brain	0.3062223945709938
ACH-000480	-0.016139903751529038	-0.12571701741448818	-0.2629399060040993	0.3896475284159584	0.018180279015456508	0.016139903751529038	PT-cw7s0S	HuH-7	HUH7	HCC	Liver	Hepatocellular Carcinoma	Hepatocellular Carcinoma	HCC		CVCL_0336	57.0	Adult	Male	asian	Primary	liver	HSRRB		JCRB0403	Cell Line											Adherent	MF-002-001	DMEM + 10% FBS	False						HUH7_LIVER		False	Approved for public sharing - CCLE		2195.0	SIDM00585	907071.0		False	False	Liver	0.03700596698923801
ACH-000481	-0.3553033818249793	-0.12676921711167158	-0.14602144820506754	0.2528949386661803	0.48477393058850765	0.3553033818249793	PT-CazMr1	NCI-H2170	NCIH2170	LUSC	Lung	Non-Small Cell Lung Cancer	Lung Squamous Cell Carcinoma	LUSC		CVCL_1535		Unknown	Male		Primary	lung	ATCC		CRL-5928	Cell Line											Adherent	MF-001-001	RPMI + 10% FBS	False						NCIH2170_LUNG		False	Approved for public sharing - CCLE		1811.0	SIDM00716	687815.0		False	False	Lung	0.8146483040665077
ACH-000482	-0.16531089405336755	0.10536912309133496	0.27509184740763165	0.0029364620068856873	0.4762450488840201	0.16531089405336755	PT-G8tjyE	RERF-LC-KJ	RERFLCKJ	LUAD	Lung	Non-Small Cell Lung Cancer	Lung Adenocarcinoma	LUAD		CVCL_1654	78.0	Adult	Male		Primary	lung	HSRRB		JCRB0137	Cell Line											Adherent	MF-001-001	RPMI + 10% FBS	False						RERFLCKJ_LUNG		False	Approved for public sharing - CCLE		960.0	SIDM00356	1298537.0		False	False	Lung	0.3790288704615593
ACH-000483	-0.1507488108561614	-0.1711208783648639	0.08904877704120999	0.23859938801238115	0.3518095268240839	0.1507488108561614	PT-YTIYsu	SNU-182	SNU182	HCC	Liver	Hepatocellular Carcinoma	Hepatocellular Carcinoma	HCC		CVCL_0090	24.0	Adult	Male	asian	Primary	liver	ATCC		CRL-2235	Cell Line											Adherent	MF-001-001	RPMI + 10% FBS	False						SNU182_LIVER		False	Approved for public sharing - CCLE		1481.0	SIDM01151	1240216.0		False	False	Liver	0.34564056911934743
ACH-000484	0.1823425417510413	-0.04811634752914284	0.21289030206333476	0.19456971705467596	0.21492079569284642	-0.1823425417510413	PT-BHz6vU	VMRC-RCW	VMRCRCW	RCC	Kidney	Renal Cell Carcinoma	Renal Cell Carcinoma	RCC		CVCL_1790		Unknown	Male		Primary	kidney	RIKEN		RCB1963	Cell Line											Adherent	MF-006-001	MEM + 10% FBS	False						VMRCRCW_KIDNEY		False	Approved for public sharing - CCLE		1459.0	SIDM00318	1240224.0		False	False	Kidney	-0.4180794498315097
ACH-000485	-0.2850154909891329	0.04054020761756089	-0.5015258064569252	-0.7786181869470106	0.17965100064361628	0.2850154909891329	PT-JcZulh	GSU	GSU	STAD	Esophagus/Stomach	Esophagogastric Adenocarcinoma	Stomach Adenocarcinoma	STAD		CVCL_8877	37.0	Adult	Male		Metastatic	ascites	RIKEN		RCB2278	Cell Line											Mixed	MF-001-001	RPMI + 10% FBS	False						GSU_STOMACH		False	Approved for public sharing - CCLE						False	False	Esophagus/Stomach	0.6534905048591813
ACH-000486	0.5554787501755121	0.5261682802181042	0.028153287585183775	-0.0599878361496622	0.23843564393568287	-0.5554787501755121	PT-W6AZYO	KU-19-19	KU1919	BLCA	Bladder/Urinary Tract	Bladder Urothelial Carcinoma	Bladder Urothelial Carcinoma	BLCA		CVCL_1344	76.0	Adult	Female		Primary	urinary_tract	DSMZ		395	Cell Line											Adherent	MF-001-001	RPMI + 10% FBS	False						KU1919_URINARY_TRACT		False	Approved for public sharing - CCLE		892.0	SIDM01033	907312.0		False	False	Bladder/Urinary Tract	-1.2736152958948566
ACH-000487	0.018642389604821653	-0.1275617417726386	-0.1053520173612121	0.18402221156387444	-0.28454020018361387	-0.018642389604821653	PT-fzbPIv	F-36P	F36P	AMLNOS	Myeloid	Acute Myeloid Leukemia	AML, NOS	AMLNOS		CVCL_2037	68.0	Adult	Male		Metastatic	pleural_effusion	DSMZ			Cell Line											Suspension	MF-001-028	RPMI + 20% FBS + 10ng/ml GM-CSF	False						F36P_HAEMATOPOIETIC_AND_LYMPHOID_TISSUE		True	Approved for public sharing - CCLE	RAD21					False	False	Myeloid	-0.042743727901796535
ACH-000488	-0.046650795014600316	-0.0580053693665475	-0.017626820231368318	0.42253375806376137	0.05676261451065973	0.046650795014600316	PT-wdkGZi	TE-11	TE11	ESCC	Esophagus/Stomach	Esophageal Squamous Cell Carcinoma	Esophageal Squamous Cell Carcinoma	ESCC		CVCL_1761	58.0	Adult	Male		Primary	oesophagus	RIKEN		RCB2100	Cell Line											Adherent	MF-001-001	RPMI + 10% FBS	False						TE11_OESOPHAGUS		False	Approved for public sharing - CCLE		2073.0	SIDM00348	946354.0		False	False	Esophagus/Stomach	0.10696208644791069
ACH-000489	-0.2935448504069078	0.09161905231427786	-0.31128728454489923	-0.17213873132655658	-0.35400780511810687	0.2935448504069078	PT-EtFrRG	SW1116	SW1116	COAD	Bowel	Colorectal Adenocarcinoma	Colon Adenocarcinoma	COAD		CVCL_0544	73.0	Adult	Male	caucasian	Primary	Colon	ATCC		CCl-233	Cell Line											Adherent	MF-001-001	RPMI + 10% FBS	False						SW1116_LARGE_INTESTINE		False	Approved for public sharing - CCLE		480.0	SIDM00835	909746.0		False	False	Bowel	0.6730468292284403
ACH-000490	0.8979566937529904	0.9172832497995369	0.5080986440519571	1.1655660080812964	0.3244084091585175	-0.8979566937529904	PT-Ag8pMW	SF767	SF767	CESC	Cervix	Cervical Squamous Cell Carcinoma	Cervical Squamous Cell Carcinoma	CESC		CVCL_6950	66.0	Adult	Female		Metastatic	abdomen	Academic lab	Linda Chin		Cell Line											Adherent	MF-002-001	DMEM + 10% FBS	False					SNP fingerprinting confirms that this line is a ME-180 derivative. DepMap metadata has been updated (as of 22Q2) to reflect this.	SF767_CENTRAL_NERVOUS_SYSTEM		False	Approved for public sharing - CCLE			SIDM00626			False	False	Cervix	-2.0588571207334714
ACH-000491	0.34247611225524577	-0.18576770500087292	-0.23722279733755583	-0.1975440783947645	0.032187345346412766	-0.34247611225524577	PT-5GhHA6	NCI-H716	NCIH716	COAD	Bowel	Colorectal Adenocarcinoma	Colon Adenocarcinoma	COAD		CVCL_1581	33.0	Adult	Male	caucasian	Metastatic	ascites	ATCC			Cell Line											Mixed	MF-001-001	RPMI + 10% FBS	False						NCIH716_LARGE_INTESTINE		False	Approved for public sharing - CCLE		649.0	SIDM00779	908458.0		False	False	Bowel	-0.7852376259381053
ACH-000492	-0.22811544872369957	-0.2856259156645058	-0.27280721382083795	0.1582738492646824	-0.2201305190325859	0.22811544872369957	PT-mlZ1w1	MUTZ-5	MUTZ5	BALL	Lymphoid	B-Cell Acute Lymphoblastic Leukemia	B-Cell Acute Lymphoblastic Leukemia		IGH::CRLF2, JAK2 R683G 	CVCL_1873	26.0	Adult	Male		Primary	haematopoietic_and_lymphoid_tissue	DSMZ		ACC 490	Cell Line											Suspension	MF-001-020	RPMI + 20% FBS	False						MUTZ5_HAEMATOPOIETIC_AND_LYMPHOID_TISSUE		True	Approved for public sharing - CCLE	CRLF2 Ph-like, IGH::CRLF2		SIDM01689			False	False	Lymphoid	0.5230286930555396
ACH-000493	-0.30298037491860186	-0.09707722370652852	0.023671610399050844	0.15728028826710574	0.497401754768554	0.30298037491860186	PT-nNGWmq	SNU-423	SNU423	HCC	Liver	Hepatocellular Carcinoma	Hepatocellular Carcinoma	HCC		CVCL_0366	40.0	Adult	Male	asian	Primary	liver	ATCC		CRL-2238	Cell Line											Adherent	MF-001-001	RPMI + 10% FBS	False						SNU423_LIVER		False	Approved for public sharing - CCLE		481.0	SIDM01199	909737.0		False	False	Liver	0.6946808311395618
ACH-000494	-0.20286052484452094	-0.2827438449438452	0.2753568135398805	1.1601982791289565	0.172061725174159	0.20286052484452094	PT-dZGXnc	OELE	OELE	ZIMMOV	Ovary/Fallopian Tube	Non-Cancerous	Immortalized Ovarian Cells			CVCL_IW56		Unknown	Female			ovary	The Broad Institute	Jesse Boehm		Cell Line											Adherent									OELE_OVARY		False	Approved for public sharing - CCLE						False	False	Ovary/Fallopian Tube	0.4651235844640424
ACH-000495	-0.02737138852924942	-0.3010112181025703	-0.0896704051897134	0.3913435327362523	0.4216924990598291	0.02737138852924942	PT-GcbNSr	TUHR4TKB	TUHR4TKB	RCC	Kidney	Renal Cell Carcinoma	Renal Cell Carcinoma	RCC		CVCL_5957	60.0	Adult	Male		Primary	kidney	RIKEN		RCB1198	Cell Line											Adherent	MF-002-001	DMEM + 10% FBS	False						TUHR4TKB_KIDNEY		False	Approved for public sharing - CCLE						False	False	Kidney	0.0627577906260471
ACH-000496	0.0023021134756919873	-0.006220292031408697	0.036522625576224724	0.13294701203909548	0.2058308844298644	-0.0023021134756919873	PT-5umTu0	NCI-H1792	NCIH1792	LUAD	Lung	Non-Small Cell Lung Cancer	Lung Adenocarcinoma	LUAD		CVCL_1495	50.0	Adult	Male	caucasian	Metastatic	pleural_effusion	ATCC		CRL-5895	Cell Line											Adherent	MF-001-001	RPMI + 10% FBS	False						NCIH1792_LUNG		False	Approved for public sharing - CCLE		2122.0	SIDM00771	724868.0		False	False	Lung	-0.005278342213091946
ACH-000498	0.22782340665701878	0.16588690960139202	0.05302638958181412	0.12172037500961796	-0.047911115992017424	-0.22782340665701878	PT-pWs9uO	KO52	KO52	AML	Myeloid	Acute Myeloid Leukemia	Acute Myeloid Leukemia	AML	DNMT3A Arg882His, NRAS Gly13Arg, and TP53 Arg248Trp	CVCL_1321	46.0	Adult	Male			bone_marrow	HSRRB			Cell Line											Suspension	MF-003-001	AlphaMEM + 10% FBS	False						KO52_HAEMATOPOIETIC_AND_LYMPHOID_TISSUE		True	Approved for public sharing - CCLE		1325.0	SIDM00018	1330932.0		False	False	Myeloid	-0.5223590918456789
ACH-000499	-0.03507237268080457	-0.06271534649145703	-0.18221270920231325	-0.2300451847617181	-0.45460262896578446	0.03507237268080457	PT-m8xCzo	EW8	EW8	ES	Bone	Ewing Sarcoma	Ewing Sarcoma	ES		CVCL_V618		Pediatric	Male		Primary	bone	Dana-Farber Cancer Institute	Kim Stegmaier		Cell Line											Adherent	MF-002-003	DMEM + 10% FBS + 2mM Glutamine	False						EW8_BONE		True	Approved for public sharing - CCLE	EWS::FLI					False	False	Bone	0.080414795877401
ACH-000500	0.07720880596652452	-0.2258958171000625	0.5283821547858669	0.5553390761756252	0.8163520898191113	-0.07720880596652452	PT-7wjU8J	SNU-46	SNU46	LXSC	Head and Neck	Head and Neck Squamous Cell Carcinoma	Larynx Squamous Cell Carcinoma	LXSC		CVCL_5063	65.0	Adult	Male	asian		upper_aerodigestive_tract	KCLB		46	Cell Line											Adherent	MF-001-005	RPMI + 10% FBS + 2mM Glutamine + 25mM HEPES + 25mM Sodium bicarbonate	False						SNU46_UPPER_AERODIGESTIVE_TRACT		False	Approved for public sharing - CCLE						False	False	Head and Neck	-0.1770262430843186
ACH-000501	-0.05099683843322489	-0.05033871275491848	-0.12417132840672296	0.10754371111717971	0.32867396273844296	0.05099683843322489	PT-kCvNaO	LS123	LS123	COAD	Bowel	Colorectal Adenocarcinoma	Colon Adenocarcinoma	COAD		CVCL_1383	65.0	Adult	Female	caucasian	Primary	Colon	ATCC		CCL-255	Cell Line											Adherent	MF-001-001	RPMI + 10% FBS	False						LS123_LARGE_INTESTINE		False	Approved for public sharing - CCLE		2266.0	SIDM00776	907792.0		False	False	Bowel	0.11692680134084675
ACH-000502	-0.2804686287211297	-0.28574141100283834	-0.2705168329638916	0.12059463111090934	-0.05133188795556222	0.2804686287211297	PT-HGOuqa	TCC-PAN2	TCCPAN2	PAAD	Pancreas	Pancreatic Adenocarcinoma	Pancreatic Adenocarcinoma	PAAD		CVCL_3178	47.0	Adult	Female	asian	Metastatic	ascites	HSRRB		TCCPAN2	Cell Line											Adherent	MF-001-001	RPMI + 10% FBS	False						TCCPAN2_PANCREAS		False	Approved for public sharing - CCLE						False	False	Pancreas	0.6430653475853407
ACH-000503	0.33223792242154304	0.377745476798364	0.22609911162703314	0.3842709818825623	-0.09110402869603541	-0.33223792242154304	PT-9uZV0s	BICR 16	BICR16	OCSC	Head and Neck	Head and Neck Squamous Cell Carcinoma	Oral Cavity Squamous Cell Carcinoma	OCSC		CVCL_2308		Unknown	Male	caucasian	Primary	upper_aerodigestive_tract	ECACC		6031001	Cell Line											Adherent	MF-002-001	DMEM + 10% FBS	False						BICR16_UPPER_AERODIGESTIVE_TRACT		False	Approved for public sharing - CCLE						False	False	Head and Neck	-0.7617632532994418
ACH-000504	-0.09351130286930631	-0.05105433642249764	0.07785897814083621	-0.21048392941863264	1.0166046830862814	0.09351130286930631	PT-YFHa1n	SNB75	SNB75	GB	CNS/Brain	Adult-Type Diffuse Glioma	Glioblastoma, IDH-Wildtype	GB		CVCL_1706	75.0	Adult	Female		Primary	central_nervous_system	The Broad Institute	Levi Garraway		Cell Line											Adherent	MF-001-014	RPMI + 5% FBS	False						SNB75_CENTRAL_NERVOUS_SYSTEM		False	Approved for public sharing - CCLE		1181.0	SIDM00095	905982.0		False	False	CNS/Brain	0.2144050076366998
ACH-000505	-0.13541289844673154	-0.156128025244064	0.28386275355131096	1.1886376870712205	0.7925221323064388	0.13541289844673154	PT-yLm1aj	RKN	RKN	LMS	Soft Tissue	Leiomyosarcoma	Leiomyosarcoma	LMS		CVCL_3156	45.0	Adult	Female	asian	Primary	ovary	HSRRB		JCRB0176	Cell Line											Adherent	MF-004-001	F12 + 10% FBS	False						RKN_SOFT_TISSUE		False	Approved for public sharing - CCLE		1471.0	SIDM00353	1298539.0		False	False	Soft Tissue	0.3104780131890222
ACH-000506	-0.29321479590679467	-0.3653287285792952	-0.07690262247631668	0.11473641986579405	-0.09087026822697775	0.29321479590679467	PT-VTukYY	NCI-H146	NCIH146	SCLC	Lung	Lung Neuroendocrine Tumor	Small Cell Lung Cancer	SCLC		CVCL_1473	59.0	Adult	Male	caucasian	Metastatic	bone_marrow	ATCC		HTB-173	Cell Line											Suspension	MF-001-001	RPMI + 10% FBS	False						NCIH146_LUNG		False	Approved for public sharing - CCLE		932.0	SIDM00698	910899.0		False	False	Lung	0.6722900721793359
ACH-000507	-0.27396818132685014	0.15783129620996098	-0.33424784861150814	-0.30708761051155953	0.908419334838616	0.27396818132685014	PT-6nN2YI	KE-39	KE39	STAD	Esophagus/Stomach	Esophagogastric Adenocarcinoma	Stomach Adenocarcinoma	STAD		CVCL_3385	77.0	Adult	Male	asian	Metastatic	lymph_node	RIKEN		RCB1434	Cell Line											Adherent	MF-001-001	RPMI + 10% FBS	False						KE39_STOMACH		False	Approved for public sharing - CCLE						False	False	Esophagus/Stomach	0.6281609624420774
ACH-000508	0.22460120256373572	-0.32952417617471863	0.4528990900130672	1.1704706284803332	0.3573136470214198	-0.22460120256373572	PT-YUXlCn	COR-L88	CORL88	SCLC	Lung	Lung Neuroendocrine Tumor	Small Cell Lung Cancer	SCLC		CVCL_1141	55.0	Adult	Male	caucasian	Metastatic	pleural_effusion	ECACC		92031917	Cell Line											Mixed	MF-001-003	RPMI + 10% FBS + 2mM Glutamine	False						CORL88_LUNG		False	Approved for public sharing - CCLE		774.0	SIDM00506	906808.0		False	False	Lung	-0.514971143308667
ACH-000509	-0.25856831047702755	-0.2702144043396388	-0.028776662106942137	-0.3280405093312366	0.11286959768833912	0.25856831047702755	PT-PrSlzw	HuT 78	HUT78	SS	Lymphoid	Mature T and NK Neoplasms	Sezary Syndrome	SS		CVCL_0337	53.0	Adult	Male	caucasian		haematopoietic_and_lymphoid_tissue	ATCC		TIB-161	Cell Line											Suspension	MF-005-004	IMDM + 20% FBS	False						HUT78_HAEMATOPOIETIC_AND_LYMPHOID_TISSUE		False	Approved for public sharing - CCLE			SIDM00851			False	False	Lymphoid	0.5928517610316866
ACH-000510	-0.22225043707070158	-0.29458122570808665	-0.27697346697582464	0.00716460143990285	0.5985343514889612	0.22225043707070158	PT-7qWq2K	NCI-H1299	NCIH1299	LCLC	Lung	Non-Small Cell Lung Cancer	Large Cell Lung Carcinoma	LCLC		CVCL_0060	43.0	Adult	Male	caucasian	Metastatic	lymph_node	ATCC		CRL-5803	Cell Line											Adherent	MF-001-001	RPMI + 10% FBS	False						NCIH1299_LUNG		False	Approved for public sharing - CCLE		1235.0	SIDM00649	724831.0		False	False	Lung	0.5095812505575149
ACH-000511	-0.27681004710834506	-0.2403372494725647	0.22447363099560982	0.630078467580159	0.49651216781966484	0.27681004710834506	PT-R4QjAn	Calu-1	CALU1	LUSC	Lung	Non-Small Cell Lung Cancer	Lung Squamous Cell Carcinoma	LUSC		CVCL_0608	47.0	Adult	Male	caucasian	Metastatic	pleura	ATCC		HTB-54	Cell Line											Adherent	MF-023-001	McCoy's 5A + 10% FBS	False						CALU1_LUNG		False	Approved for public sharing - CCLE						False	False	Lung	0.6346768619738751
ACH-000512	0.6041404931653178	0.570632758257522	0.4660948455974607	-0.5703833491728179	0.1384279445200002	-0.6041404931653178	PT-H09155	INA6	INA6	PCM	Lymphoid	Mature B-Cell Neoplasms	Plasma Cell Myeloma	PCM		CVCL_5209	80.0	Adult	Male			pleural_effusion	Dana-Farber Cancer Institute	Constantine Mitsiades		Cell Line											Suspension	MF-001-024	RPMI + 20% FBS + 10ng/ml IL-6	False						INA6_HAEMATOPOIETIC_AND_LYMPHOID_TISSUE		False	Approved for public sharing - CCLE						False	False	Lymphoid	-1.3851881331584577
ACH-000513	-0.32488973661599796	-0.3399894198680709	-0.14643536090640313	0.029297518167468506	0.4823865461206372	0.32488973661599796	PT-yzeH2y	SNU-1272	SNU1272	CCRCC	Kidney	Renal Cell Carcinoma	Renal Clear Cell Carcinoma	CCRCC		CVCL_8788	63.0	Adult	Female	asian	Primary	kidney	KCLB			Cell Line											Adherent	MF-001-001	RPMI + 10% FBS	False						SNU1272_KIDNEY		False	Approved for public sharing - CCLE			SIDM01335			False	False	Kidney	0.7449151527446274
ACH-000514	0.7908179092640628	0.18425202103578198	0.6404381736282093	1.1416895961695908	-0.09940207805405694	-0.7908179092640628	PT-Jj10yy	NCI-H1092	NCIH1092	SCLC	Lung	Lung Neuroendocrine Tumor	Small Cell Lung Cancer	SCLC		CVCL_1454	67.0	Adult	Male	caucasian	Metastatic	bone_marrow	ATCC		CRL-5855	Cell Line											Suspension	MF-007-025	DMEM:F12 + 5% FBS + 2mM Glutamine + 5ug/ml Insulin + 0.01mg/ml Transferrin + 30nM Selenium + 10mM HEPES + 10nM Hydrocortisone + 10nM beta-Estradiol	False						NCIH1092_LUNG		False	Approved for public sharing - CCLE		1928.0	SIDM00653	687997.0		False	False	Lung	-1.8132066891632876
ACH-000515	-0.10934576930153304	-0.11203053777831487	-0.08751004120654908	-0.06874633190245091	0.17009936446794827	0.10934576930153304	PT-BuE22y	HCC-33	HCC33	SCLC	Lung	Lung Neuroendocrine Tumor	Small Cell Lung Cancer	SCLC		CVCL_2058	52.0	Adult	Male	caucasian	Metastatic	pleural_effusion	DSMZ		ACC-487	Cell Line											Suspension	MF-001-020	RPMI + 20% FBS	False						HCC33_LUNG		False	Approved for public sharing - CCLE		353.0	SIDM01071	1303901.0		False	False	Lung	0.2507106604524836
ACH-000516	-0.013214670958026382	0.21820915939289498	0.176576684598806	-0.043401121953461595	0.9879686072850828	0.013214670958026382	PT-gEiUjw	CAL-78	CAL78	DDCHS	Bone	Chondrosarcoma	Dedifferentiated Chondrosarcoma	DDCHS		CVCL_1809	76.0	Adult	Male			soft_tissue	DSMZ		ACC 449	Cell Line											Adherent	MF-001-020	RPMI + 20% FBS	False						CAL78_BONE		False	Approved for public sharing - CCLE		1148.0	SIDM00929	1290765.0		False	False	Bone	0.030298921528577175
ACH-000517	-0.17543982801877508	-0.16632712435124358	-0.0019885012415336457	-0.016468230839752906	0.3031633464805651	0.17543982801877508	PT-V7OSXp	SNU-410	SNU410	PAAD	Pancreas	Pancreatic Adenocarcinoma	Pancreatic Adenocarcinoma	PAAD		CVCL_5059	53.0	Adult	Male	asian	Metastatic	liver	KCLB		410	Cell Line											Adherent	MF-001-001	RPMI + 10% FBS	False						SNU410_PANCREAS		False	Approved for public sharing - CCLE						False	False	Pancreas	0.40225273856700156
ACH-000518	0.8070549919427341	0.7645327846231695	0.22678591080980676	0.6398224523949808	0.025742808415207964	-0.8070549919427341	PT-czsVU5	CAL-33	CAL33	OCSC	Head and Neck	Head and Neck Squamous Cell Carcinoma	Oral Cavity Squamous Cell Carcinoma	OCSC		CVCL_1108	69.0	Adult	Male		Primary	upper_aerodigestive_tract	DSMZ		447	Cell Line											Adherent	MF-002-001	DMEM + 10% FBS	False						CAL33_UPPER_AERODIGESTIVE_TRACT		False	Approved for public sharing - CCLE		2041.0	SIDM00942	753541.0		False	False	Head and Neck	-1.8504354703790067
ACH-000519	0.8528580737266388	0.8159881284374723	0.7017396228406874	0.47328055625380827	-0.17955262572459743	-0.8528580737266388	PT-qXF8IT	PEER	PEER	TALL	Lymphoid	T-Lymphoblastic Leukemia/Lymphoma	T-Cell Acute Lymphoblastic Leukemia		NUP214-ABL1, HNRNPC-ZNF219, NOTCH Leu1600Pro, TP53 Tyr163CysZNF219	CVCL_1913	4.0	Pediatric	Female		Primary	haematopoietic_and_lymphoid_tissue	HSRRB			Cell Line											Suspension	MF-001-001	RPMI + 10% FBS	False						PEER_HAEMATOPOIETIC_AND_LYMPHOID_TISSUE		True	Approved for public sharing - CCLE	NKX2-5, NUP214::ABL1;BCL11B::NKX2::5		SIDM00991			False	False	Lymphoid	-1.9554538991499941
ACH-000520	-0.27316451206127995	-0.33213242838111334	0.1151460513288231	0.7313724722203201	0.7652293789049571	0.27316451206127995	PT-tv8Ku2	59M	59M	HGSOC	Ovary/Fallopian Tube	Ovarian Epithelial Tumor	High-Grade Serous Ovarian Cancer	HGSOC		CVCL_2291	65.0	Adult	Female		Metastatic	ascites	ECACC			Cell Line											Adherent									59M_OVARY		False	Approved for public sharing - CCLE						False	False	Ovary/Fallopian Tube	0.6263182898481261
ACH-000521	-0.1270176985120186	0.03180963626990088	0.09687545562243459	-0.11991975083356377	0.7709407999130804	0.1270176985120186	PT-hEuGfg	NCI-H2030	NCIH2030	LUAD	Lung	Non-Small Cell Lung Cancer	Lung Adenocarcinoma	LUAD		CVCL_1517		Unknown	Male		Metastatic	lymph_node	ATCC		CRL-5914	Cell Line											Adherent	MF-001-001	RPMI + 10% FBS	False						NCIH2030_LUNG		False	Approved for public sharing - CCLE		912.0	SIDM00715	722045.0		False	False	Lung	0.2912292929714306
ACH-000522	-0.38318804848721383	-0.26858348981521807	-0.4526601826118286	-0.44053192365628285	0.24550682323080172	0.38318804848721383	PT-sPPqcj	UM-UC-3	UMUC3	BLCA	Bladder/Urinary Tract	Bladder Urothelial Carcinoma	Bladder Urothelial Carcinoma	BLCA		CVCL_1783		Unknown	Male		Primary	urinary_tract	ATCC		CRL-1749	Cell Line											Adherent	MF-006-001	MEM + 10% FBS	False						UMUC3_URINARY_TRACT		False	Approved for public sharing - CCLE		9.0	SIDM01182	724838.0		False	False	Bladder/Urinary Tract	0.8785829513788126
ACH-000523	-0.09077087663564473	-0.32966548277331664	0.4175848510413113	1.204637788580419	-0.13670059457355072	0.09077087663564473	PT-RZo2RD	NCI-H1184	NCIH1184	SCLC	Lung	Lung Neuroendocrine Tumor	Small Cell Lung Cancer	SCLC		CVCL_1458	42.0	Adult	Male	caucasian	Metastatic	lymph_node	ATCC			Cell Line											Mixed	MF-001-020	RPMI + 20% FBS	False						NCIH1184_LUNG		False	Approved for public sharing - CCLE						False	False	Lung	0.20812169118695242
ACH-000524	0.8501616638465542	0.10769762003158825	0.40177300926536075	0.610875472321802	-0.20020446078936552	-0.8501616638465542	PT-6ZFCGi	KURAMOCHI	KURAMOCHI	HGSOC	Ovary/Fallopian Tube	Ovarian Epithelial Tumor	High-Grade Serous Ovarian Cancer	HGSOC		CVCL_1345		Unknown	Female	asian	Metastatic	ascites	HSRRB		JCRB0098	Cell Line											Adherent	MF-001-001	RPMI + 10% FBS	False						KURAMOCHI_OVARY		False	Approved for public sharing - CCLE		854.0	SIDM00554	909975.0		False	False	Ovary/Fallopian Tube	-1.9492715044747835
ACH-000525	0.9180945278166458	0.9797935403299383	0.9155298456458092	0.48399162884226354	0.03989166158002165	-0.9180945278166458	PT-NNs10U	NCI-H2171	NCIH2171	SCLC	Lung	Lung Neuroendocrine Tumor	Small Cell Lung Cancer	SCLC		CVCL_1536	50.0	Adult	Male	caucasian	Metastatic	pleural_effusion	ATCC		CRL-5929	Cell Line											Suspension	MF-001-020	RPMI + 20% FBS	False						NCIH2171_LUNG		False	Approved for public sharing - CCLE		1571.0	SIDM00733	688015.0		False	False	Lung	-2.1050296403511166
ACH-000526	-0.2851334453001316	-0.21069000257605455	-0.21995730665751498	-0.5826402164497063	0.6528394881189273	0.2851334453001316	PT-GaHenH	Hs 821.T	HS821T	ZFIBBON	Fibroblast	Non-Cancerous	Fibroblast, Bone			CVCL_0932	31.0	Adult	Female	caucasian	Primary	fibroblast	ATCC		CRL-7554	Cell Line											Adherent	MF-002-001	DMEM + 10% FBS	False						HS821T_FIBROBLAST		False	Approved for public sharing - CCLE			SIDM01698			False	False	Fibroblast	0.6537609533950743
ACH-000527	-0.004405524873956956	-0.12063344658604765	0.1790718604967506	0.49927672869241124	0.7674254495072054	0.004405524873956956	PT-oYazft	OVISE	OVISE	CCOV	Ovary/Fallopian Tube	Ovarian Epithelial Tumor	Clear Cell Ovarian Cancer	CCOV		CVCL_3116	40.0	Adult	Female	asian	Metastatic	bone	HSRRB		JCRB1043	Cell Line											Adherent	MF-001-001	RPMI + 10% FBS	False						OVISE_OVARY		False	Approved for public sharing - CCLE		358.0	SIDM00564	1240198.0		False	False	Ovary/Fallopian Tube	0.010101095431902666
ACH-000528	-0.31231724436660924	-0.2972617507472216	-0.15713832579017703	0.017191075997702893	0.3821791643744703	0.31231724436660924	PT-id2eBb	ABC-1	ABC1	LUAD	Lung	Non-Small Cell Lung Cancer	Lung Adenocarcinoma	LUAD		CVCL_1066	47.0	Adult	Male		Metastatic	pleural_effusion	HSRRB		JCRB0815	Cell Line											Adherent	MF-006-001	MEM + 10% FBS	False						ABC1_LUNG		False	Approved for public sharing - CCLE		1557.0	SIDM00494	906791.0		False	False	Lung	0.7160886343021458
ACH-000529	-0.027892314221768594	-0.048076520603836284	-0.1136836001807422	-0.24598233911660775	0.7870450971576737	0.027892314221768594	PT-dpzREw	T1-73	T173	ZFIBBON	Fibroblast	Non-Cancerous	Fibroblast, Bone			CVCL_3605		Unknown	Unknown			fibroblast	ATCC		CRL-7943	Cell Line											Adherent	MF-002-001	DMEM + 10% FBS	False						T173_FIBROBLAST		False	Approved for public sharing - CCLE						False	False	Fibroblast	0.0639521818242836
ACH-000530	-0.07598663103885349	-0.08700826567934923	-0.08523710983906246	0.2828782328660949	-0.4739945893769545	0.07598663103885349	PT-Dxq8HG	DMS 114	DMS114	SMARCA4-UT	Lung	SMARCA4-deficient undifferentiated tumor	SMARCA4-deficient undifferentiated tumor			CVCL_1174	68.0	Adult	Male	caucasian	Primary	lung	ATCC		CRL-2066	Cell Line											Adherent	MF-020-001	Waymouth's MB 752_1 + 10% FBS	False						DMS114_LUNG		False	Approved for public sharing - CCLE		1495.0	SIDM00865	687983.0		False	False	Lung	0.17422401044868824
ACH-000531	-0.20477574512901134	-0.20986514457485117	0.07328671917301072	0.22113235148290006	0.16810531972247364	0.20477574512901134	PT-omRFB9	RS-5	RS5	ZFIBLUN	Fibroblast	Non-Cancerous	Fibroblast, Lung			CVCL_2182	78.0	Adult	Male			fibroblast	DSMZ			Cell Line											Adherent									RS5_FIBROBLAST		False	Approved for public sharing - CCLE			SIDM01772			False	False	Fibroblast	0.46951484848370895
ACH-000532	-0.18827195709601546	0.24511396419619558	-0.2809680690381064	-0.324752403709559	-0.847983898568249	0.18827195709601546	PT-663aNr	SNU-61	SNU61	READ	Bowel	Colorectal Adenocarcinoma	Rectal Adenocarcinoma	READ		CVCL_5078	48.0	Adult	Male	asian	Metastatic	liver	KCLB		61	Cell Line											Adherent	MF-001-001	RPMI + 10% FBS	False						SNU61_LARGE_INTESTINE		False	Approved for public sharing - CCLE		151.0	SIDM00194	1660035.0		False	False	Bowel	0.4316745586933459
ACH-000533	-0.28069157274380807	-0.2711528076655103	-0.30949973431668	-0.5348927118893535	0.15680033610649455	0.28069157274380807	PT-x2jmX9	NCI-H2004 RT	NCIH2004RT	MRT	Kidney	Rhabdoid Cancer	Rhabdoid Cancer	MRT		CVCL_WS70		Pediatric	Male			soft_tissue	St. Jude Children's Research Hospital	Charles Roberts		Cell Line											Adherent	MF-001-001	RPMI + 10% FBS	False						NCIH2004RT_SOFT_TISSUE		True	Approved for public sharing - CCLE						False	False	Kidney	0.6435765191059827
ACH-000535	0.9507145417007121	0.9534963975829523	-0.20554552572320728	0.0074213525522852375	0.24906798745059985	-0.9507145417007121	PT-xfjEoE	BxPC-3	BXPC3	PAAD	Pancreas	Pancreatic Adenocarcinoma	Pancreatic Adenocarcinoma	PAAD		CVCL_0186	61.0	Adult	Female		Primary	pancreas	ATCC		CRL-1687	Cell Line											Adherent	MF-001-001	RPMI + 10% FBS	False						BXPC3_PANCREAS		False	Approved for public sharing - CCLE		1978.0	SIDM00132	906693.0		False	False	Pancreas	-2.1798216078600854
ACH-000536	-0.299978703093382	-0.2973047497695427	0.038081362566953526	-0.5797701716510486	0.5780188629915956	0.299978703093382	PT-jtQBfm	BT-20	BT20	IDC	Breast	Invasive Breast Carcinoma	Breast Invasive Ductal Carcinoma	IDC		CVCL_0178	74.0	Adult	Female	caucasian	Primary	breast	ATCC			Cell Line											Adherent	MF-006-001	MEM + 10% FBS	False					SNP fingerprinting rules out HeLa contamination.	BT20_BREAST		False	Approved for public sharing - CCLE	basal_A TNBC	2264.0	SIDM00893	906801.0		False	False	Breast	0.6877985243930863
ACH-000537	0.3125882181331067	0.3475785328651453	-0.02196036458322172	0.2889738623719915	0.31397989613201654	-0.3125882181331067	PT-CLc6my	SNU-761	SNU761	HCC	Liver	Hepatocellular Carcinoma	Hepatocellular Carcinoma	HCC		CVCL_5089	49.0	Adult	Male	asian	Primary	liver	KCLB		761	Cell Line											Adherent	MF-001-001	RPMI + 10% FBS	False						SNU761_LIVER		False	Approved for public sharing - CCLE						False	False	Liver	-0.7167099295968594
ACH-000538	-0.2507820601545229	-0.1810149773124425	-0.11754244404212241	-0.05522462057336028	-0.2363258192743076	0.2507820601545229	PT-AXbbCE	HUTU80	HUTU80	DA	Bowel	Small Bowel Cancer	Duodenal Adenocarcinoma	DA		CVCL_1301	53.0	Adult	Male	caucasian	Primary	small_intestine	ATCC			Cell Line											Adherent	MF-006-001	MEM + 10% FBS	False						HUTU80_SMALL_INTESTINE		False	Approved for public sharing - CCLE		305.0	SIDM00694	907073.0		False	False	Bowel	0.5749992554132901
ACH-000539	-0.3540605746921632	-0.21770090172296822	-0.2098382072577681	-0.09073187895258641	0.25209393744905856	0.3540605746921632	PT-XVtYa8	Hs 618.T	HS618T	ZFIBLUN	Fibroblast	Non-Cancerous	Fibroblast, Lung			CVCL_0827	60.0	Adult	Female	caucasian	Primary	fibroblast	ATCC			Cell Line											Adherent									HS618T_FIBROBLAST		False	Approved for public sharing - CCLE						False	False	Fibroblast	0.8117987654051247
ACH-000540	-0.33109238512859224	-0.3342898841418167	-0.335964983170463	-0.655764588191805	-0.12643224812229326	0.33109238512859224	PT-vhNbvZ	Hs 606.T	HS606T	ZFIBBRE	Fibroblast	Non-Cancerous	Fibroblast, Breast			CVCL_0819	44.0	Adult	Female	caucasian		fibroblast	ATCC			Cell Line											Adherent	MF-002-001	DMEM + 10% FBS	False						HS606T_FIBROBLAST		False	Approved for public sharing - CCLE			SIDM01591			False	False	Fibroblast	0.75913673731146
ACH-000541	0.3407826551239368	0.33385551379951034	0.21218892955814989	-0.277266901498878	0.23527640713355757	-0.3407826551239368	PT-K9dsbf	KMS-34	KMS34	PCM	Lymphoid	Mature B-Cell Neoplasms	Plasma Cell Myeloma	PCM		CVCL_2996	60.0	Adult	Female	asian	Primary	pleural_effusion	HSRRB		JCRB1195	Cell Line											Suspension	MF-001-001	RPMI + 10% FBS	False						KMS34_HAEMATOPOIETIC_AND_LYMPHOID_TISSUE		False	Approved for public sharing - CCLE						False	False	Lymphoid	-0.7813548259125492
ACH-000542	-0.28356468680444685	-0.34403608187035334	-0.13412052406126238	0.4311312303749245	-0.0015232904625037044	0.28356468680444685	PT-0hMOxQ	Hey-A8	HEYA8	HGSOC	Ovary/Fallopian Tube	Ovarian Epithelial Tumor	High-Grade Serous Ovarian Cancer	HGSOC		CVCL_8878		Unknown	Female		Metastatic	ascites	Academic lab			Cell Line											Adherent	MF-001-001	RPMI + 10% FBS	False						HEYA8_OVARY		False	Approved for public sharing - CCLE			SIDM01215			False	False	Ovary/Fallopian Tube	0.6501640654582489
ACH-000543	-0.10171913802793453	-0.13206521023217027	0.13597788125499446	-0.23429478638984097	0.6779988436684871	0.10171913802793453	PT-Jxj2hs	SNU-489	SNU489	GB	CNS/Brain	Adult-Type Diffuse Glioma	Glioblastoma, IDH-Wildtype	GB		CVCL_5069	54.0	Adult	Male	asian	Primary	central_nervous_system	KCLB		489	Cell Line											Adherent	MF-001-005	RPMI + 10% FBS + 2mM Glutamine + 25mM HEPES + 25mM Sodium bicarbonate	False						SNU489_CENTRAL_NERVOUS_SYSTEM		False	Approved for public sharing - CCLE						False	False	CNS/Brain	0.2332241333024602
ACH-000544	0.5015824466244204	0.46431231193632344	-0.11416748036083761	0.1187140798882747	-0.5665739645825687	-0.5015824466244204	PT-SDTBu5	OE21	OE21	ESCC	Esophagus/Stomach	Esophageal Squamous Cell Carcinoma	Esophageal Squamous Cell Carcinoma	ESCC		CVCL_2661	74.0	Adult	Male		Primary	oesophagus	HPACC			Cell Line											Adherent	MF-001-001	RPMI + 10% FBS	False						OE21_OESOPHAGUS		False	Approved for public sharing - CCLE		2152.0	SIDM00478	1298359.0		False	False	Esophagus/Stomach	-1.1500405298517384
ACH-000545	1.0908348831066415	0.8386278610399351	-0.27627808546961213	0.14370477289321798	0.43935548327146307	-1.0908348831066415	PT-LSFu4z	VM-CUB1	VMCUB1	BLCA	Bladder/Urinary Tract	Bladder Urothelial Carcinoma	Bladder Urothelial Carcinoma	BLCA		CVCL_1786		Unknown	Male		Primary	urinary_tract	DSMZ		400	Cell Line											Adherent	MF-002-001	DMEM + 10% FBS	False						VMCUB1_URINARY_TRACT		False	Approved for public sharing - CCLE		276.0	SIDM00414	909780.0		False	False	Bladder/Urinary Tract	-2.5010929616683346
ACH-000546	1.1143105637784356	1.0912418539948407	0.14618724668619681	-0.0640274019980096	0.7905703615646092	-1.1143105637784356	PT-F3GXIi	HSC-4	HSC4	OCSC	Head and Neck	Head and Neck Squamous Cell Carcinoma	Oral Cavity Squamous Cell Carcinoma	OCSC		CVCL_1289	64.0	Adult	Male		Metastatic	upper_aerodigestive_tract	HSRRB			Cell Line											Adherent	MF-001-001	RPMI + 10% FBS	False						HSC4_UPPER_AERODIGESTIVE_TRACT		False	Approved for public sharing - CCLE		99.0	SIDM00588	907062.0		False	False	Head and Neck	-2.554918577816015
ACH-000547	-0.2757172787298507	-0.3338205047174417	-0.33866726191903573	-0.6780440517894422	0.031831660780781215	0.2757172787298507	PT-Tid1hK	HT-1197	HT1197	BLCA	Bladder/Urinary Tract	Bladder Urothelial Carcinoma	Bladder Urothelial Carcinoma	BLCA		CVCL_1291	44.0	Adult	Male	caucasian	Primary	urinary_tract	ATCC		CRL-1473	Cell Line											Adherent	MF-006-001	MEM + 10% FBS	False						HT1197_URINARY_TRACT		False	Approved for public sharing - CCLE		1533.0	SIDM00676	907065.0		False	False	Bladder/Urinary Tract	0.6321713358465824
ACH-000548	0.03257441558761322	-0.03792048646594546	0.07653681774686824	0.22620694425417942	0.4546730987607331	-0.03257441558761322	PT-p0K5QM	BHY	BHY	OCSC	Head and Neck	Head and Neck Squamous Cell Carcinoma	Oral Cavity Squamous Cell Carcinoma	OCSC		CVCL_1086	52.0	Adult	Male	asian	Primary	upper_aerodigestive_tract	DSMZ		ACC 404	Cell Line											Adherent	MF-002-001	DMEM + 10% FBS	False						BHY_UPPER_AERODIGESTIVE_TRACT		False	Approved for public sharing - CCLE		748.0	SIDM00986	753535.0		False	False	Head and Neck	-0.07468741861702445
ACH-000549	0.7198090064332954	0.7265732372390612	0.2082310747906728	0.29860432903061873	0.07693169002600678	-0.7198090064332954	PT-1JhWBd	SNU-1076	SNU1076	LXSC	Head and Neck	Head and Neck Squamous Cell Carcinoma	Larynx Squamous Cell Carcinoma	LXSC		CVCL_5006	60.0	Adult	Male	asian		upper_aerodigestive_tract	KCLB		1076	Cell Line											Adherent	MF-001-005	RPMI + 10% FBS + 2mM Glutamine + 25mM HEPES + 25mM Sodium bicarbonate	False						SNU1076_UPPER_AERODIGESTIVE_TRACT		False	Approved for public sharing - CCLE			SIDM00168			False	False	Head and Neck	-1.6503957359784869
ACH-000550	-0.20767211986058526	-0.22942526653674641	0.13150156307971755	-0.05653874767217598	0.6753193182276869	0.20767211986058526	PT-Wg8rkx	IGR-39	IGR39	MEL	Skin	Melanoma	Melanoma	MEL		CVCL_2076	26.0	Adult	Male		Primary	skin	DSMZ		ACC 239	Cell Line											Adherent	MF-002-022	DMEM + 15% FBS	False						IGR39_SKIN		False	Approved for public sharing - CCLE			SIDM01065			False	False	Skin	0.47615572747252777
ACH-000551	-0.19971389470979048	-0.2922380441073229	-0.29339394430368604	0.4554093068060926	0.6693070267566643	0.19971389470979048	PT-y8u0p3	K-562	K562	CMLBCRABL1	Myeloid	Myeloproliferative Neoplasms	Chronic Myeloid Leukemia, BCR-ABL1+	CMLBCRABL1	BCR-ABL1 (e14-a2),NUP214-XKR3	CVCL_0004	53.0	Adult	Female		Metastatic	pleural_effusion	ATCC		CCL-243	Cell Line											Suspension	MF-005-001	IMDM + 10% FBS	False						K562_HAEMATOPOIETIC_AND_LYMPHOID_TISSUE		True	Approved for public sharing - CCLE		2098.0	SIDM00791	905940.0		False	False	Myeloid	0.4579089137518862
ACH-000552	-0.04803624916478024	0.22919758707478893	-0.09307909947620822	-0.3284764318687712	-0.07131090121920002	0.04803624916478024	PT-sF39aT	HT-29	HT29	COAD	Bowel	Colorectal Adenocarcinoma	Colon Adenocarcinoma	COAD		CVCL_0320	44.0	Adult	Female	caucasian	Primary	large_intestine	ATCC		HTB-38	Cell Line											Adherent	MF-023-001	McCoy's 5A + 10% FBS	False						HT29_LARGE_INTESTINE		False	Approved for public sharing - CCLE		1212.0	SIDM00136	905939.0	ACH-002519, ACH-002520	False	False	Bowel	0.11013868968767933
ACH-000553	-0.18520530465353707	-0.3471078389073711	0.09212569946357606	0.6778235825735873	0.5979080724890861	0.18520530465353707	PT-yEcMkf	Sq-1	SQ1	LUSC	Lung	Non-Small Cell Lung Cancer	Lung Squamous Cell Carcinoma	LUSC		CVCL_4900		Unknown	Male		Primary	lung	RIKEN		RCB1905	Cell Line											Adherent	MF-001-001	RPMI + 10% FBS	False						SQ1_LUNG		False	Approved for public sharing - CCLE						False	False	Lung	0.42464326279462844
ACH-000554	0.2472010304170158	0.39962922974890397	0.30562121772395323	-0.6043253983051505	0.4358370117406056	-0.2472010304170158	PT-i8kZN9	UACC-893	UACC893	ILC	Breast	Invasive Breast Carcinoma	Breast Invasive Lobular Carcinoma	ILC		CVCL_1782	57.0	Adult	Female	caucasian	Primary	breast	ATCC			Cell Line											Adherent	MF-021-001	L-15 + 10% FBS	False						UACC893_BREAST		False	Approved for public sharing - CCLE	HER2+	1090.0	SIDM01186	909778.0		False	False	Breast	-0.5667885826426353
ACH-000555	-0.10474038529573695	-0.11624585783521793	-0.01610783759957166	0.05070066255840586	0.16757531528046363	0.10474038529573695	PT-n8dkSy	A-498	A498	RCC	Kidney	Renal Cell Carcinoma	Renal Cell Carcinoma	RCC		CVCL_1056	52.0	Adult	Female		Primary	kidney	ATCC		HTB-44	Cell Line											Adherent	MF-006-001	MEM + 10% FBS	False						A498_KIDNEY		False	Approved for public sharing - CCLE		602.0	SIDM00124	905948.0		False	False	Kidney	0.24015132310357845
ACH-000556	-0.3317345828590834	-0.38567250991513097	0.4468341150796882	0.8603722270828768	0.44865710678779064	0.3317345828590834	PT-ahSjGm	SIHA	SIHA	CESC	Cervix	Cervical Squamous Cell Carcinoma	Cervical Squamous Cell Carcinoma	CESC		CVCL_0032	55.0	Adult	Female		Primary	cervix	ATCC		HTB-35	Cell Line											Adherent	MF-015-001	EMEM + 10% FBS	False						SIHA_CERVIX		False	Approved for public sharing - CCLE		1354.0	SIDM01093	930297.0		False	False	Cervix	0.7606091840113276
ACH-000557	-0.21671755678420862	-0.25397299924702627	-0.18732818685971728	0.47570063966879256	-0.05017108140579317	0.21671755678420862	PT-CVf0Wr	AML-193	AML193	AMLMRC	Myeloid	Acute Myeloid Leukemia	AML with Myelodysplasia-Related Changes	AMLMRC	BCORL1 Arg784Ter, NRAS Gly13Val, and TP53 993+2T>G	CVCL_1071	13.0	Pediatric	Female		Primary	haematopoietic_and_lymphoid_tissue	ATCC		CRL-9589	Cell Line											Suspension	MF-005-007	IMDM + 5% FBS + 10ug/ml Insulin + 5ug/ml Transferrin + 2ng/ml GM-CSF	False						AML193_HAEMATOPOIETIC_AND_LYMPHOID_TISSUE		True	Approved for public sharing - CCLE	SFPQ::ZFP36L1, NRAS, EZH2, PHF6					False	False	Myeloid	0.4968953269987721
ACH-000558	-0.3106667492723934	-0.3611797512871927	-0.3017650108413521	-0.717709737665917	0.43419846602233386	0.3106667492723934	PT-LA0Wfj	A-172	A172	GB	CNS/Brain	Adult-Type Diffuse Glioma	Glioblastoma, IDH-Wildtype	GB		CVCL_0131	53.0	Adult	Male		Primary	central_nervous_system	ATCC		CRL-1620	Cell Line											Adherent	MF-002-001	DMEM + 10% FBS	False						A172_CENTRAL_NERVOUS_SYSTEM		False	Approved for public sharing - CCLE		1777.0	SIDM00799	687563.0		False	False	CNS/Brain	0.7123043386884459
ACH-000559	-0.2419932632245591	-0.3221957366205501	0.3650824991154121	0.7048708755585775	0.11796872019248388	0.2419932632245591	PT-xIjoai	NCI-H1836	NCIH1836	SCLC	Lung	Lung Neuroendocrine Tumor	Small Cell Lung Cancer	SCLC		CVCL_1498	52.0	Adult	Male	caucasian	Primary	lung	ATCC		CRL-5898	Cell Line											Suspension	MF-007-010	DMEM:F12 + 5% FBS + 2mM Glutamine + 5ug/ml Insulin + 10ug/ml Transferrin + 30nM Selenium + 10nM Hydrocortisone + 10nM beta-Estradiol	False						NCIH1836_LUNG		False	Approved for public sharing - CCLE		1829.0	SIDM00770	1240182.0		False	False	Lung	0.554848086356006
ACH-000560	0.7976718482004739	0.3104641328413046	0.12105373872852507	-0.25763067156782965	0.4569705689404654	-0.7976718482004739	PT-mjQUio	ECC10	ECC10	STSC	Esophagus/Stomach	Esophagogastric Adenocarcinoma	Small Cell Carcinoma of the Stomach	STSC		CVCL_1188	73.0	Adult	Male		Metastatic	liver	RIKEN		RCB0983	Cell Line											Mixed	MF-001-001	RPMI + 10% FBS	False						ECC10_STOMACH		False	Approved for public sharing - CCLE		799.0	SIDM00280	906848.0		False	False	Esophagus/Stomach	-1.8289215683801512
ACH-000561	1.1117684452410608	1.0099910233135687	0.19720327359872505	0.7224369492752547	0.20141017903348435	-1.1117684452410608	PT-k9mv4v	T.T	TDOTT	ESCC	Esophagus/Stomach	Esophageal Squamous Cell Carcinoma	Esophageal Squamous Cell Carcinoma	ESCC		CVCL_3174	67.0	Adult	Male		Metastatic	bone	HSRRB		JCRB0262	Cell Line											Adherent	MF-004-001	F12 + 10% FBS	False						TT_OESOPHAGUS		False	Approved for public sharing - CCLE		544.0	SIDM00322	1299064.0		False	False	Esophagus/Stomach	-2.5490899461138024
ACH-000562	-0.006530237255788551	-0.15565297878498535	0.3930646937835316	1.1162232369953633	0.8238529343116682	0.006530237255788551	PT-TdkTP0	HCC-78	HCC78	LUAD	Lung	Non-Small Cell Lung Cancer	Lung Adenocarcinoma	LUAD		CVCL_2061	65.0	Adult	Male	caucasian	Metastatic	pleural_effusion	DSMZ		ACC 563	Cell Line											Adherent									HCC78_LUNG		False	Approved for public sharing - CCLE		639.0	SIDM01068	1290908.0		False	False	Lung	0.014972688068025809
ACH-000563	0.0973283516866652	-0.3309924537166707	-0.2664654088078311	-0.30623867518729797	0.770821738842708	-0.0973283516866652	PT-YTpbR2	EBC-1	EBC1	LUSC	Lung	Non-Small Cell Lung Cancer	Lung Squamous Cell Carcinoma	LUSC		CVCL_2891	69.0	Adult	Male		Metastatic	skin	RIKEN		RCB1965	Cell Line											Adherent	MF-006-001	MEM + 10% FBS	False						EBC1_LUNG		False	Approved for public sharing - CCLE		1665.0	SIDM00486	753554.0		False	False	Lung	-0.22315683073961703
ACH-000564	0.8937386429060108	0.8982449301379296	0.7290180601632424	-0.6010591530508471	-0.5044156177887873	-0.8937386429060108	PT-QKo5S3	KHM-1B	KHM1B	PCM	Lymphoid	Mature B-Cell Neoplasms	Plasma Cell Myeloma	PCM		CVCL_2972	53.0	Adult	Male		Primary	pleural_effusion	HSRRB		JCRB0133	Cell Line											Suspension	MF-001-001	RPMI + 10% FBS	False						KHM1B_HAEMATOPOIETIC_AND_LYMPHOID_TISSUE		False	Approved for public sharing - CCLE						False	False	Lymphoid	-2.0491858703465247
ACH-000565	-0.09118763622460471	0.11785795382852521	-0.26604216216478854	-0.34132829182576646	-0.18470705223850334	0.09118763622460471	PT-XIcCcb	RCM-1	RCM1	READ	Bowel	Colorectal Adenocarcinoma	Rectal Adenocarcinoma	READ		CVCL_1648	73.0	Adult	Female		Primary	large_intestine	HSRRB		JCRB0256	Cell Line											Adherent									RCM1_LARGE_INTESTINE		False	Approved for public sharing - CCLE		1271.0	SIDM00359	909263.0		False	False	Bowel	0.20907724778932932
ACH-000566	-0.2103081637253393	-0.282755027772255	-0.005971701131507874	0.24694104482380264	0.29045694135388533	0.2103081637253393	PT-OoHSSv	SW-1710	SW1710	BLCA	Bladder/Urinary Tract	Bladder Urothelial Carcinoma	Bladder Urothelial Carcinoma	BLCA		CVCL_1721	84.0	Adult	Female	caucasian	Primary	urinary_tract	DSMZ		426	Cell Line											Adherent									SW1710_URINARY_TRACT		False	Approved for public sharing - CCLE		2.0	SIDM00420	909749.0		False	False	Bladder/Urinary Tract	0.48219971346792323
ACH-000567	-0.11690823829725819	-0.1468873471426319	-0.21118411609919374	-0.2786212016683775	-0.5113974733444433	0.11690823829725819	PT-PA3Bay	ST486	ST486	BL	Lymphoid	Mature B-Cell Neoplasms	Burkitt Lymphoma	BL	MYC-IGH, TP53 Arg158His	CVCL_1712		Unknown	Female		Metastatic	ascites	ATCC		CRL-1647	Cell Line				Unknown							Suspension	MF-001-001	RPMI + 10% FBS	False						ST486_HAEMATOPOIETIC_AND_LYMPHOID_TISSUE		True	Approved for public sharing - CCLE		130.0	SIDM01198	910906.0		False	False	Lymphoid	0.2680500747588686
ACH-000568	0.9847906786283421	0.39365225519165037	0.7781548247185763	-0.3060091870929133	-0.33874491954558233	-0.9847906786283421	PT-4c0rgH	UACC-812	UACC812	ILC	Breast	Invasive Breast Carcinoma	Breast Invasive Lobular Carcinoma	ILC		CVCL_1781	43.0	Adult	Female		Primary	breast	ATCC			Cell Line											Mixed	MF-001-020	RPMI + 20% FBS	False						UACC812_BREAST		False	Approved for public sharing - CCLE	luminal ER+, PR+, HER2+	1754.0	SIDM01187	910910.0		False	False	Breast	-2.2579522099800124
ACH-000569	-0.2680861863312491	-0.24144076243705476	-0.004521945110569007	-0.18938851757537745	0.6432784949550516	0.2680861863312491	PT-uTRkEi	IST-MES1	ISTMES1	PLEMESO	Pleura	Pleural Mesothelioma	Pleural Mesothelioma, Epithelioid Type	PLEMESO		CVCL_1311	70.0	Adult	Female	caucasian	Primary	pleural_effusion	ICLC		HTL01005	Cell Line											Adherent	MF-002-003	DMEM + 10% FBS + 2mM Glutamine	False						ISTMES1_PLEURA		False	Approved for public sharing - CCLE		1001.0	SIDM00224	907173.0		False	False	Pleura	0.6146745801197879
ACH-000570	-0.25518477314039206	-0.23872612996025472	-0.16096942769353925	-0.5084429023106849	0.7618203791417816	0.25518477314039206	PT-mxsdQX	YKG1	YKG1	GB	CNS/Brain	Adult-Type Diffuse Glioma	Glioblastoma, IDH-Wildtype	GB		CVCL_1796	53.0	Adult	Female		Primary	central_nervous_system	HSRRB		JCRB0746	Cell Line											Adherent	MF-002-001	DMEM + 10% FBS	False						YKG1_CENTRAL_NERVOUS_SYSTEM		False	Approved for public sharing - CCLE		61.0	SIDM00315	687592.0		False	False	CNS/Brain	0.585093903679252
ACH-000571	-0.19931053345720692	-0.22527751496180176	0.15849607543762578	-0.5360603456534735	0.6058284315971508	0.19931053345720692	PT-dw7sni	T98G	T98G	GB	CNS/Brain	Adult-Type Diffuse Glioma	Glioblastoma, IDH-Wildtype	GB		CVCL_0556	61.0	Adult	Male	caucasian	Primary	central_nervous_system	ATCC		CRL-1690	Cell Line											Adherent	MF-006-001	MEM + 10% FBS	False						T98G_CENTRAL_NERVOUS_SYSTEM		False	Approved for public sharing - CCLE		131.0	SIDM01171	687586.0		False	False	CNS/Brain	0.45698407718361167
ACH-000572	-0.325191377672661	-0.2689319033160291	-0.44856405622758394	-0.4153031057867879	-0.3400089098368399	0.325191377672661	PT-GdtXdl	G-361	G361	MEL	Skin	Melanoma	Melanoma	MEL		CVCL_1220	31.0	Adult	Male	caucasian	Primary	skin	ATCC		CRL-1424	Cell Line											Adherent	MF-023-001	McCoy's 5A + 10% FBS	False						G361_SKIN		False	Approved for public sharing - CCLE		1173.0	SIDM00857	906865.0		False	False	Skin	0.7456067627540374
ACH-000573	-0.0725606782922769	-0.08524555537582354	0.3459081457860752	0.2981934642610407	0.5383089202180952	0.0725606782922769	PT-aOGEYV	MDA-MB-436	MDAMB436	BRCNOS	Breast	Invasive Breast Carcinoma	Breast Invasive Carcinoma, NOS	BRCNOS		CVCL_0623	43.0	Adult	Female	caucasian	Metastatic	pleural_effusion	ATCC			Cell Line											Mixed									MDAMB436_BREAST		False	Approved for public sharing - CCLE	basal_B TNBC	927.0	SIDM00629	1240172.0		False	False	Breast	0.16636890200453214
ACH-000574	1.3367134404689374	0.3499693588913245	0.9296491366010441	1.4835849307937126	-0.07492143585615325	-1.3367134404689374	PT-WpzPv5	FU-OV-1	FUOV1	HGSOC	Ovary/Fallopian Tube	Ovarian Epithelial Tumor	High-Grade Serous Ovarian Cancer	HGSOC		CVCL_2047	65.0	Adult	Female	asian	Primary	ovary	DSMZ			Cell Line											Adherent	MF-002-001	DMEM + 10% FBS	False						FUOV1_OVARY		False	Approved for public sharing - CCLE		2063.0	SIDM01040	1240129.0		False	False	Ovary/Fallopian Tube	-3.064849345670846
ACH-000575	-0.20724172517626754	-0.24336474487936738	0.04960016184864487	0.32692273910752806	0.567570318317278	0.20724172517626754	PT-Gfa8CF	HCC-364	HCC364	LUAD	Lung	Non-Small Cell Lung Cancer	Lung Adenocarcinoma	LUAD		CVCL_5134	76.0	Adult	Male		Primary	lung	Academic lab			Cell Line											Adherent									HCC364_LUNG		False	Approved for public sharing - CCLE						False	False	Lung	0.475168907989252
ACH-000576	0.45048485323367854	0.41890469422518356	0.25441045325888006	-0.5995527791713141	-0.5083123813888186	-0.45048485323367854	PT-EvS9IW	KMS-27	KMS27	PCM	Lymphoid	Mature B-Cell Neoplasms	Plasma Cell Myeloma	PCM		CVCL_2993	52.0	Adult	Male	asian	Primary	haematopoietic_and_lymphoid_tissue	HSRRB		JCRB1188	Cell Line											Suspension	MF-001-001	RPMI + 10% FBS	False						KMS27_HAEMATOPOIETIC_AND_LYMPHOID_TISSUE		False	Approved for public sharing - CCLE						False	False	Lymphoid	-1.0328827150743016
ACH-000577	-0.1981956863742073	-0.227922766559701	0.042513788187540605	0.18836155877384841	0.7228142610050688	0.1981956863742073	PT-DNXpFr	JHH-2	JHH2	HCC	Liver	Hepatocellular Carcinoma	Hepatocellular Carcinoma	HCC		CVCL_2786	57.0	Adult	Male	asian	Metastatic	ascites	HSRRB			Cell Line											Adherent	MF-006-001	MEM + 10% FBS	False						JHH2_LIVER		False	Approved for public sharing - CCLE		347.0	SIDM00617	1240157.0		False	False	Liver	0.45442792846137264
ACH-000578	-0.08450950258828863	-0.26487505457456456	0.5087849360746355	1.3480179097328788	0.7421530722078586	0.08450950258828863	PT-JbQXVN	HCC-1171	HCC1171	LUAD	Lung	Non-Small Cell Lung Cancer	Lung Adenocarcinoma	LUAD		CVCL_5126	58.0	Adult	Male	caucasian	Primary	lung	KCLB			Cell Line											Adherent									HCC1171_LUNG		False	Approved for public sharing - CCLE						False	False	Lung	0.19376545927436867
ACH-000579	-0.27690512438033155	0.3012789259815478	-0.4183737074180164	-0.12003344803629834	0.5028374700884239	0.27690512438033155	PT-KoNkGk	UACC-257	UACC257	MEL	Skin	Melanoma	Melanoma	MEL		CVCL_1779		Unknown	Unknown		Primary	skin	NCI-DTP		UACC-257	Cell Line											Adherent	MF-001-001	RPMI + 10% FBS	False						UACC257_SKIN		False	Approved for public sharing - CCLE		14.0	SIDM00108	905977.0		False	False	Skin	0.6348948574738932
ACH-000580	-0.14624556737519642	0.1605545446079169	-0.3055209271879553	-0.8012154606310841	0.8824328475293957	0.14624556737519642	PT-Dlqu1U	C32	C32	MEL	Skin	Melanoma	Melanoma	MEL		CVCL_1097	53.0	Adult	Male	caucasian	Primary	skin	ATCC		CRL-1585	Cell Line											Adherent	MF-015-001	EMEM + 10% FBS	False						C32_SKIN		False	Approved for public sharing - CCLE		2242.0	SIDM00890	906830.0		False	False	Skin	0.33531542206973736
ACH-000581	-0.10567899001450243	0.43381409904628226	-0.19526178906884037	-0.42492093230833117	-0.04113819559063573	0.10567899001450243	PT-NDi54R	SNU-16	SNU16	STAD	Esophagus/Stomach	Esophagogastric Adenocarcinoma	Stomach Adenocarcinoma	STAD		CVCL_0076	33.0	Adult	Female	asian	Metastatic	ascites	ATCC		CRL-5974	Cell Line											Suspension	MF-001-001	RPMI + 10% FBS	False						SNU16_STOMACH		False	Approved for public sharing - CCLE		291.0	SIDM01145	908446.0		False	False	Esophagus/Stomach	0.24230337901254181
ACH-000582	-0.3076602665370118	-0.169146094139801	-0.3973741376831292	-0.6820188334955333	0.010439406292491056	0.3076602665370118	PT-l2xN1V	COLO 741	COLO741	MEL	Skin	Melanoma	Melanoma	MEL		CVCL_1133	69.0	Adult	Female		Metastatic	skin	ECACC		93052621	Cell Line											Adherent	MF-001-001	RPMI + 10% FBS	False						COLO741_SKIN		False	Approved for public sharing - CCLE						False	False	Skin	0.7054110013692128
ACH-000583	-0.258201705902293	-0.2977813221002865	-0.3823175563450585	-0.7949283134266782	-0.7427654631589601	0.258201705902293	PT-Lrf7XT	MC116	MC116	MBN	Lymphoid	Non-Hodgkin Lymphoma	Mature B-Cell Neoplasms	MBN		CVCL_1399		Unknown	Male			pleural_effusion	ATCC		CRL-1649	Cell Line											Suspension	MF-001-020	RPMI + 20% FBS	False						MC116_HAEMATOPOIETIC_AND_LYMPHOID_TISSUE		False	Approved for public sharing - CCLE		2082.0	SIDM00637	907799.0		False	False	Lymphoid	0.5920112010754697
ACH-000584	0.4383455225072568	-0.11078117804448967	0.18624873511859166	0.6118237775025801	0.2801141117892639	-0.4383455225072568	PT-g4qhEH	JHOS-4	JHOS4	HGSOC	Ovary/Fallopian Tube	Ovarian Epithelial Tumor	High-Grade Serous Ovarian Cancer	HGSOC		CVCL_4649	44.0	Adult	Female	asian	Primary	ovary	RIKEN		RCB1678	Cell Line											Adherent	MF-007-001	DMEM:F12 + 10% FBS	False						JHOS4_OVARY		False	Approved for public sharing - CCLE		1651.0	SIDM00303	1480359.0		False	False	Ovary/Fallopian Tube	-1.0050493599905794
ACH-000585	0.28877639057561344	0.24276292052814807	0.42120253074202635	0.35238027518306725	0.681723875699551	-0.28877639057561344	PT-HU0uli	EPLC-272H	EPLC272H	LUSC	Lung	Non-Small Cell Lung Cancer	Lung Squamous Cell Carcinoma	LUSC		CVCL_1197	57.0	Adult	Male	caucasian	Primary	lung	DSMZ			Cell Line											Adherent	MF-001-020	RPMI + 20% FBS	False						EPLC272H_LUNG		False	Approved for public sharing - CCLE		404.0	SIDM01044	753556.0		False	False	Lung	-0.6621135876290491
ACH-000586	0.6181617416806857	0.5420640326074333	0.8138563224076604	0.5991846888769636	-0.013466027995450224	-0.6181617416806857	PT-0a2F5a	NCI-H1876	NCIH1876	SCLC	Lung	Lung Neuroendocrine Tumor	Small Cell Lung Cancer	SCLC		CVCL_1503	59.0	Adult	Male	caucasian	Metastatic	lymph_node	ATCC		CRL-5902	Cell Line											Adherent									NCIH1876_LUNG		False	Approved for public sharing - CCLE		91.0	SIDM00766	1330972.0		False	False	Lung	-1.417336395483656
ACH-000587	-0.11800824715621747	-0.15490486072418416	0.3252794425535973	0.3100211745915171	0.6580097454574727	0.11800824715621747	PT-HkdFKw	NCI-H1975	NCIH1975	LUAD	Lung	Non-Small Cell Lung Cancer	Lung Adenocarcinoma	LUAD		CVCL_1511		Unknown	Female		Primary	lung	ATCC		CRL-5908	Cell Line											Adherent	MF-002-001	DMEM + 10% FBS	False						NCIH1975_LUNG		False	Approved for public sharing - CCLE		1403.0	SIDM00759	924244.0		False	False	Lung	0.2705722020372708
ACH-000588	1.2163888870481334	1.1917609536722997	1.0673240921294715	-0.45240814623457015	0.043449581346704784	-1.2163888870481334	PT-wXGfqR	KMS-26	KMS26	PCM	Lymphoid	Mature B-Cell Neoplasms	Plasma Cell Myeloma	PCM		CVCL_2992	50.0	Adult	Male	asian	Primary	pleural_effusion	HSRRB			Cell Line											Suspension	MF-001-001	RPMI + 10% FBS	False						KMS26_HAEMATOPOIETIC_AND_LYMPHOID_TISSUE		False	Approved for public sharing - CCLE						False	False	Lymphoid	-2.7889662598461715
ACH-000589	-0.13700348151094902	-0.09448869019390761	0.044113558363407565	-0.25361084231352604	0.32744756003579534	0.13700348151094902	PT-KKsvGZ	NCI-H1437	NCIH1437	LUAD	Lung	Non-Small Cell Lung Cancer	Lung Adenocarcinoma	LUAD		CVCL_1472	60.0	Adult	Male	caucasian	Metastatic	pleural_effusion	ATCC		CRL-5872	Cell Line											Adherent	MF-001-001	RPMI + 10% FBS	False						NCIH1437_LUNG		False	Approved for public sharing - CCLE		800.0	SIDM00734	687794.0		False	False	Lung	0.31412494103160593
ACH-000590	-0.2865817643183494	-0.28884797092194364	-0.38952613081529197	-0.47869210610523627	-0.15264090124976964	0.2865817643183494	PT-v8h3uk	NCI-H2073	NCIH2073	LUAD	Lung	Non-Small Cell Lung Cancer	Lung Adenocarcinoma	LUAD		CVCL_1521	47.0	Adult	Female	caucasian	Primary	lung	ATCC		CRL-5918	Cell Line											Adherent									NCIH2073_LUNG		False	Approved for public sharing - CCLE			SIDM00757			False	False	Lung	0.6570816947454046
ACH-000591	0.14773334513722697	0.24805946738748771	0.34543447852660264	-0.4399855892590321	0.7518525688964551	-0.14773334513722697	PT-8XX4Me	LN-235	LN235	ASTR	CNS/Brain	Adult-Type Diffuse Glioma	Astrocytoma, IDH-Mutant	ASTR		CVCL_3957	38.0	Adult	Male		Primary	central_nervous_system	Academic lab	Linda Chin		Cell Line											Adherent	MF-002-001	DMEM + 10% FBS	False						LN235_CENTRAL_NERVOUS_SYSTEM		False	Approved for public sharing - CCLE						False	False	CNS/Brain	-0.3387266353952076
ACH-000592	0.006635018146304454	0.011120864043722915	0.38202352135516854	0.1378163352414633	0.639222507371865	-0.006635018146304454	PT-ruaWWk	TM-31	TM31	ASTR	CNS/Brain	Adult-Type Diffuse Glioma	Astrocytoma, IDH-Mutant	ASTR		CVCL_6735	42.0	Adult	Female		Primary	central_nervous_system	RIKEN		RCB1731	Cell Line											Adherent	MF-006-001	MEM + 10% FBS	False						TM31_CENTRAL_NERVOUS_SYSTEM		False	Approved for public sharing - CCLE						False	False	CNS/Brain	-0.015212932262491069
ACH-000593	-0.09515934659063838	-0.12532691962092474	0.2558834716344765	0.7365040869052393	0.7848888793495298	0.09515934659063838	PT-SQ6fkx	BC-3C	BC3C	BLCA	Bladder/Urinary Tract	Bladder Urothelial Carcinoma	Bladder Urothelial Carcinoma	BLCA		CVCL_1958	82.0	Adult	Female	caucasian	Primary	urinary_tract	DSMZ		450	Cell Line											Adherent	MF-023-001	McCoy's 5A + 10% FBS	False						BC3C_URINARY_TRACT		False	Approved for public sharing - CCLE						False	False	Bladder/Urinary Tract	0.21818368268255672
ACH-000594	0.28308277790739556	0.15749334366401854	0.6204582779188428	1.2979412724423571	0.6258859135466385	-0.28308277790739556	PT-lo0Jdx	DMS-153	DMS153	SCLC	Lung	Lung Neuroendocrine Tumor	Small Cell Lung Cancer	SCLC		CVCL_1175	44.0	Adult	Male	caucasian	Metastatic	liver	ATCC			Cell Line											Mixed									DMS153_LUNG		False	Approved for public sharing - CCLE						False	False	Lung	-0.649059132925153
ACH-000595	-0.2913594896617945	-0.31550049384294715	-0.04344003336617927	-0.44137035865571533	0.4821879668383956	0.2913594896617945	PT-jhnjmL	LN-229	LN229	GB	CNS/Brain	Adult-Type Diffuse Glioma	Glioblastoma, IDH-Wildtype	GB		CVCL_0393	60.0	Adult	Female	caucasian	Primary	central_nervous_system	ATCC		CRL-2611	Cell Line											Adherent	MF-002-008	DMEM + 5% FBS	False						LN229_CENTRAL_NERVOUS_SYSTEM		False	Approved for public sharing - CCLE		1504.0	SIDM00684	1240169.0		False	False	CNS/Brain	0.6680361805381977
ACH-000596	-0.16407781461065898	-0.2081328731285575	0.1739165407782005	0.6143363983963137	0.3472023641819157	0.16407781461065898	PT-9Zamyo	LCLC-97TM1	LCLC97TM1	LCLC	Lung	Non-Small Cell Lung Cancer	Large Cell Lung Carcinoma	LCLC		CVCL_1376	44.0	Adult	Male	caucasian	Primary	lung	DSMZ			Cell Line											Adherent	MF-001-020	RPMI + 20% FBS	False						LCLC97TM1_LUNG		False	Approved for public sharing - CCLE		485.0	SIDM00344	946361.0		False	False	Lung	0.37620163568652804
ACH-000597	0.23843028374712977	-0.3057288691339923	-0.15913593265512227	-0.4140541139497691	-0.30881319841166077	-0.23843028374712977	PT-XDzUk4	TTC-709	TTC709	ERT	Soft Tissue	Rhabdoid Cancer	Extrarenal Rhabdoid Cancer			CVCL_8007	0.0	Pediatric	Male			soft_tissue	St. Jude Children's Research Hospital	Charles Roberts		Cell Line											Adherent	MF-001-001	RPMI + 10% FBS	False						TTC709_SOFT_TISSUE		True	Approved for public sharing - CCLE						False	False	Soft Tissue	-0.5466787996641573
ACH-000598	0.5143232981800485	0.2976597109073421	0.2962980418186796	-0.5604686090574037	-0.333945841783532	-0.5143232981800485	PT-smSaav	KMS-21BM	KMS21BM	PCM	Lymphoid	Mature B-Cell Neoplasms	Plasma Cell Myeloma	PCM		CVCL_2991	62.0	Adult	Male	asian	Primary	haematopoietic_and_lymphoid_tissue	HSRRB		JCRB1185	Cell Line											Suspension								This line is a KMS-24 derivative (ICLAC). DepMap metadata has been updated (as of 22Q2) to reflect this.	KMS21BM_HAEMATOPOIETIC_AND_LYMPHOID_TISSUE		False	Approved for public sharing - CCLE						False	False	Lymphoid	-1.1792530666388732
ACH-000599	-0.3381332878260232	-0.3039517250920788	-0.38246133378610636	-0.2552644689893283	0.23829103652382974	0.3381332878260232	PT-cDj854	PA-TU-8902	PATU8902	PAAD	Pancreas	Pancreatic Adenocarcinoma	Pancreatic Adenocarcinoma	PAAD		CVCL_1845	44.0	Adult	Female		Primary	pancreas	DSMZ		ACC 179	Cell Line											Adherent	MF-002-001	DMEM + 10% FBS	False						PATU8902_PANCREAS		False	Approved for public sharing - CCLE		1549.0	SIDM00455	1298526.0		False	False	Pancreas	0.7752802916229833
ACH-000600	0.2932739853549059	-0.13363485436629152	0.23490589719402755	0.21687435956226575	0.6110195597957959	-0.2932739853549059	PT-d0vDzs	SLR 26	SLR26	CCRCC	Kidney	Renal Cell Carcinoma	Renal Clear Cell Carcinoma	CCRCC		CVCL_V612		Unknown	Male		Primary	kidney	Dana-Farber Cancer Institute	Bill Kaelin		Cell Line											Adherent	MF-001-001	RPMI + 10% FBS	False						SLR26_KIDNEY		False	Approved for public sharing - CCLE						False	False	Kidney	-0.6724257831969873
ACH-000601	-0.3809570686986848	-0.3707510868721502	-0.330824162194561	-0.07212386375922368	0.16638940511772762	0.3809570686986848	PT-EzM7Ui	MIA PaCa-2	MIAPACA2	PAAD	Pancreas	Pancreatic Adenocarcinoma	Pancreatic Adenocarcinoma	PAAD		CVCL_0428	65.0	Adult	Male	caucasian	Primary	pancreas	ATCC		CRL-1420	Cell Line											Adherent	MF-002-001	DMEM + 10% FBS	False						MIAPACA2_PANCREAS		False	Approved for public sharing - CCLE		1541.0	SIDM00505	724870.0		False	False	Pancreas	0.8734677062274813
ACH-000602	-0.17716458946068858	-0.27608775786826045	-0.19705784942821103	0.4014448254923079	-0.19037306337815438	0.17716458946068858	PT-JpUzYa	M-07e	M07E	AML	Myeloid	Acute Myeloid Leukemia	Acute Myeloid Leukemia	AML	CBFA2T3-GLIS2 [PubMed:28109323], ANO7-DHDH	CVCL_2106	0.0	Pediatric	Female			haematopoietic_and_lymphoid_tissue	DSMZ			Cell Line											Suspension	MF-001-028	RPMI + 20% FBS + 10ng/ml GM-CSF	False						M07E_HAEMATOPOIETIC_AND_LYMPHOID_TISSUE		True	Approved for public sharing - CCLE	CBFA2T3::GLIS2 and TP53					False	False	Myeloid	0.406207313883333
ACH-000603	0.09675290220086401	-0.20707439569950778	0.014617069737056867	-0.056913828295468455	-0.06472098790894351	-0.09675290220086401	PT-BPHtVG	BEN	BEN	NSCLC	Lung	Non-Small Cell Lung Cancer	Non-Small Cell Lung Cancer	NSCLC		CVCL_1082	71.0	Adult	Male		Metastatic	lymph_node	DSMZ		ACC 254	Cell Line											Adherent									BEN_LUNG		False	Approved for public sharing - CCLE		971.0	SIDM00990	753534.0		False	False	Lung	-0.2218374260514995
ACH-000604	-0.3048067517014716	-0.31297311558879354	-0.27687581098650343	0.4095193173442101	-0.04530620834363711	0.3048067517014716	PT-yTztZ0	KYO-1	KYO1	CMLBCRABL1	Myeloid	Myeloproliferative Neoplasms	Chronic Myeloid Leukemia, BCR-ABL1+	CMLBCRABL1	BCR::ABL1 (e13-a2)	CVCL_2095	22.0	Adult	Male	asian	Primary	haematopoietic_and_lymphoid_tissue	DSMZ		ACC 601	Cell Line											Suspension	MF-001-020	RPMI + 20% FBS	False						KYO1_HAEMATOPOIETIC_AND_LYMPHOID_TISSUE		True	Approved for public sharing - CCLE	BCR::ABL1					False	False	Myeloid	0.6988683926007251
ACH-000605	-0.20281702208812757	-0.10601070358460164	0.1685736492699058	0.40701478266439234	0.6268409148784749	0.20281702208812757	PT-4Pwq3T	TE-6	TE6	ESCC	Esophagus/Stomach	Esophageal Squamous Cell Carcinoma	Esophageal Squamous Cell Carcinoma	ESCC		CVCL_1765	71.0	Adult	Male			oesophagus	RIKEN		RCB1950	Cell Line											Adherent	MF-001-001	RPMI + 10% FBS	False						TE6_OESOPHAGUS		False	Approved for public sharing - CCLE		1642.0	SIDM00328	946355.0		False	False	Esophagus/Stomach	0.46502384027771904
ACH-000606	0.4484147101231001	0.4625940378284058	0.1706789048801477	0.8697390016229033	0.6489682203142191	-0.4484147101231001	PT-qno39F	PE/CA-PJ34 (clone C12)	PECAPJ34CLONEC12	OCSC	Head and Neck	Head and Neck Squamous Cell Carcinoma	Oral Cavity Squamous Cell Carcinoma	OCSC		CVCL_2679	60.0	Adult	Male		Primary	upper_aerodigestive_tract	ECACC			Cell Line											Adherent	MF-005-002	IMDM + 10% FBS + 2mM Glutamine	False						PECAPJ34CLONEC12_UPPER_AERODIGESTIVE_TRACT		False	Approved for public sharing - CCLE					ACH-001314	False	False	Head and Neck	-1.0281362402010665
ACH-000607	-0.26207247245727655	-0.31639305850124877	-0.19940156613090904	0.5876034116012118	-0.21118360906651187	0.26207247245727655	PT-UnVDKb	KYM-1	KYM1	MRT	Kidney	Rhabdoid Cancer	Rhabdoid Cancer	MRT		CVCL_3007	0.0	Pediatric	Male	asian	Primary	soft_tissue	HSRRB		JCRB0627	Cell Line											Suspension	MF-007-001	DMEM:F12 + 10% FBS	False						KYM1_SOFT_TISSUE		True	Approved for public sharing - CCLE		1344.0	SIDM00552	1240166.0		False	False	Kidney	0.6008861895240964
ACH-000608	0.06834735244332094	0.5642223014177187	-0.08356488516683758	0.33001030188337194	0.3120452404829909	-0.06834735244332094	PT-lr2HyG	COV644	COV644	MOV	Ovary/Fallopian Tube	Ovarian Epithelial Tumor	Mucinous Ovarian Cancer	MOV		CVCL_2425		Unknown	Female		Primary	ovary	ECACC		7071908	Cell Line											Adherent	MF-002-003	DMEM + 10% FBS + 2mM Glutamine	False						COV644_OVARY		False	Approved for public sharing - CCLE						False	False	Ovary/Fallopian Tube	-0.15670848520888692
ACH-000609	-0.13641317747575707	-0.1255610352476557	0.3567960206222789	-0.69900527806642	0.6606817735077508	0.13641317747575707	PT-w4DAqh	SF126	SF126	GB	CNS/Brain	Adult-Type Diffuse Glioma	Glioblastoma, IDH-Wildtype	GB		CVCL_1688	50.0	Adult	Female		Primary	central_nervous_system	HSRRB		IFO50286	Cell Line											Adherent	MF-006-001	MEM + 10% FBS	False						SF126_CENTRAL_NERVOUS_SYSTEM		False	Approved for public sharing - CCLE		1677.0	SIDM00382	909712.0		False	False	CNS/Brain	0.3127714774684879
ACH-000610	0.09556670030209374	-0.04875269494129247	0.452200135152106	0.7814765640314275	0.25116479320246954	-0.09556670030209374	PT-mtt5MQ	NCI-H2227	NCIH2227	SCLC	Lung	Lung Neuroendocrine Tumor	Small Cell Lung Cancer	SCLC		CVCL_1542	54.0	Adult	Male	caucasian	Primary	lung	ATCC			Cell Line											Mixed									NCIH2227_LUNG		False	Approved for public sharing - CCLE		1220.0	SIDM00730	688018.0		False	False	Lung	-0.2191176732584071
ACH-000611	-0.2673634964142953	-0.209499276463031	-0.2864207216531374	-0.032618264040601586	-0.7045850692691423	0.2673634964142953	PT-zkZBHL	SU-DHL-6	SUDHL6	DLBCLNOS	Lymphoid	Mature B-Cell Neoplasms	Diffuse Large B-Cell Lymphoma, NOS	DLBCLNOS		CVCL_2206	43.0	Adult	Male		Metastatic	ascites	DSMZ		CRL-2959	Cell Line											Suspension	MF-001-020	RPMI + 20% FBS	False						SUDHL6_HAEMATOPOIETIC_AND_LYMPHOID_TISSUE		False	Approved for public sharing - CCLE		2036.0	SIDM00407	1331037.0		False	False	Lymphoid	0.613017578961543
ACH-000612	0.3564005418539286	0.4704742990809055	0.202270719320656	-0.6343656471325243	0.38653736818226436	-0.3564005418539286	PT-DxsAw3	HuT 102	HUT102	MYCF	Lymphoid	Mature T and NK Neoplasms	Mycosis Fungoides	MYCF		CVCL_3526	28.0	Adult	Male	black_or_african_american		lymph_node	ATCC			Cell Line											Suspension									HUT102_HAEMATOPOIETIC_AND_LYMPHOID_TISSUE		False	Approved for public sharing - CCLE			SIDM01734			False	False	Lymphoid	-0.8171638994776242
ACH-000613	-0.2838667617159517	-0.3065590055555639	-0.08413567748832936	0.5082299934060488	0.10234278993499688	0.2838667617159517	PT-epgMPc	HOS	HOS	OS	Bone	Osteosarcoma	Osteosarcoma	OS		CVCL_0312	13.0	Pediatric	Female	caucasian	Primary	bone	ATCC		CRL-1543	Cell Line											Adherent	MF-015-001	EMEM + 10% FBS	False						HOS_BONE		True	Approved for public sharing - CCLE		1202.0	SIDM00806	907060.0		False	False	Bone	0.6508566702206762
ACH-000614	-0.3395548131728706	-0.0762665988101725	-0.394714845424927	-0.2447830183993885	0.0893399698711413	0.3395548131728706	PT-Zy2EsL	RVH-421	RVH421	MEL	Skin	Melanoma	Melanoma	MEL		CVCL_1672	28.0	Adult	Male	caucasian	Metastatic	central_nervous_system	DSMZ		ACC 127	Cell Line											Adherent	MF-001-001	RPMI + 10% FBS	False						RVH421_SKIN		False	Approved for public sharing - CCLE		1274.0	SIDM00401	909706.0	ACH-002875	False	False	Skin	0.778539599786752
ACH-000615	-0.2706197983780537	-0.09569524659547682	-0.3124243436784367	-0.20534823491293525	-0.19043624559477013	0.2706197983780537	PT-xtiBPE	SK-MEL-28	SKMEL28	SKCM	Skin	Melanoma	Cutaneous Melanoma	SKCM		CVCL_0526	51.0	Adult	Male		Primary	skin	ATCC		HTB-72	Cell Line											Adherent	MF-006-001	MEM + 10% FBS	False						SKMEL28_SKIN		False	Approved for public sharing - CCLE		1499.0	SIDM00081	905954.0		False	False	Skin	0.6204837079318857
ACH-000616	-0.24973524022054766	-0.20905264276044105	0.25659403903803774	0.8059930377355675	0.5591915814124819	0.24973524022054766	PT-8WpAkT	Hs 746T	HS746T	STAD	Esophagus/Stomach	Esophagogastric Adenocarcinoma	Stomach Adenocarcinoma	STAD		CVCL_0333	74.0	Adult	Male	caucasian	Metastatic	soft_tissue	ATCC			Cell Line											Adherent	MF-002-001	DMEM + 10% FBS	False						HS746T_STOMACH		False	Approved for public sharing - CCLE		1850.0	SIDM00665	1240151.0		False	False	Esophagus/Stomach	0.5725990810060113
ACH-000617	-0.07803908140641969	-0.2900479613355463	-0.04794319614620406	0.36067598425158354	0.10080635973571761	0.07803908140641969	PT-hZYskw	OVCAR-4	OVCAR4	HGSOC	Ovary/Fallopian Tube	Ovarian Epithelial Tumor	High-Grade Serous Ovarian Cancer	HGSOC		CVCL_1627	42.0	Adult	Female		Metastatic	ascites	NCI/DCTD			Cell Line											Adherent	MF-001-001	RPMI + 10% FBS	False						OVCAR4_OVARY		False	Approved for public sharing - CCLE		606.0	SIDM00092	905990.0		False	False	Ovary/Fallopian Tube	0.17892991896700938
ACH-000618	0.35096579795650207	0.29944271949377554	0.368565249408967	0.49255721287186205	0.9303175335443923	-0.35096579795650207	PT-BJe5Qe	SNU-1041	SNU1041	HPHSC	Head and Neck	Head and Neck Squamous Cell Carcinoma	Hypopharynx Squamous Cell Carcinoma	HPHSC		CVCL_L085	58.0	Adult	Male			upper_aerodigestive_tract	KCLB		1041	Cell Line											Adherent									SNU1041_UPPER_AERODIGESTIVE_TRACT		False	Approved for public sharing - CCLE			SIDM00173			False	False	Head and Neck	-0.8047029854375343
ACH-000619	0.5339163366705127	0.5162582812153403	0.1994065079294789	-0.04484935830649177	0.48592474548659254	-0.5339163366705127	PT-UF0NQM	PE/CA-PJ15	PECAPJ15	OCSC	Head and Neck	Head and Neck Squamous Cell Carcinoma	Oral Cavity Squamous Cell Carcinoma	OCSC		CVCL_2678	45.0	Adult	Male		Primary	upper_aerodigestive_tract	ECACC		96121230	Cell Line											Adherent	MF-005-002	IMDM + 10% FBS + 2mM Glutamine	False						PECAPJ15_UPPER_AERODIGESTIVE_TRACT		False	Approved for public sharing - CCLE		1810.0	SIDM00473	1240207.0		False	False	Head and Neck	-1.2241764656107101
ACH-000620	-0.13283212967422836	-0.35175353206001053	0.20262818825560422	0.5793633093732666	0.21924880731171245	0.13283212967422836	PT-JMO4rY	JHH-1	JHH1	HCC	Liver	Hepatocellular Carcinoma	Hepatocellular Carcinoma	HCC		CVCL_2785	50.0	Adult	Male	asian	Primary	liver	HSRRB		JCRB1062	Cell Line											Adherent	MF-022-001	William's E medium + 10% FBS	False					DepMap stock of JHH-1 does not have mouse contamination.	JHH1_LIVER		False	Approved for public sharing - CCLE		89.0	SIDM00618	1298151.0		False	False	Liver	0.30456076328020154
ACH-000621	0.23183524649403925	-0.0695002070311221	0.12384577111909595	-0.16661881359443534	0.023217078320783482	-0.23183524649403925	PT-ER2PWK	MDA-MB-157	MDAMB157	IDC	Breast	Invasive Breast Carcinoma	Breast Invasive Ductal Carcinoma	IDC		CVCL_0618	44.0	Adult	Female	black_or_african_american	Metastatic	pleural_effusion	ATCC			Cell Line											Adherent	MF-001-001	RPMI + 10% FBS	False						MDAMB157_BREAST		False	Approved for public sharing - CCLE	basal_B TNBC	1796.0	SIDM00529	925338.0	ACH-001120	False	False	Breast	-0.5315575365737538
ACH-000622	-0.17288454699185896	-0.2313521692864112	-0.1314055898972802	-0.30161661047791166	0.8670922899271379	0.17288454699185896	PT-25ATIE	KNS-42	KNS42	GB	CNS/Brain	Adult-Type Diffuse Glioma	Glioblastoma, IDH-Wildtype	GB		CVCL_0378	16.0	Pediatric	Male		Primary	central_nervous_system	HSRRB		IFO50356	Cell Line											Adherent	MF-015-006	EMEM + 5% FBS	False						KNS42_CENTRAL_NERVOUS_SYSTEM		True	Approved for public sharing - CCLE		1149.0	SIDM00607	907282.0		False	False	CNS/Brain	0.3963939275860918
ACH-000623	0.11286565478489566	0.09554230170774344	0.17119116318600167	-0.5232394217740279	0.31980461211129935	-0.11286565478489566	PT-llEy7t	SNU-201	SNU201	GB	CNS/Brain	Adult-Type Diffuse Glioma	Glioblastoma, IDH-Wildtype	GB		CVCL_5033	58.0	Adult	Male	asian	Primary	central_nervous_system	KCLB		201	Cell Line											Adherent	MF-001-001	RPMI + 10% FBS	False						SNU201_CENTRAL_NERVOUS_SYSTEM		False	Approved for public sharing - CCLE			SIDM00158			False	False	CNS/Brain	-0.25878114017829196
ACH-000624	0.5340245819117634	0.48175537923194134	-0.1466947958975696	0.17751553433417624	-0.02384015417545791	-0.5340245819117634	PT-j1ziCB	HCC1806	HCC1806	DCIS	Breast	Breast Ductal Carcinoma In Situ	Breast Ductal Carcinoma In Situ	DCIS		CVCL_1258	60.0	Adult	Female	black_or_african_american	Primary	breast	ATCC			Cell Line											Adherent	MF-001-001	RPMI + 10% FBS	False						HCC1806_BREAST		False	Approved for public sharing - CCLE	basal_A TNBC	1317.0	SIDM00875	907047.0		False	False	Breast	-1.2244246529534681
ACH-000625	-0.2870221856492938	-0.324210124902541	-0.41271431731911296	0.06946483684395893	0.4269512581918854	0.2870221856492938	PT-oPfLLk	Hep 3B2.1-7	HEP3B217	HCC	Liver	Hepatocellular Carcinoma	Hepatocellular Carcinoma	HCC		CVCL_0326	8.0	Pediatric	Male	black_or_african_american	Primary	liver	ATCC		HB-8064	Cell Line											Mixed	MF-006-001	MEM + 10% FBS	False						HEP3B217_LIVER		True	Approved for public sharing - CCLE		1922.0	SIDM00672	1240147.0		False	False	Liver	0.658091503569868
ACH-000626	0.950079071241061	0.7621103704494492	0.540475945018326	-0.5355364829004099	0.3466238463329125	-0.950079071241061	PT-e6abeY	U266B1	U266B1	PCM	Lymphoid	Mature B-Cell Neoplasms	Plasma Cell Myeloma	PCM		CVCL_0566	53.0	Adult	Male			haematopoietic_and_lymphoid_tissue	ATCC		TIB-196	Cell Line											Suspension									U266B1_HAEMATOPOIETIC_AND_LYMPHOID_TISSUE		False	Approved for public sharing - CCLE		1635.0	SIDM00417	753615.0		False	False	Lymphoid	-2.178364585611718
ACH-000627	-0.2576991320702721	-0.21263846900771735	-0.14561709607309473	0.053462308439580414	0.531086588932855	0.2576991320702721	PT-Rd3J4D	LCLC-103H	LCLC103H	LCLC	Lung	Non-Small Cell Lung Cancer	Large Cell Lung Carcinoma	LCLC		CVCL_1375	61.0	Adult	Male	caucasian	Metastatic	pleural_effusion	DSMZ		ACC 384	Cell Line											Adherent	MF-001-001	RPMI + 10% FBS	False						LCLC103H_LUNG		False	Approved for public sharing - CCLE		1502.0	SIDM00345	753586.0		False	False	Lung	0.5908588874728772
ACH-000628	0.4109771812504304	0.28515889221867874	0.12468869418308907	0.057102080163639164	1.328669527332274	-0.4109771812504304	PT-QC2SAk	NCI-H596	NCIH596	LUAS	Lung	Non-Small Cell Lung Cancer	Lung Adenosquamous Carcinoma	LUAS		CVCL_1571	73.0	Adult	Male	caucasian	Primary	lung	ATCC		HTB-178	Cell Line											Adherent									NCIH596_LUNG		False	Approved for public sharing - CCLE		1225.0	SIDM01127	908459.0		False	False	Lung	-0.9422985562254476
ACH-000629	-0.11332440539498613	-0.1033216021518586	0.08747747923313424	0.017426345593769196	0.22698702524505285	0.11332440539498613	PT-Aw6i69	IOMM-Lee	IOMMLEE	MNG	CNS/Brain	Meningothelial Tumor	Meningioma	MNG		CVCL_5779	61.0	Adult	Male		Primary	central_nervous_system	Brigham and Women's Hospital	Ian Dunn		Cell Line											Adherent	MF-002-001	DMEM + 10% FBS	False						IOMMLEE_CENTRAL_NERVOUS_SYSTEM		False	Approved for public sharing - CCLE						False	False	CNS/Brain	0.25983297482332157
ACH-000630	0.10732387047844369	0.047152547665218994	0.5921819957902339	-0.07717082352143487	0.9133545490353745	-0.10732387047844369	PT-uty9xg	YD-8	YD8	OCSC	Head and Neck	Head and Neck Squamous Cell Carcinoma	Oral Cavity Squamous Cell Carcinoma	OCSC		CVCL_L079	46.0	Adult	Female	asian		upper_aerodigestive_tract	KCLB		60501	Cell Line											Adherent	MF-001-001	RPMI + 10% FBS	False						YD8_UPPER_AERODIGESTIVE_TRACT		False	Approved for public sharing - CCLE						False	False	Head and Neck	-0.24607480126430617
ACH-000631	-0.34164726203289364	-0.3399835137069493	-0.38855846950923123	-0.6996827338662115	1.0148395465500248	0.34164726203289364	PT-j6IJnV	KS-1	KS1	GB	CNS/Brain	Adult-Type Diffuse Glioma	Glioblastoma, IDH-Wildtype	GB		CVCL_1343	45.0	Adult	Female		Primary	central_nervous_system	HSRRB		IFO50436	Cell Line											Adherent									KS1_CENTRAL_NERVOUS_SYSTEM		True	Approved for public sharing - CCLE		1387.0	SIDM00555	907313.0		False	False	CNS/Brain	0.7833372178291362
ACH-000632	-0.09404784957513693	0.044589994336367796	-0.1995027925112139	0.2564645991764201	0.40743222683600316	0.09404784957513693	PT-CeiJLF	Hs 944.T	HS944T	SKCM	Skin	Melanoma	Cutaneous Melanoma	SKCM		CVCL_1040	51.0	Adult	Male	caucasian	Metastatic	skin	ATCC		Discontinued	Cell Line											Adherent	MF-002-001	DMEM + 10% FBS	False						HS944T_SKIN		False	Approved for public sharing - CCLE			SIDM00063			False	False	Skin	0.21563521507720398
ACH-000633	0.13248239205005016	0.044857537610866	0.16722539502872155	0.6141734830864136	-0.5509792420855995	-0.13248239205005016	PT-zUYVjw	FU97	FU97	DSTAD	Esophagus/Stomach	Esophagogastric Adenocarcinoma	Diffuse Type Stomach Adenocarcinoma	DSTAD		CVCL_2908	66.0	Adult	Female	asian	Primary	stomach	HSRRB			Cell Line											Adherent	MF-002-010	DMEM + 10% FBS + 1ug/ml Insulin	False						FU97_STOMACH		False	Approved for public sharing - CCLE		2062.0	SIDM00503	1290806.0		False	False	Esophagus/Stomach	-0.30375887628171133
ACH-000634	-0.3241431119705469	-0.3456257577061261	-0.1440836168243641	-0.489915088598053	0.3018536791035177	0.3241431119705469	PT-FYoibe	LN-340	LN340	GB	CNS/Brain	Adult-Type Diffuse Glioma	Glioblastoma, IDH-Wildtype	GB		CVCL_3955	57.0	Adult	Male		Primary	central_nervous_system	Academic lab	Linda Chin		Cell Line											Adherent	MF-002-001	DMEM + 10% FBS	False						LN340_CENTRAL_NERVOUS_SYSTEM		False	Approved for public sharing - CCLE						False	False	CNS/Brain	0.743203273454127
ACH-000635	0.5308522615549468	-0.05323515430152686	0.31001311594223835	0.7561576063686193	0.6611129457875037	-0.5308522615549468	PT-vHYCC2	SNU-119	SNU119	HGSOC	Ovary/Fallopian Tube	Ovarian Epithelial Tumor	High-Grade Serous Ovarian Cancer	HGSOC		CVCL_5014	50.0	Adult	Female	asian	Metastatic	ascites	KCLB		119	Cell Line											Adherent	MF-001-001	RPMI + 10% FBS	False						SNU119_OVARY		False	Approved for public sharing - CCLE						False	False	Ovary/Fallopian Tube	-1.2171510790703204
ACH-000636	-0.02160739463723669	-0.09544020973787201	0.033434715874280735	1.0067312488663795	0.10913735680876283	0.02160739463723669	PT-yCJrgB	RPMI-8402	RPMI8402	TALL	Lymphoid	T-Lymphoblastic Leukemia/Lymphoma	T-Cell Acute Lymphoblastic Leukemia		LMO1-TRD, STIL-TAL1, with FBXW7, NOTCH, PTEN, TP53, WT1 mutations	CVCL_1667	16.0	Pediatric	Female		Primary	haematopoietic_and_lymphoid_tissue	DSMZ		ACC-290	Cell Line											Suspension	MF-001-001	RPMI + 10% FBS	False						RPMI8402_HAEMATOPOIETIC_AND_LYMPHOID_TISSUE		True	Approved for public sharing - CCLE	TAL1, LMO1::TRD, STIL::TAL1	288.0	SIDM00403	909702.0		False	False	Lymphoid	0.04954196412684726
ACH-000637	0.2632965446570708	0.19872049346732285	0.35695407015630365	0.32558262697661544	0.21333796362026977	-0.2632965446570708	PT-bnLm4Y	KYSE-520	KYSE520	ESCC	Esophagus/Stomach	Esophageal Squamous Cell Carcinoma	Esophageal Squamous Cell Carcinoma	ESCC		CVCL_1355	58.0	Adult	Female	asian	Primary	oesophagus	DSMZ		ACC 371	Cell Line											Adherent	MF-001-001	RPMI + 10% FBS	False						KYSE520_OESOPHAGUS		False	Approved for public sharing - CCLE		894.0	SIDM01025	753575.0		False	False	Esophagus/Stomach	-0.6036927722717623
ACH-000638	-0.2676307456676782	-0.07851951678106799	0.3705247196076109	0.9876095882018864	0.6813973339610696	0.2676307456676782	PT-xglezn	NCI-H441	NCIH441	LUAD	Lung	Non-Small Cell Lung Cancer	Lung Adenocarcinoma	LUAD		CVCL_1561	33.0	Adult	Male		Metastatic	pericardial_effusion	ATCC		HTB-174	Cell Line											Adherent	MF-001-001	RPMI + 10% FBS	False						NCIH441_LUNG		False	Approved for public sharing - CCLE		1815.0	SIDM00925	908460.0		False	False	Lung	0.6136303346012815
ACH-000639	0.0019920548494032145	-0.13466053265946784	0.002223261643531945	0.03014012574586755	-0.13422217755949786	-0.0019920548494032145	PT-PkJ80f	NCI-H211	NCIH211	SCLC	Lung	Lung Neuroendocrine Tumor	Small Cell Lung Cancer	SCLC		CVCL_1529	50.0	Adult	Female	caucasian	Metastatic	bone_marrow	ATCC		CRL-5824	Cell Line											Mixed	MF-001-001	RPMI + 10% FBS	False						NCIH211_LUNG		False	Approved for public sharing - CCLE		2107.0	SIDM00704	1240189.0		False	False	Lung	-0.004567432193688405
ACH-000640	-0.2616262839935726	0.15391368647411527	-0.28197938829874647	-0.28152986899800203	0.11651393516179562	0.2616262839935726	PT-Zpoh5W	SK-MEL-31	SKMEL31	SKCM	Skin	Melanoma	Cutaneous Melanoma	SKCM		CVCL_0600	33.0	Adult	Female		Primary	skin	ATCC		HTB-73	Cell Line											Adherent									SKMEL31_SKIN		False	Approved for public sharing - CCLE		153.0	SIDM01104	909727.0		False	False	Skin	0.5998631576762613
ACH-000641	0.009695102314515591	-0.07986980396157933	-0.20495921781100515	0.034048845635754	0.2562842665294084	-0.009695102314515591	PT-XYdNvp	CMK	CMK	MLADS	Myeloid	Acute Myeloid Leukemia	Myeloid Leukemia Associated with Down Syndrome	MLADS	TP53::FXR2	CVCL_0216	0.0	Pediatric	Male		Primary	haematopoietic_and_lymphoid_tissue	DSMZ		ACC-392	Cell Line											Suspension	MF-001-020	RPMI + 20% FBS	False						CMK_HAEMATOPOIETIC_AND_LYMPHOID_TISSUE		True	Approved for public sharing - CCLE	TP53::FXR2	734.0	SIDM00959	910566.0		False	False	Myeloid	-0.022229168260948184
ACH-000642	0.23011458205990365	0.16301537674153527	-0.21998190880487625	-0.33918718315499263	0.43643662375455705	-0.23011458205990365	PT-FzOtZ1	HMEL	HMEL	ZIMMBR	Breast	Non-Cancerous	Immortalized Breast Cells			CVCL_IZ34		Unknown	Female			breast	The Broad Institute	Jesse Boehm		Cell Line											Mixed									HMEL_BREAST		False	Approved for public sharing - CCLE						False	False	Breast	-0.5276123549772932
ACH-000643	0.0815208554126626	0.06221186238066717	0.038431002258137906	-0.3091331451590207	0.37758544141781547	-0.0815208554126626	PT-wBDiHn	HDQ-P1	HDQP1	IDC	Breast	Invasive Breast Carcinoma	Breast Invasive Ductal Carcinoma	IDC		CVCL_2067	50.0	Adult	Female	caucasian	Primary	breast	DSMZ			Cell Line											Adherent	MF-002-001	DMEM + 10% FBS	False						HDQP1_BREAST		False	Approved for public sharing - CCLE	basal_A TNBC	743.0	SIDM01062	1290922.0		False	False	Breast	-0.1869130157637796
ACH-000644	-0.2653569813870815	-0.13781524936569278	-0.21577048481859365	-0.4004344104635856	0.044267655824773336	0.2653569813870815	PT-w6ABKA	COLO 829	COLO829	SKCM	Skin	Melanoma	Cutaneous Melanoma	SKCM		CVCL_1137	45.0	Adult	Male	caucasian	Primary	skin	ATCC		CRL-1974	Cell Line											Adherent	MF-001-001	RPMI + 10% FBS	False						COLO829_SKIN		False	Approved for public sharing - CCLE		430.0	SIDM00909	687448.0		False	False	Skin	0.608416992117681
ACH-000645	-0.35378087173137357	-0.34389344712948433	-0.2010954844462686	-0.2924562178258051	0.762054493291836	0.35378087173137357	PT-igc1W1	JL-1	JL1	PLEMESO	Pleura	Pleural Mesothelioma	Pleural Mesothelioma, Epithelioid Type	PLEMESO		CVCL_2080	54.0	Adult	Male		Primary	pleura	DSMZ		ACC 596	Cell Line											Adherent	MF-002-009	DMEM + 20% FBS	False						JL1_PLEURA		False	Approved for public sharing - CCLE						False	False	Pleura	0.8111574555997431
ACH-000646	0.7072401572517402	0.6495423619931254	0.8810545909121965	0.257639462892648	-0.6364297960928049	-0.7072401572517402	PT-nonBNX	OVMANA	OVMANA	CCOV	Ovary/Fallopian Tube	Ovarian Epithelial Tumor	Clear Cell Ovarian Cancer	CCOV		CVCL_3111	51.0	Adult	Female	asian	Primary	ovary	HSRRB			Cell Line											Adherent	MF-001-001	RPMI + 10% FBS	False						OVMANA_OVARY		False	Approved for public sharing - CCLE						False	False	Ovary/Fallopian Tube	-1.6215775704512432
ACH-000647	-0.06192706780595033	-0.006406888877386156	0.37244625821075356	0.8864132789827172	1.2736033692584592	0.06192706780595033	PT-bxGrwa	TE-1	TE1	ESCC	Esophagus/Stomach	Esophageal Squamous Cell Carcinoma	Esophageal Squamous Cell Carcinoma	ESCC		CVCL_1759	58.0	Adult	Male		Primary	oesophagus	JCRB		Cannot find on JCRB website	Cell Line											Adherent	MF-001-001	RPMI + 10% FBS	False						TE1_OESOPHAGUS		False	Approved for public sharing - CCLE		1493.0	SIDM00369	753621.0		False	False	Esophagus/Stomach	0.14198789919984467
ACH-000648	-0.24820014020987116	-0.3064635942829572	-0.031497833938964125	0.36462662559011905	-0.37691140194100015	0.24820014020987116	PT-pVwyuS	NCI-H28	NCIH28	PLEMESO	Pleura	Pleural Mesothelioma	Pleural Mesothelioma, Epithelioid Type	PLEMESO		CVCL_1555	48.0	Adult	Male	caucasian	Metastatic	pleural_effusion	ATCC		CRL-5820	Cell Line											Adherent	MF-001-001	RPMI + 10% FBS	False						NCIH28_PLEURA		False	Approved for public sharing - CCLE		1199.0	SIDM00720	908470.0		False	False	Pleura	0.5690793660687464
ACH-000649	-0.06324160623792424	-0.3737765168879753	-0.08004213408001054	0.05298976316126219	0.21960247798415813	0.06324160623792424	PT-4QH2lI	786-O	786O	CCRCC	Kidney	Renal Cell Carcinoma	Renal Clear Cell Carcinoma	CCRCC		CVCL_1051	58.0	Adult	Male	caucasian	Primary	kidney	ATCC		CRL-1932	Cell Line											Adherent	MF-001-001	RPMI + 10% FBS	False						786O_KIDNEY		False	Approved for public sharing - CCLE		301.0	SIDM00125	905947.0		False	False	Kidney	0.14500190514242053
ACH-000650	-0.3200087447070541	-0.04528706582610437	-0.30692154049035086	-0.5592854299929482	-0.2976442813821456	0.3200087447070541	PT-Wg8rkx	IGR-37	IGR37	MEL	Skin	Melanoma	Melanoma	MEL		CVCL_2075	26.0	Adult	Male		Metastatic	lymph_node	DSMZ		ACC 237	Cell Line											Adherent									IGR37_SKIN		False	Approved for public sharing - CCLE		1535.0	SIDM01066	1240153.0		False	False	Skin	0.7337238948388916
ACH-000651	-0.23788572519548995	-0.26145556100930173	-0.1403584913538327	0.14721289154410788	-0.22441852669908144	0.23788572519548995	PT-IPboWn	SW 620	SW620	COAD	Bowel	Colorectal Adenocarcinoma	Colon Adenocarcinoma	COAD		CVCL_0547	51.0	Adult	Male	caucasian	Metastatic	lymph_node	ATCC		CCL-227	Cell Line											Mixed	MF-021-001	L-15 + 10% FBS	False						SW620_LARGE_INTESTINE		False	Approved for public sharing - CCLE		3.0	SIDM00841	905962.0		False	False	Bowel	0.5454302224671725
ACH-000652	-0.12953109955942055	-0.000850031144748381	-0.22398229198916392	0.44368780206538233	0.5103479707874755	0.12953109955942055	PT-ETHfq8	SUIT-2	SUIT2	PAAD	Pancreas	Pancreatic Adenocarcinoma	Pancreatic Adenocarcinoma	PAAD		CVCL_3172	73.0	Adult	Male	asian	Metastatic	liver	HSRRB		JCRB1094	Cell Line											Adherent	MF-001-001	RPMI + 10% FBS	False						SUIT2_PANCREAS		False	Approved for public sharing - CCLE		1749.0	SIDM00371	1240219.0		False	False	Pancreas	0.2969920805086277
ACH-000653	0.8900842347808549	0.8381627528400414	0.6980265497099893	-0.6064307052756525	0.31226685740885696	-0.8900842347808549	PT-vA8rQh	JJN-3	JJN3	PCM	Lymphoid	Mature B-Cell Neoplasms	Plasma Cell Myeloma	PCM		CVCL_2078	57.0	Adult	Female		Primary	bone_marrow	DSMZ		ACC 541	Cell Line											Suspension									JJN3_HAEMATOPOIETIC_AND_LYMPHOID_TISSUE		False	Approved for public sharing - CCLE		905.0	SIDM01036	1327766.0		False	False	Lymphoid	-2.040806953809807
ACH-000654	-0.30577462379024456	-0.33754798297460986	-0.43380039340296966	-0.8086705410718935	-0.7994888998325431	0.30577462379024456	PT-WEYO1e	Raji	RAJI	NHL	Lymphoid	Non-Hodgkin Lymphoma	Non-Hodgkin Lymphoma	NHL	MYC-IGH, TP53 Arg213Gln and Tyr234His	CVCL_0511	11.0	Pediatric	Male	african	Primary	bone	ATCC			Cell Line											Suspension	MF-001-001	RPMI + 10% FBS	False						RAJI_HAEMATOPOIETIC_AND_LYMPHOID_TISSUE		True	Approved for public sharing - CCLE	MYC::IGH	1762.0	SIDM00844	909262.0		False	False	Lymphoid	0.7010875534531276
ACH-000655	-0.05418636692627796	-0.038353736871931235	0.2287619264009864	-0.19002631423184854	0.5383828144624878	0.05418636692627796	PT-ZQKvHU	SF268	SF268	ASTR	CNS/Brain	Adult-Type Diffuse Glioma	Astrocytoma, IDH-Mutant	ASTR		CVCL_1689	24.0	Adult	Male		Primary	central_nervous_system	The Broad Institute	Levi Garraway		Cell Line											Adherent	MF-001-014	RPMI + 5% FBS	False					Cell line thought to be female but has Y chromosome expression.	SF268_CENTRAL_NERVOUS_SYSTEM		False	Approved for public sharing - CCLE		1490.0	SIDM00085	905986.0		False	False	CNS/Brain	0.12423983046061296
ACH-000656	-0.15114578502224182	-0.16052408580787525	-0.2531657934089754	-0.23757676313041762	-0.5184828295195473	0.15114578502224182	PT-qpbJK2	SU-DHL-8	SUDHL8	DLBCLNOS	Lymphoid	Mature B-Cell Neoplasms	Diffuse Large B-Cell Lymphoma, NOS	DLBCLNOS		CVCL_2207	59.0	Adult	Male		Metastatic	pleural_effusion	DSMZ		ACC 573	Cell Line											Suspension									SUDHL8_HAEMATOPOIETIC_AND_LYMPHOID_TISSUE		False	Approved for public sharing - CCLE		1877.0	SIDM00423	1331038.0		False	False	Lymphoid	0.34655076121910894
ACH-000657	-0.1505897609123952	-0.17740110342553778	-0.2461584025248268	-0.11561040380539464	-0.3496674374903602	0.1505897609123952	PT-ug3gCf	A2780	A2780	EOV	Ovary/Fallopian Tube	Ovarian Epithelial Tumor	Endometrioid Ovarian Cancer	EOV		CVCL_0134		Unknown	Female		Primary	ovary	ECACC		93112519	Cell Line											Adherent	MF-001-001	RPMI + 10% FBS	False						A2780_OVARY		False	Approved for public sharing - CCLE		1245.0	SIDM00210	906804.0		False	False	Ovary/Fallopian Tube	0.34527589550919074
ACH-000659	0.44996708433571975	0.6138519308490673	0.7201165050712794	0.909049149063537	-0.015452793484745233	-0.44996708433571975	PT-hfsFIb	SCLC-21H	SCLC21H	SCLC	Lung	Lung Neuroendocrine Tumor	Small Cell Lung Cancer	SCLC		CVCL_0024	46.0	Adult	Male	caucasian	Metastatic	pleural_effusion	DSMZ		ACC 372	Cell Line											Suspension									SCLC21H_LUNG		False	Approved for public sharing - CCLE			SIDM00029			False	False	Lung	-1.0316955618520216
ACH-000660	0.24422767436044043	0.24895892892034086	0.4273669134437497	0.6616705424893374	0.3429051584948358	-0.24422767436044043	PT-PDsx7s	SU-DHL-5	SUDHL5	DLBCLNOS	Lymphoid	Mature B-Cell Neoplasms	Diffuse Large B-Cell Lymphoma, NOS	DLBCLNOS		CVCL_1735	17.0	Pediatric	Female		Primary	lymph_node	DSMZ			Cell Line											Suspension	MF-001-020	RPMI + 20% FBS	False						SUDHL5_HAEMATOPOIETIC_AND_LYMPHOID_TISSUE		True	Approved for public sharing - CCLE		1609.0	SIDM00406	1331036.0		False	False	Lymphoid	-0.5599711989846655
ACH-000661	-0.16641899589092932	0.07927529392157134	-0.2978156601198077	-0.10555990075027971	0.47414113548915565	0.16641899589092932	PT-VxRt2m	WM1799	WM1799	MEL	Skin	Melanoma	Melanoma	MEL		CVCL_A341		Unknown	Male		Primary	skin	The Wistar Institute			Cell Line											Adherent	MF-001-001	RPMI + 10% FBS	False						WM1799_SKIN		False	Approved for public sharing - CCLE						False	False	Skin	0.3815695535196996
ACH-000662	0.1992551393007454	0.1873601846075053	0.17251725370005389	0.07834894053427796	0.5514095413461563	-0.1992551393007454	PT-S1tr6I	COR-L23	CORL23	LCLC	Lung	Non-Small Cell Lung Cancer	Large Cell Lung Carcinoma	LCLC		CVCL_1139	62.0	Adult	Male	caucasian	Metastatic	pleural_effusion	ECACC		92031919	Cell Line											Adherent	MF-001-003	RPMI + 10% FBS + 2mM Glutamine	False						CORL23_LUNG		False	Approved for public sharing - CCLE		1313.0	SIDM00512	687780.0		False	False	Lung	-0.4568570681036957
ACH-000663	-0.17837938759305397	-0.31849246956095895	0.44085292944125487	1.0293684891357642	0.11973645447199346	0.17837938759305397	PT-kymkHN	OVTOKO	OVTOKO	CCOV	Ovary/Fallopian Tube	Ovarian Epithelial Tumor	Clear Cell Ovarian Cancer	CCOV		CVCL_3117	78.0	Adult	Female	asian	Metastatic	spleen	HSRRB		JCRB1048	Cell Line											Adherent	MF-001-001	RPMI + 10% FBS	False						OVTOKO_OVARY		False	Approved for public sharing - CCLE		1095.0	SIDM00425	1298365.0		False	False	Ovary/Fallopian Tube	0.4089926328218454
ACH-000664	0.01125122180672801	1.0910346435149958	-0.09602422107760468	-0.23589690034273098	0.8206907047894353	-0.01125122180672801	PT-jm7IYN	SU-DHL-1	SUDHL1	ALCLALKP	Lymphoid	Mature T and NK Neoplasms	Anaplastic Large-Cell Lymphoma ALK Positive	ALCLALKP	NPM1-ALK, TP53 Arg273His	CVCL_0538	10.0	Pediatric	Male			pleural_effusion	DSMZ		CRL-2955	Cell Line											Suspension	MF-001-001	RPMI + 10% FBS	False						SUDHL1_HAEMATOPOIETIC_AND_LYMPHOID_TISSUE		True	Approved for public sharing - CCLE		1634.0	SIDM00390	909742.0		False	False	Lymphoid	-0.02579707718076854
ACH-000665	0.07676394399123831	-0.11773036522553036	-0.0621204320873839	-0.2887779632464875	0.26671810081425745	-0.07676394399123831	PT-41lHFE	SK-MES-1	SKMES1	LUSC	Lung	Non-Small Cell Lung Cancer	Lung Squamous Cell Carcinoma	LUSC		CVCL_0630	65.0	Adult	Male	caucasian	Metastatic	pleural_effusion	ATCC		HTB-58	Cell Line											Adherent	MF-002-001	DMEM + 10% FBS	False						SKMES1_LUNG		False	Approved for public sharing - CCLE		1628.0	SIDM01103	909728.0		False	False	Lung	-0.1760062526416464
ACH-000666	-0.16248349840441512	-0.13026115769810317	0.20513165244693932	0.5362326326421815	0.36187783478829644	0.16248349840441512	PT-ELrBOm	NCI-H1355	NCIH1355	LUAD	Lung	Non-Small Cell Lung Cancer	Lung Adenocarcinoma	LUAD		CVCL_1464	53.0	Adult	Male	caucasian	Metastatic	pleural_effusion	ATCC		CRL-5865	Cell Line											Suspension									NCIH1355_LUNG		False	Approved for public sharing - CCLE		1780.0	SIDM00645	724866.0		False	False	Lung	0.37254614840438866
ACH-000667	-0.30174905681997516	-0.3294041072133347	0.24212482751844172	0.2777864941106467	0.281373624967634	0.30174905681997516	PT-uY17tx	HCC-44	HCC44	LUAD	Lung	Non-Small Cell Lung Cancer	Lung Adenocarcinoma	LUAD		CVCL_2060	54.0	Adult	Female	caucasian	Primary	lung	DSMZ		ACC 534	Cell Line											Adherent	MF-001-001	RPMI + 10% FBS	False						HCC44_LUNG		False	Approved for public sharing - CCLE		1247.0	SIDM01069	1240145.0		False	False	Lung	0.6918576348174205
ACH-000668	-0.11713701577261207	-0.29566157104490814	-0.402450157699096	-0.7838859611562177	0.7751429893565934	0.11713701577261207	PT-3DyHhv	HCC70	HCC70	IDC	Breast	Invasive Breast Carcinoma	Breast Invasive Ductal Carcinoma	IDC		CVCL_1270	49.0	Adult	Female	black_or_african_american	Primary	breast	ATCC			Cell Line											Adherent	MF-001-001	RPMI + 10% FBS	False						HCC70_BREAST		False	Approved for public sharing - CCLE	basal_A TNBC	937.0	SIDM00673	907048.0		False	False	Breast	0.26857462136281135
ACH-000669	-0.10614112807667193	-0.19339007288418095	0.33556339345274533	0.8255586178273033	0.5265454413602483	0.10614112807667193	PT-sj3DbQ	SW 900	SW900	LUSC	Lung	Non-Small Cell Lung Cancer	Lung Squamous Cell Carcinoma	LUSC		CVCL_1731	53.0	Adult	Male	caucasian	Primary	lung	ATCC		HTB-59	Cell Line											Adherent									SW900_LUNG		False	Approved for public sharing - CCLE		1454.0	SIDM01158	724879.0		False	False	Lung	0.24336298049074115
ACH-000670	0.10674645567788305	0.1670709493012693	0.13221117475736163	0.11594691400037963	-0.5135916329058107	-0.10674645567788305	PT-CGv0xl	SBC-5	SBC5	SCLC	Lung	Lung Neuroendocrine Tumor	Small Cell Lung Cancer	SCLC		CVCL_1679	65.0	Adult	Male		Metastatic	pleural_effusion	HSRRB		JCRB0819	Cell Line											Adherent									SBC5_LUNG		False	Approved for public sharing - CCLE		999.0	SIDM00368	713880.0		False	False	Lung	-0.24475089045432874
ACH-000671	0.8022602755955014	-0.12262394776079297	0.6071294300732142	-0.5806794069684327	-0.3811510789183902	-0.8022602755955014	PT-TtIXsL	HuH-6	HUH6	LIHB	Liver	Hepatoblastoma	Hepatoblastoma	LIHB		CVCL_4381	1.0	Pediatric	Male	asian	Primary	liver	RIKEN		RCB1367	Cell Line											Adherent	MF-002-001	DMEM + 10% FBS	False						HUH6_LIVER		True	Approved for public sharing - CCLE			SIDM00062			False	False	Liver	-1.8394420271961969
ACH-000672	-0.28358675212903445	-0.30545154757099124	0.21440532655357133	1.1233902421962876	0.3974385783519333	0.28358675212903445	PT-C7amr4	IA-LM	IALM	LCLC	Lung	Non-Small Cell Lung Cancer	Large Cell Lung Carcinoma	LCLC		CVCL_1302	68.0	Adult	Male	asian	Metastatic	skin	RIKEN		RCB0554	Cell Line											Adherent	MF-004-001	F12 + 10% FBS	False						IALM_LUNG		False	Approved for public sharing - CCLE		1792.0	SIDM00306	910779.0		False	False	Lung	0.6502146573753921
ACH-000673	-0.1813170637537482	-0.23308583284097342	-0.09049546275987996	-0.3044144719659124	0.6812871028673265	0.1813170637537482	PT-6DJ7vB	LN-443	LN443	GB	CNS/Brain	Adult-Type Diffuse Glioma	Glioblastoma, IDH-Wildtype	GB		CVCL_3960		Unknown	Female		Primary	central_nervous_system	Academic lab	Linda Chin		Cell Line											Adherent	MF-002-001	DMEM + 10% FBS	False					This line is an LN-444 derivative (ICLAC). DepMap metadata has been updated (as of 22Q2) to reflect this.	LN443_CENTRAL_NERVOUS_SYSTEM		False	Approved for public sharing - CCLE					ACH-001297	False	False	CNS/Brain	0.41572820873985067
ACH-000674	0.05476645424129101	0.11226635701258265	-0.0939936934842379	0.30967874149883157	0.30529626025589096	-0.05476645424129101	PT-1QXwef	NUGC-4	NUGC4	DSTAD	Esophagus/Stomach	Esophagogastric Adenocarcinoma	Diffuse Type Stomach Adenocarcinoma	DSTAD		CVCL_3082	35.0	Adult	Female	asian	Metastatic	lymph_node	RIKEN		RCB1939	Cell Line											Mixed	MF-001-001	RPMI + 10% FBS	False						NUGC4_STOMACH		False	Approved for public sharing - CCLE		941.0	SIDM00570	1298357.0		False	False	Esophagus/Stomach	-0.12556986887724314
ACH-000675	-0.13942528290917763	-0.013815973336801766	0.6468274767330044	1.4609066064651317	0.9475044120030806	0.13942528290917763	PT-HfJpz7	NCI-H1734	NCIH1734	LUAD	Lung	Non-Small Cell Lung Cancer	Lung Adenocarcinoma	LUAD		CVCL_1491	56.0	Adult	Female		Primary	lung	ATCC		CRL-5891	Cell Line											Adherent									NCIH1734_LUNG		False	Approved for public sharing - CCLE		411.0	SIDM00739	722058.0		False	False	Lung	0.3196777066476244
ACH-000676	-0.31117617680887344	-0.18472444669297464	-0.318945542944381	0.04005478577659821	-0.03627089588908202	0.31117617680887344	PT-iObwE0	LN-464	LN464	MEL	Skin	Melanoma	Melanoma	MEL		CVCL_3962		Unknown	Unknown		Unknown		Academic lab	Linda Chin		Cell Line				Unknown							Adherent	MF-002-001	DMEM + 10% FBS	False					Problematic cell line: Contaminated. The STR profile of ACN and LN-464 are identical. Originally thought to originate from the brain right parieto-occipital lobe of a 67 year old male patient with a glioblastoma.	LN464_CENTRAL_NERVOUS_SYSTEM		False	Approved for public sharing - CCLE			SIDM00058			False	False	Skin	0.71347236663264
ACH-000677	-0.18929986981057004	-0.02690800801706808	-0.13904017898508436	-0.13356238048472294	1.0708816582188787	0.18929986981057004	PT-Z9x3iF	SW 1573	SW1573	LUAD	Lung	Non-Small Cell Lung Cancer	Lung Adenocarcinoma	LUAD		CVCL_1720	44.0	Adult	Female	caucasian	Primary	lung	ATCC		CRL-2170	Cell Line											Adherent	MF-021-001	L-15 + 10% FBS	False						SW1573_LUNG		False	Approved for public sharing - CCLE		849.0	SIDM01163	724878.0		False	False	Lung	0.43403138216442894
ACH-000678	-0.09158698532932293	-0.1361242916260591	0.0807440412239453	-0.16056487210286252	0.4003501920637157	0.09158698532932293	PT-YUTQOS	MKN7	MKN7	TSTAD	Esophagus/Stomach	Esophagogastric Adenocarcinoma	Tubular Stomach Adenocarcinoma	TSTAD		CVCL_1417	39.0	Adult	Male	asian	Metastatic	lymph_node	RIKEN		RCB0999	Cell Line											Adherent	MF-001-001	RPMI + 10% FBS	False						MKN7_STOMACH		False	Approved for public sharing - CCLE		2113.0	SIDM00560	924250.0		False	False	Esophagus/Stomach	0.20999288520662085
ACH-000679	-0.16366939596519703	0.5869764856042822	-0.1513466981568129	-0.023658263034417662	0.192275297567118	0.16366939596519703	PT-Tt2TJf	OE-19	OE19	ESCC	Esophagus/Stomach	Esophageal Squamous Cell Carcinoma	Esophageal Squamous Cell Carcinoma	ESCC		CVCL_1622	72.0	Adult	Male		Primary	oesophagus	HPACC			Cell Line											Adherent	MF-001-003	RPMI + 10% FBS + 2mM Glutamine	False						OE19_OESOPHAGUS		False	Approved for public sharing - CCLE		1664.0	SIDM00479	910079.0		False	False	Esophagus/Stomach	0.3752652034038806
ACH-000680	-0.2974904603703399	0.4475501225672541	-0.20350006415037936	0.010111627716657707	0.06483498745062742	0.2974904603703399	PT-R9aZKI	SW948	SW948	COAD	Bowel	Colorectal Adenocarcinoma	Colon Adenocarcinoma	COAD		CVCL_0632	81.0	Adult	Female	caucasian	Primary	Colon	ATCC		CCL-237	Cell Line											Mixed	MF-001-001	RPMI + 10% FBS	False						SW948_LARGE_INTESTINE		False	Approved for public sharing - CCLE		1689.0	SIDM00832	909757.0		False	False	Bowel	0.6820934204787347
ACH-000681	-0.2842871790582583	-0.2870457952048961	0.09782374571616076	0.23314467194903407	0.0776315985898365	0.2842871790582583	PT-cqv92I	A549	A549	LUAD	Lung	Non-Small Cell Lung Cancer	Lung Adenocarcinoma	LUAD		CVCL_0023	58.0	Adult	Male	caucasian	Primary	lung	ATCC		CCL-185	Cell Line											Adherent	MF-002-001	DMEM + 10% FBS	False						A549_LUNG		False	Approved for public sharing - CCLE		369.0	SIDM00903	905949.0		False	False	Lung	0.6518206134095955
ACH-000682	0.4863725983560778	0.4396310819374608	0.2781709449176565	0.5505668801481558	0.7089716949302058	-0.4863725983560778	PT-Svdo1R	SNU-1066	SNU1066	LXSC	Head and Neck	Head and Neck Squamous Cell Carcinoma	Larynx Squamous Cell Carcinoma	LXSC		CVCL_5005	62.0	Adult	Male	asian		upper_aerodigestive_tract	KCLB		1066	Cell Line											Adherent									SNU1066_UPPER_AERODIGESTIVE_TRACT		False	Approved for public sharing - CCLE			SIDM00170			False	False	Head and Neck	-1.115167016874545
ACH-000683	0.922526359359526	0.8370885175602645	0.4869906697922417	1.3694206972309253	-0.15792282207782385	-0.922526359359526	PT-O04gFy	SNU-503	SNU503	READ	Bowel	Colorectal Adenocarcinoma	Rectal Adenocarcinoma	READ		CVCL_5071	52.0	Adult	Male	asian	Metastatic	abdomen	KCLB			Cell Line											Adherent	MF-001-001	RPMI + 10% FBS	False						SNU503_LARGE_INTESTINE		False	Approved for public sharing - CCLE			SIDM00497			False	False	Bowel	-2.115191052358431
ACH-000684	-0.3103560913451898	-0.33880497293924233	-0.126817559161092	0.19848376956206804	-0.42259146661739244	0.3103560913451898	PT-wbA1oa	KMRC-1	KMRC1	CCRCC	Kidney	Renal Cell Carcinoma	Renal Clear Cell Carcinoma	CCRCC		CVCL_2983		Adult	Male		Primary	kidney	HSRRB		JCRB1010	Cell Line											Adherent	MF-002-001	DMEM + 10% FBS	False						KMRC1_KIDNEY		False	Approved for public sharing - CCLE		1514.0	SIDM00611	1298168.0		False	False	Kidney	0.7115920545772131
ACH-000685	0.27294968061261315	0.23858411852761863	0.19760930466425006	0.11418202439872689	-0.06655960334779243	-0.27294968061261315	PT-rSVcxp	L3.3	L33	PAASC	Pancreas	Adenosquamous Carcinoma of the Pancreas	Adenosquamous Carcinoma of the Pancreas	PAASC		CVCL_8147	77.0	Adult	Female		Metastatic	lymph_node	Academic lab			Cell Line											Mixed	MF-002-026	DMEM + 10% FBS + 2mM Glutamine + 1mM Sodium pyruvate + 1mM NEAA	False						L33_PANCREAS		False	Approved for public sharing - CCLE						False	False	Pancreas	-0.6258257190360567
ACH-000686	0.8121985579405213	-0.24063823150490177	0.7069726715943161	0.1688890055429479	0.3427671397546211	-0.8121985579405213	PT-CSmVRq	SNU-878	SNU878	HCC	Liver	Hepatocellular Carcinoma	Hepatocellular Carcinoma	HCC		CVCL_5102	54.0	Adult	Female	asian	Primary	liver	KCLB		878	Cell Line											Adherent	MF-001-001	RPMI + 10% FBS	False						SNU878_LIVER		False	Approved for public sharing - CCLE						False	False	Liver	-1.8622287645926137
ACH-000687	-0.16933837742809646	-0.17922895133910008	-0.16773913808212246	-0.16303695661555018	-0.471004993899748	0.16933837742809646	PT-9CCSAo	CI-1	CI1	MBN	Lymphoid	Non-Hodgkin Lymphoma	Mature B-Cell Neoplasms	MBN		CVCL_1861	38.0	Adult	Female		Primary	ascites	DSMZ		ACC-570	Cell Line				Pre-treatment							Suspension	MF-001-020	RPMI + 20% FBS	False						CI1_HAEMATOPOIETIC_AND_LYMPHOID_TISSUE		False	Approved for public sharing - CCLE						False	False	Lymphoid	0.38826318307639157
ACH-000688	-0.12103149361485593	-0.08990096584954287	0.20826794100984797	0.409556447518853	0.8739977674618247	0.12103149361485593	PT-iVAxAa	OV7	OV7	MXOV	Ovary/Fallopian Tube	Ovarian Epithelial Tumor	Mixed Ovarian Carcinoma	MXOV		CVCL_2675	78.0	Adult	Female		Primary	ovary	ECACC		96020764	Cell Line											Adherent	MF-007-009	DMEM:F12 + 5% FBS + 2mM Glutamine + 10ug/ml Insulin + 0.5ug/ml Hydrocortisone	False						OV7_OVARY		False	Approved for public sharing - CCLE		1985.0	SIDM00474	1480360.0		False	False	Ovary/Fallopian Tube	0.2775039756321478
ACH-000689	-0.15857944982161212	-0.16723957557206268	0.028683024993496578	-0.2022573330413288	0.2941353357075198	0.15857944982161212	PT-W27kK4	RH-18	RH18	ERMS	Soft Tissue	Rhabdomyosarcoma	Embryonal Rhabdomyosarcoma	ERMS		CVCL_1659	2.0	Pediatric	Female			soft_tissue	DSMZ			Cell Line											Adherent									RH18_SOFT_TISSUE		True	Approved for public sharing - CCLE		861.0	SIDM00454	971774.0		False	False	Soft Tissue	0.36359485010647274
ACH-000690	-0.1899143842839501	-0.21878266921168044	0.09013937398207837	0.9121390281038894	0.432217683214661	0.1899143842839501	PT-TTn4cT	HCC-2814	HCC2814	LUSC	Lung	Non-Small Cell Lung Cancer	Lung Squamous Cell Carcinoma	LUSC		CVCL_V586	55.0	Adult	Male		Primary	lung	The Broad Institute	Matthew Meyerson		Cell Line											Adherent	MF-001-001	RPMI + 10% FBS	False						HCC2814_LUNG		False	Approved for public sharing - CCLE						False	False	Lung	0.4354403560137406
ACH-000691	0.2518720646624809	-0.18971185500092008	-0.20848775491028118	-0.2475112645208803	-0.19551126541574915	-0.2518720646624809	PT-vOaofa	HCC2157	HCC2157	IDC	Breast	Invasive Breast Carcinoma	Breast Invasive Ductal Carcinoma	IDC		CVCL_1261	48.0	Adult	Female	black_or_african_american	Primary	breast	ATCC			Cell Line											Suspension	MF-001-014	RPMI + 5% FBS	False						HCC2157_BREAST		False	Approved for public sharing - CCLE	basal_A TNBC	351.0	SIDM00774	749715.0		False	False	Breast	-0.5774984444704611
ACH-000692	1.2399620467491668	1.319630536638003	0.07223426768862813	0.08124718668882791	0.38703747150784656	-1.2399620467491668	PT-7eZ7vS	SNU-899	SNU899	LXSC	Head and Neck	Head and Neck Squamous Cell Carcinoma	Larynx Squamous Cell Carcinoma	LXSC		CVCL_5105	56.0	Adult	Male	asian	Primary	upper_aerodigestive_tract	KCLB		899	Cell Line											Adherent									SNU899_UPPER_AERODIGESTIVE_TRACT		False	Approved for public sharing - CCLE			SIDM00169			False	False	Head and Neck	-2.8430153783017778
ACH-000693	0.07714120089235954	0.05957614354441509	0.05425252890083632	0.7595088270749749	0.42260686696486444	-0.07714120089235954	PT-mOm35A	KYSE-180	KYSE180	ESCC	Esophagus/Stomach	Esophageal Squamous Cell Carcinoma	Esophageal Squamous Cell Carcinoma	ESCC		CVCL_1349	53.0	Adult	Male	asian	Primary	oesophagus	DSMZ		ACC 379	Cell Line											Adherent	MF-001-001	RPMI + 10% FBS	False						KYSE180_OESOPHAGUS		False	Approved for public sharing - CCLE		599.0	SIDM01030	907318.0		False	False	Esophagus/Stomach	-0.17687123651294315
ACH-000694	0.4860426725375706	0.46719263085617824	0.189065187999769	0.5983328908436247	0.7606646468566073	-0.4860426725375706	PT-bNO06l	TE-9	TE9	ESCC	Esophagus/Stomach	Esophageal Squamous Cell Carcinoma	Esophageal Squamous Cell Carcinoma	ESCC		CVCL_1767	48.0	Adult	Male		Metastatic	pleural_effusion	RIKEN		RCB1988	Cell Line											Adherent	MF-001-001	RPMI + 10% FBS	False						TE9_OESOPHAGUS		False	Approved for public sharing - CCLE		1312.0	SIDM00325	946353.0		False	False	Esophagus/Stomach	-1.1144105548697811
ACH-000695	-0.19347208860181747	-0.3237247081633583	0.13083415756127625	0.8215345176932433	0.8131744485774791	0.19347208860181747	PT-WHXDvG	COR-L47	CORL47	SCLC	Lung	Lung Neuroendocrine Tumor	Small Cell Lung Cancer	SCLC		CVCL_2415	67.0	Adult	Male	caucasian	Metastatic	bone_marrow	ECACC			Cell Line											Suspension	MF-001-003	RPMI + 10% FBS + 2mM Glutamine	False						CORL47_LUNG		False	Approved for public sharing - CCLE						False	False	Lung	0.4435975476904256
ACH-000696	-0.32792730212396265	-0.346648213900724	0.306457245877781	1.3840056504531237	0.3752738987610334	0.32792730212396265	PT-AlUnJX	OVCAR-8	OVCAR8	HGSOC	Ovary/Fallopian Tube	Ovarian Epithelial Tumor	High-Grade Serous Ovarian Cancer	HGSOC		CVCL_1629	64.0	Adult	Female		Primary	ovary	NCI/DCTD			Cell Line											Adherent	MF-001-001	RPMI + 10% FBS	False						OVCAR8_OVARY		False	Approved for public sharing - CCLE		2131.0	SIDM00090	905991.0		False	False	Ovary/Fallopian Tube	0.7518797574068293
ACH-000697	0.9633459261681783	0.7166854875600644	1.1417116837209127	-0.038710555635259436	0.7061311383176404	-0.9633459261681783	PT-T19rUu	A3/KAW	A3KAW	DLBCLNOS	Lymphoid	Mature B-Cell Neoplasms	Diffuse Large B-Cell Lymphoma, NOS	DLBCLNOS		CVCL_1062	68.0	Adult	Female		Primary	ascites	HSRRB		JCRB0101	Cell Line											Suspension	MF-001-001	RPMI + 10% FBS	False						A3KAW_HAEMATOPOIETIC_AND_LYMPHOID_TISSUE		False	Approved for public sharing - CCLE		1511.0	SIDM00495	910935.0		False	False	Lymphoid	-2.2087831558239106
ACH-000698	-0.23814928777633942	-0.2340024017228354	0.16025107094711252	0.8701819525122297	0.09588578643592179	0.23814928777633942	PT-ERlBcq	DMS 53	DMS53	SCLC	Lung	Lung Neuroendocrine Tumor	Small Cell Lung Cancer	SCLC		CVCL_1177	54.0	Adult	Male	caucasian	Primary	lung	ATCC		CRL-2062	Cell Line											Adherent	MF-001-001	RPMI + 10% FBS	False						DMS53_LUNG		False	Approved for public sharing - CCLE		580.0	SIDM00523	907295.0		False	False	Lung	0.5460345252137481
ACH-000699	-0.07768586613471672	-0.06271407978716723	-0.045685295138216675	-0.5188856055849806	0.446268285988409	0.07768586613471672	PT-8MisfZ	HCC1395	HCC1395	IDC	Breast	Invasive Breast Carcinoma	Breast Invasive Ductal Carcinoma	IDC		CVCL_1249	43.0	Adult	Female	caucasian	Primary	breast	ATCC			Cell Line											Adherent	MF-001-001	RPMI + 10% FBS	False						HCC1395_BREAST		False	Approved for public sharing - CCLE	basal_B TNBC	94.0	SIDM00884	749712.0		False	False	Breast	0.1781200583330204
ACH-000700	-0.30871577948443724	-0.35033166081075995	0.41926660389181614	1.4114213907854642	-0.15814137931668473	0.30871577948443724	PT-o9axOH	NCI-H2882	NCIH2882	LUSC	Lung	Non-Small Cell Lung Cancer	Lung Squamous Cell Carcinoma	LUSC		CVCL_5158	61.0	Adult	Female		Primary	lung	Academic lab			Cell Line											Adherent	MF-001-001	RPMI + 10% FBS	False						NCIH2882_LUNG		False	Approved for public sharing - CCLE						False	False	Lung	0.7078311073308384
ACH-000701	0.0024587292983786826	-0.1882822585191226	0.4653847240852201	-0.41810003000069523	0.08125831469953292	-0.0024587292983786826	PT-ColGZ0	RMUG-S	RMUGS	MOV	Ovary/Fallopian Tube	Ovarian Epithelial Tumor	Mucinous Ovarian Cancer	MOV		CVCL_3158	62.0	Adult	Female		Primary	ovary	HSRRB		IFO50320	Cell Line											Adherent	MF-004-001	F12 + 10% FBS	False						RMUGS_OVARY		False	Approved for public sharing - CCLE						False	False	Ovary/Fallopian Tube	-0.005637434810765407
ACH-000702	0.1759293519443617	0.5761519991866155	-0.11631977321554746	-0.4707234899835388	0.0008097413145911495	-0.1759293519443617	PT-ImJeys	L-1236	L1236	HL	Lymphoid	Hodgkin Lymphoma	Hodgkin Lymphoma	HL		CVCL_2096	34.0	Adult	Male			haematopoietic_and_lymphoid_tissue	DSMZ			Cell Line											Suspension	MF-001-001	RPMI + 10% FBS	False						L1236_HAEMATOPOIETIC_AND_LYMPHOID_TISSUE		False	Approved for public sharing - CCLE		408.0	SIDM00313	1330935.0		False	False	Lymphoid	-0.4033751310242046
ACH-000703	2.1101191506664123	0.6148578730694138	2.0011678899384813	1.5970542211181824	0.21540733609071308	-2.1101191506664123	PT-BeO6a2	DMS 79	DMS79	SCLC	Lung	Lung Neuroendocrine Tumor	Small Cell Lung Cancer	SCLC		CVCL_1178	65.0	Adult	Male	caucasian	Metastatic	pleural_effusion	ATCC		CRL-2049	Cell Line											Suspension									DMS79_LUNG		False	Approved for public sharing - CCLE		300.0	SIDM00524	753551.0		False	False	Lung	-4.838132917956368
ACH-000704	0.04716294206046476	0.10044299617511668	0.280960810405471	0.4753520066087702	0.6559495846619479	-0.04716294206046476	PT-9pirK7	OAW42	OAW42	SOC	Ovary/Fallopian Tube	Ovarian Epithelial Tumor	Serous Ovarian Cancer	SOC		CVCL_1615	46.0	Adult	Female		Metastatic	ascites	ECACC		85073102	Cell Line											Adherent	MF-002-005	DMEM + 10% FBS + 2mM Glutamine + 1X Insulin-Transferrin-Selenium	False						OAW42_OVARY		False	Approved for public sharing - CCLE		782.0	SIDM00480	910548.0		False	False	Ovary/Fallopian Tube	-0.1081363497498897
ACH-000705	0.48634477175618485	0.40615749950049806	0.720431289963965	1.259954308115616	0.39056470807522337	-0.48634477175618485	PT-ZglKg6	LC-1F	LC1F	LUSC	Lung	Non-Small Cell Lung Cancer	Lung Squamous Cell Carcinoma	LUSC		CVCL_1372	69.0	Adult	Male	asian	Primary	lung	RIKEN		RCB0439	Cell Line											Mixed	MF-001-001	RPMI + 10% FBS	False						LC1F_LUNG		False	Approved for public sharing - CCLE			SIDM00298			False	False	Lung	-1.1151032153641445
ACH-000706	-0.09746168879346774	-0.17492632234637215	0.3797505616702202	0.03694029239879257	0.07968067806073005	0.09746168879346774	PT-srkn4o	EKVX	EKVX	LUAD	Lung	Non-Small Cell Lung Cancer	Lung Adenocarcinoma	LUAD		CVCL_1195		Unknown	Male		Primary	lung	Academic lab			Cell Line											Adherent	MF-001-001	RPMI + 10% FBS	False						EKVX_LUNG		False	Approved for public sharing - CCLE		322.0	SIDM00119	905970.0		False	False	Lung	0.2234625493268365
ACH-000707	-0.28222987360985013	-0.3304188554714368	-0.30687626941711554	-0.41883950192483965	-0.7745105857074394	0.28222987360985013	PT-kbk41J	P3HR-1	P3HR1	BL	Lymphoid	Mature B-Cell Neoplasms	Burkitt Lymphoma	BL	MYC, NRAS, and TP53 mutations	CVCL_2676	7.0	Pediatric	Male	black_or_african_american	Primary	ascites	ATCC		HTB-62	Cell Line				Unknown							Suspension	MF-001-020	RPMI + 20% FBS	False						P3HR1_HAEMATOPOIETIC_AND_LYMPHOID_TISSUE		True	Approved for public sharing - CCLE			SIDM01254			False	False	Lymphoid	0.6471035730428982
ACH-000708	-0.3132359647219491	-0.10835286215398052	-0.31528367926702017	-0.553523032637971	0.09813199562505166	0.3132359647219491	PT-dNJJRP	SNU-283	SNU283	READ	Bowel	Colorectal Adenocarcinoma	Rectal Adenocarcinoma	READ		CVCL_5044	62.0	Adult	Female	asian	Metastatic	abdomen	KCLB			Cell Line											Adherent									SNU283_LARGE_INTESTINE		False	Approved for public sharing - CCLE		2189.0	SIDM00215	1659929.0		False	False	Bowel	0.7181950988551842
ACH-000709	-0.2806776960209743	-0.3640358371918078	-0.15736455798310656	-0.10355973721739237	-0.3071261074749284	0.2806776960209743	PT-TF1Jzt	KMRC-2	KMRC2	CCRCC	Kidney	Renal Cell Carcinoma	Renal Clear Cell Carcinoma	CCRCC		CVCL_2984		Adult	Male	asian	Primary	kidney	HSRRB			Cell Line											Adherent	MF-004-001	F12 + 10% FBS	False						KMRC2_KIDNEY		False	Approved for public sharing - CCLE						False	False	Kidney	0.6435447022156833
ACH-000710	-0.04759832900019803	0.29450169280058247	-0.318729140226264	-0.6769019934675424	0.041873920507242667	0.04759832900019803	PT-brxGNT	NCI-H854	NCIH854	COAD	Bowel	Colorectal Adenocarcinoma	Colon Adenocarcinoma	COAD		CVCL_A584	75.0	Adult	Male		Primary	lung	KCLB			Cell Line											Suspension	MF-001-001	RPMI + 10% FBS	False					This line was initially thought to be a lung cancer, but other publications have indicated it as originating from colon in PubMed=8806092 and in ATCC. Use with caution. 	NCIH854_LUNG		False	Approved for public sharing - CCLE						False	False	Bowel	0.10913461559876689
ACH-000711	-0.23581138345503724	-0.22186068527560973	-0.40217872640832303	-0.425638374187328	0.9585210949798117	0.23581138345503724	PT-K0vetf	JIMT-1	JIMT1	IDC	Breast	Invasive Breast Carcinoma	Breast Invasive Ductal Carcinoma	IDC		CVCL_2077	62.0	Adult	Female		Metastatic	pleural_effusion	DSMZ			Cell Line											Adherent	MF-002-001	DMEM + 10% FBS	False						JIMT1_BREAST		False	Approved for public sharing - CCLE	basal_A HER2+	479.0	SIDM01037	1298157.0		False	False	Breast	0.5406741208724329
ACH-000712	-0.34440627947507196	-0.3599949523122511	0.04219834350453475	0.720073113890701	0.41228006588855337	0.34440627947507196	PT-0H6Zc0	HCC-1833	HCC1833	LUAD	Lung	Non-Small Cell Lung Cancer	Lung Adenocarcinoma	LUAD		CVCL_5129	69.0	Adult	Female	caucasian	Primary	lung	KCLB			Cell Line											Adherent	MF-001-005	RPMI + 10% FBS + 2mM Glutamine + 25mM HEPES + 25mM Sodium bicarbonate	False						HCC1833_LUNG		False	Approved for public sharing - CCLE						False	False	Lung	0.789663160657532
ACH-000713	-0.20911823476933009	-0.22858739820683172	0.3165064359338291	0.9440320139663678	-0.02027910965971783	0.20911823476933009	PT-FQOeFS	Caov-3	CAOV3	HGSOC	Ovary/Fallopian Tube	Ovarian Epithelial Tumor	High-Grade Serous Ovarian Cancer	HGSOC		CVCL_0201	54.0	Adult	Female	caucasian	Primary	ovary	ATCC		HTB-75	Cell Line											Adherent	MF-002-001	DMEM + 10% FBS	False						CAOV3_OVARY		False	Approved for public sharing - CCLE		320.0	SIDM00919	906825.0		False	False	Ovary/Fallopian Tube	0.47947141518662495
ACH-000714	0.33690420150851547	0.24397364169254618	0.24827317349662062	-0.051392079594426265	0.6586059627459034	-0.33690420150851547	PT-KR5FTA	KMS-11	KMS11	PCM	Lymphoid	Mature B-Cell Neoplasms	Plasma Cell Myeloma	PCM		CVCL_2989	67.0	Adult	Female	asian	Primary	pleural_effusion	HSRRB		JCRB1179	Cell Line											Suspension	MF-001-001	RPMI + 10% FBS	False						KMS11_HAEMATOPOIETIC_AND_LYMPHOID_TISSUE		False	Approved for public sharing - CCLE		1308.0	SIDM00608	1659817.0		False	False	Lymphoid	-0.7724622123833034
ACH-000715	1.1911590348858179	1.1830966415378839	0.41079089380808653	1.133724281101071	0.6039839545031348	-1.1911590348858179	PT-JkXmPN	SNU-1214	SNU1214	LXSC	Head and Neck	Head and Neck Squamous Cell Carcinoma	Larynx Squamous Cell Carcinoma	LXSC		CVCL_5017	55.0	Adult	Male	asian		upper_aerodigestive_tract	KCLB		1214	Cell Line											Adherent	MF-001-001	RPMI + 10% FBS	False						SNU1214_UPPER_AERODIGESTIVE_TRACT		False	Approved for public sharing - CCLE			SIDM00167			False	False	Head and Neck	-2.731118636301728
ACH-000716	-0.3752630149311554	-0.3010259993507189	0.14654551752428333	1.1388131707098137	0.41004822004934194	0.3752630149311554	PT-EhboSJ	TT2609-C02	TT2609C02	THFO	Thyroid	Well-Differentiated Thyroid Cancer	Follicular Thyroid Cancer	THFO		CVCL_2218	57.0	Adult	Male	caucasian	Primary	thyroid	DSMZ		ACC 510	Cell Line											Adherent	MF-001-020	RPMI + 20% FBS	False						TT2609C02_THYROID		False	Approved for public sharing - CCLE		1457.0	SIDM00418	1240223.0		True	True	Thyroid	0.8604122401602703
ACH-000717	0.8949139341676949	0.8487535229952259	0.5562416335119119	0.3039841023614982	0.6851302274509568	-0.8949139341676949	PT-es34jp	COLO-680N	COLO680N	ESCC	Esophagus/Stomach	Esophageal Squamous Cell Carcinoma	Esophageal Squamous Cell Carcinoma	ESCC		CVCL_1131	57.0	Adult	Female	black_or_african_american	Primary	oesophagus	DSMZ		ACC 182	Cell Line											Adherent									COLO680N_OESOPHAGUS		False	Approved for public sharing - CCLE		1469.0	SIDM00956	906817.0		False	False	Esophagus/Stomach	-2.0518806069634334
ACH-000718	-0.014010182742945647	-0.06317757250582609	0.63524844881886	1.4723300253097376	0.5936698285096884	0.014010182742945647	PT-8wDCNH	NCI-H2291	NCIH2291	LUAD	Lung	Non-Small Cell Lung Cancer	Lung Adenocarcinoma	LUAD		CVCL_1546		Unknown	Male		Metastatic	lymph_node	ATCC		CRL-5939	Cell Line											Adherent	MF-001-001	RPMI + 10% FBS	False						NCIH2291_LUNG		False	Approved for public sharing - CCLE		917.0	SIDM00728	724874.0		False	False	Lung	0.03212289045091249
ACH-000719	-0.21576636596208282	-0.25548450774382375	0.34920450050437074	1.025018690789154	-0.3518811876933645	0.21576636596208282	PT-bnZfQQ	RMG-I	RMGI	CCOV	Ovary/Fallopian Tube	Ovarian Epithelial Tumor	Clear Cell Ovarian Cancer	CCOV		CVCL_1662	34.0	Adult	Female		Metastatic	ascites	HSRRB		IFO50315	Cell Line											Adherent	MF-001-001	RPMI + 10% FBS	False						RMGI_OVARY		False	Approved for public sharing - CCLE		1162.0	SIDM00352	909699.0		False	False	Ovary/Fallopian Tube	0.4947144133634774
ACH-000720	0.11979820187150365	0.14538974224150322	0.20678389892677596	-0.6947160086576749	0.6875013897688077	-0.11979820187150365	PT-ACqBkd	TCCSUP	TCCSUP	BLCA	Bladder/Urinary Tract	Bladder Urothelial Carcinoma	Bladder Urothelial Carcinoma	BLCA		CVCL_1738	67.0	Adult	Female		Primary	urinary_tract	ATCC		HTB-5	Cell Line											Adherent	MF-006-007	MEM + 10% FBS + 1mM Sodium pyruvate + 1mM NEAA	False						TCCSUP_URINARY_TRACT		False	Approved for public sharing - CCLE		275.0	SIDM01190	687459.0		False	False	Bladder/Urinary Tract	-0.274676254088996
ACH-000721	-0.3075358846951721	-0.3732153872886313	-0.2053969640578479	0.07224242699468181	0.9376908409842656	0.3075358846951721	PT-tXW4rS	HMC-1-8	HMC18	IDC	Breast	Invasive Breast Carcinoma	Breast Invasive Ductal Carcinoma	IDC		CVCL_2949	35.0	Adult	Female	asian	Metastatic	pleural_effusion	HSRRB			Cell Line											Adherent	MF-001-001	RPMI + 10% FBS	False						HMC18_BREAST		False	Approved for public sharing - CCLE	basal_B TNBC					False	False	Breast	0.7051258156330373
ACH-000722	-0.32394439353725724	0.04107309122513371	-0.43098524526684656	-0.748656119589387	-0.08488189635427039	0.32394439353725724	PT-04KbrE	SNU-C1	SNUC1	COAD	Bowel	Colorectal Adenocarcinoma	Colon Adenocarcinoma	COAD		CVCL_1708	71.0	Adult	Male	asian	Metastatic	abdomen	ATCC			Cell Line											Mixed	MF-001-001	RPMI + 10% FBS	False						SNUC1_LARGE_INTESTINE		False	Approved for public sharing - CCLE		1066.0	SIDM01197	910905.0		False	False	Bowel	0.7427476469587226
ACH-000723	0.2227377514902759	0.32561444385673066	-0.06617478569403017	-0.02635153742151508	0.002496144906383248	-0.2227377514902759	PT-eFL4J2	YD-10B	YD10B	OCSC	Head and Neck	Head and Neck Squamous Cell Carcinoma	Oral Cavity Squamous Cell Carcinoma	OCSC		CVCL_8929	67.0	Adult	Male	asian		upper_aerodigestive_tract	KCLB		60503	Cell Line											Adherent									YD10B_UPPER_AERODIGESTIVE_TRACT		False	Approved for public sharing - CCLE						False	False	Head and Neck	-0.5106985770051671
ACH-000724	-0.03649667640110222	-0.07079771561111654	-0.3428036230630819	-0.689251570807603	0.09275294471827264	0.03649667640110222	PT-B0Dqk6	HT-1376	HT1376	BLCA	Bladder/Urinary Tract	Bladder Urothelial Carcinoma	Bladder Urothelial Carcinoma	BLCA		CVCL_1292	58.0	Adult	Female	caucasian	Primary	urinary_tract	ATCC		CRL-1472	Cell Line											Adherent	MF-006-001	MEM + 10% FBS	False						HT1376_URINARY_TRACT		False	Approved for public sharing - CCLE		1211.0	SIDM00678	907066.0		False	False	Bladder/Urinary Tract	0.08368047436392792
ACH-000725	0.7755228059021153	-0.04965184855199688	0.6221357326372254	-0.6621509489468407	0.188423503052017	-0.7755228059021153	PT-gUhFHU	HCC202	HCC202	DCIS	Breast	Breast Ductal Carcinoma In Situ	Breast Ductal Carcinoma In Situ	DCIS		CVCL_2062	82.0	Adult	Female	caucasian	Primary	breast	ATCC			Cell Line											Adherent	MF-001-001	RPMI + 10% FBS	False						HCC202_BREAST		False	Approved for public sharing - CCLE	HER2+	1552.0	SIDM00870	1290906.0		False	False	Breast	-1.7781377012174586
ACH-000726	0.8893890813514717	0.8253287873359891	0.16983137315265362	0.8636980324361935	0.5688461928455382	-0.8893890813514717	PT-t6LEYh	TE-14	TE14	ESCC	Esophagus/Stomach	Esophageal Squamous Cell Carcinoma	Esophageal Squamous Cell Carcinoma	ESCC		CVCL_3336	57.0	Adult	Male			oesophagus	RIKEN		RCB2101	Cell Line											Adherent									TE14_OESOPHAGUS		False	Approved for public sharing - CCLE						False	False	Esophagus/Stomach	-2.039213088985317
ACH-000728	-0.004804701754363391	-0.0659283078216551	-0.09481745039463949	0.2183275432712643	-0.5507528085308027	0.004804701754363391	PT-pKQIGg	KASUMI-2	KASUMI2	BALL	Lymphoid	B-Cell Acute Lymphoblastic Leukemia	B-Cell Acute Lymphoblastic Leukemia		TCF3::PBX1, HRAS Gly13Ser, KRAS Val14Leu, TP53, Glu11Gln	CVCL_0590	15.0	Pediatric	Male			bone_marrow	DSMZ		ACC 526	Cell Line											Adherent	MF-001-001	RPMI + 10% FBS	False						KASUMI2_HAEMATOPOIETIC_AND_LYMPHOID_TISSUE		True	Approved for public sharing - CCLE	TCF3::PBX1					False	False	Lymphoid	0.011016337969070093
ACH-000729	-0.24814981510645912	-0.3221410843952656	0.33678293418595195	1.1551704161223753	-0.20825354548100877	0.24814981510645912	PT-LzHDTV	NCI-H1963	NCIH1963	SCLC	Lung	Lung Neuroendocrine Tumor	Small Cell Lung Cancer	SCLC		CVCL_1510	56.0	Adult	Male	black_or_african_american	Primary	lung	ATCC		CRL-5982	Cell Line											Suspension	MF-001-020	RPMI + 20% FBS	False						NCIH1963_LUNG		False	Approved for public sharing - CCLE		1570.0	SIDM00760	688010.0		False	False	Lung	0.5689639794379296
ACH-000730	-0.26271031931235583	0.2029059326851793	-0.317179281435909	-0.5039038953219125	-0.09629844893108266	0.26271031931235583	PT-2vBUWf	SK-MEL-5	SKMEL5	SKCM	Skin	Melanoma	Cutaneous Melanoma	SKCM		CVCL_0527	24.0	Adult	Female	caucasian	Metastatic	lymph_node	ATCC		HTB-70	Cell Line											Adherent	MF-006-001	MEM + 10% FBS	False						SKMEL5_SKIN		False	Approved for public sharing - CCLE		1491.0	SIDM00080	905956.0		False	False	Skin	0.6023486604301584
ACH-000731	-0.06244573062471369	-0.10664572440220049	0.3027591550483951	0.9228499291414073	0.8314497230908611	0.06244573062471369	PT-GWlgbv	HCC-2279	HCC2279	LUAS	Lung	Non-Small Cell Lung Cancer	Lung Adenosquamous Carcinoma	LUAS		CVCL_5131	52.0	Adult	Female	asian	Primary	lung	KCLB			Cell Line											Adherent									HCC2279_LUNG		False	Approved for public sharing - CCLE						False	False	Lung	0.14317710202565975
ACH-000732	0.12609121233876566	0.12487780006106669	-0.23541346459648857	-0.38943643460375676	0.1652691272363245	-0.12609121233876566	PT-mK3rFG	PE/CA-PJ41 (clone D2)	PECAPJ41CLONED2	OCSC	Head and Neck	Head and Neck Squamous Cell Carcinoma	Oral Cavity Squamous Cell Carcinoma	OCSC		CVCL_2680	67.0	Adult	Female		Primary	upper_aerodigestive_tract	ECACC		98020207	Cell Line											Adherent	MF-005-002	IMDM + 10% FBS + 2mM Glutamine	False						PECAPJ41CLONED2_UPPER_AERODIGESTIVE_TRACT		False	Approved for public sharing - CCLE						False	False	Head and Neck	-0.2891050227607029
ACH-000733	-0.3032442733824243	-0.29228022417130706	0.30732562897749294	1.012116658958843	0.776160659258543	0.3032442733824243	PT-eGglPA	NCI-H1838	NCIH1838	LUAD	Lung	Non-Small Cell Lung Cancer	Lung Adenocarcinoma	LUAD		CVCL_1499		Unknown	Female		Primary	lung	ATCC		CRL-5899	Cell Line											Adherent									NCIH1838_LUNG		False	Approved for public sharing - CCLE		1690.0	SIDM00769	687807.0		False	False	Lung	0.6952859040068519
ACH-000734	0.12390232092440712	0.002035874865975361	-0.04097686017778265	-0.044485965674960326	-0.22927385574467712	-0.12390232092440712	PT-s6JoAb	JHH-5	JHH5	HCC	Liver	Hepatocellular Carcinoma	Hepatocellular Carcinoma	HCC		CVCL_0364	50.0	Adult	Male	asian	Primary	liver	HSRRB		JCRB1029	Cell Line											Adherent	MF-022-001	William's E medium + 10% FBS	False						JHH5_LIVER		False	Approved for public sharing - CCLE						False	False	Liver	-0.28408627886546095
ACH-000735	0.24801889148244843	0.26263299891641245	0.2600594723720145	0.4836470191827243	0.7520256359409793	-0.24801889148244843	PT-M3R2ei	PE/CA-PJ49	PECAPJ49	OCSC	Head and Neck	Head and Neck Squamous Cell Carcinoma	Oral Cavity Squamous Cell Carcinoma	OCSC		CVCL_2681	57.0	Adult	Male	caucasian	Primary	upper_aerodigestive_tract	ECACC		60606	Cell Line											Adherent	MF-005-002	IMDM + 10% FBS + 2mM Glutamine	False						PECAPJ49_UPPER_AERODIGESTIVE_TRACT		False	Approved for public sharing - CCLE					ACH-001315	False	False	Head and Neck	-0.5686637945432215
ACH-000736	-0.2967456602474423	-0.0591040727707631	-0.24566760818598046	-0.1048775840947395	0.4696875669515019	0.2967456602474423	PT-2GXHBV	SNU-601	SNU601	SSRCC	Esophagus/Stomach	Esophagogastric Adenocarcinoma	Signet Ring Cell Carcinoma of the Stomach	SSRCC		CVCL_0101	34.0	Adult	Male	asian	Metastatic	ascites	KCLB		601	Cell Line											Adherent	MF-001-001	RPMI + 10% FBS	False						SNU601_STOMACH		False	Approved for public sharing - CCLE						False	False	Esophagus/Stomach	0.6803857244982727
ACH-000737	0.3820530414488843	-0.01636290673957932	0.5497128928172812	1.0317106200618318	0.5910479285130047	-0.3820530414488843	PT-VZM6YM	NCI-H1385	NCIH1385	LUSC	Lung	Non-Small Cell Lung Cancer	Lung Squamous Cell Carcinoma	LUSC		CVCL_1466	49.0	Adult	Female		Metastatic	lymph_node	ATCC		CRL-5867	Cell Line											Suspension									NCIH1385_LUNG		False	Approved for public sharing - CCLE						False	False	Lung	-0.8759805794167743
ACH-000738	-0.19592900729881152	-0.17030336364047613	0.3265310807698701	-0.0781841891499594	0.7167825265129547	0.19592900729881152	PT-8oCN4x	GB-1	GB1	GB	CNS/Brain	Adult-Type Diffuse Glioma	Glioblastoma, IDH-Wildtype	GB		CVCL_1227	35.0	Adult	Male		Primary	central_nervous_system	HSRRB		IFO50489	Cell Line											Adherent	MF-006-001	MEM + 10% FBS	False						GB1_CENTRAL_NERVOUS_SYSTEM		False	Approved for public sharing - CCLE		2095.0	SIDM00581	687568.0		False	False	CNS/Brain	0.44923083110994966
ACH-000739	0.5985047243610156	-0.3443174306143374	0.463620985563571	0.24094650969545323	-0.6924630676236607	-0.5985047243610156	PT-qL6HtY	Hep G2	HEPG2	LIHB	Liver	Hepatoblastoma	Hepatoblastoma	LIHB		CVCL_0027	15.0	Pediatric	Male	caucasian	Primary	liver	ATCC		HB-8065	Cell Line											Adherent	MF-006-001	MEM + 10% FBS	False						HEPG2_LIVER		True	Approved for public sharing - CCLE			SIDM00904			False	False	Liver	-1.3722663042837826
ACH-000740	0.4892876870780803	0.4623501951444212	0.6237427146426461	0.7137990499408403	0.5634910955507119	-0.4892876870780803	PT-T4PL7e	A-253	A253	OCSC	Head and Neck	Head and Neck Squamous Cell Carcinoma	Oral Cavity Squamous Cell Carcinoma	OCSC		CVCL_1060	54.0	Adult	Male	caucasian	Primary	upper_aerodigestive_tract	ATCC		HTB-41	Cell Line											Adherent	MF-023-001	McCoy's 5A + 10% FBS	False						A253_SALIVARY_GLAND		False	Approved for public sharing - CCLE		2089.0	SIDM00796	906794.0		False	False	Head and Neck	-1.1218508037593893
ACH-000741	-0.2797417557988778	-0.31431948313739116	-0.21701239695668065	-0.05360457900657856	-0.04611283118466808	0.2797417557988778	PT-iooYtf	U-BLC1	UBLC1	BLCA	Bladder/Urinary Tract	Bladder Urothelial Carcinoma	Bladder Urothelial Carcinoma	BLCA		CVCL_2738	84.0	Adult	Female		Primary	urinary_tract	ECACC		6013102	Cell Line											Adherent	MF-010-001	DMEM:RPMI (1:3) + 10% FBS + 2mM Glutamine	False						UBLC1_URINARY_TRACT		False	Approved for public sharing - CCLE						False	False	Bladder/Urinary Tract	0.6413987555300023
ACH-000742	-0.3730595481002095	-0.29965874585402513	-0.10974316877136274	0.18569320324335128	0.556714296141891	0.3730595481002095	PT-i0Kb8s	DM-3	DM3	ZFIBLUN	Fibroblast	Non-Cancerous	Fibroblast, Lung			CVCL_2019	62.0	Adult	Male			fibroblast	DSMZ			Cell Line											Adherent									DM3_FIBROBLAST		False	Approved for public sharing - CCLE			SIDM01505			False	False	Fibroblast	0.8553600773925625
ACH-000743	-0.19431159367388282	-0.20882915071959007	0.22929339053837217	0.8845743027593583	0.8987583556098292	0.19431159367388282	PT-WpdjRA	COR-L95	CORL95	SCLC	Lung	Lung Neuroendocrine Tumor	Small Cell Lung Cancer	SCLC		CVCL_2418	64.0	Adult	Male		Primary	lung	ECACC			Cell Line											Suspension	MF-001-001	RPMI + 10% FBS	False						CORL95_LUNG		False	Approved for public sharing - CCLE		1769.0	SIDM00521	1297439.0		False	False	Lung	0.4455223855000194
ACH-000744	0.5099112859450768	0.5015181461483531	0.8135002536714289	0.8231927734159481	-0.11008011698783084	-0.5099112859450768	PT-9tlxuS	NCI-H1623	NCIH1623	LUAD	Lung	Non-Small Cell Lung Cancer	Lung Adenocarcinoma	LUAD		CVCL_1481	58.0	Adult	Male	caucasian	Metastatic	lymph_node	ATCC		CRL-5881	Cell Line											Adherent	MF-001-001	RPMI + 10% FBS	False						NCIH1623_LUNG		False	Approved for public sharing - CCLE		1238.0	SIDM00747	687798.0		False	False	Lung	-1.169137096826599
ACH-000745	2.359169112280088	2.3261107804343877	2.1375640906309186	-0.5527163235078331	-0.10797023744538661	-2.359169112280088	PT-A75zAQ	MOLP-8	MOLP8	PCM	Lymphoid	Mature B-Cell Neoplasms	Plasma Cell Myeloma	PCM		CVCL_2124	52.0	Adult	Male	asian	Primary	haematopoietic_and_lymphoid_tissue	DSMZ			Cell Line											Suspension									MOLP8_HAEMATOPOIETIC_AND_LYMPHOID_TISSUE		False	Approved for public sharing - CCLE		924.0	SIDM00434	1330950.0		False	False	Lymphoid	-5.409160775373023
ACH-000746	-0.2676378551809202	-0.2991980591444188	-0.40815908120113553	-0.15642278485200262	0.07565936399603708	0.2676378551809202	PT-dpLnUY	GSS	GSS	STAD	Esophagus/Stomach	Esophagogastric Adenocarcinoma	Stomach Adenocarcinoma	STAD		CVCL_8876	75.0	Adult	Male		Metastatic	liver	RIKEN		RCB2277	Cell Line											Suspension	MF-001-001	RPMI + 10% FBS	False						GSS_STOMACH		False	Approved for public sharing - CCLE						False	False	Esophagus/Stomach	0.6136466354675315
ACH-000747	-0.00026987126353666957	-0.1347591960549357	-0.1446726365325895	0.2880621443081306	0.8477817865198652	0.00026987126353666957	PT-CmsNht	NCI-H1703	NCIH1703	LUSC	Lung	Non-Small Cell Lung Cancer	Lung Squamous Cell Carcinoma	LUSC		CVCL_1490	54.0	Adult	Male	caucasian	Primary	lung	ATCC		CRL-5889	Cell Line											Adherent	MF-001-001	RPMI + 10% FBS	False						NCIH1703_LUNG		False	Approved for public sharing - CCLE		1239.0	SIDM00740	908474.0		False	False	Lung	0.000618767448897369
ACH-000748	-0.023846038983808215	-0.2881328694238582	0.11506395624094784	0.20863939913326274	0.4424859293258611	0.023846038983808215	PT-OexHxF	SJSA-1	SJSA1	OS	Bone	Osteosarcoma	Osteosarcoma	OS		CVCL_1697	19.0	Adult	Male	black_or_african_american	Primary	bone	ATCC		CRL-2098	Cell Line											Adherent	MF-001-001	RPMI + 10% FBS	False						SJSA1_BONE		True	Approved for public sharing - CCLE		1180.0	SIDM01112	909717.0		False	False	Bone	0.05467478276475406
ACH-000749	0.12263412512325247	0.35733216759266123	0.07809130093698032	-0.001290733474417105	0.06776779464584463	-0.12263412512325247	PT-d1NyBL	DMS 273	DMS273	SCLC	Lung	Lung Neuroendocrine Tumor	Small Cell Lung Cancer	SCLC		CVCL_1176	50.0	Adult	Female		Metastatic	pleural_effusion	ECACC		95062830	Cell Line											Adherent	MF-020-001	Waymouth's MB 752_1 + 10% FBS	False						DMS273_LUNG		False	Approved for public sharing - CCLE		1862.0	SIDM00522	687985.0		False	False	Lung	-0.2811785284429113
ACH-000750	-0.31668608570623014	-0.32311274413431584	-0.4693354221126774	-0.8037181458955842	0.5826216609736898	0.31668608570623014	PT-jI6Xhs	LOX IMVI	LOXIMVI	MEL	Skin	Melanoma	Melanoma	MEL		CVCL_1381	58.0	Adult	Male		Metastatic	lymph_node	NCI/DCTD			Cell Line											Adherent	MF-001-001	RPMI + 10% FBS	False						LOXIMVI_SKIN		False	Approved for public sharing - CCLE		401.0	SIDM00149	905974.0		False	False	Skin	0.7261056208272304
ACH-000751	-0.20448694737503043	-0.2555591472860341	-0.440691448879017	-0.0964326496420489	-0.007044759687073917	0.20448694737503043	PT-0HjWKA	OCI-M1	OCIM1	AML	Myeloid	Acute Myeloid Leukemia	Acute Myeloid Leukemia	AML	TP53 Leu145Arg and 673-2A>T	CVCL_2149	62.0	Adult	Unknown		Primary	haematopoietic_and_lymphoid_tissue	DSMZ		ACC 529	Cell Line											Suspension	MF-005-001	IMDM + 10% FBS	False						OCIM1_HAEMATOPOIETIC_AND_LYMPHOID_TISSUE		True	Approved for public sharing - CCLE		1679.0	SIDM00458	1330985.0		False	False	Myeloid	0.4688526859135405
ACH-000752	0.002727541650939455	-0.09890603517459631	0.2039557050541227	0.24720089641700532	-0.03195807034437551	-0.002727541650939455	PT-8aORoW	NCI-H196	NCIH196	SMARCA4-UT	Lung	SMARCA4-deficient undifferentiated tumor	SMARCA4-deficient undifferentiated tumor			CVCL_1509	68.0	Adult	Male	caucasian	Metastatic	pleural_effusion	ATCC		CRL-5823	Cell Line											Adherent	MF-001-001	RPMI + 10% FBS	False						NCIH196_LUNG		False	Approved for public sharing - CCLE		1250.0	SIDM00761	1240186.0		False	False	Lung	-0.0062537743626181206
ACH-000753	-0.26297426056413625	-0.3220915682806346	0.38859501434858934	0.27328238134156235	1.4135615550945115	0.26297426056413625	PT-Jv3gwf	JMSU-1	JMSU1	BLCA	Bladder/Urinary Tract	Bladder Urothelial Carcinoma	Bladder Urothelial Carcinoma	BLCA		CVCL_2081	75.0	Adult	Male		Metastatic	ascites	DSMZ		505	Cell Line											Adherent	MF-001-003	RPMI + 10% FBS + 2mM Glutamine	False						JMSU1_URINARY_TRACT		False	Approved for public sharing - CCLE						False	False	Bladder/Urinary Tract	0.6029538314027275
ACH-000754	0.015131042795688304	0.05185124470280129	-0.2173717504854839	-0.3704289568188738	-0.027508599642160902	-0.015131042795688304	PT-Pi0OS5	L-428	L428	HL	Lymphoid	Hodgkin Lymphoma	Hodgkin Lymphoma	HL		CVCL_1361	37.0	Adult	Female			pleural_effusion	DSMZ			Cell Line											Suspension	MF-001-001	RPMI + 10% FBS	False						L428_HAEMATOPOIETIC_AND_LYMPHOID_TISSUE		False	Approved for public sharing - CCLE		1804.0	SIDM00327	907322.0		False	False	Lymphoid	-0.034692825857585485
ACH-000755	0.19859494346344397	0.06029507509842672	0.1833062610349231	-0.7211319280264644	-0.19056582128528324	-0.19859494346344397	PT-DxHqyx	HCC2218	HCC2218	DCIS	Breast	Breast Ductal Carcinoma In Situ	Breast Ductal Carcinoma In Situ	DCIS		CVCL_1263	38.0	Adult	Female	caucasian	Primary	breast	ATCC			Cell Line											Suspension	MF-001-001	RPMI + 10% FBS	False						HCC2218_BREAST		False	Approved for public sharing - CCLE	HER2+	352.0	SIDM00772	749716.0		False	False	Breast	-0.4553433549033122
ACH-000756	-0.21326149480248688	-0.27600223761509396	-0.2887141594971425	-0.5927497428027191	0.425198691990443	0.21326149480248688	PT-cJo3y3	GI-1	GI1	GSARC	CNS/Brain	Diffuse Glioma	Gliosarcoma	GSARC		CVCL_1231	61.0	Adult	Male	asian	Primary	central_nervous_system	RIKEN		RCB0763	Cell Line											Adherent	MF-002-001	DMEM + 10% FBS	False						GI1_CENTRAL_NERVOUS_SYSTEM		False	Approved for public sharing - CCLE		245.0	SIDM00273	906871.0		False	False	CNS/Brain	0.488971183362151
ACH-000757	-0.3387479578965331	0.22193020937736266	-0.44225173107214244	-0.37695004601783505	-0.017611263098843335	0.3387479578965331	PT-kI5CjI	A427	A427	LUAD	Lung	Non-Small Cell Lung Cancer	Lung Adenocarcinoma	LUAD		CVCL_1055	52.0	Adult	Male		Primary	lung	Academic lab			Cell Line											Adherent	MF-002-001	DMEM + 10% FBS	False						A427_LUNG		False	Approved for public sharing - CCLE		1839.0	SIDM00810	910851.0		False	False	Lung	0.7766896222292087
ACH-000758	0.0945638625279983	-0.0004410491174620876	-0.025003585537436854	-0.3814383949878557	0.4687036802382903	-0.0945638625279983	PT-T2KFTw	MKN74	MKN74	TSTAD	Esophagus/Stomach	Esophagogastric Adenocarcinoma	Tubular Stomach Adenocarcinoma	TSTAD		CVCL_2791	37.0	Adult	Male	asian	Metastatic	liver	HSRRB		JCRB0255	Cell Line											Adherent	MF-001-001	RPMI + 10% FBS	False						MKN74_STOMACH		False	Approved for public sharing - CCLE			SIDM00248			False	False	Esophagus/Stomach	-0.2168183422255178
ACH-000759	-0.0008043576658661863	0.6846320932484373	0.04540773757300455	-0.7481643682035525	-0.061491412122088696	0.0008043576658661863	PT-maODOx	MDA-MB-175-VII	MDAMB175VII	IDC	Breast	Invasive Breast Carcinoma	Breast Invasive Ductal Carcinoma	IDC		CVCL_1400	56.0	Adult	Female	black_or_african_american	Metastatic	pleural_effusion	ATCC			Cell Line											Adherent	MF-001-001	RPMI + 10% FBS	False						MDAMB175VII_BREAST		False	Approved for public sharing - CCLE	ER+, PR+, HER2+	50.0	SIDM00633	908120.0		False	False	Breast	0.0018442509750261323
ACH-000760	0.34786195540512327	0.32162051780194245	0.7441140774809856	-0.2551802746027042	0.301576172711192	-0.34786195540512327	PT-zboiLS	LNZ308	LNZ308	GB	CNS/Brain	Adult-Type Diffuse Glioma	Glioblastoma, IDH-Wildtype	GB		CVCL_0394	60.0	Adult	Male		Primary	central_nervous_system	Academic lab	Linda Chin		Cell Line											Adherent	MF-002-001	DMEM + 10% FBS	False						LNZ308_CENTRAL_NERVOUS_SYSTEM		False	Approved for public sharing - CCLE			SIDM00682			False	False	CNS/Brain	-0.7975864191454191
ACH-000761	0.34288894164552913	0.3353543689082947	0.07005301767210013	-0.4266572048071447	0.3975728320720588	-0.34288894164552913	PT-TR7wlO	NUGC-2	NUGC2	STAD	Esophagus/Stomach	Esophagogastric Adenocarcinoma	Stomach Adenocarcinoma	STAD		CVCL_1611	56.0	Adult	Female		Metastatic	lymph_node	HSRRB			Cell Line											Adherent	MF-001-001	RPMI + 10% FBS	False						NUGC2_STOMACH		False	Approved for public sharing - CCLE						False	False	Esophagus/Stomach	-0.7861841712846082
ACH-000762	-0.15634319124152093	-0.013486546510340515	-0.11097188672895997	-0.24878911926283004	0.5545584791624433	0.15634319124152093	PT-M2rHki	YD-38	YD38	HNSC	Head and Neck	Head and Neck Squamous Cell Carcinoma	Head and Neck Squamous Cell Carcinoma	HNSC		CVCL_L083	67.0	Adult	Male	asian		upper_aerodigestive_tract	KCLB		60508	Cell Line											Adherent	MF-001-001	RPMI + 10% FBS	False						YD38_UPPER_AERODIGESTIVE_TRACT		False	Approved for public sharing - CCLE						False	False	Head and Neck	0.35846750161243884
ACH-000763	-0.16277821066044845	-0.1976494157648134	-0.23009257289923857	-0.5822326678430519	-0.3277538741087729	0.16277821066044845	PT-wvxTew	MM1-S	MM1S	PCM	Lymphoid	Mature B-Cell Neoplasms	Plasma Cell Myeloma	PCM		CVCL_8792	45.0	Adult	Female		Primary	haematopoietic_and_lymphoid_tissue	Academic lab			Cell Line											Mixed	MF-001-001	RPMI + 10% FBS	False						MM1S_HAEMATOPOIETIC_AND_LYMPHOID_TISSUE		False	Approved for public sharing - CCLE		995.0	SIDM01265	1659818.0		False	False	Lymphoid	0.37322187188985617
ACH-000764	0.14955865703773902	0.20366112515323534	0.46474357327846394	0.0783871225739613	0.6563249691765007	-0.14955865703773902	PT-dxw7SI	SH-10-TC	SH10TC	MSTAD	Esophagus/Stomach	Esophagogastric Adenocarcinoma	Mucinous Stomach Adenocarcinoma	MSTAD		CVCL_5167		Unknown	Unknown		Primary	stomach	RIKEN		RCB1940	Cell Line											Adherent	MF-001-001	RPMI + 10% FBS	False						SH10TC_STOMACH		False	Approved for public sharing - CCLE						False	False	Esophagus/Stomach	-0.3429117552679957
ACH-000765	-0.3561231831881566	-0.36115915917917246	-0.3562530119714773	0.21464747344461713	0.4138264415916808	0.3561231831881566	PT-mH5ckQ	WM983B	WM983B	MEL	Skin	Melanoma	Melanoma	MEL		CVCL_6809	54.0	Adult	Male		Metastatic	lymph_node	Academic lab			Cell Line											Adherent	MF-001-001	RPMI + 10% FBS	False						WM983B_SKIN		False	Approved for public sharing - CCLE						False	False	Skin	0.8165279647293291
ACH-000766	0.4880709862174975	0.4604735287172524	0.17825476344820598	0.7162696986458584	0.42102710060134246	-0.4880709862174975	PT-wZGKqJ	NCI-H1648	NCIH1648	LUAD	Lung	Non-Small Cell Lung Cancer	Lung Adenocarcinoma	LUAD		CVCL_1482	39.0	Adult	Male	black_or_african_american	Metastatic	lymph_node	ATCC		CRL-5882	Cell Line											Adherent	MF-001-001	RPMI + 10% FBS	False						NCIH1648_LUNG		False	Approved for public sharing - CCLE		712.0	SIDM00746	687799.0		False	False	Lung	-1.119061122198975
ACH-000767	-0.21928330615223818	-0.1912320498917712	-0.0864582883185762	0.3023312421426171	-0.5374424665455745	0.21928330615223818	PT-1nXRn7	NCI-H526	NCIH526	SCLC	Lung	Lung Neuroendocrine Tumor	Small Cell Lung Cancer	SCLC		CVCL_1569	55.0	Adult	Male	caucasian	Metastatic	bone_marrow	ATCC			Cell Line											Suspension	MF-001-001	RPMI + 10% FBS	False						NCIH526_LUNG		False	Approved for public sharing - CCLE		1380.0	SIDM01128	688025.0		False	False	Lung	0.5027781400488167
ACH-000768	-0.17730725849925144	-0.1734209261921377	-0.16356456650600804	-0.00019235357379410178	0.6192063469356673	0.17730725849925144	PT-pYG6Rc	MDA-MB-231	MDAMB231	BRCA	Breast	Invasive Breast Carcinoma	Invasive Breast Carcinoma	BRCA		CVCL_0062	51.0	Adult	Female	caucasian	Metastatic	pleural_effusion	ATCC			Cell Line											Adherent	MF-001-001	RPMI + 10% FBS	False						MDAMB231_BREAST		False	Approved for public sharing - CCLE	basal_B TNBC	1013.0	SIDM00146	905960.0		False	False	Breast	0.4065344289524636
ACH-000769	-0.32777725524066537	-0.30083468159866555	-0.24076578101865515	-0.10706508566933454	-0.5300393739351692	0.32777725524066537	PT-U2PG43	LK-2	LK2	LUSC	Lung	Non-Small Cell Lung Cancer	Lung Squamous Cell Carcinoma	LUSC		CVCL_1377	74.0	Adult	Male		Primary	lung	RIKEN		RCB1970	Cell Line											Adherent	MF-002-001	DMEM + 10% FBS	False						LK2_LUNG		False	Approved for public sharing - CCLE		45.0	SIDM00548	687787.0		False	False	Lung	0.7515357262344246
ACH-000770	-0.2673211665014071	-0.21126839822716123	-0.29573659900380905	0.22351614939367515	0.1121290901604832	0.2673211665014071	PT-7N6azV	P31/FUJ	P31FUJ	AML	Myeloid	Acute Myeloid Leukemia	Acute Myeloid Leukemia	AML	KMT2A, NRAS, PTEN, RAD21, and TP53 mutations	CVCL_1632	7.0	Pediatric	Male	asian		haematopoietic_and_lymphoid_tissue	HSRRB			Cell Line											Suspension	MF-001-001	RPMI + 10% FBS	False						P31FUJ_HAEMATOPOIETIC_AND_LYMPHOID_TISSUE		True	Approved for public sharing - CCLE		642.0	SIDM00363	909253.0		False	False	Myeloid	0.6129205238995603
ACH-000771	0.38861070711963536	0.3857421319443557	-0.24641339743623286	-0.3076963243430949	0.2381756428583703	-0.38861070711963536	PT-59aO2P	BICR 56	BICR56	OCSC	Head and Neck	Head and Neck Squamous Cell Carcinoma	Oral Cavity Squamous Cell Carcinoma	OCSC		CVCL_2313		Unknown	Female	caucasian	Primary	upper_aerodigestive_tract	ECACC		6031002	Cell Line											Adherent	MF-002-004	DMEM + 10% FBS + 2mM Glutamine + 0.4ug/ml Hydrocortisone	False						BICR56_UPPER_AERODIGESTIVE_TRACT		False	Approved for public sharing - CCLE						False	False	Head and Neck	-0.8910161560270303
ACH-000772	-0.30664010445574297	-0.29338662760116485	0.11482149107656268	0.059856341501039245	0.6042741048068799	0.30664010445574297	PT-nDp3Xt	TE 441.T	TE441T	CDS	Soft Tissue	CIC-DUX4 Sarcoma	CIC-DUX4 Sarcoma			CVCL_1754	14.0	Pediatric	Female	black_or_african_american		soft_tissue	ATCC		CRL-7767	Cell Line											Adherent	MF-002-001	DMEM + 10% FBS	False						TE441T_SOFT_TISSUE		True	Approved for public sharing - CCLE	CIC::DUX4	298.0	SIDM01173	924248.0		False	False	Soft Tissue	0.7030719487401331
ACH-000773	0.02803344651313186	0.8256374060683946	0.13357989516886185	-0.5362319809851035	0.38386367005346683	-0.02803344651313186	PT-vEVB0H	Ki-JK	KIJK	ALCLALKP	Lymphoid	Mature T and NK Neoplasms	Anaplastic Large-Cell Lymphoma ALK Positive	ALCLALKP	NPM1-ALK	CVCL_2093	15.0	Pediatric	Male			pleural_effusion	HSRRB			Cell Line											Suspension	MF-001-020	RPMI + 20% FBS	False						KIJK_HAEMATOPOIETIC_AND_LYMPHOID_TISSUE		True	Approved for public sharing - CCLE						False	False	Lymphoid	-0.06427577340176176
ACH-000774	-0.24725269367182268	-0.22333888261730808	0.15730473758917346	0.16418794498618228	-0.14625118819937752	0.24725269367182268	PT-lbbkFm	RERF-LC-Ad2	RERFLCAD2	LUAD	Lung	Non-Small Cell Lung Cancer	Lung Adenocarcinoma	LUAD		CVCL_1652		Unknown	Male	asian	Primary	lung	HSRRB		JCRB1021	Cell Line											Adherent	MF-001-001	RPMI + 10% FBS	False						RERFLCAD2_LUNG		False	Approved for public sharing - CCLE						False	False	Lung	0.5669070374197749
ACH-000775	-0.04521715397214002	0.581816730122043	-0.0955893291895322	-0.3829161620360414	0.4202353611235102	0.04521715397214002	PT-u3m7Of	NCI-H727	NCIH727	LUCA	Lung	Lung Neuroendocrine Tumor	Lung Carcinoid	LUCA		CVCL_1584	65.0	Adult	Female	caucasian	Primary	lung	ATCC		CRL-5815	Cell Line											Adherent	MF-001-001	RPMI + 10% FBS	False						NCIH727_LUNG		False	Approved for public sharing - CCLE		341.0	SIDM01119	724855.0		False	False	Lung	0.10367499912022596
ACH-000776	0.5915941379309138	-0.31818476642958343	-0.3436452433693061	-0.5646512559430801	-0.1215054840421719	-0.5915941379309138	PT-DtdDWT	ONS-76	ONS76	MBLNOS	CNS/Brain	Embryonal Tumor	Medulloblastoma, NOS	MBLNOS		CVCL_1624	2.0	Pediatric	Female		Primary	central_nervous_system	HSRRB		IFO50355	Cell Line											Adherent	MF-001-001	RPMI + 10% FBS	False						ONS76_CENTRAL_NERVOUS_SYSTEM		True	Approved for public sharing - CCLE	MYC_No	67.0	SIDM00567	909248.0		False	False	CNS/Brain	-1.3564215423046786
ACH-000777	-0.17892058768689337	-0.15924271721313718	-0.0439265918005257	0.02325608580887456	1.1052484184874267	0.17892058768689337	PT-kporZQ	KYSE-30	KYSE30	ESCC	Esophagus/Stomach	Esophageal Squamous Cell Carcinoma	Esophageal Squamous Cell Carcinoma	ESCC		CVCL_1351	64.0	Adult	Male	asian	Primary	oesophagus	DSMZ		ACC 351	Cell Line											Adherent	MF-011-003	RPMI:F12 (1:1) + 20% FBS	False						KYSE30_OESOPHAGUS		False	Approved for public sharing - CCLE			SIDM00015			False	False	Esophagus/Stomach	0.4102335096644533
ACH-000778	0.07180049141134481	-0.3224610282373098	-0.07454547938541135	0.30105063856512765	0.7887907932470833	-0.07180049141134481	PT-XJviYz	HSC-3	HSC3	OCSC	Head and Neck	Head and Neck Squamous Cell Carcinoma	Oral Cavity Squamous Cell Carcinoma	OCSC		CVCL_1288	64.0	Adult	Male		Metastatic	upper_aerodigestive_tract	HSRRB		JCRB0623	Cell Line											Adherent	MF-006-001	MEM + 10% FBS	False						HSC3_UPPER_AERODIGESTIVE_TRACT		False	Approved for public sharing - CCLE		648.0	SIDM00589	907061.0	ACH-001312	False	False	Head and Neck	-0.1646259268880442
ACH-000779	-0.3042399230900144	-0.29059597310799057	-0.11152050201302284	0.12151882181391434	-0.09946706600975808	0.3042399230900144	PT-nDRyc6	PC-9	PC9	LUAD	Lung	Non-Small Cell Lung Cancer	Lung Adenocarcinoma	LUAD		CVCL_B260	45.0	Adult	Male	asian	Primary	lung	Academic lab			Cell Line											Adherent									PC9_LUNG		False	Approved for public sharing - CCLE			SIDM00236			False	False	Lung	0.6975687540646431
ACH-000780	-0.1223734058058108	-0.23576816660290342	0.43784756665465213	0.9125932271399572	0.14177393994416637	0.1223734058058108	PT-SCGBeX	NCI-H1105	NCIH1105	SCLC	Lung	Lung Neuroendocrine Tumor	Small Cell Lung Cancer	SCLC		CVCL_1455	73.0	Adult	Male	caucasian	Metastatic	lymph_node	ATCC		CRL-5856	Cell Line											Suspension									NCIH1105_LUNG		False	Approved for public sharing - CCLE		128.0	SIDM00652	908468.0		False	False	Lung	0.2805807448003795
ACH-000781	-0.07290697492563515	-0.12883814935239035	0.2861439947223347	0.3129047932760619	0.648879295628678	0.07290697492563515	PT-CKs1VS	NCI-H2023	NCIH2023	LUAD	Lung	Non-Small Cell Lung Cancer	Lung Adenocarcinoma	LUAD		CVCL_1515	26.0	Adult	Male	caucasian	Metastatic	lymph_node	ATCC		CRL-5912	Cell Line											Adherent	MF-007-010	DMEM:F12 + 5% FBS + 2mM Glutamine + 5ug/ml Insulin + 10ug/ml Transferrin + 30nM Selenium + 10nM Hydrocortisone + 10nM beta-Estradiol	False						NCIH2023_LUNG		False	Approved for public sharing - CCLE		1266.0	SIDM00753	1240187.0		False	False	Lung	0.16716289941491483
ACH-000782	-0.24788902654256917	-0.356769171903964	-0.29780192162479	0.2549648747938237	-0.19625934377754758	0.24788902654256917	PT-IjgcRg	SEM	SEM	BALL	Lymphoid	B-Cell Acute Lymphoblastic Leukemia	B-Cell Acute Lymphoblastic Leukemia		KMT2A-AFF1	CVCL_0095	5.0	Pediatric	Female		Primary	haematopoietic_and_lymphoid_tissue	DSMZ		ACC 546	Cell Line											Suspension	MF-005-001	IMDM + 10% FBS	False						SEM_HAEMATOPOIETIC_AND_LYMPHOID_TISSUE		True	Approved for public sharing - CCLE	KMT2A::AFF1					False	False	Lymphoid	0.5683660370254436
ACH-000783	0.762135809308349	-0.005038823182392425	0.49568607619561345	-0.7853347102836433	0.3953150532252097	-0.762135809308349	PT-dK1tBm	CAMA-1	CAMA1	ILC	Breast	Invasive Breast Carcinoma	Breast Invasive Lobular Carcinoma	ILC		CVCL_1115	51.0	Adult	Female	caucasian	Metastatic	pleural_effusion	ATCC			Cell Line											Adherent	MF-006-001	MEM + 10% FBS	False						CAMA1_BREAST		False	Approved for public sharing - CCLE	luminal ER+, PR+, HER2+	363.0	SIDM00920	946382.0		False	False	Breast	-1.7474436672467155
ACH-000784	-0.05000928786460582	-0.05854706107092319	-0.03409987333533837	0.1447419305352394	-0.886510806485331	0.05000928786460582	PT-YTdWR1	KYSE-70	KYSE70	ESCC	Esophagus/Stomach	Esophageal Squamous Cell Carcinoma	Esophageal Squamous Cell Carcinoma	ESCC		CVCL_1356	77.0	Adult	Male	asian	Primary	oesophagus	DSMZ		ACC 363	Cell Line											Adherent	MF-001-001	RPMI + 10% FBS	False						KYSE70_OESOPHAGUS		False	Approved for public sharing - CCLE		2219.0	SIDM01024	753576.0		False	False	Esophagus/Stomach	0.11466252118743764
ACH-000785	0.035575077133454466	0.12322843093994852	0.4164903092759816	-0.5697032019997178	0.22496762587693794	-0.035575077133454466	PT-AOPcW9	NCI-H2126	NCIH2126	LUAD	Lung	Non-Small Cell Lung Cancer	Lung Adenocarcinoma	LUAD		CVCL_1532	65.0	Adult	Male	caucasian	Metastatic	haematopoietic_and_lymphoid_tissue	ATCC		CCL-256	Cell Line											Adherent	MF-007-010	DMEM:F12 + 5% FBS + 2mM Glutamine + 5ug/ml Insulin + 10ug/ml Transferrin + 30nM Selenium + 10nM Hydrocortisone + 10nM beta-Estradiol	False						NCIH2126_LUNG		False	Approved for public sharing - CCLE			SIDM00775			False	False	Lung	-0.08156740897017369
ACH-000786	-0.08865985685833672	-0.12366492121949552	-0.11164293779081132	-0.04157603361730092	-0.6030201047318874	0.08865985685833672	PT-ieeLlY	Daudi	DAUDI	BL	Lymphoid	Mature B-Cell Neoplasms	Burkitt Lymphoma	BL	MYC-IGH, TP53 Gly266Glu	CVCL_0008	16.0	Pediatric	Male	black_or_african_american	Primary	haematopoietic_and_lymphoid_tissue	ATCC		CCL-213	Cell Line				Unknown							Suspension	MF-001-001	RPMI + 10% FBS	False						DAUDI_HAEMATOPOIETIC_AND_LYMPHOID_TISSUE		True	Approved for public sharing - CCLE		1783.0	SIDM00845	906831.0		False	False	Lymphoid	0.20328149329015344
ACH-000787	0.06370593389985466	-0.11184881233553258	0.3747561403378909	0.9743974427862739	0.3271574594710776	-0.06370593389985466	PT-w7dxuB	LXF-289	LXF289	LUAD	Lung	Non-Small Cell Lung Cancer	Lung Adenocarcinoma	LUAD		CVCL_1394	62.0	Adult	Male		Primary	lung	DSMZ		ACC 265	Cell Line											Adherent	MF-004-001	F12 + 10% FBS	False						LXF289_LUNG		False	Approved for public sharing - CCLE		1175.0	SIDM00339	753592.0		False	False	Lung	-0.14606652698862937
ACH-000788	-0.3272422818931398	-0.16874159060562052	-0.4509136598848165	0.024241732984167985	-0.1344732323163042	0.3272422818931398	PT-ZSJTWI	A2058	A2058	MEL	Skin	Melanoma	Melanoma	MEL		CVCL_1059	43.0	Adult	Male	caucasian	Metastatic	lymph_node	ATCC		CRL-11147	Cell Line											Adherent	MF-002-001	DMEM + 10% FBS	False						A2058_SKIN		False	Approved for public sharing - CCLE		652.0	SIDM00797	906792.0		False	False	Skin	0.750309126228413
ACH-000789	-0.16333760977549466	-0.30567279879327525	0.1304727800532598	0.3910363799637116	0.6911122145570392	0.16333760977549466	PT-wTzkNy	NCI-H810	NCIH810	LCLC	Lung	Non-Small Cell Lung Cancer	Large Cell Lung Carcinoma	LCLC		CVCL_1590	51.0	Adult	Male	black_or_african_american	Primary	lung	ATCC		CRL-5816	Cell Line											Adherent									NCIH810_LUNG		False	Approved for public sharing - CCLE		1104.0	SIDM01116	925341.0		False	False	Lung	0.37450447589443386
ACH-000790	-0.18037023083275275	-0.21487473323256462	0.17098313063847684	0.3436706232892862	0.2348161912266125	0.18037023083275275	PT-EI5eP1	SHP-77	SHP77	SCLC	Lung	Lung Neuroendocrine Tumor	Small Cell Lung Cancer	SCLC		CVCL_1693	54.0	Adult	Male	caucasian	Primary	lung	ATCC		CRL-2195	Cell Line											Mixed	MF-001-001	RPMI + 10% FBS	False						SHP77_LUNG		False	Approved for public sharing - CCLE		1479.0	SIDM01078	724872.0		False	False	Lung	0.41355728700710104
ACH-000791	-0.20605281108475587	-0.25776688667672354	0.23969464218504916	0.8820340194224817	0.5029403716946439	0.20605281108475587	PT-sAWSgy	RERF-LC-Ad1	RERFLCAD1	LUAD	Lung	Non-Small Cell Lung Cancer	Lung Adenocarcinoma	LUAD		CVCL_1651	70.0	Adult	Male	asian	Primary	lung	HSRRB		JCRB1020	Cell Line											Adherent	MF-001-001	RPMI + 10% FBS	False						RERFLCAD1_LUNG		False	Approved for public sharing - CCLE						False	False	Lung	0.472442936614153
ACH-000792	-0.03738939616901152	-0.136012405381626	0.33876278990871345	0.8370330560227848	0.630539991264075	0.03738939616901152	PT-FrUuvH	BFTC-909	BFTC909	RCC	Kidney	Renal Cell Carcinoma	Renal Cell Carcinoma	RCC		CVCL_1084	64.0	Adult	Male	asian	Primary	kidney	DSMZ		ACC 367	Cell Line											Adherent	MF-002-001	DMEM + 10% FBS	False						BFTC909_KIDNEY		False	Approved for public sharing - CCLE		1284.0	SIDM00988	910698.0		False	False	Kidney	0.0857273241327044
ACH-000793	-0.16365982146959607	0.5361932258639855	-0.2489147039219045	-0.6203242980278691	0.34211429970420554	0.16365982146959607	PT-xOmD9v	KATO III	KATOIII	SSRCC	Esophagus/Stomach	Esophagogastric Adenocarcinoma	Signet Ring Cell Carcinoma of the Stomach	SSRCC		CVCL_0371	57.0	Adult	Male	asian	Metastatic	pleural_effusion	ATCC		HTB-103	Cell Line											Mixed	MF-005-004	IMDM + 20% FBS	False						KATOIII_STOMACH		False	Approved for public sharing - CCLE		406.0	SIDM00687	907276.0		False	False	Esophagus/Stomach	0.37524325076564913
ACH-000794	1.1174571055258082	1.0761750201750955	-0.32642747841585895	-0.4426791103012284	0.039300475921660846	-1.1174571055258082	PT-zkbKhd	BICR 22	BICR22	OCSC	Head and Neck	Head and Neck Squamous Cell Carcinoma	Oral Cavity Squamous Cell Carcinoma	OCSC		CVCL_2310	88.0	Adult	Male	caucasian	Metastatic	lymph_node	ECACC		4072106	Cell Line											Adherent	MF-002-004	DMEM + 10% FBS + 2mM Glutamine + 0.4ug/ml Hydrocortisone	False						BICR22_UPPER_AERODIGESTIVE_TRACT		False	Approved for public sharing - CCLE		1575.0	SIDM00485	1240121.0		False	False	Head and Neck	-2.5621330458714704
ACH-000796	-0.20383309588241522	-0.2155277689870888	-0.13331259363390868	0.027668865020443176	-0.09346652490584371	0.20383309588241522	PT-Tlf0ul	MCAS	MCAS	MOV	Ovary/Fallopian Tube	Ovarian Epithelial Tumor	Mucinous Ovarian Cancer	MOV		CVCL_3020	60.0	Adult	Female		Primary	ovary	HSRRB		JCRB0240	Cell Line											Adherent									MCAS_OVARY		False	Approved for public sharing - CCLE			SIDM00008			False	False	Ovary/Fallopian Tube	0.4673535191821844
ACH-000797	-0.3354425382480978	-0.2984604042581324	-0.06711084570096729	0.05389394316050311	0.823458973057145	0.3354425382480978	PT-iFasxu	HLF-a	HLFA	ZFIBLUN	Fibroblast	Non-Cancerous	Fibroblast, Lung			CVCL_2255	54.0	Adult	Female	black_or_african_american	Primary	fibroblast	ATCC			Cell Line											Adherent	MF-015-001	EMEM + 10% FBS	False						HLFA_FIBROBLAST		False	Approved for public sharing - CCLE						False	False	Fibroblast	0.7691108750273248
ACH-000798	0.12738735287766206	0.4491441435848483	-0.1983271189458184	-0.5221245757780343	-0.025516193252823012	-0.12738735287766206	PT-maJywx	CL-40	CL40	COAD	Bowel	Colorectal Adenocarcinoma	Colon Adenocarcinoma	COAD		CVCL_1982		Unknown	Female		Primary	Colon	DSMZ			Cell Line											Adherent	MF-007-019	DMEM:F12 + 20% FBS	False						CL40_LARGE_INTESTINE		False	Approved for public sharing - CCLE		555.0	SIDM00960	1240124.0		False	False	Bowel	-0.29207684556300856
ACH-000799	-0.22026118821081242	0.22961355194490982	-0.2318623919234835	-0.3286797409124535	0.1989537150347735	0.22026118821081242	PT-mZ69Vl	Hs 695T	HS695T	MEL	Skin	Melanoma	Melanoma	MEL		CVCL_0851	26.0	Adult	Male	caucasian	Metastatic	lymph_node	ATCC		HTB-137	Cell Line											Adherent	MF-006-001	MEM + 10% FBS	False						HS695T_SKIN		False	Approved for public sharing - CCLE						False	False	Skin	0.5050202520053728
ACH-000800	-0.056153255335739546	-0.10855200291969275	0.294984215374676	0.7105990928903874	0.14809154923652823	0.056153255335739546	PT-RmrNlb	NCI-H446	NCIH446	SCLC	Lung	Lung Neuroendocrine Tumor	Small Cell Lung Cancer	SCLC		CVCL_1562	61.0	Adult	Male	caucasian	Metastatic	pleural_effusion	ATCC		HTB-171	Cell Line											Adherent	MF-001-001	RPMI + 10% FBS	False						NCIH446_LUNG		False	Approved for public sharing - CCLE		1222.0	SIDM00965	688023.0		False	False	Lung	0.1287495604238511
ACH-000801	-0.33389465001702234	-0.21665871951823293	-0.3920544571317727	-0.3644817878943967	-0.17367339285934819	0.33389465001702234	PT-1I8hCi	Hs 936.T	HS936T	MEL	Skin	Melanoma	Melanoma	MEL		CVCL_1033		Unknown	Male		Primary	skin	ATCC			Cell Line											Adherent	MF-002-001	DMEM + 10% FBS	False						HS936T_SKIN		False	Approved for public sharing - CCLE						False	False	Skin	0.7655618389448277
ACH-000802	1.723584506923622	1.6631465439034052	0.13979994490677505	0.20970694653684585	1.1398605820962917	-1.723584506923622	PT-YqLKaW	BFTC-905	BFTC905	BLCA	Bladder/Urinary Tract	Bladder Urothelial Carcinoma	Bladder Urothelial Carcinoma	BLCA		CVCL_1083	51.0	Adult	Female	asian	Primary	urinary_tract	DSMZ		361	Cell Line											Adherent	MF-002-001	DMEM + 10% FBS	False						BFTC905_URINARY_TRACT		False	Approved for public sharing - CCLE		1583.0	SIDM00989	910926.0		False	False	Bladder/Urinary Tract	-3.951876810934203
ACH-000803	-0.20809281523340256	-0.37801340119842913	0.19624167407860404	0.892330020194251	0.6100541292660983	0.20809281523340256	PT-dQkCfQ	COLO 668	COLO668	SCLC	Lung	Lung Neuroendocrine Tumor	Small Cell Lung Cancer	SCLC		CVCL_1128	47.0	Adult	Female		Metastatic	central_nervous_system	ECACC		87061209	Cell Line											Suspension	MF-001-001	RPMI + 10% FBS	False						COLO668_LUNG		False	Approved for public sharing - CCLE		1072.0	SIDM00143	910692.0		False	False	Lung	0.477120308136618
ACH-000804	-0.30828594176042995	-0.31861704983550065	-0.34706925128697397	-0.6044955931280465	0.07596791539053775	0.30828594176042995	PT-dk8yt2	NB-1	NB1	NBL	Peripheral Nervous System	Neuroblastoma	Neuroblastoma	NBL		CVCL_1440	2.0	Pediatric	Male		Metastatic	lymph_node	HSRRB		IFO50295	Cell Line											Adherent	MF-001-001	RPMI + 10% FBS	False						NB1_AUTONOMIC_GANGLIA		True	Approved for public sharing - CCLE	MYC_Amplified	127.0	SIDM00578	949179.0		False	False	Peripheral Nervous System	0.7068455648598162
ACH-000805	-0.29836845281172314	-0.09840421478301392	-0.2525318892954983	-0.058765646372867186	-0.09971047338846106	0.29836845281172314	PT-SscYEx	COLO-679	COLO679	SKCM	Skin	Melanoma	Cutaneous Melanoma	SKCM		CVCL_1130	47.0	Adult	Female		Metastatic	skin	DSMZ		ACC 264	Cell Line											Adherent	MF-001-001	RPMI + 10% FBS	False						COLO679_SKIN		False	Approved for public sharing - CCLE		2049.0	SIDM00284	906818.0		False	False	Skin	0.6841065030722137
ACH-000806	-0.21269319538175208	0.5520597073866966	-0.3992054243503307	-0.8110964971900855	0.36129507522604926	0.21269319538175208	PT-COK0Ia	L-540	L540	HL	Lymphoid	Hodgkin Lymphoma	Hodgkin Lymphoma	HL		CVCL_1362	20.0	Adult	Female			bone_marrow	DSMZ			Cell Line											Suspension	MF-001-020	RPMI + 20% FBS	False					SNP fingerprinting rules out CCRF-CEM contamination.	L540_HAEMATOPOIETIC_AND_LYMPHOID_TISSUE		False	Approved for public sharing - CCLE		651.0	SIDM00329	907323.0		False	False	Lymphoid	0.4876681725185007
ACH-000807	-0.30799339426706124	-0.3007779365446141	-0.2522979757186043	-0.190965157031194	0.844998996844766	0.30799339426706124	PT-Yppu5U	SNU-738	SNU738	ADIFG	CNS/Brain	Adult-Type Diffuse Glioma	Adult-Type Diffuse Glioma	ADIFG		CVCL_5087	40.0	Adult	Male	asian	Primary	central_nervous_system	KCLB			Cell Line											Adherent									SNU738_CENTRAL_NERVOUS_SYSTEM		False	Approved for public sharing - CCLE						False	False	CNS/Brain	0.706174804795255
ACH-000808	-0.23492122084617476	-0.1522888392040271	-0.09033434060250356	0.21260085030643608	0.910928242990919	0.23492122084617476	PT-jPUQ9m	HuH28	HUH28	IHCH	Biliary Tract	Intraductal Papillary Neoplasm of the Bile Duct	Intrahepatic Cholangiocarcinoma	IHCH		CVCL_2955	37.0	Adult	Female	asian	Primary	biliary_tract	HSRRB		JCRB0426	Cell Line											Adherent	MF-001-001	RPMI + 10% FBS	False						HUH28_BILIARY_TRACT		False	Approved for public sharing - CCLE						False	False	Biliary Tract	0.5386331342206074
ACH-000809	-0.3132472265245402	-0.27249739420994235	0.39612313261218274	0.2631860290141017	0.44463437801449773	0.3132472265245402	PT-zFPWWq	KYSE-410	KYSE410	ESCC	Esophagus/Stomach	Esophageal Squamous Cell Carcinoma	Esophageal Squamous Cell Carcinoma	ESCC		CVCL_1352	51.0	Adult	Male	asian	Primary	oesophagus	DSMZ		ACC 381	Cell Line											Adherent	MF-001-001	RPMI + 10% FBS	False						KYSE410_OESOPHAGUS		False	Approved for public sharing - CCLE		952.0	SIDM01028	753574.0		False	False	Esophagus/Stomach	0.7182209201922467
ACH-000810	-0.3493495748482631	-0.3012161071941432	-0.33519055732644776	-0.5623295978145648	0.051564840198458674	0.3493495748482631	PT-1TshCj	SK-MEL-30	SKMEL30	SKCM	Skin	Melanoma	Cutaneous Melanoma	SKCM		CVCL_0039	67.0	Adult	Male	caucasian	Metastatic	skin	DSMZ		ACC 151	Cell Line											Adherent	MF-001-001	RPMI + 10% FBS	False						SKMEL30_SKIN		False	Approved for public sharing - CCLE		1789.0	SIDM00392	909726.0		False	False	Skin	0.8009972694734556
ACH-000811	-0.011347662529994806	-0.20027072209809874	0.4824189133805652	1.1463837284170881	1.29013976737425	0.011347662529994806	PT-RV3Y6W	SK-OV-3	SKOV3	SOC	Ovary/Fallopian Tube	Ovarian Epithelial Tumor	Serous Ovarian Cancer	SOC		CVCL_0532	64.0	Adult	Female	caucasian	Metastatic	ascites	ATCC		HTB-77	Cell Line											Adherent	MF-023-001	McCoy's 5A + 10% FBS	False						SKOV3_OVARY		False	Approved for public sharing - CCLE		1166.0	SIDM00079	905959.0		False	False	Ovary/Fallopian Tube	0.026018198835307076
ACH-000812	-0.3286075166430283	-0.2966976940858152	-0.2396272798786335	0.16535289630276206	0.14689534374886318	0.3286075166430283	PT-WHZxXI	COLO-783	COLO783	MEL	Skin	Melanoma	Melanoma	MEL		CVCL_1997	48.0	Adult	Female		Metastatic	lymph_node	DSMZ		ACC 257	Cell Line											Adherent	MF-001-001	RPMI + 10% FBS	False						COLO783_SKIN		False	Approved for public sharing - CCLE		857.0	SIDM00955	1240125.0		False	False	Skin	0.7534393699315173
ACH-000813	-0.23400379081738415	-0.3179871023651874	-0.023482970683391915	0.5469633301040701	0.3052167391523441	0.23400379081738415	PT-4bJRaf	T3M-10	T3M10	LCLC	Lung	Non-Small Cell Lung Cancer	Large Cell Lung Carcinoma	LCLC		CVCL_8067	40.0	Adult	Male	asian	Metastatic	lung	RIKEN		RCB1020	Cell Line											Adherent									T3M10_LUNG		False	Approved for public sharing - CCLE						False	False	Lung	0.5365296281599133
ACH-000814	-0.2842248531825665	-0.22409236932556634	-0.3281715677529639	-0.5422434288051428	0.5050251797122222	0.2842248531825665	PT-2OcAGh	Hs 939.T	HS939T	MEL	Skin	Melanoma	Melanoma	MEL		CVCL_1036	24.0	Adult	Female	caucasian	Primary	skin	ATCC		Discontinued	Cell Line											Adherent	MF-002-001	DMEM + 10% FBS	False						HS939T_SKIN		False	Approved for public sharing - CCLE		1261.0	SIDM00663	1298144.0		False	False	Skin	0.6516777111138983
ACH-000815	0.5199331960405161	0.4791701797987504	0.45023688017917823	-0.15026036886075886	0.20344239661524582	-0.5199331960405161	PT-6Uzxpn	KM-H2	KMH2	HL	Lymphoid	Hodgkin Lymphoma	Hodgkin Lymphoma	HL		CVCL_1330	37.0	Adult	Male		Metastatic	pleural_effusion	DSMZ		ACC 8	Cell Line											Suspension									KMH2_HAEMATOPOIETIC_AND_LYMPHOID_TISSUE		False	Approved for public sharing - CCLE		313.0	SIDM01018	909976.0		False	False	Lymphoid	-1.1921155779793013
ACH-000816	0.4856952719426829	0.42038795003805457	0.8871144572560483	1.148880266776882	-0.33669312526272266	-0.4856952719426829	PT-veV7dF	NCI-H524	NCIH524	SCLC	Lung	Lung Neuroendocrine Tumor	Small Cell Lung Cancer	SCLC		CVCL_1568	63.0	Adult	Male	caucasian	Metastatic	lymph_node	ATCC		CRL-5831	Cell Line											Suspension									NCIH524_LUNG		False	Approved for public sharing - CCLE		2147.0	SIDM01129	908483.0		False	False	Lung	-1.1136140262693401
ACH-000817	0.2911669791728707	0.2712785266978036	0.23447916034294153	-0.4725379144485601	-0.5861668777922616	-0.2911669791728707	PT-pWj35D	RPMI 8226	RPMI8226	PCM	Lymphoid	Mature B-Cell Neoplasms	Plasma Cell Myeloma	PCM		CVCL_0014	61.0	Adult	Male		Primary	haematopoietic_and_lymphoid_tissue	ATCC			Cell Line											Mixed	MF-001-001	RPMI + 10% FBS	False						RPMI8226_HAEMATOPOIETIC_AND_LYMPHOID_TISSUE		False	Approved for public sharing - CCLE		705.0	SIDM00087	905964.0		False	False	Lymphoid	-0.6675947877698226
ACH-000818	0.13162573413573136	0.016493233965586475	-0.010549966232006646	-0.7801326369670292	0.07915356859904311	-0.13162573413573136	PT-EQndr2	BT-483	BT483	IDC	Breast	Invasive Breast Carcinoma	Breast Invasive Ductal Carcinoma	IDC		CVCL_2319	23.0	Adult	Female	caucasian	Primary	breast	ATCC			Cell Line											Adherent									BT483_BREAST		False	Approved for public sharing - CCLE	luminal ER+, PR+, HER2+	1231.0	SIDM00892	949093.0		False	False	Breast	-0.301794710014899
ACH-000819	-0.328689273603466	-0.31199535742318496	0.2548747632069301	-0.43758503846726426	0.28383270189738796	0.328689273603466	PT-1DyLm0	LN-18	LN18	GB	CNS/Brain	Adult-Type Diffuse Glioma	Glioblastoma, IDH-Wildtype	GB		CVCL_0392	65.0	Adult	Male	caucasian	Primary	central_nervous_system	ATCC		CRL-2610	Cell Line											Adherent	MF-002-008	DMEM + 5% FBS	False						LN18_CENTRAL_NERVOUS_SYSTEM		False	Approved for public sharing - CCLE		1503.0	SIDM00685	1240168.0		False	False	CNS/Brain	0.7536268242946705
ACH-000820	0.024699646248863692	0.9175519448875954	-0.05717179007255489	-0.5329026191269206	0.05245597728974142	-0.024699646248863692	PT-EteVig	SW403	SW403	COAD	Bowel	Colorectal Adenocarcinoma	Colon Adenocarcinoma	COAD		CVCL_0545	51.0	Adult	Female	caucasian	Primary	Colon	ATCC			Cell Line											Adherent	MF-021-001	L-15 + 10% FBS	False						SW403_LARGE_INTESTINE		False	Approved for public sharing - CCLE			SIDM00836			False	False	Bowel	-0.05663195442814905
ACH-000821	0.8406078853030068	0.7883165249948436	0.5722350928925317	-0.7904412266076561	-0.14598668853713567	-0.8406078853030068	PT-G4TwMh	EJM	EJM	PCM	Lymphoid	Mature B-Cell Neoplasms	Plasma Cell Myeloma	PCM		CVCL_2030	58.0	Adult	Female		Primary	ascites	DSMZ		ACC-560	Cell Line											Mixed	MF-005-001	IMDM + 10% FBS	False						EJM_HAEMATOPOIETIC_AND_LYMPHOID_TISSUE		False	Approved for public sharing - CCLE		567.0	SIDM01048	1297447.0		False	False	Lymphoid	-1.9273663668204457
ACH-000822	-0.25950902882404425	-0.08473437772364092	-0.2545063780719443	0.0739426955314797	0.4997344356523386	0.25950902882404425	PT-n2hnAf	SK-MEL-24	SKMEL24	MEL	Skin	Melanoma	Melanoma	MEL		CVCL_0599	67.0	Adult	Male	caucasian	Metastatic	lymph_node	ATCC		HTB-71	Cell Line											Adherent	MF-006-001	MEM + 10% FBS	False						SKMEL24_SKIN		False	Approved for public sharing - CCLE		945.0	SIDM01106	909725.0		False	False	Skin	0.5950086631193197
ACH-000823	0.4604933383543857	0.46222666274980706	0.15127514988453916	0.8382599718250703	0.07349898823225774	-0.4604933383543857	PT-O7zBRO	KYSE-140	KYSE140	ESCC	Esophagus/Stomach	Esophageal Squamous Cell Carcinoma	Esophageal Squamous Cell Carcinoma	ESCC		CVCL_1347	54.0	Adult	Male	asian	Primary	oesophagus	DSMZ		ACC 348	Cell Line											Adherent	MF-001-001	RPMI + 10% FBS	False						KYSE140_OESOPHAGUS		False	Approved for public sharing - CCLE		951.0	SIDM01032	753573.0		False	False	Esophagus/Stomach	-1.0558304151158264
ACH-000824	-0.2867782371368574	-0.26295491689455086	-0.04168681228197731	-0.021301691106549378	1.0315039976322367	0.2867782371368574	PT-ItKoPJ	KYSE-510	KYSE510	ESCC	Esophagus/Stomach	Esophageal Squamous Cell Carcinoma	Esophageal Squamous Cell Carcinoma	ESCC		CVCL_1354	67.0	Adult	Female	asian	Primary	oesophagus	DSMZ		ACC 374	Cell Line											Adherent	MF-001-001	RPMI + 10% FBS	False						KYSE510_OESOPHAGUS		False	Approved for public sharing - CCLE		893.0	SIDM01026	907321.0		False	False	Esophagus/Stomach	0.6575321724401864
ACH-000825	-0.18057394600564158	-0.22302996378431886	0.3352440313132123	0.8961624602961391	0.017177957941648843	0.18057394600564158	PT-fbGZ8j	HOP-92	HOP92	NSCLC	Lung	Non-Small Cell Lung Cancer	Non-Small Cell Lung Cancer	NSCLC		CVCL_1286	62.0	Adult	Male	caucasian	Primary	lung	Academic lab			Cell Line											Mixed									HOP92_LUNG		False	Approved for public sharing - CCLE		888.0	SIDM00134	905973.0		False	False	Lung	0.4140243701495527
ACH-000826	-0.18027123046568783	-0.17076090108119876	0.11919411416033165	-0.06242315567328381	0.3384500643758945	0.18027123046568783	PT-nAjtb0	CAL-12T	CAL12T	NSCLC	Lung	Non-Small Cell Lung Cancer	Non-Small Cell Lung Cancer	NSCLC		CVCL_1105		Unknown	Male		Primary	lung	DSMZ		ACC 443	Cell Line											Adherent	MF-002-001	DMEM + 10% FBS	False						CAL12T_LUNG		False	Approved for public sharing - CCLE		2252.0	SIDM00939	753540.0		False	False	Lung	0.4133302965385129
ACH-000827	-0.3155557236524785	-0.2926977595153689	-0.1523251396524471	0.4900608600852955	0.6813975734035623	0.3155557236524785	PT-L3eOYW	WM793	WM793	MEL	Skin	Melanoma	Melanoma	MEL		CVCL_8787	37.0	Adult	Male		Primary	skin	The Wistar Institute			Cell Line											Adherent	MF-001-001	RPMI + 10% FBS	False						WM793_SKIN		False	Approved for public sharing - CCLE		114.0	SIDM00973	1299081.0		False	False	Skin	0.7235138989997036
ACH-000828	1.0763469433403228	0.288868794165477	0.8990625567332011	-0.6511363867195896	0.2690263152412956	-1.0763469433403228	PT-mV0nNw	ZR-75-30	ZR7530	ILC	Breast	Invasive Breast Carcinoma	Breast Invasive Lobular Carcinoma	ILC		CVCL_1661	47.0	Adult	Female	black_or_african_american	Metastatic	ascites	ATCC			Cell Line											Adherent	MF-001-001	RPMI + 10% FBS	False						ZR7530_BREAST		False	Approved for public sharing - CCLE	ER+, PR+, HER2+	429.0	SIDM00971	909907.0		False	False	Breast	-2.4678746582020787
ACH-000829	-0.3033116044305621	-0.3509928935927866	-0.4444817563715168	-0.4233459533547321	-0.6376447114627489	0.3033116044305621	PT-h5fVs5	HuNS1	HUNS1	PCM	Lymphoid	Mature B-Cell Neoplasms	Plasma Cell Myeloma	PCM		CVCL_2526		Unknown	Male			haematopoietic_and_lymphoid_tissue	ATCC			Cell Line											Suspension	MF-001-017	RPMI + 15% FBS	False						HUNS1_HAEMATOPOIETIC_AND_LYMPHOID_TISSUE		False	Approved for public sharing - CCLE						False	False	Lymphoid	0.6954402822846345
ACH-000830	1.0055246127201904	0.8526490489260568	1.1657245555096014	1.1597144433560638	-0.08840239779726357	-1.0055246127201904	PT-Fd4LwY	NCI-H1436	NCIH1436	SCLC	Lung	Lung Neuroendocrine Tumor	Small Cell Lung Cancer	SCLC		CVCL_1471	39.0	Adult	Male	caucasian	Metastatic	lymph_node	ATCC			Cell Line											Suspension	MF-007-010	DMEM:F12 + 5% FBS + 2mM Glutamine + 5ug/ml Insulin + 10ug/ml Transferrin + 30nM Selenium + 10nM Hydrocortisone + 10nM beta-Estradiol	False						NCIH1436_LUNG		False	Approved for public sharing - CCLE		2120.0	SIDM00697	908469.0		False	False	Lung	-2.3054914823556163
ACH-000831	0.13333257410028926	-0.02851505073841587	0.4307437349072909	0.8996004671149703	0.31639697543554507	-0.13333257410028926	PT-cmj7jX	HEC-50B	HEC50B	UCEC	Uterus	Endometrial Carcinoma	Endometrial Carcinoma	UCEC		CVCL_2929		Unknown	Female	asian	Metastatic	ascites	HSRRB		JCRB1145	Cell Line											Adherent									HEC50B_ENDOMETRIUM		False	Approved for public sharing - CCLE						False	False	Uterus	-0.3057081945286067
ACH-000832	0.9900583540861319	0.9790914576270429	0.05423090922346531	0.039616695060254614	0.4519858980929593	-0.9900583540861319	PT-JCJHPr	CAL 27	CAL27	OCSC	Head and Neck	Head and Neck Squamous Cell Carcinoma	Oral Cavity Squamous Cell Carcinoma	OCSC		CVCL_1107	56.0	Adult	Male	caucasian	Primary	upper_aerodigestive_tract	ATCC		CRL-2095	Cell Line											Adherent	MF-002-001	DMEM + 10% FBS	False						CAL27_UPPER_AERODIGESTIVE_TRACT		False	Approved for public sharing - CCLE		1911.0	SIDM00937	910916.0		False	False	Head and Neck	-2.270030065406041
ACH-000833	-0.285114456600881	-0.07538750895515034	-0.28865738832147303	-0.363393056612016	0.7630464876911222	0.285114456600881	PT-lbYOig	RH-30	RH30	ARMS	Soft Tissue	Rhabdomyosarcoma	Alveolar Rhabdomyosarcoma	ARMS		CVCL_0041	17.0	Pediatric	Male	caucasian	Metastatic	bone_marrow	DSMZ		ACC 489	Cell Line											Adherent	MF-001-001	RPMI + 10% FBS	False						RH30_SOFT_TISSUE		True	Approved for public sharing - CCLE					ACH-001741	False	False	Soft Tissue	0.6537174156399269
ACH-000834	0.09935593391901121	0.12897500932050393	-0.2252655036314131	-0.5437120154860426	-0.042868515526963046	-0.09935593391901121	PT-oxE5Td	UM-UC-1	UMUC1	BLCA	Bladder/Urinary Tract	Bladder Urothelial Carcinoma	Bladder Urothelial Carcinoma	BLCA		CVCL_2743	26.0	Adult	Male	black_or_african_american	Metastatic	lymph_node	ECACC		6080301	Cell Line											Adherent	MF-006-002	MEM + 10% FBS + 2mM Glutamine + 100uM NEAA	False						UMUC1_URINARY_TRACT		False	Approved for public sharing - CCLE						False	False	Bladder/Urinary Tract	-0.22780572098786608
ACH-000835	-0.2897823972248904	-0.26469714655396415	-0.19244035425257552	0.06444757716246491	0.1628684697766857	0.2897823972248904	PT-0RBdNq	GCT	GCT	MFH	Soft Tissue	Undifferentiated Pleomorphic Sarcoma/Malignant Fibrous Histiocytoma/High-Grade Spindle Cell Sarcoma	Undifferentiated Pleomorphic Sarcoma/Malignant Fibrous Histiocytoma/High-Grade Spindle Cell Sarcoma	MFH		CVCL_1229	29.0	Adult	Male		Metastatic	soft_tissue	ATCC		TIB-223	Cell Line											Adherent	MF-023-001	McCoy's 5A + 10% FBS	False						GCT_SOFT_TISSUE		True	Approved for public sharing - CCLE		963.0	SIDM00853	906999.0		False	False	Soft Tissue	0.6644201843366392
ACH-000836	0.18321187996381108	-0.21956259349750415	-0.09276375596675246	-0.21887719143664242	0.17041905124875598	-0.18321187996381108	PT-ZS5SNw	YD-15	YD15	OCSC	Head and Neck	Head and Neck Squamous Cell Carcinoma	Oral Cavity Squamous Cell Carcinoma	OCSC		CVCL_8930	39.0	Adult	Male	asian		salivary_gland	KCLB		60504	Cell Line											Adherent	MF-001-001	RPMI + 10% FBS	False						YD15_SALIVARY_GLAND		False	Approved for public sharing - CCLE						False	False	Head and Neck	-0.4200726897974663
ACH-000837	-0.07589907555564102	-0.12177921301800959	-0.014449607686954568	-0.09921613408145527	0.5303080044030393	0.07589907555564102	PT-9eMhTl	NCI-H322	NCIH322	LUAD	Lung	Non-Small Cell Lung Cancer	Lung Adenocarcinoma	LUAD		CVCL_1556	52.0	Adult	Male	caucasian	Primary	lung	ECACC		95111734	Cell Line											Adherent	MF-001-003	RPMI + 10% FBS + 2mM Glutamine	False						NCIH322_LUNG		False	Approved for public sharing - CCLE			SIDM00117			False	False	Lung	0.17402326109036692
ACH-000838	1.2094663624428639	1.151217353585241	0.9543110570298415	-0.5095732101959702	-0.1314738375743578	-1.2094663624428639	PT-CmSm57	AMO-1	AMO1	PCM	Lymphoid	Mature B-Cell Neoplasms	Plasma Cell Myeloma	PCM		CVCL_1806	64.0	Adult	Female		Primary	ascites	DSMZ		ACC 538	Cell Line											Suspension	MF-001-001	RPMI + 10% FBS	False						AMO1_HAEMATOPOIETIC_AND_LYMPHOID_TISSUE		False	Approved for public sharing - CCLE		1204.0	SIDM00993	1295741.0		False	False	Lymphoid	-2.7730941257263804
ACH-000839	0.12295301124253083	0.10710144461294596	-0.06817254507767706	-0.0909067777997008	-0.07612508721575725	-0.12295301124253083	PT-l3KlxJ	SCaBER	SCABER	BLSC	Bladder/Urinary Tract	Bladder Squamous Cell Carcinoma	Bladder Squamous Cell Carcinoma	BLSC		CVCL_3599	58.0	Adult	Male	black_or_african_american	Primary	urinary_tract	ATCC		HTB-3	Cell Line											Adherent									SCABER_URINARY_TRACT		False	Approved for public sharing - CCLE			SIDM00032			False	False	Bladder/Urinary Tract	-0.28190967835464625
ACH-000840	-0.20152716261722456	-0.3190213999752178	0.24993870088992448	0.7649913725049324	0.9813761253198888	0.20152716261722456	PT-1JVU53	HCC-366	HCC366	LUAS	Lung	Non-Small Cell Lung Cancer	Lung Adenosquamous Carcinoma	LUAS		CVCL_2059	80.0	Adult	Female		Primary	lung	DSMZ			Cell Line											Adherent	MF-001-001	RPMI + 10% FBS	False						HCC366_LUNG		False	Approved for public sharing - CCLE		638.0	SIDM01070	1240144.0		False	False	Lung	0.46206641886208816
ACH-000841	-0.29603441297559263	-0.2722008931715423	0.18165244949594456	1.096471341841176	0.6152044198113058	0.29603441297559263	PT-lYuNel	NCI-H2087	NCIH2087	LUAD	Lung	Non-Small Cell Lung Cancer	Lung Adenocarcinoma	LUAD		CVCL_1524	69.0	Adult	Male	caucasian	Metastatic	lymph_node	ATCC		CRL-5922	Cell Line											Adherent	MF-001-014	RPMI + 5% FBS	False						NCIH2087_LUNG		False	Approved for public sharing - CCLE		915.0	SIDM00708	724834.0		False	False	Lung	0.6787549593172374
ACH-000842	-0.3327193306859526	-0.08520798625340684	-0.29467470856988465	-0.08525326370876617	-0.8521219249648169	0.3327193306859526	PT-IPboWn	SW 480	SW480	COAD	Bowel	Colorectal Adenocarcinoma	Colon Adenocarcinoma	COAD		CVCL_0546	51.0	Adult	Male	caucasian	Primary	lymph_node	ATCC		CCL-228	Cell Line											Adherent	MF-021-001	L-15 + 10% FBS	False						SW480_LARGE_INTESTINE		False	Approved for public sharing - CCLE			SIDM00840			False	False	Bowel	0.7628670379697438
ACH-000843	-0.11492619183147079	-0.13243023722953667	0.2251714645448398	0.9289487990897551	0.154042824662486	0.11492619183147079	PT-gQzNzd	HARA	HARA	LUSC	Lung	Non-Small Cell Lung Cancer	Lung Squamous Cell Carcinoma	LUSC		CVCL_2914	57.0	Adult	Male	asian	Metastatic	pleural_effusion	HSRRB		JCRB1080.0	Cell Line											Adherent	MF-001-001	RPMI + 10% FBS	False						HARA_LUNG		False	Approved for public sharing - CCLE		350.0	SIDM00598	1240142.0		False	False	Lung	0.2635055900324888
ACH-000844	0.7524268521412076	0.09235592374276788	0.3869781558187126	-0.28737131475638733	0.12871763698745534	-0.7524268521412076	PT-fTe5Dw	DMS 454	DMS454	SCLC	Lung	Lung Neuroendocrine Tumor	Small Cell Lung Cancer	SCLC		CVCL_2438		Unknown	Male		Primary	lung	ECACC			Cell Line											Adherent									DMS454_LUNG		False	Approved for public sharing - CCLE						False	False	Lung	-1.725182732240017
ACH-000845	0.0065370733288068195	-0.1527548665835772	0.11762708982086997	0.6545190876389168	0.39715518403063327	-0.0065370733288068195	PT-LL5Hxl	NCI-H1373	NCIH1373	LUAD	Lung	Non-Small Cell Lung Cancer	Lung Adenocarcinoma	LUAD		CVCL_1465	56.0	Adult	Male	black_or_african_american	Primary	lung	ATCC		CRL-5866	Cell Line											Adherent	MF-001-001	RPMI + 10% FBS	False						NCIH1373_LUNG		False	Approved for public sharing - CCLE						False	False	Lung	-0.014988361983827478
ACH-000846	-0.18770476262760835	-0.27113459296067444	0.19684588684003151	0.528042319387368	0.45541361507365286	0.18770476262760835	PT-tolPHE	FaDu	FADU	HPHSC	Head and Neck	Head and Neck Squamous Cell Carcinoma	Hypopharynx Squamous Cell Carcinoma	HPHSC		CVCL_1218	56.0	Adult	Male	caucasian	Primary	upper_aerodigestive_tract	ATCC		HTB-43	Cell Line											Adherent	MF-006-001	MEM + 10% FBS	False						FADU_UPPER_AERODIGESTIVE_TRACT		False	Approved for public sharing - CCLE		1170.0	SIDM00860	906863.0		False	False	Head and Neck	0.4303740813114803
ACH-000847	-0.07398410831749644	-0.29919069486830213	-0.3772716875701956	-0.33481314558303366	0.2587606953035984	0.07398410831749644	PT-dAMXIu	HGC-27	HGC27	STAD	Esophagus/Stomach	Esophagogastric Adenocarcinoma	Stomach Adenocarcinoma	STAD		CVCL_1279		Unknown	Unknown	asian	Metastatic	lymph_node	ECACC		94042256	Cell Line											Adherent	MF-006-002	MEM + 10% FBS + 2mM Glutamine + 100uM NEAA	False						HGC27_STOMACH		False	Approved for public sharing - CCLE		1102.0	SIDM00290	907055.0		False	False	Esophagus/Stomach	0.16963257726156547
ACH-000848	-0.21599514977794254	-0.1890669368818576	-0.22170776618310015	0.17994472664733782	-0.2498973702404692	0.21599514977794254	PT-WkfAGI	JHH-7	JHH7	HCC	Liver	Hepatocellular Carcinoma	Hepatocellular Carcinoma	HCC		CVCL_2805	53.0	Adult	Male	asian	Primary	liver	HSRRB		JCRB1031	Cell Line											Adherent	MF-022-001	William's E medium + 10% FBS	False						JHH7_LIVER		False	Approved for public sharing - CCLE		1038.0	SIDM00614	1240160.0		False	False	Liver	0.49523897450508736
ACH-000849	-0.1816424501175593	-0.19968248017387155	-0.1443319344028115	-0.3971365758282374	0.7391303107648818	0.1816424501175593	PT-58loXx	MDA-MB-468	MDAMB468	BRCA	Breast	Invasive Breast Carcinoma	Invasive Breast Carcinoma	BRCA		CVCL_0419	51.0	Adult	Female	black_or_african_american	Metastatic	pleural_effusion	ATCC			Cell Line											Adherent	MF-002-001	DMEM + 10% FBS	False						MDAMB468_BREAST		False	Approved for public sharing - CCLE	basal_A TNBC	415.0	SIDM00628	908123.0		False	False	Breast	0.41647426257160297
ACH-000850	-0.17589329533414094	-0.18911005611690646	0.16557828113472037	0.14854218500083427	0.5771373938842228	0.17589329533414094	PT-Vb9Y0H	Hs 698.T	HS698T	ZFIBCOL	Fibroblast	Non-Cancerous	Fibroblast, Colorectal			CVCL_0855	70.0	Adult	Male	american_indian_or_native_american	Metastatic	soft_tissue	ATCC		CRL-7435	Cell Line											Adherent	MF-002-001	DMEM + 10% FBS	False						HS698T_FIBROBLAST		False	Approved for public sharing - CCLE			SIDM01705			False	False	Fibroblast	0.4032924595443672
ACH-000851	-0.23176469347164472	-0.21316489953870987	-0.40802946253561945	-0.2790337625658892	0.4662427274581299	0.23176469347164472	PT-klVvXs	MOR/CPR	MORCPR	LUAD	Lung	Non-Small Cell Lung Cancer	Lung Adenocarcinoma	LUAD		CVCL_2620		Unknown	Unknown		Primary	lung	ECACC			Cell Line											Adherent	MF-001-001	RPMI + 10% FBS	False						MORCPR_LUNG		False	Approved for public sharing - CCLE						False	False	Lung	0.5313957708744091
ACH-000852	-0.241544925629209	0.32334110532437776	-0.29360934717446086	-0.3063627748653459	0.6716246451778505	0.241544925629209	PT-9wHWAd	NCI-H1435	NCIH1435	LUAD	Lung	Non-Small Cell Lung Cancer	Lung Adenocarcinoma	LUAD		CVCL_1470	35.0	Adult	Female		Primary	lung	ATCC		CRL-5870	Cell Line											Mixed	MF-001-014	RPMI + 5% FBS	False						NCIH1435_LUNG		False	Approved for public sharing - CCLE		2119.0	SIDM00658	1298347.0		False	False	Lung	0.553820126926447
ACH-000853	0.03732226507243746	0.048791962928952624	0.48879480121661956	1.0543875697696374	0.32252373250267113	-0.03732226507243746	PT-FGrsoV	NCI-H661	NCIH661	LCLC	Lung	Non-Small Cell Lung Cancer	Large Cell Lung Carcinoma	LCLC		CVCL_1577	43.0	Adult	Male	caucasian	Metastatic	lymph_node	ATCC		HTB-183	Cell Line											Adherent	MF-001-001	RPMI + 10% FBS	False						NCIH661_LUNG		False	Approved for public sharing - CCLE		107.0	SIDM01122	687829.0		False	False	Lung	-0.08557340430876882
ACH-000854	1.0357256321684152	1.019221617442222	1.0329002173557489	-0.18231536203708856	-0.7257296406491848	-1.0357256321684152	PT-y6VHrf	OCI-MY5	OCIMY5	PCM	Lymphoid	Mature B-Cell Neoplasms	Plasma Cell Myeloma	PCM		CVCL_E332		Unknown	Male			haematopoietic_and_lymphoid_tissue	Dana-Farber Cancer Institute	Constantine Mitsiades		Cell Line											Mixed	MF-001-001	RPMI + 10% FBS	False						OCIMY5_HAEMATOPOIETIC_AND_LYMPHOID_TISSUE		False	Approved for public sharing - CCLE						False	False	Lymphoid	-2.37473712012074
ACH-000855	-0.30500340950411814	-0.31864123589711485	-0.3947606693064192	-0.685162455815674	1.0315196095508796	0.30500340950411814	PT-8JwTBr	KYSE-150	KYSE150	ESCC	Esophagus/Stomach	Esophageal Squamous Cell Carcinoma	Esophageal Squamous Cell Carcinoma	ESCC		CVCL_1348	49.0	Adult	Female	asian	Primary	oesophagus	DSMZ		ACC 375	Cell Line											Adherent	MF-011-002	RPMI:F12 (1:1) + 10% FBS	False						KYSE150_OESOPHAGUS		False	Approved for public sharing - CCLE		407.0	SIDM01031	907317.0		False	False	Esophagus/Stomach	0.6993192944316746
ACH-000856	-0.2500856514559874	-0.3181793884762894	0.05479307445905029	0.6053365123063918	0.1419379580173064	0.2500856514559874	PT-PgOEtc	CAL-51	CAL51	BRCA	Breast	Invasive Breast Carcinoma	Invasive Breast Carcinoma	BRCA		CVCL_1110	45.0	Adult	Female		Metastatic	pleural_effusion	DSMZ			Cell Line											Adherent	MF-002-009	DMEM + 20% FBS	False						CAL51_BREAST		False	Approved for public sharing - CCLE	basal_B TNBC	4.0	SIDM00933	910927.0		False	False	Breast	0.5734025124769152
ACH-000857	-0.25019367312195984	-0.23954574635646392	0.020645341850880343	-0.24412945053603377	0.10667308132588264	0.25019367312195984	PT-IcfZvW	CAL-85-1	CAL851	IDC	Breast	Invasive Breast Carcinoma	Breast Invasive Ductal Carcinoma	IDC		CVCL_1114	35.0	Adult	Female		Primary	breast	DSMZ			Cell Line											Adherent	MF-002-001	DMEM + 10% FBS	False						CAL851_BREAST		False	Approved for public sharing - CCLE	basal TNBC	113.0	SIDM00928	910852.0		False	False	Breast	0.5736501872007946
ACH-000858	0.28650666215273674	0.2719117395048694	-0.12837752018417412	0.26922347570074556	-0.4230824772805947	-0.28650666215273674	PT-obWM4y	KNS-62	KNS62	LUSC	Lung	Non-Small Cell Lung Cancer	Lung Squamous Cell Carcinoma	LUSC		CVCL_1335	49.0	Adult	Male		Metastatic	central_nervous_system	ATCC		Cannot find on ATCC website	Cell Line											Adherent	MF-003-001	AlphaMEM + 10% FBS	False						KNS62_LUNG		False	Approved for public sharing - CCLE		1369.0	SIDM00606	753569.0		False	False	Lung	-0.6569094986589675
ACH-000859	-0.08176490808425788	-0.1906664362463764	0.1536518733147939	-0.19908708293978522	0.8961412946388324	0.08176490808425788	PT-603OA3	HCC1954	HCC1954	IDC	Breast	Invasive Breast Carcinoma	Breast Invasive Ductal Carcinoma	IDC		CVCL_1259	61.0	Adult	Female	east_indian	Primary	breast	ATCC		CRL-2338	Cell Line							2A		3		Adherent	MF-001-001	RPMI + 10% FBS	False						HCC1954_BREAST		False	Approved for public sharing - CCLE	ER-/PR-/HER2+	2143.0	SIDM00872	749709.0		False	False	Breast	0.1874725857121342
ACH-000860	0.008142347944250117	-0.2240475072635968	0.31921917630026636	1.0112853685207832	0.39445436847877485	-0.008142347944250117	PT-W8OaFq	NCI-H358	NCIH358	LUAD	Lung	Non-Small Cell Lung Cancer	Lung Adenocarcinoma	LUAD		CVCL_1559		Unknown	Male		Primary	lung	ATCC		CRL-5807	Cell Line											Adherent	MF-001-001	RPMI + 10% FBS	False						NCIH358_LUNG		False	Approved for public sharing - CCLE		1691.0	SIDM00718	908465.0		False	False	Lung	-0.018668974975223324
ACH-000861	-0.2428146381548108	-0.20069890325700654	-0.052207466917331254	-0.21173526356766043	0.05768296381959984	0.2428146381548108	PT-ExToNn	HOP-62	HOP62	LUAD	Lung	Non-Small Cell Lung Cancer	Lung Adenocarcinoma	LUAD		CVCL_1285	60.0	Adult	Female		Primary	lung	Academic lab			Cell Line											Adherent	MF-001-001	RPMI + 10% FBS	False						HOP62_LUNG		False	Approved for public sharing - CCLE		1500.0	SIDM00133	905972.0		False	False	Lung	0.5567313549319913
ACH-000862	1.4222561405968426	0.9979405794145703	0.36434996851218077	0.5383379787698418	0.7715143945533545	-1.4222561405968426	PT-y8P9Yk	KMBC-2	KMBC2	BLCA	Bladder/Urinary Tract	Bladder Urothelial Carcinoma	Bladder Urothelial Carcinoma	BLCA		CVCL_2977		Unknown	Unknown		Primary	urinary_tract	HSRRB		JCRB1148	Cell Line											Adherent	MF-002-001	DMEM + 10% FBS	False						KMBC2_URINARY_TRACT		False	Approved for public sharing - CCLE						False	False	Bladder/Urinary Tract	-3.260983745592757
ACH-000863	-0.3823267692634634	-0.37560628785563027	-0.09972243587975942	-0.43852072909380424	-0.09969559995168162	0.3823267692634634	PT-LeOcTX	DBTRG-05MG	DBTRG05MG	GB	CNS/Brain	Adult-Type Diffuse Glioma	Glioblastoma, IDH-Wildtype	GB		CVCL_1169	59.0	Adult	Female	caucasian	Primary	central_nervous_system	ATCC		CRL-2020	Cell Line											Adherent	MF-001-049	RPMI + 10% FBS + 30 mg/L Proline + 35 mg/L Cystine + 3.57 g/L HEPES +15 mg/L Hypoxanthine +1 mg/L ATP +10 mg/L Adenine + 1 mg/L Thymidine	False						DBTRG05MG_CENTRAL_NERVOUS_SYSTEM		False	Approved for public sharing - CCLE		1784.0	SIDM00867	906835.0		False	False	CNS/Brain	0.8766081892604446
ACH-000864	0.47721643095143834	0.42827988563178376	0.17049354856162124	-0.2632555600774812	0.24104539338338998	-0.47721643095143834	PT-8fO9EH	COLO 684	COLO684	UCEC	Uterus	Endometrial Carcinoma	Endometrial Carcinoma	UCEC		CVCL_1132	63.0	Adult	Female	black_or_african_american	Primary	endometrium	ECACC			Cell Line											Suspension	MF-001-003	RPMI + 10% FBS + 2mM Glutamine	False						COLO684_ENDOMETRIUM		False	Approved for public sharing - CCLE		218.0	SIDM00142	910691.0		False	False	Uterus	-1.0941735317868828
ACH-000865	-0.2605044488775679	-0.2986444388213527	0.019935659231221967	0.6937502701408567	-0.20497798636444617	0.2605044488775679	PT-zNE9qB	KYSE-450	KYSE450	ESCC	Esophagus/Stomach	Esophageal Squamous Cell Carcinoma	Esophageal Squamous Cell Carcinoma	ESCC		CVCL_1353	59.0	Adult	Male	asian	Primary	oesophagus	DSMZ		ACC 387	Cell Line											Adherent	MF-011-002	RPMI:F12 (1:1) + 10% FBS	False						KYSE450_OESOPHAGUS		False	Approved for public sharing - CCLE		60.0	SIDM01027	907320.0		False	False	Esophagus/Stomach	0.5972909866206375
ACH-000866	-0.1250527145768448	-0.16505268934073292	-0.08748111470825319	-0.06697119849485293	-0.2718994966971307	0.1250527145768448	PT-l2795j	NCI-H1048	NCIH1048	SCLC	Lung	Lung Neuroendocrine Tumor	Small Cell Lung Cancer	SCLC		CVCL_1453	53.0	Adult	Female		Metastatic	pleural_effusion	ATCC		CRL-5853	Cell Line											Adherent	MF-007-010	DMEM:F12 + 5% FBS + 2mM Glutamine + 5ug/ml Insulin + 10ug/ml Transferrin + 30nM Selenium + 10nM Hydrocortisone + 10nM beta-Estradiol	False						NCIH1048_LUNG		False	Approved for public sharing - CCLE		1875.0	SIDM00654	687995.0		False	False	Lung	0.28672392963352744
ACH-000867	-0.16973106241359137	-0.22814841142201173	0.23920771885381958	-0.28175372247503033	0.4883732961986595	0.16973106241359137	PT-3nyeTa	ChaGo-K-1	CHAGOK1	NSCLC	Lung	Non-Small Cell Lung Cancer	Non-Small Cell Lung Cancer	NSCLC		CVCL_1121	45.0	Adult	Male		Metastatic	lung	ECACC		96020948	Cell Line											Adherent	MF-001-001	RPMI + 10% FBS	False						CHAGOK1_LUNG		False	Approved for public sharing - CCLE		1605.0	SIDM00924	687596.0		False	False	Lung	0.3891635408377579
ACH-000868	0.42422518327625003	0.7258005290129431	0.9466477554297899	1.1695347942772434	0.28394641503549384	-0.42422518327625003	PT-Js0sCN	HCC-1195	HCC1195	LUAS	Lung	Non-Small Cell Lung Cancer	Lung Adenosquamous Carcinoma	LUAS		CVCL_5127	47.0	Adult	Male	black_or_african_american	Primary	lung	KCLB		71195	Cell Line											Adherent	MF-001-005	RPMI + 10% FBS + 2mM Glutamine + 25mM HEPES + 25mM Sodium bicarbonate	False						HCC1195_LUNG		False	Approved for public sharing - CCLE						False	False	Lung	-0.972673900043368
ACH-000869	-0.215887115696448	-0.18084350582676542	0.2348961630871009	0.0010816985887047298	0.9176644970238529	0.215887115696448	PT-JylhbS	NCI-H1568	NCIH1568	LUAD	Lung	Non-Small Cell Lung Cancer	Lung Adenocarcinoma	LUAD		CVCL_1476	48.0	Adult	Female	caucasian	Metastatic	lymph_node	ATCC		CRL-5876	Cell Line											Adherent	MF-001-001	RPMI + 10% FBS	False						NCIH1568_LUNG		False	Approved for public sharing - CCLE		711.0	SIDM00750	1298348.0		False	False	Lung	0.4949912713145946
ACH-000870	-0.07237710367980982	-0.19269587622841503	0.24868192195530747	0.7170853660453222	-0.11894115380679435	0.07237710367980982	PT-J3fuZ3	NCI-H1930	NCIH1930	SCLC	Lung	Lung Neuroendocrine Tumor	Small Cell Lung Cancer	SCLC		CVCL_1507	41.0	Adult	Male	caucasian	Metastatic	lymph_node	ATCC		CRL-5906	Cell Line											Mixed	MF-001-001	RPMI + 10% FBS	False						NCIH1930_LUNG		False	Approved for public sharing - CCLE						False	False	Lung	0.16594799763275883
ACH-000871	0.08652154606648688	-0.31343356272943423	0.4985573017769603	1.4728536230967548	0.6643069164825295	-0.08652154606648688	PT-IG35r8	NCI-H510	NCIH510	SCLC	Lung	Lung Neuroendocrine Tumor	Small Cell Lung Cancer	SCLC		CVCL_1565	56.0	Adult	Male	caucasian	Metastatic	autonomic_ganglia	ATCC			Cell Line											Mixed	MF-007-001	DMEM:F12 + 10% FBS	False						NCIH510_LUNG		False	Approved for public sharing - CCLE		919.0	SIDM00927	753605.0		False	False	Lung	-0.19837872188617706
ACH-000872	-0.26311996157385426	-0.2709666133652008	0.17173861696066342	0.5589449938969863	0.011472204612878345	0.26311996157385426	PT-CXILSG	HCC515	HCC515	LUAD	Lung	Non-Small Cell Lung Cancer	Lung Adenocarcinoma	LUAD		CVCL_5136	39.0	Adult	Female		Primary	lung	University of Texas Southwestern			Cell Line											Adherent	MF-001-001	RPMI + 10% FBS	False						HCC515_LUNG		False	Approved for public sharing - CCLE						False	False	Lung	0.6032878982496511
ACH-000873	0.0031279900739478936	0.0009911508786701329	0.4506993499826259	0.41049177933274034	0.3619959805392102	-0.0031279900739478936	PT-8iaWjG	KYSE-270	KYSE270	ESCC	Esophagus/Stomach	Esophageal Squamous Cell Carcinoma	Esophageal Squamous Cell Carcinoma	ESCC		CVCL_1350	79.0	Adult	Male	asian	Primary	oesophagus	DSMZ		ACC 380	Cell Line											Adherent	MF-011-002	RPMI:F12 (1:1) + 10% FBS	False						KYSE270_OESOPHAGUS		False	Approved for public sharing - CCLE		1518.0	SIDM01029	907319.0		False	False	Esophagus/Stomach	-0.007171932323835131
ACH-000874	-0.3189783649493965	-0.3213105166968383	-0.436066005772847	-0.3223105464002497	-1.2244273273741246	0.3189783649493965	PT-eEEvwF	RS4;11	RS411	BALL	Lymphoid	B-Cell Acute Lymphoblastic Leukemia	B-Cell Acute Lymphoblastic Leukemia		KMT2A-AFF1	CVCL_0093	32.0	Adult	Female	caucasian	Primary	bone_marrow	ATCC			Cell Line											Suspension	MF-001-001	RPMI + 10% FBS	False						RS411_HAEMATOPOIETIC_AND_LYMPHOID_TISSUE		True	Approved for public sharing - CCLE	KMT2A::AFF1	862.0	SIDM01086	909703.0		False	False	Lymphoid	0.7313614148709028
ACH-000875	-0.05852452999632263	-0.20606000132766678	0.5346927517985267	1.4830140239337477	0.37333551478912447	0.05852452999632263	PT-SrAh0r	NCI-H2347	NCIH2347	LUAD	Lung	Non-Small Cell Lung Cancer	Lung Adenocarcinoma	LUAD		CVCL_1550	54.0	Adult	Female	caucasian	Primary	lung	ATCC		CRL-5942	Cell Line											Mixed	MF-001-001	RPMI + 10% FBS	False						NCIH2347_LUNG		False	Approved for public sharing - CCLE		337.0	SIDM00726	687820.0		False	False	Lung	0.13418647709713924
ACH-000876	-0.047918316856827875	0.06521089948662945	-0.01259482101683912	-0.42665318575991906	-0.25001872560444866	0.047918316856827875	PT-FjJcwU	MDA-MB-415	MDAMB415	BRCA	Breast	Invasive Breast Carcinoma	Invasive Breast Carcinoma	BRCA		CVCL_0621	38.0	Adult	Female	caucasian	Metastatic	pleural_effusion	ATCC			Cell Line											Adherent	MF-021-008	L-15 + 15% FBS + 2mM Glutamine + 10ug/ml Insulin + 10ug/ml Glutathione	False						MDAMB415_BREAST		False	Approved for public sharing - CCLE	luminal ER+, HER2+	344.0	SIDM00630	924240.0		False	False	Breast	0.10986829160091029
ACH-000877	0.031243941025086742	-0.0171077465409967	-0.1086583460996646	-0.8037833525165944	-0.14961007424930967	-0.031243941025086742	PT-Lz3i3Q	EB1	EB1	BL	Lymphoid	Mature B-Cell Neoplasms	Burkitt Lymphoma	BL	TP53 Gly244Asp	CVCL_2027	9.0	Pediatric	Female	black_or_african_american	Primary	bone	ATCC		HTB-60	Cell Line											Suspension	MF-001-001	RPMI + 10% FBS	False						EB1_HAEMATOPOIETIC_AND_LYMPHOID_TISSUE		True	Approved for public sharing - CCLE			SIDM00862			False	False	Lymphoid	-0.0716368739236454
ACH-000878	0.27491151037178396	0.3166295027065911	-0.01944491310833578	0.2643584407614986	-0.24592163141279114	-0.27491151037178396	PT-WMdXaj	HCC-15	HCC15	LUSC	Lung	Non-Small Cell Lung Cancer	Lung Squamous Cell Carcinoma	LUSC		CVCL_2057	47.0	Adult	Male	black_or_african_american	Primary	lung	DSMZ		ACC 496	Cell Line											Adherent	MF-001-001	RPMI + 10% FBS	False						HCC15_LUNG		False	Approved for public sharing - CCLE		1368.0	SIDM01072	1240143.0		False	False	Lung	-0.6303238504018959
ACH-000879	-0.2156958998829987	-0.21212538418623997	-0.3244660587560156	-0.24289978683329894	0.2004803333105607	0.2156958998829987	PT-wMzIqz	MFE-296	MFE296	UCEC	Uterus	Endometrial Carcinoma	Endometrial Carcinoma	UCEC		CVCL_1406	68.0	Adult	Female	caucasian	Primary	endometrium	DSMZ		ACC 419	Cell Line											Adherent	MF-006-008	MEM + 10% FBS + 2mM Glutamine	False						MFE296_ENDOMETRIUM		False	Approved for public sharing - CCLE		920.0	SIDM00334	908130.0		False	False	Uterus	0.49455284700988617
ACH-000880	-0.22607527009817854	-0.18081403316585987	-0.4098198329129203	-0.7859185065766154	0.7499530189486924	0.22607527009817854	PT-VHRCrj	AGS	AGS	STAD	Esophagus/Stomach	Esophagogastric Adenocarcinoma	Stomach Adenocarcinoma	STAD		CVCL_0139	54.0	Adult	Female	caucasian	Primary	stomach	ATCC		CRL-1739	Cell Line											Adherent	MF-028-001	F-12K + 10% FBS	False						AGS_STOMACH		False	Approved for public sharing - CCLE		1011.0	SIDM00850	906790.0		False	False	Esophagus/Stomach	0.5183509214882198
ACH-000881	-0.3059952989997464	-0.31187986538085194	-0.2987907550193636	-0.05067137513875569	0.17245166063265432	0.3059952989997464	PT-9PTPLm	MEL-JUSO	MELJUSO	SKCM	Skin	Melanoma	Cutaneous Melanoma	SKCM		CVCL_1403	58.0	Adult	Female		Primary	skin	DSMZ		ACC 74	Cell Line											Adherent	MF-001-001	RPMI + 10% FBS	False						MELJUSO_SKIN		False	Approved for public sharing - CCLE		626.0	SIDM00336	908125.0		False	False	Skin	0.7015935229832987
ACH-000882	-0.3498562129032433	-0.1779429051976051	-0.2519644564501122	-0.17038526206757287	-0.5689058037124667	0.3498562129032433	PT-MRf5jM	IGR-1	IGR1	MEL	Skin	Melanoma	Melanoma	MEL		CVCL_1303	42.0	Adult	Male		Metastatic	lymph_node	DSMZ		ACC 236	Cell Line											Adherent	MF-002-001	DMEM + 10% FBS	False						IGR1_SKIN		False	Approved for public sharing - CCLE		1534.0	SIDM01060	907169.0		False	False	Skin	0.8021589016260832
ACH-000883	-0.26132625228534945	-0.10561595472358493	0.13121844358596738	-0.45405106527872696	0.5865212854003171	0.26132625228534945	PT-u7Vp6O	SW 1783	SW1783	ASTR3	CNS/Brain	Adult-Type Diffuse Glioma	Astrocytoma, IDH-Mutant, Grade 3	ASTR3		CVCL_1722	68.0	Adult	Male	caucasian	Primary	central_nervous_system	ATCC		HTB-13	Cell Line											Adherent	MF-001-001	RPMI + 10% FBS	False						SW1783_CENTRAL_NERVOUS_SYSTEM		True	Approved for public sharing - CCLE		1453.0	SIDM01164	909750.0		False	False	CNS/Brain	0.5991752376204073
ACH-000884	-0.22759782439988166	0.08062529356019812	-0.23389708230596	-0.6711481398961654	-0.11378763665471181	0.22759782439988166	PT-3NwoWt	MDA-MB-435S	MDAMB435S	MEL	Skin	Melanoma	Melanoma	MEL		CVCL_0622	31.0	Adult	Unknown	caucasian	Metastatic	skin	ATCC		HTB-129	Cell Line											Adherent	MF-001-001	RPMI + 10% FBS	False					SNP fingerprinting confirms that this line is an M14 derivative. DepMap metadata has been updated (as of 22Q2) to reflect this.	MDAMB435S_SKIN		False	Approved for public sharing - CCLE			SIDM01222			False	False	Skin	0.521841871316394
ACH-000885	-0.37032127217454797	-0.35894952072722025	0.1669460517418855	0.941600271533876	0.5971263509938242	0.37032127217454797	PT-6zI98h	TOV-21G	TOV21G	CCOV	Ovary/Fallopian Tube	Ovarian Epithelial Tumor	Clear Cell Ovarian Cancer	CCOV		CVCL_3613	62.0	Adult	Female		Primary	ovary	ATCC		CRL-11730	Cell Line											Adherent	MF-044-001	MCDB 105:Medium 199 (1:1) + 15% FBS + 1.5g/l Sodium bicarbonate	False						TOV21G_OVARY		False	Approved for public sharing - CCLE		700.0	SIDM01169	1240222.0		False	False	Ovary/Fallopian Tube	0.8490816912217121
ACH-000886	-0.12603825391207912	-0.3039783789862395	-0.016793259824980922	0.5430789453986399	0.5921539935675194	0.12603825391207912	PT-bwPYLi	NCI-H2009	NCIH2009	LUAD	Lung	Non-Small Cell Lung Cancer	Lung Adenocarcinoma	LUAD		CVCL_1514	68.0	Adult	Female	caucasian	Metastatic	lymph_node	ATCC		CRL-5911	Cell Line											Adherent	MF-007-010	DMEM:F12 + 5% FBS + 2mM Glutamine + 5ug/ml Insulin + 10ug/ml Transferrin + 30nM Selenium + 10nM Hydrocortisone + 10nM beta-Estradiol	False						NCIH2009_LUNG		False	Approved for public sharing - CCLE		79.0	SIDM00756	724873.0		False	False	Lung	0.2889835983817268
ACH-000887	-0.30151698953623285	-0.29644561931624736	0.0605393360094065	0.157300203919403	0.0578425438516023	0.30151698953623285	PT-Wth0p2	SF-172	SF172	GB	CNS/Brain	Adult-Type Diffuse Glioma	Glioblastoma, IDH-Wildtype	GB		CVCL_V613	36.0	Adult	Female		Primary	central_nervous_system	Academic lab	Linda Chin		Cell Line											Adherent	MF-002-001	DMEM + 10% FBS	False						SF172_CENTRAL_NERVOUS_SYSTEM		False	Approved for public sharing - CCLE						False	False	CNS/Brain	0.6913255452601555
ACH-000888	0.26632869235009093	0.23715802419447904	0.6187506494930745	0.9242912444152089	0.6607729592282984	-0.26632869235009093	PT-JWHrxe	NCI-H1793	NCIH1793	LUAD	Lung	Non-Small Cell Lung Cancer	Lung Adenocarcinoma	LUAD		CVCL_1496	52.0	Adult	Female		Primary	lung	ATCC		CRL-5896	Cell Line											Adherent	MF-007-010	DMEM:F12 + 5% FBS + 2mM Glutamine + 5ug/ml Insulin + 10ug/ml Transferrin + 30nM Selenium + 10nM Hydrocortisone + 10nM beta-Estradiol	False						NCIH1793_LUNG		False	Approved for public sharing - CCLE		934.0	SIDM00755	908463.0		False	False	Lung	-0.6106449548350423
ACH-000889	0.8721970345710268	0.6981990024270389	0.670399865553439	-0.5393555950461042	0.5450377503970872	-0.8721970345710268	PT-xlEnkN	KMM-1	KMM1	PCM	Lymphoid	Mature B-Cell Neoplasms	Plasma Cell Myeloma	PCM		CVCL_2981	62.0	Adult	Male	asian	Primary	haematopoietic_and_lymphoid_tissue	HSRRB			Cell Line											Mixed	MF-001-001	RPMI + 10% FBS	False						KMM1_HAEMATOPOIETIC_AND_LYMPHOID_TISSUE		False	Approved for public sharing - CCLE						False	False	Lymphoid	-1.9997947426662257
ACH-000890	-0.03446434683021457	-0.232545155513176	0.34393129699998964	0.891221351421568	0.7625674789473186	0.03446434683021457	PT-Np75OL	SW 1271	SW1271	SMARCA4-UT	Lung	SMARCA4-deficient undifferentiated tumor	SMARCA4-deficient undifferentiated tumor			CVCL_1716	69.0	Adult	Male	caucasian	Primary	lung	ATCC		CRL-2177	Cell Line											Adherent	MF-001-001	RPMI + 10% FBS	False						SW1271_LUNG		False	Approved for public sharing - CCLE		2037.0	SIDM01156	1299062.0		False	False	Lung	0.07902069930149018
ACH-000891	-0.1894242803658402	-0.18151927577595206	0.25929282489571137	1.1629134465219033	1.2716773705183981	0.1894242803658402	PT-T3jta4	HCC-1438	HCC1438	LCLC	Lung	Non-Small Cell Lung Cancer	Large Cell Lung Carcinoma	LCLC		CVCL_L088	43.0	Adult	Male		Primary	lung	KCLB		71438	Cell Line											Adherent	MF-001-005	RPMI + 10% FBS + 2mM Glutamine + 25mM HEPES + 25mM Sodium bicarbonate	False						HCC1438_LUNG		False	Approved for public sharing - CCLE						False	False	Lung	0.43431663373546164
ACH-000892	-0.23243425466994305	-0.2366920078782756	0.3525143278841907	-0.029253827096704786	0.5517343960083025	0.23243425466994305	PT-msHTlh	NCI-H1563	NCIH1563	LUAD	Lung	Non-Small Cell Lung Cancer	Lung Adenocarcinoma	LUAD		CVCL_1475		Unknown	Male		Primary	lung	ATCC		CRL-5875	Cell Line											Adherent	MF-001-001	RPMI + 10% FBS	False						NCIH1563_LUNG		False	Approved for public sharing - CCLE		1402.0	SIDM00751	753600.0		False	False	Lung	0.532930957204077
ACH-000893	0.32279116224312054	0.28701480054843126	1.062420257833862	1.3047356258507832	0.3225299516981774	-0.32279116224312054	PT-yo5QST	NCI-H1651	NCIH1651	LUAD	Lung	Non-Small Cell Lung Cancer	Lung Adenocarcinoma	LUAD		CVCL_1484	71.0	Adult	Male		Primary	lung	ATCC		CRL-5884	Cell Line											Adherent	MF-007-020	DMEM:F12 + 10%FBS + 2mM Glutamine + 20ug/ml Insulin + 10ug/ml Transferrin + 25nM Sodium Selenite + 50nM Hydrocortisone + 1ng/ml EGF + 10uM Ethanolamine + 10uM Phosphorylethanolamine + 100pM Triiodo-L-Thyronine + 0.5% BSA + 10mM HEPES + 500uM Sodium Pyruvate	False						NCIH1651_LUNG		False	Approved for public sharing - CCLE		1828.0	SIDM00744	910900.0		False	False	Lung	-0.7401034899762045
ACH-000894	-0.3271395595986635	-0.35476674619381476	0.24229055180540085	0.9160498298514557	0.37147431084784316	0.3271395595986635	PT-RPtiPJ	NCI-H1869	NCIH1869	LUSC	Lung	Non-Small Cell Lung Cancer	Lung Squamous Cell Carcinoma	LUSC		CVCL_1500	58.0	Adult	Male	caucasian	Metastatic	pleural_effusion	ATCC		CRL-5900	Cell Line											Adherent	MF-007-020	DMEM:F12 + 10%FBS + 2mM Glutamine + 20ug/ml Insulin + 10ug/ml Transferrin + 25nM Sodium Selenite + 50nM Hydrocortisone + 1ng/ml EGF + 10uM Ethanolamine + 10uM Phosphorylethanolamine + 100pM Triiodo-L-Thyronine + 0.5% BSA + 10mM HEPES + 500uM Sodium Pyruvate	False						NCIH1869_LUNG		False	Approved for public sharing - CCLE		90.0	SIDM00768	1240183.0		False	False	Lung	0.7500736020334133
ACH-000895	-0.1740685703081139	0.21456068803611641	-0.1578160680742205	-0.09489220229842817	0.1912121093277297	0.1740685703081139	PT-LoHukX	CL-34	CL34	COAD	Bowel	Colorectal Adenocarcinoma	Colon Adenocarcinoma	COAD		CVCL_1980		Unknown	Female		Primary	Colon	DSMZ		ACC 520	Cell Line											Adherent	MF-007-019	DMEM:F12 + 20% FBS	False						CL34_LARGE_INTESTINE		False	Approved for public sharing - CCLE	MSI	1005.0	SIDM00945	1290771.0		False	False	Bowel	0.39910868527178545
ACH-000896	-0.38185342677522693	-0.3807228171894478	-0.06888401955846025	-0.22271663514411294	0.6490142061024666	0.38185342677522693	PT-bDT6oy	647-V	647V	BLCA	Bladder/Urinary Tract	Bladder Urothelial Carcinoma	Bladder Urothelial Carcinoma	BLCA		CVCL_1049	59.0	Adult	Male		Primary	urinary_tract	DSMZ		414	Cell Line											Adherent	MF-002-015	DMEM + 15% FBS + 2mM Glutamine	False						647V_URINARY_TRACT		False	Approved for public sharing - CCLE		2061.0	SIDM00983	906797.0		False	False	Bladder/Urinary Tract	0.8755228979994838
ACH-000897	0.006870672398369429	-0.07251360348655722	0.3479651958530813	0.8091862531969978	0.5944656989202979	-0.006870672398369429	PT-ZSsyUS	FTC-238	FTC238	THFO	Thyroid	Well-Differentiated Thyroid Cancer	Follicular Thyroid Cancer	THFO		CVCL_2447	42.0	Adult	Male		Metastatic	lung	ECACC		94060902	Cell Line											Adherent	MF-007-024	DMEM:F12 + 5% FBS + 2mM Glutamine	False						FTC238_THYROID		False	Approved for public sharing - CCLE			SIDM00228			True	True	Thyroid	-0.015753246108660312
ACH-000898	-0.19603475219179592	0.4239324601075472	-0.11943031322082713	-0.01902868900570001	0.3862520329230703	0.19603475219179592	PT-lvKDUW	SNU-719	SNU719	TSTAD	Esophagus/Stomach	Esophagogastric Adenocarcinoma	Tubular Stomach Adenocarcinoma	TSTAD		CVCL_5086	53.0	Adult	Male	asian	Primary	stomach	KCLB		719	Cell Line											Mixed	MF-001-003	RPMI + 10% FBS + 2mM Glutamine	False						SNU719_STOMACH		False	Approved for public sharing - CCLE						False	False	Esophagus/Stomach	0.4494732855929072
ACH-000899	-0.36671369399571063	-0.037936438309644285	-0.44412569019691805	-0.5240624602915932	0.06413781782179455	0.36671369399571063	PT-j60QIc	WM88	WM88	MEL	Skin	Melanoma	Melanoma	MEL		CVCL_6805		Unknown	Male		Metastatic	skin	Rockland Immunochemicals, Inc.		WM88-01-0001	Cell Line											Unknown	MF-001-001	RPMI + 10% FBS	False						WM88_SKIN		False	Approved for public sharing - CCLE			SIDM01768			False	False	Skin	0.8408101475339436
ACH-000900	-0.2733984759963663	-0.24642555587585246	0.1583236770652567	0.5999330554457798	0.6214886366019009	0.2733984759963663	PT-rWMXJp	NCI-H23	NCIH23	LUAD	Lung	Non-Small Cell Lung Cancer	Lung Adenocarcinoma	LUAD		CVCL_1547	51.0	Adult	Male	black_or_african_american	Primary	lung	ATCC		CRL-5800	Cell Line											Adherent	MF-001-001	RPMI + 10% FBS	False						NCIH23_LUNG		False	Approved for public sharing - CCLE		2108.0	SIDM00138	905942.0		False	False	Lung	0.6268547280940888
ACH-000901	-0.23289980033047097	-0.19865778368168122	-0.05043609648092613	0.3205419295580977	0.9265803335075516	0.23289980033047097	PT-gBcBSy	HCC-1359	HCC1359	GCLC	Lung	Non-Small Cell Lung Cancer	Giant Cell Carcinoma of the Lung	GCLC		CVCL_5128	55.0	Adult	Female	black_or_african_american	Primary	lung	KCLB		71359	Cell Line											Adherent	MF-001-001	RPMI + 10% FBS	False						HCC1359_LUNG		False	Approved for public sharing - CCLE						False	False	Lung	0.5339983717073294
ACH-000902	0.5704549020236961	-0.20086970078338556	0.7568562156137004	0.16084383246002648	0.4664425170448783	-0.5704549020236961	PT-vbLgiZ	CAL-148	CAL148	IDC	Breast	Invasive Breast Carcinoma	Breast Invasive Ductal Carcinoma	IDC		CVCL_1106	58.0	Adult	Female		Metastatic	pleural_effusion	DSMZ			Cell Line											Mixed	MF-002-003	DMEM + 10% FBS + 2mM Glutamine	False						CAL148_BREAST		False	Approved for public sharing - CCLE	luminal HER2+	1610.0	SIDM00938	924106.0		False	False	Breast	-1.3079529839908721
ACH-000903	0.3083150802729381	0.35610027880136935	0.9047150735644143	1.0444460631256065	0.9850247453153805	-0.3083150802729381	PT-ZSsyUS	FTC-133	FTC133	THFO	Thyroid	Well-Differentiated Thyroid Cancer	Follicular Thyroid Cancer	THFO		CVCL_1219	42.0	Adult	Male		Metastatic	thyroid	ECACC		94060901	Cell Line											Adherent	MF-007-002	DMEM:F12 + 10% FBS + 2mM Glutamine	False						FTC133_THYROID		False	Approved for public sharing - CCLE		1007.0	SIDM00213	906864.0		True	True	Thyroid	-0.7069123743556218
ACH-000904	0.12929603682032867	-0.07536545687606659	-0.05041649559652001	-0.5782766824790273	0.31908825507899463	-0.12929603682032867	PT-lWWpjR	NCI-H2106	NCIH2106	LCLC	Lung	Non-Small Cell Lung Cancer	Large Cell Lung Carcinoma	LCLC		CVCL_1526	58.0	Adult	Male	caucasian	Metastatic	lymph_node	ATCC			Cell Line											Suspension	MF-007-010	DMEM:F12 + 5% FBS + 2mM Glutamine + 5ug/ml Insulin + 10ug/ml Transferrin + 30nM Selenium + 10nM Hydrocortisone + 10nM beta-Estradiol	False						NCIH2106_LUNG		False	Approved for public sharing - CCLE						False	False	Lung	-0.29645312289790393
ACH-000905	-0.14865287921100717	-0.29927470954613383	0.07417486215455951	0.671603851205727	0.1981846609549638	0.14865287921100717	PT-nC0LDL	5637	5637	BLCA	Bladder/Urinary Tract	Bladder Urothelial Carcinoma	Bladder Urothelial Carcinoma	BLCA		CVCL_0126	68.0	Adult	Male	caucasian	Primary	urinary_tract	ATCC		HTB-9	Cell Line				Unknown							Mixed	MF-001-001	RPMI + 10% FBS	False						5637_URINARY_TRACT		False	Approved for public sharing - CCLE		1157.0	SIDM00807	687452.0		False	False	Bladder/Urinary Tract	0.34083496566183435
ACH-000906	-0.3225780505460408	-0.26981422853539644	-0.40178565862972704	-0.2815182020543351	-0.19043536253044896	0.3225780505460408	PT-rH0cpo	ES-2	ES2	CCOV	Ovary/Fallopian Tube	Ovarian Epithelial Tumor	Clear Cell Ovarian Cancer	CCOV		CVCL_3509	47.0	Adult	Female	black_or_african_american	Primary	ovary	ATCC		CRL-1978	Cell Line											Adherent	MF-001-001	RPMI + 10% FBS	False						ES2_OVARY		False	Approved for public sharing - CCLE		869.0	SIDM00861	1240128.0		False	False	Ovary/Fallopian Tube	0.7396148622527332
ACH-000907	0.0015358229837438252	0.08678019692250992	0.09556139687649412	0.10588131036939608	0.019533434210389184	-0.0015358229837438252	PT-20TYLm	SNU-349	SNU349	CCRCC	Kidney	Renal Cell Carcinoma	Renal Clear Cell Carcinoma	CCRCC		CVCL_5054	68.0	Adult	Male	asian	Primary	kidney	KCLB		00349	Cell Line											Adherent	MF-001-001	RPMI + 10% FBS	False						SNU349_KIDNEY		False	Approved for public sharing - CCLE						False	False	Kidney	-0.00352137258763714
ACH-000908	-0.31631444433477973	0.6212968970900173	-0.4352223335789792	-0.751027245197553	0.06798046892064535	0.31631444433477973	PT-HKGwye	SNU-520	SNU520	STAD	Esophagus/Stomach	Esophagogastric Adenocarcinoma	Stomach Adenocarcinoma	STAD		CVCL_5072	60.0	Adult	Female	asian	Primary	stomach	KCLB			Cell Line											Adherent	MF-001-005	RPMI + 10% FBS + 2mM Glutamine + 25mM HEPES + 25mM Sodium bicarbonate	False						SNU520_STOMACH		False	Approved for public sharing - CCLE						False	False	Esophagus/Stomach	0.725253512380027
ACH-000909	-0.2866268954125221	-0.2707730573015001	-0.4164422569076165	-0.3080282313724656	0.12579719230937636	0.2866268954125221	PT-4c7WBs	JHUEM-2	JHUEM2	UCEC	Uterus	Endometrial Carcinoma	Endometrial Carcinoma	UCEC		CVCL_4656	62.0	Adult	Female	asian	Primary	endometrium	RIKEN		RCB1551	Cell Line											Mixed	MF-007-001	DMEM:F12 + 10% FBS	False						JHUEM2_ENDOMETRIUM		False	Approved for public sharing - CCLE						False	False	Uterus	0.6571851724245069
ACH-000910	-0.14348638111048118	-0.1897323369903075	-0.2829876732658189	-0.8028609534759084	0.5791387630983091	0.14348638111048118	PT-TFQ2Kc	MDA-MB-453	MDAMB453	BRCA	Breast	Invasive Breast Carcinoma	Invasive Breast Carcinoma	BRCA		CVCL_0418	48.0	Adult	Female	caucasian	Metastatic	pericardial_effusion	ATCC			Cell Line											Adherent	MF-021-001	L-15 + 10% FBS	False						MDAMB453_BREAST		False	Approved for public sharing - CCLE	HER2+	101.0	SIDM00272	908122.0		False	False	Breast	0.3289890921608903
ACH-000911	-0.11907641197690622	-0.10720880709584998	-0.20679219452332462	-0.07173167544935488	-0.030354348705050067	0.11907641197690622	PT-BTCHFg	NUGC-3	NUGC3	STAD	Esophagus/Stomach	Esophagogastric Adenocarcinoma	Stomach Adenocarcinoma	STAD		CVCL_1612	72.0	Adult	Male		Metastatic	soft_tissue	JCRB		JCRB0822	Cell Line											Adherent	MF-001-001	RPMI + 10% FBS	False						NUGC3_STOMACH		False	Approved for public sharing - CCLE		1251.0	SIDM00572	908455.0		False	False	Esophagus/Stomach	0.2730213165240736
ACH-000912	-0.22941295159504085	-0.20851628004320014	-0.06894200741929846	0.4069110078518499	0.9596160858395527	0.22941295159504085	PT-wNpw5y	NCI-H2286	NCIH2286	SCLC	Lung	Lung Neuroendocrine Tumor	Small Cell Lung Cancer	SCLC		CVCL_1545	57.0	Adult	Female	caucasian	Primary	lung	ATCC		CRL-5938	Cell Line											Adherent	MF-001-014	RPMI + 5% FBS	False						NCIH2286_LUNG		False	Approved for public sharing - CCLE			SIDM00017			False	False	Lung	0.5260036394470723
ACH-000913	-0.27850003627900066	-0.2781182496785897	0.09837069881603197	0.40866204171223197	0.46718584289620557	0.27850003627900066	PT-6MnPg3	ESS-1	ESS1	ESS	Uterus	Uterine Sarcoma/Mesenchymal	Endometrial Stromal Sarcoma	ESS		CVCL_1205	76.0	Adult	Female	caucasian	Primary	endometrium	DSMZ		ACC 461	Cell Line											Adherent	MF-001-020	RPMI + 20% FBS	False						ESS1_ENDOMETRIUM		False	Approved for public sharing - CCLE		293.0	SIDM01043	907000.0		False	False	Uterus	0.6385517105742284
ACH-000914	0.39056052564621474	0.34253719504116015	0.2192437465192007	-0.5573141283134377	-0.34393981939675694	-0.39056052564621474	PT-zrYGap	HT	HT	DLBCLNOS	Lymphoid	Mature B-Cell Neoplasms	Diffuse Large B-Cell Lymphoma, NOS	DLBCLNOS		CVCL_1290	70.0	Adult	Male	caucasian	Metastatic	ascites	ATCC		CRL-2260	Cell Line				Unknown							Suspension	MF-001-001	RPMI + 10% FBS	False						HT_HAEMATOPOIETIC_AND_LYMPHOID_TISSUE		False	Approved for public sharing - CCLE		745.0	SIDM00661	907063.0		False	False	Lymphoid	-0.8954867477443301
ACH-000915	-0.33822508536814283	-0.2536868992017243	-0.46016745900694783	-0.3540573688603831	-0.22987118787556884	0.33822508536814283	PT-Jc7cdo	IPC-298	IPC298	SKCM	Skin	Melanoma	Cutaneous Melanoma	SKCM		CVCL_1307	64.0	Adult	Female		Primary	skin	DSMZ		ACC 251	Cell Line											Adherent	MF-001-001	RPMI + 10% FBS	False						IPC298_SKIN		False	Approved for public sharing - CCLE		77.0	SIDM01059	907171.0		False	False	Skin	0.7754907672779605
ACH-000916	0.35666838268980877	0.8042422632146811	0.8725087114031546	0.9966664430765219	-0.008939053740590036	-0.35666838268980877	PT-tMdDt6	NCI-H1573	NCIH1573	LUAD	Lung	Non-Small Cell Lung Cancer	Lung Adenocarcinoma	LUAD		CVCL_1478	35.0	Adult	Female	caucasian	Metastatic	soft_tissue	ATCC		CRL-5877	Cell Line											Adherent	MF-001-014	RPMI + 5% FBS	False						NCIH1573_LUNG		False	Approved for public sharing - CCLE		372.0	SIDM00749	908472.0		False	False	Lung	-0.8177780115122151
ACH-000917	0.27032452231069254	0.7402769480339914	0.5193673583189723	0.4531667279332587	0.13011898570560368	-0.27032452231069254	PT-2HckVI	TE-4	TE4	ESCC	Esophagus/Stomach	Esophageal Squamous Cell Carcinoma	Esophageal Squamous Cell Carcinoma	ESCC		CVCL_3337	48.0	Adult	Male			lymph_node	RIKEN		RCB2097	Cell Line											Adherent	MF-001-001	RPMI + 10% FBS	False					Cell line thought to be female but has Y chromosome expression.	TE4_OESOPHAGUS		False	Approved for public sharing - CCLE		382.0	SIDM00250	1503371.0		False	False	Esophagus/Stomach	-0.6198066917259839
ACH-000918	0.06100766484064031	0.03259417686676232	0.015015984850443519	-0.27900933695666064	-0.08557205942814058	-0.06100766484064031	PT-vmdivL	MOLT-16	MOLT16	TALL	Lymphoid	T-Lymphoblastic Leukemia/Lymphoma	T-Cell Acute Lymphoblastic Leukemia			CVCL_1424	5.0	Pediatric	Female		Primary	haematopoietic_and_lymphoid_tissue	DSMZ		29	Cell Line											Suspension	MF-001-020	RPMI + 20% FBS	False						MOLT16_HAEMATOPOIETIC_AND_LYMPHOID_TISSUE		True	Approved for public sharing - CCLE	TAL1, STIL::TAL1; TCR::MYC	1321.0	SIDM00431	908147.0		False	False	Lymphoid	-0.13987986954193246
ACH-000919	-0.11859496867249153	0.49482700548282427	-0.14291196211707952	-0.4447719076701783	-0.02365640221627276	0.11859496867249153	PT-Iu2j9I	IM95	IM95	STAD	Esophagus/Stomach	Esophagogastric Adenocarcinoma	Stomach Adenocarcinoma	STAD		CVCL_2961	63.0	Adult	Male	asian	Primary	stomach	HSRRB		JCRB1075.0	Cell Line											Mixed	MF-002-001	DMEM + 10% FBS	False						IM95_STOMACH		False	Approved for public sharing - CCLE		405.0	SIDM00602	1240155.0		False	False	Esophagus/Stomach	0.2719174515131889
ACH-000920	0.891754594873314	0.7943761267921424	0.7310763375020458	-0.7487185253647166	-0.006572564100163496	-0.891754594873314	PT-9UeFHL	CML-T1	CMLT1	CMLBCRABL1	Myeloid	Myeloproliferative Neoplasms	Chronic Myeloid Leukemia, BCR-ABL1+	CMLBCRABL1	BCR-ABL1 (e13-a2, p210), PTEN, TP53 mutations	CVCL_1126	36.0	Adult	Female		Primary	haematopoietic_and_lymphoid_tissue	DSMZ		7	Cell Line											Suspension	MF-001-001	RPMI + 10% FBS	False						CMLT1_HAEMATOPOIETIC_AND_LYMPHOID_TISSUE		True	Approved for public sharing - CCLE	BCR::ABL1; TCR::MYB	160.0	SIDM00958	910951.0		False	False	Myeloid	-2.044636796378467
ACH-000921	-0.1916541469003808	-0.23693586338266226	0.04850851532189585	0.20484562475197407	0.9110218636027526	0.1916541469003808	PT-jKAU6d	NCI-H157-DM	NCIH157DM	LUSC	Lung	Non-Small Cell Lung Cancer	Lung Squamous Cell Carcinoma	LUSC		CVCL_0463	59.0	Adult	Male	caucasian	Metastatic	pleural_effusion	ATCC			Cell Line											Adherent	MF-001-020	RPMI + 20% FBS	False					Previously thought to be NCI-H1339 but ICLAC determined that ATCC stock used by DepMap is actually NCI-H157 or a derivative	NCIH157DM_LUNG		False	Approved for public sharing - CCLE						False	False	Lung	0.439429326390757
ACH-000922	-0.15799311833708157	-0.1846367712399445	-0.23006639017685304	-0.1790646559237159	-0.5669412542763145	0.15799311833708157	PT-0mdkef	RCH-ACV	RCHACV	BALL	Lymphoid	B-Cell Acute Lymphoblastic Leukemia	B-Cell Acute Lymphoblastic Leukemia		TCF3::PBX1, with EGFR, HRAS, KRAS mutations	CVCL_1851	8.0	Pediatric	Female			bone_marrow	DSMZ		ACC 548	Cell Line											Suspension	MF-001-020	RPMI + 20% FBS	False						RCHACV_HAEMATOPOIETIC_AND_LYMPHOID_TISSUE		True	Approved for public sharing - CCLE	TCF3::PBX1	1160.0	SIDM00449	1330994.0		False	False	Lymphoid	0.3622504949048977
ACH-000923	1.9206226880280148	1.8502323333378594	1.5145840673344813	-0.5644874205275535	-0.5795652374508548	-1.9206226880280148	PT-6XYxNF	BCP-1	BCP1	PEL	Lymphoid	Mature B-Cell Neoplasms	Primary Effusion Lymphoma	PEL		CVCL_0107	94.0	Adult	Male			haematopoietic_and_lymphoid_tissue	ATCC		CRL-2294	Cell Line											Suspension	MF-001-020	RPMI + 20% FBS	False						BCP1_HAEMATOPOIETIC_AND_LYMPHOID_TISSUE		False	Approved for public sharing - CCLE						False	False	Lymphoid	-4.403650782936847
ACH-000924	-0.34700390507208756	-0.3426416256697028	0.4380718093580811	0.10754323606646424	0.6262824145173396	0.34700390507208756	PT-4qxYZb	NCI-H2172	NCIH2172	NSCLC	Lung	Non-Small Cell Lung Cancer	Non-Small Cell Lung Cancer	NSCLC		CVCL_1537		Unknown	Female		Primary	lung	ATCC		CRL-5930	Cell Line											Adherent	MF-001-001	RPMI + 10% FBS	False						NCIH2172_LUNG		False	Approved for public sharing - CCLE		1692.0	SIDM00926	1298353.0		False	False	Lung	0.7956190603068376
ACH-000925	-0.23241879296343848	0.046054790609731854	-0.23562289069131706	-0.5067932419811859	-0.06820263678553609	0.23241879296343848	PT-xZ4Yje	DV-90	DV90	LUAD	Lung	Non-Small Cell Lung Cancer	Lung Adenocarcinoma	LUAD		CVCL_1184	50.0	Adult	Male		Metastatic	pleural_effusion	DSMZ		ACC 307	Cell Line											Adherent	MF-001-054	RPMI + 10% FBS + 2mM Glutamine + 1X NEAA	False						DV90_LUNG		False	Approved for public sharing - CCLE						False	False	Lung	0.5328955062243615
ACH-000926	0.3246776124194905	0.9975036912673702	0.2595087510533173	-0.4068317765914252	-0.3058238827485468	-0.3246776124194905	PT-vAncSZ	HT-55	HT55	COAD	Bowel	Colorectal Adenocarcinoma	Colon Adenocarcinoma	COAD		CVCL_1294		Unknown	Unknown		Primary	large_intestine	ECACC		85061105	Cell Line											Adherent	MF-015-002	EMEM + 10% FBS + 2mM Glutamine + 100uM NEAA	False						HT55_LARGE_INTESTINE		False	Approved for public sharing - CCLE		1688.0	SIDM00541	907287.0		False	False	Bowel	-0.7444287891866768
ACH-000927	0.21237702366446914	0.11559295809790296	-0.010303130959010781	-0.7405944229651908	-0.004977128346777089	-0.21237702366446914	PT-Az6j9u	BT-474	BT474	IDC	Breast	Invasive Breast Carcinoma	Breast Invasive Ductal Carcinoma	IDC		CVCL_0179	60.0	Adult	Female	caucasian	Primary	breast	ATCC			Cell Line											Adherent	MF-001-001	RPMI + 10% FBS	False						BT474_BREAST		False	Approved for public sharing - CCLE	ER+, PR+, HER2+	412.0	SIDM00963	946359.0		False	False	Breast	-0.48694324625420393
ACH-000928	0.28689210335555937	0.2613005431057876	0.7287136801961619	1.031534820843268	0.4856657857529877	-0.28689210335555937	PT-C2kgmR	JHUEM-1	JHUEM1	UCEC	Uterus	Endometrial Carcinoma	Endometrial Carcinoma	UCEC		CVCL_4655	56.0	Adult	Female	asian	Primary	endometrium	RIKEN		RCB1548	Cell Line											Adherent	MF-007-021	DMEM:F12 + 15% FBS	False						JHUEM1_ENDOMETRIUM		False	Approved for public sharing - CCLE						False	False	Uterus	-0.6577932476978424
ACH-000929	0.1248005705738234	0.0949979411164691	0.6160180836911527	1.18880865987037	0.6774308670847333	-0.1248005705738234	PT-29i6JV	NCI-H2110	NCIH2110	NSCLC	Lung	Non-Small Cell Lung Cancer	Non-Small Cell Lung Cancer	NSCLC		CVCL_1530		Unknown	Unknown		Metastatic	pleural_effusion	ATCC		CRL-5924	Cell Line											Adherent	MF-001-001	RPMI + 10% FBS	False						NCIH2110_LUNG		False	Approved for public sharing - CCLE		1948.0	SIDM00703	1298351.0		False	False	Lung	-0.286145807682121
ACH-000930	-0.025907434830668097	-0.23161611360357415	-0.3409052910377385	-0.4409523923552888	0.43708118851611744	0.025907434830668097	PT-AHaEgg	HCC1569	HCC1569	IDC	Breast	Invasive Breast Carcinoma	Breast Invasive Ductal Carcinoma	IDC		CVCL_1255	70.0	Adult	Female	black_or_african_american	Primary	breast	ATCC			Cell Line											Adherent	MF-001-001	RPMI + 10% FBS	False						HCC1569_BREAST		False	Approved for public sharing - CCLE	basal_A HER2+	2127.0	SIDM00878	907046.0		False	False	Breast	0.05940120169729708
ACH-000931	-0.05855098321011942	-0.2008533771983189	-0.008649000897735385	-0.40681312317861407	-0.1972120613725101	0.05855098321011942	PT-rXLMnY	HMCB	HMCB	MEL	Skin	Melanoma	Melanoma	MEL		CVCL_3317	57.0	Adult	Female		Primary	skin	ATCC		CRL-9607	Cell Line											Adherent									HMCB_SKIN		False	Approved for public sharing - CCLE			SIDM00914			False	False	Skin	0.13424712967422978
ACH-000932	-0.2557299333239285	-0.30894663202345785	-0.31092766128068366	-0.0209600455761835	-0.5852931279638602	0.2557299333239285	PT-3F7Xgi	SNU-1	SNU1	STAD	Esophagus/Stomach	Esophagogastric Adenocarcinoma	Stomach Adenocarcinoma	STAD		CVCL_0099	44.0	Adult	Male	asian	Metastatic	stomach	ATCC		CRL-5971	Cell Line											Suspension	MF-001-001	RPMI + 10% FBS	False						SNU1_STOMACH		False	Approved for public sharing - CCLE		564.0	SIDM01146	908444.0		False	False	Esophagus/Stomach	0.5863438603125983
ACH-000933	-0.24584357564464313	-0.2943335798544426	0.16785223172787692	0.7517633362516246	0.0733489904358742	0.24584357564464313	PT-f20OQ6	SNU-324	SNU324	PAAD	Pancreas	Pancreatic Adenocarcinoma	Pancreatic Adenocarcinoma	PAAD		CVCL_5051	50.0	Adult	Male	asian	Primary	pancreas	KCLB			Cell Line											Mixed	MF-001-005	RPMI + 10% FBS + 2mM Glutamine + 25mM HEPES + 25mM Sodium bicarbonate	False						SNU324_PANCREAS		False	Approved for public sharing - CCLE						False	False	Pancreas	0.5636761770627046
ACH-000934	0.13144215607901322	0.8794069277741027	0.07847430591918986	-0.4363755438707625	0.11526770199512158	-0.13144215607901322	PT-0VWXIm	MDA-MB-361	MDAMB361	BRCA	Breast	Invasive Breast Carcinoma	Invasive Breast Carcinoma	BRCA		CVCL_0620	40.0	Adult	Female	caucasian	Metastatic	central_nervous_system	ATCC			Cell Line											Adherent	MF-021-003	L-15 + 20% FBS	False						MDAMB361_BREAST		False	Approved for public sharing - CCLE	luminal ER+, HER2+	880.0	SIDM00528	908121.0		False	False	Breast	-0.30137379774606243
ACH-000935	-0.2638635243838775	-0.26878892595971016	-0.13095785218195388	0.21564098934019457	0.4855013212351906	0.2638635243838775	PT-snQqpb	MDST8	MDST8	COAD	Bowel	Colorectal Adenocarcinoma	Colon Adenocarcinoma	COAD		CVCL_2588		Unknown	Unknown		Primary	large_intestine	ECACC		99011801	Cell Line											Adherent	MF-002-003	DMEM + 10% FBS + 2mM Glutamine	False						MDST8_LARGE_INTESTINE		False	Approved for public sharing - CCLE		928.0	SIDM00527	1240173.0		False	False	Bowel	0.6049927572888222
ACH-000936	-0.19379126530899538	-0.2101962211309338	0.015071630817794859	0.42338114495736257	0.2727455712907649	0.19379126530899538	PT-AiIzwN	EFO-27	EFO27	MOV	Ovary/Fallopian Tube	Ovarian Epithelial Tumor	Mucinous Ovarian Cancer	MOV		CVCL_1192	36.0	Adult	Female		Metastatic	abdomen	DSMZ		ACC 191	Cell Line											Adherent	MF-001-047	RPMI + 20% FBS + 2 mM Glutamine + 1x MEM NEAA + 1 mM sodium pyruvate	False						EFO27_OVARY		False	Approved for public sharing - CCLE		1497.0	SIDM01051	906852.0		False	False	Ovary/Fallopian Tube	0.44432936386922034
ACH-000937	0.7658158119794818	0.6856910321542335	0.46275194265843755	-0.5098109186506177	0.4921960141776948	-0.7658158119794818	PT-UEq5KV	PF-382	PF382	TALL	Lymphoid	T-Lymphoblastic Leukemia/Lymphoma	T-Cell Acute Lymphoblastic Leukemia		STIL-TAL1	CVCL_1641	6.0	Pediatric	Female			pleural_effusion	DSMZ		ACC-38	Cell Line											Suspension	MF-001-001	RPMI + 10% FBS	False						PF382_HAEMATOPOIETIC_AND_LYMPHOID_TISSUE		True	Approved for public sharing - CCLE	TAL1, STIL::TAL1	1043.0	SIDM00451	909260.0		False	False	Lymphoid	-1.7558812675858964
ACH-000938	-0.13609163473323757	-0.22557290340583527	-0.25369076272161695	0.007625559298055196	-0.34449702148680306	0.13609163473323757	PT-rgsUoa	NALM-6	NALM6	BALL	Lymphoid	B-Cell Acute Lymphoblastic Leukemia	B-Cell Acute Lymphoblastic Leukemia		IGH-DUX4 [t(10;14)(q26;q32)] PMID: 31243274, ETV6/PDGFRB	CVCL_0092	19.0	Adult	Male		Primary	haematopoietic_and_lymphoid_tissue	DSMZ		ACC 128	Cell Line											Suspension	MF-001-017	RPMI + 15% FBS	False						NALM6_HAEMATOPOIETIC_AND_LYMPHOID_TISSUE		True	Approved for public sharing - CCLE	IGH::DUX4	973.0	SIDM00429	908158.0		False	False	Lymphoid	0.3120342363858588
ACH-000939	-0.11881187674293184	-0.21583189291130606	-0.15128456805157703	0.1366898533130545	0.9746042893932376	0.11881187674293184	PT-b2KmUs	SK-UT-1	SKUT1	ULMS	Uterus	Uterine Sarcoma/Mesenchymal	Uterine Leiomyosarcoma	ULMS		CVCL_0533	75.0	Adult	Female	caucasian	Primary	endometrium	ATCC		HTB-114	Cell Line											Adherent	MF-006-001	MEM + 10% FBS	False						SKUT1_SOFT_TISSUE		False	Approved for public sharing - CCLE		725.0	SIDM01113	909732.0		False	False	Uterus	0.2724147836545688
ACH-000940	-0.2632319647639974	-0.31580551856491107	-0.38614778943351696	-0.6687855521196306	0.09854701649701829	0.2632319647639974	PT-P1Vdpe	AN3 CA	AN3CA	UCEC	Uterus	Endometrial Carcinoma	Endometrial Carcinoma	UCEC		CVCL_0028	55.0	Adult	Female	caucasian	Metastatic	endometrium	ATCC		HTB-111	Cell Line											Adherent	MF-006-001	MEM + 10% FBS	False						AN3CA_ENDOMETRIUM		False	Approved for public sharing - CCLE		1294.0	SIDM00901	910781.0		False	False	Uterus	0.6035447019097556
ACH-000941	-0.21825613201462685	-0.25289256852525427	0.07069213437752903	0.5665861639845908	0.5769030897471387	0.21825613201462685	PT-YZF57N	HEC-1-B	HEC1B	UCEC	Uterus	Endometrial Carcinoma	Endometrial Carcinoma	UCEC		CVCL_0294	71.0	Adult	Female		Primary	endometrium	ATCC		HTB-113	Cell Line											Adherent	MF-006-001	MEM + 10% FBS	False						HEC1B_ENDOMETRIUM		False	Approved for public sharing - CCLE			SIDM01241			False	False	Uterus	0.5004230100050553
ACH-000942	0.6262486853676086	0.47969183351049155	0.34166291686549755	-0.3941427922868199	-0.40674440016800295	-0.6262486853676086	PT-Ojbh46	HPB-ALL	HPBALL	TALL	Lymphoid	T-Lymphoblastic Leukemia/Lymphoma	T-Cell Acute Lymphoblastic Leukemia		BCL11B-TLX3 [PMID: 12661009]	CVCL_1820	14.0	Pediatric	Male	asian	Primary	haematopoietic_and_lymphoid_tissue	DSMZ		483	Cell Line											Suspension	MF-001-001	RPMI + 10% FBS	False					SNP fingerprinting rules out JURKAT contamination.	HPBALL_HAEMATOPOIETIC_AND_LYMPHOID_TISSUE		True	Approved for public sharing - CCLE	TLX3, BCL11B::TLX3					False	False	Lymphoid	-1.4358783382194509
ACH-000943	-0.3463397424006966	-0.3559998018362564	-0.37683819162153925	-0.613293378009516	0.10694072208233875	0.3463397424006966	PT-9E5O4L	RKO	RKO	COAD	Bowel	Colorectal Adenocarcinoma	Colon Adenocarcinoma	COAD		CVCL_0504		Unknown	Unknown		Primary	Colon	ATCC		CRL-2577	Cell Line											Adherent	MF-015-001	EMEM + 10% FBS	False						RKO_LARGE_INTESTINE		False	Approved for public sharing - CCLE	MSI	607.0	SIDM01090	909698.0		False	False	Bowel	0.7940962518520072
ACH-000944	0.18922515054291267	0.15678767151170128	0.09705931870965184	-0.3065451437472	-0.6061187991116401	-0.18922515054291267	PT-grWxm0	NAMALWA	NAMALWA	BL	Lymphoid	Mature B-Cell Neoplasms	Burkitt Lymphoma	BL	TP53 Arg248Gln	CVCL_0067	3.0	Pediatric	Female			B lymphoblastoid cells	JCRB		IFO50040	Cell Line			EBV								Suspension	MF-001-001	RPMI + 10% FBS	False						NAMALWA_HAEMATOPOIETIC_AND_LYMPHOID_TISSUE		True	Approved for public sharing - CCLE		669.0	SIDM00641	908159.0		False	False	Lymphoid	-0.43386006399581045
ACH-000945	0.07236299322949745	0.022479242738380645	0.02389479599825881	0.2561697045183047	0.7605968719105772	-0.07236299322949745	PT-0uFhp8	NCI-H650	NCIH650	LUAD	Lung	Non-Small Cell Lung Cancer	Lung Adenocarcinoma	LUAD		CVCL_1575		Unknown	Male		Metastatic	lung	ATCC		CRL-5835	Cell Line											Suspension	MF-001-014	RPMI + 5% FBS	False						NCIH650_LUNG		False	Approved for public sharing - CCLE		1539.0	SIDM01124	722066.0		False	False	Lung	-0.16591564484636664
ACH-000946	-0.16208984374388652	-0.27269816293729043	0.05848137558498148	0.1082614759240283	0.35911125721075343	0.16208984374388652	PT-ANEQ4x	HEC-265	HEC265	UCEC	Uterus	Endometrial Carcinoma	Endometrial Carcinoma	UCEC		CVCL_2928	59.0	Adult	Female	asian	Primary	endometrium	HSRRB		JCRB1142	Cell Line											Adherent	MF-015-007	EMEM + 15% FBS	False						HEC265_ENDOMETRIUM		False	Approved for public sharing - CCLE						False	False	Uterus	0.3716435673483337
ACH-000947	-0.21475893709170862	-0.2276280784813657	-0.3372226443882724	-0.6447744470354538	0.5791990129067431	0.21475893709170862	PT-MsM9mi	OVK18	OVK18	EOV	Ovary/Fallopian Tube	Ovarian Epithelial Tumor	Endometrioid Ovarian Cancer	EOV		CVCL_3770	49.0	Adult	Female		Metastatic	ascites	RIKEN		RCB1903	Cell Line											Adherent	MF-006-001	MEM + 10% FBS	False						OVK18_OVARY		False	Approved for public sharing - CCLE		200.0	SIDM00238	1480371.0		False	False	Ovary/Fallopian Tube	0.49240455575249004
ACH-000948	0.06280865113917528	1.0619073807858275	0.14584977203684676	0.011398109729199855	0.18914135102148683	-0.06280865113917528	PT-VDIRwk	23132/87	2313287	STAD	Esophagus/Stomach	Esophagogastric Adenocarcinoma	Stomach Adenocarcinoma	STAD		CVCL_1046	72.0	Adult	Male		Primary	stomach	DSMZ		ACC 201	Cell Line											Adherent	MF-001-001	RPMI + 10% FBS	False						2313287_STOMACH		False	Approved for public sharing - CCLE		558.0	SIDM00980	910924.0		False	False	Esophagus/Stomach	-0.14400921507816847
ACH-000949	0.10033678628567264	0.07879669469314926	0.04632005627903862	-0.36862724486251947	0.7250611543745683	-0.10033678628567264	PT-cGBc5A	TGBC11TKB	TGBC11TKB	STAD	Esophagus/Stomach	Esophagogastric Adenocarcinoma	Stomach Adenocarcinoma	STAD		CVCL_1768	72.0	Adult	Female		Metastatic	lymph_node	RIKEN		RCB1148	Cell Line											Suspension	MF-002-008	DMEM + 5% FBS	False						TGBC11TKB_STOMACH		False	Approved for public sharing - CCLE		1917.0	SIDM00251	909770.0		False	False	Esophagus/Stomach	-0.2300546433396211
ACH-000950	-0.30938991698987495	-0.1586342178684096	-0.31617318357907676	-0.28864789977496913	0.08729741821377357	0.30938991698987495	PT-6USEGU	LoVo	LOVO	COAD	Bowel	Colorectal Adenocarcinoma	Colon Adenocarcinoma	COAD		CVCL_0399	56.0	Adult	Male	caucasian	Metastatic	lymph_node	ATCC		CCL-229	Cell Line											Adherent	MF-004-001	F12 + 10% FBS	False						LOVO_LARGE_INTESTINE		False	Approved for public sharing - CCLE	MSI	306.0	SIDM00839	907790.0		False	False	Bowel	0.709376786329703
ACH-000951	-0.011073872955795087	0.28678410861573245	0.5305654768342032	1.130040229481192	0.059853552180739414	0.011073872955795087	PT-Q9lcwL	NCI-H2342	NCIH2342	LUAD	Lung	Non-Small Cell Lung Cancer	Lung Adenocarcinoma	LUAD		CVCL_1549	55.0	Adult	Male	caucasian	Primary	lung	ATCC		CRL-5941	Cell Line											Mixed	MF-007-010	DMEM:F12 + 5% FBS + 2mM Glutamine + 5ug/ml Insulin + 10ug/ml Transferrin + 30nM Selenium + 10nM Hydrocortisone + 10nM beta-Estradiol	False						NCIH2342_LUNG		False	Approved for public sharing - CCLE		1814.0	SIDM00727	687819.0		False	False	Lung	0.02539044738766462
ACH-000952	1.1797667723465906	0.25848003936028263	1.0403500191482455	-0.47103031540926277	-0.4485933606826999	-1.1797667723465906	PT-4e8Oiw	MDA PCa 2b	MDAPCA2B	PRAD	Prostate	Prostate Adenocarcinoma	Prostate Adenocarcinoma	PRAD		CVCL_4748	63.0	Adult	Male	black_or_african_american	Metastatic	bone	ATCC		CRL-2422	Cell Line											Adherent	MF-004-007	F12 + 20% FBS	False						MDAPCA2B_PROSTATE		False	Approved for public sharing - CCLE						False	False	Prostate	-2.704998177471889
ACH-000953	0.15510238379553518	0.09114433902452149	0.14297596893374984	-0.435356069295049	-0.22833572042123804	-0.15510238379553518	PT-Zkuf8L	SUP-T1	SUPT1	TALL	Lymphoid	T-Lymphoblastic Leukemia/Lymphoma	T-Cell Acute Lymphoblastic Leukemia		TRB::NOTCH1	CVCL_1714	8.0	Pediatric	Male	caucasian	Metastatic	pleural_effusion	ATCC		CRL-1942	Cell Line											Suspension	MF-001-001	RPMI + 10% FBS	False						SUPT1_HAEMATOPOIETIC_AND_LYMPHOID_TISSUE		True	Approved for public sharing - CCLE	TAL1 DP-like	1452.0	SIDM01154	909743.0		False	False	Lymphoid	-0.3556225478820424
ACH-000954	-0.2392441868349757	-0.2355565157702803	0.07552174758290661	0.29566974011460717	0.6826588979285411	0.2392441868349757	PT-YZF57N	HEC-1-A	HEC1A	UCEC	Uterus	Endometrial Carcinoma	Endometrial Carcinoma	UCEC		CVCL_0293	71.0	Adult	Female		Primary	endometrium	ATCC		HTB-112	Cell Line											Adherent	MF-023-001	McCoy's 5A + 10% FBS	False						HEC1A_ENDOMETRIUM		False	Approved for public sharing - CCLE			SIDM00595			False	False	Uterus	0.5485449366167036
ACH-000955	-0.07830983363294737	0.04420964213921737	-0.2133476223276104	-0.4250436925359625	0.4520393984760936	0.07830983363294737	PT-lgLAoF	SNU-407	SNU407	COAD	Bowel	Colorectal Adenocarcinoma	Colon Adenocarcinoma	COAD		CVCL_5058	37.0	Adult	Male	asian	Metastatic	soft_tissue	KCLB		407	Cell Line											Adherent	MF-001-003	RPMI + 10% FBS + 2mM Glutamine	False						SNU407_LARGE_INTESTINE		False	Approved for public sharing - CCLE	MSI	1907.0	SIDM00214	1660034.0		False	False	Bowel	0.17955070630944922
ACH-000956	0.48860512648152027	0.5958024024307499	0.4482197603698465	-0.40209758777144744	-0.6260626231602888	-0.48860512648152027	PT-FFSOW0	22Rv1	22RV1	PRAD	Prostate	Prostate Adenocarcinoma	Prostate Adenocarcinoma	PRAD		CVCL_1045		Adult	Male		Primary	prostate	ATCC		CRL-2505	Cell Line											Adherent	MF-001-001	RPMI + 10% FBS	False						22RV1_PROSTATE		False	Approved for public sharing - CCLE		1027.0	SIDM00499	924100.0		False	False	Prostate	-1.1202858120907084
ACH-000957	0.2436000105895315	0.7436754479766297	0.18321502058385056	-0.22612306563879175	0.012798593450470174	-0.2436000105895315	PT-FXUrcz	LS 180	LS180	COAD	Bowel	Colorectal Adenocarcinoma	Colon Adenocarcinoma	COAD		CVCL_0397	58.0	Adult	Female		Primary	Colon	ATCC		CL-187	Cell Line											Adherent	MF-006-001	MEM + 10% FBS	False						LS180_LARGE_INTESTINE		False	Approved for public sharing - CCLE	MSI	2081.0	SIDM00680	998189.0		False	False	Bowel	-0.5585320761036263
ACH-000958	0.1677997198186869	-0.1052850682945333	-0.2925537196565426	-0.30915259294351405	0.350408498399674	-0.1677997198186869	PT-EB6qeM	SW48	SW48	COAD	Bowel	Colorectal Adenocarcinoma	Colon Adenocarcinoma	COAD		CVCL_1724	83.0	Adult	Female	caucasian	Primary	Colon	ATCC		CCL-231	Cell Line											Mixed	MF-001-001	RPMI + 10% FBS	False						SW48_LARGE_INTESTINE		False	Approved for public sharing - CCLE	MSI	1.0	SIDM00837	909751.0		False	False	Bowel	-0.3847353111895374
ACH-000959	0.0027733499795122227	0.5456749938899483	-0.0376841421673328	0.007539971900353465	0.671826223483983	-0.0027733499795122227	PT-ulmNPq	SNU-C4	SNUC4	COAD	Bowel	Colorectal Adenocarcinoma	Colon Adenocarcinoma	COAD		CVCL_5111	35.0	Adult	Male	asian	Primary	large_intestine	KCLB		0000C4	Cell Line											Adherent	MF-001-005	RPMI + 10% FBS + 2mM Glutamine + 25mM HEPES + 25mM Sodium bicarbonate	False						SNUC4_LARGE_INTESTINE		False	Approved for public sharing - CCLE	MSI		SIDM00500			False	False	Bowel	-0.006358804821355237
ACH-000960	-0.24698648580367716	-0.32048472685812046	-0.37496659185308556	-0.19581355946039086	-0.6023493048630532	0.24698648580367716	PT-N5YXV2	Reh	REH	BALL	Lymphoid	B-Cell Acute Lymphoblastic Leukemia	B-Cell Acute Lymphoblastic Leukemia		ETV6::RUNX1	CVCL_1650	15.0	Pediatric	Female	north_african	Primary	haematopoietic_and_lymphoid_tissue	ATCC			Cell Line											Suspension	MF-001-001	RPMI + 10% FBS	False						REH_HAEMATOPOIETIC_AND_LYMPHOID_TISSUE		True	Approved for public sharing - CCLE	ETV6::RUNX1	1272.0	SIDM00447	909696.0		False	False	Lymphoid	0.5662966694936381
ACH-000961	0.2417321023978675	-0.15306274231679215	0.16634833353722242	0.7585865483199772	-0.17290857196841206	-0.2417321023978675	PT-P06fLR	Ishikawa (Heraklio) 02 ER-	ISHIKAWAHERAKLIO02ER	UCEC	Uterus	Endometrial Carcinoma	Endometrial Carcinoma	UCEC		CVCL_6543	39.0	Adult	Female		Primary	endometrium	ECACC		99040201	Cell Line											Unknown	MF-006-001	MEM + 10% FBS	False						ISHIKAWAHERAKLIO02ER_ENDOMETRIUM		False	Approved for public sharing - CCLE			SIDM00037			False	False	Uterus	-0.5542492904102422
ACH-000962	-0.21505205190860913	-0.22083324008065638	0.30957127779116433	1.0453321371745696	0.3115657658780267	0.21505205190860913	PT-3doOpy	OC 314	OC314	SOC	Ovary/Fallopian Tube	Ovarian Epithelial Tumor	Serous Ovarian Cancer	SOC		CVCL_1616	39.0	Adult	Female		Metastatic	ascites	ICLC		HTL98015	Cell Line											Adherent	MF-001-062	RPMI + 5% FBS + 2mM Glutamine	False						OC314_OVARY		False	Approved for public sharing - CCLE		896.0	SIDM00220	909257.0		False	False	Ovary/Fallopian Tube	0.4930766165903528
ACH-000963	-0.1488453798160317	0.24249503382112012	-0.12038470286051946	0.00683770369555628	0.025512746419797314	0.1488453798160317	PT-c4ZGOD	CCK-81	CCK81	COAD	Bowel	Colorectal Adenocarcinoma	Colon Adenocarcinoma	COAD		CVCL_2873	62.0	Adult	Female		Metastatic	large_intestine	HSRRB			Cell Line											Adherent	MF-006-001	MEM + 10% FBS	False						CCK81_LARGE_INTESTINE		False	Approved for public sharing - CCLE	MSI	1915.0	SIDM00487	1240123.0		False	False	Bowel	0.34127633576816296
ACH-000964	0.3552873239495785	0.32924343385911803	0.23342575238308813	-0.5913284394739129	-0.31866146432380255	-0.3552873239495785	PT-1559gB	MOLT-3	MOLT3	TALL	Lymphoid	T-Lymphoblastic Leukemia/Lymphoma	T-Cell Acute Lymphoblastic Leukemia		STIL::TAL1	CVCL_0624	19.0	Adult	Male		Primary	haematopoietic_and_lymphoid_tissue	NIBRI	NIBRI (Novartis)	CRL-1552	Cell Line											Suspension	MF-001-001	RPMI + 10% FBS	False						MOLT3_HAEMATOPOIETIC_AND_LYMPHOID_TISSUE		True	Approved for public sharing - CCLE	TAL1 prom		SIDM00153			False	False	Lymphoid	-0.814611486176132
ACH-000965	-0.2966913431388966	-0.33252139403125086	0.05744248066393154	0.14101597750742983	0.9227841357052624	0.2966913431388966	PT-de7J0H	RL95-2	RL952	UASC	Uterus	Endometrial Carcinoma	Uterine Adenosquamous Carcinoma	UASC		CVCL_0505	65.0	Adult	Female	caucasian	Primary	endometrium	ATCC		CRL-1671	Cell Line											Adherent	MF-007-010	DMEM:F12 + 5% FBS + 2mM Glutamine + 5ug/ml Insulin + 10ug/ml Transferrin + 30nM Selenium + 10nM Hydrocortisone + 10nM beta-Estradiol	False						RL952_ENDOMETRIUM		False	Approved for public sharing - CCLE		2215.0	SIDM01088	930082.0		False	False	Uterus	0.680261184900222
ACH-000966	-0.15561210251397395	-0.2133882496023772	0.2529145777773637	0.7288693772333134	0.07234950357603541	0.15561210251397395	PT-bGFaJu	IGROV1	IGROV1	EOV	Ovary/Fallopian Tube	Ovarian Epithelial Tumor	Endometrioid Ovarian Cancer	EOV		CVCL_1304	47.0	Adult	Female		Primary	ovary	NCI/DCTD			Cell Line											Adherent	MF-001-001	RPMI + 10% FBS	False						IGROV1_OVARY		False	Approved for public sharing - CCLE		1215.0	SIDM00151	905968.0		False	False	Ovary/Fallopian Tube	0.3567912434553699
ACH-000967	0.13341900477653648	0.1294515336366454	0.22892635872490075	0.3044051085317655	0.004632057107083333	-0.13341900477653648	PT-GfrL06	SNU-C2A	SNUC2A	COAD	Bowel	Colorectal Adenocarcinoma	Colon Adenocarcinoma	COAD		CVCL_1709	43.0	Adult	Female	asian	Primary	large_intestine	ATCC		CCL-250.1	Cell Line											Adherent	MF-001-001	RPMI + 10% FBS	False						SNUC2A_LARGE_INTESTINE		False	Approved for public sharing - CCLE	MSI		SIDM00780			False	False	Bowel	-0.3059063649019436
ACH-000968	-0.35794910400750646	-0.3162947819302909	-0.35882369796081093	-0.15519905732713907	0.6434587078041683	0.35794910400750646	PT-z7yLU0	COLO 792	COLO792	MEL	Skin	Melanoma	Melanoma	MEL		CVCL_1134	62.0	Adult	Male		Metastatic	central_nervous_system	ECACC		93052616	Cell Line											Adherent	MF-001-001	RPMI + 10% FBS	False						COLO792_SKIN		False	Approved for public sharing - CCLE		1467.0	SIDM00140	906814.0		False	False	Skin	0.820714480746156
ACH-000969	-0.16446896845469483	0.031666269837023565	-0.301824522506053	-0.4535152059481325	-0.38339895625814036	0.16446896845469483	PT-ue72rD	KM12	KM12	COAD	Bowel	Colorectal Adenocarcinoma	Colon Adenocarcinoma	COAD		CVCL_1331		Unknown	Unknown		Primary	large_intestine	JCRB			Cell Line											Mixed	MF-001-001	RPMI + 10% FBS	False						KM12_LARGE_INTESTINE		False	Approved for public sharing - CCLE	MSI	1990.0	SIDM00150	905989.0		False	False	Bowel	0.37709848280922126
ACH-000970	0.22582748524098697	0.20699137219978808	-0.05178930263053087	0.021415177290003612	0.30086061509504125	-0.22582748524098697	PT-B2n6IN	SNU-C5	SNUC5	COAD	Bowel	Colorectal Adenocarcinoma	Colon Adenocarcinoma	COAD		CVCL_5112	77.0	Adult	Female	asian	Primary	Colon	KCLB			Cell Line											Adherent	MF-001-005	RPMI + 10% FBS + 2mM Glutamine + 25mM HEPES + 25mM Sodium bicarbonate	False						SNUC5_LARGE_INTESTINE		False	Approved for public sharing - CCLE		152.0	SIDM00498	1674021.0		False	False	Bowel	-0.5177827942932359
ACH-000971	0.04527982628304304	-0.1269232889803472	-0.193417038584202	0.024717012154868018	0.12829122119528383	-0.04527982628304304	PT-2Roqq2	HCT 116	HCT116	COAD	Bowel	Colorectal Adenocarcinoma	Colon Adenocarcinoma	COAD		CVCL_0291	48.0	Adult	Male		Primary	large_intestine	ATCC		CCL-247	Cell Line											Adherent	MF-023-001	McCoy's 5A + 10% FBS	False						HCT116_LARGE_INTESTINE		False	Approved for public sharing - CCLE	MSI	1920.0	SIDM00783	905936.0		False	False	Bowel	-0.10381869573106822
ACH-000972	-0.32817414031450565	-0.23377490380230087	0.12014838717874282	0.8415549028724485	-0.0076331901453569485	0.32817414031450565	PT-KBFu4S	HEC-151	HEC151	UCEC	Uterus	Endometrial Carcinoma	Endometrial Carcinoma	UCEC		CVCL_2925		Unknown	Female	asian	Primary	endometrium	HSRRB		JCRB1122	Cell Line											Adherent	MF-015-007	EMEM + 15% FBS	False						HEC151_ENDOMETRIUM		False	Approved for public sharing - CCLE						False	False	Uterus	0.7524457140613138
ACH-000973	-0.3701438413156791	-0.3362561277345249	-0.04144991128223706	0.12222104335492259	0.9280401322480015	0.3701438413156791	PT-P31KFG	639-V	639V	UCU	Bladder/Urinary Tract	Urethral Cancer	Urethral Urothelial Carcinoma	UCU		CVCL_1048	69.0	Adult	Male	caucasian	Primary	urinary_tract	ATCC			Cell Line											Adherent	MF-002-001	DMEM + 10% FBS	False						639V_URINARY_TRACT		False	Approved for public sharing - CCLE		1483.0	SIDM00999	906798.0		False	False	Bladder/Urinary Tract	0.8486748733988021
ACH-000974	-0.05922776793363818	-0.05963414255767173	0.21607578083946946	0.3770747341962872	0.30753865405614383	0.05922776793363818	PT-cgXnS7	SNG-M	SNGM	UCEC	Uterus	Endometrial Carcinoma	Endometrial Carcinoma	UCEC		CVCL_1707	52.0	Adult	Female	asian	Metastatic	lymph_node	HSRRB		JCRB0179	Cell Line											Adherent	MF-004-007	F12 + 20% FBS	False						SNGM_ENDOMETRIUM		False	Approved for public sharing - CCLE		2058.0	SIDM00373	909735.0		False	False	Uterus	0.13579887827960688
ACH-000975	-0.22106632229591386	-0.2971133980265589	0.15789724358683171	0.6463316279712279	-0.20582088422437297	0.22106632229591386	PT-gNoIDb	HCC2450	HCC2450	LUSC	Lung	Non-Small Cell Lung Cancer	Lung Squamous Cell Carcinoma	LUSC		CVCL_5133	52.0	Adult	Male		Primary	lung	University of Texas Southwestern			Cell Line											Adherent	MF-001-001	RPMI + 10% FBS	False						HCC2450_LUNG		False	Approved for public sharing - CCLE						False	False	Lung	0.5068662831734553
ACH-000976	-0.30592292367433943	-0.3752485873006478	-0.36257626521504216	-0.005276001357138377	0.3063340533442594	0.30592292367433943	PT-z66Tka	HuCCT1	HUCCT1	IHCH	Biliary Tract	Intraductal Papillary Neoplasm of the Bile Duct	Intrahepatic Cholangiocarcinoma	IHCH		CVCL_0324	56.0	Adult	Male	asian	Metastatic	ascites	HSRRB		JCRB0425	Cell Line											Adherent	MF-001-001	RPMI + 10% FBS	False						HUCCT1_BILIARY_TRACT		False	Approved for public sharing - CCLE		1213.0	SIDM00587	907069.0		False	False	Biliary Tract	0.7014275790629335
ACH-000977	0.8542373118967904	0.0779100417487875	0.5446550213021557	-0.7835417039443333	-0.4465647069363678	-0.8542373118967904	PT-tY34fU	LNCaP clone FGC	LNCAPCLONEFGC	PRAD	Prostate	Prostate Adenocarcinoma	Prostate Adenocarcinoma	PRAD		CVCL_1379	50.0	Adult	Male	caucasian	Metastatic	lymph_node	ATCC		CRL-1740	Cell Line											Adherent	MF-001-001	RPMI + 10% FBS	False						LNCAPCLONEFGC_PROSTATE		False	Approved for public sharing - CCLE		2080.0	SIDM00683	907788.0		False	False	Prostate	-1.95861625023837
ACH-000978	0.1988498332800534	-0.001051945762876448	-0.16630081243275308	-0.32394013159486823	0.20293760074653083	-0.1988498332800534	PT-bmKWJL	EN	EN	UCEC	Uterus	Endometrial Carcinoma	Endometrial Carcinoma	UCEC		CVCL_2034	50.0	Adult	Female	asian	Primary	endometrium	DSMZ		ACC 564	Cell Line											Adherent	MF-001-001	RPMI + 10% FBS	False						EN_ENDOMETRIUM		False	Approved for public sharing - CCLE		1919.0	SIDM01045	1240127.0		False	False	Uterus	-0.4559277725234264
ACH-000979	-0.27880377493843944	-0.26174812402963366	0.1456500395057932	0.8570533673485875	-0.7525839929866941	0.27880377493843944	PT-05dldv	DU 145	DU145	PRAD	Prostate	Prostate Adenocarcinoma	Prostate Adenocarcinoma	PRAD		CVCL_0105	69.0	Adult	Male	caucasian	Metastatic	central_nervous_system	ATCC		HTB-81	Cell Line											Adherent	MF-006-001	MEM + 10% FBS	False						DU145_PROSTATE		False	Approved for public sharing - CCLE		872.0	SIDM00120	905935.0		False	False	Prostate	0.6392481300187052
ACH-000980	0.9991705573985056	1.0057267160207015	1.123770415501221	0.7061204873924598	-0.032952358750529466	-0.9991705573985056	PT-DdDGB6	NCI-H1155	NCIH1155	LCLC	Lung	Non-Small Cell Lung Cancer	Large Cell Lung Carcinoma	LCLC		CVCL_1456	36.0	Adult	Male	caucasian	Metastatic	lymph_node	ATCC		CRL-5818	Cell Line											Adherent	MF-001-014	RPMI + 5% FBS	False						NCIH1155_LUNG		False	Approved for public sharing - CCLE		801.0	SIDM00651	908467.0		False	False	Lung	-2.290922748545182
ACH-000981	0.2874632171595262	0.46549391133224244	0.2579411741519093	-0.37491233128571433	0.17752946047581217	-0.2874632171595262	PT-zhUnhJ	DND-41	DND41	TALL	Lymphoid	T-Lymphoblastic Leukemia/Lymphoma	T-Cell Acute Lymphoblastic Leukemia		TLX3-BCL11B with mutations on EGFR, MAP2K4, NOTCH1, NRAS, PIM1, RB1, RET, SMARCB1, and TP53	CVCL_2022	13.0	Pediatric	Male		Primary	haematopoietic_and_lymphoid_tissue	DSMZ		525	Cell Line											Suspension	MF-001-020	RPMI + 20% FBS	False						DND41_HAEMATOPOIETIC_AND_LYMPHOID_TISSUE		True	Approved for public sharing - CCLE	TLX3, TLX3::BCL11B	1035.0	SIDM00946	1297446.0		False	False	Lymphoid	-0.6591027114283614
ACH-000982	0.10864098164827937	0.44352429466679244	0.045730131741605486	0.0692116370132578	0.4128755689898119	-0.10864098164827937	PT-sGJOXH	GP2d	GP2D	COAD	Bowel	Colorectal Adenocarcinoma	Colon Adenocarcinoma	COAD		CVCL_2450	71.0	Adult	Female		Primary	Colon	ECACC		95090714-1VL	Cell Line											Adherent	MF-015-003	EMEM + 10% FBS + 2mM Glutamine	False						GP2D_LARGE_INTESTINE		False	Approved for public sharing - CCLE	MSI		SIDM00536			False	False	Bowel	-0.24909470604332187
ACH-000983	-0.18884260320148719	0.15087496272405332	-0.24652755139425223	0.22879947827734715	0.051766594366025646	0.18884260320148719	PT-AcI1bM	KCL-22	KCL22	CMLBCRABL1	Myeloid	Myeloproliferative Neoplasms	Chronic Myeloid Leukemia, BCR-ABL1+	CMLBCRABL1	BCR::ABL1 (e13-a2)	CVCL_2091	32.0	Adult	Female			pleural_effusion	DSMZ		ACC 519	Cell Line											Suspension	MF-001-001	RPMI + 10% FBS	False						KCL22_HAEMATOPOIETIC_AND_LYMPHOID_TISSUE		True	Approved for public sharing - CCLE	BCR::ABL1	1513.0	SIDM01004	1330931.0		False	False	Myeloid	0.43298295007328974
ACH-000984	1.0938482850539668	1.0009220690782594	0.8748167500929722	-0.19287140170082415	0.6179793561257315	-1.0938482850539668	PT-UZ2uk5	HEC-6	HEC6	UASC	Uterus	Endometrial Carcinoma	Uterine Adenosquamous Carcinoma	UASC		CVCL_2931	48.0	Adult	Female	asian	Primary	endometrium	HSRRB		JCRB1118	Cell Line											Adherent	MF-015-007	EMEM + 15% FBS	False						HEC6_ENDOMETRIUM		False	Approved for public sharing - CCLE						False	False	Uterus	-2.5080021635263363
ACH-000985	-0.20268215267430106	-0.0503982123059275	-0.2104426662018754	-0.012953428373739112	-0.6645950426847663	0.20268215267430106	PT-KI0Di1	LS411N	LS411N	COAD	Bowel	Colorectal Adenocarcinoma	Colon Adenocarcinoma	COAD		CVCL_1385	32.0	Adult	Male	caucasian	Primary	large_intestine	ATCC		CRL-2159	Cell Line											Adherent	MF-001-001	RPMI + 10% FBS	False						LS411N_LARGE_INTESTINE		False	Approved for public sharing - CCLE	MSI	724.0	SIDM00660	907794.0	ACH-001110	False	False	Bowel	0.4647146083793907
ACH-000986	-0.18615226560699877	0.1515147609804085	-0.34259183052426156	-0.20366374560779812	0.22900730256822746	0.18615226560699877	PT-EoHcfh	HT115	HT115	COAD	Bowel	Colorectal Adenocarcinoma	Colon Adenocarcinoma	COAD		CVCL_2520		Unknown	Unknown		Primary	Colon	ECACC		85061104	Cell Line											Adherent	MF-015-014	EMEM + 5% FBS + 2mM Glutamine	False						HT115_LARGE_INTESTINE		False	Approved for public sharing - CCLE		2099.0	SIDM00534	907289.0		False	False	Bowel	0.4268144780833554
ACH-000987	-0.29206057628371623	-0.2389720121365889	-0.40536746578210825	-0.5789658824023227	0.24230927839047536	0.29206057628371623	PT-1PBPXD	MeWo	MEWO	SKCM	Skin	Melanoma	Cutaneous Melanoma	SKCM		CVCL_0445	78.0	Adult	Male	caucasian	Metastatic	lymph_node	ATCC		HTB-65	Cell Line											Adherent	MF-001-001	RPMI + 10% FBS	False						MEWO_SKIN		False	Approved for public sharing - CCLE		102.0	SIDM00545	908128.0		False	False	Skin	0.6696436491319911
ACH-000988	-0.05322669171412622	-0.1521400057611278	0.33141435237148675	1.1071892145819682	0.8555658906876406	0.05322669171412622	PT-blqauC	MFE-319	MFE319	UASC	Uterus	Endometrial Carcinoma	Uterine Adenosquamous Carcinoma	UASC		CVCL_2112	81.0	Adult	Female		Primary	endometrium	DSMZ		ACC 423	Cell Line											Adherent	MF-041-001	RPMI:EMEM (1:1) + 10% FBS	False						MFE319_ENDOMETRIUM		False	Approved for public sharing - CCLE		1816.0	SIDM00333	1240174.0		False	False	Uterus	0.12203946360787304
ACH-000989	-0.24755916792702778	0.1430904076022632	-0.3791335775521031	-0.428015686235946	-0.31194236832718836	0.24755916792702778	PT-iFoJMI	SNU-175	SNU175	MACR	Bowel	Colorectal Adenocarcinoma	Mucinous Adenocarcinoma of the Colon and Rectum	MACR		CVCL_5031	56.0	Adult	Female	asian	Metastatic	abdomen	KCLB		00175	Cell Line											Mixed	MF-001-001	RPMI + 10% FBS	False						SNU175_LARGE_INTESTINE		False	Approved for public sharing - CCLE	MSI	154.0	SIDM00216	1659928.0		False	False	Bowel	0.5676097291052874
ACH-000990	-0.11384231449361842	-0.14038369801230663	0.18175225856906554	0.3072203964092761	0.1191540262925622	0.11384231449361842	PT-7DaBfX	HEC-108	HEC108	UCEC	Uterus	Endometrial Carcinoma	Endometrial Carcinoma	UCEC		CVCL_2923		Unknown	Female	asian	Primary	endometrium	HSRRB		JCRB1123	Cell Line											Adherent	MF-006-012	MEM + 15% FBS	False						HEC108_ENDOMETRIUM		False	Approved for public sharing - CCLE						False	False	Uterus	0.26102044950114284
ACH-000991	-0.29174119312951796	0.5757584822814025	-0.39167756950050175	-0.2768003904912073	0.5236058397263637	0.29174119312951796	PT-pBOr7s	SNU-81	SNU81	COAD	Bowel	Colorectal Adenocarcinoma	Colon Adenocarcinoma	COAD		CVCL_5098	53.0	Adult	Male	asian	Primary	Colon	KCLB		81	Cell Line											Adherent	MF-001-005	RPMI + 10% FBS + 2mM Glutamine + 25mM HEPES + 25mM Sodium bicarbonate	False						SNU81_LARGE_INTESTINE		False	Approved for public sharing - CCLE		697.0	SIDM00193	1660036.0		False	False	Bowel	0.6689113596064071
ACH-000993	-0.2706129654497513	-0.32626376036445387	0.24694610242497791	0.9028690474542859	0.25666991099469155	0.2706129654497513	PT-MEVEw0	JHUEM-7	JHUEM7	UCEC	Uterus	Endometrial Carcinoma	Endometrial Carcinoma	UCEC		CVCL_4658	58.0	Adult	Female	asian	Primary	endometrium	RIKEN		RCB1677	Cell Line											Adherent	MF-007-018	DMEM:F12 + 10% FBS + 100uM NEAA	False						JHUEM7_ENDOMETRIUM		False	Approved for public sharing - CCLE						False	False	Uterus	0.6204680412263655
ACH-000994	0.20296415770882956	-0.07167957056616023	0.5038254111702188	0.5915472264859734	0.2551775326811289	-0.20296415770882956	PT-9r7KW8	HEC-59	HEC59	UCEC	Uterus	Endometrial Carcinoma	Endometrial Carcinoma	UCEC		CVCL_2930		Unknown	Female	asian	Primary	endometrium	HSRRB		JCRB1120	Cell Line											Adherent	MF-015-007	EMEM + 15% FBS	False						HEC59_ENDOMETRIUM		False	Approved for public sharing - CCLE						False	False	Uterus	-0.4653611964358758
ACH-000995	0.9720595700818366	0.9114141775514013	0.8458240487838972	-0.000618804680581897	-0.35764596378472885	-0.9720595700818366	PT-lj83Ht	JURKAT	JURKAT	TALL	Lymphoid	T-Lymphoblastic Leukemia/Lymphoma	T-Cell Acute Lymphoblastic Leukemia		Overexpression of TAL1 (no TAL1 abnormality or translocation of TAL1 locus)	CVCL_0065	14.0	Pediatric	Male		Primary	haematopoietic_and_lymphoid_tissue	DSMZ		282	Cell Line											Adherent	MF-001-001	RPMI + 10% FBS	False					Previously, ACH-000995 and ACH-003508 were noted to be derived from different patients. STR and SNP profiles indicate very high levels of relatedness. Relatedness should be assumed with caution. 	JURKAT_HAEMATOPOIETIC_AND_LYMPHOID_TISSUE		True	Approved for public sharing - CCLE	TAL1, TAL1 prom	1210.0	SIDM01016	998184.0		False	False	Lymphoid	-2.2287620122030427
ACH-000996	0.17957046265709067	0.05203659079330581	0.3413901084410319	0.5801964127973318	0.12492242657492378	-0.17957046265709067	PT-GnDRP6	HEC-251	HEC251	UCEC	Uterus	Endometrial Carcinoma	Endometrial Carcinoma	UCEC		CVCL_2927	53.0	Adult	Female	asian	Primary	endometrium	HSRRB		JCRB1141	Cell Line											Adherent	MF-015-007	EMEM + 15% FBS	False						HEC251_ENDOMETRIUM		False	Approved for public sharing - CCLE						False	False	Uterus	-0.4117235589277256
ACH-000997	-0.16815675596405963	-0.14821868062953983	-0.17352761248501558	-0.1518237932837273	0.4080191332347571	0.16815675596405963	PT-i0VYNQ	HCT-15	HCT15	COAD	Bowel	Colorectal Adenocarcinoma	Colon Adenocarcinoma	COAD		CVCL_0292	67.0	Adult	Male		Primary	large_intestine	ATCC		CCL-225	Cell Line											Adherent	MF-001-001	RPMI + 10% FBS	False						HCT15_LARGE_INTESTINE		False	Approved for public sharing - CCLE	MSI	1553.0	SIDM00789	905937.0		False	False	Bowel	0.3855539324163448
ACH-000998	0.005639798751457342	0.3261406075522561	-0.05854179833450504	-0.2416389397606313	0.7916590858445031	-0.005639798751457342	PT-A55gCd	CW-2	CW2	COAD	Bowel	Colorectal Adenocarcinoma	Colon Adenocarcinoma	COAD		CVCL_1151	55.0	Adult	Female		Primary	large_intestine	RIKEN		RCB0778	Cell Line											Adherent	MF-001-001	RPMI + 10% FBS	False						CW2_LARGE_INTESTINE		False	Approved for public sharing - CCLE	MSI	1833.0	SIDM00282	910554.0		False	False	Bowel	-0.012931068836305981
ACH-000999	0.08581684534884836	0.09641593994720157	-0.244331039342005	-0.20675545306573573	0.43796857819750096	-0.08581684534884836	PT-hR5WVg	SNU-1040	SNU1040	COAD	Bowel	Colorectal Adenocarcinoma	Colon Adenocarcinoma	COAD		CVCL_5003	34.0	Adult	Male	asian	Primary	Colon	KCLB			Cell Line											Adherent	MF-001-001	RPMI + 10% FBS	False						SNU1040_LARGE_INTESTINE		False	Approved for public sharing - CCLE	MSI	2191.0	SIDM00217	1659823.0		False	False	Bowel	-0.19676296680512506
ACH-001001	-0.3303154552507152	-0.2768888220331228	-0.35820437481101675	0.4078802211862037	0.12383629183299275	0.3303154552507152	PT-epgMPc	143B	143B	OS	Bone	Osteosarcoma	Osteosarcoma	OS		CVCL_2270	13.0	Pediatric	Female	caucasian	Primary	bone	ATCC		CRL-8303	Cell Line											Adherent	MF-015-012	EMEM + 10% FBS + 0.015 mg/ml 5-bromo-2'-deoxyuridine	False						143B_BONE		True	Approved for public sharing - CCLE			SIDM00804			False	False	Bone	0.7573553734411242
ACH-001016	-0.20877549229351772	-0.2690729234657196	0.12373450492014114	-0.4617367154857455	-0.6546105299785465	0.20877549229351772	PT-Pxi6oo	Becker	BECKER	ASTR	CNS/Brain	Adult-Type Diffuse Glioma	Astrocytoma, IDH-Mutant	ASTR		CVCL_1093	57.0	Adult	Male		Primary	central_nervous_system	HSRRB			Cell Line											Adherent	MF-015-006	EMEM + 5% FBS	False						BECKER_CENTRAL_NERVOUS_SYSTEM		False	Approved for public sharing - CCLE		2090.0	SIDM00490	906746.0		False	False	CNS/Brain	0.4786855668357932
ACH-001019	-0.004626496604847485	-0.33626492727526797	-0.31699280740258273	-0.5855369545418789	-0.2698303093592526	0.004626496604847485	PT-aqVcYn	BroLi	BROLI	MCC	Skin	Merkel Cell Carcinoma	Merkel Cell Carcinoma	MCC		CVCL_E997	55.0	Adult	Male			pleural_effusion	Dana-Farber Cancer Institute	James DeCaprio		Cell Line											Suspension	MF-001-001	RPMI + 10% FBS	False						BROLI_SKIN		False	HMB-MDS						False	False	Skin	0.010607744833582957
ACH-001020	-0.3593921776173474	-0.3328709613852424	-0.43647282943015114	-0.7298688146655822	-0.5161096739379292	0.3593921776173474	PT-WLHxY0	BT-16	BT16	ATRT	CNS/Brain	Embryonal Tumor	Atypical Teratoid/Rhabdoid Tumor	ATRT		CVCL_M156	2.0	Pediatric	Male			brain	St. Jude Children's Research Hospital	Charles Roberts		Cell Line											Adherent	MF-002-001	DMEM + 10% FBS	False						BT16_SOFT_TISSUE		True	HMB-MDS						False	False	CNS/Brain	0.8240231952955693
ACH-001021	0.8838920824925445	-0.32071057285500126	0.7735213452119961	0.34050332738739547	-0.7169949320282539	-0.8838920824925445	PT-qL6HtY	C3A	C3A	LIHB	Liver	Hepatoblastoma	Hepatoblastoma	LIHB		CVCL_1098	15.0	Pediatric	Male	caucasian	Primary	liver	ATCC		CRL-3581	Cell Line											Adherent	MF-015-001	EMEM + 10% FBS	False						C3A_LIVER		True	Approved for public sharing - CCLE		1161.0	SIDM01237	910850.0	ACH-003593	False	False	Liver	-2.026609435243326
ACH-001022	-0.012658231476372475	-0.14209284036205014	-0.3180677213457132	-0.8307710114908353	-0.6214178187932005	0.012658231476372475	PT-tD8WvT	CB-AGPN	CBAGPN	ES	Bone	Ewing Sarcoma	Ewing Sarcoma	ES		CVCL_X981		Unknown	Female		Primary	bone	Dana-Farber Cancer Institute	Kim Stegmaier		Cell Line											Unknown	MF-005-005	IMDM + 20% FBS + 4mM Glutamine + 1x Insulin-Transferrin-Selenium	False						CBAGPN_BONE		True	HMB-MDS			SIDM01544			False	False	Bone	0.029023103443996445
ACH-001028	-0.27152123439533976	-0.27738401122414225	-0.2769582281273386	-0.490663039080362	-1.1767119564985482	0.27152123439533976	PT-kX7CzT	CHLA-06-ATRT	CHLA06ATRT	ATRT	CNS/Brain	Embryonal Tumor	Atypical Teratoid/Rhabdoid Tumor	ATRT		CVCL_AQ42	0.0	Pediatric	Female			central_nervous_system	ATCC		CRL-3038	Cell Line											Mixed	MF-005-005	IMDM + 20% FBS + 4mM Glutamine + 1x Insulin-Transferrin-Selenium	False						CHLA06ATRT_SOFT_TISSUE		True	HMB-MDS						False	False	CNS/Brain	0.6225505425309109
ACH-001029	0.5762940172304755	0.6209950628264886	0.023755938998922563	-0.769600615795929	-0.11444099225561759	-0.5762940172304755	PT-NX1XUV	CHLA-10	CHLA10	ES	Bone	Ewing Sarcoma	Ewing Sarcoma	ES		CVCL_6583	14.0	Pediatric	Female			lymph_node	Children's Oncology Group (COG)			Cell Line				Post-treatment						Progressive Disease	Adherent	MF-005-005	IMDM + 20% FBS + 4mM Glutamine + 1x Insulin-Transferrin-Selenium	False						CHLA10_BONE		True	HMB-MDS	EWS::FLI					False	False	Bone	-1.3213410504821586
ACH-001030	0.36382033959162036	0.35713552925638486	-0.2958717720336983	-0.5147867648684586	-0.43415749286412886	-0.36382033959162036	PT-S2RI1y	CHLA-218	CHLA218	ES	Bone	Ewing Sarcoma	Ewing Sarcoma	ES		CVCL_0B48		Unknown	Female		Primary	bone	Children's Oncology Group (COG)			Cell Line				Post-treatment						Progressive Disease	Mixed	MF-005-005	IMDM + 20% FBS + 4mM Glutamine + 1x Insulin-Transferrin-Selenium	False						CHLA218_BONE		True	HMB-MDS			SIDM01538			False	False	Bone	-0.8341761936260222
ACH-001031	0.6325002487960005	0.705460051641601	0.7080441330049876	-0.12514127890181562	-0.4616898476746814	-0.6325002487960005	PT-nuzviS	CHLA-266	CHLA266	ATRT	CNS/Brain	Embryonal Tumor	Atypical Teratoid/Rhabdoid Tumor	ATRT		CVCL_M149	2.0	Pediatric	Female		Primary	brain	Children's Oncology Group (COG)			Cell Line				Pre-treatment							Adherent	MF-005-005	IMDM + 20% FBS + 4mM Glutamine + 1x Insulin-Transferrin-Selenium	False						CHLA266_SOFT_TISSUE		True	HMB-MDS						False	False	CNS/Brain	-1.4502120761043675
ACH-001032	0.48188282798546667	0.14767943888964857	-0.10642143793372669	-0.7000014493681617	-0.7253296548675312	-0.48188282798546667	PT-ZMTtkN	CHLA-32	CHLA32	ES	Bone	Ewing Sarcoma	Ewing Sarcoma	ES		CVCL_M151	8.0	Pediatric	Female		Primary	bone	Children's Oncology Group (COG)			Cell Line				Pre-treatment							Adherent	MF-005-005	IMDM + 20% FBS + 4mM Glutamine + 1x Insulin-Transferrin-Selenium	False						CHLA32_BONE		True	HMB-MDS	EWS::FLI					False	False	Bone	-1.1048727613026457
ACH-001033	-0.2557193041796476	-0.21874037624257167	-0.3429874471374299	-0.41624914594970575	0.056393728838175186	0.2557193041796476	PT-FSTNvW	CHLA-57	CHLA57	PNET	CNS/Brain	Embryonal Tumor	Primitive Neuroectodermal Tumor	PNET		CVCL_0B49		Pediatric	Unknown		Unknown	Unknown	Children's Oncology Group (COG)			Cell Line											Suspension	MF-005-005	IMDM + 20% FBS + 4mM Glutamine + 1x Insulin-Transferrin-Selenium	False					Previously annotated as Ewings Sarcoma.	CHLA57_BONE		True	GRU						False	False	CNS/Brain	0.586319489550019
ACH-001034	0.42145512244818184	0.37375346627287315	-0.16302725354477612	-0.7958047513685645	-0.8269473813975478	-0.42145512244818184	PT-NX1XUV	CHLA-9	CHLA9	ES	Bone	Ewing Sarcoma	Ewing Sarcoma	ES		CVCL_M150	14.0	Pediatric	Female		Primary	bone	Children's Oncology Group (COG)			Cell Line				Pre-treatment							Adherent	MF-005-005	IMDM + 20% FBS + 4mM Glutamine + 1x Insulin-Transferrin-Selenium	False						CHLA9_BONE		True	HMB-MDS	EWS::FLI					False	False	Bone	-0.9663226366690767
ACH-001035	-0.06359564705577656	-0.06191258959407801	-0.20127756684690587	-0.4571304968529414	-0.43347774911597664	0.06359564705577656	PT-VYA17t	CHLA-99	CHLA99	ES	Bone	Ewing Sarcoma	Ewing Sarcoma	ES		CVCL_0B50		Pediatric	Male		Primary	bone	Children's Oncology Group (COG)			Cell Line											Suspension	MF-005-005	IMDM + 20% FBS + 4mM Glutamine + 1x Insulin-Transferrin-Selenium	False						CHLA99_BONE		True	GRU	EWS::FLI					False	False	Bone	0.14581365860885892
ACH-001036	-0.21661981956807394	-0.23934320627775799	-0.3817283688033056	0.042404962162073456	-0.2878608580785976	0.21661981956807394	PT-XYdNvp	CMK-11-5	CMK115	MLADS	Myeloid	Acute Myeloid Leukemia	Myeloid Leukemia Associated with Down Syndrome	MLADS	TP53::FXR2, TP53 Asp49His	CVCL_0217	0.0	Pediatric	Male		Primary	haematopoietic_and_lymphoid_tissue	HSRRB			Cell Line											Suspension	MF-001-001	RPMI + 10% FBS	False						CMK115_HAEMATOPOIETIC_AND_LYMPHOID_TISSUE		True	Approved for public sharing - CCLE	TP53::FXR2		SIDM01235			False	False	Myeloid	0.4966712327136028
ACH-001038	0.19424081038850347	0.20684776976853367	0.19590574688535664	-0.24042671470099644	-0.5436084379322106	-0.19424081038850347	PT-Wd5HrW	COG-E-352	COGE352	ES	Bone	Ewing Sarcoma	Ewing Sarcoma	ES		CVCL_M153	17.0	Pediatric	Male			haematopoietic_and_lymphoid_tissue	Children's Oncology Group (COG)			Cell Line				Post-treatment						Progressive Disease	Mixed	MF-005-005	IMDM + 20% FBS + 4mM Glutamine + 1x Insulin-Transferrin-Selenium	False						COGE352_BONE		True	HMB-MDS	EWS::ERG					False	False	Bone	-0.4453600918480581
ACH-001041	-0.28711052770552914	0.06376809998305599	-0.1513369858816882	-0.35351565824880626	-0.9314397934833739	0.28711052770552914	PT-rXLMnY	CHL-1-DM	CHL1DM	MEL	Skin	Melanoma	Melanoma	MEL		CVCL_1122	36.0	Adult	Female		Metastatic	pleural_effusion	DSMZ			Cell Line											Adherent	MF-001-001	RPMI + 10% FBS	False						CHL1DM_SKIN		False	Approved for public sharing - CCLE			SIDM00911			False	False	Skin	0.6582940564020989
ACH-001046	-0.28520477304535735	-0.2962105062006958	-0.3514164840100648	-0.6765523076599218	-0.49931871644057235	0.28520477304535735	PT-JfAqx8	COR-L26	CORL26	SCLC	Lung	Lung Neuroendocrine Tumor	Small Cell Lung Cancer	SCLC		CVCL_2410		Unknown	Female			bone_marrow	Sigma-Aldrich		96020740	Cell Line											Suspension	MF-001-003	RPMI + 10% FBS + 2mM Glutamine	False						CORL26_LUNG		False	HMB-MDS						False	False	Lung	0.6539244953979186
ACH-001048	-0.1422384335282164	-0.21447792284095493	0.24139559206031613	1.3964095897018314	0.48236516979889554	0.1422384335282164	PT-gZt1Og	COV504	COV504	SOC	Ovary/Fallopian Tube	Ovarian Epithelial Tumor	Serous Ovarian Cancer	SOC		CVCL_2424		Unknown	Female		Metastatic	pleural_effusion	ECACC			Cell Line											Adherent	MF-002-003	DMEM + 10% FBS + 2mM Glutamine	False						COV504_OVARY		False	Approved for public sharing - CCLE						False	False	Ovary/Fallopian Tube	0.3261277673509939
ACH-001050	-0.3410410639497461	-0.20496038954992832	-0.3178067343379958	-0.03393239482814148	-0.3153697546639006	0.3410410639497461	PT-30CR5P	CW9019	CW9019	ARMS	Soft Tissue	Rhabdomyosarcoma	Alveolar Rhabdomyosarcoma	ARMS		CVCL_N820		Pediatric	Male			soft_tissue	National Institutes of Health (NIH)	Fredreic Barr		Cell Line											Adherent	MF-002-001	DMEM + 10% FBS	False						CW9019_SOFT_TISSUE		True	HMB-MDS						False	False	Soft Tissue	0.781947312003225
ACH-001053	0.07982833559329322	0.1246498041625998	-0.052963931200058316	-0.15349997962418072	-0.8455666037550137	-0.07982833559329322	PT-HMzBz8	D425	D425	MBLG3	CNS/Brain	Embryonal Tumor	Medulloblastoma, Group 3	MBLG3		CVCL_1275	6.0	Pediatric	Male		Primary	central_nervous_system	Ohio State University	Yoon-Jae Cho		Cell Line											Mixed	MF-002-006	DMEM + 10% FBS + 2mM glutamine + 500uM pyruvate	False						D425_CENTRAL_NERVOUS_SYSTEM		True	HMB-MDS	MYC_Amplified					False	False	CNS/Brain	-0.18303236483001672
ACH-001054	-0.019286618340201584	-0.0588848478310611	-0.14992871931298085	-0.32286219055498805	-0.6201613967894609	0.019286618340201584	PT-HMzBz8	D458	D458	MBLG3	CNS/Brain	Embryonal Tumor	Medulloblastoma, Group 3	MBLG3		CVCL_1161	6.0	Pediatric	Male		Primary	central_nervous_system	Ohio State University	Yoon-Jae Cho		Cell Line											Mixed	MF-007-021	DMEM:F12 + 15% FBS	False						D458_CENTRAL_NERVOUS_SYSTEM		True	HMB-MDS	MYC_Amplified					False	False	CNS/Brain	0.04422083133946302
ACH-001057	-0.20865565255175872	-0.26872905561084487	-0.2551246398947557	-0.40612870168505	-0.852476011203084	0.20865565255175872	PT-AyniWJ	DERL-2	DERL2	HSTCL	Lymphoid	Mature T and NK Neoplasms	Hepatosplenic T-cell Lymphoma	HSTCL		CVCL_2016	30.0	Adult	Male			haematopoietic_and_lymphoid_tissue	Dana-Farber Cancer Institute	David Weinstock		Cell Line											Suspension	MF-001-053	RPMI + 20% FBS + 20ng/ml IL-2	False						DERL2_HAEMATOPOIETIC_AND_LYMPHOID_TISSUE		False	HMB-MDS			SIDM01509			False	False	Lymphoid	0.4784107953380318
ACH-001059	-0.2749742329929607	-0.26849194227691425	0.2103463692715581	1.0172565935316724	-0.5358719521095441	0.2749742329929607	PT-uwRFH0	DL	DL	ERT	Soft Tissue	Rhabdoid Cancer	Extrarenal Rhabdoid Cancer			CVCL_U760	1.0	Pediatric	Male			soft_tissue	St. Jude Children's Research Hospital	Charles Roberts		Cell Line											Unknown	MF-001-001	RPMI + 10% FBS	False						DL_SOFT_TISSUE		True	HMB-MDS			SIDM01507			False	False	Soft Tissue	0.6304676623653672
ACH-001060	-0.10091461901135569	-0.15506719954055276	-0.29342670822540495	-0.40003586122812346	-0.695235791271103	0.10091461901135569	PT-T0uF5o	DL-40	DL40	ALCLALKN	Lymphoid	Mature T and NK Neoplasms	Anaplastic Large-Cell Lymphoma ALK Negative	ALCLALKN		CVCL_2889	64.0	Adult	Female			haematopoietic_and_lymphoid_tissue	Academic lab			Cell Line											Suspension	MF-001-020	RPMI + 20% FBS	False						DL40_HAEMATOPOIETIC_AND_LYMPHOID_TISSUE		False	HMB-MDS			SIDM01506			False	False	Lymphoid	0.23137951237856466
ACH-001061	-0.14269202217122845	-0.1666164795703128	-0.29442488403268974	-0.4189859384976106	-0.03251592481776285	0.14269202217122845	PT-i0VYNQ	DLD-1	DLD1	COAD	Bowel	Colorectal Adenocarcinoma	Colon Adenocarcinoma	COAD		CVCL_0248	67.0	Adult	Male		Primary	large_intestine	ATCC		CCL-221	Cell Line											Adherent	MF-001-001	RPMI + 10% FBS	False						DLD1_LARGE_INTESTINE		False	Approved for public sharing - CCLE			SIDM00787			False	False	Bowel	0.3271677665113611
ACH-001064	0.36305627511860805	0.2645082936236716	0.11340432018322316	-0.810145940234199	-0.6795692793676776	-0.36305627511860805	PT-Lz3i3Q	EB-2	EB2	BL	Lymphoid	Mature B-Cell Neoplasms	Burkitt Lymphoma	BL	TP53 Gly244Asp, ARID1A Gln501Ter	CVCL_1186	7.0	Pediatric	Female	black_or_african_american		lymph_node	ATCC		HTB-61	Cell Line				Unknown							Suspension	MF-001-001	RPMI + 10% FBS	False						EB2_HAEMATOPOIETIC_AND_LYMPHOID_TISSUE		True	Approved for public sharing - CCLE		873.0	SIDM00863	906846.0		False	False	Lymphoid	-0.8324243278713541
ACH-001067	-0.1923916341587416	-0.23727770723455519	-0.14524524089177035	-0.14225896803866542	0.2048033354488906	0.1923916341587416	PT-0woxaX	F5	F5	MNG	CNS/Brain	Meningothelial Tumor	Meningioma	MNG		CVCL_V616		Unknown	Male		Primary	central_nervous_system	Brigham and Women's Hospital	Ian Dunn		Cell Line											Adherent	MF-001-001	RPMI + 10% FBS	False						F5_CENTRAL_NERVOUS_SYSTEM		False	Approved for public sharing - CCLE						False	False	CNS/Brain	0.441120255256135
ACH-001068	-0.24767554800824507	-0.2363673042439093	-0.23061269842586032	-0.6486379117170825	-0.4110611463003873	0.24767554800824507	PT-QyZnxn	FE-PD	FEPD	ALCLALKN	Lymphoid	Mature T and NK Neoplasms	Anaplastic Large-Cell Lymphoma ALK Negative	ALCLALKN		CVCL_H614	46.0	Adult	Female			haematopoietic_and_lymphoid_tissue	Academic lab			Cell Line											Unknown	MF-001-001	RPMI + 10% FBS	False						FEPD_HAEMATOPOIETIC_AND_LYMPHOID_TISSUE		False	HMB-MDS			SIDM01496			False	False	Lymphoid	0.5678765682085456
ACH-001075	0.27859365781031153	0.28830485356010804	-0.20448721987427862	-0.21284642338168552	0.19740280913582317	-0.27859365781031153	PT-nKyqod	NCI-H292	NCIH292	LUMEC	Lung	Non-Small Cell Lung Cancer	Mucoepidermoid Carcinoma of the Lung	LUMEC		CVCL_0455	32.0	Adult	Female	black_or_african_american	Metastatic	lymph_node	ATCC		CRL-1848	Cell Line											Adherent	MF-001-001	RPMI + 10% FBS	False						NCIH292_LUNG		False	Approved for public sharing - CCLE		935.0	SIDM00493	753604.0	ACH-000474	False	False	Lung	-0.6387663683163383
ACH-001085	-0.155242752294428	-0.20087199259521757	-0.009539374027735957	0.33528417594938387	0.019064092407818416	0.155242752294428	PT-iL41un	HEK-293	HEK293	ZTRA		Non-Cancerous	Transformed cell line			CVCL_0045		Fetus	Female		Primary	kidney	ATCC			Cell Line			HAdV-C5								Adherent									HEK293_KIDNEY		False						ACH-003281	False	False		0.35594438821742025
ACH-001086	-0.34602790270215056	-0.3588245045061995	0.1602876311757218	0.41410079541586525	-0.1528242299981324	0.34602790270215056	PT-c34xau	HeLa	HELA	ECAD	Cervix	Cervical Adenocarcinoma	Endocervical Adenocarcinoma	ECAD		CVCL_0030	30.0	Adult	Female		Primary	cervix	ATCC			Cell Line											Adherent	MF-006-001	MEM + 10% FBS	False						HELA_CERVIX		False	Approved for public sharing - CCLE		1799.0	SIDM00846	1298134.0	ACH-003581	False	False	Cervix	0.7933812581464694
ACH-001096	-0.25547658046268523	-0.017970907192645443	-0.2697315489726605	-0.3057152439092089	-0.629365829164713	0.25547658046268523	PT-BarDvA	JR	JR	ARMS	Soft Tissue	Rhabdomyosarcoma	Alveolar Rhabdomyosarcoma	ARMS		CVCL_RT33		Pediatric	Unknown			soft_tissue	The Broad Institute	Matthew Meyerson		Cell Line											Adherent	MF-001-001	RPMI + 10% FBS	False						JR_SOFT_TISSUE		True	HMB-MDS						False	False	Soft Tissue	0.5857629666614259
ACH-001097	-0.30229492483548065	-0.30554032542900816	-0.3598934700440918	-0.6682770071760519	-0.4721848431301073	0.30229492483548065	PT-Q8gcpV	KARPAS-384	KARPAS384	NHL	Lymphoid	Non-Hodgkin Lymphoma	Non-Hodgkin Lymphoma	NHL	NRAS Gln61Lys	CVCL_2541	48.0	Adult	Male			haematopoietic_and_lymphoid_tissue	Academic lab			Cell Line											Suspension	MF-001-003	RPMI + 10% FBS + 2mM Glutamine	False						KARPAS384_HAEMATOPOIETIC_AND_LYMPHOID_TISSUE		True	HMB-MDS			SIDM01737			False	False	Lymphoid	0.693109214385258
ACH-001098	-0.08405144406414906	-0.22351779682218598	-0.22641434550699369	0.16892217145329858	0.17582179175027904	0.08405144406414906	PT-htpobI	KCI-MOH1	KCIMOH1	PAAD	Pancreas	Pancreatic Adenocarcinoma	Pancreatic Adenocarcinoma	PAAD		CVCL_2090	64.0	Adult	Female	caucasian	Primary	pancreas	DSMZ			Cell Line											Adherent	MF-001-001	RPMI + 10% FBS	False					SNP fingerprinting confirms that this line is a HPAC derivative. DepMap metadata has been updated (as of 22Q2) to reflect this.	KCIMOH1_PANCREAS		False	Approved for public sharing - CCLE						False	False	Pancreas	0.19271521146097376
ACH-001099	-0.12858015912840717	-0.1523431420656269	-0.15595745798688196	-0.4600322521230945	-0.012691116476011866	0.12858015912840717	PT-FynJTm	KD	KD	ERT	Soft Tissue	Rhabdoid Cancer	Extrarenal Rhabdoid Cancer			CVCL_U757	0.0	Pediatric	Female			soft_tissue	St. Jude Children's Research Hospital	Charles Roberts		Cell Line											Adherent	MF-001-001	RPMI + 10% FBS	False						KD_SOFT_TISSUE		True	Approved for public sharing - CCLE						False	False	Soft Tissue	0.2948117409762139
ACH-001100	-0.3714221761428143	-0.35923810062415457	-0.49462707271754514	-0.8382988149009645	-0.9050343982840019	0.3714221761428143	PT-gWewrL	KHYG-1	KHYG1	NKCLL	Lymphoid	T-Lymphoblastic Leukemia/Lymphoma	Natural Killer (NK) Cell Lymphoblastic Leukemia/Lymphoma (NKCLL)	NKCLL		CVCL_2976	45.0	Adult	Female			haematopoietic_and_lymphoid_tissue	Academic lab			Cell Line											Suspension	MF-001-060	RPMI + 10%FBS + 1000U/ml IL-2	False						KHYG_HAEMATOPOIETIC_AND_LYMPHOID_TISSUE		False	HMB-MDS			SIDM01661		ACH-001766	False	False	Lymphoid	0.8516058708286769
ACH-001106	-0.38430921775334154	-0.35370431610164027	-0.4644992691472383	0.14704350353973827	-0.3909670571779286	0.38430921775334154	PT-6djQUQ	KOPN-8	KOPN8	BALL	Lymphoid	B-Cell Acute Lymphoblastic Leukemia	B-Cell Acute Lymphoblastic Leukemia		KMT2A-MLLT1, KRAS Gly12Asp, TP53 Arg248Gln	CVCL_1866	0.0	Pediatric	Female		Primary	haematopoietic_and_lymphoid_tissue	DSMZ		ACC 552	Cell Line											Suspension	MF-001-001	RPMI + 10% FBS	False						KOPN8_HAEMATOPOIETIC_AND_LYMPHOID_TISSUE		True	Approved for public sharing - CCLE	KMT2A::MLLT1	1206.0	SIDM01034	1330933.0		False	False	Lymphoid	0.8811535957575153
ACH-001109	-0.25777265310425906	-0.24821477990281587	-0.12049971813642685	-0.24165718549914136	0.018013236149577786	0.25777265310425906	PT-c4rduD	KP-MRT-RY	KPMRTRY	MRT	Kidney	Rhabdoid Cancer	Rhabdoid Cancer	MRT		CVCL_7051	0.0	Pediatric	Male			soft_tissue	St. Jude Children's Research Hospital	Charles Roberts		Cell Line											Adherent	MF-001-001	RPMI + 10% FBS	False						KPMRTRY_SOFT_TISSUE		True	Approved for public sharing - CCLE						False	False	Kidney	0.5910274583019615
ACH-001111	0.07424325240043292	0.22568740265887346	0.011434858641910912	-0.35692589126018387	-0.08531687850914364	-0.07424325240043292	PT-glFbpW	L82	L82	ALCLALKP	Lymphoid	Mature T and NK Neoplasms	Anaplastic Large-Cell Lymphoma ALK Positive	ALCLALKP		CVCL_2098	24.0	Adult	Female			pleural_effusion	Academic lab			Cell Line											Suspension	MF-001-001	RPMI + 10% FBS	False						L82_HAEMATOPOIETIC_AND_LYMPHOID_TISSUE		False	HMB-MDS						False	False	Lymphoid	-0.1702267491678071
ACH-001113	0.5004354443861051	0.45334023752423575	0.7680311014218901	1.4341114362802672	0.5894539906119078	-0.5004354443861051	PT-ZglKg6	LC-1/sq-SF	LC1SQSF	LUSC	Lung	Non-Small Cell Lung Cancer	Lung Squamous Cell Carcinoma	LUSC		CVCL_5480	69.0	Adult	Male	asian	Primary	lung	RIKEN		RCB0438	Cell Line											Adherent									LC1SQSF_LUNG		False	Approved for public sharing - CCLE			SIDM01226			False	False	Lung	-1.1474106550011118
ACH-001119	0.1897924614366232	0.8841588772010889	-0.029494864984682186	-0.7337146502965501	-0.08847650999001891	-0.1897924614366232	PT-eHvuQ3	Mac-2A	MAC2A	ALCLALKN	Lymphoid	Mature T and NK Neoplasms	Anaplastic Large-Cell Lymphoma ALK Negative	ALCLALKN		CVCL_H637	47.0	Adult	Male		Metastatic	skin	Academic lab			Cell Line											Suspension	MF-001-017	RPMI + 15% FBS	False						MAC2A_HAEMATOPOIETIC_AND_LYMPHOID_TISSUE		False	HMB-MDS						False	False	Lymphoid	-0.43516080832046594
ACH-001128	-0.24614842081900784	-0.27941352521144025	-0.4029596586029106	-0.010387740780899601	0.43124474724507983	0.24614842081900784	PT-u43maP	MON	MON	ERT	Soft Tissue	Rhabdoid Cancer	Extrarenal Rhabdoid Cancer			CVCL_M846	0.0	Pediatric	Male			soft_tissue	St. Jude Children's Research Hospital	Charles Roberts		Cell Line											Adherent	MF-001-001	RPMI + 10% FBS	False						MON_SOFT_TISSUE		True	Approved for public sharing - CCLE						False	False	Soft Tissue	0.5643751335517295
ACH-001129	-0.1646899488323223	-0.24100018267350887	-0.29653494077701403	-0.3048258197797712	-0.022676338995643957	0.1646899488323223	PT-ej13Dz	MONO-MAC-1	MONOMAC1	AMOL	Myeloid	Acute Myeloid Leukemia	Acute Monoblastic/Monocytic Leukemia	AMOL	KMT2A-MLLT3	CVCL_1425	64.0	Adult	Male		Primary	haematopoietic_and_lymphoid_tissue	DSMZ		ACC 252	Cell Line											Suspension	MF-001-052	RPMI + 10% FBS + 2 mM Glutamine + 1x NEAA + 1 mM sodium pyruvate	False						MONOMAC1_HAEMATOPOIETIC_AND_LYMPHOID_TISSUE		True	Approved for public sharing - CCLE			SIDM01022			False	False	Myeloid	0.377605152036352
ACH-001132	0.6284471226395266	0.564900966692036	0.4213003738543662	-0.3684252317606948	-0.7173006916633565	-0.6284471226395266	PT-amL0ty	MTA	MTA	NKCLL	Lymphoid	T-Lymphoblastic Leukemia/Lymphoma	Natural Killer (NK) Cell Lymphoblastic Leukemia/Lymphoma (NKCLL)	NKCLL		CVCL_3032	58.0	Adult	Female			haematopoietic_and_lymphoid_tissue	Academic lab			Cell Line											Suspension	MF-001-001	RPMI + 10% FBS	False						MTA_HAEMATOPOIETIC_AND_LYMPHOID_TISSUE		False	HMB-MDS			SIDM01868			False	False	Lymphoid	-1.4409189690909208
ACH-001134	-0.2689600223640259	-0.18446957459833535	-0.4619496324311457	-0.7950786956335726	-0.6411027170373149	0.2689600223640259	PT-YD7WB8	MYLA	MYLA	NHL	Lymphoid	Non-Hodgkin Lymphoma	Non-Hodgkin Lymphoma	NHL				Unknown	Male			haematopoietic_and_lymphoid_tissue	Academic lab			Cell Line											Suspension									MYLA_HAEMATOPOIETIC_AND_LYMPHOID_TISSUE		True	In Progress						False	False	Lymphoid	0.6166781327977202
ACH-001142	-0.22683106870145237	-0.22257264716815664	-0.2581758651224517	0.026672230835645544	0.20629345958495135	0.22683106870145237	PT-8xkIWr	NHAHTDD	NHAHTDD	ZIMMEPCNS	CNS/Brain	Non-Cancerous	Immortalized Epithelial Cells, CNS			CVCL_WS73		Unknown	Male			central_nervous_system	JCRB			Cell Line											Unknown									NHAHTDD_PRIMARY		False	Approved for public sharing - CCLE						False	False	CNS/Brain	0.5200838350541148
ACH-001145	-0.2679556681822858	-0.2695800828076434	0.29688117744915465	1.1316180418441948	0.15130086435620307	0.2679556681822858	PT-3doOpy	OC 316	OC316	SOC	Ovary/Fallopian Tube	Ovarian Epithelial Tumor	Serous Ovarian Cancer	SOC		CVCL_1618	60.0	Adult	Female		Metastatic	ascites	ICLC		HTL98014	Cell Line											Adherent	MF-001-014	RPMI + 5% FBS	False						OC316_OVARY		False	Approved for public sharing - CCLE			SIDM00219			False	False	Ovary/Fallopian Tube	0.6143753249082087
ACH-001147	-0.14798574390503832	-0.2056419060814894	-0.45912896454808344	-0.6648254288223285	-1.0387501772631826	0.14798574390503832	PT-rlWyNR	OCI-Ly12	OCILY12	FTCL	Lymphoid	Mature T and NK Neoplasms	Follicular T-Cell Lymphoma	FTCL		CVCL_8796	37.0	Adult	Male			lymph_node	Academic lab			Cell Line											Suspension	MF-001-001	RPMI + 10% FBS	False						OCILY12_HAEMATOPOIETIC_AND_LYMPHOID_TISSUE		False	HMB-MDS			SIDM01882			False	False	Lymphoid	0.33930534147756997
ACH-001148	0.5620085038379149	0.4981393878870792	0.3669647334249912	-0.7315864404006245	-0.3576054939087478	-0.5620085038379149	PT-pngX0a	OCILY-132	OCILY132	DLBCLNOS	Lymphoid	Mature B-Cell Neoplasms	Diffuse Large B-Cell Lymphoma, NOS	DLBCLNOS		CVCL_8797	28.0	Adult	Female			bone_marrow				Cell Line											Suspension	MF-001-001	RPMI + 10% FBS	False						OCILY132_HAEMATOPOIETIC_AND_LYMPHOID_TISSUE		False	HMB-MDS			SIDM01877			False	False	Lymphoid	-1.2885868751681124
ACH-001150	0.034189419593618646	0.0433437820498818	0.3505802450423984	0.8677260835893813	0.05660763279698067	-0.034189419593618646	PT-5G7P6A	OUMS-27	OUMS27	CHS	Bone	Chondrosarcoma	Chondrosarcoma	CHS		CVCL_3090	65.0	Adult	Male		Primary	bone	HSRRB		IFO50488	Cell Line											Adherent	MF-002-001	DMEM + 10% FBS	False						OUMS27_BONE		False	Approved for public sharing - CCLE						False	False	Bone	-0.07839033939361595
ACH-001151	-0.16389651705255356	-0.24893402353949529	-0.2596967517711151	-0.07644122865304734	0.16388202452194975	0.16389651705255356	PT-u4FBpq	OVCAR-5	OVCAR5	HGSOC	Ovary/Fallopian Tube	Ovarian Epithelial Tumor	High-Grade Serous Ovarian Cancer	HGSOC		CVCL_1628	67.0	Adult	Female		Metastatic	ascites	NCI-DTP			Cell Line											Adherent	MF-001-014	RPMI + 5% FBS	False						OVCAR5_OVARY		False	Approved for public sharing - CCLE		1858.0	SIDM00091	905969.0		False	False	Ovary/Fallopian Tube	0.37578595220081684
ACH-001163	-0.2821728407350125	-0.279049768547566	-0.2803680348480462	-0.19630202991381318	-0.2386152026366001	0.2821728407350125	PT-wOhyc6	CCLF_PEDS_0001_T	CCLFPEDS0001T	MRC	Kidney	Renal Cell Carcinoma	Renal Medullary Carcinoma	MRC		CVCL_B3PK	15.0	Pediatric	Male	black_or_african_american	Metastatic	kidney	CCLF			Cell Line				Post-treatment							Adherent	MF-001-001	RPMI + 10% FBS	False						PEDS005TSUSP_KIDNEY		True	In Progress					ACH-002427, ACH-001316	False	False	Kidney	0.6469728066693166
ACH-001164	0.1944273982149756	-0.2670169440569416	0.13991959985557148	-0.7364598902243447	0.2626553944831777	-0.1944273982149756	PT-VJQa5v	CCLF_PEDS_0003_T	CCLFPEDS0003T	MFH	Soft Tissue	Undifferentiated Pleomorphic Sarcoma/Malignant Fibrous Histiocytoma/High-Grade Spindle Cell Sarcoma	Undifferentiated Pleomorphic Sarcoma/Malignant Fibrous Histiocytoma/High-Grade Spindle Cell Sarcoma	MFH		CVCL_B3PL		Pediatric	Male			soft_tissue	CCLF			Cell Line											Adherent									CCLFPEDS0003T_SOFT_TISSUE	HCM-BROD-0035-C49	True	In Progress					ACH-002428	False	False	Soft Tissue	-0.4457879049907707
ACH-001172	0.539046282027022	0.355227651069109	0.13401214379879034	-0.7292520175838013	-0.27569084897786006	-0.539046282027022	PT-88IC1n	U-251 MG DM	U251MGDM	ASTR	CNS/Brain	Adult-Type Diffuse Glioma	Astrocytoma, IDH-Mutant	ASTR			75.0	Adult	Male		Primary	central_nervous_system	HSRRB			Cell Line											Adherent	MF-015-011	EMEM + 10% FBS + 2mM Glutamine + 100uM NEAA + 1mM Sodium Pyruvate	False					This line is a U251MG (ACH-000232) derivative.	U251MGDM_Brain		False						ACH-001173	False	False	CNS/Brain	-1.2359385300840866
ACH-001183	0.07773886927927626	0.12548278238266639	-0.32429058777553327	-0.43737988147765733	0.1744212778890705	-0.07773886927927626	PT-ESM25t	RT112/84	RT11284	BLCA	Bladder/Urinary Tract	Bladder Urothelial Carcinoma	Bladder Urothelial Carcinoma	BLCA		CVCL_2714		Unknown	Female		Primary	urinary_tract	ECACC			Cell Line											Adherent	MF-006-002	MEM + 10% FBS + 2mM Glutamine + 100uM NEAA	False						RT11284_URINARY_TRACT		False	Approved for public sharing - CCLE			SIDM01202			False	False	Bladder/Urinary Tract	-0.17824158524223194
ACH-001184	-0.20831494837551906	-0.30221647268497676	-0.14249917784891503	-0.30427946166836867	-0.6729833332025417	0.20831494837551906	PT-4E3Ck9	SCMC-RM2	SCMCRM2	ARMS	Soft Tissue	Rhabdomyosarcoma	Alveolar Rhabdomyosarcoma	ARMS		CVCL_A667	11.0	Pediatric	Female		Metastatic	bone_marrow	University Hospital Zurich	Beat Schaefer		Cell Line											Adherent	MF-002-001	DMEM + 10% FBS	False						SCMCRM2_SOFT_TISSUE		True	HMB-MDS	PAX3::FKHR					False	False	Soft Tissue	0.47762962045042906
ACH-001188	-0.17789188856439525	-0.15606826970614573	-0.3102736023204434	-0.6275434447640725	-0.9815694848127124	0.17789188856439525	PT-ombRgU	SH-SY5Y	SHSY5Y	NBL	Peripheral Nervous System	Neuroblastoma	Neuroblastoma	NBL		CVCL_0019	4.0	Pediatric	Female		Metastatic	bone_marrow	ATCC		CRL-2266	Cell Line											Adherent	MF-027-001	EMEM:F12 + 10% FBS	False						SHSY5Y_AUTONOMIC_GANGLIA		True	Approved for public sharing - CCLE	MYC_Amplified		SIDM01236			False	False	Peripheral Nervous System	0.40787488309795866
ACH-001190	-0.26345086924917305	-0.06420568371660026	-0.16940967314229147	-0.11705491764050913	0.02534878798959204	0.26345086924917305	PT-IHNbDy	SK-MEL-2	SKMEL2	MEL	Skin	Melanoma	Melanoma	MEL		CVCL_0069	60.0	Adult	Male	caucasian	Metastatic	skin	ATCC		HTB-68	Cell Line											Adherent	MF-006-001	MEM + 10% FBS	False						SKMEL2_SKIN		False	Approved for public sharing - CCLE		1191.0	SIDM00082	905955.0		False	False	Skin	0.6040466114797826
ACH-001192	0.2676811549846647	0.24377353503223054	-0.02296048685808191	-0.14478431146993911	-0.17833942467542924	-0.2676811549846647	PT-MPUfgI	SK-NEP-1	SKNEP1	ES	Bone	Ewing Sarcoma	Ewing Sarcoma	ES		CVCL_0631	25.0	Adult	Female		Metastatic	pleural_effusion	Dana-Farber Cancer Institute	Kim Stegmaier		Cell Line											Suspension									SKNEP1_BONE		True	Approved for public sharing - CCLE	EWS::FLI		SIDM00027			False	False	Bone	-0.6137459143190462
ACH-001193	0.19098185518704938	0.06217884445423843	-0.20281958086778443	-0.5045114188527755	-0.2573995092577637	-0.19098185518704938	PT-zjZ0Ko	SK-PN-DW	SKPNDW	ES	Bone	Ewing Sarcoma	Ewing Sarcoma	ES		CVCL_1703	17.0	Pediatric	Male			Embryonal	Dana-Farber Cancer Institute	Kim Stegmaier		Cell Line											Adherent	MF-002-001	DMEM + 10% FBS	False						SKPNDW_BONE		True	Approved for public sharing - CCLE	EWS::FLI	946.0	SIDM01097	909731.0		False	False	Bone	-0.43788787946928287
ACH-001194	0.12396240791808857	-0.25568117620237624	0.14782888521723964	0.38170754027479403	0.16783508763258273	-0.12396240791808857	PT-sWRqxl	SK-RC-31	SKRC31	RCC	Kidney	Renal Cell Carcinoma	Renal Cell Carcinoma	RCC		CVCL_6186		Unknown	Male		Metastatic	lung	Dana-Farber Cancer Institute	Bill Kaelin		Cell Line											Adherent	MF-001-002	RPMI + 10% FBS + 100uM NEAA	False						SKRC31_KIDNEY		False	Approved for public sharing - CCLE						False	False	Kidney	-0.28422404779759897
ACH-001196	-0.34113473878710415	0.32010070219772874	-0.30205902851926497	-0.39483946198397407	-0.4870689775742257	0.34113473878710415	PT-9a1vbV	SMS-CTR	SMSCTR	ERMS	Soft Tissue	Rhabdomyosarcoma	Embryonal Rhabdomyosarcoma	ERMS		CVCL_A770	1.0	Pediatric	Male			soft_tissue	University of Texas Southwestern			Cell Line											Adherent	MF-002-001	DMEM + 10% FBS	False						SMSCTR_SOFT_TISSUE		True	HMB-MDS						False	False	Soft Tissue	0.7821620919667465
ACH-001197	0.17374857734755164	0.049943782356718765	0.2184614723057538	0.24547129259697686	-0.4080107518818741	-0.17374857734755164	PT-3YIeN9	SMZ-1	SMZ1	MTNN	Lymphoid	Non-Hodgkin Lymphoma	Mature T and NK Neoplasms	MTNN		CVCL_RL84	46.0	Adult	Male	unknown	Metastatic	ascites	Academic lab			Cell Line				Unknown							Suspension	MF-001-001	RPMI + 10% FBS	False						SMZ1_HAEMATOPOIETIC_AND_LYMPHOID_TISSUE		False	HMB-MDS						False	False	Lymphoid	-0.39837499756722056
ACH-001200	1.3359111314900654	-0.2475221084193868	-0.2818385382162397	-0.33303321820556303	-0.5523114690788689	-1.3359111314900654	PT-XDzUk4	STM91-01	STM9101	MRT	Kidney	Rhabdoid Cancer	Rhabdoid Cancer	MRT		CVCL_8000	0.0	Pediatric	Male		Metastatic	lung	St. Jude Children's Research Hospital	Charles Roberts		Cell Line											Adherent	MF-001-003	RPMI + 10% FBS + 2mM Glutamine	False						STM9101_SOFT_TISSUE		True	Approved for public sharing - CCLE						False	False	Kidney	-3.0630097919755834
ACH-001201	0.23764154131317727	0.22954536752786528	0.07758637066668367	-0.12999057084813082	-1.1590701217402481	-0.23764154131317727	PT-ONhJf5	SU-MB-002	SUMB002	MBLNOS	CNS/Brain	Embryonal Tumor	Medulloblastoma, NOS	MBLNOS		CVCL_VU79		Pediatric	Unknown		Primary	central_nervous_system	Ohio State University	Yoon-Jae Cho		Cell Line											Adherent	MF-032-002	Tumor Stem Media + 10ng/mL PDGFAA and 10ng/mL PDGFBB	True						SUMB002_CENTRAL_NERVOUS_SYSTEM		True	HMB-MDS						False	False	CNS/Brain	-0.5448703516756684
ACH-001205	0.23921327079179136	0.2622470778215284	-0.04111526128974065	-0.3087617939915558	-0.8010464840739545	-0.23921327079179136	PT-eQaQl0	TC-32	TC32	ES	Bone	Ewing Sarcoma	Ewing Sarcoma	ES		CVCL_7151	17.0	Pediatric	Female		Primary	bone	Dana-Farber Cancer Institute	Kim Stegmaier		Cell Line				Pre-treatment							Adherent	MF-001-003	RPMI + 10% FBS + 2mM Glutamine	False						TC32_BONE		True	Approved for public sharing - CCLE	EWS::FLI					False	False	Bone	-0.5484740515549874
ACH-001207	-0.3596681741315874	-0.3348023139751759	0.08201209897258369	0.6687588321903577	0.40429697288907646	0.3596681741315874	PT-2m2BT9	TIG-3 TD	TIG3TD	ZFIBLUN	Fibroblast	Non-Cancerous	Fibroblast, Lung			CVCL_V617		Fetus	Male			fibroblast	Academic lab			Cell Line											Adherent									TIG3TD_FIBROBLAST		False	Approved for public sharing - CCLE						False	False	Fibroblast	0.8246560068694391
ACH-001209	-0.36094587974380116	-0.370113511834876	-0.40368067849167016	0.1374145424852498	-0.9370835157977658	0.36094587974380116	PT-VfXLmL	TOM-1	TOM1	BALL	Lymphoid	B-Cell Acute Lymphoblastic Leukemia	B-Cell Acute Lymphoblastic Leukemia		BCR-ABL1 (e1-a2)	CVCL_1895	54.0	Adult	Female			bone_marrow	DSMZ		ACC-578	Cell Line											Mixed	MF-001-020	RPMI + 20% FBS	False						TOM1_HAEMATOPOIETIC_AND_LYMPHOID_TISSUE		True	HMB-MDS	BCR::ABL1					False	False	Lymphoid	0.8275855616199169
ACH-001210	-0.18826698569378783	-0.18853503219391687	-0.3503180602504037	-0.4220981953045495	0.007701852681562601	0.18826698569378783	PT-zlBs5P	TTC-1240	TTC1240	MRT	Kidney	Rhabdoid Cancer	Rhabdoid Cancer	MRT		CVCL_8002	0.0	Pediatric	Female		Metastatic	central_nervous_system	St. Jude Children's Research Hospital	Charles Roberts		Cell Line											Adherent	MF-001-003	RPMI + 10% FBS + 2mM Glutamine	False						TTC1240_SOFT_TISSUE		True	Approved for public sharing - CCLE						False	False	Kidney	0.4316631601404451
ACH-001211	-0.11936962382521056	-0.06490779348211359	-0.15915121048001543	-0.5244032974641797	0.2633275815619653	0.11936962382521056	PT-ZmNOms	TTC-549	TTC549	ERT	Soft Tissue	Rhabdoid Cancer	Extrarenal Rhabdoid Cancer			CVCL_8005	6.0	Pediatric	Female			soft_tissue	St. Jude Children's Research Hospital	Charles Roberts		Cell Line											Adherent	MF-001-001	RPMI + 10% FBS	False						TTC549_SOFT_TISSUE		True	Approved for public sharing - CCLE						False	False	Soft Tissue	0.27369359983791774
ACH-001227	1.2893449540865316	1.292634125728231	0.8989754001259043	1.1131721007399655	0.24223955748226786	-1.2893449540865316	PT-k3C7C0	UPCI-SCC-090	UPCISCC090	OCSC	Head and Neck	Head and Neck Squamous Cell Carcinoma	Oral Cavity Squamous Cell Carcinoma	OCSC		CVCL_1899	46.0	Adult	Male		Primary	upper_aerodigestive_tract	DSMZ		ACC-670	Cell Line											Adherent	MF-015-003	EMEM + 10% FBS + 2mM Glutamine	False						UPCISCC090_UPPER_AERODIGESTIVE_TRACT		False	HMB-MDS		864.0	SIDM00399	1299052.0	ACH-002315	False	False	Head and Neck	-2.9562417188607166
ACH-001228	0.861541015650385	0.8587963551408471	0.6202262178638009	1.2101268886884502	0.2937397699482864	-0.861541015650385	PT-k3C7C0	UPCI-SCC-152	UPCISCC152	OCSC	Head and Neck	Head and Neck Squamous Cell Carcinoma	Oral Cavity Squamous Cell Carcinoma	OCSC		CVCL_C058	47.0	Adult	Male			upper_aerodigestive_tract	ATCC		CRL-3240	Cell Line											Adherent	MF-015-002	EMEM + 10% FBS + 2mM Glutamine + 100uM NEAA	False						UPCISCC152_UPPER_AERODIGESTIVE_TRACT		False	HMB-MDS			SIDM00398			False	False	Head and Neck	-1.975362361254
ACH-001229	2.4559433675275257	2.5191282902468917	0.1884781965784445	0.31402218696624185	0.10075771475768605	-2.4559433675275257	PT-FRJzoR	UPCI-SCC-154	UPCISCC154	OCSC	Head and Neck	Head and Neck Squamous Cell Carcinoma	Oral Cavity Squamous Cell Carcinoma	OCSC		CVCL_2230	54.0	Adult	Male		Primary	upper_aerodigestive_tract	DSMZ		669	Cell Line											Adherent	MF-006-002	MEM + 10% FBS + 2mM Glutamine + 100uM NEAA	False						UPCISCC154_UPPER_AERODIGESTIVE_TRACT		False	HMB-MDS						False	False	Head and Neck	-5.631047160213174
ACH-001232	-0.24303019451998398	-0.14461662092632563	0.0787288451203822	-0.3849432365475036	0.6756798931550406	0.24303019451998398	PT-Qe9Gjx	UW228	UW228	MBLNOS	CNS/Brain	Embryonal Tumor	Medulloblastoma, NOS	MBLNOS		CVCL_8585	9.0	Pediatric	Male		Primary	central_nervous_system	Dana-Farber Cancer Institute	Mimi Bandhyopadhyay		Cell Line											Adherent	MF-007-002	DMEM:F12 + 10% FBS + 2mM Glutamine	False					Cell line thought to be female but has Y chromosome expression.	UW228_CENTRAL_NERVOUS_SYSTEM		True	HMB-MDS	MYC_No					False	False	CNS/Brain	0.5572255878503979
ACH-001239	-0.3188453831972905	0.20129868563803552	-0.32986475718050107	-0.03922701133841999	0.1401437249211717	0.3188453831972905	PT-JAyPtz	WM-266-4	WM2664	MEL	Skin	Melanoma	Melanoma	MEL		CVCL_2765	55.0	Adult	Female		Metastatic	skin	ATCC		CRL-1676	Cell Line											Adherent	MF-002-001	DMEM + 10% FBS	False						WM2664_SKIN		False	Approved for public sharing - CCLE			SIDM00979			False	False	Skin	0.731056511049643
ACH-001270	-0.3658231154208716	-0.35759936814152365	-0.10892301956869102	-0.05961081271851205	0.49206484623714525	0.3658231154208716	PT-isOde8	1273/99	127399	SYNS	Soft Tissue	Synovial Sarcoma	Synovial Sarcoma	SYNS		CVCL_N588		Pediatric	Male			soft_tissue	The Broad Institute	Cigall Kadoch		Cell Line											Adherent	MF-002-017	DMEM + 20% FBS + 1mM Sodium pyruvate	False						127399_SOFT_TISSUE		True	HMB-MDS						False	False	Soft Tissue	0.8387682071451297
ACH-001274	-0.3125574063716838	-0.30770388717693187	-0.33110023852331066	-0.07197659299599818	-0.14541287240066267	0.3125574063716838	PT-IfpyhV	SW982	SW982	SYNS	Soft Tissue	Synovial Sarcoma	Synovial Sarcoma	SYNS		CVCL_1734	25.0	Adult	Female			soft_tissue	The Broad Institute	Cigall Kadoch	HTB-93	Cell Line											Adherent	MF-021-001	L-15 + 10% FBS	False						SW982_SOFT_TISSUE		True	HMB-MDS		1560.0	SIDM01161	909759.0		False	False	Soft Tissue	0.7166392836349224
ACH-001275	-0.2699428774036876	-0.23530528396900335	-0.32635828510724524	-0.2662566894141489	-0.4670389153078279	0.2699428774036876	PT-WqcWC9	SYO-1	SYO1	OS	Bone	Osteosarcoma	Osteosarcoma	OS		CVCL_7146	19.0	Adult	Female				The Broad Institute	Cigall Kadoch		Cell Line				Active treatment						Partial Response	Adherent	MF-002-017	DMEM + 20% FBS + 1mM Sodium pyruvate	False						SYO1_SOFT_TISSUE		True	HMB-MDS						False	False	Bone	0.6189316469272256
ACH-001277	0.23226015133348626	-0.13823067729808752	-0.2515201991603911	-0.5626122332434017	0.15437749934014183	-0.23226015133348626	PT-yyLDZV	Yamato	YAMATO	SYNS	Soft Tissue	Synovial Sarcoma	Synovial Sarcoma	SYNS		CVCL_6C44	30.0	Adult	Male		Metastatic	soft_tissue	The Broad Institute	Cigall Kadoch		Cell Line											Adherent	MF-002-017	DMEM + 20% FBS + 1mM Sodium pyruvate	False						YAMATO_SOFT_TISSUE		True	HMB-MDS						False	False	Soft Tissue	-0.5325317688061272
ACH-001278	0.6814371514445374	-0.3669517398632509	-0.3538718573005484	-0.09190166673469889	-0.22156730834480845	-0.6814371514445374	PT-ZkKui4	BIN-67	BIN67	SCCO	Ovary/Fallopian Tube	Ovarian Epithelial Tumor	Small Cell Carcinoma of the Ovary	SCCO		CVCL_S987		Unknown	Female		Metastatic	bone	The Broad Institute	Cigall Kadoch		Cell Line											Adherent	MF-007-019	DMEM:F12 + 20% FBS	False						BIN67_OVARY		False	HMB-MDS						False	False	Ovary/Fallopian Tube	-1.562415806179012
ACH-001279	-0.3158386354030687	-0.3212057368619624	0.1086980701945635	0.5626455846963334	0.391474627696533	0.3158386354030687	PT-z5pG5i	SCCOHT-1	SCCOHT1	SCCO	Ovary/Fallopian Tube	Ovarian Epithelial Tumor	Small Cell Carcinoma of the Ovary	SCCO		CVCL_VU69	31.0	Adult	Female			ovary	The Broad Institute	Cigall Kadoch		Cell Line											Adherent	MF-001-003	RPMI + 10% FBS + 2mM Glutamine	False						SCCOHT1_OVARY		False	HMB-MDS						False	False	Ovary/Fallopian Tube	0.7241625659970032
ACH-001280	0.117294673907027	0.07230509699821375	-0.08869121642918541	-0.7110924051456553	-0.41139694544607985	-0.117294673907027	PT-u27nif	SCS-214	SCS214	SYNS	Soft Tissue	Synovial Sarcoma	Synovial Sarcoma	SYNS		CVCL_WU91		Pediatric	Unknown			soft_tissue	The Broad Institute	Cigall Kadoch		Cell Line											Adherent	MF-002-009	DMEM + 20% FBS	False						SCS214_SOFT_TISSUE		True	In Progress						False	False	Soft Tissue	-0.26893610379836735
ACH-001283	-0.039316009882367595	-0.06211800556566788	-0.37544422410859485	-0.21475476663153759	-0.7089719599399651	0.039316009882367595	PT-yXtSGR	TC-106	TC106	ES	Bone	Ewing Sarcoma	Ewing Sarcoma	ES		CVCL_F531	19.0	Adult	Male		Metastatic	skin	Dana-Farber Cancer Institute	Kim Stegmaier		Cell Line				Pre-treatment							Adherent	MF-001-003	RPMI + 10% FBS + 2mM Glutamine	False						TC106_BONE		True	HMB-MDS	EWS::ERG					False	False	Bone	0.09014471128538266
ACH-001289	-0.19526186513886223	-0.3383482429708985	0.1708942392519578	0.6040209945026628	-0.36652128974497533	0.19526186513886223	PT-773uN4	COG-AR-359	COGAR359	ATRT	CNS/Brain	Embryonal Tumor	Atypical Teratoid/Rhabdoid Tumor	ATRT		CVCL_RS25		Pediatric	Male			central_nervous_system	Children's Oncology Group (COG)			Cell Line				Pre-treatment							Suspension	MF-005-005	IMDM + 20% FBS + 4mM Glutamine + 1x Insulin-Transferrin-Selenium	False						COGAR359_SOFT_TISSUE		True	HMB-MDS						False	False	CNS/Brain	0.44770119121071095
ACH-001295	0.13641167952187944	0.14201834273872474	0.07758891959544989	-0.12817051331352133	-0.5249260152138783	-0.13641167952187944	PT-KinR5m	Y-79	Y79	RBL	Eye	Retinoblastoma	Retinoblastoma	RBL		CVCL_1893	2.0	Pediatric	Female		Primary	eye	ATCC			Cell Line											Suspension	MF-001-020	RPMI + 20% FBS	False						Y79_AUTONOMIC_GANGLIA		True	HMB-MDS						False	False	Eye	-0.31276804292311494
ACH-001300	0.030054205281731895	0.04298359879220052	-0.06961112761833221	-0.3678398845620996	-0.54871541814118	-0.030054205281731895	PT-ZhCETu	CHLA-15	CHLA15	NBL	Peripheral Nervous System	Neuroblastoma	Neuroblastoma	NBL		CVCL_6594	1.0	Pediatric	Female	unknown	Primary	autonomic_ganglia	Children's Oncology Group (COG)		Unavailable	Cell Line				Pre-treatment							Mixed	MF-005-005	IMDM + 20% FBS + 4mM Glutamine + 1x Insulin-Transferrin-Selenium	False						CHLA15_AUTONOMIC_GANGLIA		True	HMB-MDS						False	False	Peripheral Nervous System	-0.06890901864505769
ACH-001301	-0.12380419060475964	-0.13500899637076175	-0.1935790491870832	-0.5170028463855598	-0.38977170840265674	0.12380419060475964	PT-9ShVj5	COG-N-278	COGN278	NBL	Peripheral Nervous System	Neuroblastoma	Neuroblastoma	NBL		CVCL_AX49	4.0	Pediatric	Unknown	unknown	Unknown	autonomic_ganglia	Children's Oncology Group (COG)		Unavailable	Cell Line				Pre-treatment			2B				Adherent	MF-005-005	IMDM + 20% FBS + 4mM Glutamine + 1x Insulin-Transferrin-Selenium	False						COGN278_AUTONOMIC_GANGLIA		True	HMB-MDS	MYC_Amplified					False	False	Peripheral Nervous System	0.2838612832629207
ACH-001302	0.19538778843940507	0.18216325587462104	0.006188912193479649	-0.5477442656642417	-0.7117875330756933	-0.19538778843940507	PT-37DeSd	COG-N-305	COGN305	NBL	Peripheral Nervous System	Neuroblastoma	Neuroblastoma	NBL		CVCL_AX42	1.0	Pediatric	Unknown	unknown	Unknown	autonomic_ganglia	Children's Oncology Group (COG)		Unavailable	Cell Line				Pre-treatment			4				Mixed	MF-005-005	IMDM + 20% FBS + 4mM Glutamine + 1x Insulin-Transferrin-Selenium	False						COGN305_AUTONOMIC_GANGLIA		True	GRU	MYC_Amplified					False	False	Peripheral Nervous System	-0.4479899112411895
ACH-001303	-0.22463446156303904	-0.22627480913558617	-0.3639107703396757	-0.6731988627742516	-0.7248649155369006	0.22463446156303904	PT-IFd9cu	NB-1643	NB1643	NBL	Peripheral Nervous System	Neuroblastoma	Neuroblastoma	NBL		CVCL_5627	3.0	Pediatric	Male		Unknown	abdomen	The Broad Institute	Cigall Kadoch		Cell Line				Pre-treatment			4				Adherent	MF-005-005	IMDM + 20% FBS + 4mM Glutamine + 1x Insulin-Transferrin-Selenium	False						NB1643_AUTONOMIC_GANGLIA		True	HMB-MDS	MYC_Amplified					False	False	Peripheral Nervous System	0.51504740035761
ACH-001306	-0.30464505625189203	-0.24659536340997382	0.3067390916443663	1.364043202679887	0.1419199279050089	0.30464505625189203	PT-Dn9adW	8305C	8305C	THAP	Thyroid	Anaplastic Thyroid Cancer	Anaplastic Thyroid Cancer	THAP		CVCL_1053	67.0	Adult	Female		Primary	thyroid	DSMZ		133	Cell Line											Adherent	MF-001-017	RPMI + 15% FBS	False						8305C_THYROID		False	Approved for public sharing - CCLE		433.0	SIDM00997	906795.0		True	True	Thyroid	0.6984976533099853
ACH-001307	-0.36214893612814475	-0.35659969344199344	0.018387973453484394	0.7317931818617325	0.7326797512333602	0.36214893612814475	PT-1llqWx	8505C	8505C	THAP	Thyroid	Anaplastic Thyroid Cancer	Anaplastic Thyroid Cancer	THAP		CVCL_1054	78.0	Adult	Female		Primary	thyroid	HSRRB		JCRB0826	Cell Line											Adherent	MF-015-002	EMEM + 10% FBS + 2mM Glutamine + 100uM NEAA	False						8505C_THYROID		False	Approved for public sharing - CCLE		868.0	SIDM00996	924102.0		True	True	Thyroid	0.8303439587907174
ACH-001310	-0.36662701225718786	-0.3481235685472764	0.07029582152499386	0.8863438217564608	0.32693666601227905	0.36662701225718786	PT-1UiNjR	HA1E	HA1E	ZIMMEKC	Kidney	Non-Cancerous	Immortalized Embyonic Kidney Cells			CVCL_VU89		Unknown	Male			kidney	Academic lab			Cell Line			hTERT + SV40								Adherent	MF-006-001	MEM + 10% FBS	False						HA1E_KIDNEY		False	HMB-MDS						False	False	Kidney	0.8406114015188666
ACH-001318	-0.18144505797325114	-0.260706782472404	-0.008012608628578919	0.5017119229702562	0.8753034274526218	0.18144505797325114	PT-E7izN5	PLC/PRF/5	PLCPRF5	HCC	Liver	Hepatocellular Carcinoma	Hepatocellular Carcinoma	HCC		CVCL_0485	24.0	Adult	Male		Primary	liver	ATCC		CRL-8024	Cell Line											Adherent	MF-002-001	DMEM + 10% FBS	False						PLCPRF5_LIVER		False	Approved for public sharing - CCLE						False	False	Liver	0.4160216770240894
ACH-001321	2.3402519365511796	0.6965822084708259	2.40821993379157	1.4194808000652537	-0.035288970539462845	-2.3402519365511796	PT-RAH5Wu	TT	TT	THME	Thyroid	Medullary Thyroid Cancer	Medullary Thyroid Cancer	THME		CVCL_1774	77.0	Adult	Female	caucasian	Primary	thyroid	ATCC		CRL-1803	Cell Line											Adherent	MF-004-001	F12 + 10% FBS	False						TT_THYROID		False	Approved for public sharing - CCLE			SIDM00484			True	True	Thyroid	-5.365787011109573
ACH-001322	1.1700764230474003	1.1896315817416516	-0.28800802119454605	0.030433890682205617	0.6110257483547644	-1.1700764230474003	PT-NzxvhN	CME-1	CME1	SYNS	Soft Tissue	Synovial Sarcoma	Synovial Sarcoma	SYNS		CVCL_N586		Pediatric	Female			soft_tissue	The Broad Institute	Cigall Kadoch		Cell Line											Adherent	MF-002-017	DMEM + 20% FBS + 1mM Sodium pyruvate	False						CME1_SOFT_TISSUE		True	HMB-MDS						False	False	Soft Tissue	-2.6827799070409983
ACH-001328	-0.10526519695818029	-0.07816595599757736	-0.1989220958172028	0.28678030425919476	-0.11744729891083894	0.10526519695818029	PT-BB1vF7	A-431	A431	CSCC	Skin	Cutaneous Squamous Cell Carcinoma	Cutaneous Squamous Cell Carcinoma	CSCC		CVCL_0037	85.0	Adult	Female		Primary	skin	ATCC		CRL-1555	Cell Line											Adherent	MF-002-001	DMEM + 10% FBS	False						A431_SKIN		False	HMB-MDS		97.0	SIDM00995	910925.0		False	False	Skin	0.24135462414892112
ACH-001329	-0.20844874187208068	-0.05963162695417041	-0.08983460368608054	-0.34619747531256995	-0.22377142382607354	0.20844874187208068	PT-tYbbCQ	ANGM-CSS	ANGMCSS	GB	CNS/Brain	Adult-Type Diffuse Glioma	Glioblastoma, IDH-Wildtype	GB		CVCL_2297	65.0	Adult	Male		Primary	central_nervous_system	Sigma-Aldrich		8040401	Cell Line											Adherent	MF-007-002	DMEM:F12 + 10% FBS + 2mM Glutamine	False						ANGMCSS_CENTRAL_NERVOUS_SYSTEM		False	HMB-MDS						False	False	CNS/Brain	0.47793638545927647
ACH-001332	0.21828245292734386	0.2012995164529759	0.1666389786076214	0.14922803410307645	-0.4271122306303227	-0.21828245292734386	PT-aRE4u7	BICR 78	BICR78	OCSC	Head and Neck	Head and Neck Squamous Cell Carcinoma	Oral Cavity Squamous Cell Carcinoma	OCSC		CVCL_2315		Unknown	Male		Primary	upper_aerodigestive_tract	Sigma-Aldrich		4072111	Cell Line											Adherent	MF-002-004	DMEM + 10% FBS + 2mM Glutamine + 0.4ug/ml Hydrocortisone	False						BICR78_UPPER_AERODIGESTIVE_TRACT		False	HMB-MDS		913.0	SIDM00501	1240122.0		False	False	Head and Neck	-0.5004833592389867
ACH-001333	-0.3085039109622938	-0.2847673777806356	-0.16547258960346856	-0.7751001579730932	-0.3161006349294201	0.3085039109622938	PT-9q6tDV	C-33 A	C33A	CESC	Cervix	Cervical Squamous Cell Carcinoma	Cervical Squamous Cell Carcinoma	CESC		CVCL_1094	66.0	Adult	Female		Primary	cervix	ATCC		HTB-31	Cell Line											Adherent	MF-015-001	EMEM + 10% FBS	False						C33A_CERVIX		False	HMB-MDS		1761.0	SIDM00889	687505.0		False	False	Cervix	0.7073453299893374
ACH-001334	0.3454405740518472	0.343821055050255	0.10115222643825471	0.40429493234671066	0.10705431157871803	-0.3454405740518472	PT-ERAmPK	C-4 I	C4I	CESC	Cervix	Cervical Squamous Cell Carcinoma	Cervical Squamous Cell Carcinoma	CESC		CVCL_2253	41.0	Adult	Female		Primary	cervix	ATCC		CRL-1594	Cell Line											Adherent	MF-020-001	Waymouth's MB 752_1 + 10% FBS	False						C4I_CERVIX		False	HMB-MDS		561.0	SIDM00905	687506.0		False	False	Cervix	-0.7920346166187651
ACH-001335	-0.3105104333377866	-0.31495298156683865	0.17214880000839122	0.7587612515987096	0.31296892450708785	0.3105104333377866	PT-ERAmPK	C-4 II	C4II	CESC	Cervix	Cervical Squamous Cell Carcinoma	Cervical Squamous Cell Carcinoma	CESC		CVCL_1095	41.0	Adult	Female		Primary	cervix	ATCC			Cell Line											Adherent	MF-020-001	Waymouth's MB 752_1 + 10% FBS	False						C4II_CERVIX		False	HMB-MDS			SIDM00906			False	False	Cervix	0.7119459336815137
ACH-001336	-0.30842491047197856	-0.3125422138135126	-0.019702519337964384	0.48674177274263036	-0.17114884329051142	0.30842491047197856	PT-QAGzTB	Ca Ski	CASKI	CESC	Cervix	Cervical Squamous Cell Carcinoma	Cervical Squamous Cell Carcinoma	CESC		CVCL_1100	40.0	Adult	Female		Metastatic	small_intestine	ATCC		CRL-1550	Cell Line											Adherent	MF-001-001	RPMI + 10% FBS	False						CASKI_CERVIX		False	HMB-MDS		1767.0	SIDM00923	906824.0		False	False	Cervix	0.7071641957284555
ACH-001338	-0.014694217816936882	0.0015581118047466452	-0.11509065835393627	-0.3787416610252597	-0.5926820491907616	0.014694217816936882	PT-cvCz0R	CHP-134	CHP134	NBL	Peripheral Nervous System	Neuroblastoma	Neuroblastoma	NBL		CVCL_1124	1.0	Pediatric	Male		Primary	autonomic_ganglia	Sigma-Aldrich			Cell Line											Adherent	MF-001-003	RPMI + 10% FBS + 2mM Glutamine	False						CHP134_AUTONOMIC_GANGLIA		True	HMB-MDS	MYC_Amplified	1562.0	SIDM00285	910941.0		False	False	Peripheral Nervous System	0.03369126283759432
ACH-001339	-0.3259806445781914	-0.005451728313544631	-0.392774276996976	-0.1806537915465658	-0.1472768569904382	0.3259806445781914	PT-hf4hbl	Colo 794	COLO794	SKCM	Skin	Melanoma	Cutaneous Melanoma	SKCM		CVCL_2408	14.0	Pediatric	Male		Primary	skin	Sigma-Aldrich			Cell Line											Adherent	MF-001-001	RPMI + 10% FBS	False						COLO794_SKIN		False	HMB-MDS			SIDM00514			False	False	Skin	0.7474164132638175
ACH-001340	0.09688089470290069	0.051568054720486485	0.29493412452243045	0.6224972018123918	0.514452930293304	-0.09688089470290069	PT-G1dQTb	COV413A	COV413A	SOC	Ovary/Fallopian Tube	Ovarian Epithelial Tumor	Serous Ovarian Cancer	SOC		CVCL_2422		Unknown	Female		Metastatic	large_intestine	Sigma-Aldrich			Cell Line											Adherent	MF-002-001	DMEM + 10% FBS	False						COV413A_OVARY		False	HMB-MDS						False	False	Ovary/Fallopian Tube	-0.22213089039788947
ACH-001341	0.2780968223948485	0.19150816755855657	0.4810760011410537	1.580311961703218	0.5054956119322128	-0.2780968223948485	PT-tTbVoL	DoTc2 4510	DOTC24510	MCCE	Cervix	Mixed Cervical Carcinoma	Mixed Cervical Carcinoma	MCCE		CVCL_1181		Unknown	Female		Primary	cervix	ATCC		CRL-7920	Cell Line											Adherent	MF-002-001	DMEM + 10% FBS	False						DOTC24510_CERVIX		False	HMB-MDS		473.0	SIDM00864	906843.0		False	False	Cervix	-0.6376272118959062
ACH-001344	-0.3517639933706226	-0.2162472551197638	-0.37203642166852663	-0.5114498996246424	0.4042239566000613	0.3517639933706226	PT-smWXLD	GI-ME-N	GIMEN	NBL	Peripheral Nervous System	Neuroblastoma	Neuroblastoma	NBL		CVCL_1232	3.0	Pediatric	Female		Metastatic	bone_marrow	DSMZ		ACC 654	Cell Line											Adherent	MF-001-001	RPMI + 10% FBS	False						GIMEN_AUTONOMIC_GANGLIA		True	HMB-MDS		1530.0	SIDM00227	906872.0		False	False	Peripheral Nervous System	0.8065331074506911
ACH-001345	0.11696144930187291	0.3914034999315012	-0.005213155869077699	-0.12074682686071378	-0.3535442009362914	-0.11696144930187291	PT-sGJOXH	GP5d	GP5D	COAD	Bowel	Colorectal Adenocarcinoma	Colon Adenocarcinoma	COAD		CVCL_1235	71.0	Adult	Female		Primary	Colon	Sigma-Aldrich		95090715	Cell Line											Adherent	MF-002-001	DMEM + 10% FBS	False						GP5D_LARGE_INTESTINE		False	HMB-MDS		741.0	SIDM00537	907291.0		False	False	Bowel	-0.26817207825471034
ACH-001346	0.838639835189976	0.8450173701200792	0.09627838993628464	0.04266098582253859	-0.1767241311481294	-0.838639835189976	PT-VXDXrs	H103	H103	OCSC	Head and Neck	Head and Neck Squamous Cell Carcinoma	Oral Cavity Squamous Cell Carcinoma	OCSC		CVCL_2457	32.0	Adult	Male		Primary	upper_aerodigestive_tract	Sigma-Aldrich		6092001	Cell Line											Adherent	MF-007-003	DMEM:F12 + 10% FBS + 2mM Glutamine + 500ng/ml Sodium hydrocortisone succinate	False						H103_UPPER_AERODIGESTIVE_TRACT		False	HMB-MDS						False	False	Head and Neck	-1.922853973274785
ACH-001347	0.6765181881386122	0.6479746687237596	0.2992246790629921	0.50168258546143	-0.2567453736763189	-0.6765181881386122	PT-C880aD	H157	H157	OCSC	Head and Neck	Head and Neck Squamous Cell Carcinoma	Oral Cavity Squamous Cell Carcinoma	OCSC		CVCL_2458	84.0	Adult	Male		Primary	upper_aerodigestive_tract	Sigma-Aldrich		7030901	Cell Line											Adherent	MF-007-003	DMEM:F12 + 10% FBS + 2mM Glutamine + 500ng/ml Sodium hydrocortisone succinate	False						H157_UPPER_AERODIGESTIVE_TRACT		False	HMB-MDS						False	False	Head and Neck	-1.5511374865234133
ACH-001349	-0.17846097811473338	-0.21038347310256716	-0.3445446608727549	-0.4914013271648735	-1.3719099794624707	0.17846097811473338	PT-S14wo4	HD-MB03	HDMB03	MBLNOS	CNS/Brain	Embryonal Tumor	Medulloblastoma, NOS	MBLNOS		CVCL_S506	3.0	Pediatric	Male		Metastatic	central_nervous_system	DSMZ			Cell Line											Adherent	MF-001-001	RPMI + 10% FBS	False						HDMB03_CENTRAL_NERVOUS_SYSTEM		True							False	False	CNS/Brain	0.40917970557013345
ACH-001350	-0.2384603506260659	-0.2620733016737353	0.027838977385550412	0.3576922217491109	0.03154053661712296	0.2384603506260659	PT-KgSHOe	HTC-C3	HTCC3	THAP	Thyroid	Anaplastic Thyroid Cancer	Anaplastic Thyroid Cancer	THAP		CVCL_1295	44.0	Adult	Female		Metastatic	pleural_effusion	DSMZ		580	Cell Line											Adherent	MF-002-009	DMEM + 20% FBS	False						HTCC3_THYROID		False	HMB-MDS		329.0	SIDM00496	924151.0		True	True	Thyroid	0.5467477377412681
ACH-001353	0.3829023508163119	0.47269864459788874	0.31781064820264526	0.07085789281348284	-0.14197900961422869	-0.3829023508163119	PT-dEG8Km	JOPACA-1	JOPACA1	PAAD	Pancreas	Pancreatic Adenocarcinoma	Pancreatic Adenocarcinoma	PAAD		CVCL_S507	46.0	Adult	Male		Primary	pancreas	DSMZ		ACC 744	Cell Line											Adherent	MF-005-004	IMDM + 20% FBS	False						JOPACA1_PANCREAS		False	HMB-MDS						False	False	Pancreas	-0.8779278967551258
ACH-001354	-0.14212194021616914	-0.17217835694796785	-0.22447408193672688	-0.3186562509274643	-0.3135065259717635	0.14212194021616914	PT-6gsVP1	LAN-2	LAN2	NBL	Peripheral Nervous System	Neuroblastoma	Neuroblastoma	NBL		CVCL_1829	3.0	Pediatric	Female		Primary	autonomic_ganglia	DSMZ			Cell Line											Adherent	MF-038-001	RPMI:EMEM (3:2) + 20% FBS + 2 mM L-glutamine + 100uM NEAA	False						LAN2_AUTONOMIC_GANGLIA		True	HMB-MDS	MYC_Amplified					False	False	Peripheral Nervous System	0.3258606686293129
ACH-001356	0.08668359635285086	-0.2592973368650683	0.7836925032623843	1.6050960728401664	0.30807244595561256	-0.08668359635285086	PT-b1GXgx	MB-1	MB1	THAP	Thyroid	Anaplastic Thyroid Cancer	Anaplastic Thyroid Cancer	THAP		CVCL_2109	57.0	Adult	Male		Primary	thyroid	DSMZ		ACC 638	Cell Line											Adherent	MF-001-021	RPMI + 20% FBS + 2mM Glutamine	False						MB1_THYROID		False	HMB-MDS						True	True	Thyroid	-0.198750274755395
ACH-001360	-0.29287450448899666	-0.3379759506112818	-0.08546606974303071	-0.1957010224782105	-0.17276880616043694	0.29287450448899666	PT-wH5ORo	MS751	MS751	CESC	Cervix	Cervical Squamous Cell Carcinoma	Cervical Squamous Cell Carcinoma	CESC		CVCL_4996	47.0	Adult	Female		Metastatic	lymph_node	ATCC		HTB-34	Cell Line											Adherent	MF-015-001	EMEM + 10% FBS	False						MS751_CERVIX		False	HMB-MDS		386.0	SIDM00638	1240179.0		False	False	Cervix	0.6715098436744068
ACH-001366	0.42027039549844003	0.40247732435680283	0.13673491121435344	-0.5135382880299396	-0.4153379023839103	-0.42027039549844003	PT-jZHQTi	NGP	NGP	NBL	Peripheral Nervous System	Neuroblastoma	Neuroblastoma	NBL		CVCL_2141	2.0	Pediatric	Male		Metastatic	lung	DSMZ		ACC-676	Cell Line											Adherent	MF-002-001	DMEM + 10% FBS	False						NGP_AUTONOMIC_GANGLIA		True	HMB-MDS	MYC_Amplified					False	False	Peripheral Nervous System	-0.9636062656752749
ACH-001367	0.5318706692974629	0.5051820441441742	0.31986284649052016	-0.5434802386320539	-0.2933440269590193	-0.5318706692974629	PT-7QJIsM	NMB	NMB	NBL	Peripheral Nervous System	Neuroblastoma	Neuroblastoma	NBL		CVCL_2143	0.0	Pediatric	Female		Metastatic	bone_marrow	DSMZ			Cell Line											Adherent	MF-002-001	DMEM + 10% FBS	False						NMB_AUTONOMIC_GANGLIA		True	HMB-MDS	MYC_Amplified					False	False	Peripheral Nervous System	-1.2194861093085003
ACH-001368	0.08549237064478327	0.06049813472942992	-0.22711634179391973	0.11515852998550079	-0.5467584548673997	-0.08549237064478327	PT-1Sm4U9	OAC-M5.1	OACM51	ESCA	Esophagus/Stomach	Esophagogastric Adenocarcinoma	Esophageal Adenocarcinoma	ESCA		CVCL_1842	47.0	Adult	Female		Metastatic	lymph_node	DSMZ		ACC 696	Cell Line											Suspension	MF-001-020	RPMI + 20% FBS	False						OACM51_OESOPHAGUS		False	HMB-MDS		752.0	SIDM00444	1503363.0		False	False	Esophagus/Stomach	-0.1960190032491876
ACH-001369	-0.08283018047075914	-0.10916183742644575	0.5337555530802419	1.251026597784281	-0.03968512722737792	0.08283018047075914	PT-0GisSs	OCI-C5x	OCIC5X	CCOV	Ovary/Fallopian Tube	Ovarian Epithelial Tumor	Clear Cell Ovarian Cancer	CCOV		CVCL_DH06		Unknown	Female		Primary	ovary	University of Miami	Tan Ince	CRL-3553	Cell Line											Adherent	MF-035-001	OCMI-L	False						OCIC5X_OVARY		False	HMB-MDS						False	False	Ovary/Fallopian Tube	0.1899150683549243
ACH-001370	-0.0502584031072194	-0.150787810888988	0.27840930680522447	0.7980990066870227	0.22835693240869862	0.0502584031072194	PT-rC8bwa	OCI-P5x	OCIP5X	SOC	Ovary/Fallopian Tube	Ovarian Epithelial Tumor	Serous Ovarian Cancer	SOC		CVCL_DH18		Unknown	Female		Primary	ovary	University of Miami	Tan Ince	CRL-3552	Cell Line											Adherent	MF-035-001	OCMI-L	False						OCIP5X_OVARY		False	HMB-MDS						False	False	Ovary/Fallopian Tube	0.11523369872273123
ACH-001373	-0.03856259705347102	0.29763756894721294	0.13326157603957756	0.4484999533928913	-0.5732241650555593	0.03856259705347102	PT-ND5kWh	OV17R	OV17R	SOC	Ovary/Fallopian Tube	Ovarian Epithelial Tumor	Serous Ovarian Cancer	SOC		CVCL_2672	50.0	Adult	Female		Metastatic	ascites	Sigma-Aldrich		96020763	Cell Line											Adherent	MF-007-009	DMEM:F12 + 5% FBS + 2mM Glutamine + 10ug/ml Insulin + 0.5ug/ml Hydrocortisone	False						OV17R_OVARY		False	HMB-MDS		986.0	SIDM00476	1480361.0		False	False	Ovary/Fallopian Tube	0.08841726788146685
ACH-001374	-0.20175130254658408	-0.26433613270657463	-0.3254378204687451	-0.7980859024086915	0.2305486341390153	0.20175130254658408	PT-EoMkUH	PA-1 [PA1]	PA1	OMGCT	Ovary/Fallopian Tube	Ovarian Germ Cell Tumor	Mixed Germ Cell Tumor	OMGCT		CVCL_0479	12.0	Pediatric	Female		Metastatic	ascites	ATCC		CRL-1572	Cell Line											Adherent	MF-015-001	EMEM + 10% FBS	False						PA1_OVARY		False	HMB-MDS		643.0	SIDM01140	909255.0		False	False	Ovary/Fallopian Tube	0.4625803323868861
ACH-001375	-0.16158535093594695	-0.19642853311517336	-0.18343603439028153	0.03678003769180185	-0.3112849077485578	0.16158535093594695	PT-F5I5LU	PACADD-119	PACADD119	PAAD	Pancreas	Pancreatic Adenocarcinoma	Pancreatic Adenocarcinoma	PAAD		CVCL_1848	59.0	Adult	Male		Primary	pancreas	DSMZ		ACC 709	Cell Line											Adherent	MF-008-001	DMEM:KSFM (2:1) + 20% FBS	False						PACADD119_PANCREAS		False	HMB-MDS						False	False	Pancreas	0.3704868538707114
ACH-001376	-0.3023857528070421	-0.27164232526711146	-0.26911412611223073	-0.21802085790903042	-0.16014665216944027	0.3023857528070421	PT-4cABry	PACADD-135	PACADD135	PAAD	Pancreas	Pancreatic Adenocarcinoma	Pancreatic Adenocarcinoma	PAAD		CVCL_1849	48.0	Adult	Female		Metastatic	lymph_node	DSMZ			Cell Line											Adherent	MF-002-001	DMEM + 10% FBS	False						PACADD135_PANCREAS		False	HMB-MDS						False	False	Pancreas	0.6933174669850904
ACH-001377	-0.36359355684898564	0.2050196666448906	-0.4391462791728963	0.26882506207640217	-0.2868156182040073	0.36359355684898564	PT-gL0WpK	PACADD-137	PACADD137	PAAD	Pancreas	Pancreatic Adenocarcinoma	Pancreatic Adenocarcinoma	PAAD		CVCL_1850	75.0	Adult	Female		Primary	pancreas	DSMZ		ACC 711	Cell Line											Adherent	MF-008-001	DMEM:KSFM (2:1) + 20% FBS	False						PACADD137_PANCREAS		False	HMB-MDS						False	False	Pancreas	0.8336562205941587
ACH-001378	0.010963614678215626	-0.032864973522350155	-0.36789474189744303	-0.46653871857179274	-0.1639794856233608	-0.010963614678215626	PT-oPsAd9	PACADD-159	PACADD159	PAAD	Pancreas	Pancreatic Adenocarcinoma	Pancreatic Adenocarcinoma	PAAD		CVCL_M465	78.0	Adult	Male		Primary	pancreas	DSMZ			Cell Line											Adherent	MF-008-001	DMEM:KSFM (2:1) + 20% FBS	False						PACADD159_PANCREAS		False	HMB-MDS						False	False	Pancreas	-0.025137644505862377
ACH-001379	-0.2974533246790675	-0.29500150594743885	-0.37013883035596834	-0.729054906296003	-0.0807610868889268	0.2974533246790675	PT-wftWQy	PACADD-161	PACADD161	PAAD	Pancreas	Pancreatic Adenocarcinoma	Pancreatic Adenocarcinoma	PAAD		CVCL_M466	63.0	Adult	Female		Metastatic	liver	DSMZ		ACC 746	Cell Line											Adherent	MF-008-001	DMEM:KSFM (2:1) + 20% FBS	False						PACADD161_PANCREAS		False	HMB-MDS						False	False	Pancreas	0.6820082748554085
ACH-001380	-0.14328931493464733	-0.16482089601766112	-0.19384558772281116	0.1955361856603223	-0.06112366432943791	0.14328931493464733	PT-8QBQO2	PACADD-165	PACADD165	PAAD	Pancreas	Pancreatic Adenocarcinoma	Pancreatic Adenocarcinoma	PAAD		CVCL_M467	54.0	Adult	Male		Metastatic	ascites	DSMZ			Cell Line											Adherent	MF-008-001	DMEM:KSFM (2:1) + 20% FBS	False						PACADD165_PANCREAS		False	HMB-MDS						False	False	Pancreas	0.32853725400188566
ACH-001382	0.8201455482464589	0.760853211165677	-0.2108535928168912	-0.12282560550561919	-0.27983398316518465	-0.8201455482464589	PT-eGohb8	PACADD-188	PACADD188	PAAD	Pancreas	Pancreatic Adenocarcinoma	Pancreatic Adenocarcinoma	PAAD		CVCL_M469	68.0	Adult	Female		Metastatic	pancreas	DSMZ			Cell Line											Adherent	MF-008-001	DMEM:KSFM (2:1) + 20% FBS	False						PACADD188_PANCREAS		False	HMB-MDS						False	False	Pancreas	-1.8804498187855458
ACH-001384	-0.28282002675902185	-0.24335472815344633	0.13670329094349942	0.419611516599079	0.11954185646558302	0.28282002675902185	PT-F6euB4	RO82-W-1	RO82W1	THFO	Thyroid	Well-Differentiated Thyroid Cancer	Follicular Thyroid Cancer	THFO		CVCL_0582		Unknown	Female		Metastatic	thyroid	Sigma-Aldrich		92030502	Cell Line											Adherent	MF-027-001	EMEM:F12 + 10% FBS	False						RO82W1_THYROID		False	HMB-MDS		1983.0	SIDM00218	930083.0		True	True	Thyroid	0.6484566906508501
ACH-001385	-0.22072600300724085	-0.2594121509269509	0.15140327770165068	0.5294683457566337	-1.342132395332106	0.22072600300724085	PT-a3pn8l	RPMI 2650	RPMI2650	NMCHN	Head and Neck	Head and Neck Carcinoma, Other	NUT Midline Carcinoma of the Head and Neck	NMCHN		CVCL_1664	52.0	Adult	Male		Metastatic	pleural_effusion	ATCC		CCL-30	Cell Line											Adherent	MF-015-001	EMEM + 10% FBS	False						RPMI2650_UPPER_AERODIGESTIVE_TRACT		False	HMB-MDS		1163.0	SIDM00809	909700.0		False	False	Head and Neck	0.5060859907655008
ACH-001386	0.30016075406201137	0.38104232533975596	0.5417123617508353	1.0421005905638088	-0.28583988415972883	-0.30016075406201137	PT-hfsFIb	SCLC-22H	SCLC22H	SCLC	Lung	Lung Neuroendocrine Tumor	Small Cell Lung Cancer	SCLC		CVCL_2186	46.0	Adult	Male	caucasian	Metastatic	pleural_effusion	DSMZ			Cell Line											Suspension	MF-002-001	DMEM + 10% FBS	False						SCLC22H_LUNG		False	HMB-MDS			SIDM00028			False	False	Lung	-0.6882159353169166
ACH-001388	-0.2541871489676102	-0.25400433821942725	-0.3882868892276515	-0.8116701422049111	-1.7064233628892977	0.2541871489676102	PT-UklPiT	SUM-102PT	SUM102PT	IDC	Breast	Invasive Breast Carcinoma	Breast Invasive Ductal Carcinoma	IDC		CVCL_3421	57.0	Adult	Female		Primary	breast	Asterand			Cell Line											Suspension	MF-004-006	F12 + 1X ITS + 10mM HEPES + 1ug/ml Hydrocortisone + 1g/l BSA + 10ng/ml EGF + 5mM Ethanolamine + 10nM Triiodo-L-Thyronine	True						SUM102PT_BREAST		False	HMB-MDS	TNBC					False	False	Breast	0.5828065265192652
ACH-001389	-0.16474584460799818	-0.22429654112351502	-0.09305438870712214	-0.13781040218022877	0.2527028214605815	0.16474584460799818	PT-huyXeM	SUM-1315MO2	SUM1315MO2	IDC	Breast	Invasive Breast Carcinoma	Breast Invasive Ductal Carcinoma	IDC		CVCL_5589		Unknown	Female		Metastatic	skin	Asterand			Cell Line											Adherent	MF-004-004	F12 + 5% FBS + 5ug/ml Insulin + 10mM HEPES + 10ng/ml EGF	False						SUM1315MO2_BREAST		False	HMB-MDS	TNBC					False	False	Breast	0.3777333112410996
ACH-001390	-0.2295768751665803	-0.24209462778552562	-0.1747732596859288	0.1954728255327226	-0.6162668105420422	0.2295768751665803	PT-SMhk4C	SUM-149PT	SUM149PT	IDC	Breast	Invasive Breast Carcinoma	Breast Invasive Ductal Carcinoma	IDC		CVCL_3422	40.0	Adult	Female		Primary	breast	Asterand			Cell Line											Adherent	MF-004-008	F12 + 10% FBS + 1mM Glutamine + 44mM Glucose + 12mM Sodium Bicarbonate	False						SUM149PT_BREAST		False	HMB-MDS	basal_B TNBC					False	False	Breast	0.5263794874304639
ACH-001391	-0.2902681413502049	-0.2930235075554179	-0.37965309585069557	-0.509861386283046	-0.3991270767443763	0.2902681413502049	PT-OlQpj4	SUM-159PT	SUM159PT	BRCA	Breast	Invasive Breast Carcinoma	Invasive Breast Carcinoma	BRCA		CVCL_5423	71.0	Adult	Female		Primary	breast	Asterand			Cell Line											Adherent	MF-004-005	F12 + 5% FBS + 5ug/ml Insulin + 10mM HEPES + 1ug/ml Hydrocortisone	False						SUM159PT_BREAST		False	HMB-MDS	basal_B TNBC					False	False	Breast	0.665533910375117
ACH-001392	0.6338146163816513	-0.058934987417823964	0.4611540687108312	-0.6297664278160056	-1.1736093522099478	-0.6338146163816513	PT-i9dYpA	SUM-185PE	SUM185PE	BRCA	Breast	Invasive Breast Carcinoma	Invasive Breast Carcinoma	BRCA		CVCL_5591		Unknown	Female		Metastatic	pleural_effusion	Asterand			Cell Line											Adherent	MF-004-005	F12 + 5% FBS + 5ug/ml Insulin + 10mM HEPES + 1ug/ml Hydrocortisone	False						SUM185PE_BREAST		False	HMB-MDS	luminal TNBC					False	False	Breast	-1.4532256903263054
ACH-001393	0.5522433741601492	0.24318009965356382	-0.036686258035040255	-0.824146677193415	-1.0691543192060373	-0.5522433741601492	PT-Zd61pI	SUM-190PT	SUM190PT	BRCA	Breast	Invasive Breast Carcinoma	Invasive Breast Carcinoma	BRCA		CVCL_3423		Unknown	Female		Primary	breast	Asterand			Cell Line											Suspension	MF-004-006	F12 + 1X ITS + 10mM HEPES + 1ug/ml Hydrocortisone + 1g/l BSA + 10ng/ml EGF + 5mM Ethanolamine + 10nM Triiodo-L-Thyronine	True						SUM190PT_BREAST		False	HMB-MDS	basal_A HER2+					False	False	Breast	-1.2661971464519923
ACH-001394	-0.14026903814590352	-0.27278790844555245	-0.3158752195848836	-0.299451099505691	-0.027903979785888433	0.14026903814590352	PT-jgjbSo	SUM-229PE	SUM229PE	BRCA	Breast	Invasive Breast Carcinoma	Invasive Breast Carcinoma	BRCA		CVCL_5594		Unknown	Female		Metastatic	pleural_effusion	Asterand			Cell Line											Adherent	MF-004-005	F12 + 5% FBS + 5ug/ml Insulin + 10mM HEPES + 1ug/ml Hydrocortisone	False					SNP fingerprinting rules out SUM149PT contamination.	SUM229PE_BREAST		False	HMB-MDS	basal TNBC					False	False	Breast	0.3216122893389442
ACH-001395	-0.07973939529755317	-0.22805919426985688	-0.13134028048998203	-0.5852041478585561	-0.6672527696553836	0.07973939529755317	PT-VCE3zi	SUM-44PE	SUM44PE	ILC	Breast	Invasive Breast Carcinoma	Breast Invasive Lobular Carcinoma	ILC		CVCL_3424		Unknown	Female		Metastatic	pleural_effusion	Asterand			Cell Line											Adherent	MF-004-006	F12 + 1X ITS + 10mM HEPES + 1ug/ml Hydrocortisone + 1g/l BSA + 10ng/ml EGF + 5mM Ethanolamine + 10nM Triiodo-L-Thyronine	True						SUM44PE_BREAST		False	HMB-MDS	luminal ER+					False	False	Breast	0.1828284403395837
ACH-001396	0.4043822265588021	0.41300082932850346	0.17410353487609193	-0.836311879787857	-0.9435827373748439	-0.4043822265588021	PT-sYFvXw	SUM-52PE	SUM52PE	BRCA	Breast	Invasive Breast Carcinoma	Invasive Breast Carcinoma	BRCA		CVCL_3425		Unknown	Female		Metastatic	pleural_effusion	Asterand			Cell Line											Adherent	MF-004-005	F12 + 5% FBS + 5ug/ml Insulin + 10mM HEPES + 1ug/ml Hydrocortisone	False						SUM52PE_BREAST		False	HMB-MDS	luminal TNBC					False	False	Breast	-0.9271774824339885
ACH-001398	-0.11079979167911518	-0.12437338828802988	0.13355520723338582	0.16802614057256282	0.13462102062192485	0.11079979167911518	PT-Xr379n	SW 156	SW156	RCC	Kidney	Renal Cell Carcinoma	Renal Cell Carcinoma	RCC		CVCL_1719	75.0	Adult	Male		Primary	kidney	ATCC		CRL-2175	Cell Line											Adherent	MF-021-002	L-15 + 10% FBS + 2mM Glutamine	False						SW156_KIDNEY		False	HMB-MDS		272.0	SIDM01162	1240220.0		False	False	Kidney	0.2540444786049815
ACH-001399	-0.1495520274265026	-0.15032323234933434	-0.28169794404471127	-0.21463246925009064	-0.21129294418448152	0.1495520274265026	PT-V8yAFO	SW 626	SW626	COAD	Bowel	Colorectal Adenocarcinoma	Colon Adenocarcinoma	COAD		CVCL_1725	46.0	Adult	Female		Metastatic	ovary	ATCC		HTB-78	Cell Line											Adherent	MF-021-001	L-15 + 10% FBS	False						SW626_LARGE_INTESTINE		False	HMB-MDS		2038.0	SIDM01168	909753.0		False	False	Bowel	0.3428965547328289
ACH-001400	1.534278467598313	1.5467219316889675	-0.1403922504434116	-0.4192407990187853	-1.1561579875761512	-1.534278467598313	PT-2KkY6l	SW 954	SW954	VSC	Vulva/Vagina	Squamous Cell Carcinoma of the Vulva/Vagina	Squamous Cell Carcinoma of the Vulva/Vagina	VSC		CVCL_1732	86.0	Adult	Female		Primary	cervix	ATCC		HTB-117	Cell Line											Adherent	MF-021-001	L-15 + 10% FBS	False						SW954_CERVIX		False	HMB-MDS		1182.0	SIDM01157	924247.0		False	False	Vulva/Vagina	-3.5178312831551355
ACH-001401	-0.22739646492295396	-0.2599772823830102	0.13708232974953918	0.18829106346088365	-0.4001849307743601	0.22739646492295396	PT-7a0mgm	SW-13	SW13	ACC	Adrenal Gland	Adrenocortical Carcinoma	Adrenocortical Carcinoma	ACC		CVCL_0542	55.0	Adult	Female		Primary	autonomic_ganglia	ATCC		CCL-105	Cell Line											Adherent	MF-021-001	L-15 + 10% FBS	False						SW13_ADRENAL_CORTEX		False	HMB-MDS		270.0	SIDM00814	909744.0		False	False	Adrenal Gland	0.5213801893713916
ACH-001402	-0.38082604633445816	-0.32508977675237005	0.01667851154281374	0.33380471352102714	0.7248710874045347	0.38082604633445816	PT-zjOA3C	SW756	SW756	CESC	Cervix	Cervical Squamous Cell Carcinoma	Cervical Squamous Cell Carcinoma	CESC		CVCL_1727	46.0	Adult	Female		Primary	cervix	ATCC		CRL-10302	Cell Line											Adherent	MF-021-001	L-15 + 10% FBS	False						SW756_CERVIX		False	HMB-MDS		1984.0	SIDM01174	724839.0		False	False	Cervix	0.8731672949387855
ACH-001403	0.24838381581381255	-0.0876027800289206	0.18792341011369684	0.9613927777749536	-0.20472312378706073	-0.24838381581381255	PT-tuE0iI	TO14	TO14	SOC	Ovary/Fallopian Tube	Ovarian Epithelial Tumor	Serous Ovarian Cancer	SOC		CVCL_2734		Unknown	Female		Metastatic	abdomen	Sigma-Aldrich			Cell Line											Adherent	MF-001-010	RPMI + 10% FBS + 2mM Glutamine + 2mM Sodium pyruvate	False						TO14_OVARY		False	HMB-MDS						False	False	Ovary/Fallopian Tube	-0.5695005019962477
ACH-001407	-0.38767394617450807	-0.32345360892537983	-0.04517844256405764	0.02376607146384377	0.1945335254946132	0.38767394617450807	PT-SuuJak	UM-UC-13	UMUC13	BLCA	Bladder/Urinary Tract	Bladder Urothelial Carcinoma	Bladder Urothelial Carcinoma	BLCA		CVCL_2746		Unknown	Male		Metastatic	lymph_node	Sigma-Aldrich		8090508	Cell Line											Adherent	MF-015-002	EMEM + 10% FBS + 2mM Glutamine + 100uM NEAA	False						UMUC13_URINARY_TRACT		False	HMB-MDS						False	False	Bladder/Urinary Tract	0.8888683275674645
ACH-001408	2.2459083205519756	2.3705805197250194	0.46771001345309465	0.8059070980462457	0.49654524394455546	-2.2459083205519756	PT-uUFQYJ	UM-UC-14	UMUC14	UCU	Bladder/Urinary Tract	Urethral Cancer	Urethral Urothelial Carcinoma	UCU		CVCL_2747		Unknown	Male		Metastatic	urinary_tract	Sigma-Aldrich			Cell Line											Adherent	MF-015-002	EMEM + 10% FBS + 2mM Glutamine + 100uM NEAA	False						UMUC14_URINARY_TRACT		False	HMB-MDS						False	False	Bladder/Urinary Tract	-5.149473655524591
ACH-001409	-0.19040751627452615	-0.20042075019293507	0.2656054434426489	-0.3383006773122197	0.30266827511921096	0.19040751627452615	PT-8JQP9N	UM-UC-16	UMUC16	BLCA	Bladder/Urinary Tract	Bladder Urothelial Carcinoma	Bladder Urothelial Carcinoma	BLCA		CVCL_2748		Unknown	Unknown		Primary	urinary_tract	Sigma-Aldrich			Cell Line											Adherent	MF-015-002	EMEM + 10% FBS + 2mM Glutamine + 100uM NEAA	False						UMUC16_URINARY_TRACT		False	HMB-MDS						False	False	Bladder/Urinary Tract	0.43657102113080276
ACH-001410	0.3706278124327918	0.5321283985621564	0.1940887578900158	-0.6929510550941272	0.1310161674722099	-0.3706278124327918	PT-xsmap4	UM-UC-4	UMUC4	BLCA	Bladder/Urinary Tract	Bladder Urothelial Carcinoma	Bladder Urothelial Carcinoma	BLCA		CVCL_2749		Unknown	Female		Metastatic	lymph_node	Sigma-Aldrich			Cell Line											Adherent	MF-015-002	EMEM + 10% FBS + 2mM Glutamine + 100uM NEAA	False						UMUC4_URINARY_TRACT		False	HMB-MDS						False	False	Bladder/Urinary Tract	-0.8497845342406097
ACH-001411	0.47246021984471687	0.4547575744589345	-0.18966565706655208	-0.3835977674774252	-0.0943273912216891	-0.47246021984471687	PT-gYhX0x	UM-UC-5	UMUC5	BLSC	Bladder/Urinary Tract	Bladder Squamous Cell Carcinoma	Bladder Squamous Cell Carcinoma	BLSC		CVCL_2750		Unknown	Female		Primary	urinary_tract	Sigma-Aldrich		8090502	Cell Line											Adherent	MF-015-002	EMEM + 10% FBS + 2mM Glutamine + 100uM NEAA	False						UMUC5_URINARY_TRACT		False	HMB-MDS						False	False	Bladder/Urinary Tract	-1.0832683743634683
ACH-001412	-0.033077675608532975	-0.006472294699613912	-0.03997678232554404	-0.29595876352803185	0.3833363561924997	0.033077675608532975	PT-IRdqMO	UM-UC-10	UMUC10	BLCA	Bladder/Urinary Tract	Bladder Urothelial Carcinoma	Bladder Urothelial Carcinoma	BLCA		CVCL_2744		Unknown	Male		Primary	urinary_tract	Sigma-Aldrich		8090506	Cell Line											Adherent	MF-015-002	EMEM + 10% FBS + 2mM Glutamine + 100uM NEAA	False						UMUC10_URINARY_TRACT		False	HMB-MDS						False	False	Bladder/Urinary Tract	0.07584130553034615
ACH-001413	-0.25286022791214635	-0.1561143909610888	0.16040705151329948	0.16722776130382827	0.1675969981150322	0.25286022791214635	PT-Yc254j	UM-UC-11	UMUC11	BLCA	Bladder/Urinary Tract	Bladder Urothelial Carcinoma	Bladder Urothelial Carcinoma	BLCA		CVCL_2745		Unknown	Male		Primary	urinary_tract	Sigma-Aldrich		8090507	Cell Line											Adherent	MF-015-002	EMEM + 10% FBS + 2mM Glutamine + 100uM NEAA	False						UMUC11_URINARY_TRACT		False	HMB-MDS						False	False	Bladder/Urinary Tract	0.5797641293939931
ACH-001414	-0.2606087996499667	-0.268028866469804	-0.1452300388305553	-0.4153865801403055	0.08648666529618662	0.2606087996499667	PT-8XYADU	UM-UC-6	UMUC6	BLCA	Bladder/Urinary Tract	Bladder Urothelial Carcinoma	Bladder Urothelial Carcinoma	BLCA		CVCL_2751		Unknown	Male		Primary	urinary_tract	Sigma-Aldrich		8090503	Cell Line											Adherent	MF-015-002	EMEM + 10% FBS + 2mM Glutamine + 100uM NEAA	False						UMUC6_URINARY_TRACT		False	HMB-MDS						False	False	Bladder/Urinary Tract	0.5975302446297396
ACH-001415	-0.3198105524583185	-0.3255113728734418	0.2585674191374181	-0.16724040401545773	0.4724485874820566	0.3198105524583185	PT-gUUbZP	UM-UC7	UMUC7	BLCA	Bladder/Urinary Tract	Bladder Urothelial Carcinoma	Bladder Urothelial Carcinoma	BLCA		CVCL_2752		Unknown	Male		Primary	urinary_tract	Sigma-Aldrich		8090504	Cell Line											Adherent	MF-015-002	EMEM + 10% FBS + 2mM Glutamine + 100uM NEAA	False						UMUC7_URINARY_TRACT		False	HMB-MDS						False	False	Bladder/Urinary Tract	0.7332694747923323
ACH-001416	-0.37544142547303927	-0.2938651071794136	-0.1611545870669169	-0.22546502042905728	-0.23248219619856805	0.37544142547303927	PT-pf2odi	UM-UC9	UMUC9	BLCA	Bladder/Urinary Tract	Bladder Urothelial Carcinoma	Bladder Urothelial Carcinoma	BLCA		CVCL_2753		Unknown	Male		Primary	urinary_tract	Sigma-Aldrich			Cell Line											Adherent	MF-015-002	EMEM + 10% FBS + 2mM Glutamine + 100uM NEAA	False						UMUC9_URINARY_TRACT		False	HMB-MDS						False	False	Bladder/Urinary Tract	0.8608213042244139
ACH-001418	-0.12759885944603236	-0.1821975077474199	0.2875036520979191	1.30896627755123	0.0704081609367965	0.12759885944603236	PT-JGzDYG	UWB1.289	UWB1289	SOC	Ovary/Fallopian Tube	Ovarian Epithelial Tumor	Serous Ovarian Cancer	SOC		CVCL_B079	56.0	Adult	Female		Primary	ovary	ATCC		CRL-2945	Cell Line											Adherent	MF-039-001	RPMI:MEGM (1:1) + 3% FBS	False						UWB1289_OVARY		False	HMB-MDS		1596.0	SIDM00815	1480374.0		False	False	Ovary/Fallopian Tube	0.2925617930080253
ACH-001419	-0.2493034643693687	-0.27670493041582084	-0.12991990362782557	-0.26169743607580453	0.28061475124095475	0.2493034643693687	PT-vA9Pcv	VP229	VP229	IDC	Breast	Invasive Breast Carcinoma	Breast Invasive Ductal Carcinoma	IDC		CVCL_2754	47.0	Adult	Female		Primary	breast	Sigma-Aldrich		5092804	Cell Line											Adherent	MF-017-001	MEBM + 2% FBS + 2mM Glutamine + MEGM SingleQuot + 10ng/ml EGF	False						VP229_BREAST		False	HMB-MDS						False	False	Breast	0.571609094749497
ACH-001421	0.545293029201883	0.6054841102883065	0.5628444948436122	0.0788517274509807	-0.32404984038890283	-0.545293029201883	PT-WBS2Hf	WERI-Rb-1	WERIRB1	RBL	Eye	Retinoblastoma	Retinoblastoma	RBL		CVCL_1792	1.0	Pediatric	Female		Primary	eye	ATCC		HTB-169	Cell Line											Suspension	MF-001-001	RPMI + 10% FBS	False						WERIRB1_AUTONOMIC_GANGLIA		True	HMB-MDS						False	False	Eye	-1.2502612251448377
ACH-001422	0.786836685882984	0.7094808691694214	-0.06405639186052822	0.10238264382835768	-0.045287835353377694	-0.786836685882984	PT-EhPRzn	WPE1-NA22	WPE1NA22	ZIMMEPCP	Prostate	Non-Cancerous	Immortalized Epithelial Cells, Prostate			CVCL_3810	54.0	Adult	Male		Primary	prostate	ATCC		CRL-2849	Cell Line			HPV18-MNU								Adherent	MF-062-001	K-SFM	True						WPE1NA22_PROSTATE		False	HMB-MDS						False	False	Prostate	-1.8040784425959544
ACH-001423	-0.11949811978035156	-0.03861546064499902	0.20153455659628916	0.7346316144434902	-0.4855142123142765	0.11949811978035156	PT-v9aoBA	CCLF_PEDS_0002_T	CCLFPEDS0002T	WT	Kidney	Wilms' Tumor	Wilms' Tumor	WT			6.0	Pediatric	Female	caucasian	Primary	kidney	CCLF			Cell Line				Pre-treatment							Adherent	MF-069-001	Propagenix Conditioned Media	False						CCLFPEDS0002T_KIDNEY	HCM-BROD-0004-C64	True							False	False	Kidney	0.2739882185139274
ACH-001427	0.33233504664315455	0.358803939388006	0.16784441964331298	-0.4505890166723618	-0.5377622585695738	-0.33233504664315455	PT-hH3CBe	CCLF_PEDS_0007_T	CCLFPEDS0007T	ES	Bone	Ewing Sarcoma	Ewing Sarcoma	ES			8.0	Pediatric	Male	caucasian	Metastatic	heart	CCLF			Cell Line				Pre-treatment							Adherent									CCLFPEDS0007T_BONE	HCM-BROD-0005-C41	True		EWS::FLI					False	False	Bone	-0.7619859420957409
ACH-001428	0.0675120396570944	-0.15516875248333525	-0.2812171226204486	-0.8052480861164841	-0.7836590063461701	-0.0675120396570944	PT-XQvpFQ	CCLF_PEDS_0010_T	CCLFPEDS0010T	ES	Bone	Ewing Sarcoma	Ewing Sarcoma	ES			15.0	Pediatric	Male	caucasian	Metastatic	pleural_cavity	CCLF			Cell Line				Post-treatment							Adherent									CCLFPEDS0010T_BONE	HCM-BROD-0121-C41	True		EWS::FLI					False	False	Bone	-0.1547932595750377
ACH-001430	-0.08839303078611721	-0.027700854611794168	-0.22377306144385775	-0.5628253321920718	-0.6640305474906895	0.08839303078611721	PT-uuajSv	TC-138	TC138	ES	Bone	Ewing Sarcoma	Ewing Sarcoma	ES		CVCL_4Z30		Pediatric	Male		Primary	bone	Dana-Farber Cancer Institute	Kim Stegmaier		Cell Line											Mixed	MF-001-003	RPMI + 10% FBS + 2mM Glutamine	False						TC138_BONE		True	HMB-MDS	EWS::FLI					False	False	Bone	0.20266970793056058
ACH-001431	0.7804639291874593	-0.014819100706975848	-0.20222777802069786	-0.7125662996344102	-1.0385610209227645	-0.7804639291874593	PT-VGGhv1	TC-205	TC205	ES	Bone	Ewing Sarcoma	Ewing Sarcoma	ES		CVCL_4Z31		Pediatric	Unknown		Primary	bone	Dana-Farber Cancer Institute	Kim Stegmaier		Cell Line											Adherent	MF-001-003	RPMI + 10% FBS + 2mM Glutamine	False						TC205_BONE		True	HMB-MDS	EWS::FEV					False	False	Bone	-1.789466829817118
ACH-001433	-0.12278742120697378	-0.020391079009849322	-0.2567782297186805	-0.20289768224199367	-0.35021754186297993	0.12278742120697378	PT-rJIZ1y	CCLF_PEDS_0008_T	CCLFPEDS0008T	EPIS	Soft Tissue	Epithelioid Sarcoma	Epithelioid Sarcoma	EPIS		CVCL_B3PM	17.0	Pediatric	Female	caucasian	Metastatic	pleural_cavity	CCLF			Cell Line				Post-treatment							Adherent	MF-018-001	SMGM	False						CCLFPEDS0008T_SOFT_TISSUE	HCM-BROD-0053-C49	True	In Progress						False	False	Soft Tissue	0.28153000946170204
ACH-001435	-0.3648126797348829	-0.35686515945799896	-0.42314087299223346	-0.4489948148144347	-0.843972395152888	0.3648126797348829	PT-TOxlxz	1156QE/8	1156QE8	EMBCA	Testis	Non-Seminomatous Germ Cell Tumor	Embryonal Carcinoma	EMBCA		CVCL_2262	22.0	Adult	Male		Primary	Embryonal	Sigma-Aldrich		6072609	Cell Line											Adherent	MF-002-003	DMEM + 10% FBS + 2mM Glutamine	False						1156QE8_TESTIS		False	HMB-MDS						False	False	Testis	0.8364514554335898
ACH-001437	0.9225598996447258	0.9288477326541955	0.8250492289085907	-0.08708857989308008	0.03966172248046159	-0.9225598996447258	PT-i2GM12	1618-K	1618K	EMBCA	Testis	Non-Seminomatous Germ Cell Tumor	Embryonal Carcinoma	EMBCA		CVCL_S505		Unknown	Male		Primary	Embryonal	DSMZ		752	Cell Line											Adherent	MF-001-020	RPMI + 20% FBS	False						1618K_TESTIS		False	HMB-MDS						False	False	Testis	-2.1152679543465736
ACH-001438	-0.2059579494161163	-0.23776548848190973	-0.10460660117801729	0.15021010484830385	-0.703371486508583	0.2059579494161163	PT-Li0oi0	1777N Rpmet	1777NRPMET	EMBCA	Testis	Non-Seminomatous Germ Cell Tumor	Embryonal Carcinoma	EMBCA		CVCL_2277	25.0	Adult	Male		Metastatic	Embryonal	Sigma-Aldrich			Cell Line											Adherent	MF-002-003	DMEM + 10% FBS + 2mM Glutamine	False						1777NRPMET_TESTIS		False	HMB-MDS						False	False	Testis	0.4722254354547742
ACH-001440	0.6021301977569896	0.5416058493218784	0.3757206910837589	-0.41765992262159324	0.07132959308593279	-0.6021301977569896	PT-uBE2ml	833KE	833KE	EMBCA	Testis	Non-Seminomatous Germ Cell Tumor	Embryonal Carcinoma	EMBCA		CVCL_2292	19.0	Adult	Male		Primary	abdomen	Sigma-Aldrich		6072611	Cell Line											Adherent	MF-002-003	DMEM + 10% FBS + 2mM Glutamine	False						833KE_TESTIS		False	HMB-MDS						False	False	Testis	-1.380578878564101
ACH-001441	-0.20725161572966566	-0.2747060274938489	-0.27897545156684767	-0.517267042203869	-1.121975068782627	0.20725161572966566	PT-jIJ6sz	92-1	921	UM	Eye	Ocular Melanoma	Uveal Melanoma	UM		CVCL_8607	76.0	Adult	Female		Metastatic	uvea	Sigma-Aldrich		13012458	Cell Line											Adherent	MF-001-003	RPMI + 10% FBS + 2mM Glutamine	False						921_UVEA		False	HMB-MDS						False	False	Eye	0.4751915852925489
ACH-001442	0.29718725841163907	0.2833489831849441	-0.01918767609166984	-0.03107294246145964	0.0843818222280404	-0.29718725841163907	PT-QwG6Ej	A388	A388	CSCC	Skin	Cutaneous Squamous Cell Carcinoma	Cutaneous Squamous Cell Carcinoma	CSCC		CVCL_1063	86.0	Adult	Male		Metastatic	lymph_node	ATCC		CRL-7905	Cell Line											Adherent	MF-002-001	DMEM + 10% FBS	False						A388_SKIN		False	HMB-MDS		948.0	SIDM00794	910697.0		False	False	Skin	-0.6813982315948671
ACH-001443	-0.2110870365535058	-0.20797540450937835	-0.13866277362561505	0.06862216842433054	-0.008472104412348786	0.2110870365535058	PT-xji0Xg	ASH-3	ASH3	THAP	Thyroid	Anaplastic Thyroid Cancer	Anaplastic Thyroid Cancer	THAP		CVCL_2856	68.0	Adult	Female		Primary	thyroid	JCRB		JCRB1073	Cell Line											Adherent	MF-009-001	DMEM:RPMI (1:1) + 10% FBS	False						ASH3_THYROID		False	HMB-MDS		891.0	SIDM00491	1290722.0		True	True	Thyroid	0.4839855321823138
ACH-001445	0.21054598061907095	0.22139545791986368	-0.2550267161497122	-0.5613653751046201	-1.2844542866384274	-0.21054598061907095	PT-Gy73CI	BICR 3	BICR3	OCSC	Head and Neck	Head and Neck Squamous Cell Carcinoma	Oral Cavity Squamous Cell Carcinoma	OCSC		CVCL_2311		Unknown	Female		Primary	lung	Sigma-Aldrich		6032203	Cell Line											Adherent	MF-002-004	DMEM + 10% FBS + 2mM Glutamine + 0.4ug/ml Hydrocortisone	False						BICR3_LUNG		False	HMB-MDS						False	False	Head and Neck	-0.48274498587192255
ACH-001447	-0.07621907089974758	-0.10089208330030956	-0.15700038796872157	-0.2723105519243313	-0.7582704999885413	0.07621907089974758	PT-Or4z36	BJAB	BJAB	BL	Lymphoid	Mature B-Cell Neoplasms	Burkitt Lymphoma	BL	KMT2A-CLTC, TP53 His193Arg	CVCL_5711	5.0	Pediatric	Female		Primary	haematopoietic_and_lymphoid_tissue	DSMZ		ACC-757	Cell Line											Adherent	MF-001-020	RPMI + 20% FBS	False					SNP fingerprinting rules out HeLa contamination.	BJAB_HAEMATOPOIETIC_AND_LYMPHOID_TISSUE		True	HMB-MDS						False	False	Lymphoid	0.1747569542599805
ACH-001449	-0.19534619240538503	-0.19698653997793217	-0.3660489042322125	-0.4272831820556651	-1.2964965405035964	0.19534619240538503	PT-M9HtPD	BL-2	BL2	BL	Lymphoid	Mature B-Cell Neoplasms	Burkitt Lymphoma	BL	IGL-MYC	CVCL_1966	7.0	Pediatric	Male		Primary	haematopoietic_and_lymphoid_tissue	DSMZ			Cell Line											Suspension	MF-001-020	RPMI + 20% FBS	False						BL2_HAEMATOPOIETIC_AND_LYMPHOID_TISSUE		True	HMB-MDS						False	False	Lymphoid	0.44789453883466684
ACH-001450	-0.3689997893155405	-0.36842814733056967	-0.49258099651403486	-0.16582697240224725	-1.101896303485405	0.3689997893155405	PT-wk0KRr	BLUE-1	BLUE1	BL	Lymphoid	Mature B-Cell Neoplasms	Burkitt Lymphoma	BL	BACH2-BCL2L1, MYC-IGH, TP53 Arg273His	CVCL_1967	29.0	Adult	Male		Primary	bone_marrow	DSMZ		ACC 594	Cell Line											Suspension	MF-001-020	RPMI + 20% FBS	False						BLUE1_HAEMATOPOIETIC_AND_LYMPHOID_TISSUE		True	HMB-MDS						False	False	Lymphoid	0.8460517629265919
ACH-001451	-0.0013761181312014004	-0.05504577836997257	0.5709930468882655	1.3330682873007467	0.8890593192272344	0.0013761181312014004	PT-gPKmS2	BOKU	BOKU	CESC	Cervix	Cervical Squamous Cell Carcinoma	Cervical Squamous Cell Carcinoma	CESC		CVCL_1089		Unknown	Female		Primary	cervix	JCRB		IFO50323	Cell Line											Adherent	MF-004-001	F12 + 10% FBS	False						BOKU_CERVIX		False	HMB-MDS			SIDM00073			False	False	Cervix	0.0031551973865833745
ACH-001453	2.4428908367132878	2.4372033372434476	-0.09109722569035027	0.20817974345755175	0.26784849296586377	-2.4428908367132878	PT-pIyNqk	BPH-1	BPH1	ZHYPP	Prostate	Non-Cancerous	Hyperplasia, Prostate			CVCL_1091	68.0	Adult	Male		Primary	prostate	DSMZ		ACC 143	Cell Line			SV40								Adherent	MF-001-027	RPMI + 20% FBS + 20ng/ml Testosterone + 5ug/ml Transferrin + 5ng/ml Sodium Selenite + 5ug/ml Insulin	False						BPH1_PROSTATE		False	HMB-MDS		1223.0	SIDM00964	924105.0		False	False	Prostate	-5.601119997581121
ACH-001454	-0.2669947969748771	-0.027541106512283454	0.4189886272252662	1.5076342262462057	0.2950305436039094	0.2669947969748771	PT-LAy4cf	C10	C10	COAD	Bowel	Colorectal Adenocarcinoma	Colon Adenocarcinoma	COAD		CVCL_5245	71.0	Adult	Male		Primary	large_intestine	ECACC			Cell Line											Adherent	MF-005-002	IMDM + 10% FBS + 2mM Glutamine	False						C10_LARGE_INTESTINE		False	HMB-MDS						False	False	Bowel	0.612172215848224
ACH-001456	-0.0685641010982915	0.20605341665789254	-0.21880604236245305	-0.05013486107303976	-0.9410273802239358	0.0685641010982915	PT-pBU2pM	C125PM	C125PM	COADREAD	Bowel	Colorectal Adenocarcinoma	Colorectal Adenocarcinoma	COADREAD		CVCL_8175		Unknown	Unknown		Primary	large_intestine	ECACC			Cell Line											Adherent	MF-005-002	IMDM + 10% FBS + 2mM Glutamine	False						C125PM_LARGE_INTESTINE		False	HMB-MDS						False	False	Bowel	0.15720545183856982
ACH-001458	-0.3073584330065116	0.033939706405145466	-0.3361254558889224	-0.5381933180414561	-0.640829546546294	0.3073584330065116	PT-gDrzwl	C75	C75	COAD	Bowel	Colorectal Adenocarcinoma	Colon Adenocarcinoma	COAD		CVCL_5248	56.0	Adult	Male		Primary	large_intestine	ECACC		12022907	Cell Line											Adherent	MF-005-002	IMDM + 10% FBS + 2mM Glutamine	False						C75_LARGE_INTESTINE		False	HMB-MDS						False	False	Bowel	0.7047189500510705
ACH-001459	-0.16083610953011698	-0.027556266343981818	-0.26181341453106266	-0.4742387486752152	-0.9309012544588349	0.16083610953011698	PT-4HbM7P	C80	C80	READ	Bowel	Colorectal Adenocarcinoma	Rectal Adenocarcinoma	READ		CVCL_5249	69.0	Adult	Male		Primary	large_intestine	ECACC			Cell Line											Adherent	MF-005-002	IMDM + 10% FBS + 2mM Glutamine	False						C80_LARGE_INTESTINE		False	HMB-MDS						False	False	Bowel	0.36876897480786464
ACH-001460	-0.22600260463189487	0.28759378318905837	-0.1763941714814178	-0.2842550759792752	-0.31370595098683945	0.22600260463189487	PT-7da898	C84	C84	COAD	Bowel	Colorectal Adenocarcinoma	Colon Adenocarcinoma	COAD		CVCL_5250	67.0	Adult	Male		Primary	large_intestine	ECACC			Cell Line											Mixed	MF-005-002	IMDM + 10% FBS + 2mM Glutamine	False						C84_LARGE_INTESTINE		False	HMB-MDS						False	False	Bowel	0.5181843123257398
ACH-001461	0.6058955252258191	1.0440897138636025	-0.2867671044868651	-0.5121913865308039	-0.5844740056502439	-0.6058955252258191	PT-3wMRZS	C99	C99	READ	Bowel	Colorectal Adenocarcinoma	Rectal Adenocarcinoma	READ		CVCL_8176	69.0	Adult	Male		Primary	large_intestine	ECACC			Cell Line											Adherent	MF-005-002	IMDM + 10% FBS + 2mM Glutamine	False						C99_LARGE_INTESTINE		False	HMB-MDS						False	False	Bowel	-1.3892121136911677
ACH-001465	0.5005200847078968	0.5327058678740001	0.2743099726009833	-0.46611659823475987	-0.7149543388673624	-0.5005200847078968	PT-7eVJ3u	CHLA-136	CHLA136	NBL	Peripheral Nervous System	Neuroblastoma	Neuroblastoma	NBL		CVCL_6590	3.0	Pediatric	Female		Metastatic	blood	Children's Oncology Group (COG)			Cell Line				Post-treatment	Chemotherapy, bone marrow transplant		4			Progressive Disease	Suspension	MF-005-005	IMDM + 20% FBS + 4mM Glutamine + 1x Insulin-Transferrin-Selenium	False						CHLA136_AUTONOMIC_GANGLIA		True	GRU						False	False	Peripheral Nervous System	-1.1476047204058628
ACH-001481	-0.29419931468491767	-0.31749216966411525	-0.37460257819055337	-0.8254921864887136	-0.3669183496490665	0.29419931468491767	PT-GWiky5	CHLA-90	CHLA90	NBL	Peripheral Nervous System	Neuroblastoma	Neuroblastoma	NBL		CVCL_6610	8.0	Pediatric	Male		Metastatic	bone_marrow	Children's Oncology Group (COG)			Cell Line				Post-treatment	Chemotherapy, Radiation	Cisplatin, cyclophosphamide, doxorubicin, etoposide, melphalan and teniposide	4				Adherent	MF-005-005	IMDM + 20% FBS + 4mM Glutamine + 1x Insulin-Transferrin-Selenium	False						CHLA90_AUTONOMIC_GANGLIA		True	GRU						False	False	Peripheral Nervous System	0.6745474009691717
ACH-001484	0.060686299647685266	-0.30204607617278045	-0.43643760700909606	-0.2120575163205124	-0.3950409835023046	-0.060686299647685266	PT-zwxgMM	CI	CI	CLLSLL	Lymphoid	Mature B-Cell Neoplasms	Chronic Lymphocytic Leukemia/Small Lymphocytic Lymphoma	CLLSLL		CVCL_Y548	47.0	Adult	Female		Primary	B lymphoblastoid cells	DSMZ		ACC-770	Cell Line			EBV								Suspension	MF-001-020	RPMI + 20% FBS	False						CI_HAEMATOPOIETIC_AND_LYMPHOID_TISSUE		False	HMB-MDS						False	False	Lymphoid	-0.1391430355492974
ACH-001485	-0.3053638202575276	-0.3128046978076062	-0.4399508784803574	-0.35450935588318966	-0.9739153388557479	0.3053638202575276	PT-zwxgMM	CII	CII	ZTRABL	Lymphoid	Non-Cancerous	Transformed cell line, B lymphoblast			CVCL_0D73	47.0	Adult	Female		Primary	B lymphoblastoid cells	DSMZ		ACC-773	Cell Line			EBV								Adherent	MF-001-001	RPMI + 10% FBS	False						CII_HAEMATOPOIETIC_AND_LYMPHOID_TISSUE		True	HMB-MDS						False	False	Lymphoid	0.7001456530425166
ACH-001489	-0.030072441560332452	-0.35602500600389025	0.19822902582291382	1.2845015333913425	0.3258517447672287	0.030072441560332452	PT-JQqnTw	COR-L32	CORL32	LUSC	Lung	Non-Small Cell Lung Cancer	Lung Squamous Cell Carcinoma	LUSC		CVCL_2413		Unknown	Unknown		Metastatic	bone_marrow	Sigma-Aldrich			Cell Line											Suspension	MF-001-003	RPMI + 10% FBS + 2mM Glutamine	False						CORL32_LUNG		False	HMB-MDS		1168.0	SIDM00508	1322212.0		False	False	Lung	0.06895083123169325
ACH-001492	0.18922991806780956	0.19105163046200957	0.005477181733428976	-0.22880902814406495	-0.8542662085664391	-0.18922991806780956	PT-LclWrD	DOGKIT	DOGKIT	BL	Lymphoid	Mature B-Cell Neoplasms	Burkitt Lymphoma	BL	IGL-MYC, IGH-BCL2	CVCL_2023	57.0	Adult	Male		Primary	haematopoietic_and_lymphoid_tissue	DSMZ		ACC-629	Cell Line											Suspension	MF-001-001	RPMI + 10% FBS	False						DOGKIT_HAEMATOPOIETIC_AND_LYMPHOID_TISSUE		True	HMB-MDS						False	False	Lymphoid	-0.4338709950937693
ACH-001493	-0.2610117623458799	-0.3029853137788059	-0.3932318405353884	-0.27404157833136206	-0.7684088343976624	0.2610117623458799	PT-2gvMHE	DOGUM	DOGUM	BL	Lymphoid	Mature B-Cell Neoplasms	Burkitt Lymphoma	BL	IGH-BCL2	CVCL_2024	49.0	Adult	Female		Primary	pleural_effusion	DSMZ			Cell Line											Suspension	MF-001-020	RPMI + 20% FBS	False						DOGUM_HAEMATOPOIETIC_AND_LYMPHOID_TISSUE		True	HMB-MDS						False	False	Lymphoid	0.5984541673775098
ACH-001494	-0.21486303472155935	-0.21210763433858704	-0.3100177520100438	-0.44745093676484904	-0.5786738075714448	0.21486303472155935	PT-KZb32w	EGI-1	EGI1	EHCH	Biliary Tract	Intraductal Papillary Neoplasm of the Bile Duct	Extrahepatic Cholangiocarcinoma	EHCH		CVCL_1193	52.0	Adult	Male		Primary	biliary_tract	DSMZ		ACC 385	Cell Line											Adherent	MF-006-003	MEM + 10% FBS + 4mM Glutamine + 1mM Sodium pyruvate + 2x MEM NEAA + EAA	False						EGI1_BILIARY_TRACT		False	HMB-MDS		1315.0	SIDM01050	906853.0		False	False	Biliary Tract	0.4926432333501522
ACH-001495	0.02760016053904906	-0.2669610716799264	0.4514464960608024	1.1330108593048318	-0.09291657755378879	-0.02760016053904906	PT-bHINin	EMTOKA	EMTOKA	UCS	Uterus	Endometrial Carcinoma	Uterine Carcinosarcoma/Uterine Malignant Mixed Mullerian Tumor	UCS		CVCL_E115	64.0	Adult	Female		Primary	endometrium	JCRB		JCRB1601	Cell Line											Adherent	MF-001-001	RPMI + 10% FBS	False						EMTOKA_ENDOMETRIUM		False	HMB-MDS						False	False	Uterus	-0.06328232469843298
ACH-001496	-0.20015183370115325	0.48146094297818975	-0.2815204291690274	-0.07686737211763482	0.38122073027712233	0.20015183370115325	PT-YHsN9r	ESO26	ESO26	GEJ	Esophagus/Stomach	Esophagogastric Adenocarcinoma	Adenocarcinoma of the Gastroesophageal Junction	GEJ		CVCL_2035	56.0	Adult	Male		Primary	oesophagus	Sigma-Aldrich			Cell Line											Mixed	MF-001-003	RPMI + 10% FBS + 2mM Glutamine	False						ESO26_OESOPHAGUS		False	HMB-MDS		1680.0	SIDM00539	1503366.0		False	False	Esophagus/Stomach	0.45891303100730263
ACH-001497	0.033987533206676114	0.1271237550653736	-0.2737210034485606	0.08665292992855997	-0.44354319075829624	-0.033987533206676114	PT-CNzzSN	ESO51	ESO51	ESCA	Esophagus/Stomach	Esophagogastric Adenocarcinoma	Esophageal Adenocarcinoma	ESCA		CVCL_2036	74.0	Adult	Male		Primary	oesophagus	Sigma-Aldrich			Cell Line											Suspension	MF-001-003	RPMI + 10% FBS + 2mM Glutamine	False						ESO51_OESOPHAGUS		False	HMB-MDS		668.0	SIDM00538	1503367.0		False	False	Esophagus/Stomach	-0.07792744933641445
ACH-001498	-0.31821257206747117	-0.34443835119272503	-0.44580114455822517	-0.295217784522689	-0.6793987553321431	0.31821257206747117	PT-5d2l7D	Farage	FARAGE	GCB	Lymphoid	Mature B-Cell Neoplasms	Germinal Center B-Cell Type	GCB		CVCL_3302	70.0	Adult	Female		Metastatic	lymph_node	ATCC		CRL-2630	Cell Line											Suspension	MF-001-001	RPMI + 10% FBS	False						FARAGE_HAEMATOPOIETIC_AND_LYMPHOID_TISSUE		False	HMB-MDS		1772.0	SIDM00859	1297449.0		False	False	Lymphoid	0.729605586177907
ACH-001500	0.0203889600230003	0.026106365449831033	-0.06691171542077753	-0.04679552757820771	0.33494595709216096	-0.0203889600230003	PT-JtOhdx	FLO-1	FLO1	ESCA	Esophagus/Stomach	Esophagogastric Adenocarcinoma	Esophageal Adenocarcinoma	ESCA		CVCL_2045	68.0	Adult	Male		Primary	oesophagus	Sigma-Aldrich		11012001	Cell Line											Adherent	MF-002-003	DMEM + 10% FBS + 2mM Glutamine	False						FLO1_OESOPHAGUS		False	HMB-MDS		1019.0	SIDM01041	1503361.0	ACH-001069	False	False	Esophagus/Stomach	-0.04674830737355302
ACH-001502	0.23485179134710452	0.19085280308160726	0.07631938382285203	-0.6203881882739516	-0.13187990383190723	-0.23485179134710452	PT-xmuA7w	GCT-27	GCT27	TT	Testis	Non-Seminomatous Germ Cell Tumor	Teratoma	TT		CVCL_A344		Unknown	Male		Primary	Embryonal	DSMZ		ACC-743	Cell Line											Adherent	MF-001-026	RPMI + 20% FBS + 100nM hydrocortisone	False						GCT27_TESTIS		False	HMB-MDS						False	False	Testis	-0.5384739445630835
ACH-001503	-0.2245290591068766	-0.22616940667942373	-0.27135311057236516	0.09157410275837718	-1.1352907715642595	0.2245290591068766	PT-5ThuU7	GUMBUS	GUMBUS	BL	Lymphoid	Mature B-Cell Neoplasms	Burkitt Lymphoma	BL	IGH-MYC	CVCL_2051	28.0	Adult	Male		Primary	haematopoietic_and_lymphoid_tissue	DSMZ			Cell Line				Post-treatment	Chemotherapy					Relapse and Resistance	Suspension	MF-001-014	RPMI + 5% FBS	False						GUMBUS_HAEMATOPOIETIC_AND_LYMPHOID_TISSUE		True	HMB-MDS						False	False	Lymphoid	0.5148057310221926
ACH-001508	0.056505386284613386	0.10949110195557193	0.2880448407565079	0.27708548217429446	0.035516646502261925	-0.056505386284613386	PT-SHOmTE	H314	H314	OCSC	Head and Neck	Head and Neck Squamous Cell Carcinoma	Oral Cavity Squamous Cell Carcinoma	OCSC		CVCL_2460	82.0	Adult	Male		Primary	upper_aerodigestive_tract	Sigma-Aldrich			Cell Line											Adherent	MF-007-003	DMEM:F12 + 10% FBS + 2mM Glutamine + 500ng/ml Sodium hydrocortisone succinate	False						H314_UPPER_AERODIGESTIVE_TRACT		False	HMB-MDS						False	False	Head and Neck	-0.12955693489587536
ACH-001509	0.6634348603933639	0.6294774723707408	-0.23829505711482074	-0.3158560671825846	-0.011574994008770377	-0.6634348603933639	PT-jrbPZG	H357	H357	OCSC	Head and Neck	Head and Neck Squamous Cell Carcinoma	Oral Cavity Squamous Cell Carcinoma	OCSC		CVCL_2462	74.0	Adult	Male		Primary	upper_aerodigestive_tract	Sigma-Aldrich		6092004	Cell Line											Adherent	MF-007-003	DMEM:F12 + 10% FBS + 2mM Glutamine + 500ng/ml Sodium hydrocortisone succinate	False						H357_UPPER_AERODIGESTIVE_TRACT		False	HMB-MDS						False	False	Head and Neck	-1.5211397119329564
ACH-001510	-0.2648725200197579	-0.266512867592305	-0.18056756655973671	-0.2336050360549544	-0.3137259554401514	0.2648725200197579	PT-8wgZXD	H376	H376	OCSC	Head and Neck	Head and Neck Squamous Cell Carcinoma	Oral Cavity Squamous Cell Carcinoma	OCSC		CVCL_2463	40.0	Adult	Female		Primary	upper_aerodigestive_tract	Sigma-Aldrich		6092005	Cell Line							3				Adherent	MF-007-003	DMEM:F12 + 10% FBS + 2mM Glutamine + 500ng/ml Sodium hydrocortisone succinate	False						H376_UPPER_AERODIGESTIVE_TRACT		False	HMB-MDS						False	False	Head and Neck	0.6073062072181713
ACH-001511	0.12433302471059729	0.10952785792215766	0.3091946547950744	0.6443119376858824	-0.13025825910129016	-0.12433302471059729	PT-L1Obji	H413	H413	OCSC	Head and Neck	Head and Neck Squamous Cell Carcinoma	Oral Cavity Squamous Cell Carcinoma	OCSC		CVCL_2465	53.0	Adult	Female		Primary	upper_aerodigestive_tract	Sigma-Aldrich		6092007	Cell Line											Adherent	MF-007-003	DMEM:F12 + 10% FBS + 2mM Glutamine + 500ng/ml Sodium hydrocortisone succinate	False						H413_UPPER_AERODIGESTIVE_TRACT		False	HMB-MDS						False	False	Head and Neck	-0.2850738070650875
ACH-001513	-0.23303485864975426	-0.21464818668732807	0.3222531696413822	0.6573905794958934	-0.9528918247828787	0.23303485864975426	PT-KwMOW6	HCA-1	HCA1	ECAD	Cervix	Cervical Adenocarcinoma	Endocervical Adenocarcinoma	ECAD		CVCL_2916		Unknown	Female		Metastatic	cervix	JCRB		JCRB1153	Cell Line											Adherent	MF-015-001	EMEM + 10% FBS	False						HCA1_CERVIX		False	HMB-MDS						False	False	Cervix	0.53430803673272
ACH-001515	-0.31846837038075965	-0.3282922180416964	-0.0803123824082751	0.19622435363843704	-0.15861941283436096	0.31846837038075965	PT-4kA9Xl	HCS-2	HCS2	CESC	Cervix	Cervical Squamous Cell Carcinoma	Cervical Squamous Cell Carcinoma	CESC		CVCL_2918	42.0	Adult	Female		Metastatic	cervix	JCRB		JCRB1203	Cell Line											Adherent	MF-015-007	EMEM + 15% FBS	False						HCS2_CERVIX		False	HMB-MDS						False	False	Cervix	0.7301920868214787
ACH-001516	-0.3421255390926425	-0.34167381700219757	-0.010541402299110948	0.49469750798015866	-0.1550847468040763	0.3421255390926425	PT-q7epG7	HCSC-1	HCSC1	ECAD	Cervix	Cervical Adenocarcinoma	Endocervical Adenocarcinoma	ECAD		CVCL_2919	48.0	Adult	Female		Primary	ascites	JCRB		JCRB1205	Cell Line											Adherent	MF-015-001	EMEM + 10% FBS	False						HCSC1_CERVIX		False	HMB-MDS						False	False	Cervix	0.784433823196631
ACH-001517	-0.27930846183293245	-0.2595209125670062	-0.047872436039488986	0.5424527488925283	0.09394582555783702	0.27930846183293245	PT-YZF57N	HEC-1	HEC1	UCEC	Uterus	Endometrial Carcinoma	Endometrial Carcinoma	UCEC		CVCL_1274	71.0	Adult	Female		Primary	endometrium	JCRB		JCRB0042	Cell Line											Adherent	MF-015-001	EMEM + 10% FBS	False						HEC1_ENDOMETRIUM		False	HMB-MDS		474.0	SIDM00596	907051.0		False	False	Uterus	0.6404052885027351
ACH-001518	0.4211067670453156	0.09655542654556848	0.43295714429899423	0.413613572497726	0.11056478453079313	-0.4211067670453156	PT-emUGGo	HEC-116	HEC116	UCEC	Uterus	Endometrial Carcinoma	Endometrial Carcinoma	UCEC		CVCL_2924		Unknown	Female		Primary	endometrium	JCRB		JCRB1124	Cell Line											Adherent	MF-015-007	EMEM + 15% FBS	False						HEC116_ENDOMETRIUM		False	HMB-MDS						False	False	Uterus	-0.9655239188614956
ACH-001519	-0.3312446949662585	-0.33236544062930984	-0.39371767159339915	-0.3673694034532597	-0.3302687615759492	0.3312446949662585	PT-Ra8US3	H-EMC-SS	HEMCSS	EMCHS	Bone	Chondrosarcoma	Extraskeletal Myxoid Chondrosarcoma	EMCHS		CVCL_1238	77.0	Adult	Female		Primary	soft_tissue	Sigma-Aldrich			Cell Line											Adherent	MF-007-001	DMEM:F12 + 10% FBS	False						HEMCSS_BONE		False	HMB-MDS		1921.0	SIDM00535	907290.0		False	False	Bone	0.759485957041118
ACH-001520	-0.304297231750991	-0.28853518945310364	-0.3652429977815886	-0.3360298938070613	-1.2309333366757282	0.304297231750991	PT-vloZI6	HG-3	HG3	ZTRABL	Lymphoid	Non-Cancerous	Transformed cell line, B lymphoblast			CVCL_Y547	70.0	Adult	Male		Primary	B lymphoblastoid cells	DSMZ		ACC-765	Cell Line			EBV								Suspension	MF-001-001	RPMI + 10% FBS	False						HG3_HAEMATOPOIETIC_AND_LYMPHOID_TISSUE		True	HMB-MDS						False	False	Lymphoid	0.6977001527674449
ACH-001521	0.08414745288193254	0.07119722077332429	0.23013438115464144	0.9499237423143042	0.13274162966166642	-0.08414745288193254	PT-thO68X	HKA-1	HKA1	CSCC	Skin	Cutaneous Squamous Cell Carcinoma	Cutaneous Squamous Cell Carcinoma	CSCC		CVCL_2943	77.0	Adult	Female		Primary	skin	JCRB		JCRB1017	Cell Line											Adherent	MF-002-009	DMEM + 20% FBS	False						HKA1_SKIN		False	HMB-MDS						False	False	Skin	-0.19293534283203187
ACH-001522	-0.2903368415867689	0.23536274882113753	-0.3659085957707833	-0.2265516344587135	-0.4545276703050482	0.2903368415867689	PT-wEoiUI	HMY-1	HMY1	MEL	Skin	Melanoma	Melanoma	MEL		CVCL_2950	62.0	Adult	Male		Metastatic	lymph_node	JCRB		JCRB1018	Cell Line											Adherent	MF-002-001	DMEM + 10% FBS	False						HMY1_SKIN		False	HMB-MDS						False	False	Skin	0.6656914279616888
ACH-001523	0.5663494837159628	0.6391218927039983	0.4448651444625393	0.09833202517229062	-0.41494669011124724	-0.5663494837159628	PT-ae7zps	HSC-1	HSC1	CSCC	Skin	Cutaneous Squamous Cell Carcinoma	Cutaneous Squamous Cell Carcinoma	CSCC		CVCL_2807	75.0	Adult	Male		Primary	skin	JCRB		JCRB1015	Cell Line											Adherent	MF-002-009	DMEM + 20% FBS	False						HSC1_SKIN		False	HMB-MDS						False	False	Skin	-1.2985399802510822
ACH-001524	0.25431942528083235	0.2486535660610463	-0.17525092850575968	-0.010236466316811244	-0.19205159755057713	-0.25431942528083235	PT-hQHCaO	HSC-5	HSC5	CSCC	Skin	Cutaneous Squamous Cell Carcinoma	Cutaneous Squamous Cell Carcinoma	CSCC		CVCL_0314	75.0	Adult	Male		Primary	skin	JCRB		JCRB1016	Cell Line											Adherent	MF-005-001	IMDM + 10% FBS	False						HSC5_SKIN		False	HMB-MDS						False	False	Skin	-0.5831098128929583
ACH-001525	-0.09246520871020882	-0.16913190028862998	0.2310313384429118	-0.21537188040935873	-0.053915599148186874	0.09246520871020882	PT-GR4jOd	HT-3	HT3	CEAD	Cervix	Cervical Adenocarcinoma	Cervical Adenocarcinoma	CEAD		CVCL_1293	58.0	Adult	Female		Metastatic	lymph_node	ATCC		HTB-32	Cell Line											Adherent	MF-023-001	McCoy's 5A + 10% FBS	False						HT3_CERVIX		False	HMB-MDS		1393.0	SIDM00679	907068.0		False	False	Cervix	0.21200649730385293
ACH-001526	0.5937856184294356	0.5404018199754578	0.4710614375361462	-0.3320197861143356	-0.22616313726988338	-0.5937856184294356	PT-JCLa8x	HuO9	HUO9	OS	Bone	Osteosarcoma	Osteosarcoma	OS		CVCL_1298	13.0	Pediatric	Female		Primary	bone	JCRB		JCRB0427	Cell Line											Adherent	MF-001-001	RPMI + 10% FBS	False						HUO9_BONE		True	HMB-MDS		330.0	SIDM00599	907072.0		False	False	Bone	-1.3614462225155612
ACH-001528	0.24107310285063382	0.2886623144091149	0.1281348363805501	-0.061463645499320096	0.13055129224853693	-0.24107310285063382	PT-1Qm9m0	IHH-4	IHH4	THPA	Thyroid	Well-Differentiated Thyroid Cancer	Papillary Thyroid Cancer	THPA		CVCL_2960	75.0	Adult	Male		Metastatic	lymph_node	JCRB		JCRB1079	Cell Line											Adherent	MF-009-001	DMEM:RPMI (1:1) + 10% FBS	False						IHH4_THYROID		False	HMB-MDS		331.0	SIDM00600	1240154.0		True	True	Thyroid	-0.5527383200930529
ACH-001529	0.9935466931743114	0.9172163493095461	0.7669127769906416	-0.6983063851903764	-0.5508293640611756	-0.9935466931743114	PT-RI1Xeu	JAR	JAR	UCCA	Uterus	Gestational Trophoblastic Disease	Choriocarcinoma	UCCA		CVCL_0360		Fetus	Male		Primary	Placenta	ATCC		HTB-144	Cell Line											Adherent	MF-001-001	RPMI + 10% FBS	False						JAR_PLACENTA		False	HMB-MDS		633.0	SIDM01039	907175.0		False	False	Uterus	-2.278028214783618
ACH-001530	0.40684138830387057	0.4066757257721445	0.2742278633187492	-0.735028646260237	-0.506139832748761	-0.40684138830387057	PT-hB4ARO	JEG-3	JEG3	UCCA	Uterus	Gestational Trophoblastic Disease	Choriocarcinoma	UCCA		CVCL_0363		Fetus	Male		Metastatic	central_nervous_system	ATCC		HTB-36	Cell Line											Adherent	MF-015-001	EMEM + 10% FBS	False						JEG3_PLACENTA		False	HMB-MDS		1195.0	SIDM01218	907176.0		False	False	Uterus	-0.9328159087691256
ACH-001532	-0.2908658220795737	-0.31622017046558787	-0.0651672546983103	0.42342006728510584	-0.09201846649062152	0.2908658220795737	PT-IYnIVo	JMU-RTK-2	JMURTK2	MRT	Kidney	Rhabdoid Cancer	Rhabdoid Cancer	MRT		CVCL_4W58	0.0	Pediatric	Male		Metastatic	central_nervous_system	JCRB		JCRB1484	Cell Line											Adherent	MF-002-001	DMEM + 10% FBS	False					Cell line thought to be female but has Y chromosome expression.	JMURTK2_SOFT_TISSUE		True	HMB-MDS						False	False	Kidney	0.6669042874034825
ACH-001533	-0.09003939721741411	-0.09700009392504734	-0.2189210279967251	-0.13355228057129587	-0.6622802165741574	0.09003939721741411	PT-04HLfu	KARPAS 1718	KARPAS1718	SMZL	Lymphoid	Mature B-Cell Neoplasms	Splenic Marginal Zone Lymphoma	SMZL		CVCL_2539		Unknown	Male		Primary	haematopoietic_and_lymphoid_tissue	Sigma-Aldrich		8072401	Cell Line											Adherent	MF-001-003	RPMI + 10% FBS + 2mM Glutamine	False						KARPAS1718_HAEMATOPOIETIC_AND_LYMPHOID_TISSUE		False	HMB-MDS						False	False	Lymphoid	0.20644453724470632
ACH-001536	-0.19329768754153565	-0.2334532990179744	-0.26420561302880174	-0.683137280778515	0.0877948350540626	0.19329768754153565	PT-BemhJ7	KKU-100	KKU100	EHCH	Biliary Tract	Intraductal Papillary Neoplasm of the Bile Duct	Extrahepatic Cholangiocarcinoma	EHCH		CVCL_3996	65.0	Adult	Female		Primary	liver	JCRB		JCRB1568	Cell Line											Adherent	MF-002-001	DMEM + 10% FBS	False						KKU100_BILIARY_TRACT		False	HMB-MDS						False	False	Biliary Tract	0.4431976766639911
ACH-001537	-0.27071341871382065	-0.3082303838013314	-0.28088199877384734	-0.1124050450106874	-0.7249698765819256	0.27071341871382065	PT-xygDvt	KKU-055	KKU055	IHCH	Biliary Tract	Intraductal Papillary Neoplasm of the Bile Duct	Intrahepatic Cholangiocarcinoma	IHCH		CVCL_M258	56.0	Adult	Male		Primary	biliary_tract	JCRB		JCRB1551	Cell Line											Adherent	MF-002-001	DMEM + 10% FBS	False						KKU055_BILIARY_TRACT		False	HMB-MDS						False	False	Biliary Tract	0.620698362932823
ACH-001538	0.7230548656533415	0.6957706401847725	-0.44850232105871324	-0.1679099745785544	-0.07663352284393073	-0.7230548656533415	PT-LDOCPR	KKU-213	KKU213	IHCH	Biliary Tract	Intraductal Papillary Neoplasm of the Bile Duct	Intrahepatic Cholangiocarcinoma	IHCH		CVCL_M261	58.0	Adult	Male		Primary	biliary_tract	JCRB		JCRB1557	Cell Line											Adherent	MF-002-001	DMEM + 10% FBS	False						KKU213_BILIARY_TRACT		False	HMB-MDS						False	False	Biliary Tract	-1.6578379215700436
ACH-001539	0.5922220793590129	0.5797824928456875	0.21151723762340918	0.08481622520446291	-0.8668873863809482	-0.5922220793590129	PT-FzFmMI	KML-1	KML1	GCB	Lymphoid	Mature B-Cell Neoplasms	Germinal Center B-Cell Type	GCB		CVCL_2979	28.0	Adult	Female		Primary	pleural_effusion	JCRB		JCRB1347	Cell Line											Suspension	MF-001-020	RPMI + 20% FBS	False						KML1_HAEMATOPOIETIC_AND_LYMPHOID_TISSUE		False	HMB-MDS						False	False	Lymphoid	-1.3578613018049304
ACH-001540	-0.3127113852373362	-0.30697961722626976	-0.11956990121133722	0.04623238310676473	-0.4591853029655267	0.3127113852373362	PT-B1XqB8	KMLS-1	KMLS1	LIPO	Soft Tissue	Liposarcoma	Liposarcoma	LIPO		CVCL_2980		Unknown	Unknown		Primary	soft_tissue	JCRB		JCRB0200	Cell Line											Adherent	MF-002-001	DMEM + 10% FBS	False						KMLS1_SOFT_TISSUE		False	HMB-MDS						False	False	Soft Tissue	0.716992330152863
ACH-001541	0.4019846559281241	0.35070247183853626	0.20038487090844337	-0.2000963847871916	-0.8644370354652281	-0.4019846559281241	PT-01q6LP	KMS-28PE	KMS28PE	PCM	Lymphoid	Mature B-Cell Neoplasms	Plasma Cell Myeloma	PCM		CVCL_2995	77.0	Adult	Female	asian	Primary	pleural_effusion	JCRB		JCRB1191	Cell Line											Suspension	MF-001-001	RPMI + 10% FBS	False						KMS28PE_HAEMATOPOIETIC_AND_LYMPHOID_TISSUE		False	HMB-MDS						False	False	Lymphoid	-0.9216802737158243
ACH-001542	-0.16746630563712614	-0.16839745125149638	-0.21423692783512513	-0.20380098894677096	-0.22600620303959287	0.16746630563712614	PT-wu5c1x	KON	KON	OCSC	Head and Neck	Head and Neck Squamous Cell Carcinoma	Oral Cavity Squamous Cell Carcinoma	OCSC		CVCL_3001	76.0	Adult	Male		Metastatic	upper_aerodigestive_tract	JCRB		JCRB0194	Cell Line											Adherent	MF-002-001	DMEM + 10% FBS	False						KON_UPPER_AERODIGESTIVE_TRACT		False	HMB-MDS		314.0	SIDM00604	1298215.0		False	False	Head and Neck	0.3839708509804478
ACH-001543	-0.12055337581979121	-0.14643066297550045	-0.2111233185475605	-0.4367418918810674	-0.36817439175130773	0.12055337581979121	PT-1EAB3W	KOSC-2	KOSC2	OCSC	Head and Neck	Head and Neck Squamous Cell Carcinoma	Oral Cavity Squamous Cell Carcinoma	OCSC		CVCL_1337	51.0	Adult	Male		Primary	upper_aerodigestive_tract	JCRB		JCRB0126.1	Cell Line							3				Adherent	MF-001-001	RPMI + 10% FBS	False						KOSC2CL343_UPPER_AERODIGESTIVE_TRACT		False	HMB-MDS		315.0	SIDM00603	753570.0	ACH-002260	False	False	Head and Neck	0.27640773543062513
ACH-001547	-0.29389397056739497	-0.2954092350923134	-0.3799896772949994	-0.2886623563512932	-0.4578953507413771	0.29389397056739497	PT-xjKkQm	LO68	LO68	PLEMESO	Pleura	Pleural Mesothelioma	Pleural Mesothelioma, Epithelioid Type	PLEMESO		CVCL_2581	57.0	Adult	Male	black_or_african_american	Primary	pleural_effusion	Sigma-Aldrich		CBA-0141	Cell Line											Adherent	MF-001-016	RPMI + 5% FBS + 2mM Glutamine + 25mM HEPES	False						LO68_LUNG		False	HMB-MDS						False	False	Pleura	0.6738473004910426
ACH-001548	-0.25762399146045345	-0.3398424319179878	-0.400883735254642	-0.21919678666622436	-0.45064654630408174	0.25762399146045345	PT-TA4RrC	LS	LS	NBL	Peripheral Nervous System	Neuroblastoma	Neuroblastoma	NBL		CVCL_2105	1.0	Pediatric	Female		Metastatic	autonomic_ganglia	DSMZ		ACC 675	Cell Line											Adherent	MF-001-001	RPMI + 10% FBS	False						LS_AUTONOMIC_GANGLIA		True	HMB-MDS						False	False	Peripheral Nervous System	0.5906866032406223
ACH-001549	-0.1934495252017497	-0.11984776587846871	0.2581120820927796	1.0531157921411889	0.2943733103183172	0.1934495252017497	PT-QtHHhA	Lu-135	LU135	SCLC	Lung	Lung Neuroendocrine Tumor	Small Cell Lung Cancer	SCLC		CVCL_1389	69.0	Adult	Male		Primary	lung	JCRB		JCRB0170	Cell Line											Suspension	MF-001-001	RPMI + 10% FBS	False						LU135_LUNG		False	HMB-MDS		207.0	SIDM00294	713899.0		False	False	Lung	0.4435458137736113
ACH-001550	-0.34118651794238775	-0.31942511758115716	-0.09817993878601967	0.4109942635431065	0.03566538975481364	0.34118651794238775	PT-UFhSa8	MCC13	MCC13	MCC	Skin	Merkel Cell Carcinoma	Merkel Cell Carcinoma	MCC		CVCL_2583	80.0	Adult	Female		Metastatic	lymph_node	Sigma-Aldrich		CBA-1338	Cell Line											Adherent	MF-001-017	RPMI + 15% FBS	False						MCC13_SKIN		False	HMB-MDS			SIDM00007			False	False	Skin	0.7822808124833402
ACH-001551	0.4708254127782515	0.13073691544065857	0.8372326777056885	0.7916431580642757	-0.11335803743618401	-0.4708254127782515	PT-kTtYJG	MCC14/2	MCC142	MCC	Skin	Merkel Cell Carcinoma	Merkel Cell Carcinoma	MCC		CVCL_2584	80.0	Adult	Male		Metastatic	lymph_node	Sigma-Aldrich		CBA-1340	Cell Line											Adherent	MF-001-017	RPMI + 15% FBS	False						MCC142_SKIN		False	HMB-MDS						False	False	Skin	-1.0795200486443848
ACH-001552	-0.022473226162040606	-0.04847774092141758	0.3895706664017852	0.5964701318609916	-0.2935037122012612	0.022473226162040606	PT-FEgBWK	MCC26	MCC26	MCC	Skin	Merkel Cell Carcinoma	Merkel Cell Carcinoma	MCC		CVCL_2585	82.0	Adult	Female		Primary	skin	Sigma-Aldrich		CBA-1341	Cell Line											Adherent	MF-001-017	RPMI + 15% FBS	False						MCC26_SKIN		False	HMB-MDS			SIDM00006			False	False	Skin	0.05152716387266978
ACH-001554	-0.33869274045712694	-0.12472676794802132	-0.3074115984204233	-0.42738409455760484	-0.9184715799229615	0.33869274045712694	PT-2AwIuw	mel-202	MEL202	UM	Eye	Ocular Melanoma	Uveal Melanoma	UM		CVCL_C301		Unknown	Female		Primary	uvea	ECACC			Cell Line											Adherent	MF-001-003	RPMI + 10% FBS + 2mM Glutamine	False						MEL202_UVEA		False	HMB-MDS						False	False	Eye	0.7765630183304896
ACH-001555	-0.19016191995613577	-0.22770747246897824	0.2820255737132571	0.46408297671984544	-0.41874034775803015	0.19016191995613577	PT-1Sf7Sz	Mero-14	MERO14	PLEMESO	Pleura	Pleural Mesothelioma	Pleural Mesothelioma, Epithelioid Type	PLEMESO		CVCL_2590	60.0	Adult	Male		Primary	pleural_effusion	Sigma-Aldrich			Cell Line											Adherent	MF-004-003	F12 + 15% FBS + 2mM Glutamine	False						MERO14_PLEURA		False	HMB-MDS						False	False	Pleura	0.4360079118712341
ACH-001556	-0.30006785188732166	-0.29582098230652804	-0.026375546009750925	-0.700262244613696	-0.3582570955596484	0.30006785188732166	PT-go6neE	Mero-25	MERO25	PLBMESO	Pleura	Pleural Mesothelioma	Pleural Mesothelioma, Biphasic Type	PLBMESO		CVCL_2591	60.0	Adult	Male		Primary	pleural_effusion	Sigma-Aldrich			Cell Line											Adherent	MF-004-003	F12 + 15% FBS + 2mM Glutamine	False						MERO25_PLEURA		False	HMB-MDS						False	False	Pleura	0.6880029269333028
ACH-001557	-0.3437600623029187	-0.2632055935123201	0.23020401986084935	-0.13377397822339512	-0.026709699331928453	0.3437600623029187	PT-LIQ4kC	Mero-41	MERO41	PLEMESO	Pleura	Pleural Mesothelioma	Pleural Mesothelioma, Epithelioid Type	PLEMESO		CVCL_2592	60.0	Adult	Male		Primary	pleural_effusion	Sigma-Aldrich			Cell Line											Adherent	MF-004-003	F12 + 15% FBS + 2mM Glutamine	False						MERO41_PLEURA		False	HMB-MDS						False	False	Pleura	0.7881814980832855
ACH-001558	-0.3338057765337313	-0.25944232961536223	-0.15181943434342296	-0.2817857295502747	0.036116016893451154	0.3338057765337313	PT-WxXGiC	Mero-48a	MERO48A	PLBMESO	Pleura	Pleural Mesothelioma	Pleural Mesothelioma, Biphasic Type	PLBMESO		CVCL_2593		Unknown	Male		Primary	pleural_effusion	Sigma-Aldrich			Cell Line											Adherent	MF-004-003	F12 + 15% FBS + 2mM Glutamine	False						MERO48A_PLEURA		False	HMB-MDS						False	False	Pleura	0.7653580676436155
ACH-001559	-0.3512549027965307	-0.3253225899960867	0.605609613273637	1.1254523764721258	0.011946507783779719	0.3512549027965307	PT-KmK0MJ	Mero-82	MERO82	PLEMESO	Pleura	Pleural Mesothelioma	Pleural Mesothelioma, Epithelioid Type	PLEMESO		CVCL_2594		Unknown	Unknown		Primary	pleural_effusion	Sigma-Aldrich			Cell Line											Adherent	MF-004-003	F12 + 15% FBS + 2mM Glutamine	False						MERO82_PLEURA		False	HMB-MDS						False	False	Pleura	0.8053658521021212
ACH-001560	-0.24694037355134402	-0.21504711853162042	-0.08139241335171313	-0.551032190729275	-0.20834978290082318	0.24694037355134402	PT-B0HUMd	Mero-83	MERO83	PLBMESO	Pleura	Pleural Mesothelioma	Pleural Mesothelioma, Biphasic Type	PLBMESO		CVCL_2595		Unknown	Male		Primary	pleural_effusion	Sigma-Aldrich			Cell Line											Adherent	MF-004-003	F12 + 15% FBS + 2mM Glutamine	False						MERO83_PLEURA		False	HMB-MDS						False	False	Pleura	0.5661909421910526
ACH-001561	-0.16106292407007633	-0.14936025139034106	0.05926691897327832	-0.24839405487416089	-0.24993242293072787	0.16106292407007633	PT-Nc2afW	Mero-84	MERO84	PLBMESO	Pleura	Pleural Mesothelioma	Pleural Mesothelioma, Biphasic Type	PLBMESO		CVCL_2596		Unknown	Male		Primary	pleural_effusion	Sigma-Aldrich			Cell Line											Adherent	MF-004-003	F12 + 15% FBS + 2mM Glutamine	False						MERO84_PLEURA		False	HMB-MDS						False	False	Pleura	0.36928902074541364
ACH-001562	-0.31494754614409826	-0.2664725245388129	-0.14428354694815548	-0.18863228121154832	-0.3329206693217798	0.31494754614409826	PT-9C9m7Z	Mero-95	MERO95	PLEMESO	Pleura	Pleural Mesothelioma	Pleural Mesothelioma, Epithelioid Type	PLEMESO		CVCL_2597		Unknown	Male		Primary	pleural_effusion	Sigma-Aldrich			Cell Line											Adherent	MF-004-003	F12 + 15% FBS + 2mM Glutamine	False						MERO95_PLEURA		False	HMB-MDS						False	False	Pleura	0.7221194546990934
ACH-001563	-0.30643556318870335	-0.3171362493469992	-0.4481077998949999	-0.803607960687555	-0.5390383753310843	0.30643556318870335	PT-uwdvUG	MM127	MM127	MEL	Skin	Melanoma	Melanoma	MEL		CVCL_2601		Unknown	Male		Metastatic	skin	Sigma-Aldrich		CBA-1344	Cell Line											Adherent	MF-001-004	RPMI + 10% FBS + 2mM Glutamine + 25mM HEPES	False						MM127_SKIN		False	HMB-MDS						False	False	Skin	0.7026029715087609
ACH-001566	-0.33796669638841154	-0.26438026862245334	-0.4392671542476872	-0.33286826250201224	-0.7870111496324114	0.33796669638841154	PT-4UAKiS	MM370	MM370	MEL	Skin	Melanoma	Melanoma	MEL		CVCL_2605		Unknown	Male		Metastatic	lymph_node	Sigma-Aldrich		CBA-1348	Cell Line											Adherent	MF-001-004	RPMI + 10% FBS + 2mM Glutamine + 25mM HEPES	False						MM370_SKIN		False	HMB-MDS						False	False	Skin	0.7748983266908589
ACH-001567	-0.35519075723457044	-0.17315749753452273	-0.31357924088537537	0.15086163408639988	-0.10260757081754919	0.35519075723457044	PT-fN0pV5	MM383	MM383	MEL	Skin	Melanoma	Melanoma	MEL		CVCL_2606		Unknown	Male		Metastatic	lymph_node	Sigma-Aldrich		CBA-1350	Cell Line											Adherent	MF-001-004	RPMI + 10% FBS + 2mM Glutamine + 25mM HEPES	False						MM383_SKIN		False	HMB-MDS						False	False	Skin	0.8143900756446405
ACH-001568	-0.3782183156859986	-0.3245912989146407	-0.4915890915558785	-0.8226503300586525	-0.7935511057041795	0.3782183156859986	PT-QuhZbF	MM386	MM386	MEL	Skin	Melanoma	Melanoma	MEL		CVCL_2607		Unknown	Male		Metastatic	lymph_node	Sigma-Aldrich		CBA-1349	Cell Line											Adherent	MF-001-004	RPMI + 10% FBS + 2mM Glutamine + 25mM HEPES	False						MM386_SKIN		False	HMB-MDS						False	False	Skin	0.8671882261798052
ACH-001569	-0.3447888783250191	-0.27800326824372507	-0.37681707457660907	0.003766613438383637	-0.30198069680867823	0.3447888783250191	PT-XeUtGz	MM415	MM415	MEL	Skin	Melanoma	Melanoma	MEL		CVCL_2608		Unknown	Male		Metastatic	lymph_node	Sigma-Aldrich		CBA-1351	Cell Line											Adherent	MF-001-004	RPMI + 10% FBS + 2mM Glutamine + 25mM HEPES	False						MM415_SKIN		False	HMB-MDS						False	False	Skin	0.7905403926800539
ACH-001570	-0.2882374715542344	-0.18628767492458195	-0.4389630831989289	-0.6698477047792853	-0.5949978410158068	0.2882374715542344	PT-bKFeuG	MM426	MM426	MEL	Skin	Melanoma	Melanoma	MEL		CVCL_2609		Unknown	Male		Metastatic	lymph_node	Sigma-Aldrich		CBA-1352	Cell Line											Adherent	MF-001-004	RPMI + 10% FBS + 2mM Glutamine + 25mM HEPES	False						MM426_SKIN		False	HMB-MDS						False	False	Skin	0.6608779408852985
ACH-001571	0.2524044784312498	0.2637428824952582	0.2657003600784642	0.02018842067114251	-0.11022513269433576	-0.2524044784312498	PT-7caxyS	Mo	MO	HCL	Lymphoid	Mature B-Cell Neoplasms	Hairy Cell Leukemia	HCL		CVCL_1439	33.0	Adult	Male		Primary	haematopoietic_and_lymphoid_tissue	ATCC		CRL-8066	Cell Line											Suspension	MF-005-004	IMDM + 20% FBS	False						MO_HAEMATOPOIETIC_AND_LYMPHOID_TISSUE		False	HMB-MDS						False	False	Lymphoid	-0.5787191758115517
ACH-001573	0.2577467419551201	0.12271820006942691	-0.0012123899661360034	0.1446197838359069	-0.19722606157472697	-0.2577467419551201	PT-AntDeX	MOLM-1	MOLM1	CMLBCRABL1	Myeloid	Myeloproliferative Neoplasms	Chronic Myeloid Leukemia, BCR-ABL1+	CMLBCRABL1	BCR-ABL1 (e13-a2), MECOM overexpression	CVCL_2118	41.0	Adult	Male		Metastatic	bone_marrow	DSMZ			Cell Line											Suspension	MF-001-020	RPMI + 20% FBS	False						MOLM1_HAEMATOPOIETIC_AND_LYMPHOID_TISSUE		True	HMB-MDS						False	False	Myeloid	-0.5909680485840071
ACH-001574	-0.21608493363422654	-0.22161052234702008	-0.34006538521051	-0.1440848730412952	-0.5532931262089736	0.21608493363422654	PT-H3wdRq	MOLM-14	MOLM14	AML	Myeloid	Acute Myeloid Leukemia	Acute Myeloid Leukemia	AML	KMT2A-MLLT3, FLT3 ITD	CVCL_7916	20.0	Adult	Male		Primary	haematopoietic_and_lymphoid_tissue	DSMZ		ACC 777	Cell Line											Suspension	MF-001-020	RPMI + 20% FBS	False						MOLM14_HAEMATOPOIETIC_AND_LYMPHOID_TISSUE		True	HMB-MDS			SIDM00436			False	False	Myeloid	0.49544483313181537
ACH-001577	0.3304681311042525	0.2664774544880264	0.125720346250088	0.20988056286514212	-0.5445697547946234	-0.3304681311042525	PT-wizE6v	MUTZ-8	MUTZ8	AML	Myeloid	Acute Myeloid Leukemia	Acute Myeloid Leukemia	AML	JAK2 and TP53 mutations, 5q31(del)	CVCL_2130	63.0	Adult	Female		Primary	haematopoietic_and_lymphoid_tissue	DSMZ			Cell Line											Suspension	MF-003-002	AlphaMEM + 20% FBS + 10ng/ml GM-CSF	False						MUTZ8_HAEMATOPOIETIC_AND_LYMPHOID_TISSUE		True	HMB-MDS						False	False	Myeloid	-0.7577054323809441
ACH-001578	-0.14282164676281808	-0.2463469014714936	-0.34392491573616485	-0.5981053078593896	-0.2181467278738863	0.14282164676281808	PT-OqrZ3f	NCCIT	NCCIT	EMBCA	Testis	Non-Seminomatous Germ Cell Tumor	Embryonal Carcinoma	EMBCA		CVCL_1451	24.0	Adult	Male		Primary	lung	ATCC		CRL-2073	Cell Line											Adherent	MF-001-001	RPMI + 10% FBS	False						NCCIT_TESTIS		False	HMB-MDS		1098.0	SIDM00655	908441.0		False	False	Testis	0.3274649729526885
ACH-001591	-0.18839253465710115	-0.27407242490903533	0.35187908272326957	0.7979242741349825	-0.3662430186008892	0.18839253465710115	PT-5DnFBw	NCI-H1417	NCIH1417	SCLC	Lung	Lung Neuroendocrine Tumor	Small Cell Lung Cancer	SCLC		CVCL_1469	61.0	Adult	Female		Primary	lung	ATCC		CRL-5869	Cell Line							E				Adherent	MF-001-001	RPMI + 10% FBS	False						NCIH1417_LUNG		False	HMB-MDS		423.0	SIDM00642	688001.0		False	False	Lung	0.4319510218813471
ACH-001598	1.1168904951147858	0.6835262292395017	0.37185788362336847	0.2670768849512999	-0.902239535392793	-1.1168904951147858	PT-7zJZ9B	NCI-H295R	NCIH295R	ACC	Adrenal Gland	Adrenocortical Carcinoma	Adrenocortical Carcinoma	ACC		CVCL_0458	48.0	Adult	Female		Primary	autonomic_ganglia	ATCC		CRL-2128	Cell Line											Adherent	MF-007-013	DMEM:F12 + 2.5% Nu-Serum + 1x Insulin-Transferrin-Selenium + 1.25mg/ml BSA + 5.35ug/ml Linoleic Acid	False						NCIH295R_AUTONOMIC_GANGLIA		False	HMB-MDS						False	False	Adrenal Gland	-2.5608339076306943
ACH-001603	-0.11900198117620048	-0.1285088606462334	-0.2593464670040714	-0.726509124951054	-0.9258854799277988	0.11900198117620048	PT-HjdUWT	NH-12	NH12	NBL	Peripheral Nervous System	Neuroblastoma	Neuroblastoma	NBL		CVCL_1605	1.0	Pediatric	Male		Primary	autonomic_ganglia	JCRB		JCRB0833	Cell Line											Adherent	MF-003-001	AlphaMEM + 10% FBS	False						NH12_AUTONOMIC_GANGLIA		True	HMB-MDS		1546.0	SIDM00577	908447.0		False	False	Peripheral Nervous System	0.27285065975955364
ACH-001605	-0.028574648186430573	-0.19507847763196126	-0.1833666454634011	-0.6955182453952911	-0.09855050800945975	0.028574648186430573	PT-5s2EZm	no.10	NO10	GB	CNS/Brain	Adult-Type Diffuse Glioma	Glioblastoma, IDH-Wildtype	GB		CVCL_3075	62.0	Adult	Male		Primary	central_nervous_system	JCRB		IFO50368	Cell Line											Adherent	MF-015-001	EMEM + 10% FBS	False						NO10_CENTRAL_NERVOUS_SYSTEM		False	HMB-MDS		36.0	SIDM00574	908452.0	ACH-001620	False	False	CNS/Brain	0.06551665386579282
ACH-001606	-0.30073167103322884	-0.2781784895931666	-0.16427770875814435	-0.5444145698980913	-0.4990427740511075	0.30073167103322884	PT-jZhsXq	no.11	NO11	GB	CNS/Brain	Adult-Type Diffuse Glioma	Glioblastoma, IDH-Wildtype	GB		CVCL_3076	64.0	Adult	Female		Primary	central_nervous_system	JCRB		IFO50369	Cell Line											Adherent	MF-015-001	EMEM + 10% FBS	False						NO11_CENTRAL_NERVOUS_SYSTEM		False	HMB-MDS		1489.0	SIDM00573	908450.0		False	False	CNS/Brain	0.6895249477444826
ACH-001607	-0.3120076645790112	-0.2794211647881458	-0.32039792444486637	0.24562287082556783	0.039290517387515544	0.3120076645790112	PT-yeY4QM	NOZ	NOZ	GBAD	Biliary Tract	Intracholecystic Papillary Neoplasm	Gallbladder Adenocarcinoma, NOS	GBAD		CVCL_3079	48.0	Adult	Female		Metastatic	ascites	JCRB		JCRB1033	Cell Line											Adherent	MF-022-001	William's E medium + 10% FBS	False						NOZ_LIVER		False	HMB-MDS						False	False	Biliary Tract	0.715378822175831
ACH-001608	-0.22331709684336523	-0.26540391463520346	-0.15386585664098032	-0.3956477194959386	0.34467854036504736	0.22331709684336523	PT-NaLtZ9	NP 2	NP2	GB	CNS/Brain	Adult-Type Diffuse Glioma	Glioblastoma, IDH-Wildtype	GB		CVCL_1R15	63.0	Adult	Male		Primary	central_nervous_system	JCRB		JCRB1566	Cell Line											Adherent	MF-002-001	DMEM + 10% FBS	False						NP2_CENTRAL_NERVOUS_SYSTEM		False	HMB-MDS						False	False	CNS/Brain	0.5120269142333097
ACH-001609	-0.1051247682539112	-0.05827837070357565	0.21025892488211628	-0.1677010782296586	0.03046439306549988	0.1051247682539112	PT-OT2kJe	NP 3	NP3	GB	CNS/Brain	Adult-Type Diffuse Glioma	Glioblastoma, IDH-Wildtype	GB		CVCL_1R16	64.0	Adult	Male		Primary	central_nervous_system	JCRB		JCRB1567	Cell Line											Adherent	MF-002-001	DMEM + 10% FBS	False						NP3_CENTRAL_NERVOUS_SYSTEM		False	HMB-MDS						False	False	CNS/Brain	0.24103264577318076
ACH-001610	0.2384472782803993	0.26208775579870275	0.35217167935367655	0.3788204468652282	0.1440847835140277	-0.2384472782803993	PT-WoVaBP	NP 5	NP5	GB	CNS/Brain	Adult-Type Diffuse Glioma	Glioblastoma, IDH-Wildtype	GB		CVCL_1R17	27.0	Adult	Male		Primary	central_nervous_system	JCRB		JCRB1569	Cell Line											Adherent	MF-002-001	DMEM + 10% FBS	False						NP5_CENTRAL_NERVOUS_SYSTEM		False	HMB-MDS						False	False	CNS/Brain	-0.5467177651466566
ACH-001611	-0.3149795405535901	-0.23832509691346584	-0.09834694462317921	-0.34877340987018535	0.45608689157103066	0.3149795405535901	PT-62G0ep	NP 8	NP8	GB	CNS/Brain	Adult-Type Diffuse Glioma	Glioblastoma, IDH-Wildtype	GB		CVCL_4W66	38.0	Adult	Female		Primary	central_nervous_system	JCRB		JCRB1608	Cell Line											Adherent	MF-002-001	DMEM + 10% FBS	False						NP8_CENTRAL_NERVOUS_SYSTEM		False	HMB-MDS						False	False	CNS/Brain	0.7221928122655153
ACH-001613	-0.3787191677385824	-0.3824864118885167	-0.3845409526196054	0.4631361617938421	-0.2998933875797641	0.3787191677385824	PT-VzJIqw	OCI-AML4	OCIAML4	AML	Myeloid	Acute Myeloid Leukemia	Acute Myeloid Leukemia	AML	KMT2A-MLLT1	CVCL_5224	35.0	Adult	Female		Primary	haematopoietic_and_lymphoid_tissue	DSMZ			Cell Line											Suspension	MF-003-002	AlphaMEM + 20% FBS + 10ng/ml GM-CSF	False						OCIAML4_HAEMATOPOIETIC_AND_LYMPHOID_TISSUE		True	HMB-MDS						False	False	Myeloid	0.8683365920442949
ACH-001616	-0.1387078283105872	-0.16799224221777118	-0.2460888858396179	-0.031073943029469753	-1.2589111137515252	0.1387078283105872	PT-oQqqCS	OCI-LY18	OCILY18	DLBCLNOS	Lymphoid	Mature B-Cell Neoplasms	Diffuse Large B-Cell Lymphoma, NOS	DLBCLNOS		CVCL_1880	56.0	Adult	Male		Primary	pleural_effusion	DSMZ		ACC 699	Cell Line											Suspension	MF-001-001	RPMI + 10% FBS	False						OCILY18_HAEMATOPOIETIC_AND_LYMPHOID_TISSUE		False	HMB-MDS						False	False	Lymphoid	0.31803270915566606
ACH-001617	0.06304192280406148	0.08096717277371393	-0.09850681098750329	-0.5098251981958435	-0.7430243873264281	-0.06304192280406148	PT-X6RNMT	OCI-LY7	OCILY7	DLBCLNOS	Lymphoid	Mature B-Cell Neoplasms	Diffuse Large B-Cell Lymphoma, NOS	DLBCLNOS		CVCL_1881	48.0	Adult	Male		Primary	haematopoietic_and_lymphoid_tissue	DSMZ			Cell Line							2A			Relapse	Suspension	MF-005-001	IMDM + 10% FBS	False						OCILY7_HAEMATOPOIETIC_AND_LYMPHOID_TISSUE		False	HMB-MDS		1606.0	SIDM00459	1659819.0		False	False	Lymphoid	-0.1445440660700454
ACH-001618	-0.29158592830317126	-0.2560015672916594	-0.2469337390084948	0.6774879215543363	0.6784423232289106	0.29158592830317126	PT-Oev2PO	OCI-M2	OCIM2	AML	Myeloid	Acute Myeloid Leukemia	Acute Myeloid Leukemia	AML	RUNX1-TSPEAR, NRAS Gln61Lys, TP53 Val274Asp	CVCL_2150	56.0	Adult	Unknown		Primary	haematopoietic_and_lymphoid_tissue	DSMZ			Cell Line											Suspension	MF-005-004	IMDM + 20% FBS	False						OCIM2_HAEMATOPOIETIC_AND_LYMPHOID_TISSUE		True	HMB-MDS						False	False	Myeloid	0.6685553646062615
ACH-001619	-0.29567624151147653	-0.2928006513945179	-0.3086845079399164	0.14069857163590216	0.2543048552890516	0.29567624151147653	PT-xi87qq	OCUG-1	OCUG1	GBAD	Biliary Tract	Intracholecystic Papillary Neoplasm	Gallbladder Adenocarcinoma, NOS	GBAD		CVCL_3083	43.0	Adult	Male		Metastatic	ascites	JCRB		JCRB0191	Cell Line											Adherent	MF-002-006	DMEM + 10% FBS + 2mM glutamine + 500uM pyruvate	False						OCUG1_BILIARY_TRACT		False	HMB-MDS						False	False	Biliary Tract	0.6779337350037832
ACH-001622	-0.3680716427956535	-0.30840197464410163	-0.09429042671657317	-0.512302419157622	0.36793293410639477	0.3680716427956535	PT-D5Ft7E	Onda 7	ONDA7	GB	CNS/Brain	Adult-Type Diffuse Glioma	Glioblastoma, IDH-Wildtype	GB		CVCL_4W67	51.0	Adult	Male		Primary	central_nervous_system	JCRB		JCRB1575	Cell Line											Adherent	MF-002-001	DMEM + 10% FBS	False						ONDA7_CENTRAL_NERVOUS_SYSTEM		False	HMB-MDS						False	False	CNS/Brain	0.8439236858323985
ACH-001623	0.14126713405782887	0.18895370376765433	0.26226626654408863	0.11232380125043984	-0.0845707147664754	-0.14126713405782887	PT-QBDrgb	Onda 8	ONDA8	GB	CNS/Brain	Adult-Type Diffuse Glioma	Glioblastoma, IDH-Wildtype	GB		CVCL_4W68	31.0	Adult	Female		Primary	central_nervous_system	JCRB		JCRB1578	Cell Line											Adherent	MF-002-001	DMEM + 10% FBS	False						ONDA8_CENTRAL_NERVOUS_SYSTEM		False	HMB-MDS						False	False	CNS/Brain	-0.3239007481140036
ACH-001624	-0.3816485150825448	-0.3837438760925905	-0.09894263339727372	-0.31406775370754214	-0.12390559271558407	0.3816485150825448	PT-dDtvIC	Onda 9	ONDA9	GB	CNS/Brain	Adult-Type Diffuse Glioma	Glioblastoma, IDH-Wildtype	GB		CVCL_1R14	58.0	Adult	Male		Primary	central_nervous_system	JCRB		JCRB1576	Cell Line											Adherent	MF-002-001	DMEM + 10% FBS	False						ONDA9_CENTRAL_NERVOUS_SYSTEM		False	HMB-MDS						False	False	CNS/Brain	0.8750530714471176
ACH-001625	-0.30551286842235226	-0.29487512002152577	0.23424382087135395	0.3800635949816658	-0.20662454875343866	0.30551286842235226	PT-FeUEcM	OSC-19	OSC19	OCSC	Head and Neck	Head and Neck Squamous Cell Carcinoma	Oral Cavity Squamous Cell Carcinoma	OCSC		CVCL_3086	61.0	Adult	Male		Metastatic	lymph_node	JCRB		JCRB0198	Cell Line											Adherent	MF-007-007	DMEM:F12	True						OSC19_UPPER_AERODIGESTIVE_TRACT		False	HMB-MDS		1253.0	SIDM00566	1298362.0		False	False	Head and Neck	0.7004873943287238
ACH-001626	-0.171496731436581	-0.17313707900912817	0.5554300582431446	0.7788898342299693	0.048313283806100435	0.171496731436581	PT-CVPxmk	OSC-20	OSC20	OCSC	Head and Neck	Head and Neck Squamous Cell Carcinoma	Oral Cavity Squamous Cell Carcinoma	OCSC		CVCL_3087	59.0	Adult	Female		Metastatic	lymph_node	JCRB		JCRB0197	Cell Line											Adherent	MF-007-007	DMEM:F12	True						OSC20_UPPER_AERODIGESTIVE_TRACT		False	HMB-MDS		1254.0	SIDM00565	1240196.0		False	False	Head and Neck	0.3932119100588249
ACH-001627	0.20152624697308608	0.20203014127825858	-0.04648389819289073	-0.13857163584679233	0.05084919652383736	-0.20152624697308608	PT-a2ltr5	P4E6	P4E6	ZIMMEPCP	Prostate	Non-Cancerous	Immortalized Epithelial Cells, Prostate			CVCL_2677		Unknown	Male		Primary	prostate	Sigma-Aldrich			Cell Line			HPV16 E6								Adherent	MF-019-001	Stemline Keratinocyte Medium II + 2% FBS + 2mM Glutamine + Stemline keratinocyte growth supplement	False						P4E6_PROSTATE		False	HMB-MDS						False	False	Prostate	-0.46206431945076043
ACH-001628	-0.25185996038191966	-0.31728836999430327	0.17531184834438662	0.9823225811749957	-0.0751685148986778	0.25185996038191966	PT-i3tIXN	PEA1	PEA1	HGSOC	Ovary/Fallopian Tube	Ovarian Epithelial Tumor	High-Grade Serous Ovarian Cancer	HGSOC		CVCL_2682		Unknown	Female		Metastatic	pleural_effusion	Sigma-Aldrich		10032306	Cell Line											Adherent	MF-001-010	RPMI + 10% FBS + 2mM Glutamine + 2mM Sodium pyruvate	False						PEA1_OVARY		False	HMB-MDS						False	False	Ovary/Fallopian Tube	0.5774706914792553
ACH-001630	-0.17942179396878516	-0.17080552485084827	0.0001579887045523957	0.31383082928335376	0.5601366687598005	0.17942179396878516	PT-FMp5RI	PEO1	PEO1	SOC	Ovary/Fallopian Tube	Ovarian Epithelial Tumor	Serous Ovarian Cancer	SOC		CVCL_2686		Unknown	Female		Metastatic	ascites	Sigma-Aldrich			Cell Line											Adherent	MF-001-010	RPMI + 10% FBS + 2mM Glutamine + 2mM Sodium pyruvate	False						PEO1_OVARY		False	HMB-MDS		177.0	SIDM00472	1480372.0		False	False	Ovary/Fallopian Tube	0.41138268771458447
ACH-001632	-0.3083435042867713	-0.3286649714448952	-0.09310328774085294	0.284251289686795	0.011896707610757213	0.3083435042867713	PT-FMp5RI	PEO4	PEO4	SOC	Ovary/Fallopian Tube	Ovarian Epithelial Tumor	Serous Ovarian Cancer	SOC		CVCL_2690		Unknown	Female		Metastatic	ascites	Sigma-Aldrich			Cell Line											Adherent	MF-001-010	RPMI + 10% FBS + 2mM Glutamine + 2mM Sodium pyruvate	False						PEO4_OVARY		False	HMB-MDS			SIDM00471			False	False	Ovary/Fallopian Tube	0.7069775456313498
ACH-001634	-0.06079628538473503	-0.1709356945777358	-0.25726820073961654	-0.06935394020352614	-0.6928620551691065	0.06079628538473503	PT-cBta1E	PGA-1	PGA1	CLLSLL	Lymphoid	Mature B-Cell Neoplasms	Chronic Lymphocytic Leukemia/Small Lymphocytic Lymphoma	CLLSLL		CVCL_Y545		Unknown	Male		Primary	haematopoietic_and_lymphoid_tissue	DSMZ			Cell Line											Suspension	MF-001-001	RPMI + 10% FBS	False						PGA1_HAEMATOPOIETIC_AND_LYMPHOID_TISSUE		False	HMB-MDS						False	False	Lymphoid	0.13939521354349188
ACH-001636	0.12359010820009006	0.11740353413974483	-0.052855687225864326	-0.693197812642837	-1.140422738765595	-0.12359010820009006	PT-k9PrKk	Ramos	RAMOS	NHL	Lymphoid	Non-Hodgkin Lymphoma	Non-Hodgkin Lymphoma	NHL	IGH-MYC, TP53 Ile254Asp	CVCL_0597	3.0	Pediatric	Male		Primary	ascites	ATCC		CRL-1596	Cell Line											Suspension	MF-001-001	RPMI + 10% FBS	False						RAMOS_HAEMATOPOIETIC_AND_LYMPHOID_TISSUE		True	HMB-MDS	MYC::IGH		SIDM01094			False	False	Lymphoid	-0.2833704298772907
ACH-001638	-0.006445768322738792	0.058852880339796514	-0.0980962590397851	-0.20939323480107463	-0.5750901269191105	0.006445768322738792	PT-l9J76R	RC-K8	RCK8	GCB	Lymphoid	Mature B-Cell Neoplasms	Germinal Center B-Cell Type	GCB		CVCL_1883	55.0	Adult	Male		Primary	ascites	DSMZ		ACC 561	Cell Line											Adherent	MF-001-017	RPMI + 15% FBS	False						RCK8_HAEMATOPOIETIC_AND_LYMPHOID_TISSUE		False	HMB-MDS		283.0	SIDM00448	1330995.0		False	False	Lymphoid	0.014779015627583937
ACH-001641	0.7161338435588889	0.703414423127169	1.007704389705564	0.6822816557117782	-0.29926836443544697	-0.7161338435588889	PT-4X1Phg	SAT	SAT	HNSC	Head and Neck	Head and Neck Squamous Cell Carcinoma	Head and Neck Squamous Cell Carcinoma	HNSC		CVCL_3160		Unknown	Unknown		Primary	upper_aerodigestive_tract	JCRB		JCRB1027	Cell Line											Adherent	MF-001-001	RPMI + 10% FBS	False						SAT_UPPER_AERODIGESTIVE_TRACT		False	HMB-MDS		562.0	SIDM00350	1299050.0		False	False	Head and Neck	-1.641969232443887
ACH-001642	-0.34625699171984387	0.6076333977740994	-0.20654836365752421	-0.6032037242974745	-0.17251395893910892	0.34625699171984387	PT-HcsCe7	SCC-3	SCC3	MBN	Lymphoid	Non-Hodgkin Lymphoma	Mature B-Cell Neoplasms	MBN		CVCL_1683	20.0	Adult	Female		Primary	pleural_effusion	JCRB		JCRB0115	Cell Line											Suspension	MF-001-001	RPMI + 10% FBS	False						SCC3_HAEMATOPOIETIC_AND_LYMPHOID_TISSUE		False	HMB-MDS		1475.0	SIDM00384	910930.0		False	False	Lymphoid	0.7939065190623255
ACH-001645	-0.24276621268262266	0.28531071143062164	-0.426235525959265	-0.47492068788246333	-0.5007193202757262	0.24276621268262266	PT-pmeBkH	SEKI	SEKI	MEL	Skin	Melanoma	Melanoma	MEL		CVCL_3162	28.0	Adult	Female		Primary	skin	JCRB		JCRB1041	Cell Line											Suspension	MF-001-020	RPMI + 20% FBS	False						SEKI_SKIN		False	HMB-MDS						False	False	Skin	0.5566203238222139
ACH-001647	-0.3272036016143075	-0.28908976045652257	-0.2223160843075367	0.6030193727923966	-0.4355166206077182	0.3272036016143075	PT-8Jr4Fd	SHI-1	SHI1	AML	Myeloid	Acute Myeloid Leukemia	Acute Myeloid Leukemia	AML	AML-ETO, KMT2A-AFDN, KRAS Gln61His, TP53 Ile195Thr	CVCL_2191	37.0	Adult	Male		Metastatic	bone_marrow	DSMZ			Cell Line											Suspension	MF-005-004	IMDM + 20% FBS	False						SHI1_HAEMATOPOIETIC_AND_LYMPHOID_TISSUE		True	HMB-MDS	KMT2A::AFDN, PTPN11, KRAS					False	False	Myeloid	0.750220439136864
ACH-001648	0.06413060139328007	0.12963799314870264	0.11146920046102175	0.3602761124304965	-0.1886604568505781	-0.06413060139328007	PT-F8MgcH	Shmac 4	SHMAC4	ZIMMEPCP	Prostate	Non-Cancerous	Immortalized Epithelial Cells, Prostate			CVCL_2722		Unknown	Male		Primary	prostate	Sigma-Aldrich			Cell Line			HPV16 E6								Adherent	MF-019-001	Stemline Keratinocyte Medium II + 2% FBS + 2mM Glutamine + Stemline keratinocyte growth supplement	False						SHMAC4_PROSTATE		False	HMB-MDS						False	False	Prostate	-0.14704021502822592
ACH-001649	0.7031470436215979	0.7033236235743127	0.2791144925002311	0.056029341233073515	-0.14528277301621836	-0.7031470436215979	PT-iy858F	Shmac 5	SHMAC5	ZIMMEPCP	Prostate	Non-Cancerous	Immortalized Epithelial Cells, Prostate			CVCL_2723		Unknown	Male		Primary	prostate	Sigma-Aldrich		10112303	Cell Line			HPV16 E6								Adherent	MF-019-001	Stemline Keratinocyte Medium II + 2% FBS + 2mM Glutamine + Stemline keratinocyte growth supplement	False						SHMAC5_PROSTATE		False	HMB-MDS						False	False	Prostate	-1.6121927791778816
ACH-001650	-0.3496852749357072	-0.357603429486866	-0.06030888287964585	0.37972822299037545	0.004270142287148472	0.3496852749357072	PT-97kTPc	SISO	SISO	CEAD	Cervix	Cervical Adenocarcinoma	Cervical Adenocarcinoma	CEAD		CVCL_2193	67.0	Adult	Female		Primary	cervix	DSMZ		ACC 327	Cell Line											Adherent	MF-001-001	RPMI + 10% FBS	False						SISO_CERVIX		False	HMB-MDS		1498.0	SIDM00394	1240212.0		False	False	Cervix	0.8017669708635934
ACH-001651	-0.3257882367153685	-0.2503683269282024	0.09823572957488433	0.08934325814279086	0.17149473298999077	0.3257882367153685	PT-aKpEm3	SKG-I	SKGI	CESC	Cervix	Cervical Squamous Cell Carcinoma	Cervical Squamous Cell Carcinoma	CESC		CVCL_2793	40.0	Adult	Female		Primary	endometrium	JCRB		IFO50308	Cell Line											Adherent	MF-004-001	F12 + 10% FBS	False						SKGI_ENDOMETRIUM		False	HMB-MDS						False	False	Cervix	0.7469752557990823
ACH-001652	0.02640521555319883	-0.015998849395701533	0.49395367284306807	0.556486959846417	0.29084474734780447	-0.02640521555319883	PT-IwYShD	SKG-II	SKGII	CESC	Cervix	Cervical Squamous Cell Carcinoma	Cervical Squamous Cell Carcinoma	CESC		CVCL_2794	50.0	Adult	Female		Primary	endometrium	JCRB		IFO50309	Cell Line											Adherent	MF-004-001	F12 + 10% FBS	False						SKGII_ENDOMETRIUM		False	HMB-MDS						False	False	Cervix	-0.060542525540947925
ACH-001653	-0.3576187029162871	-0.35610239929738174	-0.3702451625061931	0.13882522201596345	-0.25077963531849895	0.3576187029162871	PT-ZJjbcp	SK-GT-2	SKGT2	STAD	Esophagus/Stomach	Esophagogastric Adenocarcinoma	Stomach Adenocarcinoma	STAD		CVCL_2194	72.0	Adult	Male		Primary	stomach	Sigma-Aldrich		11012008	Cell Line											Adherent	MF-001-003	RPMI + 10% FBS + 2mM Glutamine	False						SKGT2_STOMACH		False	HMB-MDS		1868.0	SIDM00393	1503364.0		False	False	Esophagus/Stomach	0.8199569290244667
ACH-001654	0.07329553125588545	-0.11602161617089904	0.0078605096447244	-0.20760191321564136	0.12507468070172437	-0.07329553125588545	PT-2qao55	SK-GT-4	SKGT4	ESCA	Esophagus/Stomach	Esophagogastric Adenocarcinoma	Esophageal Adenocarcinoma	ESCA		CVCL_2195	89.0	Adult	Male		Primary	oesophagus	Sigma-Aldrich		11012007	Cell Line											Adherent	MF-001-003	RPMI + 10% FBS + 2mM Glutamine	False						SKGT4_OESOPHAGUS		False	HMB-MDS		2164.0	SIDM00483	1503365.0		False	False	Esophagus/Stomach	-0.16805379089432274
ACH-001655	-0.23624859404239862	-0.11329617653127547	0.013755899247984902	-0.1310689271823873	0.27473553577589727	0.23624859404239862	PT-yc0xLp	SKN	SKN	ULMS	Uterus	Uterine Sarcoma/Mesenchymal	Uterine Leiomyosarcoma	ULMS		CVCL_3167	52.0	Adult	Female		Primary	endometrium	JCRB		JCRB0173	Cell Line											Adherent	MF-004-001	F12 + 10% FBS	False						SKN_ENDOMETRIUM		False	HMB-MDS		791.0	SIDM00377	1240215.0		False	False	Uterus	0.5416765680252983
ACH-001656	-0.06037868572837718	-0.10158731401932306	-0.24214699101532602	0.35012149048555624	0.11112571936510862	0.06037868572837718	PT-YKJPHt	SKNO-1	SKNO1	AML	Myeloid	Acute Myeloid Leukemia	Acute Myeloid Leukemia	AML	RUNX1-RUNX1T1	CVCL_2196	22.0	Adult	Male		Metastatic	bone_marrow	DSMZ			Cell Line											Suspension	MF-001-008	RPMI + 10% FBS + 10ng/ml of human recombinant GM-CSF	False						SKNO1_HAEMATOPOIETIC_AND_LYMPHOID_TISSUE		True	Approved for public sharing - CCLE	RUNX1::RUNX1T1, TP53, MYC and KIT					False	False	Myeloid	0.138437730813991
ACH-001662	0.9882773397171807	0.013022272147271773	-0.0037333100073738998	-0.686841097757925	-0.808376215346426	-0.9882773397171807	PT-v3hnay	SNU-2372	SNU2372	BRCANOS	Breast	Invasive Breast Carcinoma	Breast Invasive Cancer, NOS	BRCANOS		CVCL_T041	55.0	Adult	Female		Primary	pleural_effusion	KCLB			Cell Line											Adherent	MF-001-005	RPMI + 10% FBS + 2mM Glutamine + 25mM HEPES + 25mM Sodium bicarbonate	False						SNU2372_BREAST		False	HMB-MDS	TNBC					False	False	Breast	-2.265946511999564
ACH-001664	-0.349675579083073	-0.33097620523751137	-0.3581809490416146	-0.14543747120201028	-0.1181359993660068	0.349675579083073	PT-k5HJNy	SNU-638	SNU638	STAD	Esophagus/Stomach	Esophagogastric Adenocarcinoma	Stomach Adenocarcinoma	STAD		CVCL_0102	48.0	Adult	Male		Metastatic	ascites	KCLB		638	Cell Line											Adherent	MF-001-005	RPMI + 10% FBS + 2mM Glutamine + 25mM HEPES + 25mM Sodium bicarbonate	False						SNU638_STOMACH		False	HMB-MDS						False	False	Esophagus/Stomach	0.8017447399749811
ACH-001667	-0.39060982916483905	0.003206166107180268	-0.19445456594192942	-0.6446270531955645	-1.3741148285638392	0.39060982916483905	PT-weZPXP	SU-CCS-1	SUCCS1	CCS	Soft Tissue	Clear Cell Sarcoma	Clear Cell Sarcoma	CCS		CVCL_B470	16.0	Pediatric	Female		Primary	pleural_effusion	ATCC		CRL-2971	Cell Line				Post-treatment							Suspension	MF-001-001	RPMI + 10% FBS	False						SUCCS1_SOFT_TISSUE		True	HMB-MDS						False	False	Soft Tissue	0.8955997920605016
ACH-001668	0.49307665296448866	0.41204580170667365	0.21105850239058327	-0.5371880119109275	0.19461194262329456	-0.49307665296448866	PT-2w1URA	SUSA	SUSA	TT	Testis	Non-Seminomatous Germ Cell Tumor	Teratoma	TT		CVCL_L280	30.0	Adult	Male		Primary	Embryonal	DSMZ		747	Cell Line											Adherent	MF-001-020	RPMI + 20% FBS	False						SUSA_TESTIS		False	HMB-MDS						False	False	Testis	-1.1305382376297737
ACH-001669	0.5637807901012881	0.6017398855429862	0.27552182308861506	-0.1878577998701263	-1.1726783512426149	-0.5637807901012881	PT-ffpEbF	TANOUE	TANOUE	BALL	Lymphoid	B-Cell Acute Lymphoblastic Leukemia	B-Cell Acute Lymphoblastic Leukemia		MYC-IGH, TP53 Met246Thr, dup(1q)	CVCL_1852	11.0	Pediatric	Male		Primary	haematopoietic_and_lymphoid_tissue	DSMZ		ACC 399	Cell Line											Suspension	MF-001-001	RPMI + 10% FBS	False						TANOUE_HAEMATOPOIETIC_AND_LYMPHOID_TISSUE		True	HMB-MDS	BCL2/MYC		SIDM00288			False	False	Lymphoid	-1.2926504165601518
ACH-001670	0.11830781093558287	0.1014810829168907	-0.04407077138370344	-0.1059127993021689	-0.46516748494297533	-0.11830781093558287	PT-SJ98Vo	TASK1	TASK1	PNET	CNS/Brain	Embryonal Tumor	Primitive Neuroectodermal Tumor	PNET		CVCL_3177	21.0	Adult	Female		Primary	central_nervous_system	JCRB		JCRB0139	Cell Line											Suspension	MF-002-001	DMEM + 10% FBS	False						TASK1_CENTRAL_NERVOUS_SYSTEM		True	HMB-MDS			SIDM00026			False	False	CNS/Brain	-0.2712590492143685
ACH-001671	0.47303714105243244	0.4539036604855772	0.29658041328792745	-0.4432667166829439	0.1639174445168266	-0.47303714105243244	PT-moKJzL	Tera-1	TERA1	EMBCA	Testis	Non-Seminomatous Germ Cell Tumor	Embryonal Carcinoma	EMBCA		CVCL_2776	47.0	Adult	Male		Metastatic	Embryonal	ATCC		HTB-105	Cell Line											Adherent	MF-023-002	McCoy's 5A + 15% FBS	False						TERA1_TESTIS		False	HMB-MDS						False	False	Testis	-1.0845911534516701
ACH-001672	-0.25952043504907774	-0.2481539457839771	-0.3054803839981934	-0.7251030284359081	0.24955015230561037	0.25952043504907774	PT-4gdieL	Tera-2	TERA2	EMBCA	Testis	Non-Seminomatous Germ Cell Tumor	Embryonal Carcinoma	EMBCA		CVCL_2777	22.0	Adult	Male		Metastatic	lung	ATCC		HTB-106	Cell Line											Adherent	MF-023-002	McCoy's 5A + 15% FBS	False						TERA2_TESTIS		False	HMB-MDS			SIDM01142			False	False	Testis	0.5950348155916987
ACH-001673	-0.041636103934924396	-0.059094617388311996	0.029269666649568166	-0.14938137157619258	0.0880389222655112	0.041636103934924396	PT-oSlXkO	TFK-1	TFK1	EHCH	Biliary Tract	Intraductal Papillary Neoplasm of the Bile Duct	Extrahepatic Cholangiocarcinoma	EHCH		CVCL_2214	63.0	Adult	Male		Primary	biliary_tract	DSMZ		ACC 344	Cell Line											Adherent	MF-001-001	RPMI + 10% FBS	False						TFK1_BILIARY_TRACT		False	HMB-MDS						False	False	Biliary Tract	0.0954642798059019
ACH-001674	-0.294892897407177	-0.31045252170400967	-0.23612566258231807	-0.2286129771125109	-0.19885362583346589	0.294892897407177	PT-o4jARg	TGW	TGW	NBL	Peripheral Nervous System	Neuroblastoma	Neuroblastoma	NBL		CVCL_1771	1.0	Pediatric	Male		Primary	autonomic_ganglia	JCRB		JCRB0618	Cell Line											Adherent	MF-015-001	EMEM + 10% FBS	False						TGW_AUTONOMIC_GANGLIA		True	HMB-MDS		1752.0	SIDM00324	910780.0		False	False	Peripheral Nervous System	0.6761376644378619
ACH-001675	0.47280852530047945	0.25736786920996346	-0.12110188128422712	0.1672096927259144	0.3406744503911912	-0.47280852530047945	PT-6uEn4i	TR146	TR146	OCSC	Head and Neck	Head and Neck Squamous Cell Carcinoma	Oral Cavity Squamous Cell Carcinoma	OCSC		CVCL_2736	67.0	Adult	Female		Primary	lymph_node	Sigma-Aldrich			Cell Line											Suspension	MF-004-003	F12 + 15% FBS + 2mM Glutamine	False						TR146_UPPER_AERODIGESTIVE_TRACT		False	HMB-MDS						False	False	Head and Neck	-1.0840669776511056
ACH-001676	-0.17663307409975715	-0.23968758844733323	-0.11569230515798098	-0.188089537231535	-0.7168857147863795	0.17663307409975715	PT-41SYJa	Ty-82	TY82	NMCHN	Head and Neck	Head and Neck Carcinoma, Other	NUT Midline Carcinoma of the Head and Neck	NMCHN		CVCL_3220	22.0	Adult	Female		Primary	Thymus	JCRB		JCRB1330	Cell Line											Suspension	MF-001-020	RPMI + 20% FBS	False						TY82_UPPER_AERODIGESTIVE_TRACT		False	HMB-MDS						False	False	Head and Neck	0.40498864243375643
ACH-001677	-0.2576024021724282	-0.29876331813931295	-0.3656721704502154	0.16174659970473132	-0.8945466484418098	0.2576024021724282	PT-PFlyLY	U-2904	U2904	DLBCLNOS	Lymphoid	Mature B-Cell Neoplasms	Diffuse Large B-Cell Lymphoma, NOS	DLBCLNOS		CVCL_X504	59.0	Adult	Male		Primary	pleural_effusion	DSMZ		ACC 768	Cell Line											Suspension	MF-001-001	RPMI + 10% FBS	False						U2904_HAEMATOPOIETIC_AND_LYMPHOID_TISSUE		False	HMB-MDS						False	False	Lymphoid	0.5906371027917793
ACH-001678	-0.2229293820906622	-0.23110382088488787	-0.36939968191139183	-0.5146805997499206	-0.7952292114210714	0.2229293820906622	PT-0uXvN6	U-2940	U2940	DLBCLNOS	Lymphoid	Mature B-Cell Neoplasms	Diffuse Large B-Cell Lymphoma, NOS	DLBCLNOS		CVCL_1897	18.0	Adult	Female		Primary	pleural_effusion	DSMZ		ACC-634	Cell Line											Suspension	MF-001-001	RPMI + 10% FBS	False						U2940_HAEMATOPOIETIC_AND_LYMPHOID_TISSUE		True	HMB-MDS						False	False	Lymphoid	0.5111379523435333
ACH-001679	-0.34043662347258763	-0.3368409492001655	-0.46452346093451236	-0.08237637541943199	-1.1374341397936236	0.34043662347258763	PT-Ea4nZo	U-2973	U2973	HGBCLMYCBCL2	Lymphoid	Mature B-Cell Neoplasms	High-Grade B-Cell Lymphoma, with MYC and BCL2 and/or BCL6 Rearrangements	HGBCLMYCBCL2		CVCL_1898	42.0	Adult	Male		Primary	haematopoietic_and_lymphoid_tissue	DSMZ			Cell Line											Suspension	MF-001-020	RPMI + 20% FBS	False						U2973_HAEMATOPOIETIC_AND_LYMPHOID_TISSUE		False	HMB-MDS						False	False	Lymphoid	0.780561436059413
ACH-001680	-0.03213395281180157	-0.047513749743272445	-0.19816153396701408	-0.25070315787847935	-1.2428846590319202	0.03213395281180157	PT-05hA76	U-698-M	U698M	NHL	Lymphoid	Non-Hodgkin Lymphoma	Non-Hodgkin Lymphoma	NHL	dup(1)	CVCL_0017	7.0	Pediatric	Male		Metastatic	upper_aerodigestive_tract	DSMZ			Cell Line											Suspension	MF-001-001	RPMI + 10% FBS	False						U698M_HAEMATOPOIETIC_AND_LYMPHOID_TISSUE		True	HMB-MDS		548.0	SIDM00424	909777.0		False	False	Lymphoid	0.07367751476675345
ACH-001683	0.7954168500044348	0.28114249928363827	0.5544017162912563	-0.6509556326995599	-0.6259591620922805	-0.7954168500044348	PT-toAH2F	ACC-3133	UACC3133	ILC	Breast	Invasive Breast Carcinoma	Breast Invasive Lobular Carcinoma	ILC		CVCL_B221	52.0	Adult	Female		Primary	breast	ATCC		CRL-2988	Cell Line				Pre-treatment							Adherent	MF-021-005	L-15 + 5% FBS + 10ug/ml transferrin + 10ug/ml insulin + 5ug/ml (55 U/ml) catalase + 3.6ug/ml (0.01 mM) hydrocortisone + 2mM Glutamine	False						UACC3133_BREAST		False	HMB-MDS	ER+, HER2+					False	False	Breast	-1.8237512532352727
ACH-001684	-0.3301998795217501	-0.37456636819593214	-0.3657764243129473	0.24417216343351278	-0.3431236476403304	0.3301998795217501	PT-zJs1xk	UCSD-AML1	UCSDAML1	AMLNOS	Myeloid	Acute Myeloid Leukemia	AML, NOS	AMLNOS	ETV6-MN1 (TEL-MN1), GATA2 enhencer-MECOM	CVCL_1853	73.0	Adult	Female		Metastatic	bone_marrow	DSMZ			Cell Line											Suspension	MF-001-020	RPMI + 20% FBS	False						UCSDAML1_HAEMATOPOIETIC_AND_LYMPHOID_TISSUE		True	HMB-MDS	ETV6::MN1, PTPN11, KIT and CCND3					False	False	Myeloid	0.7570903785764285
ACH-001685	-0.26900162567406305	-0.24962787691071617	-0.4313587201597993	-0.36873544339442504	0.13578359604788695	0.26900162567406305	PT-A1mKo8	U-HO1	UHO1	HL	Lymphoid	Hodgkin Lymphoma	Hodgkin Lymphoma	HL		CVCL_2220	23.0	Adult	Male		Primary	pleural_effusion	DSMZ			Cell Line											Suspension	MF-012-001	IMDM:RPMI (4:1) + 20% FBS + 2mM Glutamine	False						UHO1_HAEMATOPOIETIC_AND_LYMPHOID_TISSUE		False	HMB-MDS						False	False	Lymphoid	0.6167735218868734
ACH-001686	-0.3441867885855139	-0.34708907284350293	-0.42270650839000007	0.11883285825282863	-1.0792115591093046	0.3441867885855139	PT-ccChqb	ULA	ULA	DLBCLNOS	Lymphoid	Mature B-Cell Neoplasms	Diffuse Large B-Cell Lymphoma, NOS	DLBCLNOS		CVCL_1854	57.0	Adult	Male		Primary	ascites	DSMZ		ACC-627	Cell Line											Suspension	MF-030-001	IMDM:Opti-MEM (1:1) + 20% FBS	False						ULA_HAEMATOPOIETIC_AND_LYMPHOID_TISSUE		False	HMB-MDS						False	False	Lymphoid	0.7891599065651614
ACH-001687	0.30419294015739706	0.15283826093351516	0.42767211281612344	0.5424071981523293	-0.6939678316715209	-0.30419294015739706	PT-V3AbhR	UM-RC-3	UMRC3	CCRCC	Kidney	Renal Cell Carcinoma	Renal Clear Cell Carcinoma	CCRCC		CVCL_2740		Unknown	Unknown		Primary	kidney	Sigma-Aldrich		8090512	Cell Line											Adherent	MF-015-002	EMEM + 10% FBS + 2mM Glutamine + 100uM NEAA	False						UMRC3_KIDNEY		False	HMB-MDS						False	False	Kidney	-0.6974610304449573
ACH-001688	-0.03373487418043197	-0.28377024323832883	-0.007040436043876065	0.07433859323542114	0.011509801737088234	0.03373487418043197	PT-tocbjR	UM-RC-7	UMRC7	RCC	Kidney	Renal Cell Carcinoma	Renal Cell Carcinoma	RCC		CVCL_2742		Unknown	Male		Primary	kidney	Sigma-Aldrich		8090514	Cell Line											Adherent	MF-015-002	EMEM + 10% FBS + 2mM Glutamine + 100uM NEAA	False						UMRC7_KIDNEY		False	HMB-MDS						False	False	Kidney	0.0773481465271374
ACH-001690	-0.05789339708104474	-0.016261216198994774	-0.26933743788348447	-0.467570648351871	-0.68528269685566	0.05789339708104474	PT-uLUnir	UPCI-SCC-026	UPCISCC026	OCSC	Head and Neck	Head and Neck Squamous Cell Carcinoma	Oral Cavity Squamous Cell Carcinoma	OCSC		CVCL_2221	82.0	Adult	Female		Primary	upper_aerodigestive_tract	DSMZ			Cell Line											Adherent	MF-006-005	MEM + 20% FBS + 2mM Glutamine + 100uM NEAA	False						UPCISCC026_UPPER_AERODIGESTIVE_TRACT		False	HMB-MDS						False	False	Head and Neck	0.1327394000768452
ACH-001691	0.154058582577916	0.2266283404600685	0.32000760651770754	0.10275892183092339	-0.3867357636387351	-0.154058582577916	PT-km3C7x	UPCI-SCC-029A	UPCISCC029A	OCSC	Head and Neck	Head and Neck Squamous Cell Carcinoma	Oral Cavity Squamous Cell Carcinoma	OCSC		CVCL_1855	84.0	Adult	Male		Primary	upper_aerodigestive_tract	DSMZ			Cell Line											Adherent	MF-006-005	MEM + 20% FBS + 2mM Glutamine + 100uM NEAA	False						UPCISCC029A_UPPER_AERODIGESTIVE_TRACT		False	HMB-MDS						False	False	Head and Neck	-0.3532292948616282
ACH-001692	1.181335507199529	1.1863742232162342	0.17207890038169463	0.43348726078606464	-0.10101257664159781	-1.181335507199529	PT-pvMW8r	UPCI-SCC-040	UPCISCC040	OCSC	Head and Neck	Head and Neck Squamous Cell Carcinoma	Oral Cavity Squamous Cell Carcinoma	OCSC		CVCL_2222	50.0	Adult	Male		Primary	upper_aerodigestive_tract	DSMZ			Cell Line											Adherent	MF-006-002	MEM + 10% FBS + 2mM Glutamine + 100uM NEAA	False						UPCISCC040_UPPER_AERODIGESTIVE_TRACT		False	HMB-MDS						False	False	Head and Neck	-2.708595011200046
ACH-001693	0.006248098405360822	-0.08739553748777232	0.26689314049496504	0.4220645637440429	-0.35171301606155525	-0.006248098405360822	PT-jDjx83	UPCI-SCC-072	UPCISCC072	OCSC	Head and Neck	Head and Neck Squamous Cell Carcinoma	Oral Cavity Squamous Cell Carcinoma	OCSC		CVCL_2223	61.0	Adult	Female		Primary	upper_aerodigestive_tract	DSMZ		ACC 677	Cell Line											Adherent	MF-006-005	MEM + 20% FBS + 2mM Glutamine + 100uM NEAA	False						UPCISCC072_UPPER_AERODIGESTIVE_TRACT		False	HMB-MDS						False	False	Head and Neck	-0.014325793195166204
ACH-001694	1.0691493775668934	1.0666262313842885	-0.1911362273448693	-0.2055064063849306	-0.3027812765237053	-1.0691493775668934	PT-GgnlK1	UPCI-SCC-074	UPCISCC074	OCSC	Head and Neck	Head and Neck Squamous Cell Carcinoma	Oral Cavity Squamous Cell Carcinoma	OCSC		CVCL_2224	51.0	Adult	Female		Primary	upper_aerodigestive_tract	DSMZ			Cell Line											Adherent	MF-006-002	MEM + 10% FBS + 2mM Glutamine + 100uM NEAA	False						UPCISCC074_UPPER_AERODIGESTIVE_TRACT		False	HMB-MDS						False	False	Head and Neck	-2.4513719029493304
ACH-001695	0.7906406590005539	0.8311048992474857	0.2210130310781074	0.23356619570243448	-0.30449841954828744	-0.7906406590005539	PT-Rb8OWd	UPCI-SCC-099	UPCISCC099	OCSC	Head and Neck	Head and Neck Squamous Cell Carcinoma	Oral Cavity Squamous Cell Carcinoma	OCSC		CVCL_2225	52.0	Adult	Male		Primary	upper_aerodigestive_tract	DSMZ		ACC-665	Cell Line											Adherent	MF-006-002	MEM + 10% FBS + 2mM Glutamine + 100uM NEAA	False						UPCISCC099_UPPER_AERODIGESTIVE_TRACT		False	HMB-MDS						False	False	Head and Neck	-1.8128002854138463
ACH-001696	-0.15626314532787863	-0.1400019650805546	-0.3362038125779868	-0.6284085294903348	-0.7532707718009549	0.15626314532787863	PT-YWwuRp	UPCI-SCC-111	UPCISCC111	OCSC	Head and Neck	Head and Neck Squamous Cell Carcinoma	Oral Cavity Squamous Cell Carcinoma	OCSC		CVCL_2226	69.0	Adult	Female		Primary	upper_aerodigestive_tract	DSMZ		ACC 666	Cell Line											Adherent	MF-006-005	MEM + 20% FBS + 2mM Glutamine + 100uM NEAA	False						UPCISCC111_UPPER_AERODIGESTIVE_TRACT		False	HMB-MDS						False	False	Head and Neck	0.35828397037932413
ACH-001697	1.143869982507773	0.8241841560323093	0.6346547221693613	0.9176847661089947	-0.24130739628374595	-1.143869982507773	PT-rleiVd	UPCI-SCC-114	UPCISCC114	OCSC	Head and Neck	Head and Neck Squamous Cell Carcinoma	Oral Cavity Squamous Cell Carcinoma	OCSC		CVCL_2227	71.0	Adult	Male		Primary	upper_aerodigestive_tract	DSMZ		ACC-662	Cell Line											Adherent	MF-006-002	MEM + 10% FBS + 2mM Glutamine + 100uM NEAA	False						UPCISCC114_UPPER_AERODIGESTIVE_TRACT		False	HMB-MDS						False	False	Head and Neck	-2.6226931377241116
ACH-001698	-0.2186602213240982	-0.1942427521781928	-0.2790302844459002	-0.31071323627607217	-1.0454279807886364	0.2186602213240982	PT-sxiEGA	UPCI-SCC-116	UPCISCC116	OCSC	Head and Neck	Head and Neck Squamous Cell Carcinoma	Oral Cavity Squamous Cell Carcinoma	OCSC		CVCL_2228	57.0	Adult	Male		Primary	upper_aerodigestive_tract	DSMZ		ACC 663	Cell Line											Adherent	MF-006-002	MEM + 10% FBS + 2mM Glutamine + 100uM NEAA	False						UPCISCC116_UPPER_AERODIGESTIVE_TRACT		False	HMB-MDS						False	False	Head and Neck	0.5013495158800104
ACH-001699	0.31338043524584375	0.3556106680691572	0.13132718010108327	0.37146010886849057	-0.1537035164843416	-0.31338043524584375	PT-uhmv08	UPCI-SCC-131	UPCISCC131	OCSC	Head and Neck	Head and Neck Squamous Cell Carcinoma	Oral Cavity Squamous Cell Carcinoma	OCSC		CVCL_2229	73.0	Adult	Male		Primary	upper_aerodigestive_tract	DSMZ		668	Cell Line											Adherent	MF-006-002	MEM + 10% FBS + 2mM Glutamine + 100uM NEAA	False						UPCISCC131_UPPER_AERODIGESTIVE_TRACT		False	HMB-MDS						False	False	Head and Neck	-0.7185263444140468
ACH-001700	-0.36753653648873713	-0.36299917231646717	0.19412511436969807	0.0798821245002275	0.04488101981537435	0.36753653648873713	PT-XOtBvB	UPCI-SCC-172	UPCISCC172	OPHSC	Head and Neck	Head and Neck Squamous Cell Carcinoma	Oropharynx Squamous Cell Carcinoma	OPHSC		CVCL_2231	68.0	Adult	Male		Primary	upper_aerodigestive_tract	DSMZ		ACC-661	Cell Line											Adherent	MF-006-002	MEM + 10% FBS + 2mM Glutamine + 100uM NEAA	False						UPCISCC172_UPPER_AERODIGESTIVE_TRACT		False	HMB-MDS						False	False	Head and Neck	0.842696780973836
ACH-001701	0.013073660268707064	0.03404451877067782	-0.24765415351788425	-0.46652333521167594	0.010194575527814055	-0.013073660268707064	PT-CvPqts	UPCI-SCC-200	UPCISCC200	OCSC	Head and Neck	Head and Neck Squamous Cell Carcinoma	Oral Cavity Squamous Cell Carcinoma	OCSC		CVCL_2232	74.0	Adult	Male		Primary	upper_aerodigestive_tract	DSMZ		672	Cell Line											Adherent	MF-006-005	MEM + 20% FBS + 2mM Glutamine + 100uM NEAA	False						UPCISCC200_UPPER_AERODIGESTIVE_TRACT		False	HMB-MDS						False	False	Head and Neck	-0.029975608763246248
ACH-001702	-0.3386355460702837	-0.3425093285614995	0.23168963294541875	1.3923531615345184	0.09599908473791682	0.3386355460702837	PT-vslXtO	VA-ES-BJ	VAESBJ	EPIS	Soft Tissue	Epithelioid Sarcoma	Epithelioid Sarcoma	EPIS		CVCL_1785	41.0	Adult	Male		Metastatic	bone_marrow	ATCC		CRL-2138	Cell Line											Adherent	MF-002-002	DMEM + 10% FBS + 100uM NEAA	False						VAESBJ_SOFT_TISSUE		False	HMB-MDS		1004.0	SIDM01179	688121.0		False	False	Soft Tissue	0.7764318816382221
ACH-001703	-0.11466862563487004	-0.14082564274534087	-0.289546085974254	-0.376603631255321	-0.9426760282504516	0.11466862563487004	PT-jXERAO	VAL	VAL	DLBCLNOS	Lymphoid	Mature B-Cell Neoplasms	Diffuse Large B-Cell Lymphoma, NOS	DLBCLNOS		CVCL_1819	50.0	Adult	Female		Metastatic	bone_marrow	DSMZ		ACC 586	Cell Line											Suspension	MF-001-001	RPMI + 10% FBS	False						VAL_HAEMATOPOIETIC_AND_LYMPHOID_TISSUE		False	HMB-MDS		2221.0	SIDM00416	1331048.0		False	False	Lymphoid	0.2629150359427193
ACH-001704	-0.3448186910853895	-0.3365213076115284	-0.36504388352256856	-0.6046650356164459	-0.017587944069979464	0.3448186910853895	PT-KL4Kmo	VMRC-MELG	VMRCMELG	MEL	Skin	Melanoma	Melanoma	MEL		CVCL_1789		Unknown	Male		Primary	Colon	JCRB		JCRB0074	Cell Line											Adherent	MF-015-004	EMEM + 10% FBS + 100uM NEAA	False						VMRCMELG_SKIN		False	HMB-MDS		158.0	SIDM00319	930301.0		False	False	Skin	0.7906087481078873
ACH-001705	-0.2923660620017343	-0.2987248163924781	-0.28765276701607867	-0.2615169796582957	-0.2596387965145895	0.2923660620017343	PT-vA9Pcv	VP267	VP267	IDC	Breast	Invasive Breast Carcinoma	Breast Invasive Ductal Carcinoma	IDC		CVCL_2755	48.0	Adult	Female		Recurrent	breast	Sigma-Aldrich		5092805	Cell Line				Post-treatment	Hormone therapy	Tamoxifen			3		Adherent	MF-017-001	MEBM + 2% FBS + 2mM Glutamine + MEGM SingleQuot + 10ng/ml EGF	False						VP267_BREAST		False	HMB-MDS	ER-, PR-					False	False	Breast	0.6703440742752075
ACH-001707	-0.3307739905171445	-0.34353666935008137	-0.3920206628186191	-0.3359696684359781	-1.0799242339598425	0.3307739905171445	PT-XqTlID	WA-OSEL	WAOSEL	CLLSLL	Lymphoid	Mature B-Cell Neoplasms	Chronic Lymphocytic Leukemia/Small Lymphocytic Lymphoma	CLLSLL		CVCL_Y549		Unknown	Male		Primary	haematopoietic_and_lymphoid_tissue	DSMZ		ACC 767	Cell Line							1	Rai			Adherent	MF-001-001	RPMI + 10% FBS	False						WAOSEL_HAEMATOPOIETIC_AND_LYMPHOID_TISSUE		False	HMB-MDS						False	False	Lymphoid	0.7584067143409284
ACH-001708	-0.1343937922633354	-0.1326259188265135	-0.2989251107009791	-0.12351401527552569	-0.8645695598219137	0.1343937922633354	PT-W7OD6X	WSU-FSCCL	WSUFSCCL	FL	Lymphoid	Mature B-Cell Neoplasms	Follicular Lymphoma	FL		CVCL_1903	37.0	Adult	Male		Primary	haematopoietic_and_lymphoid_tissue	DSMZ		ACC-612	Cell Line											Suspension	MF-001-001	RPMI + 10% FBS	False						WSUFSCCL_HAEMATOPOIETIC_AND_LYMPHOID_TISSUE		False	HMB-MDS						False	False	Lymphoid	0.3081413815484702
ACH-001709	-0.2654024181439066	-0.3052162191522649	-0.349531353866593	0.13837875733600058	-0.756108789926748	0.2654024181439066	PT-scpPOF	WSU-NHL	WSUNHL	DLBCLNOS	Lymphoid	Mature B-Cell Neoplasms	Diffuse Large B-Cell Lymphoma, NOS	DLBCLNOS		CVCL_1793	48.0	Adult	Female		Primary	pleural_effusion	DSMZ			Cell Line											Mixed	MF-001-001	RPMI + 10% FBS	False						WSUNHL_HAEMATOPOIETIC_AND_LYMPHOID_TISSUE		False	HMB-MDS		601.0	SIDM00412	909785.0		False	False	Lymphoid	0.6085211706276059
ACH-001711	0.22963993346795486	0.13073104959222845	0.2767996641161406	-0.6848129941926591	0.2997161224845571	-0.22963993346795486	PT-lzKK9W	PFSK-1	PFSK1	PNET	CNS/Brain	Embryonal Tumor	Primitive Neuroectodermal Tumor	PNET		CVCL_1642	1.0	Pediatric	Male		Primary	central_nervous_system	ATCC		CRL-2060	Cell Line											Adherent	MF-001-001	RPMI + 10% FBS	False						PFSK1_CENTRAL_NERVOUS_SYSTEM		True	HMB-MDS		1682.0	SIDM01132	683667.0		False	False	CNS/Brain	-0.5265240690497218
ACH-001712	-0.3364879589775685	-0.3170074629558395	-0.24686672838120374	0.00880132978500528	-0.35689246610505443	0.3364879589775685	PT-O6FqYe	Hs 860.T	HS860T	OS	Bone	Osteosarcoma	Osteosarcoma	OS		CVCL_0957	22.0	Adult	Male		Primary	bone	Dana-Farber Cancer Institute	Kim Stegmaier		Cell Line											Adherent	MF-002-001	DMEM + 10% FBS	False						HS860T_BONE		True	In Progress						False	False	Bone	0.7715078413042143
ACH-001715	-0.19694529797971805	-0.21505629383080951	-0.28832405601409117	-0.20413349167967898	0.21434694683971417	0.19694529797971805	PT-fcGStb	CAL-72	CAL72	OS	Bone	Osteosarcoma	Osteosarcoma	OS		CVCL_1113	10.0	Pediatric	Male		Primary	bone	DSMZ		ACC 439	Cell Line											Adherent	MF-002-005	DMEM + 10% FBS + 2mM Glutamine + 1X Insulin-Transferrin-Selenium	False						CAL72_BONE		True	HMB-MDS		550.0	SIDM00930	906827.0		False	False	Bone	0.45156100729737175
ACH-001716	-0.19453537165618684	-0.14893064719935714	-0.20552387405259173	-0.4216725481359864	-0.05244678751817996	0.19453537165618684	PT-v9NPqN	GOTO	GOTO	NBL	Peripheral Nervous System	Neuroblastoma	Neuroblastoma	NBL		CVCL_1234	1.0	Pediatric	Male	unknown	Primary	Adrenal Gland	JCRB		JCRB0612	Cell Line				Unknown							Adherent	MF-041-001	RPMI:EMEM (1:1) + 10% FBS	False						GOTO_AUTONOMIC_GANGLIA		True	HMB-MDS		1009.0	SIDM00544	906875.0		False	False	Peripheral Nervous System	0.44603546914373543
ACH-001719	-0.17152857170415392	-0.2391896447933263	0.4650691416160956	1.3709977246025964	0.16612010986692508	0.17152857170415392	PT-l7kiMr	OCI-C4P	OCIC4P	CCOV	Ovary/Fallopian Tube	Ovarian Epithelial Tumor	Clear Cell Ovarian Cancer	CCOV		CVCL_DH05		Unknown	Female		Primary	ovary	University of Miami	Tan Ince	TCELL-0643	Cell Line											Adherent	MF-035-001	OCMI-L	False						OCIC4P_OVARY		False	HMB-MDS						False	False	Ovary/Fallopian Tube	0.39328491420487627
ACH-001735	-0.32177081429021154	-0.31034503606627584	-0.3601519975124204	0.21589386406270328	-0.7469493568449056	0.32177081429021154	PT-IjgcRg	SEMK2	SEMK2	BALL	Lymphoid	B-Cell Acute Lymphoblastic Leukemia	B-Cell Acute Lymphoblastic Leukemia		KMT2A-AFF1, CDKN2A His83Tyr, TP53 Arg248Gln	CVCL_S906	5.0	Pediatric	Female		Primary	haematopoietic_and_lymphoid_tissue	Dana-Farber Cancer Institute	Yana Pikman		Cell Line											Suspension	MF-001-001	RPMI + 10% FBS	False						SEMK2_HAEMATOPOIETIC_AND_LYMPHOID_TISSUE		True	HMB-MDS	KMT2A::AFF1					False	False	Lymphoid	0.7377640111760715
ACH-001736	-0.1745217514310477	-0.1433295786023544	-0.3221885109652317	0.007496862089657219	-0.6368315723686945	0.1745217514310477	PT-PmkoYV	HB11;19	HB1119	BALL	Lymphoid	B-Cell Acute Lymphoblastic Leukemia	B-Cell Acute Lymphoblastic Leukemia		KMT2A::MLLT1	CVCL_8227		Pediatric	Unknown		Primary	haematopoietic_and_lymphoid_tissue	Stanford Medicine	Michael Cleary		Cell Line											Suspension	MF-001-001	RPMI + 10% FBS	False						HB1119_HAEMATOPOIETIC_AND_LYMPHOID_TISSUE		True	HMB-MDS	ETV6::RUNX1					False	False	Lymphoid	0.40014775006012687
ACH-001737	-0.20113279284457627	-0.22938816344335625	-0.27643843128916956	0.3761607966349248	0.440552036926558	0.20113279284457627	PT-KaownI	CCRF-HSB-2-DM	CCRFHSB2DM	TALL	Lymphoid	T-Lymphoblastic Leukemia/Lymphoma	T-Cell Acute Lymphoblastic Leukemia		TAL1-TRB			Pediatric	Male		Primary	haematopoietic_and_lymphoid_tissue	Dana-Farber Cancer Institute	Kim Stegmaier		Cell Line											Suspension	MF-001-001	RPMI + 10% FBS	False					Originally thought to be CTV1-DM. Upon DSMZ investigation CTV1 is a contaminated cell line. This cell line has been updated to CCRF-HSB-2.	CTV1DM_HAEMATOPOIETIC_AND_LYMPHOID_TISSUE		True	HMB-MDS	TAL1					False	False	Lymphoid	0.46116219817943427
ACH-001740	-0.20227814442580264	-0.1669652613630053	-0.12134831088035081	-0.5733763095803461	-0.40300764197946937	0.20227814442580264	PT-vvfjiZ	RH28	RH28	ARMS	Soft Tissue	Rhabdomyosarcoma	Alveolar Rhabdomyosarcoma	ARMS		CVCL_8752	17.0	Pediatric	Male		Metastatic	lymph_node	University Hospital Zurich	Beat Schaefer		Cell Line											Adherent	MF-002-001	DMEM + 10% FBS	False						RH28_SOFT_TISSUE		True	In Progress						False	False	Soft Tissue	0.46378828836302155
ACH-001743	-0.14232042533326142	0.14285080741322626	-0.12148947899329898	-0.3203218634331453	-0.29944941372731954	0.14232042533326142	PT-PIWzVv	RC2	RC2	ARMS	Soft Tissue	Rhabdomyosarcoma	Alveolar Rhabdomyosarcoma	ARMS		CVCL_L510	3.0	Pediatric	Male		Metastatic	soft_tissue	University Hospital Zurich	Beat Schaefer		Cell Line											Adherent	MF-002-001	DMEM + 10% FBS	False						RC2_SOFT_TISSUE		True	In Progress	PAX3::FKHR					False	False	Soft Tissue	0.32631576017162
ACH-001745	-0.2932814881033349	-0.0012443185281888758	-0.39117044925981204	-0.6797273478684369	-0.04762869090505089	0.2932814881033349	PT-s7RWi4	RhJT	RHJT	ARMS	Soft Tissue	Rhabdomyosarcoma	Alveolar Rhabdomyosarcoma	ARMS		CVCL_VU81		Pediatric	Male			soft_tissue	University Hospital Zurich	Beat Schaefer		Cell Line											Adherent	MF-002-001	DMEM + 10% FBS	False						RHJT_SOFT_TISSUE		True	In Progress						False	False	Soft Tissue	0.6724429856825141
ACH-001750	-0.12306795536133479	-0.14247118349575336	0.10564952872703265	0.43639238280024584	-0.07851345105422596	0.12306795536133479	PT-Hk36HO	TTC442	TTC442	ERMS	Soft Tissue	Rhabdomyosarcoma	Embryonal Rhabdomyosarcoma	ERMS		CVCL_B255	10.0	Pediatric	Male			soft_tissue	University Hospital Zurich	Beat Schaefer		Cell Line											Adherent	MF-001-017	RPMI + 15% FBS	False						TTC442_SOFT_TISSUE		True	HMB-MDS						False	False	Soft Tissue	0.28217322504808084
ACH-001751	-0.17210553339502055	0.16331412074842458	-0.28873648421436804	-0.4711886999407138	-0.6570682730021528	0.17210553339502055	PT-dYlXmf	Rh36	RH36	ERMS	Soft Tissue	Rhabdomyosarcoma	Embryonal Rhabdomyosarcoma	ERMS		CVCL_M599	15.0	Pediatric	Male			soft_tissue	University Hospital Zurich	Beat Schaefer		Cell Line											Adherent	MF-002-001	DMEM + 10% FBS	False						RH36_SOFT_TISSUE		True	HMB-MDS						False	False	Soft Tissue	0.39460778611383934
ACH-001756	-0.3524091400537746	0.3550944169476304	-0.47372092353358486	-0.4295958545170181	-0.42467862745138046	0.3524091400537746	PT-TG4t9c	RD/pcDNA #1	RDPCDNA1	ERMS	Soft Tissue	Rhabdomyosarcoma	Embryonal Rhabdomyosarcoma	ERMS			7.0	Pediatric	Female		Primary	soft_tissue	Dana-Farber Cancer Institute	A. Thomas Look		Cell Line											Adherent	MF-002-001	DMEM + 10% FBS	False						RDPCDNA1_ENGINEERED		True							False	False	Soft Tissue	0.8080123155815128
ACH-001758	-0.3802836238443411	0.34120447333610987	-0.49868177045351153	-0.436039317455514	-0.4010461356700075	0.3802836238443411	PT-TG4t9c	RD/P3F #7	RDP3F7	ERMS	Soft Tissue	Rhabdomyosarcoma	Embryonal Rhabdomyosarcoma	ERMS			7.0	Pediatric	Female		Primary	soft_tissue	The Hospital for Sick Children (SickKids)			Cell Line											Adherent	MF-002-007	DMEM + 10% FBS + G408	False						RDP3F7_ENGINEERED		True							False	False	Soft Tissue	0.8719236153560254
ACH-001759	-0.36822671388887374	0.5546253034123748	-0.4983722778885963	-0.4254478507282803	-0.4130355024731481	0.36822671388887374	PT-TG4t9c	RD/P3F #9	RDP3F9	ERMS	Soft Tissue	Rhabdomyosarcoma	Embryonal Rhabdomyosarcoma	ERMS			7.0	Pediatric	Female		Primary	soft_tissue	The Hospital for Sick Children (SickKids)			Cell Line											Adherent	MF-002-007	DMEM + 10% FBS + G408	False						RDP3F9_ENGINEERED		True							False	False	Soft Tissue	0.8442792366364824
ACH-001760	-0.3723080193642083	0.46125960019967077	-0.49498379611503235	-0.3828226329492686	-0.2904052649036347	0.3723080193642083	PT-TG4t9c	RD/P3F #14	RDP3F14	ERMS	Soft Tissue	Rhabdomyosarcoma	Embryonal Rhabdomyosarcoma	ERMS			7.0	Pediatric	Female	caucasian	Primary	soft_tissue	The Hospital for Sick Children (SickKids)			Cell Line											Adherent	MF-002-007	DMEM + 10% FBS + G408	False						RDP3F14_ENGINEERED		True							False	False	Soft Tissue	0.8536369538830254
ACH-001765	-0.17316646534916727	0.056103098284976845	-0.1871466996840918	-0.2688091642226363	-0.30038654538083776	0.17316646534916727	PT-BN67ox	Rh4	RH4	ARMS	Soft Tissue	Rhabdomyosarcoma	Alveolar Rhabdomyosarcoma	ARMS		CVCL_5916	7.0	Pediatric	Female		Metastatic	liver	The Research Institute at Nationwide Children's Hospital	Peter Houghton		Cell Line											Adherent	MF-002-001	DMEM + 10% FBS	False						RH4_SOFT_TISSUE		True	HMB-MDS						False	False	Soft Tissue	0.39704031690692176
ACH-001786	-0.1913966888879727	-0.17249417390398594	-0.2566303420682595	-0.24447731390575056	0.13107466222741784	0.1913966888879727	PT-LbUj3S	SNU-1544	SNU1544	COAD	Bowel	Colorectal Adenocarcinoma	Colon Adenocarcinoma	COAD		CVCL_5027	38.0	Adult	Female		Primary	large_intestine	KCLB		1544	Cell Line											Adherent	MF-001-005	RPMI + 10% FBS + 2mM Glutamine + 25mM HEPES + 25mM Sodium bicarbonate	False						SNU1544_LARGE_INTESTINE		False	HMB-MDS						False	False	Bowel	0.43883902034835653
ACH-001791	0.06680091928321366	0.08299132177803237	0.14054207234716318	0.26333554878608156	0.16342989790608758	-0.06680091928321366	PT-lRwItD	LPS6	LPS6	LIPO	Soft Tissue	Liposarcoma	Liposarcoma	LIPO		CVCL_A1VR		Unknown	Unknown			soft_tissue	Dana-Farber Cancer Institute	Peter Sicinska		Cell Line											Adherent	MF-007-002	DMEM:F12 + 10% FBS + 2mM Glutamine	False						LPS6_SOFT_TISSUE		False	In Progress						False	False	Soft Tissue	-0.15316278534877648
ACH-001793	-0.07552377722889342	-0.1408127932264424	0.22724867316608263	0.617038519235928	-0.045292525451930445	0.07552377722889342	PT-TTxLCZ	LPS27	LPS27	LIPO	Soft Tissue	Liposarcoma	Liposarcoma	LIPO		CVCL_A1VQ		Unknown	Unknown			soft_tissue	Dana-Farber Cancer Institute			Cell Line											Adherent	MF-007-002	DMEM:F12 + 10% FBS + 2mM Glutamine	False						LPS27_SOFT_TISSUE		False	In Progress						False	False	Soft Tissue	0.17316276788640825
ACH-001794	-0.25834491549205857	-0.3214373073263712	-0.07803970424981412	-0.1838958755703136	0.5018006803490157	0.25834491549205857	PT-jDDO2a	93T449	93T449	WDLS	Soft Tissue	Liposarcoma	Well-Differentiated Liposarcoma	WDLS		CVCL_U614	68.0	Adult	Female	caucasian	Primary	soft_tissue	ATCC		CRL-3043	Cell Line											Adherent	MF-001-001	RPMI + 10% FBS	False						93T449_SOFT_TISSUE		False	HMB-MDS						False	False	Soft Tissue	0.5923395555336495
ACH-001795	-0.23836726635897335	-0.28393384389934856	0.4111697394577083	1.5740610759024456	0.5229757594482918	0.23836726635897335	PT-jDDO2a	94T778	94T778	WDLS	Soft Tissue	Liposarcoma	Well-Differentiated Liposarcoma	WDLS		CVCL_U613	69.0	Adult	Female			soft_tissue	Laboratory of Solid Tumors Genetics, University Hospital of Nice-Côte d'Azur University	Florence Pedeutour		Cell Line											Adherent	MF-001-001	RPMI + 10% FBS	False						94T778_SOFT_TISSUE		False	HMB-MDS						False	False	Soft Tissue	0.546534311851729
ACH-001796	-0.1952878424407571	-0.18464609210491892	-0.18987841133977992	-0.4499761623971625	0.21135490099977525	0.1952878424407571	PT-7RM5sK	95T1000	95T1000	WDLS	Soft Tissue	Liposarcoma	Well-Differentiated Liposarcoma	WDLS		CVCL_WU67	48.0	Adult	Male			soft_tissue	Laboratory of Solid Tumors Genetics, University Hospital of Nice-Côte d'Azur University	Florence Pedeutour		Cell Line											Adherent	MF-001-001	RPMI + 10% FBS	False						95T1000_SOFT_TISSUE		False	HMB-MDS						False	False	Soft Tissue	0.4477607526053258
ACH-001799	0.1763216146891391	0.1578091976673058	0.3141680253697588	0.22851347305661218	-0.0774954039069979	-0.1763216146891391	PT-VjYY7b	LPS141	LPS141	DDLS	Soft Tissue	Liposarcoma	Dedifferentiated Liposarcoma	DDLS		CVCL_M823		Unknown	Male			soft_tissue	Brigham and Women's Hospital	Adrian Marino-Enriquez		Cell Line											Adherent	MF-001-018	RPMI + 15% FBS + 2mM Glutamine	False						LPS141_SOFT_TISSUE		False	HMB-MDS					ACH-001117	False	False	Soft Tissue	-0.40427452066170255
ACH-001802	-0.2686626879625773	-0.23491820459819626	-0.18290736385951648	-0.2504470790013133	-0.458993354237857	0.2686626879625773	PT-JmLeEs	LPS853	LPS853	DDLS	Soft Tissue	Liposarcoma	Dedifferentiated Liposarcoma	DDLS		CVCL_V415		Unknown	Unknown			soft_tissue	Brigham and Women's Hospital	Adrian Marino-Enriquez		Cell Line											Adherent	MF-004-003	F12 + 15% FBS + 2mM Glutamine	False						LPS853_SOFT_TISSUE		False	In Progress						False	False	Soft Tissue	0.6159963971929631
ACH-001804	-0.2657587014955546	-0.2952926048869019	0.011032018334325853	-0.13752505434067286	-0.006763090367037213	0.2657587014955546	PT-0lPf2W	LPS510	LPS510	DDLS	Soft Tissue	Liposarcoma	Dedifferentiated Liposarcoma	DDLS		CVCL_V414		Unknown	Unknown			soft_tissue	Brigham and Women's Hospital	Adrian Marino-Enriquez		Cell Line											Suspension	MF-004-003	F12 + 15% FBS + 2mM Glutamine	False						LPS510_SOFT_TISSUE		False	HMB-MDS						False	False	Soft Tissue	0.6093380658305064
ACH-001807	-0.186071201916851	-0.16284818801770662	-0.1912810431380204	-0.2993322713060719	-0.08625094348952315	0.186071201916851	PT-cIt896	LPS067	LPS067	DDLS	Soft Tissue	Liposarcoma	Dedifferentiated Liposarcoma	DDLS		CVCL_A1UY		Unknown	Male		Primary	soft_tissue	Brigham and Women's Hospital	Adrian Marino-Enriquez		Cell Line											Adherent	MF-004-003	F12 + 15% FBS + 2mM Glutamine	False						LPS067_SOFT_TISSUE		False	In Progress						False	False	Soft Tissue	0.42662861326731827
ACH-001813	-0.24254749467753517	-0.19260667035151668	0.12396620526888026	0.6270378369645264	-0.38648700373170514	0.24254749467753517	PT-0lpZdv	C242	C242	OS	Bone	Osteosarcoma	Osteosarcoma	OS				Unknown	Unknown		Primary	bone	Montefiore Einstein	Richard Gorlick		Cell Line											Adherent	MF-015-008	EMEM + 20% FBS + 1mM Sodium pyruvate + 100uM NEAA	False						C242_BONE		True							False	False	Bone	0.5561188418183046
ACH-001814	-0.3096658219209424	0.0693903150839873	-0.2681873548538756	-0.5368364119168936	0.049934314978460535	0.3096658219209424	PT-2XpRTn	OS252	OS252	OS	Bone	Osteosarcoma	Osteosarcoma	OS		CVCL_WU66		Pediatric	Male		Primary	bone	Montefiore Einstein	Richard Gorlick		Cell Line											Adherent	MF-015-008	EMEM + 20% FBS + 1mM Sodium pyruvate + 100uM NEAA	False						OS252_BONE		True	HMB-MDS						False	False	Bone	0.7100093879194295
ACH-001817	-0.3037056224397195	-0.26886870326479284	-0.0975649291078054	-0.2735930608862712	-0.41528188469112065	0.3037056224397195	PT-EIDHhW	C393	C393	OS	Bone	Osteosarcoma	Osteosarcoma	OS				Unknown	Unknown		Metastatic	bone	Montefiore Einstein	Richard Gorlick		Cell Line											Adherent	MF-015-008	EMEM + 20% FBS + 1mM Sodium pyruvate + 100uM NEAA	False						C393_BONE		True							False	False	Bone	0.696343696435333
ACH-001818	-0.28935953049872615	-0.2594797192033688	-0.25953806426764703	-0.4659011815848936	-0.3914156090690057	0.28935953049872615	PT-NPU9bj	C396	C396	OS	Bone	Osteosarcoma	Osteosarcoma	OS		CVCL_A1UX		Unknown	Male		Metastatic	bone	Montefiore Einstein	Richard Gorlick		Cell Line											Adherent	MF-015-008	EMEM + 20% FBS + 1mM Sodium pyruvate + 100uM NEAA	False						C396_BONE		True	In Progress						False	False	Bone	0.6634506251403646
ACH-001819	0.1616612591643006	0.04504516205182028	0.20605408833910122	-0.30982806793440876	-0.10363303574429246	-0.1616612591643006	PT-FVLPZS	MFM-223	MFM223	IDC	Breast	Invasive Breast Carcinoma	Breast Invasive Ductal Carcinoma	IDC		CVCL_1408		Adult	Female		Metastatic	pleural_effusion	DSMZ			Cell Line											Adherent	MF-006-004	MEM + 15% FBS + 2mM Glutamine + 1x Insulin-Transferrin-Selenium	False						MFM223_BREAST		False	HMB-MDS	luminal ER, PR+		SIDM00332			False	False	Breast	-0.3706608981175613
ACH-001820	0.04815273532991485	-0.29274223376031666	-0.434578620203374	-0.5845029963615068	0.24002670786614738	-0.04815273532991485	PT-UXPdpL	COLO 824	COLO824	BNNOS	Breast	Breast Neoplasm, NOS	Breast Neoplasm, NOS	BNNOS		CVCL_1136	52.0	Adult	Female		Metastatic	pleural_effusion	DSMZ			Cell Line											Adherent	MF-001-017	RPMI + 15% FBS	False						COLO824_BREAST		False	HMB-MDS	HER2+		SIDM00954			False	False	Breast	-0.11040577202274371
ACH-001828	-0.30515960596289193	-0.32285860870083677	-0.46811373831909564	-0.8268413254369593	-0.9398174523564994	0.30515960596289193	PT-mexpVs	HCC1739 BL	HCC1739BL	ZMNORBL	Lymphoid	Non-Cancerous	Matched Normal			CVCL_3280	51.0	Adult	Female		Primary	B lymphoblastoid cells	ATCC		CRL-2334	Cell Line			EBV								Suspension	MF-001-001	RPMI + 10% FBS	False						HCC1739BL_HAEMATOPOIETIC_AND_LYMPHOID_TISSUE		False	HMB-MDS						False	False	Lymphoid	0.6996774255014879
ACH-001834	0.0030157600893200576	-0.12619018053463849	-0.17683963576672918	0.21874192396912026	0.07143019962080004	-0.0030157600893200576	PT-EXxLVu	MGH-ICC10	MGHICC10	IHCH	Biliary Tract	Intraductal Papillary Neoplasm of the Bile Duct	Intrahepatic Cholangiocarcinoma	IHCH		CVCL_A1VB		Unknown	Unknown		Primary	biliary_tract	Massachusetts General Hospital	Nabeel Bardeesy		Cell Line											Adherent	MF-001-001	RPMI + 10% FBS	False						ICC10_BILIARY_TRACT		False	In Progress						False	False	Biliary Tract	-0.00691460866377632
ACH-001835	-0.28082934804224946	-0.09009054140914294	-0.3293505094422254	0.331637016474397	-0.6931593652365111	0.28082934804224946	PT-EXxLVu	MGH-ICC10-6	MGHICC106	IHCH	Biliary Tract	Intraductal Papillary Neoplasm of the Bile Duct	Intrahepatic Cholangiocarcinoma	IHCH		CVCL_A1UZ		Unknown	Unknown		Primary	biliary_tract	Massachusetts General Hospital	Nabeel Bardeesy		Cell Line											Adherent	MF-001-001	RPMI + 10% FBS	False						ICC106_BILIARY_TRACT		False	In Progress						False	False	Biliary Tract	0.6438924136877934
ACH-001836	0.28533344496339863	0.2455490320859124	-0.21659190745463286	0.22882121419127474	0.3039367124575703	-0.28533344496339863	PT-EXxLVu	MGH-ICC10-8	MGHICC108	IHCH	Biliary Tract	Intraductal Papillary Neoplasm of the Bile Duct	Intrahepatic Cholangiocarcinoma	IHCH		CVCL_A1VA		Unknown	Unknown		Primary	biliary_tract	Massachusetts General Hospital	Nabeel Bardeesy		Cell Line											Adherent	MF-001-001	RPMI + 10% FBS	False						ICC108_BILIARY_TRACT		False	In Progress						False	False	Biliary Tract	-0.6542195175259797
ACH-001838	-0.2754457293871666	-0.3000227827632817	-0.29666052995330966	-0.4315697761992252	-0.6095104632592161	0.2754457293871666	PT-cRrqep	MGH-ICC12	MGHICC12	IHCH	Biliary Tract	Intraductal Papillary Neoplasm of the Bile Duct	Intrahepatic Cholangiocarcinoma	IHCH		CVCL_A1VC		Unknown	Unknown		Primary	biliary_tract	Massachusetts General Hospital	Nabeel Bardeesy		Cell Line											Adherent	MF-001-001	RPMI + 10% FBS	False						ICC12_BILIARY_TRACT		False	In Progress						False	False	Biliary Tract	0.6315487208566779
ACH-001839	0.2301053698448247	0.1346156742770464	0.0999788348252764	0.3341436902335787	-0.48498011945806896	-0.2301053698448247	PT-oAAItB	MGH-ICC13-7	MGHICC137	IHCH	Biliary Tract	Intraductal Papillary Neoplasm of the Bile Duct	Intrahepatic Cholangiocarcinoma	IHCH		CVCL_A1VD		Unknown	Unknown		Primary	biliary_tract	Massachusetts General Hospital	Nabeel Bardeesy		Cell Line											Adherent	MF-001-001	RPMI + 10% FBS	False						ICC137_BILIARY_TRACT		False	In Progress						False	False	Biliary Tract	-0.5275912329847238
ACH-001841	1.0994812081526184	1.2565386134478964	-0.22350384840521828	0.028354105459830886	-0.0036638526609059957	-1.0994812081526184	PT-wNrZ5J	MGH-ECC3	MGHECC3	EHCH	Biliary Tract	Intraductal Papillary Neoplasm of the Bile Duct	Extrahepatic Cholangiocarcinoma	EHCH		CVCL_A1VE		Unknown	Male		Primary	biliary_tract	Massachusetts General Hospital	Nabeel Bardeesy		Cell Line											Adherent	MF-001-001	RPMI + 10% FBS	False						ICC15_BILIARY_TRACT		False	In Progress						False	False	Biliary Tract	-2.520917467697333
ACH-001842	0.5349877844855148	0.4481049993362462	0.4279732456276657	0.2541150582027968	0.42304066509981586	-0.5349877844855148	PT-QTHAca	MGH-ICC2	MGHICC2	IHCH	Biliary Tract	Intraductal Papillary Neoplasm of the Bile Duct	Intrahepatic Cholangiocarcinoma	IHCH		CVCL_VV27	66.0	Adult	Female		Primary	biliary_tract	Massachusetts General Hospital	Nabeel Bardeesy		Cell Line											Adherent	MF-001-001	RPMI + 10% FBS	False						ICC2_BILIARY_TRACT		False	In Progress						False	False	Biliary Tract	-1.2266331074273567
ACH-001843	0.38990372151792313	0.7227040504556606	0.3074847104675664	-0.10490216022781819	-0.04086772386713971	-0.38990372151792313	PT-c6a9E7	MGH-ECC4	MGHECC4	EHCH	Biliary Tract	Intraductal Papillary Neoplasm of the Bile Duct	Extrahepatic Cholangiocarcinoma	EHCH		CVCL_A1ZB		Unknown	Unknown		Primary	biliary_tract	Massachusetts General Hospital	Nabeel Bardeesy		Cell Line											Adherent	MF-001-001	RPMI + 10% FBS	False						ICC3_BILIARY_TRACT		False	In Progress						False	False	Biliary Tract	-0.8939808111375116
ACH-001844	-0.0902691131725732	-0.0674131024236991	-0.16325623010697143	0.14216195085964695	-0.31940469545296324	0.0902691131725732	PT-fiox7O	MGH-ICC4	MGHICC4	IHCH	Biliary Tract	Intraductal Papillary Neoplasm of the Bile Duct	Intrahepatic Cholangiocarcinoma	IHCH		CVCL_A1VI		Unknown	Male		Primary	biliary_tract	Massachusetts General Hospital	Nabeel Bardeesy		Cell Line											Adherent	MF-001-001	RPMI + 10% FBS	False						ICC4_BILIARY_TRACT		False	In Progress						False	False	Biliary Tract	0.20697123561815314
ACH-001845	0.22756682854033536	-0.21825639082092688	-0.1837240734481276	0.05608546415839247	-0.1377941214921304	-0.22756682854033536	PT-ugXTLv	MGH-ICC5	MGHICC5	IHCH	Biliary Tract	Intraductal Papillary Neoplasm of the Bile Duct	Intrahepatic Cholangiocarcinoma	IHCH		CVCL_VV28	73.0	Adult	Male		Primary	biliary_tract	Massachusetts General Hospital	Nabeel Bardeesy		Cell Line											Adherent	MF-001-001	RPMI + 10% FBS	False						ICC5_BILIARY_TRACT		False	In Progress						False	False	Biliary Tract	-0.5217708032497664
ACH-001846	-0.2508705794741843	-0.10901158984317347	-0.35550393812662334	0.1501716828126528	-0.1748552838723636	0.2508705794741843	PT-iphgaq	MGH-ICC6	MGHICC6	IHCH	Biliary Tract	Intraductal Papillary Neoplasm of the Bile Duct	Intrahepatic Cholangiocarcinoma	IHCH		CVCL_A1VF		Unknown	Unknown		Primary	biliary_tract	Massachusetts General Hospital	Nabeel Bardeesy		Cell Line											Adherent	MF-001-001	RPMI + 10% FBS	False						ICC6_BILIARY_TRACT		False	In Progress						False	False	Biliary Tract	0.5752022146794499
ACH-001847	1.212558417945901	1.026514301526539	-0.1897149188143325	0.21410787768691042	-0.1949304033841069	-1.212558417945901	PT-jalaJZ	MGH-ICC7	MGHICC7	IHCH	Biliary Tract	Intraductal Papillary Neoplasm of the Bile Duct	Intrahepatic Cholangiocarcinoma	IHCH		CVCL_E4KY		Unknown	Male		Primary	biliary_tract	Massachusetts General Hospital	Nabeel Bardeesy		Cell Line											Adherent	MF-001-001	RPMI + 10% FBS	False						ICC7_BILIARY_TRACT		False							False	False	Biliary Tract	-2.7801836663850996
ACH-001848	-0.1989617946794691	-0.10763022191715621	-0.32670693625919195	-0.4176921558170088	-0.19259732747831046	0.1989617946794691	PT-PUXC1Q	MGH-ICC8	MGHICC8	IHCH	Biliary Tract	Intraductal Papillary Neoplasm of the Bile Duct	Intrahepatic Cholangiocarcinoma	IHCH		CVCL_A1VG		Unknown	Male		Primary	biliary_tract	Massachusetts General Hospital	Nabeel Bardeesy		Cell Line											Adherent	MF-001-001	RPMI + 10% FBS	False						ICC8_BILIARY_TRACT		False	In Progress						False	False	Biliary Tract	0.45618448036472664
ACH-001849	-0.1825622183185731	-0.3448248942192838	-0.30015053334655134	-0.36109130749739615	-0.5891301538691633	0.1825622183185731	PT-mD4L5a	MGH-ICC9	MGHICC9	IHCH	Biliary Tract	Intraductal Papillary Neoplasm of the Bile Duct	Intrahepatic Cholangiocarcinoma	IHCH		CVCL_A1VH		Unknown	Unknown		Primary	biliary_tract	Massachusetts General Hospital	Nabeel Bardeesy		Cell Line											Adherent	MF-001-001	RPMI + 10% FBS	False						ICC9_BILIARY_TRACT		False	In Progress						False	False	Biliary Tract	0.41858312965089045
ACH-001850	-0.38504615184348095	-0.3116616751531122	-0.2862834478660914	0.018976490549842795	-0.25738664805356615	0.38504615184348095	PT-rx5EvX	G415	G415	GBAD	Biliary Tract	Intracholecystic Papillary Neoplasm	Gallbladder Adenocarcinoma, NOS	GBAD		CVCL_8198	68.0	Adult	Male		Metastatic	ascites	RIKEN		RCB2640	Cell Line											Adherent	MF-001-001	RPMI + 10% FBS	False						G415_BILIARY_TRACT		False	HMB-MDS						False	False	Biliary Tract	0.8828432563052344
ACH-001852	1.118995917414963	1.3362858845173644	-0.33978545937152144	-0.27633275336536345	-0.11775156293052196	-1.118995917414963	PT-eIYOff	HKGZ-CC	HKGZCC	IHCH	Biliary Tract	Intraductal Papillary Neoplasm of the Bile Duct	Intrahepatic Cholangiocarcinoma	IHCH		CVCL_E329	76.0	Adult	Male		Primary	biliary_tract	Massachusetts General Hospital	Nabeel Bardeesy		Cell Line											Adherent	MF-001-001	RPMI + 10% FBS	False						HKGZCC_BILIARY_TRACT		False	HMB-MDS						False	False	Biliary Tract	-2.5656612714947067
ACH-001853	-0.26417611519052925	-0.2790011776630897	0.009945397610609061	0.5281637534899711	-0.5193323215450796	0.26417611519052925	PT-0MsFyj	KMCH-1	KMCH1	HCCIHCH	Liver	Hepatocellular Carcinoma plus Intrahepatic Cholangiocarcinoma	Hepatocellular Carcinoma plus Intrahepatic Cholangiocarcinoma	HCCIHCH		CVCL_7970	52.0	Adult	Male		Primary	biliary_tract	Massachusetts General Hospital	Nabeel Bardeesy		Cell Line											Adherent	MF-001-001	RPMI + 10% FBS	False						KMCH1_BILIARY_TRACT		False	HMB-MDS						False	False	Liver	0.605709473153438
ACH-001854	-0.37097734693534906	-0.372626726290714	-0.08676970163015837	0.5080629367287157	-0.016145386262402615	0.37097734693534906	PT-ZuJ50H	MMNK-1	MMNK1	ZIMMCHOL	Biliary Tract	Non-Cancerous	Immortalized Cholangiocyte, Highly Differentiated			CVCL_M266	18.0	Adult	Unknown		Primary	biliary_tract	JCRB		JCRB1554	Cell Line											Adherent	MF-001-001	RPMI + 10% FBS	False						MMNK1_BILIARY_TRACT		False	HMB-MDS						False	False	Biliary Tract	0.8505859555168679
ACH-001855	-0.11814209463321927	0.362859596732698	-0.06537205240142054	-0.2224395260658962	-0.6751217767021326	0.11814209463321927	PT-tj0IG3	OZ	OZ	IHCH	Biliary Tract	Intraductal Papillary Neoplasm of the Bile Duct	Intrahepatic Cholangiocarcinoma	IHCH		CVCL_3118	71.0	Adult	Male		Primary	biliary_tract	Massachusetts General Hospital	Nabeel Bardeesy		Cell Line											Adherent	MF-001-001	RPMI + 10% FBS	False						OZ_BILIARY_TRACT		False	HMB-MDS						False	False	Biliary Tract	0.27087909081379474
ACH-001856	-0.25751923065395543	-0.36040520193128356	-0.1689156735302736	0.6371053677339664	-0.3070185863693344	0.25751923065395543	PT-E0gpbj	RBE	RBE	IHCH	Biliary Tract	Intraductal Papillary Neoplasm of the Bile Duct	Intrahepatic Cholangiocarcinoma	IHCH		CVCL_4896	64.0	Adult	Female		Primary	biliary_tract	RIKEN		RCB1292	Cell Line											Adherent	MF-001-001	RPMI + 10% FBS	False						RBE_BILIARY_TRACT		False	HMB-MDS						False	False	Biliary Tract	0.5904464050952855
ACH-001857	-0.11841881265236848	-0.21634055019245954	0.18013333462308967	0.3354598112238474	-0.25908923176007154	0.11841881265236848	PT-Sv5Y9u	SG231	SG231	IHCH	Biliary Tract	Intraductal Papillary Neoplasm of the Bile Duct	Intrahepatic Cholangiocarcinoma	IHCH		CVCL_0519	42.0	Adult	Male		Primary	biliary_tract	Massachusetts General Hospital	Nabeel Bardeesy		Cell Line											Adherent	MF-001-001	RPMI + 10% FBS	False						SG231_BILIARY_TRACT		False	HMB-MDS						False	False	Biliary Tract	0.2715135566718078
ACH-001858	-0.3430072661332029	-0.3284013949829665	-0.08488856675965255	0.4680803082260536	0.0439950580471539	0.3430072661332029	PT-hoMjwu	SSP-25	SSP25	IHCH	Biliary Tract	Intraductal Papillary Neoplasm of the Bile Duct	Intrahepatic Cholangiocarcinoma	IHCH		CVCL_4902	61.0	Adult	Female		Primary	biliary_tract	Massachusetts General Hospital	Nabeel Bardeesy		Cell Line											Adherent	MF-001-001	RPMI + 10% FBS	False						SSP25_BILIARY_TRACT		False	HMB-MDS			SIDM00275			False	False	Biliary Tract	0.7864554685706566
ACH-001861	0.8024702083618233	0.7476898616855238	-0.06270154448181835	-0.34369558974325953	-0.08530351916091264	-0.8024702083618233	PT-5pDw3E	TGBC1TKB	TGBC1TKB	GBC	Biliary Tract	Intracholecystic Papillary Neoplasm	Gallbladder Cancer	GBC		CVCL_1769		Unknown	Female		Metastatic	lymph_node	Massachusetts General Hospital	Nabeel Bardeesy		Cell Line											Adherent	MF-001-001	RPMI + 10% FBS	False						TGBC1TKB_BILIARY_TRACT		False	HMB-MDS			SIDM00252			False	False	Biliary Tract	-1.8399233661892953
ACH-001862	-0.25048182437312666	-0.27941592212105426	-0.08291964639428948	0.17461306441800334	0.24662622588768554	0.25048182437312666	PT-6N8kTd	TGBC52TKB	TGBC52TKB	AMPCA	Ampulla of Vater	Ampullary Carcinoma	Ampullary Carcinoma	AMPCA		CVCL_H695	52.0	Adult	Male			lymph_node	RIKEN		RCB1282	Cell Line											Adherent	MF-001-001	RPMI + 10% FBS	False						TGBC52TKB_BILIARY_TRACT		False	HMB-MDS						False	False	Ampulla of Vater	0.5743108674534619
ACH-001863	-0.006556262583162269	0.2967245119604751	0.025654314201933006	0.47035614086154504	-0.16686760852660315	0.006556262583162269	PT-VWXKPj	TKKK	TKKK	IHCH	Biliary Tract	Intraductal Papillary Neoplasm of the Bile Duct	Intrahepatic Cholangiocarcinoma	IHCH		CVCL_5599		Unknown	Male		Primary	biliary_tract	Massachusetts General Hospital	Nabeel Bardeesy		Cell Line											Adherent	MF-001-001	RPMI + 10% FBS	False						TKKK_BILIARY_TRACT		False	HMB-MDS						False	False	Biliary Tract	0.01503235957663593
ACH-001864	-0.113104424274867	-0.09808493767886899	-0.06365284538653264	-0.2666492057582436	-0.6289758254948953	0.113104424274867	PT-mhrkCC	YSCCC	YSCCC	IHCH	Biliary Tract	Intraductal Papillary Neoplasm of the Bile Duct	Intrahepatic Cholangiocarcinoma	IHCH		CVCL_3629	70.0	Adult	Female		Metastatic	ascites	RIKEN		RCB1549	Cell Line				Unknown							Adherent	MF-001-001	RPMI + 10% FBS	False						YSCCC_BILIARY_TRACT		False	HMB-MDS						False	False	Biliary Tract	0.25932859671830266
ACH-001949	-0.3372988875595873	-0.12104938080049032	-0.41977764787897637	-0.16420826089029827	-0.5440146436777071	0.3372988875595873	PT-FxQs1g	MA-MEL-46	MAMEL46	MEL	Skin	Melanoma	Melanoma	MEL		CVCL_A181	51.0	Adult	Female			skin	The European Searchable Tumour line Database (ESTDAB)			Cell Line											Adherent	MF-001-001	RPMI + 10% FBS	False						MAMEL46_SKIN		False	HMB-MDS						False	False	Skin	0.7733671582368804
ACH-001953	-0.37083743282604414	-0.24482662024887478	-0.4022337587451259	-0.19590469250794612	-0.7210286812307471	0.37083743282604414	PT-EkT7RC	MA-MEL-27	MAMEL27	MEL	Skin	Melanoma	Melanoma	MEL		CVCL_A163	58.0	Adult	Female			skin	The European Searchable Tumour line Database (ESTDAB)			Cell Line											Adherent	MF-001-001	RPMI + 10% FBS	False						MAMEL27_SKIN		False	HMB-MDS						False	False	Skin	0.8502651570170766
ACH-001959	-0.3819428536357521	-0.2768408782558075	-0.5015106854742237	-0.29702534103389644	0.1965536167853987	0.3819428536357521	PT-x2cqmS	CC-LP-1	CCLP1	IHCH	Biliary Tract	Intraductal Papillary Neoplasm of the Bile Duct	Intrahepatic Cholangiocarcinoma	IHCH		CVCL_0205	48.0	Adult	Male		Primary	biliary_tract	Massachusetts General Hospital	Nabeel Bardeesy		Cell Line											Adherent	MF-001-001	RPMI + 10% FBS	False					Cell line thought to be female but has Y chromosome expression.	CCLP1_BILIARY_TRACT		False	HMB-MDS						False	False	Biliary Tract	0.8757279380975843
ACH-001960	0.5747534440853265	0.18273677235299568	0.392570641212463	0.7494367748281862	0.4008644779547987	-0.5747534440853265	PT-9dwZW4	CC-SW-1	CCSW1	IHCH	Biliary Tract	Intraductal Papillary Neoplasm of the Bile Duct	Intrahepatic Cholangiocarcinoma	IHCH		CVCL_A429	55.0	Adult	Female		Primary	biliary_tract	Massachusetts General Hospital	Nabeel Bardeesy		Cell Line											Adherent	MF-001-001	RPMI + 10% FBS	False						CCSW1_BILIARY_TRACT		False	HMB-MDS						False	False	Biliary Tract	-1.317808786608002
ACH-001961	-0.25980716401091125	-0.10242885435321837	-0.32846130921702876	0.007228280000544596	-0.027675131348897604	0.25980716401091125	PT-v333Dc	MGH-GB2	MGHGB2	GBC	Biliary Tract	Intracholecystic Papillary Neoplasm	Gallbladder Cancer	GBC			65.0	Adult	Male		Metastatic	biliary_tract	Massachusetts General Hospital	Nabeel Bardeesy		Cell Line											Adherent	MF-001-001	RPMI + 10% FBS	False						GB2_BILIARY_TRACT		False	DS-CA-MDS						False	False	Biliary Tract	0.5956922347845154
ACH-001970	-0.24348864294737607	0.3493127295434473	-0.4537581762278216	-0.4194893016328672	-0.7510093744006733	0.24348864294737607	PT-75oSJn	MM253	MM253	MEL	Skin	Melanoma	Melanoma	MEL		CVCL_2604	46.0	Adult	Male		Metastatic	lymph_node	CellBank Australia		CBA-1347	Cell Line											Adherent	MF-001-004	RPMI + 10% FBS + 2mM Glutamine + 25mM HEPES	False						MM253_SKIN		False	HMB-MDS						False	False	Skin	0.5582767296435286
ACH-001971	-0.3540926496113363	-0.1727902382499691	-0.47385376648250843	-0.5152880774601641	-1.1605226425898787	0.3540926496113363	PT-fVqkJe	MM466	MM466	MEL	Skin	Melanoma	Melanoma	MEL		CVCL_4449		Unknown	Female		Metastatic	lymph_node	CellBank Australia		CBA-1353	Cell Line											Adherent	MF-001-004	RPMI + 10% FBS + 2mM Glutamine + 25mM HEPES	False						MM466_SKIN		False	HMB-MDS						False	False	Skin	0.8118723075661175
ACH-001972	-0.3798878602129113	-0.02729028338777579	-0.4758659098482581	-0.6847104702824715	-0.745474441868888	0.3798878602129113	PT-Czk2qo	MM473	MM473	MEL	Skin	Melanoma	Melanoma	MEL		CVCL_4450		Unknown	Male		Metastatic	lymph_node	CellBank Australia		CBA-1354	Cell Line											Adherent	MF-001-004	RPMI + 10% FBS + 2mM Glutamine + 25mM HEPES	False						MM473_SKIN		False							False	False	Skin	0.8710161987997869
ACH-001973	-0.36905107159105094	-0.3312092137741545	-0.48361364773075455	-0.6908729090963875	-0.38185366554705463	0.36905107159105094	PT-oJTeSY	MM485	MM485	MEL	Skin	Melanoma	Melanoma	MEL		CVCL_2610		Unknown	Male		Metastatic	lymph_node	CellBank Australia		CBA-1355	Cell Line											Adherent	MF-001-004	RPMI + 10% FBS + 2mM Glutamine + 25mM HEPES	False						MM485_SKIN		False	HMB-MDS						False	False	Skin	0.8461693441850607
ACH-001974	-0.273935378480292	-0.09703264825857813	-0.38872313953916227	-0.4221314061546573	-0.4283993462574592	0.273935378480292	PT-6nUzyl	MM537	MM537	MEL	Skin	Melanoma	Melanoma	MEL		CVCL_4451		Unknown	Female		Metastatic	lymph_node	CellBank Australia		CBA-1356	Cell Line											Adherent	MF-001-004	RPMI + 10% FBS + 2mM Glutamine + 25mM HEPES	False						MM537_SKIN		False	HMB-MDS						False	False	Skin	0.6280857512713313
ACH-001975	-0.3403415059010808	0.025573181061137394	-0.45035499717385197	-0.3161947812984656	-0.7272443555437335	0.3403415059010808	PT-IBpd8U	MM576	MM576	MEL	Skin	Melanoma	Melanoma	MEL		CVCL_2611		Unknown	Unknown		Metastatic	lymph_node	CellBank Australia		CBA-1357	Cell Line											Adherent	MF-001-004	RPMI + 10% FBS + 2mM Glutamine + 25mM HEPES	False						MM576_SKIN		False	HMB-MDS						False	False	Skin	0.7803433481596667
ACH-001976	-0.34673872949577395	0.021391308433116034	-0.4588619600676817	-0.5068548319134335	-0.5516812098791822	0.34673872949577395	PT-umvchh	MM603	MM603	MEL	Skin	Melanoma	Melanoma	MEL		CVCL_2612		Unknown	Male		Metastatic	skin	CellBank Australia		CBA-1359	Cell Line											Adherent	MF-001-004	RPMI + 10% FBS + 2mM Glutamine + 25mM HEPES	False						MM603_SKIN		False	HMB-MDS						False	False	Skin	0.7950110592447195
ACH-001977	-0.3443173022985982	-0.2993146777427519	-0.22435487666204773	-0.3464480609875878	-0.6656902073373931	0.3443173022985982	PT-YF5RFe	NO36	NO36	PLEMESO	Pleura	Pleural Mesothelioma	Pleural Mesothelioma, Epithelioid Type	PLEMESO		CVCL_2658		Adult	Male		Primary	pleural_effusion	CellBank Australia		CBA-0142	Cell Line											Adherent	MF-001-014	RPMI + 5% FBS	False						NO36_LUNG		False	HMB-MDS						False	False	Pleura	0.7894591516060485
ACH-001978	-0.31461601844113435	-0.0035513476960745693	-0.334655723918517	-0.6292296130940949	-0.6345749456097421	0.31461601844113435	PT-FeO3BH	NZM1	NZM1	MEL	Skin	Melanoma	Melanoma	MEL		CVCL_D815	47.0	Adult	Male		Metastatic	lymph_node	CellBank Australia			Cell Line											Adherent	MF-003-003	AlphaMEM + 5% FBS + 1X Insulin-Transferrin-Selenium	False						NZM1_SKIN		False	HMB-MDS						False	False	Skin	0.7213593198543774
ACH-001979	-0.3693822642761513	0.12946884475541204	-0.3939404492353898	0.09822303579090746	-1.017936870912904	0.3693822642761513	PT-E4aqis	NZM11	NZM11	MEL	Skin	Melanoma	Melanoma	MEL		CVCL_D817	41.0	Adult	Male		Metastatic	skin	CellBank Australia			Cell Line											Adherent	MF-003-003	AlphaMEM + 5% FBS + 1X Insulin-Transferrin-Selenium	False						NZM11_SKIN		False	HMB-MDS						False	False	Skin	0.8469287108926064
ACH-001980	-0.05220445546800853	0.20851081005381944	0.008505814882272469	-0.7237278481549256	-0.9698691898719574	0.05220445546800853	PT-67Od3B	NZM12	NZM12	MEL	Skin	Melanoma	Melanoma	MEL		CVCL_D818	19.0	Adult	Male		Metastatic	small_intestine	CellBank Australia			Cell Line											Adherent	MF-003-003	AlphaMEM + 5% FBS + 1X Insulin-Transferrin-Selenium	False						NZM12_SKIN		False	HMB-MDS						False	False	Skin	0.11969565528278003
ACH-001981	-0.2611740699827598	0.026297984230756043	-0.37544793988045194	-0.6747006746543018	-0.8833509806444767	0.2611740699827598	PT-FeO3BH	NZM2	NZM2	MEL	Skin	Melanoma	Melanoma	MEL		CVCL_D823	47.0	Adult	Male		Metastatic	lymph_node	CellBank Australia			Cell Line											Adherent	MF-003-003	AlphaMEM + 5% FBS + 1X Insulin-Transferrin-Selenium	False						NZM2_SKIN		False	HMB-MDS						False	False	Skin	0.5988263103062996
ACH-001982	-0.2986346513565124	-0.07802924474302415	-0.36961405068335074	-0.45207429785303055	-0.846772756041392	0.2986346513565124	PT-6BEu4D	NZM3	NZM3	MEL	Skin	Melanoma	Melanoma	MEL		CVCL_D828	69.0	Adult	Male		Metastatic	lymph_node	CellBank Australia			Cell Line											Adherent	MF-003-003	AlphaMEM + 5% FBS + 1X Insulin-Transferrin-Selenium	False						NZM3_SKIN		False	HMB-MDS						False	False	Skin	0.6847168496215307
ACH-001983	-0.37219326026395133	-0.07807145509705374	-0.3167005525893205	-0.5840341710045137	-0.3060813135303477	0.37219326026395133	PT-XiC43Q	NZM30	NZM30	MEL	Skin	Melanoma	Melanoma	MEL		CVCL_D829	41.0	Adult	Female		Metastatic	skin	CellBank Australia			Cell Line											Adherent	MF-003-003	AlphaMEM + 5% FBS + 1X Insulin-Transferrin-Selenium	False						NZM30_SKIN		False	HMB-MDS						False	False	Skin	0.8533738314046512
ACH-001984	-0.23685659438938972	0.4441492966918776	-0.3121134627445752	-0.26483344767528444	-0.26717363536356675	0.23685659438938972	PT-c5NLTF	NZM4	NZM4	MEL	Skin	Melanoma	Melanoma	MEL		CVCL_D831	56.0	Adult	Male		Metastatic	ascites	CellBank Australia			Cell Line											Mixed	MF-003-003	AlphaMEM + 5% FBS + 1X Insulin-Transferrin-Selenium	False						NZM4_SKIN		False	HMB-MDS						False	False	Skin	0.5430706061259323
ACH-001985	-0.2462627442980472	-0.2569361382759625	-0.23764891611065828	-0.412402810570345	-0.0013475686934793587	0.2462627442980472	PT-FwAKHG	NZM40	NZM40	MEL	Skin	Melanoma	Melanoma	MEL		CVCL_D832	47.0	Adult	Female		Metastatic	skin	CellBank Australia			Cell Line											Mixed	MF-003-003	AlphaMEM + 5% FBS + 1X Insulin-Transferrin-Selenium	False						NZM40_SKIN		False	HMB-MDS						False	False	Skin	0.5646372572270968
ACH-001986	-0.3933692633775194	-0.3282539968445645	-0.44811000507355175	-0.5303374399533028	-0.5823754350001359	0.3933692633775194	PT-EpCvHQ	NZM42	NZM42	MEL	Skin	Melanoma	Melanoma	MEL		CVCL_D833	71.0	Adult	Male		Metastatic	skin	CellBank Australia			Cell Line											Adherent	MF-003-003	AlphaMEM + 5% FBS + 1X Insulin-Transferrin-Selenium	False						NZM42_SKIN		False	HMB-MDS						False	False	Skin	0.9019266904705213
ACH-001987	-0.2237257773931291	-0.07366561692029736	-0.22911361153837526	-0.4354506913543168	-0.2757196059741797	0.2237257773931291	PT-bdkOD5	NZM43	NZM43	MEL	Skin	Melanoma	Melanoma	MEL		CVCL_D834	49.0	Adult	Male		Metastatic	lung	CellBank Australia			Cell Line											Adherent	MF-003-003	AlphaMEM + 5% FBS + 1X Insulin-Transferrin-Selenium	False						NZM43_SKIN		False	HMB-MDS						False	False	Skin	0.5129639470165611
ACH-001988	-0.27208045508411594	-0.11630255763082906	-0.3113656375696989	-0.01841990963208895	-0.7825856943130344	0.27208045508411594	PT-oBB1Ch	NZM5	NZM5	MEL	Skin	Melanoma	Melanoma	MEL		CVCL_D837	79.0	Adult	Male		Metastatic	lymph_node	CellBank Australia			Cell Line											Mixed	MF-003-003	AlphaMEM + 5% FBS + 1X Insulin-Transferrin-Selenium	False						NZM5_SKIN		False	HMB-MDS						False	False	Skin	0.6238327374353625
ACH-001989	-0.3265900666924877	0.08529282476399416	-0.40691263311432624	-0.2838620025141788	-0.5333480295731363	0.3265900666924877	PT-wWEP70	NZM6	NZM6	MEL	Skin	Melanoma	Melanoma	MEL		CVCL_D842	72.0	Adult	Female		Metastatic	small_intestine	CellBank Australia			Cell Line											Mixed	MF-003-003	AlphaMEM + 5% FBS + 1X Insulin-Transferrin-Selenium	False						NZM6_SKIN		False	HMB-MDS						False	False	Skin	0.7488137112273833
ACH-001990	-0.38804549334393545	-0.1834751821571722	-0.42014076899895403	0.031688738202032884	-0.9460263365028927	0.38804549334393545	PT-PCXcZ8	NZM7	NZM7	MEL	Skin	Melanoma	Melanoma	MEL		CVCL_D843	36.0	Adult	Male		Metastatic	lymph_node	CellBank Australia			Cell Line											Adherent	MF-003-003	AlphaMEM + 5% FBS + 1X Insulin-Transferrin-Selenium	False						NZM7_SKIN		False	HMB-MDS						False	False	Skin	0.8897202200259602
ACH-001991	-0.3862467797673869	-0.3766723676853831	-0.5031808208181314	-0.8180137788862891	-0.2616997398816335	0.3862467797673869	PT-WTNLuu	NZOV9	NZOV9	EOV	Ovary/Fallopian Tube	Ovarian Epithelial Tumor	Endometrioid Ovarian Cancer	EOV		CVCL_LJ73	47.0	Adult	Female		Primary	ovary	CellBank Australia			Cell Line											Mixed	MF-003-003	AlphaMEM + 5% FBS + 1X Insulin-Transferrin-Selenium	False						NZOV9_OVARY		False	HMB-MDS						False	False	Ovary/Fallopian Tube	0.8855960854424102
ACH-001992	-0.3377564087777214	-0.33421934425824623	-0.04363295329903422	0.39458287584138707	0.17553995680772955	0.3377564087777214	PT-nrQ0Fm	ONE58	ONE58	PLEMESO	Pleura	Pleural Mesothelioma	Pleural Mesothelioma, Epithelioid Type	PLEMESO		CVCL_2671	58.0	Adult	Male		Primary	pleural_effusion	CellBank Australia		CBA-0143	Cell Line											Adherent	MF-001-014	RPMI + 5% FBS	False						ONE58_LUNG		False	HMB-MDS						False	False	Pleura	0.7744161741018939
ACH-001993	-0.32667220548749115	-0.32743585262775066	-0.47514017402027725	0.1088084969570493	-0.3828953931977018	0.32667220548749115	PT-22pOAT	NALM-16	NALM16	BALL	Lymphoid	B-Cell Acute Lymphoblastic Leukemia	B-Cell Acute Lymphoblastic Leukemia		No Fusion [PMID: 6928235]	CVCL_1834	12.0	Pediatric	Female		Primary	haematopoietic_and_lymphoid_tissue	DSMZ			Cell Line											Suspension	MF-001-001	RPMI + 10% FBS	False						NALM16_HAEMATOPOIETIC_AND_LYMPHOID_TISSUE		True	HMB-MDS	Near haploid, TP53					False	False	Lymphoid	0.7490020410701895
ACH-001994	-0.17385011172308118	-0.27606264472705605	-0.18987335416478782	0.48334208140129403	-0.4152990329507304	0.17385011172308118	PT-uIqCYb	MGH-ICC16	MGHICC16	IHCH	Biliary Tract	Intraductal Papillary Neoplasm of the Bile Duct	Intrahepatic Cholangiocarcinoma	IHCH				Unknown	Unknown			biliary_tract	Massachusetts General Hospital	Nabeel Bardeesy		Cell Line											Adherent	MF-001-001	RPMI + 10% FBS	False						ICC16_BILIARY_TRACT		False							False	False	Biliary Tract	0.3986077980725374
ACH-001996	0.9737162349204519	1.2315436228643595	0.0959272240232592	0.6116133632180024	-0.19346512945756725	-0.9737162349204519	PT-rqZG3d	MGH-ICC18	MGHICC18	IHCH	Biliary Tract	Intraductal Papillary Neoplasm of the Bile Duct	Intrahepatic Cholangiocarcinoma	IHCH				Unknown	Unknown		Primary	biliary_tract	Massachusetts General Hospital	Nabeel Bardeesy		Cell Line											Adherent	MF-001-001	RPMI + 10% FBS	False						ICC18_BILIARY_TRACT		False							False	False	Biliary Tract	-2.232560453957952
ACH-001997	-0.14673796757110205	-0.0544497677991221	-0.32621057751067795	-0.17662681506680594	0.12085548271038139	0.14673796757110205	PT-jmmNcQ	MGH-AOVC1	MGHAOVC1	AMPCA	Ampulla of Vater	Ampullary Carcinoma	Ampullary Carcinoma	AMPCA		CVCL_A1UI		Unknown	Male		Primary	biliary_tract	Massachusetts General Hospital	Nabeel Bardeesy		Cell Line											Adherent	MF-001-001	RPMI + 10% FBS	False						ECC2_BILIARY_TRACT		False	In Progress						False	False	Ampulla of Vater	0.3364444093100393
ACH-001999	0.5168376709098508	0.5041453402769331	-0.2759902491741593	0.06481740563814581	-0.1143771347464818	-0.5168376709098508	PT-pmGuZF	950-5-BIK	9505BIK	PAAD	Pancreas	Pancreatic Adenocarcinoma	Pancreatic Adenocarcinoma	PAAD		CVCL_A1UH		Unknown	Male		Primary	pancreas	Massachusetts General Hospital	Nabeel Bardeesy		Cell Line		PDX									Adherent	MF-007-001	DMEM:F12 + 10% FBS	False						9505BIK_PANCREAS		False	In Progress						False	False	Pancreas	-1.1850180820732983
ACH-002001	-0.3885223057299222	-0.3332347130107869	-0.368673404816137	-0.059243657467080296	-0.3101761404313667	0.3885223057299222	PT-3FxmoJ	A-375_DAB_TRAM_R	A375DABTRAMR	MEL	Skin	Melanoma	Melanoma	MEL		CVCL_A1VP	54.0	Adult	Female		Primary	skin	The Broad Institute	Levi Garraway		Cell Line											Adherent	MF-001-001	RPMI + 10% FBS	False		drug adapted		Dabrafenib and Trametinib		A375_SKIN_CJ1_RESISTANT		False	In Progress						False	False	Skin	0.8908134671535469
ACH-002002	-0.20561268903647972	-0.132276367952196	-0.31833531720462344	-0.15403582104326174	-0.2033626897335496	0.20561268903647972	PT-3FxmoJ	A-375_SCH772984_R	A375SCH772984R	MEL	Skin	Melanoma	Melanoma	MEL		CVCL_C8YB	54.0	Adult	Female		Primary	skin	The Broad Institute	Levi Garraway		Cell Line											Adherent	MF-001-001	RPMI + 10% FBS	False		drug adapted		SCH772984		A375_SKIN_CJ2_RESISTANT		False	In Progress						False	False	Skin	0.4714338139923282
ACH-002003	-0.36107059978108513	-0.28472542428222225	-0.41389526262041176	-0.1465988007178331	-0.34548242986889555	0.36107059978108513	PT-3FxmoJ	A-375_DAB_R	A375DABR	MEL	Skin	Melanoma	Melanoma	MEL		CVCL_B3PJ	54.0	Adult	Female		Primary	skin	The Broad Institute	Levi Garraway		Cell Line											Adherent	MF-001-001	RPMI + 10% FBS	False		drug adapted		Dabrafenib		A375_SKIN_CJ3_RESISTANT		False	In Progress						False	False	Skin	0.8278715227788978
ACH-002004	-0.27118479143097435	0.46039833761978083	-0.4004825062555732	-0.26753480406857644	-0.5041506216003734	0.27118479143097435	PT-Zu8A8i	UACC-62_DAB_TRAM_R	UACC62DABTRAMR	MEL	Skin	Melanoma	Melanoma	MEL		CVCL_A1VN		Unknown	Unknown		Primary	skin	The Broad Institute	Levi Garraway		Cell Line											Adherent	MF-001-001	RPMI + 10% FBS	False		drug adapted		Dabrafenib and Trametinib		UACC62_SKIN_CJ1_RESISTANT		False	Approved for public sharing - CCLE						False	False	Skin	0.6217791378543565
ACH-002005	-0.3724368327118431	-0.2550205156745734	-0.38044404437569557	-0.12297406861275459	-0.21894049133614502	0.3724368327118431	PT-4QtR2m	SK-MEL-19	SKMEL19	SKCM	Skin	Melanoma	Cutaneous Melanoma	SKCM		CVCL_6025	50.0	Adult	Male		Primary	skin	The Broad Institute	Cory Johannessen		Cell Line											Adherent	MF-001-001	RPMI + 10% FBS	False						SKMEL19_SKIN		False	HMB-MDS						False	False	Skin	0.8539323002843255
ACH-002010	-0.25542233292254957	0.1928235449878872	-0.3164027414203561	-0.6571928626356827	-1.1392559989182975	0.25542233292254957	PT-GhwOWG	MP41	MP41	UM	Eye	Ocular Melanoma	Uveal Melanoma	UM		CVCL_4D12	49.0	Adult	Female		Primary	uvea	ATCC			Cell Line											Adherent	MF-001-030	RPMI + 25% FBS	False						MP41_UVEA		False	HMB-MDS						False	False	Eye	0.5856385865715311
ACH-002011	-0.2736026845881835	-0.19337030116536189	-0.37360585466383317	-0.19280052835313927	-0.4126116882432264	0.2736026845881835	PT-OP8ALo	MP46	MP46	UM	Eye	Ocular Melanoma	Uveal Melanoma	UM		CVCL_4D13	69.0	Adult	Male		Primary	uvea	ATCC			Cell Line											Adherent	MF-001-030	RPMI + 25% FBS	False						MP46_UVEA		False	HMB-MDS						False	False	Eye	0.6273229425595556
ACH-002013	-0.14531807236082944	-0.18637788627067484	-0.26447512483185637	-0.48532882993163295	-1.3477160209127537	0.14531807236082944	PT-44eLpF	MM28	MM28	UM	Eye	Ocular Melanoma	Uveal Melanoma	UM		CVCL_4D15	72.0	Adult	Male		Metastatic	liver	ATCC		CRL-3295	Cell Line											Adherent	MF-001-020	RPMI + 20% FBS	False						MM28_UVEA		False	HMB-MDS						False	False	Eye	0.33318883876337185
ACH-002014	-0.3880543067893566	-0.29985250189010787	-0.4214236645933188	-0.6438817520659446	-1.1549886779415313	0.3880543067893566	PT-5vJu3k	Mel270	MEL270	UM	Eye	Ocular Melanoma	Uveal Melanoma	UM		CVCL_C302	62.0	Adult	Male		Primary	uvea	Massachusetts General Hospital			Cell Line											Adherent	MF-001-022	RPMI + 20% FBS + 3mM Glutamine	False						MEL270_UVEA		False	HMB-MDS						False	False	Eye	0.8897404277096823
ACH-002015	-0.3101429032016634	-0.30208030734326685	-0.35479254741298105	-0.5810095982375331	-0.2455917032848105	0.3101429032016634	PT-N7xRpa	Mel285	MEL285	UM	Eye	Ocular Melanoma	Uveal Melanoma	UM		CVCL_C303	49.0	Adult	Female		Primary	uvea	Leiden University			Cell Line											Adherent	MF-001-022	RPMI + 20% FBS + 3mM Glutamine	False						MEL285_UVEA		False	HMB-MDS						False	False	Eye	0.7111032515754548
ACH-002016	-0.2628120606200456	-0.2916338937621249	-0.0229386530631812	-0.30300543330392926	-0.45431325698594494	0.2628120606200456	PT-MucJf6	Mel290	MEL290	UM	Eye	Ocular Melanoma	Uveal Melanoma	UM		CVCL_C304	67.0	Adult	Female		Primary	uvea	Leiden University			Cell Line											Adherent	MF-001-022	RPMI + 20% FBS + 3mM Glutamine	False						MEL290_UVEA		False	HMB-MDS						False	False	Eye	0.602581935394605
ACH-002017	-0.3676699325609513	0.250705726423984	-0.4546302908074657	-0.5169592685644183	-1.158767678464963	0.3676699325609513	PT-aDprgI	Omm1	OMM1	UM	Eye	Ocular Melanoma	Uveal Melanoma	UM		CVCL_6939	74.0	Adult	Male		Metastatic	skin	Leiden University			Cell Line											Adherent	MF-001-022	RPMI + 20% FBS + 3mM Glutamine	False						OMM1_UVEA		False	HMB-MDS						False	False	Eye	0.8430026347583969
ACH-002018	-0.2754143945715194	-0.19302382800566611	-0.2235090365526566	-0.43368131345249394	-0.8942383788853057	0.2754143945715194	PT-5vJu3k	Omm2.5	OMM25	UM	Eye	Ocular Melanoma	Uveal Melanoma	UM		CVCL_C307	62.0	Adult	Male		Metastatic	liver	Academic lab			Cell Line											Adherent	MF-001-022	RPMI + 20% FBS + 3mM Glutamine	False						OMM25_UVEA		False	HMB-MDS						False	False	Eye	0.6314768756231929
ACH-002019	0.19473547265894867	0.21440548466639608	-0.01512929589407757	0.7010844196798132	-0.23348655660611456	-0.19473547265894867	PT-AOzYCt	HOKUG	HOKUG	CEGCC	Cervix	Glassy Cell Carcinoma of the Cervix	Glassy Cell Carcinoma of the Cervix	CEGCC		CVCL_8705	53.0	Adult	Female		Primary	cervix	RIKEN		RCB0657	Cell Line											Adherent	MF-004-002	F12 + 15% FBS	False						HOKUG_CERVIX		False	HMB-MDS						False	False	Cervix	-0.44649426562831884
ACH-002020	0.12351240056272642	0.08621590631153503	0.3847272021720624	0.2937746293959154	0.05318705726435375	-0.12351240056272642	PT-3SrUkP	SKG-IIIa	SKGIIIA	CESC	Cervix	Cervical Squamous Cell Carcinoma	Cervical Squamous Cell Carcinoma	CESC		CVCL_1704	38.0	Adult	Female		Primary	cervix	RIKEN		RCB1892	Cell Line											Adherent	MF-004-001	F12 + 10% FBS	False						SKGIIIA_CERVIX		False	HMB-MDS			SIDM00381			False	False	Cervix	-0.2831922599013503
ACH-002021	0.43521485071223714	0.4156640405002431	0.5494874393533553	-0.44689740754710705	-0.6345112163094345	-0.43521485071223714	PT-UGz23U	T3M-3	T3M3	UCCA	Uterus	Gestational Trophoblastic Disease	Choriocarcinoma	UCCA		CVCL_8065		Unknown	Female		Primary	Placenta	RIKEN		RCB1018	Cell Line											Adherent	MF-004-001	F12 + 10% FBS	False						T3M3_PLACENTA		False	HMB-MDS						False	False	Uterus	-0.997871278950929
ACH-002023	0.11067377933490453	-0.023973394141586744	-0.22815796669031987	0.17776615537774149	-0.3230713396364043	-0.11067377933490453	PT-hlvUsv	TGBC18TKB	TGBC18TKB	AMPCA	Ampulla of Vater	Ampullary Carcinoma	Ampullary Carcinoma	AMPCA		CVCL_3338	79.0	Adult	Female		Primary	large_intestine	RIKEN		RCB1169	Cell Line											Adherent	MF-002-008	DMEM + 5% FBS	False						TGBC18TKB_LARGE_INTESTINE		False	HMB-MDS						False	False	Ampulla of Vater	-0.2537555544129984
ACH-002024	-0.35015127711110716	-0.3772252281767429	-0.33661862672576004	0.07497433303749212	-0.3096351030190726	0.35015127711110716	PT-2Stxl0	ECC4	ECC4	READ	Bowel	Colorectal Adenocarcinoma	Rectal Adenocarcinoma	READ		CVCL_1190	45.0	Adult	Male		Primary	large_intestine	RIKEN		RCB0982	Cell Line											Adherent	MF-001-001	RPMI + 10% FBS	False						ECC4_LARGE_INTESTINE		False	HMB-MDS			SIDM00069			False	False	Bowel	0.8028354320753357
ACH-002025	-0.28438905894504163	-0.009502754222043379	-0.35080697546172307	-0.3612655043274886	-0.4813157407154898	0.28438905894504163	PT-mIVrGc	TT1TKB	TT1TKB	READ	Bowel	Colorectal Adenocarcinoma	Rectal Adenocarcinoma	READ		CVCL_8764		Unknown	Male		Primary	large_intestine	RIKEN		RCB1185	Cell Line											Adherent	MF-002-001	DMEM + 10% FBS	False						TT1TKB_LARGE_INTESTINE		False	HMB-MDS						False	False	Bowel	0.652054206111585
ACH-002026	-0.23280145446816528	-0.17839267109285997	0.2507539802369514	0.5971449455790985	-0.30390784654747854	0.23280145446816528	PT-cgXnS7	HHUA	HHUA	UCEC	Uterus	Endometrial Carcinoma	Endometrial Carcinoma	UCEC		CVCL_3866	54.0	Adult	Female		Primary	endometrium	RIKEN		RCB0658	Cell Line											Adherent	MF-004-002	F12 + 15% FBS	False						HHUA_ENDOMETRIUM		False	HMB-MDS						False	False	Uterus	0.5337728819032983
ACH-002027	-0.1980101176705124	-0.14847973124350772	0.26389489200661154	1.115901357156635	-0.3717527969388899	0.1980101176705124	PT-vIwQtl	HOUA-I	HOUAI	UCEC	Uterus	Endometrial Carcinoma	Endometrial Carcinoma	UCEC		CVCL_3867	55.0	Adult	Female		Primary	endometrium	RIKEN		RCB0659	Cell Line											Adherent	MF-004-002	F12 + 15% FBS	False						HOUAI_ENDOMETRIUM		False	HMB-MDS						False	False	Uterus	0.45400245198834727
ACH-002029	-0.3201477722814265	-0.3380709117490863	0.06888338908048112	-0.2754663975929812	-0.28345674518022784	0.3201477722814265	PT-rJXazG	SAS	SAS	OCSC	Head and Neck	Head and Neck Squamous Cell Carcinoma	Oral Cavity Squamous Cell Carcinoma	OCSC		CVCL_1675	69.0	Adult	Female		Primary	upper_aerodigestive_tract	RIKEN		RCB1974	Cell Line											Adherent	MF-001-001	RPMI + 10% FBS	False						SAS_UPPER_AERODIGESTIVE_TRACT		False	HMB-MDS			SIDM00351			False	False	Head and Neck	0.7340426606696563
ACH-002030	0.07007390884606612	0.08274542803721466	-0.07349095618314279	0.011874525647973977	-0.7146362710999369	-0.07007390884606612	PT-f3QT3w	Sa3	SA3	OCSC	Head and Neck	Head and Neck Squamous Cell Carcinoma	Oral Cavity Squamous Cell Carcinoma	OCSC		CVCL_8063	63.0	Adult	Male		Primary	upper_aerodigestive_tract	RIKEN		RCB0980	Cell Line											Adherent	MF-014-001	BME + 20% FBS + 2mM Glutamine	False						SA3_UPPER_AERODIGESTIVE_TRACT		False	HMB-MDS						False	False	Head and Neck	-0.16066717605541647
ACH-002033	-0.14435381400905753	-0.13219783110881453	-0.31197886221811943	-0.3729802422919063	-0.7705803015954791	0.14435381400905753	PT-zLKvmC	HMMME	HMMME	PLEMESO	Pleura	Pleural Mesothelioma	Pleural Mesothelioma, Epithelioid Type	PLEMESO		CVCL_8163	72.0	Adult	Male		Primary	pleural_effusion	RIKEN		RCB0819	Cell Line											Adherent	MF-004-002	F12 + 15% FBS	False						HMMME_LUNG		False	HMB-MDS						False	False	Pleura	0.3309779635757557
ACH-002034	-0.3806254258597959	-0.382265773432343	-0.17201815052306402	-0.09220340096862473	-0.8958087126666407	0.3806254258597959	PT-9ZIcAY	T3M-11	T3M11	NUTCL	Lung	Non-Small Cell Lung Cancer	NUT Carcinoma of the Lung	NUTCL		CVCL_8066		Unknown	Male		Primary	lung	RIKEN		RCB1022	Cell Line											Adherent	MF-004-001	F12 + 10% FBS	False						T3M11_LUNG		False	HMB-MDS						False	False	Lung	0.872707307396294
ACH-002035	0.007428096084924472	0.0399503262248335	0.2423486242915935	0.6430214075615631	-0.02294758478376283	-0.007428096084924472	PT-5NWbnb	LCAM1	LCAM1	NSCLCPD	Lung	Non-Small Cell Lung Cancer	Poorly Differentiated Non-Small Cell Lung Cancer	NSCLCPD		CVCL_E062	53.0	Adult	Male		Primary	lung	RIKEN		RCB1425	Cell Line											Adherent	MF-001-006	RPMI + 10% FBS + 50uM 2-Mercaptoethanol	False						LCAM1_LUNG		False	HMB-MDS						False	False	Lung	-0.01703132080236603
ACH-002038	-0.2060998511835543	0.26152523863508226	-0.25178563218619204	-0.08803811472336509	-0.3496116377416782	0.2060998511835543	PT-BC5ORj	HSKTC	HSKTC	OOVC	Ovary/Fallopian Tube	Ovarian Cancer, Other	Ovarian Cancer, Other	OOVC		CVCL_8234	46.0	Adult	Female		Primary	ovary	RIKEN		RCB0515	Cell Line											Adherent	MF-004-002	F12 + 15% FBS	False						HSKTC_OVARY		False	HMB-MDS						False	False	Ovary/Fallopian Tube	0.47255079130586025
ACH-002039	-0.062189633901457035	-0.05480755499257801	0.04172185933212386	-0.20430200068766727	-0.024165631677814735	0.062189633901457035	PT-mXNlfw	PK-8	PK8	PAAD	Pancreas	Pancreatic Adenocarcinoma	Pancreatic Adenocarcinoma	PAAD		CVCL_4718		Unknown	Unknown		Metastatic	liver	RIKEN		RCB2700	Cell Line											Adherent	MF-001-001	RPMI + 10% FBS	False						PK8_PANCREAS		False	HMB-MDS						False	False	Pancreas	0.1425899171803976
ACH-002040	-0.3270784304601203	-0.21907401235161642	-0.3175300980424438	-0.16753513300075507	-0.7167593346418323	0.3270784304601203	PT-YbtlK5	HMV-II	HMVII	VMM	Vulva/Vagina	Mucosal Melanoma of the Vulva/Vagina	Mucosal Melanoma of the Vulva/Vagina	VMM		CVCL_1282	65.0	Adult	Female		Primary	skin	RIKEN			Cell Line											Adherent	MF-004-001	F12 + 10% FBS	False						HMVII_SKIN		False	HMB-MDS			SIDM00291			False	False	Vulva/Vagina	0.7499334436459884
ACH-002041	-0.27218368052483705	-0.29339672248864634	0.08379351217412839	0.14746514797548432	-0.5538860627819779	0.27218368052483705	PT-PqWEZm	HOTHC	HOTHC	THAP	Thyroid	Anaplastic Thyroid Cancer	Anaplastic Thyroid Cancer	THAP		CVCL_8708	80.0	Adult	Female		Primary	thyroid	RIKEN		RCB0662	Cell Line											Adherent	MF-004-002	F12 + 15% FBS	False						HOTHC_THYROID		False	HMB-MDS						True	True	Thyroid	0.6240694152564068
ACH-002042	0.5786450482440053	-0.29668762014918276	0.41532885823580645	1.4020016753021287	0.05570733433561363	-0.5786450482440053	PT-vhf9cn	T3M-5	T3M5	HNSC	Head and Neck	Head and Neck Squamous Cell Carcinoma	Head and Neck Squamous Cell Carcinoma	HNSC		CVCL_8064	71.0	Adult	Female		Primary	thyroid	RIKEN		RCB1012	Cell Line											Adherent	MF-004-001	F12 + 10% FBS	False						T3M5_THYROID		False	HMB-MDS						True	True	Head and Neck	-1.3267315520252125
ACH-002043	0.1726617854318308	0.14084288930442204	0.036101105257554666	-0.4287042475142567	-0.6614406801020385	-0.1726617854318308	PT-gB4Jfi	Ca9-22	CA922	OCSC	Head and Neck	Head and Neck Squamous Cell Carcinoma	Oral Cavity Squamous Cell Carcinoma	OCSC		CVCL_1102	43.0	Adult	Male		Primary	upper_aerodigestive_tract	RIKEN		RCB1976	Cell Line											Adherent	MF-006-001	MEM + 10% FBS	False					Depmap has correct JCRB stock	CA922_UPPER_AERODIGESTIVE_TRACT		False	HMB-MDS			SIDM00489			False	False	Head and Neck	-0.39588317442028725
ACH-002044	-0.21040184318609315	-0.19739227397558876	0.009072228248771087	0.2864254369591351	-0.6126751623532313	0.21040184318609315	PT-v9ccBc	HSQ-89	HSQ89	SNSC	Head and Neck	Head and Neck Squamous Cell Carcinoma	Sinonasal Squamous Cell Carcinoma	SNSC		CVCL_7674	74.0	Adult	Male		Primary	upper_aerodigestive_tract	RIKEN		RCB0789	Cell Line											Adherent	MF-002-001	DMEM + 10% FBS	False						HSQ89_UPPER_AERODIGESTIVE_TRACT		False	HMB-MDS						False	False	Head and Neck	0.4824145040320799
ACH-002045	-0.31735594052673344	-0.2883282842309581	-0.05859221785330812	0.27473755251834786	-0.46738883777338647	0.31735594052673344	PT-a3mx1w	HO-1-u-1	HO1U1	OCSC	Head and Neck	Head and Neck Squamous Cell Carcinoma	Oral Cavity Squamous Cell Carcinoma	OCSC		CVCL_2784	72.0	Adult	Male		Primary	upper_aerodigestive_tract	RIKEN		RCB2102	Cell Line											Adherent	MF-001-001	RPMI + 10% FBS	False						HO1U1_UPPER_AERODIGESTIVE_TRACT		False	HMB-MDS			SIDM00591			False	False	Head and Neck	0.727641480381088
ACH-002046	-0.3381591448186448	-0.30886153346900147	-0.3892236838598042	-0.20384175317861447	-0.1421876831599711	0.3381591448186448	PT-SKC9qY	HTMMT	HTMMT	UCS	Uterus	Endometrial Carcinoma	Uterine Carcinosarcoma/Uterine Malignant Mixed Mullerian Tumor	UCS		CVCL_8721	66.0	Adult	Female		Primary	endometrium	RIKEN		RCB0660	Cell Line											Adherent	MF-004-002	F12 + 15% FBS	False						HTMMT_ENDOMETRIUM		False	HMB-MDS						False	False	Uterus	0.775339577169547
ACH-002047	-0.25755258731924496	-0.304302472082606	-0.038989526819439915	-0.3114922865734399	-0.2508268483229959	0.25755258731924496	PT-pzAgyf	HIRS-BM	HIRSBM	UCS	Uterus	Endometrial Carcinoma	Uterine Carcinosarcoma/Uterine Malignant Mixed Mullerian Tumor	UCS		CVCL_E060	16.0	Pediatric	Female		Metastatic	haematopoietic_and_lymphoid_tissue	RIKEN		RCB0978	Cell Line											Adherent	MF-004-002	F12 + 15% FBS	False						HIRSBM_ENDOMETRIUM		False	HMB-MDS						False	False	Uterus	0.5905228860751959
ACH-002048	0.006526803645720194	0.22089231473366291	-0.10708368000259573	-0.43714747481302285	-0.8699850567120322	-0.006526803645720194	PT-oslMHT	RMS-YM	RMSYM	ERMS	Soft Tissue	Rhabdomyosarcoma	Embryonal Rhabdomyosarcoma	ERMS		CVCL_A792	2.0	Pediatric	Male		Primary	Uachus	RIKEN		RCB1695	Cell Line											Adherent	MF-001-009	RPMI + 10% FBS + 100uM NEAA + 20mM HEPES	False						RMSYM_SOFT_TISSUE		True	HMB-MDS						False	False	Soft Tissue	-0.01496481540268646
ACH-002050	-0.36258754945607763	-0.31464844996553865	-0.21817175788275955	-0.29275616559130846	-0.13198184436639473	0.36258754945607763	PT-ok8IRb	HTST	HTST	EGCT	Other	Extra Gonadal Germ Cell Tumor	Extra Gonadal Germ Cell Tumor	EGCT		CVCL_8722	0.0	Pediatric	Female		Primary	Embryonal	RIKEN		RCB0967	Cell Line											Adherent	MF-004-002	F12 + 15% FBS	False						HTST_EMBRYONAL		False	HMB-MDS						False	False	Other	0.8313496221815531
ACH-002051	-0.19163678086515953	-0.2751401145575482	0.3404695210060679	1.0178954983050035	-0.36506794395350545	0.19163678086515953	PT-K31XId	Lu-134-A	LU134A	SCLC	Lung	Lung Neuroendocrine Tumor	Small Cell Lung Cancer	SCLC		CVCL_1387	80.0	Adult	Male		Primary	lung	RIKEN		RCB0466	Cell Line											Suspension	MF-001-001	RPMI + 10% FBS	False						LU134A_LUNG		False	HMB-MDS			SIDM00296			False	False	Lung	0.4393895091194755
ACH-002052	0.21890190251343694	0.012494622027061995	0.5001606053035091	0.7900359250341252	-0.24750597378726322	-0.21890190251343694	PT-0531Uw	Lu-139	LU139	SCLC	Lung	Lung Neuroendocrine Tumor	Small Cell Lung Cancer	SCLC		CVCL_1390	63.0	Adult	Male		Primary	lung	RIKEN		RCB0469	Cell Line											Suspension	MF-001-001	RPMI + 10% FBS	False						LU139_LUNG		False	HMB-MDS			SIDM00293			False	False	Lung	-0.5019036484357104
ACH-002055	-0.1456778718385375	-0.16862732096086305	-0.28967215917315337	-0.022839231100483415	-1.2720850700249091	0.1456778718385375	PT-tk6NTJ	TL-1	TL1	BL	Lymphoid	Mature B-Cell Neoplasms	Burkitt Lymphoma	BL	ID3 Glu53Ter, NCOR1 Ile1927fs, TP53 Tyr236Ser	CVCL_B371	10.0	Pediatric	Male		Primary	haematopoietic_and_lymphoid_tissue	RIKEN		RCB1871	Cell Line											Suspension	MF-001-001	RPMI + 10% FBS	False						TL1_HAEMATOPOIETIC_AND_LYMPHOID_TISSUE		True	HMB-MDS						False	False	Lymphoid	0.33401379582630036
ACH-002059	-0.3644815594641944	-0.3461092449394247	-0.24419229267620857	-0.012780451803008352	-1.0378785393031689	0.3644815594641944	PT-reOMOW	P30/OHK	P30OHK	BALL	Lymphoid	B-Cell Acute Lymphoblastic Leukemia	B-Cell Acute Lymphoblastic Leukemia		MEF2D-HNRNPUL1 [only in PMID: 35354797. Not consistent with Karyotyping results in DSMZ]	CVCL_1631	11.0	Pediatric	Female		Primary	bone_marrow	RIKEN	RIKEN; DSMZ	RCB1938; ACC 727	Cell Line											Suspension	MF-001-001	RPMI + 10% FBS	False						P30OHK_HAEMATOPOIETIC_AND_LYMPHOID_TISSUE		True	HMB-MDS	MEF2D::HNRNPUL1		SIDM00364		ACH-003507	False	False	Lymphoid	0.835692254759583
ACH-002060	0.06838400229454888	0.055417247879481844	-0.09603788440780064	-0.009736322876818526	-1.0711395338976455	-0.06838400229454888	PT-DWKd8J	MY	MY	ALAL	Myeloid	Acute Leukemias of Ambiguous Lineage	Acute Leukemias of Ambiguous Lineage	ALAL	BCR-ABL1 (e1-a2, with a deletion of a2 exon of ABL1)	CVCL_3034	52.0	Adult	Female		Primary	haematopoietic_and_lymphoid_tissue	RIKEN		RCB1701	Cell Line											Suspension	MF-001-001	RPMI + 10% FBS	False						MY_HAEMATOPOIETIC_AND_LYMPHOID_TISSUE		True	HMB-MDS	BCR::ABL1		SIDM00563			False	False	Myeloid	-0.1567925168862489
ACH-002061	-0.1721481129058933	-0.17792045352794006	-0.35994698908938627	0.1326737807973829	0.2199557644366085	0.1721481129058933	PT-y8u0p3	P2UR/K-562	P2URK562	CMLBCRABL1	Myeloid	Myeloproliferative Neoplasms	Chronic Myeloid Leukemia, BCR-ABL1+	CMLBCRABL1	BCR-ABL1 (e14-a2)	CVCL_L434	53.0	Adult	Female		Primary	pleural_effusion	RIKEN		RCB1197	Cell Line											Suspension	MF-002-008	DMEM + 5% FBS	False						P2URK562_HAEMATOPOIETIC_AND_LYMPHOID_TISSUE		True	HMB-MDS						False	False	Myeloid	0.39470541346019977
ACH-002062	-0.32832122992282076	-0.36212301076462816	-0.382736283352127	-0.252129284494855	-0.6120358185610346	0.32832122992282076	PT-2hETfh	SLVL	SLVL	SMZL	Lymphoid	Mature B-Cell Neoplasms	Splenic Marginal Zone Lymphoma	SMZL		CVCL_3169	70.0	Adult	Female		Primary	haematopoietic_and_lymphoid_tissue	RIKEN		RCB1702	Cell Line											Suspension	MF-001-001	RPMI + 10% FBS	False						SLVL_HAEMATOPOIETIC_AND_LYMPHOID_TISSUE		False	HMB-MDS			SIDM00374			False	False	Lymphoid	0.7527829647211421
ACH-002065	-0.2504385543461253	-0.20810438979056436	-0.054208243523778905	1.0541294907172454	0.05035247023151958	0.2504385543461253	PT-KE06kr	HS-PSS	HSPSS	MPNST	Peripheral Nervous System	Nerve Sheath Tumor	Malignant Peripheral Nerve Sheath Tumor	MPNST		CVCL_8717		Unknown	Male		Metastatic	prostate	RIKEN		RCB2362	Cell Line											Adherent	MF-002-001	DMEM + 10% FBS	False						HSPSS_CENTRAL_NERVOUS_SYSTEM		False	HMB-MDS						False	False	Peripheral Nervous System	0.5742116568747939
ACH-002066	-0.288111208910804	-0.19610190048568293	-0.09030050366240355	0.16331551420495005	0.2867141684903555	0.288111208910804	PT-coZfvw	HS-Sch-2	HSSCH2	MPNST	Peripheral Nervous System	Nerve Sheath Tumor	Malignant Peripheral Nerve Sheath Tumor	MPNST		CVCL_8718	54.0	Adult	Female		Primary	central_nervous_system	RIKEN		RCB2230	Cell Line											Adherent	MF-002-001	DMEM + 10% FBS	False						HSSCH2_CENTRAL_NERVOUS_SYSTEM		False	HMB-MDS						False	False	Peripheral Nervous System	0.6605884428011283
ACH-002067	0.18297780386861442	0.16055743036490078	0.12519685307595452	-0.32523247045287096	-1.1640282620905413	-0.18297780386861442	PT-EcVEYs	NOS-1	NOS1	OS	Bone	Osteosarcoma	Osteosarcoma	OS		CVCL_1610	16.0	Pediatric	Male		Primary	bone	RIKEN		RCB1032	Cell Line											Adherent	MF-001-001	RPMI + 10% FBS	False						NOS1_BONE		True	HMB-MDS			SIDM00242			False	False	Bone	-0.41953599438805306
ACH-002069	0.16454200912225467	-0.23817336555390903	-0.22451030183660267	-0.167275060290303	-0.5020357248739249	-0.16454200912225467	PT-3pqp8N	HS-Os-1	HSOS1	OS	Bone	Osteosarcoma	Osteosarcoma	OS		CVCL_8716	11.0	Pediatric	Female		Primary	bone	RIKEN			Cell Line											Adherent	MF-002-001	DMEM + 10% FBS	False						HSOS1_BONE		True	HMB-MDS						False	False	Bone	-0.3772659522423852
ACH-002070	-0.21185155628822694	-0.1566803132750984	-0.24803712334943176	0.0426299460349146	-0.2430767246056918	0.21185155628822694	PT-kM7sLu	HKBMM	HKBMM	MNG	CNS/Brain	Meningothelial Tumor	Meningioma	MNG		CVCL_8162	52.0	Adult	Female		Primary	central_nervous_system	RIKEN		RCB0680	Cell Line											Adherent	MF-004-002	F12 + 15% FBS	False						HKBMM_CENTRAL_NERVOUS_SYSTEM		False	HMB-MDS						False	False	CNS/Brain	0.4857384417721886
ACH-002074	0.08599466756627444	0.059742901957793824	0.565773601627114	1.097963733489364	-0.2571352474335667	-0.08599466756627444	PT-kivgrW	Lu-143	LU143	SCLC	Lung	Lung Neuroendocrine Tumor	Small Cell Lung Cancer	SCLC		CVCL_3348	60.0	Adult	Male		Primary	lung	RIKEN		RCB1773	Cell Line											Suspension	MF-001-001	RPMI + 10% FBS	False						LU143_LUNG		False	HMB-MDS						False	False	Lung	-0.1971706819445291
ACH-002075	-0.1881774598917626	-0.2836077675392006	0.22042608820410278	0.7719413540607408	0.08525592164859234	0.1881774598917626	PT-TfxyGt	Lu-138	LU138	SCLC	Lung	Lung Neuroendocrine Tumor	Small Cell Lung Cancer	SCLC		CVCL_3350	78.0	Adult	Male		Primary	lung	RIKEN		RCB1785	Cell Line											Mixed	MF-001-001	RPMI + 10% FBS	False						LU138_LUNG		False	HMB-MDS						False	False	Lung	0.43145789318684774
ACH-002077	0.16814038248099358	-0.15147979933295208	0.769963250000179	1.3400936054838333	-0.07456054376582502	-0.16814038248099358	PT-qVbV4Q	Lu-165	LU165	SCLC	Lung	Lung Neuroendocrine Tumor	Small Cell Lung Cancer	SCLC		CVCL_1391	50.0	Adult	Male		Metastatic	lymph_node	RIKEN		RCB1184	Cell Line											Suspension	MF-001-001	RPMI + 10% FBS	False						LU165_LUNG		False	HMB-MDS			SIDM00292			False	False	Lung	-0.3855163908929769
ACH-002080	0.3843711219444462	0.37128325735405665	0.2134350014455358	-0.6429000493857935	-0.793067461065547	-0.3843711219444462	PT-rlExpa	TN-2	TN2	NBL	Peripheral Nervous System	Neuroblastoma	Neuroblastoma	NBL		CVCL_5602		Unknown	Male		Primary	autonomic_ganglia	RIKEN		RCB1896	Cell Line											Adherent	MF-001-001	RPMI + 10% FBS	False						TN2_AUTONOMIC_GANGLIA		True	HMB-MDS						False	False	Peripheral Nervous System	-0.8812955312044536
ACH-002084	-0.2843058670227448	-0.13111591802370787	-0.4154680051121188	-0.38188534903945537	-0.5704309221251485	0.2843058670227448	PT-Qsi22o	MMAc	MMAC	MEL	Skin	Melanoma	Melanoma	MEL		CVCL_5951	39.0	Adult	Female		Metastatic	ascites	RIKEN		RCB0808	Cell Line											Adherent	MF-001-001	RPMI + 10% FBS	False						MMAC_SKIN		False	HMB-MDS			SIDM00246		ACH-002548	False	False	Skin	0.6518634616327033
ACH-002142	-0.26387616641213646	-0.21173259610134385	-0.28129602384511443	-0.49891389950753373	0.2200268950275557	0.26387616641213646	PT-3yhqod	HuO-3N1	HUO3N1	OS	Bone	Osteosarcoma	Osteosarcoma	OS		CVCL_1297	15.0	Pediatric	Female		Primary	bone	JCRB		JCRB0413	Cell Line											Adherent	MF-001-001	RPMI + 10% FBS	False						HUO3N1_BONE		True	HMB-MDS		2101.0	SIDM00584	909977.0		False	False	Bone	0.6050217432411321
ACH-002170	0.2068147673791812	0.13882670693338045	0.060918117955800516	0.5220485016243914	-0.5309619586022055	-0.2068147673791812	PT-tr3kfu	NCI-H1688	NCIH1688	SCLC	Lung	Lung Neuroendocrine Tumor	Small Cell Lung Cancer	SCLC		CVCL_1487	50.0	Adult	Male		Metastatic	liver	ATCC			Cell Line											Adherent	MF-001-001	RPMI + 10% FBS	False						NCIH1688_LUNG		False	HMB-MDS		348.0	SIDM00792	1298349.0		False	False	Lung	-0.474189968685275
ACH-002178	-0.017437542910025812	0.03162869723965291	-0.08614983774928635	-0.2921330030306236	0.630408753443282	0.017437542910025812	PT-8IZOGw	NY	NY	OS	Bone	Osteosarcoma	Osteosarcoma	OS		CVCL_1613	15.0	Pediatric	Male		Primary	bone	JCRB		JCRB0614	Cell Line											Adherent	MF-015-001	EMEM + 10% FBS	False						NY_BONE		True	HMB-MDS		478.0	SIDM00569	910849.0		False	False	Bone	0.039981225863301925
ACH-002214	1.7576340535014279	1.649349968236321	1.4635678214058325	-0.6510592920083722	-0.715117299078618	-1.7576340535014279	PT-83LwGP	BC-1	BC1	PEL	Lymphoid	Mature B-Cell Neoplasms	Primary Effusion Lymphoma	PEL		CVCL_1079	46.0	Adult	Male		Primary	peritoneum	ATCC		CRL-2230	Cell Line				Unknown							Suspension	MF-001-020	RPMI + 20% FBS	False						BC1_HAEMATOPOIETIC_AND_LYMPHOID_TISSUE		False	HMB-MDS		585.0	SIDM00896	910919.0		False	False	Lymphoid	-4.029946446048194
ACH-002215	1.7110363367201022	1.4505014343860028	1.4334509396206587	-0.4324336842857991	-0.9468269043539845	-1.7110363367201022	PT-tSpUfL	BC-3	BC3	PEL	Lymphoid	Mature B-Cell Neoplasms	Primary Effusion Lymphoma	PEL		CVCL_1080	85.0	Adult	Male			pleural_effusion	ATCC		CRL-2277	Cell Line											Suspension	MF-001-020	RPMI + 20% FBS	False						BC3_PLEURA		False	HMB-MDS		590.0	SIDM00895	910918.0		False	False	Lymphoid	-3.9231060586747417
ACH-002283	0.8582137930691941	-0.20933802073773364	-0.20986934421156672	-0.38474234252402767	-0.7329196677538976	-0.8582137930691941	PT-x400Sq	NB5	NB5	NBL	Peripheral Nervous System	Neuroblastoma	Neuroblastoma	NBL		CVCL_8822	2.0	Pediatric	Female		Metastatic	central_nervous_system				Cell Line											Adherent	MF-001-001	RPMI + 10% FBS	False						NB5_AUTONOMIC_GANGLIA		True	HMB-MDS		2071.0	SIDM00254	949176.0		False	False	Peripheral Nervous System	-1.9677336237533982
ACH-002290	-0.34210917887829684	-0.34194319669652246	-0.46998727154665104	0.012818351942706308	-0.38162397978970464	0.34210917887829684	PT-mzDUGH	NKM-1	NKM1	AML	Myeloid	Acute Myeloid Leukemia	Acute Myeloid Leukemia	AML		CVCL_1607	33.0	Adult	Male		Primary	haematopoietic_and_lymphoid_tissue	JCRB			Cell Line											Suspension	MF-001-001	RPMI + 10% FBS	False						NKM1_HAEMATOPOIETIC_AND_LYMPHOID_TISSUE		True	HMB-MDS		1488.0	SIDM00576	908448.0		False	False	Myeloid	0.7843963120961107
ACH-002291	0.04438959335369476	0.012443442596172673	-0.07618817101479863	-0.6626272463846623	-0.11228594258860358	-0.04438959335369476	PT-4gdieL	NTERA-2 cl.D1	NTERA2CLD1	EMBCA	Testis	Non-Seminomatous Germ Cell Tumor	Embryonal Carcinoma	EMBCA		CVCL_3407	22.0	Adult	Male		Metastatic	lung	ATCC		CRL-1973	Cell Line											Adherent	MF-002-001	DMEM + 10% FBS	False						NTERA2CLD1_TESTIS		False	HMB-MDS		229.0	SIDM01203	908454.0		False	False	Testis	-0.10177754784670898
ACH-002399	-0.14024888542699454	-0.20018031700788352	0.083898340598332	-0.37861864373143406	-0.21665352344007047	0.14024888542699454	PT-iW8GZP	21NT	21NT	IDC	Breast	Invasive Breast Carcinoma	Breast Invasive Ductal Carcinoma	IDC		CVCL_7933	36.0	Adult	Female		Primary	breast	Dana-Farber Cancer Institute	Kornelia Polyak		Cell Line											Adherent	MF-007-008	DMEM:F12 + 5% FBS	False						21NT_BREAST		False	HMB-MDS	HER2+					False	False	Breast	0.3215660826909883
ACH-002400	0.5065904639264611	0.6583527371239893	0.4089346572573968	-0.6817484239725877	-0.14368755306977873	-0.5065904639264611	PT-iW8GZP	21MT-1	21MT1	IDC	Breast	Invasive Breast Carcinoma	Breast Invasive Ductal Carcinoma	IDC		CVCL_7931	37.0	Adult	Female		Metastatic	pleural_effusion	Dana-Farber Cancer Institute	Kornelia Polyak		Cell Line											Adherent	MF-007-008	DMEM:F12 + 5% FBS	False						21MT1_BREAST		False	HMB-MDS	HER2+					False	False	Breast	-1.1615230346927783
ACH-002401	0.27669988661603595	0.33927536641738126	0.2427460288893172	-0.6819017123912197	-0.2527302603842505	-0.27669988661603595	PT-iW8GZP	21MT-2	21MT2	IDC	Breast	Invasive Breast Carcinoma	Breast Invasive Ductal Carcinoma	IDC		CVCL_7932	37.0	Adult	Female		Metastatic	pleural_effusion	Dana-Farber Cancer Institute	Kornelia Polyak		Cell Line											Adherent	MF-007-008	DMEM:F12 + 5% FBS	False						21MT2_BREAST		False	HMB-MDS	HER2+					False	False	Breast	-0.634424283296538
ACH-002403	-0.29697586659023195	-0.23498991523575094	-0.3267939720336902	-0.31415217735690776	0.3239456452566586	0.29697586659023195	PT-BWGhVN	CCLF_MELM_0001_T	CCLFMELM0001T	MEL	Skin	Melanoma	Melanoma	MEL			53.0	Adult	Male		Metastatic	skin	CCLF			Cell Line											Adherent									CCLFMELM0001T_SKIN	HCM-BROD-0332-C43	False							False	False	Skin	0.6809135472445007
ACH-002404	-0.17214586426228862	-0.15126723076774795	-0.22845273631258797	0.23053773178729603	-0.011770635913204232	0.17214586426228862	PT-QEi07R	CCLF_MELM_0002_T	CCLFMELM0002T	MEL	Skin	Melanoma	Melanoma	MEL			77.0	Adult	Male		Metastatic	skin	CCLF			Cell Line											Adherent									CCLFMELM0002T_SKIN	HCM-BROD-0221-C43	False	DS-CA-MDS						False	False	Skin	0.39470025771501777
ACH-002405	0.15179015134716378	0.12738689225223798	0.10926070280557978	-0.4232819586535931	-0.6999632066112277	-0.15179015134716378	PT-MabY4B	CCLF_MELM_0003_T	CCLFMELM0003T	MEL	Skin	Melanoma	Melanoma	MEL			67.0	Adult	Male		Metastatic	skin	CCLF			Cell Line											Adherent	MF-018-001	SMGM	False						CCLFMELM0003T_SKIN		False							False	False	Skin	-0.34802818012545017
ACH-002409	-0.2885400678744058	0.18545932501708953	-0.3172271324071011	-0.5931095185045352	0.43338921335166847	0.2885400678744058	PT-E9sOoS	CCLF_NEURO_0006_T	CCLFNEURO0006T	GB	CNS/Brain	Adult-Type Diffuse Glioma	Glioblastoma, IDH-Wildtype	GB			63.0	Adult	Male	asian	Primary	brain	CCLF			Cell Line				Pre-treatment							Adherent									CCLFNEURO0006T_CENTRAL_NERVOUS_SYSTEM	HCM-BROD-0047-C71	False							False	False	CNS/Brain	0.6615717411462986
ACH-002419	-0.004589201619078262	0.006069650487514407	0.03555969854527168	-0.48382504025802797	0.05922634995201886	0.004589201619078262	PT-C2rTme	CCLF_OVPA_0001_T	CCLFOVPA0001T	UCS	Uterus	Endometrial Carcinoma	Uterine Carcinosarcoma/Uterine Malignant Mixed Mullerian Tumor	UCS				Unknown	Female		Primary	ovary	CCLF			Cell Line											Suspension	MF-042-001	WIT-P	False						CCLFOVPA0001T_OVARY	HCM-BROD-1117-C56	False							False	False	Uterus	0.010522233975929347
ACH-002431	0.12248888308418295	0.1731904666641701	-0.115418354225317	-0.6351207679747637	0.1305704031089793	-0.12248888308418295	PT-tr7FfM	CCLF_PEDS_0014_T1	CCLFPEDS0014T1	NBL	Peripheral Nervous System	Neuroblastoma	Neuroblastoma	NBL			2.0	Pediatric	Male	hispanic_or_latino	Primary	Adrenal Gland	CCLF			Cell Line				Pre-treatment							Adherent	MF-050-002	RETM + 5% FBS	False						CCLFPEDS0014T1_AUTONOMIC_GANGLIA	HCM-BROD-0201-C74	True							False	False	Peripheral Nervous System	-0.2808455139351422
ACH-002433	-0.15151005273428994	-0.11124783242116332	-0.21213503111342286	-0.3247940718858868	-0.11424172536323066	0.15151005273428994	PT-k1gvKS	CCLF_PEDS_0019_T	CCLFPEDS0019T	OS	Bone	Osteosarcoma	Osteosarcoma	OS				Pediatric	Male		Primary	bone	CCLF			Cell Line											Adherent	MF-018-001	SMGM	False						CCLFPEDS0019T_BONE	HCM-BROD-0038-C41	True							False	False	Bone	0.3473859631592705
ACH-002435	-0.1519545624912729	-0.11516027049425612	0.2878435551384116	0.7344096807021003	-0.13180211225996946	0.1519545624912729	PT-NHtv6U	CCLF_PEDS_0022_T	CCLFPEDS0022T	WT	Kidney	Wilms' Tumor	Wilms' Tumor	WT			0.0	Pediatric	Male	caucasian	Primary	kidney	CCLF			Cell Line				Pre-treatment							Adherent									CCLFPEDS0022T_KIDNEY	HCM-BROD-0055-C64	True							False	False	Kidney	0.3484051460271824
ACH-002438	-0.19757847939765663	-0.1432301026817747	-0.12700478041280375	-0.7332898791967615	-0.3720393169961162	0.19757847939765663	PT-6UniAG	CCLF_PEDS_0026_T	CCLFPEDS0026T	WT	Kidney	Wilms' Tumor	Wilms' Tumor	WT			4.0	Pediatric	Male	caucasian	Metastatic	liver	ATCC	PDM-182		Cell Line				Post-treatment							Adherent									CCLFPEDS0026T_KIDNEY	HCM-BROD-0051-C64	True							False	False	Kidney	0.453012781174785
ACH-002440	-0.053858071094076386	-0.1551185666570369	0.5814830580431463	1.3043108357381987	0.26723309486994434	0.053858071094076386	PT-iOLmqe	CCLF_THYR_0008_T	CCLFTHYR0008T	THPA	Thyroid	Well-Differentiated Thyroid Cancer	Papillary Thyroid Cancer	THPA			75.0	Adult	Male	caucasian	Metastatic	pleural_cavity	CCLF			Cell Line				Unknown							Adherent									CCLFTHYR0008T_THYROID		False							True	True	Thyroid	0.12348710572840972
ACH-002446	-0.3536000876811412	-0.3926601667962775	-0.3618185752441604	-0.20593624368963542	-0.21542726351444186	0.3536000876811412	PT-i9nBPr	CCLF_UPGI_0005_T	CCLFUPGI0005T	STAD	Esophagus/Stomach	Esophagogastric Adenocarcinoma	Stomach Adenocarcinoma	STAD		CVCL_B4KV	70.0	Adult	Male	caucasian	Metastatic	pleural_cavity	CCLF			Cell Line				Unknown							Adherent	MF-001-001	RPMI + 10% FBS	False						CCLFUPGI0005T_STOMACH	HCM-BROD-0043-C16	False	In Progress					ACH-003021	False	False	Esophagus/Stomach	0.8107429494974717
ACH-002458	-0.30107636821080164	-0.30580630845870843	-0.17286872046060064	-0.11190029160153624	0.11253970081882027	0.30107636821080164	PT-czDcsE	HT-144_DAB_R	HT144DABR	MEL	Skin	Melanoma	Melanoma	MEL		CVCL_A1VJ	29.0	Adult	Male	caucasian	Metastatic	skin	The Broad Institute	Francisca Vazquez		Cell Line											Adherent	MF-001-001	RPMI + 10% FBS	False		drug adapted		Dabrafenib		HT144_SKIN_FV1_RESISTANT		False	Approved for public sharing - CCLE						False	False	Skin	0.6903152778834298
ACH-002459	-0.21498390215060595	-0.2986648911546906	-0.11237219501309464	-0.36733106809321875	0.31471748609104744	0.21498390215060595	PT-czDcsE	HT-144_DAB_TRAM_R	HT144DABTRAMR	MEL	Skin	Melanoma	Melanoma	MEL		CVCL_A1VL	29.0	Adult	Male	caucasian	Metastatic	skin	The Broad Institute	Francisca Vazquez		Cell Line											Adherent	MF-001-001	RPMI + 10% FBS	False		drug adapted		Dabrafenib and Trametinib		HT144_SKIN_FV3_RESISTANT		False	Approved for public sharing - CCLE						False	False	Skin	0.49292036115452026
ACH-002460	-0.25604278838747246	-0.31764030128166965	-0.18785043267484458	-0.06872929270229228	0.002603909520479508	0.25604278838747246	PT-czDcsE	HT-144_DAB_ROX_R	HT144DABROXR	MEL	Skin	Melanoma	Melanoma	MEL		CVCL_A1VK	29.0	Adult	Male	caucasian	Metastatic	skin	The Broad Institute	Francisca Vazquez		Cell Line											Adherent	MF-001-001	RPMI + 10% FBS	False		drug adapted		Dabrafenib and Roxadustat		HT144_SKIN_FV2_RESISTANT		False	Approved for public sharing - CCLE						False	False	Skin	0.5870611820718948
ACH-002461	-0.15290038296878694	-0.17468114511080857	-0.24179265056024407	-0.5315302191111182	0.07047461481477389	0.15290038296878694	PT-Zy2EsL	RVH421_DAB_R	RVH42DABR	MEL	Skin	Melanoma	Melanoma	MEL		CVCL_A1VM	28.0	Adult	Male	caucasian	Metastatic	central_nervous_system	The Broad Institute	Francisca Vazquez		Cell Line											Adherent	MF-001-001	RPMI + 10% FBS	False		drug adapted		Dabrafenib		RVH421_SKIN_FV1_RESISTANT		False	In Progress						False	False	Skin	0.3505737464046979
ACH-002462	-0.2832172619292264	0.31615241910976355	-0.031144065685258713	0.37956904051881446	0.05637710995126726	0.2832172619292264	PT-JWRsco	RPE1-ss48	RPE1SS48	ZIMMEPCRT	Eye	Non-Cancerous	Immortalized Epithelial Cells, Retinal			CVCL_C8DQ		Unknown	Female			eye	Tel Aviv University	Uri Ben-David		Cell Line											Adherent	MF-002-001	DMEM + 10% FBS	False		engineered clone	Near-diploid control 			RPE1SS48_ENGINEERED		False	HMB-MDS						False	False	Eye	0.649367481187266
ACH-002463	-0.34614449856557855	0.14220888604050477	-0.02415943366894858	-0.23677737430242535	-0.5334879326543097	0.34614449856557855	PT-JWRsco	RPE1-ss77	RPE1SS77	ZIMMEPCRT	Eye	Non-Cancerous	Immortalized Epithelial Cells, Retinal			CVCL_C8DT		Unknown	Female			eye	Tel Aviv University	Uri Ben-David		Cell Line											Adherent	MF-002-001	DMEM + 10% FBS	False		engineered clone	Near-diploid control			RPE1SS77_ENGINEERED		False	HMB-MDS						False	False	Eye	0.7936485920004702
ACH-002464	-0.30925014653643024	0.4440752416426906	0.043269546802477535	0.3852502082407245	-0.272308367133603	0.30925014653643024	PT-JWRsco	RPE1-ss6	RPE1SS6	ZIMMEPCRT	Eye	Non-Cancerous	Immortalized Epithelial Cells, Retinal			CVCL_C8DS		Unknown	Female			eye	Tel Aviv University	Uri Ben-David		Cell Line											Adherent	MF-002-001	DMEM + 10% FBS	False		engineered clone	Single trisomy ch7 after treatment w/ Reversine			RPE1SS6_ENGINEERED		False	HMB-MDS						False	False	Eye	0.7090563172075898
ACH-002465	-0.35308771616656087	0.31412980257480455	-0.2555560640948522	-0.20208781900468972	-0.336902169941915	0.35308771616656087	PT-JWRsco	RPE1-ss119	RPE1SS119	ZIMMEPCRT	Eye	Non-Cancerous	Immortalized Epithelial Cells, Retinal			CVCL_C8DN		Unknown	Female			eye	Tel Aviv University	Uri Ben-David		Cell Line											Adherent	MF-002-001	DMEM + 10% FBS	False		engineered clone	Single trisomy ch8, treatment w/ Reversine			RPE1SS119_ENGINEERED		False	HMB-MDS						False	False	Eye	0.809568171528118
ACH-002466	-0.36643283210727096	0.385077192603363	-0.08464210144576288	-0.012957998374608343	-0.45003389923241305	0.36643283210727096	PT-JWRsco	RPE1-ss111	RPE1SS111	ZIMMEPCRT	Eye	Non-Cancerous	Immortalized Epithelial Cells, Retinal			CVCL_C8DM		Unknown	Female			eye	Tel Aviv University	Uri Ben-David		Cell Line											Adherent	MF-002-001	DMEM + 10% FBS	False			Multiply trisomies for ch8, ch9 and ch18; treatment w/ Reversine;			RPE1SS111_ENGINEERED		False	HMB-MDS						False	False	Eye	0.8401661805108349
ACH-002467	-0.37099008353930657	0.4322447054652542	-0.04155133438672268	-0.06172797776669563	-0.4458126668061791	0.37099008353930657	PT-JWRsco	RPE1-ss51	RPE1SS51	ZIMMEPCRT	Eye	Non-Cancerous	Immortalized Epithelial Cells, Retinal			CVCL_C8DR		Unknown	Female			eye	Tel Aviv University	Uri Ben-David		Cell Line											Adherent	MF-002-001	DMEM + 10% FBS	False		engineered clone	Multiple trisomies ch7 and ch22, treatment w/ Reversine			RPE1SS51_ENGINEERED		False	HMB-MDS						False	False	Eye	0.850615158314658
ACH-002470	0.23743343055159405	0.05646830663052143	0.2724125197132051	-0.21664735958031592	-0.9982797830523623	-0.23743343055159405	PT-873wzV	OS186	OS186	OS	Bone	Osteosarcoma	Osteosarcoma	OS			13.0	Pediatric	Male		Metastatic	bone	UCSF Helen Diller Family Comprehensive Cancer Center	Alejandro Sweet-Cordero		Cell Line		PDX									Adherent	MF-002-001	DMEM + 10% FBS	False						PSS089_BONE		True							False	False	Bone	-0.544393190219701
ACH-002471	0.7956913388719163	0.0035238460000378835	0.4267514882566894	0.31395343237502227	-0.19592905740235875	-0.7956913388719163	PT-UbzBsY	OS052	OS052	OS	Bone	Osteosarcoma	Osteosarcoma	OS		CVCL_C8FR	17.0	Pediatric	Female		Primary	bone	UCSF Helen Diller Family Comprehensive Cancer Center	Alejandro Sweet-Cordero		Cell Line		PDX									Adherent	MF-002-001	DMEM + 10% FBS	False						PSS008_BONE		True	In Progress						False	False	Bone	-1.8243806080396947
ACH-002475	-0.13816946975103006	-0.20358983950247486	0.005966577138668883	0.6040264495011921	-0.8472567665952325	0.13816946975103006	PT-gjpFPM	HAP1	HAP1	CMLBCRABL1	Myeloid	Myeloproliferative Neoplasms	Chronic Myeloid Leukemia, BCR-ABL1+	CMLBCRABL1		CVCL_Y019	40.0	Adult	Male			bone_marrow	Horizon Discovery			Cell Line											Adherent	MF-005-001	IMDM + 10% FBS	False		genetic knockout	Engineered haploid line			HAP1_ENGINEERED		True	HMB-MDS	BCR::ABL1					False	False	Myeloid	0.3167983474525204
ACH-002478	0.7154910682529514	0.6921064527539401	0.45973981436529243	-0.8336093115462332	-0.4192104653048419	-0.7154910682529514	PT-pqMaYc	BC-2	BC2	PEL	Lymphoid	Mature B-Cell Neoplasms	Primary Effusion Lymphoma	PEL		CVCL_1856	31.0	Adult	Male		Primary	pleural_effusion	ATCC		CRL-2231	Cell Line											Suspension	MF-001-020	RPMI + 20% FBS	False						BC2_HAEMATOPOIETIC_AND_LYMPHOID_TISSUE		False	HMB-MDS						False	False	Lymphoid	-1.640495461464877
ACH-002485	0.2999425505308341	0.2963596639255546	0.07312693416353304	-0.13146483915284435	-1.137010338255336	-0.2999425505308341	PT-NJ3wbw	MAVER-1	MAVER1	MCL	Lymphoid	Mature B-Cell Neoplasms	Mantle Cell Lymphoma	MCL		CVCL_1831	82.0	Adult	Male			haematopoietic_and_lymphoid_tissue	ATCC			Cell Line											Suspension	MF-001-001	RPMI + 10% FBS	False						MAVER1_HAEMATOPOIETIC_AND_LYMPHOID_TISSUE		False	HMB-MDS						False	False	Lymphoid	-0.6877156329114009
ACH-002486	-0.08380917273931146	-0.1117144593098684	0.4710547604694958	1.2613148719766836	0.1461156423667503	0.08380917273931146	PT-pyZjZu	MES-OV	MESOV	SOC	Ovary/Fallopian Tube	Ovarian Epithelial Tumor	Serous Ovarian Cancer	SOC		CVCL_CZ92	53.0	Adult	Female		Primary	ascites	ATCC			Cell Line											Adherent	MF-023-001	McCoy's 5A + 10% FBS	False						MESOV_OVARY		False	HMB-MDS						False	False	Ovary/Fallopian Tube	0.1921597258281347
ACH-002490	0.7853346841152252	0.445314310967637	0.8021976734984939	0.6753990403564756	-0.6963935822677089	-0.7853346841152252	PT-0a2F5a	NCI-H1882	NCIH1882	SCLC	Lung	Lung Neuroendocrine Tumor	Small Cell Lung Cancer	SCLC		CVCL_1504	59.0	Adult	Male	caucasian	Metastatic	bone_marrow	ATCC		CRL-5903	Cell Line											Adherent	MF-007-010	DMEM:F12 + 5% FBS + 2mM Glutamine + 5ug/ml Insulin + 10ug/ml Transferrin + 30nM Selenium + 10nM Hydrocortisone + 10nM beta-Estradiol	False						NCIH1882_LUNG		False	HMB-MDS			SIDM00764		ACH-002997	False	False	Lung	-1.8006346161214506
ACH-002497	0.16462203834281247	0.1213024197953386	0.2908696319134287	0.7131030844162335	-0.26259141310011946	-0.16462203834281247	PT-L1sEpb	NCI-H920	NCIH920	LUAD	Lung	Non-Small Cell Lung Cancer	Lung Adenocarcinoma	LUAD		CVCL_1599	43.0	Adult	Male		Primary	lung	ATCC			Cell Line											Suspension	MF-007-014	DMEM:F12 + 0.5% BSA + 2mM Glutamine + 10mM HEPES + 500uM sodium pyruvate + 20ug/ml Insulin + 10ug/ml Transferrin + 25nM Sodium Selenite + 50nM Hydrocortisone + 1ng/ml EGF + 10uM Ethanolamine + 10uM Phosphorylethanolamine + 100pM Triiodo-L-Thyronine 	True						NCIH920_LUNG		False	HMB-MDS						False	False	Lung	-0.3774494452011865
ACH-002498	-0.3008790310228879	-0.2178447628396056	-0.45381939896134177	-0.10198464041925959	-1.0770816362226707	0.3008790310228879	PT-w5ZBmU	SU-DHL-2	SUDHL2	ABC	Lymphoid	Mature B-Cell Neoplasms	Activated B-cell Type	ABC		CVCL_9550	73.0	Adult	Female		Metastatic	pleural_effusion	ATCC		CRL-2956	Cell Line											Suspension	MF-001-001	RPMI + 10% FBS	False						SUDHL2_HAEMATOPOIETIC_AND_LYMPHOID_TISSUE		False							False	False	Lymphoid	0.6898628183412846
ACH-002499	-0.057988717682136676	-0.016183239099168557	-0.07345239785553144	-0.10870764590633679	0.7182952465643798	0.057988717682136676	PT-j6UudO	UACC-3199	UACC3199	IDC	Breast	Invasive Breast Carcinoma	Breast Invasive Ductal Carcinoma	IDC		CVCL_4042	58.0	Adult	Female		Metastatic	lymph_node	ATCC		CRL-2983	Cell Line											Adherent	MF-021-005	L-15 + 5% FBS + 10ug/ml transferrin + 10ug/ml insulin + 5ug/ml (55 U/ml) catalase + 3.6ug/ml (0.01 mM) hydrocortisone + 2mM Glutamine	False						UACC3199_BREAST		False	HMB-MDS	HER2+					False	False	Breast	0.13295795348780148
ACH-002500	0.08248110547659962	0.10189134677501088	0.008751208767107234	-0.048532786929644106	-0.8482746164306777	-0.08248110547659962	PT-GjFsxJ	Z-138	Z138	MCL	Lymphoid	Mature B-Cell Neoplasms	Mantle Cell Lymphoma	MCL		CVCL_B077	70.0	Adult	Male			bone_marrow	ATCC		CRL-3001	Cell Line											Suspension	MF-005-001	IMDM + 10% FBS	False						Z138_HAEMATOPOIETIC_AND_LYMPHOID_TISSUE		False	HMB-MDS						False	False	Lymphoid	-0.18911470065078526
ACH-002501	-0.3709692570231639	-0.31997781640382805	-0.32992347989775256	-0.6832725295838497	-0.40242430263557255	0.3709692570231639	PT-PIWzVv	RMZ	RMZ	ARMS	Soft Tissue	Rhabdomyosarcoma	Alveolar Rhabdomyosarcoma	ARMS		CVCL_8422	3.0	Pediatric	Male		Metastatic	bone_marrow	University of Bologna	Pier Luigi-Lollini		Cell Line											Adherent	MF-002-001	DMEM + 10% FBS	False						RMZ_SOFT_TISSUE		True	HMB-MDS						False	False	Soft Tissue	0.8505674067678866
ACH-002508	-0.20838922084046826	-0.23333627226788825	-0.3039043052832769	-0.7728360672865865	-0.27364998175018196	0.20838922084046826	PT-SogXKU	WM3211	WM3211	ACRM	Skin	Melanoma	Acral Melanoma	ACRM		CVCL_6797	34.0	Adult	Female		Metastatic	lymph_node	QIMR Berghofer	Nicholas Hayward		Cell Line											Adherent	MF-001-001	RPMI + 10% FBS	False						WM3211_SKIN		False	HMB-MDS						False	False	Skin	0.4777999141788448
ACH-002509	-0.3613191568895239	-0.24324126797624832	-0.25750331832323003	-0.443092252442467	0.020582864382644513	0.3613191568895239	PT-mVaoEC	WM4235	WM4235	ACRM	Skin	Melanoma	Acral Melanoma	ACRM		CVCL_A1UG		Unknown	Unknown		Metastatic	skin	QIMR Berghofer	Nicholas Hayward		Cell Line											Adherent	MF-001-001	RPMI + 10% FBS	False						WM4235_SKIN		False	In Progress						False	False	Skin	0.8284414206104727
ACH-002510	-0.31001791260648875	-0.14567407744692168	-0.4673249995791906	-0.519752035684432	-0.9045011009778788	0.31001791260648875	PT-6g2PcW	M040416	M040416	ACRM	Skin	Melanoma	Acral Melanoma	ACRM		CVCL_A1UF	54.0	Adult	Male		Metastatic	skin	QIMR Berghofer	Nicholas Hayward		Cell Line											Adherent	MF-001-001	RPMI + 10% FBS	False						M040416_SKIN		False	In Progress						False	False	Skin	0.7108166700747096
ACH-002511	-0.2597886213436584	-0.26331817044354683	-0.07300849306661554	0.48457396667606606	0.30391848170187774	0.2597886213436584	PT-iI63vt	M104325	M104325	MEL	Skin	Melanoma	Melanoma	MEL		CVCL_A1UE	64.0	Adult	Female		Primary	skin	QIMR Berghofer	Nicholas Hayward		Cell Line											Adherent	MF-001-001	RPMI + 10% FBS	False						M140325_SKIN		False	In Progress						False	False	Skin	0.5956497197024668
ACH-002512	-0.339665981862433	-0.23270042953791403	-0.48807619543136027	-0.37123961353516033	-0.49458948636371936	0.339665981862433	PT-YwNqCa	MM160113	MM160113	ACRM	Skin	Melanoma	Acral Melanoma	ACRM		CVCL_B4KU	86.0	Adult	Male		Metastatic	skin	QIMR Berghofer	Nicholas Hayward		Cell Line											Adherent	MF-001-001	RPMI + 10% FBS	False						MM160113_SKIN		False	In Progress						False	False	Skin	0.7787944900834672
ACH-002522	-0.23365598103965668	-0.23981105488832594	0.4706138481667982	0.696100317829126	0.22088273444275705	0.23365598103965668	PT-7B82nW	SNU-2292	SNU2292	LUAD	Lung	Non-Small Cell Lung Cancer	Lung Adenocarcinoma	LUAD		CVCL_5036	39.0	Adult	Female		Metastatic	pleural_effusion	KCLB			Cell Line											Adherent	MF-001-005	RPMI + 10% FBS + 2mM Glutamine + 25mM HEPES + 25mM Sodium bicarbonate	False						SNU2292_LUNG		False	HMB-MDS						False	False	Lung	0.5357321613750263
ACH-002523	0.0451242767827128	-0.23927061873947303	-0.09875826173126959	0.05033233470253068	-0.3871834083739589	-0.0451242767827128	PT-0yqjae	SNU-739	SNU739	HCC	Liver	Hepatocellular Carcinoma	Hepatocellular Carcinoma	HCC		CVCL_5088	52.0	Adult	Male		Primary	liver	KCLB			Cell Line											Adherent	MF-001-005	RPMI + 10% FBS + 2mM Glutamine + 25mM HEPES + 25mM Sodium bicarbonate	False						SNU739_LIVER		False	HMB-MDS						False	False	Liver	-0.1034620480234344
ACH-002524	-0.28216485513481004	-0.30605171910797085	-0.1460423775472779	0.15317182675504903	-0.4247484340163746	0.28216485513481004	PT-itoB60	SNU-251	SNU251	EOV	Ovary/Fallopian Tube	Ovarian Epithelial Tumor	Endometrioid Ovarian Cancer	EOV		CVCL_5040	47.0	Adult	Female		Metastatic	ascites	KCLB			Cell Line											Adherent	MF-001-005	RPMI + 10% FBS + 2mM Glutamine + 25mM HEPES + 25mM Sodium bicarbonate	False						SNU251_OVARY		False	HMB-MDS						False	False	Ovary/Fallopian Tube	0.6469544970894064
ACH-002526	-0.3354270414861454	-0.341787723551729	-0.21582479884151828	-0.3710519983142309	-0.7344727589287926	0.3354270414861454	PT-z0Yk96	SNU-1327	SNU1327	LUAD	Lung	Non-Small Cell Lung Cancer	Lung Adenocarcinoma	LUAD		CVCL_5022	84.0	Adult	Male		Metastatic	pleural_effusion	KCLB			Cell Line											Adherent	MF-001-005	RPMI + 10% FBS + 2mM Glutamine + 25mM HEPES + 25mM Sodium bicarbonate	False						SNU1327_LUNG		False	HMB-MDS						False	False	Lung	0.7690753436716191
ACH-002528	-0.29869662012131004	-0.3382214410065968	-0.10127826510609285	0.30685772520144855	-0.13066430944746624	0.29869662012131004	PT-Zod1Nb	SNU-267	SNU267	CCRCC	Kidney	Renal Cell Carcinoma	Renal Clear Cell Carcinoma	CCRCC		CVCL_5043	43.0	Adult	Male		Primary	kidney	KCLB			Cell Line											Adherent	MF-001-005	RPMI + 10% FBS + 2mM Glutamine + 25mM HEPES + 25mM Sodium bicarbonate	False						SNU267_KIDNEY		False	HMB-MDS						False	False	Kidney	0.6848589331246152
ACH-002531	-0.06686446621037503	-0.08760156941516344	0.24103207735133816	0.9682659440370383	-0.029917967175564768	0.06686446621037503	PT-GWa6kp	SNU-2535	SNU2535	LUAD	Lung	Non-Small Cell Lung Cancer	Lung Adenocarcinoma	LUAD		CVCL_R756	57.0	Adult	Female		Metastatic	pleural_effusion	KCLB			Cell Line				Post-treatment							Adherent	MF-001-005	RPMI + 10% FBS + 2mM Glutamine + 25mM HEPES + 25mM Sodium bicarbonate	False						SNU2535_LUNG		False	HMB-MDS						False	False	Lung	0.15330848730121713
ACH-002532	-0.3200172245992067	0.22449425823463462	-0.29501295086656426	-0.1404145653579963	-0.6967008743075326	0.3200172245992067	PT-IT0tKB	SNU-1411	SNU1411	READ	Bowel	Colorectal Adenocarcinoma	Rectal Adenocarcinoma	READ		CVCL_5025	42.0	Adult	Male		Primary	Colon	KCLB			Cell Line											Adherent	MF-001-005	RPMI + 10% FBS + 2mM Glutamine + 25mM HEPES + 25mM Sodium bicarbonate	False						SNU1411_LARGE_INTESTINE		False	HMB-MDS						False	False	Bowel	0.7337433377435025
ACH-002533	-0.09299396706157345	-0.31217712484153	0.43408224561080416	1.2839367427090644	-0.11658363119574543	0.09299396706157345	PT-wkGMuS	SNU-482	SNU482	RCC	Kidney	Renal Cell Carcinoma	Renal Cell Carcinoma	RCC		CVCL_5067	37.0	Adult	Male		Primary	kidney	KCLB			Cell Line											Adherent	MF-001-005	RPMI + 10% FBS + 2mM Glutamine + 25mM HEPES + 25mM Sodium bicarbonate	False						SNU482_KIDNEY		False	HMB-MDS						False	False	Kidney	0.21321884741430697
ACH-002535	-0.3436052924508215	-0.28948352941568856	-0.36987052770102663	-0.1848499635109454	-0.43997007952008904	0.3436052924508215	PT-W0h0s9	SNU-254	SNU254	READ	Bowel	Colorectal Adenocarcinoma	Rectal Adenocarcinoma	READ		CVCL_5041	61.0	Adult	Female		Primary	Colon	KCLB			Cell Line											Adherent	MF-001-005	RPMI + 10% FBS + 2mM Glutamine + 25mM HEPES + 25mM Sodium bicarbonate	False						SNU254_LARGE_INTESTINE		False	HMB-MDS						False	False	Bowel	0.7878266379722333
ACH-002538	-0.11428583454035089	-0.2863430622734272	-0.3877402848010444	-0.492264829478049	-0.609100596354976	0.11428583454035089	PT-WkPESC	SNU-1235	SNU1235	COAD	Bowel	Colorectal Adenocarcinoma	Colon Adenocarcinoma	COAD		CVCL_5018	68.0	Adult	Female			Colon	KCLB			Cell Line											Adherent	MF-001-005	RPMI + 10% FBS + 2mM Glutamine + 25mM HEPES + 25mM Sodium bicarbonate	False						SNU1235_LARGE_INTESTINE		False	HMB-MDS						False	False	Bowel	0.2620373631371298
ACH-002539	-0.15517050638073474	0.6037432312958761	-0.369364677793919	-0.5823334062732085	-0.28316642394306174	0.15517050638073474	PT-PWtOWn	SNU-1460	SNU1460	COAD	Bowel	Colorectal Adenocarcinoma	Colon Adenocarcinoma	COAD		CVCL_5026	25.0	Adult	Male		Primary	Colon	KCLB			Cell Line											Adherent	MF-001-005	RPMI + 10% FBS + 2mM Glutamine + 25mM HEPES + 25mM Sodium bicarbonate	False						SNU1460_LARGE_INTESTINE		False	HMB-MDS						False	False	Bowel	0.3557787410154048
ACH-002543	-0.11349809500145444	0.48198805294186137	-0.13096943984830173	-0.4993959928272972	-0.15844397463068938	0.11349809500145444	PT-dKUyPL	SNU-1406	SNU1406	COAD	Bowel	Colorectal Adenocarcinoma	Colon Adenocarcinoma	COAD		CVCL_5024	59.0	Adult	Female		Primary	Colon	KCLB			Cell Line											Suspension	MF-001-005	RPMI + 10% FBS + 2mM Glutamine + 25mM HEPES + 25mM Sodium bicarbonate	False						SNU1406_COLON		False	HMB-MDS						False	False	Bowel	0.26023121461101123
ACH-002544	0.058754395320118113	0.0008482637937693507	-0.04693487634762529	-0.3632057400878656	-0.8604742654681592	-0.058754395320118113	PT-3szZZM	SNU-1750	SNU1750	TSTAD	Esophagus/Stomach	Esophagogastric Adenocarcinoma	Tubular Stomach Adenocarcinoma	TSTAD		CVCL_8914	65.0	Adult	Male		Primary	stomach	KCLB			Cell Line											Adherent	MF-001-005	RPMI + 10% FBS + 2mM Glutamine + 25mM HEPES + 25mM Sodium bicarbonate	False						SNU1750_STOMACH		False	HMB-MDS						False	False	Esophagus/Stomach	-0.13471351794665726
ACH-002643	-0.14655251454433066	-0.15834137962327294	-0.2556172637805283	-0.025231324691085744	-1.1264099631543019	0.14655251454433066	PT-nRHvHf	GRANTA-452	GRANTA452	BALL	Lymphoid	B-Cell Acute Lymphoblastic Leukemia	B-Cell Acute Lymphoblastic Leukemia		IGH-BCL2; IGL-MYC, CDKN2(del)	CVCL_1817		Unknown	Unknown			haematopoietic_and_lymphoid_tissue	DSMZ		ACC-713	Cell Line											Suspension	MF-001-001	RPMI + 10% FBS	False						GRANTA452_HAEMATOPOIETIC_AND_LYMPHOID_TISSUE		True	HMB-MDS	BCL2/MYC					False	False	Lymphoid	0.33601919806389996
ACH-002644	-0.29523988465742657	-0.2787263030575118	-0.42552138155733327	0.10507941649784236	-0.2135949674940736	0.29523988465742657	PT-1aoPoQ	MEGAL	MEGAL	AMLNOS	Myeloid	Acute Myeloid Leukemia	AML, NOS	AMLNOS	SET-NUP214			Unknown	Female		Primary	haematopoietic_and_lymphoid_tissue	DSMZ		ACC-719	Cell Line											Suspension	MF-001-020	RPMI + 20% FBS	False						MEGAL_HAEMATOPOIETIC_AND_LYMPHOID_TISSUE		True	HMB-MDS	SET::NUP214, TP53 and KRAS					False	False	Myeloid	0.6769332453115834
ACH-002647	-0.3321638003338313	-0.30393039893801244	-0.27250901578085523	-0.19585519880352498	-0.31380159982596745	0.3321638003338313	PT-O1x5GT	CCC-5	CCC5	CHOL	Biliary Tract	Intraductal Papillary Neoplasm of the Bile Duct	Cholangiocarcinoma	CHOL		CVCL_LM83	59.0	Adult	Male		Metastatic	pleural_effusion	DSMZ			Cell Line											Adherent	MF-008-001	DMEM:KSFM (2:1) + 20% FBS	False						CCC5_BILIARY_TRACT		False	HMB-MDS						False	False	Biliary Tract	0.7615933043596426
ACH-002648	0.15918452769051453	0.12520454736311667	0.714845800908577	1.2456303946183502	-0.09933449578371405	-0.15918452769051453	PT-u9AiP6	CX-03	CX03	UCS	Uterus	Endometrial Carcinoma	Uterine Carcinosarcoma/Uterine Malignant Mixed Mullerian Tumor	UCS		CVCL_RQ40	49.0	Adult	Female			endometrium	DSMZ		ACC-816	Cell Line											Adherent	MF-002-009	DMEM + 20% FBS	False						CX03_ENDOMETRIUM		False	HMB-MDS						False	False	Uterus	-0.3649821874777007
ACH-002650	-0.0017607787174759165	0.08578820059593725	0.304002781766692	0.3197868873956127	0.13586666792902677	0.0017607787174759165	PT-6fwwV7	ETCC-016	ETCC016	LUAD	Lung	Non-Small Cell Lung Cancer	Lung Adenocarcinoma	LUAD		CVCL_Y086	53.0	Adult	Male		Metastatic	pleural_effusion	DSMZ			Cell Line											Adherent	MF-002-001	DMEM + 10% FBS	False						ETCC016_LUNG		False	HMB-MDS						False	False	Lung	0.004037156608699995
ACH-002651	0.5223605312295604	0.43153670595635046	0.48674338682544005	0.3484336056954156	-0.6292707245739481	-0.5223605312295604	PT-av0qCC	FKH-1	FKH1	AML	Myeloid	Acute Myeloid Leukemia	Acute Myeloid Leukemia	AML	DEK-NUP214, ETV6-ABL1	CVCL_2041	61.0	Adult	Male		Primary	haematopoietic_and_lymphoid_tissue	DSMZ		ACC 614	Cell Line											Suspension	MF-001-020	RPMI + 20% FBS	False						FKH1_HAEMATOPOIETIC_AND_LYMPHOID_TISSUE		True	HMB-MDS	DEK::NUP214, ETV6::ABL1, GATA2 and EZH2					False	False	Myeloid	-1.197681031606562
ACH-002653	-0.2692796880996416	-0.3591375923134817	-0.32969246589166623	0.40596647958739046	-0.6299335753781093	0.2692796880996416	PT-W6W5Ni	JIH-5	JIH5	ALAL	Myeloid	Acute Leukemias of Ambiguous Lineage	Acute Leukemias of Ambiguous Lineage	ALAL	EP300-ZNF384, CHD4-EP300	CVCL_EQ76	21.0	Adult	Female			bone_marrow	DSMZ			Cell Line											Suspension	MF-005-004	IMDM + 20% FBS	False						JIH5_HAEMATOPOIETIC_AND_LYMPHOID_TISSUE		True	HMB-MDS	ZNF384					False	False	Myeloid	0.6174110702329056
ACH-002654	0.16312059410098115	0.7961715942150023	-0.2607059245504511	-0.25814370948242343	-0.3929066672945537	-0.16312059410098115	PT-anuBoi	JVE-015	JVE015	COAD	Bowel	Colorectal Adenocarcinoma	Colon Adenocarcinoma	COAD		CVCL_EG16	66.0	Adult	Female		Primary	Colon	DSMZ		ACC-786	Cell Line											Adherent	MF-001-001	RPMI + 10% FBS	False						JVE015_COLON		False	HMB-MDS						False	False	Bowel	-0.37400689703579687
ACH-002659	-0.33690464464596015	-0.02127011687866831	-0.4691184376555222	-0.7673224970385664	-1.6184305498276645	0.33690464464596015	PT-btmPL5	JVE-127	JVE127	MACR	Bowel	Colorectal Adenocarcinoma	Mucinous Adenocarcinoma of the Colon and Rectum	MACR		CVCL_EG22	60.0	Adult	Male		Primary	Colon	DSMZ			Cell Line											Adherent	MF-001-001	RPMI + 10% FBS	False						JVE127_COLON		False	HMB-MDS						False	False	Bowel	0.7724632284197
ACH-002660	-0.16336676305840753	0.3992450197847899	-0.3900311297057384	-0.31120484919631564	-0.4699465315575545	0.16336676305840753	PT-iZtOKB	JVE-187	JVE187	COAD	Bowel	Colorectal Adenocarcinoma	Colon Adenocarcinoma	COAD		CVCL_EG23	60.0	Adult	Female		Metastatic	liver	DSMZ		ACC-818	Cell Line											Adherent	MF-001-020	RPMI + 20% FBS	False						JVE187_COLON		False	HMB-MDS						False	False	Bowel	0.3745713192561856
ACH-002662	0.08958641686051469	0.402220065053003	-0.152408250871099	-0.35558467572703323	-0.7235935976805246	-0.08958641686051469	PT-iwSeHI	JVE-207	JVE207	COAD	Bowel	Colorectal Adenocarcinoma	Colon Adenocarcinoma	COAD		CVCL_EG25	67.0	Adult	Male		Primary	Colon	DSMZ		ACC-820	Cell Line											Adherent	MF-001-020	RPMI + 20% FBS	False						JVE207_COLON		False	HMB-MDS						False	False	Bowel	-0.20540593277765018
ACH-002664	-0.3459632300828476	-0.3370161634802022	-0.42233807177692945	-0.5920395477346123	-0.18401381658518406	0.3459632300828476	PT-FT4DA3	JVE-253	JVE253	MACR	Bowel	Colorectal Adenocarcinoma	Mucinous Adenocarcinoma of the Colon and Rectum	MACR		CVCL_EG28	48.0	Adult	Female		Metastatic	liver	DSMZ			Cell Line											Adherent	MF-001-001	RPMI + 10% FBS	False						JVE253_COLON		False	HMB-MDS						False	False	Bowel	0.7932329751794903
ACH-002665	-0.2709397190755235	-0.2118393705784395	-0.4249801993395208	-0.3626271553252027	0.029353252463676937	0.2709397190755235	PT-BiMyGU	JVE-367	JVE367	HGNEC	Bowel	Gastrointestinal Neuroendocrine Tumors	High-Grade Neuroendocrine Carcinoma of the Colon and Rectum	HGNEC		CVCL_EG29	61.0	Adult	Female			Colon	DSMZ		ACC-829	Cell Line											Suspension	MF-001-020	RPMI + 20% FBS	False						JVE367_COLON		False	HMB-MDS						False	False	Bowel	0.6212172299498605
ACH-002667	-0.23784175413804254	0.5448272615355637	-0.34667830028694663	-0.5535852278194812	-0.7173112614948807	0.23784175413804254	PT-KCNAWx	JVE-528	JVE528	COAD	Bowel	Colorectal Adenocarcinoma	Colon Adenocarcinoma	COAD		CVCL_EG31	57.0	Adult	Female			Colon	DSMZ		ACC-826	Cell Line											Adherent	MF-001-020	RPMI + 20% FBS	False						JVE528_COLON		False	HMB-MDS						False	False	Bowel	0.5453294045487121
ACH-002668	-0.018105615226690817	0.007360584442012326	-0.13353853299340201	0.2904217099147765	-0.26970273888303314	0.018105615226690817	PT-i0fG3i	KASUMI-3	KASUMI3	AML	Myeloid	Acute Myeloid Leukemia	Acute Myeloid Leukemia	AML	MECOM-TRB (EVI1-TRB)	CVCL_0612	57.0	Adult	Male			bone_marrow	DSMZ		CRL-2725	Cell Line											Suspension	MF-001-020	RPMI + 20% FBS	False						KASUMI3_HAEMATOPOIETIC_AND_LYMPHOID_TISSUE		True	HMB-MDS	MECOM SV, ETV6 and TP53					False	False	Myeloid	0.04151299844866116
ACH-002669	-0.27647990349656687	-0.23165603619396644	-0.3081178320378834	-0.5989004309311582	-0.11680110341226282	0.27647990349656687	PT-53ZOQS	KP-363T	KP363T	COAD	Bowel	Colorectal Adenocarcinoma	Colon Adenocarcinoma	COAD		CVCL_EG34	80.0	Adult	Male		Primary	Colon	DSMZ			Cell Line											Adherent	MF-001-001	RPMI + 10% FBS	False						KP363T_COLON		False	HMB-MDS						False	False	Bowel	0.6339199006073605
ACH-002672	-0.09274255352877579	0.23746937907843726	-0.10429728403244179	0.4470868484812345	-0.3138472998202876	0.09274255352877579	PT-yBlD98	MAPAC-HS-77	MAPACHS77	PAAD	Pancreas	Pancreatic Adenocarcinoma	Pancreatic Adenocarcinoma	PAAD		CVCL_LM84	64.0	Adult	Male		Primary	pancreas	DSMZ			Cell Line											Adherent	MF-007-011	DMEM:F12 + 20% horse serum	False						MAPACHS77_PANCREAS		False	HMB-MDS						False	False	Pancreas	0.21264240030293702
ACH-002675	-0.2968651540612791	-0.33250356333510955	-0.4752194112508177	-0.12152117656579337	-0.4028824511134999	0.2968651540612791	PT-OU3NBa	SH-2	SH2	AML	Myeloid	Acute Myeloid Leukemia	Acute Myeloid Leukemia	AML		CVCL_2190	35.0	Adult	Male			bone	DSMZ			Cell Line											Suspension	MF-005-001	IMDM + 10% FBS	False					SNP fingerprinting rules out HeLa contamination.	SH2_HAEMATOPOIETIC_AND_LYMPHOID_TISSUE		True	HMB-MDS						False	False	Myeloid	0.6806597028440138
ACH-002676	0.2779031452827483	0.3384938127739553	0.09025734205699487	-0.8290277598326163	-0.417895917405031	-0.2779031452827483	PT-KzeVPp	TK-6	TK6	CMLBCRABL1	Myeloid	Myeloproliferative Neoplasms	Chronic Myeloid Leukemia, BCR-ABL1+	CMLBCRABL1	BCR-ABL1 (e14-a2)	CVCL_X907	30.0	Adult	Male			pleural_effusion	DSMZ		ACC-723	Cell Line											Suspension	MF-001-001	RPMI + 10% FBS	False						TK6_HAEMATOPOIETIC_AND_LYMPHOID_TISSUE		True	HMB-MDS	BCR::ABL1, TCR::MYB, TCR::NIPBL					False	False	Myeloid	-0.6371831442653125
ACH-002677	-0.1239478652328691	-0.11406990406713113	-0.24373985815938737	-0.061425516233628574	-1.7292294234732328	0.1239478652328691	PT-6AFvnc	U-2946	U2946	DLBCLNOS	Lymphoid	Mature B-Cell Neoplasms	Diffuse Large B-Cell Lymphoma, NOS	DLBCLNOS		CVCL_X503	52.0	Adult	Male		Metastatic	pleural_effusion	DSMZ		ACC-795	Cell Line											Suspension	MF-001-001	RPMI + 10% FBS	False						U2946_HAEMATOPOIETIC_AND_LYMPHOID_TISSUE		False	HMB-MDS						False	False	Lymphoid	0.2841907039724157
ACH-002678	-0.17233362217055095	-0.1711606170613207	-0.3092506292821889	0.0551421179283621	-1.0570515256948645	0.17233362217055095	PT-EV9I7F	WILL-1	WILL1	DLBCLNOS	Lymphoid	Mature B-Cell Neoplasms	Diffuse Large B-Cell Lymphoma, NOS	DLBCLNOS		CVCL_1900	82.0	Adult	Male			bone_marrow	DSMZ		ACC-651	Cell Line											Suspension	MF-001-020	RPMI + 20% FBS	False						WILL1_HAEMATOPOIETIC_AND_LYMPHOID_TISSUE		False	HMB-MDS						False	False	Lymphoid	0.3951307536499434
ACH-002680	-0.3183918891372085	-0.12134939620429608	-0.3192001520147527	-0.665088771676964	-0.3676309385748189	0.3183918891372085	PT-UACtvx	170-MG-BA	170MGBA	GB	CNS/Brain	Adult-Type Diffuse Glioma	Glioblastoma, IDH-Wildtype	GB		CVCL_LM81	74.0	Adult	Female		Primary	central_nervous_system	DSMZ			Cell Line											Adherent	MF-006-002	MEM + 10% FBS + 2mM Glutamine + 100uM NEAA	False						170MGBA_CENTRAL_NERVOUS_SYSTEM		False	HMB-MDS						False	False	CNS/Brain	0.7300167287513365
ACH-002681	0.046307696015576084	0.17314314926042168	-0.00378188707671035	-0.5501322256693544	-0.5708536022409036	-0.046307696015576084	PT-2QAfke	538-MG-BA	538MGBA	GB	CNS/Brain	Adult-Type Diffuse Glioma	Glioblastoma, IDH-Wildtype	GB		CVCL_LM82	49.0	Adult	Male			central_nervous_system	DSMZ		ACC-80	Cell Line											Adherent	MF-015-002	EMEM + 10% FBS + 2mM Glutamine + 100uM NEAA	False						538MGBA_CENTRAL_NERVOUS_SYSTEM		False	HMB-MDS						False	False	CNS/Brain	-0.10617542065191857
ACH-002687	-0.28741241500345066	-0.3399576270718835	-0.44936821587868203	-0.6226020448200044	-1.340281599623498	0.28741241500345066	PT-VBCF1O	WM3772F	WM3772F	UM	Eye	Ocular Melanoma	Uveal Melanoma	UM		CVCL_0B81		Unknown	Female		Metastatic	lung	Rockland Immunochemicals, Inc.		WM3772F-01-0001	Cell Line											Adherent	MF-001-020	RPMI + 20% FBS	False						WM3772F_EYE		False	In Progress						False	False	Eye	0.6589862309995029
ACH-002688	0.06416044063514284	0.03363029990326103	0.20318774238398962	-0.13234923476008997	0.018708383884910695	-0.06416044063514284	PT-A4Rqd9	OS457	OS457	OS	Bone	Osteosarcoma	Osteosarcoma	OS				Unknown	Male		Primary	bone	UCSF Helen Diller Family Comprehensive Cancer Center	Alejandro Sweet-Cordero		Cell Line											Adherent	MF-002-001	DMEM + 10% FBS	False						PSS141_BONE		True							False	False	Bone	-0.1471086311734742
ACH-002689	0.5115532199706594	0.2287297554000445	0.3319785951701992	-0.4422359851480053	-0.9816193545758347	-0.5115532199706594	PT-EDeFw0	OS525	OS525	OS	Bone	Osteosarcoma	Osteosarcoma	OS			20.0	Adult	Female		Metastatic	bone	UCSF Helen Diller Family Comprehensive Cancer Center	Alejandro Sweet-Cordero		Cell Line											Adherent	MF-002-001	DMEM + 10% FBS	False						PSS050_BONE		True							False	False	Bone	-1.1729017634122632
ACH-002690	-0.09477401520189363	-0.07083833009605653	0.04487138269369869	-0.10907176038209687	0.04058688227075371	0.09477401520189363	PT-6Xf1w4	OS526	OS526	OS	Bone	Osteosarcoma	Osteosarcoma	OS			13.0	Pediatric	Male		Primary	bone	UCSF Helen Diller Family Comprehensive Cancer Center	Alejandro Sweet-Cordero		Cell Line											Adherent	MF-002-001	DMEM + 10% FBS	False						PSS112_BONE		True							False	False	Bone	0.21730018542809174
ACH-002693	-0.0863042295084952	-0.09001364711215362	0.0910641797671636	0.35877147296124534	-0.015214036830310454	0.0863042295084952	PT-DyxJsT	S462	S462	MPNST	Peripheral Nervous System	Nerve Sheath Tumor	Malignant Peripheral Nerve Sheath Tumor	MPNST		CVCL_1Y70		Unknown	Female		Unknown	Unknown	Cincinnati Children's Hospital	Nancy Ratner		Cell Line											Adherent	MF-002-001	DMEM + 10% FBS	False						S462_SOFT_TISSUE		True	HMB-MDS	NF1_Mutant					False	False	Peripheral Nervous System	0.19788045315452543
ACH-002695	-0.32750809535040937	-0.28651392543875764	-0.16140387056138364	-0.5357047339554968	-0.15633310288634478	0.32750809535040937	PT-QHZXgr	STS26T	STS26T	MPNST	Peripheral Nervous System	Nerve Sheath Tumor	Malignant Peripheral Nerve Sheath Tumor	MPNST		CVCL_8917	51.0	Adult	Female		Unknown	Unknown	Cincinnati Children's Hospital	Nancy Ratner		Cell Line											Adherent	MF-001-014	RPMI + 5% FBS	False						STS26T_SOFT_TISSUE		False							False	False	Peripheral Nervous System	0.7509185898396245
ACH-002703	0.16948575728995044	-0.15979388981118384	0.33190264068062525	0.9222460958882188	-0.5572878682404581	-0.16948575728995044	PT-8JGf11	OANC1	OANC1	ESCA	Esophagus/Stomach	Esophagogastric Adenocarcinoma	Esophageal Adenocarcinoma	ESCA		CVCL_W891	44.0	Adult	Male		Primary	oesophagus	Peter MacCallum Cancer Centre	Nicholas Clemons		Cell Line											Adherent	MF-002-001	DMEM + 10% FBS	False						OANC1_OESOPHAGUS		False							False	False	Esophagus/Stomach	-0.3886010992366492
ACH-002705	0.2443187293096202	0.22418122966943013	0.1250756020699581	-0.3472188764686218	0.35584446433177447	-0.2443187293096202	PT-qcon1I	IS076P	IS076P	ESCA	Esophagus/Stomach	Esophagogastric Adenocarcinoma	Esophageal Adenocarcinoma	ESCA			83.0	Adult	Male		Primary	oesophagus	Peter MacCallum Cancer Centre	Nicholas Clemons		Cell Line		PDX		Pre-treatment							Adherent	MF-001-001	RPMI + 10% FBS	False						IS076P_OESOPHAGUS		False							False	False	Esophagus/Stomach	-0.5601799720043457
ACH-002706	-0.14309070009506236	-0.1294995420575601	-0.21588320284245138	-0.17835097487603585	0.1367065994088307	0.14309070009506236	PT-qcon1I	IS076A	IS076A	ESCA	Esophagus/Stomach	Esophagogastric Adenocarcinoma	Esophageal Adenocarcinoma	ESCA			83.0	Adult	Male		Primary	oesophagus	Peter MacCallum Cancer Centre	Nicholas Clemons		Cell Line											Mixed	MF-001-001	RPMI + 10% FBS	False						IS076A_OESOPHAGUS		False							False	False	Esophagus/Stomach	0.32808186502866715
ACH-002708	-0.287517077803431	-0.07042154415141219	-0.3275246031490102	-0.5178218584878688	-0.3920699403452287	0.287517077803431	PT-03AcoW	DL-221	DL221	MRLS	Soft Tissue	Liposarcoma	Myxoid/Round-Cell Liposarcoma	MRLS		CVCL_DQ91	42.0	Adult	Male		Metastatic	pleura	The Broad Institute	Cigall Kadoch		Cell Line											Adherent	MF-002-001	DMEM + 10% FBS	False						DL221_SOFT_TISSUE		False							False	False	Soft Tissue	0.6592262044330933
ACH-002709	0.35996699710006236	0.27267893369719903	0.022765317152075328	0.23273239679555302	-0.6459515314113958	-0.35996699710006236	PT-92FgnG	CMS	CMS	AML	Myeloid	Acute Myeloid Leukemia	Acute Myeloid Leukemia	AML		CVCL_H248	2.0	Pediatric	Female			haematopoietic_and_lymphoid_tissue	DSMZ		ACC-985	Cell Line											Suspension	MF-001-003	RPMI + 10% FBS + 2mM Glutamine	False						CMS_HAEMATOPOIETIC_AND_LYMPHOID_TISSUE		True		CBFA2T3::GLIS2 and TP53					False	False	Myeloid	-0.8253411554971664
ACH-002710	-0.29149204887839614	-0.3566186160363433	-0.09339825018084327	-0.01826150938727568	-0.3187738083558784	0.29149204887839614	PT-nQk25T	MPNST-724	MPNST724	MPNST	Peripheral Nervous System	Nerve Sheath Tumor	Malignant Peripheral Nerve Sheath Tumor	MPNST		CVCL_AU20		Unknown	Unknown		Primary	soft_tissue	Cincinnati Children's Hospital	Nancy Ratner		Cell Line											Adherent	MF-002-001	DMEM + 10% FBS	False						MPNST724_SOFT_TISSUE		False	HMB-MDS						False	False	Peripheral Nervous System	0.6683401155596946
ACH-002711	-0.3276031472027078	-0.30459391249922857	-0.390247349761088	-0.39626286646370873	0.046842580795455856	0.3276031472027078	PT-Jn4RNo	UM-HACC-2A	UMHACC2A	ACYC	Head and Neck	Salivary Carcinoma	Adenoid Cystic Carcinoma	ACYC		CVCL_C4UW	53.0	Adult	Female		Primary	upper_aerodigestive_tract	University of Michigan	Jacques Nor		Cell Line											Adherent									UMHACC2A_UPPER_AERODIGESTIVE_TRACT		False							False	False	Head and Neck	0.7511365270567586
ACH-002716	-0.3430671669915553	-0.30309143485916434	-0.4665501716227326	0.07278910366651314	-0.23252990072397114	0.3430671669915553	PT-93dDAU	MO-91	MO91	AMLMD	Myeloid	Acute Myeloid Leukemia	AML with Minimal Differentiation	AMLMD		CVCL_0086		Unknown	Unknown			Unknown	Academic lab			Cell Line											Suspension	MF-001-001	RPMI + 10% FBS	False						MO91_AML		True							False	False	Myeloid	0.7865928107271491
ACH-002722	-0.3209883338843907	-0.3322459903194362	-0.4195290207825625	-0.7060970146130621	-0.07276109838505895	0.3209883338843907	PT-x8Ej9S	OSU-Des23	OSUDES23	DES	Soft Tissue	Desmoid/Aggressive Fibromatosis	Desmoid/Aggressive Fibromatosis	DES			26.0	Adult	Female		Primary	pelvis	The Ohio State University Comprehensive Cancer Center	Raphael Pollock		Cell Line											Adherent	MF-002-001	DMEM + 10% FBS	False								False		CTNNB1 S45F					False	False	Soft Tissue	0.7359699209191957
ACH-002778	0.4321310144056516	0.506353769817583	0.295867916700818	-0.43306977335579977	-0.2836769571578294	-0.4321310144056516	PT-iPKVUD	NCC-OS1-X2-C1	NCCOS1X2C1	OS	Bone	Osteosarcoma	Osteosarcoma	OS		CVCL_VM08	11.0	Pediatric	Male		Unknown	Unknown	National Cancer Center Research Institute	Tadashi Kondo		Cell Line		PDX									Adherent	MF-007-006	DMEM:F12 + 10% FBS + GlutaMAX	False						NCCOS1X2C1_BONE		True							False	False	Bone	-0.9908005834673262
ACH-002779	0.0036345950692584852	-0.09383952452858169	0.336135083552942	0.1465988528115266	-0.09821256251768348	-0.0036345950692584852	PT-eB3Nou	NCC-ESOS1-C1	NCCESOS1C1	OS	Bone	Osteosarcoma	Osteosarcoma	OS				Pediatric	Unknown			Unknown	National Cancer Center Research Institute	Tadashi Kondo		Cell Line											Adherent	MF-007-006	DMEM:F12 + 10% FBS + GlutaMAX	False								True							False	False	Bone	-0.008333488676441679
ACH-002780	0.45575152594077323	0.6629506557612277	0.25399734079250824	-0.5264776985583361	-0.49534439187877555	-0.45575152594077323	PT-wlbuKV	NCC-ES1-C1	NCCES1C1	ES	Bone	Ewing Sarcoma	Ewing Sarcoma	ES		CVCL_UK81	31.0	Adult	Male		Primary	Unknown	National Cancer Center Research Institute	Tadashi Kondo		Cell Line											Suspension	MF-007-006	DMEM:F12 + 10% FBS + GlutaMAX	False					Patient-derived model	NCCES1C1_BONE		True	In Progress						False	False	Bone	-1.0449582713689543
ACH-002781	0.32703621173502734	0.2872369847550489	0.578294423399971	0.26783985523292714	-0.17442570853578587	-0.32703621173502734	PT-7qgq9Z	NCC-dCS1-C1	NCCDCS1C1	DDCHS	Bone	Chondrosarcoma	Dedifferentiated Chondrosarcoma	DDCHS		CVCL_UZ21	65.0	Adult	Female		Primary	Unknown	National Cancer Center Research Institute	Tadashi Kondo		Cell Line											Adherent	MF-007-006	DMEM:F12 + 10% FBS + GlutaMAX	False					Patient-derived model	NCCDCS1C1_BONE		False	In Progress						False	False	Bone	-0.7498366435181084
ACH-002782	0.0022137697064696163	0.06448377919670309	-0.021799307218170322	0.1543387113162601	-0.06507926349816837	-0.0022137697064696163	PT-z4CfZ2	NCC-UPS1-C1	NCCUPS1C1	MFH	Soft Tissue	Undifferentiated Pleomorphic Sarcoma/Malignant Fibrous Histiocytoma/High-Grade Spindle Cell Sarcoma	Undifferentiated Pleomorphic Sarcoma/Malignant Fibrous Histiocytoma/High-Grade Spindle Cell Sarcoma	MFH		CVCL_B3TP	83.0	Adult	Male		Primary	soft_tissue	National Cancer Center Research Institute	Tadashi Kondo		Cell Line		PDX									Adherent	MF-007-006	DMEM:F12 + 10% FBS + GlutaMAX	False								True							False	False	Soft Tissue	-0.005075785453282384
ACH-002784	-0.28338773829280794	-0.0271630096504753	0.1030119529146126	-0.022872154269679784	0.35172480302990977	0.28338773829280794	PT-ucxyns	NCC-UPS2-C1	NCCUPS2C1	MFH	Soft Tissue	Undifferentiated Pleomorphic Sarcoma/Malignant Fibrous Histiocytoma/High-Grade Spindle Cell Sarcoma	Undifferentiated Pleomorphic Sarcoma/Malignant Fibrous Histiocytoma/High-Grade Spindle Cell Sarcoma	MFH		CVCL_RP62	84.0	Adult	Female		Primary	soft_tissue	National Cancer Center Research Institute	Tadashi Kondo		Cell Line		PDX									Adherent	MF-007-006	DMEM:F12 + 10% FBS + GlutaMAX	False						NCCUPS2C1_SOFT_TISSUE		True	In Progress						False	False	Soft Tissue	0.6497583535728925
ACH-002785	-0.1290285300871731	0.04719261355277658	0.2523539167989648	0.5651518091038287	0.09886416586125484	0.1290285300871731	PT-6sPicj	NCC-LMS1-C1	NCCLMS1C1	LMS	Soft Tissue	Leiomyosarcoma	Leiomyosarcoma	LMS		CVCL_LK56	42.0	Adult	Female		Metastatic	bone	National Cancer Center Research Institute	Tadashi Kondo		Cell Line											Adherent	MF-007-006	DMEM:F12 + 10% FBS + GlutaMAX	False					Patient-derived model			False	In Progress						False	False	Soft Tissue	0.2958397769022307
ACH-002787	-0.26212698806982054	-0.21371807135823281	0.41732678018594505	0.7841448182044881	-0.5086014592754818	0.26212698806982054	PT-AAeREs	NCC-pRMS1-C1	NCCPRMS1C1	PLRMS	Soft Tissue	Rhabdomyosarcoma	Pleomorphic Rhabdomyosarcoma	PLRMS		CVCL_B3TM	73.0	Adult	Male		Primary	soft_tissue	National Cancer Center Research Institute	Tadashi Kondo		Cell Line		PDX									Adherent	MF-007-006	DMEM:F12 + 10% FBS + GlutaMAX	False						NCCPRMS1C1_Sarcoma		False	In Progress						False	False	Soft Tissue	0.6010111842569807
ACH-002789	0.23614189679650685	0.04480878789620627	-0.05734603840727099	-0.5828212297941255	-0.5590015389387871	-0.23614189679650685	PT-5uAdkS	NCC-SS1-C1	NCCSS1C1	SYNS	Soft Tissue	Synovial Sarcoma	Synovial Sarcoma	SYNS		CVCL_VG70	72.0	Adult	Female		Primary	Unknown	National Cancer Center Research Institute	Tadashi Kondo		Cell Line											Adherent	MF-007-006	DMEM:F12 + 10% FBS + GlutaMAX	False								True							False	False	Soft Tissue	-0.5414319299642478
ACH-002790	0.056497624758440945	0.049625189626353	-0.01785089334410735	-0.4157517485317145	-0.4121477239229468	-0.056497624758440945	PT-MEghLj	NCC-SS2-C1	NCCSS2C1	SYNS	Soft Tissue	Synovial Sarcoma	Synovial Sarcoma	SYNS		CVCL_VE84	43.0	Adult	Female		Primary	Unknown	National Cancer Center Research Institute	Tadashi Kondo		Cell Line		Fresh tissue									Adherent	MF-007-006	DMEM:F12 + 10% FBS + GlutaMAX	False								True							False	False	Soft Tissue	-0.12953913907839432
ACH-002792	-0.21016257250750298	-0.20856026129456748	-0.3533933914617313	-0.4669930838830715	-0.6923913018476407	0.21016257250750298	PT-wrg9dD	NCC-CCS1B-C1	NCCCCS1BC1	CCS	Soft Tissue	Clear Cell Sarcoma	Clear Cell Sarcoma	CCS		CVCL_B3TS	43.0	Adult	Female		Unknown	Unknown	National Cancer Center Research Institute	Tadashi Kondo		Cell Line		PDX									Adherent	MF-007-006	DMEM:F12 + 10% FBS + GlutaMAX	False						NCCCCS1BC1_Sarcoma_Clear_Cell		True							False	False	Soft Tissue	0.4818658983545175
ACH-002794	-0.002359527257511443	-0.016623003526238272	-0.3845734407420937	-0.7591755097542715	-0.24641486968139054	0.002359527257511443	PT-HL3ZQx	NCC-MFS1-C1	NCCMFS1C1	MFS	Soft Tissue	Myxofibrosarcoma	Myxofibrosarcoma	MFS		CVCL_VT41	82.0	Adult	Male		Primary	Unknown	National Cancer Center Research Institute	Tadashi Kondo		Cell Line											Adherent	MF-007-006	DMEM:F12 + 10% FBS + GlutaMAX	False								False							False	False	Soft Tissue	0.005409981939539407
ACH-002795	-0.28763025798318353	-0.33148264162414265	-0.3607698339157022	-0.8083941179325375	-0.4107087040180433	0.28763025798318353	PT-5JIQX7	NCC-CDS1-X1-C1	NCCCDS1X1C1	CDS	Soft Tissue	CIC-DUX4 Sarcoma	CIC-DUX4 Sarcoma			CVCL_YL54	29.0	Adult	Female		Primary	soft_tissue	National Cancer Center Research Institute	Tadashi Kondo		Cell Line		PDX									Adherent	MF-007-006	DMEM:F12 + 10% FBS + GlutaMAX	False								True		CIC::DUX4					False	False	Soft Tissue	0.659485706723828
ACH-002796	-0.26060290814448167	-0.09445395437562096	-0.4680473761809602	-0.8239017162805309	-0.4331845299733804	0.26060290814448167	PT-5JIQX7	NCC-CDS1-X3-C1	NCCCDS1X3C1	CDS	Soft Tissue	CIC-DUX4 Sarcoma	CIC-DUX4 Sarcoma			CVCL_YL55	29.0	Adult	Female		Primary	soft_tissue	National Cancer Center Research Institute	Tadashi Kondo		Cell Line		PDX									Adherent	MF-007-006	DMEM:F12 + 10% FBS + GlutaMAX	False								True		CIC::DUX4					False	False	Soft Tissue	0.597516736441534
ACH-002798	-0.18853609928899745	-0.25162004804910143	-0.044830793362337286	-0.11790627213382743	-0.22381992852934876	0.18853609928899745	PT-wu6Inf	NCC-DFSP2-C1	NCCDFSP2C1	DFSP	Skin	Dermatofibrosarcoma Protuberans	Dermatofibrosarcoma Protuberans	DFSP		CVCL_UR54	18.0	Adult	Female			Unknown	National Cancer Center Research Institute	Tadashi Kondo		Cell Line		PDX									Adherent	MF-007-006	DMEM:F12 + 10% FBS + GlutaMAX	False								False							False	False	Skin	0.43228019038882803
ACH-002799	0.15200233512745606	0.201141069081269	0.21798076884615702	-0.07305150178771366	-0.5735128194218903	-0.15200233512745606	PT-qqzgSc	NCC-MPNST1-C1	NCCMPNST1C1	MPNST	Peripheral Nervous System	Nerve Sheath Tumor	Malignant Peripheral Nerve Sheath Tumor	MPNST		CVCL_YU12	37.0	Adult	Female		Unknown	Unknown	National Cancer Center Research Institute	Tadashi Kondo		Cell Line		PDX									Adherent	MF-007-006	DMEM:F12 + 10% FBS + GlutaMAX	False								False	In Progress						False	False	Peripheral Nervous System	-0.34851468029856325
ACH-002800	0.40615949506612464	0.7178028095301551	0.528697428338559	0.3616494431553018	-0.1701031500594555	-0.40615949506612464	PT-WTpRkW	NCC-MPNST2-C1	NCCMPNST2C1	MPNST	Peripheral Nervous System	Nerve Sheath Tumor	Malignant Peripheral Nerve Sheath Tumor	MPNST		CVCL_YU13	54.0	Adult	Male		Unknown	Unknown	National Cancer Center Research Institute	Tadashi Kondo		Cell Line											Adherent	MF-007-006	DMEM:F12 + 10% FBS + GlutaMAX	False								False	In Progress						False	False	Peripheral Nervous System	-0.9312524472370939
ACH-002801	-0.11063945454703099	-0.06134261977926077	0.037207294611816745	0.3230165595836504	0.525756524377203	0.11063945454703099	PT-hmiIEB	NCC-MPNST3-C1	NCCMPNST3C1	MPNST	Peripheral Nervous System	Nerve Sheath Tumor	Malignant Peripheral Nerve Sheath Tumor	MPNST		CVCL_YU14	72.0	Adult	Male		Unknown	Unknown	National Cancer Center Research Institute	Tadashi Kondo		Cell Line											Adherent	MF-007-006	DMEM:F12 + 10% FBS + GlutaMAX	False					Patient-derived model	NCCMPNST3C1_MPNST		False	In Progress						False	False	Peripheral Nervous System	0.25367685369789406
ACH-002802	-0.3834388689294289	-0.3280710130876881	-0.43713665263731766	-0.04406018207370693	0.8297854209330041	0.3834388689294289	PT-hmiIEB	NCC-MPNST3-X2-C1	NCCMPNST3X2C1	MPNST	Peripheral Nervous System	Nerve Sheath Tumor	Malignant Peripheral Nerve Sheath Tumor	MPNST		CVCL_YU15	72.0	Adult	Male			Unknown	National Cancer Center Research Institute	Tadashi Kondo		Cell Line		PDX									Adherent	MF-007-006	DMEM:F12 + 10% FBS + GlutaMAX	False								False							False	False	Peripheral Nervous System	0.8791580386375553
ACH-002806	-0.27562263971914525	-0.28767426133523644	-0.2626302664357829	-0.04436788126231184	0.36513044110045395	0.27562263971914525	PT-k6klta	TB096	TB096	ASTR	CNS/Brain	Adult-Type Diffuse Glioma	Astrocytoma, IDH-Mutant	ASTR			25.0	Adult	Male		Primary	central_nervous_system	Academic lab			Cell Line											Adherent	MF-002-001	DMEM + 10% FBS	False						TB096_BRAIN		True	HMB-MDS	IDH_Mutant					False	False	CNS/Brain	0.6319543452027734
ACH-002834	0.6752462165029827	0.275748307297538	0.06898713182279305	0.16875053189997147	-0.09813603709378664	-0.6752462165029827	PT-EcUHFc	OS384	OS384	OS	Bone	Osteosarcoma	Osteosarcoma	OS		CVCL_C8FU	13.0	Pediatric	Female		Primary	bone	UCSF Helen Diller Family Comprehensive Cancer Center	Alejandro Sweet-Cordero		Cell Line											Adherent	MF-002-001	DMEM + 10% FBS	False						PSS131R_Osteosarcoma		True	In Progress						False	False	Bone	-1.5482210787750157
ACH-002843	-0.2257638343406754	-0.24058631781029444	-0.32148131083451076	-0.5773388656358294	-0.3792765902253416	0.2257638343406754	PT-oXpiq1	CCLF_RARE_0020_T	CCLFRARE0020T	DES	Soft Tissue	Desmoid/Aggressive Fibromatosis	Desmoid/Aggressive Fibromatosis	DES			15.0	Pediatric	Female		Metastatic	abdomen	CCLF			Cell Line											Adherent	MF-002-001	DMEM + 10% FBS	False							HCM-BROD-0762-C49	True		CTNNB1_(t41a)_Mutant					False	False	Soft Tissue	0.5176368539486078
ACH-002844	-0.21142603588836076	-0.18011384419664728	-0.19263791384964352	-0.48808909215052676	-0.465156510715721	0.21142603588836076	PT-7kklUs	CCLF_RARE_0025_T	CCLFRARE0025T	DES	Soft Tissue	Desmoid/Aggressive Fibromatosis	Desmoid/Aggressive Fibromatosis	DES				Unknown	Unknown	unknown	Recurrent	thoracic_cavity	CCLF			Cell Line				Unknown							Adherent	MF-002-001	DMEM + 10% FBS	False								False		CTNNB1_WT					False	False	Soft Tissue	0.48476279816779577
ACH-002846	-0.30653631260931685	-0.20628522582167	-0.42179998372813704	-0.7502936161445678	-0.8048154779485254	0.30653631260931685	PT-jZILSk	YUSEEP-M 16-3517	YUSEEPM163517	ACRM	Skin	Melanoma	Acral Melanoma	ACRM			76.0	Adult	Male		Metastatic	left heel	Yale University	Ruth Halaban		Cell Line											Suspension	MF-036-001	Opti-MEM + 5% FBS	False								False							False	False	Skin	0.7028339722502032
ACH-002847	-0.21380054079955116	-0.2204695490875595	-0.3941900514528979	-0.5004567925230211	0.23303364729300688	0.21380054079955116	PT-AFnHpd	YUHOIN	YUHOIN	MEL	Skin	Melanoma	Melanoma	MEL		CVCL_J521	59.0	Adult	Female		Metastatic	sinonasal	Yale University	Ruth Halaban		Cell Line											Adherent	MF-036-001	Opti-MEM + 5% FBS	False						YUHOIN0650_Melanoma_Skin		False	HMB-MDS						False	False	Skin	0.49020712123886556
ACH-002886	-0.14551089004219597	0.21710472152768875	-0.165313324938509	-0.5356921645537216	-0.5288431141331543	0.14551089004219597	PT-MF3WjU	VACO 432	VACO432	COAD	Bowel	Colorectal Adenocarcinoma	Colon Adenocarcinoma	COAD		CVCL_5402	72.0	Adult	Male			Unknown	Horizon Discovery			Cell Line											Adherent	MF-001-011	RPMI + 10% FBS + 2mM L-glutamine + 25mM sodium bicarbonate	False								False	HMB-MDS						False	False	Bowel	0.3336309358701105
ACH-002921	0.9235250176943366	0.11065615236374057	0.7444069756432726	-0.07559591677174488	-0.07829204212812087	-0.9235250176943366	PT-NvrCXN	BCK4	BCK4	ILC	Breast	Invasive Breast Carcinoma	Breast Invasive Lobular Carcinoma	ILC		CVCL_A9A5	65.0	Adult	Female		Metastatic	pleural_effusion	University of Colorado	Carol Sartorius		Cell Line											Adherent	MF-006-001	MEM + 10% FBS	False								False	HMB-MDS						False	False	Breast	-2.11748080067047
ACH-002922	0.3152322996791025	0.32843892716339984	0.2157614628000889	-0.46050332601886457	-0.6356895945396605	-0.3152322996791025	PT-LKZDpW	SK-N-MM	SKNMM	NBL	Peripheral Nervous System	Neuroblastoma	Neuroblastoma	NBL		CVCL_C8G1	8.0	Pediatric	Female		Metastatic	bone_marrow	Memorial Sloan Kettering Cancer Center			Cell Line											Adherent	MF-001-001	RPMI + 10% FBS	False						SKNMM_BRAIN_BONE		True	In Progress						False	False	Peripheral Nervous System	-0.7227723445848486
ACH-002923	-0.36815893690094664	-0.3690537261305529	-0.39766498803424655	-0.19702785001007567	-1.3745479161588852	0.36815893690094664	PT-22FXN6	LAI-5S	LAI5S	NBL	Peripheral Nervous System	Neuroblastoma	Neuroblastoma	NBL		CVCL_2549	2.0	Pediatric	Male		Metastatic	bone_marrow	Children's Oncology Group (COG)			Cell Line											Adherent	MF-005-003	IMDM + 10% FBS + 1X Insulin-Transferrin-Selenium	False						LAI5S_Neuro		True							False	False	Peripheral Nervous System	0.8441238358970188
ACH-002924	-0.282372140309311	-0.25282466547809457	-0.29647779903612625	-0.11911258588864128	-0.5825689102256287	0.282372140309311	PT-mLYugT	UPMM2	UPMM2	UM	Eye	Ocular Melanoma	Uveal Melanoma	UM		CVCL_C294		Unknown	Female		Primary	cilio-choroidal	QIMR Berghofer			Cell Line											Adherent	MF-001-001	RPMI + 10% FBS	False								False	HMB-MDS						False	False	Eye	0.6474297656190725
ACH-002925	-0.3782670445808031	-0.37751531623212414	-0.4498243488159418	-0.5616307944457786	-1.2104382186192608	0.3782670445808031	PT-abxYPP	UPMM3	UPMM3	UM	Eye	Ocular Melanoma	Uveal Melanoma	UM		CVCL_C295		Unknown	Male		Primary	eye	QIMR Berghofer			Cell Line											Adherent	MF-001-001	RPMI + 10% FBS	False								False	HMB-MDS						False	False	Eye	0.8672999529843957
ACH-002926	-0.3917853852718548	0.08717280781132339	-0.2920652704083091	-0.10392199644492406	-0.533246053779022	0.3917853852718548	PT-vu5jnE	UPMD1	UPMD1	UM	Eye	Ocular Melanoma	Uveal Melanoma	UM		CVCL_C297		Unknown	Female		Primary	eye	QIMR Berghofer			Cell Line											Unknown	MF-001-001	RPMI + 10% FBS	False						UPMD1_Melanoma_Eye		False	HMB-MDS						False	False	Eye	0.898295135921279
ACH-002927	-0.3486508148639944	-0.2915202086684456	-0.20448209165361275	0.007306407145045435	-0.8057037693332104	0.3486508148639944	PT-Gr2vIj	UPMD2	UPMD2	UM	Eye	Ocular Melanoma	Uveal Melanoma	UM		CVCL_C298		Unknown	Female		Primary	eye	QIMR Berghofer			Cell Line											Adherent	MF-001-001	RPMI + 10% FBS	False								False	HMB-MDS						False	False	Eye	0.7993951354515103
ACH-002928	0.033835644539415635	0.06791418737788432	0.02447280020429521	-0.4245435855591698	-0.39028909573220233	-0.033835644539415635	PT-M9rUlw	MM100511	MM100511	ACRM	Skin	Melanoma	Acral Melanoma	ACRM			57.0	Adult	Female		Metastatic	skin	QIMR Berghofer			Cell Line											Unknown	MF-001-001	RPMI + 10% FBS	False								False	In Progress						False	False	Skin	-0.07757919527658785
ACH-002932	-0.2630163981266419	-0.08990930371514855	-0.4193614092019824	-0.4347411408254735	-0.17850808901992693	0.2630163981266419	PT-G1Vi03	CCLF_NEURO_0001_T	CCLFNEURO0001T	COADREAD	Bowel	Colorectal Adenocarcinoma	Colorectal Adenocarcinoma	COADREAD			50.0	Adult	Female	caucasian	Metastatic	brain	CCLF			Cell Line				Pre-treatment							Mixed									CCLFNEURO0001T_CENTRAL_NERVOUS_SYSTEM	HCM-BROD-0001-C18	False							False	False	Bowel	0.6030504454390376
ACH-002936	0.14345568158981561	0.15949706204993516	0.23818526073343899	-0.6095599344188075	-0.9468012527454551	-0.14345568158981561	PT-v13Wpd	CCLF_PEDS_0043_T	CCLFPEDS0043T	ARMS	Soft Tissue	Rhabdomyosarcoma	Alveolar Rhabdomyosarcoma	ARMS			13.0	Pediatric	Male	black_or_african_american	Metastatic	pleural_cavity	CCLF			Cell Line				Post-treatment							Mixed										HCM-BROD-0007-C49	True							False	False	Soft Tissue	-0.32891870354731323
ACH-002937	-0.13241456465627874	-0.24882283390508617	0.2846292354078959	1.0829394454469923	-0.04021429561082363	0.13241456465627874	PT-3GG3fe	CCLF_PEDS_0020_T	CCLFPEDS0020T	WT	Kidney	Wilms' Tumor	Wilms' Tumor	WT			6.0	Pediatric	Female	caucasian	Primary	kidney	CCLF			Cell Line				Unknown							Adherent										HCM-BROD-0039-C64	True							False	False	Kidney	0.3036033599704922
ACH-002942	2.9790174150748143	2.249360615239686	-0.3192359712881785	-0.30228619853650873	0.7790961807576501	-2.9790174150748143	PT-oFOH9d	CCLF_RARE_0004_T	CCLFRARE0004T	LMS	Soft Tissue	Leiomyosarcoma	Leiomyosarcoma	LMS			43.0	Adult	Female	caucasian	Primary	uterus	CCLF			Cell Line				Pre-treatment							Adherent										HCM-BROD-0351-C49	False							False	False	Soft Tissue	-6.830364159524787
ACH-002946	0.21458048123617368	0.16537852591687444	0.13449430580773652	0.38105301517939627	-0.21759774438748863	-0.21458048123617368	PT-HryOAg	UKE-1	UKE1	AML	Myeloid	Acute Myeloid Leukemia	Acute Myeloid Leukemia	AML	JAK2 Val617Phe	CVCL_0104	59.0	Adult	Female			haematopoietic_and_lymphoid_tissue			GM23245	Cell Line											Unknown	MF-001-021	RPMI + 20% FBS + 2mM Glutamine	False								True	HMB-MDS						False	False	Myeloid	-0.4919953877920963
ACH-002994	-0.3587459425383621	-0.3566537128280938	-0.3676716454856194	0.4325059226232947	-0.7439190704178917	0.3587459425383621	PT-JpUzYa	WSU-AML	WSUAML	AML	Myeloid	Acute Myeloid Leukemia	Acute Myeloid Leukemia	AML	CBFA2T3-GLIS2 [PubMed:28109323]	CVCL_5607		Unknown	Unknown			haematopoietic_and_lymphoid_tissue	BiolVT			Cell Line											Suspension	MF-001-001	RPMI + 10% FBS	False						WSU-AML_PROSTATE		True	In Progress	CBFA2T3::GLIS2					False	False	Myeloid	0.8225414916640994
ACH-003012	-0.10602594394910972	-0.19037898447242563	0.22758691326477562	0.5206782707784572	-0.4041890596012067	0.10602594394910972	PT-cqv92I	A549_CRAF_KD	A549CRAFKD	LUAD	Lung	Non-Small Cell Lung Cancer	Lung Adenocarcinoma	LUAD			58.0	Adult	Male		Primary	lung	ATCC			Cell Line											Adherent					genetic knock down	CRAF			A549H3_Lung		False	Approved for public sharing - CCLE						False	False	Lung	0.24309888349934194
ACH-003061	0.12720233939693204	-0.1830751244128733	0.12621594616403772	0.6502683205444741	0.1446606936267854	-0.12720233939693204	PT-g5HWjz	NCI-H774	NCIH774	SCLC	Lung	Lung Neuroendocrine Tumor	Small Cell Lung Cancer	SCLC		CVCL_1589	43.0	Adult	Male		Primary	lung	ATCC		CRL-5842	Cell Line											Suspension	MF-007-010	DMEM:F12 + 5% FBS + 2mM Glutamine + 5ug/ml Insulin + 10ug/ml Transferrin + 30nM Selenium + 10nM Hydrocortisone + 10nM beta-Estradiol	False						NCIH774_LUNG		False	HMB-MDS						False	False	Lung	-0.2916526421188083
ACH-003064	-0.29771922315594684	-0.15714949581354534	-0.1458686787848263	-0.4086536214686614	-0.3159585031106627	0.29771922315594684	PT-57BDo9	TE 130.T	TE130T	SCTT	Bone	Other	Sacrococcygeal teratoma			CVCL_1741	0.0	Pediatric	Male			bone	ATCC		CRL-7746	Cell Line											Adherent	MF-002-001	DMEM + 10% FBS	False						TE130T_BONE		True	HMB-MDS						False	False	Bone	0.6826179334016655
ACH-003065	-0.13736208072536063	-0.2123607658296048	-0.22509495153091053	-0.7289591185016142	-0.21476257272033056	0.13736208072536063	PT-eRqT4h	CHLA-02-ATRT	CHLA02ATRT	ATRT	CNS/Brain	Embryonal Tumor	Atypical Teratoid/Rhabdoid Tumor	ATRT		CVCL_B045	1.0	Pediatric	Male			brain	ATCC		CRL-3020	Cell Line											Adherent									CHLA02ATRT_BRAIN		True	GRU					ACH-001025	False	False	CNS/Brain	0.314947146101424
ACH-003067	0.29399344516541215	0.36894707936251636	0.1817959864408081	-0.3524585141313409	-0.9913363113526922	-0.29399344516541215	PT-RyQSvA	CHLA-01R-MED	CHLA01RMED	MBLNOS	CNS/Brain	Embryonal Tumor	Medulloblastoma, NOS	MBLNOS		CVCL_N534	8.0	Pediatric	Male		Metastatic	brain	ATCC		CRL-3034	Cell Line											Suspension	MF-007-015	DMEM:F12 + 20ng/mL human recombinant EGF + 20ng/mL recombinant basic FGF + 2% B-27	True						CHLA01RMED_BRAIN		True	HMB-MDS						False	False	CNS/Brain	-0.6740753782879837
ACH-003071	-0.373082695942161	-0.37525015506684894	0.07193875536743989	0.6705956871259858	-0.4030841482554635	0.373082695942161	PT-LAGmLq	NCI-H748	NCIH748	SCLC	Lung	Lung Neuroendocrine Tumor	Small Cell Lung Cancer	SCLC		CVCL_1588	62.0	Adult	Male		Primary	lung	ATCC		CRL-5841	Cell Line											Suspension	MF-001-001	RPMI + 10% FBS	False						NCIH748_LUNG		False	HMB-MDS					 ACH-002176	False	False	Lung	0.8554131513320552
ACH-003099	0.25803795839445454	0.22458871139901088	-0.37112954932154957	-0.682832140978634	-0.5181052742407158	-0.25803795839445454	PT-BHjOZY	UCSF-OT-1109	UCSFOT1109	OCSC	Head and Neck	Head and Neck Squamous Cell Carcinoma	Oral Cavity Squamous Cell Carcinoma	OCSC		CVCL_JE76	44.0	Adult	Female			tongue	ATCC		CRL-3442	Cell Line											Adherent	MF-002-001	DMEM + 10% FBS	False						UCSFOT1109_UPPER_AERODIGESTIVE_TRACT		False	HMB-MDS						False	False	Head and Neck	-0.5916357567752478
ACH-003100	0.20484053708208413	0.21303346151578098	0.0640918730362729	-0.2211394690356135	-1.9326149597411522	-0.20484053708208413	PT-Mi0cKz	EJ-1	EJ1	DLBCLNOS	Lymphoid	Mature B-Cell Neoplasms	Diffuse Large B-Cell Lymphoma, NOS	DLBCLNOS		CVCL_UI82	82.0	Adult	Female		Primary	urinary_tract	ATCC		CRL-3380	Cell Line											Suspension	MF-001-017	RPMI + 15% FBS	False					This line is a T24 derivative (ICLAC). DepMap metadata has been updated (as of 22Q2) to reflect this.	EJ1_HAEMATOPOIETIC_AND_LYMPHOID_TISSUE		False	HMB-MDS						False	False	Lymphoid	-0.46966340506208076
ACH-003101	-0.37171082294426816	-0.37335117051681527	-0.4937699653329877	-0.07527752097191809	-1.3960943944085247	0.37171082294426816	PT-Rg4dkL	Z-119	Z119	BALL	Lymphoid	B-Cell Acute Lymphoblastic Leukemia	B-Cell Acute Lymphoblastic Leukemia		BCR-ABL1	CVCL_IU88	25.0	Adult	Female			bone_marrow	ATCC		CRL-3394	Cell Line											Suspension	MF-001-001	RPMI + 10% FBS	False						Z119_HAEMATOPOIETIC_AND_LYMPHOID_TISSUE		True	HMB-MDS	BCR::ABL1					False	False	Lymphoid	0.8522676872911907
ACH-003103	-0.26264496485746214	-0.2705016202091105	-0.3820393868227583	0.005416325008414491	-1.4558076989760629	0.26264496485746214	PT-h89iWz	Z-181	Z181	BALL	Lymphoid	B-Cell Acute Lymphoblastic Leukemia	B-Cell Acute Lymphoblastic Leukemia		BCR::ABL1	CVCL_IU89	32.0	Adult	Male			bone_marrow	ATCC		CRL-3395	Cell Line											Suspension	MF-003-001	AlphaMEM + 10% FBS	False						Z181_HAEMATOPOIETIC_AND_LYMPHOID_TISSUE		True	HMB-MDS	BCR::ABL1					False	False	Lymphoid	0.6021988141338218
ACH-003105	-0.23749571056861946	-0.22596110550424228	-0.23866301275819085	0.052144408654336505	-0.3075235523767313	0.23749571056861946	PT-zqsQMh	VMM917	VMM917	MEL	Skin	Melanoma	Melanoma	MEL		CVCL_4D09	57.0	Adult	Male			skin	ATCC		CRL-3232	Cell Line											Adherent	MF-001-001	RPMI + 10% FBS	False						VMM917_SKIN		False	HMB-MDS						False	False	Skin	0.5445359873695238
ACH-003106	-0.14802622314125846	-0.1496665707138056	-0.2585021021600526	-0.3451931818196371	-1.38314392054251	0.14802622314125846	PT-2ZzFHs	RC	RC	GCB	Lymphoid	Mature B-Cell Neoplasms	Germinal Center B-Cell Type	GCB		CVCL_9U45	71.0	Adult	Female			pleural_effusion	ATCC		CRL-3382	Cell Line											Suspension	MF-001-017	RPMI + 15% FBS	False						RC_HAEMATOPOIETIC_AND_LYMPHOID_TISSUE		False	HMB-MDS						False	False	Lymphoid	0.33939815326271894
ACH-003107	-0.34585770751533335	-0.3445132372453445	-0.4206359316859954	-0.2158976653278467	-1.1755917335786663	0.34585770751533335	PT-lE2KKG	JMP-1	JMP1	MCL	Lymphoid	Mature B-Cell Neoplasms	Mantle Cell Lymphoma	MCL		CVCL_UJ14		Unknown	Unknown			pleural_effusion	ATCC		CRL-3378	Cell Line											Suspension	MF-001-017	RPMI + 15% FBS	False						JMP1_HAEMATOPOIETIC_AND_LYMPHOID_TISSUE		False	HMB-MDS						False	False	Lymphoid	0.7929910304498211
ACH-003108	-0.2590276316868986	-0.22745141037757616	-0.3961871877596783	-0.1664334434992688	-1.2777870231471284	0.2590276316868986	PT-Gz9Gqu	HF	HF	GCB	Lymphoid	Mature B-Cell Neoplasms	Germinal Center B-Cell Type	GCB		CVCL_UI84	77.0	Adult	Male			pleural_effusion	ATCC		CRL-3383	Cell Line											Suspension	MF-001-017	RPMI + 15% FBS	False						HF_HAEMATOPOIETIC_AND_LYMPHOID_TISSUE		False	HMB-MDS						False	False	Lymphoid	0.5939049039618811
ACH-003111	-0.26492096855918684	-0.21014316325573257	-0.22613553860004953	-0.6555938086940301	-0.698362547747012	0.26492096855918684	PT-5KCCDV	Hs 856.T	HS856T	MFH	Soft Tissue	Undifferentiated Pleomorphic Sarcoma/Malignant Fibrous Histiocytoma/High-Grade Spindle Cell Sarcoma	Undifferentiated Pleomorphic Sarcoma/Malignant Fibrous Histiocytoma/High-Grade Spindle Cell Sarcoma	MFH		CVCL_0954	16.0	Pediatric	Female			soft_tissue	ATCC		CRL-7593	Cell Line											Adherent	MF-002-001	DMEM + 10% FBS	False						HS856T_SOFT_TISSUE		True	HMB-MDS						False	False	Soft Tissue	0.6074172912170838
ACH-003119	-0.26326330396581477	-0.34543924638849266	-0.44338401078456796	-0.5741150101360951	-0.9113035211260058	0.26326330396581477	PT-MRbSYu	NCI-H1450	NCIH1450	SCLC	Lung	Lung Neuroendocrine Tumor	Small Cell Lung Cancer	SCLC		CVCL_A466	64.0	Adult	Male		Metastatic	bone_marrow				Cell Line											Adherent	MF-001-014	RPMI + 5% FBS	False						NCIH1450_LUNG		False	HMB-MDS						False	False	Lung	0.6036165571999591
ACH-003120	-0.09639313022692411	-0.13976692390573012	-0.2028541655127817	-0.025265559200992445	-0.44837548200837357	0.09639313022692411	PT-bMqrgV	NCI-H1607	NCIH1607	SCLC	Lung	Lung Neuroendocrine Tumor	Small Cell Lung Cancer	SCLC		CVCL_A467	54.0	Adult	Male		Metastatic	Unknown				Cell Line											Adherent	MF-001-014	RPMI + 5% FBS	False						NCIH1607_LUNG		False	HMB-MDS						False	False	Lung	0.221012532049885
ACH-003121	-0.11382266498238547	-0.0006286016246828171	-0.06622571229822136	-0.0613563189778181	-1.5249340309770962	0.11382266498238547	PT-alOnYu	NCI-H2679	NCIH2679	SCLC	Lung	Lung Neuroendocrine Tumor	Small Cell Lung Cancer	SCLC		CVCL_A550		Unknown	Female		Metastatic	Unknown				Cell Line											Adherent	MF-001-014	RPMI + 5% FBS	False						NCIH2679_LUNG		False	HMB-MDS						False	False	Lung	0.26097539662008257
ACH-003125	1.0792445544800477	0.03469513810230109	-0.1439730152210461	-0.5137517154883064	-0.8332690291285932	-1.0792445544800477	PT-woc7k4	ASPS-KY	ASPSKY	ASPS	Soft Tissue	Alveolar Soft Part Sarcoma	Alveolar Soft Part Sarcoma	ASPS		CVCL_S737	27.0	Adult	Female		Metastatic	Unknown	University of Massachusetts	Matthew Hemming		Cell Line											Adherent	MF-002-001	DMEM + 10% FBS	False								False	HMB-MDS						False	False	Soft Tissue	-2.4745183720578168
ACH-003132	-0.23976693091821977	-0.2756971027067995	-0.07332301599996935	-0.21003195275608874	-0.072319841229819	0.23976693091821977	PT-pCwnlo	ABM-T0009	ABMT0009	ZIMMSCDIS		Non-Cancerous	Immortalized Human Intervertebral Disc Cartilage Endplate-derived Stem Cells					Unknown				cartilaginous endplate	ABM		ABMT0009	Cell Line											Adherent	MF-043-001	PriGrow I (TM001) + 25 μg/ml BPE + 0.15 ng/ml EGF + 30 ng/ml Cholera Toxin + 5 μg/ml Gentamycin	True								False	In Progress						False	False		0.5497434970657717
ACH-003133	-0.1003636393403772	-0.09356798734478596	-0.09675588230726695	-0.09489247198475892	-0.0827726389436746	0.1003636393403772	PT-aKVmiL	ABM-T0021	ABMT0021	ZIMMCON		Non-Cancerous	Immortalized Human Chondrocytes					Unknown				cartilage	ABM		ABMT0021	Cell Line											Adherent	MF-043-001	PriGrow I (TM001) + 25 μg/ml BPE + 0.15 ng/ml EGF + 30 ng/ml Cholera Toxin + 5 μg/ml Gentamycin	True								False	In Progress						False	False		0.23011621268174712
ACH-003134	-0.34002590306525066	-0.2314193990139814	-0.2627389229123574	-0.08369735071675158	-0.3933103395619863	0.34002590306525066	PT-EMn6PT	ABM-T0168	ABMT0168	ZIMMPANMES		Non-Cancerous	Immortalized Human Pancreatic Mesenchymal Stem Cells					Unknown	Unknown			articular cartilage	ABM		ABMT0168	Cell Line			hTERT								Adherent	MF-043-001	PriGrow I (TM001) + 25 μg/ml BPE + 0.15 ng/ml EGF + 30 ng/ml Cholera Toxin + 5 μg/ml Gentamycin	True								False	In Progress						False	False		0.7796197262407111
ACH-003135	-0.33734091686113615	-0.24493771704111608	-0.29334440320490995	-0.19341899303996826	-0.1567778400910949	0.33734091686113615	PT-c83Uwk	ABM-T0280	ABMT0280	ZIMMASTRO	CNS/Brain	Non-Cancerous	Immortalized Astrocytes					Fetus					ABM		ABMT0280	Cell Line											Adherent	MF-043-001	PriGrow I (TM001) + 25 μg/ml BPE + 0.15 ng/ml EGF + 30 ng/ml Cholera Toxin + 5 μg/ml Gentamycin	True								False	In Progress						False	False	CNS/Brain	0.7734635240498147
ACH-003136	-0.25910491635090355	-0.27443328133151756	-0.2013828470285268	-0.2506584637042352	0.15414203748250413	0.25910491635090355	PT-aKVmiL	ABM-T0023	ABMT0023	ZIMMCON		Non-Cancerous	Immortalized Human Chondrocytes					Unknown					ABM		ABMT0023	Cell Line			hTERT								Adherent	MF-043-001	PriGrow I (TM001) + 25 μg/ml BPE + 0.15 ng/ml EGF + 30 ng/ml Cholera Toxin + 5 μg/ml Gentamycin	True								False	In Progress						False	False		0.5940821041341356
ACH-003137	-0.29717151636920236	-0.2742915849597393	-0.3088272702361255	-0.1169152317595655	0.06344130137289208	0.29717151636920236	PT-c83Uwk	ABM-T0281	ABMT0281	ZIMMASTRO	CNS/Brain	Non-Cancerous	Immortalized Astrocytes					Fetus				brain	ABM			Cell Line											Adherent	MF-043-001	PriGrow I (TM001) + 25 μg/ml BPE + 0.15 ng/ml EGF + 30 ng/ml Cholera Toxin + 5 μg/ml Gentamycin	True								False							False	False	CNS/Brain	0.6813621378540541
ACH-003138	-0.2388819391648709	-0.060152584555504755	-0.08720886323019096	0.07981956166229154	-0.02743735692614587	0.2388819391648709	PT-fUOdAp	ABM-T0292	ABMT0292	ZIMMTHENDEC	CNS/Brain	Non-Cancerous	Immortalized Endothelial Cells, Endoneurial					Unknown				sciatic nerve	ABM		ABMT0292	Cell Line											Adherent	MF-043-001	PriGrow I (TM001) + 25 μg/ml BPE + 0.15 ng/ml EGF + 30 ng/ml Cholera Toxin + 5 μg/ml Gentamycin	True								False	In Progress						False	False	CNS/Brain	0.5477143662782308
ACH-003139	-0.23457054249813422	-0.21920545744898287	-0.0710401891450299	0.29178561147493154	0.34315842486703474	0.23457054249813422	PT-SjoWq6	ABM-T0457	ABMT0457	ZIMMCARM	Muscle	Non-Cancerous	Immortalized Cardiomyocytes					Unknown				ventricle	ABM		ABMT0457	Cell Line											Adherent	MF-043-001	PriGrow I (TM001) + 25 μg/ml BPE + 0.15 ng/ml EGF + 30 ng/ml Cholera Toxin + 5 μg/ml Gentamycin	True								False	In Progress						False	False	Muscle	0.537829090307384
ACH-003141	-0.28966542815531154	-0.2807348682108867	-0.09649034264696642	0.030105110068629787	-0.19514010037081217	0.28966542815531154	PT-kn2veL	ABM-T0557	ABMT0557	ZIMMSMCC	Muscle	Non-Cancerous	immortalized Smooth Muscle Cells, Coronary artery					Unknown				coronary artery	ABM		ABMT0557	Cell Line											Adherent	MF-043-001	PriGrow I (TM001) + 25 μg/ml BPE + 0.15 ng/ml EGF + 30 ng/ml Cholera Toxin + 5 μg/ml Gentamycin	True								False	In Progress						False	False	Muscle	0.6641519947864266
ACH-003142	-0.23676560107232036	-0.16187588300960531	-0.039186640773071074	0.3155337762457197	0.04008393397408978	0.23676560107232036	PT-O1VDes	ABM-T0558	ABMT0558	ZIMMSMCP	Muscle	Non-Cancerous	Immortalized Smooth Muscle Cells, Pulmonary artery					Unknown				heart	ABM		ABMT0558	Cell Line											Adherent	MF-043-001	PriGrow I (TM001) + 25 μg/ml BPE + 0.15 ng/ml EGF + 30 ng/ml Cholera Toxin + 5 μg/ml Gentamycin	True								False	In Progress						False	False	Muscle	0.5428619744178659
ACH-003143	-0.272425398268625	-0.3143701286257338	0.35391239441022343	1.1318409816847006	-0.2619260238829369	0.272425398268625	PT-D0BP7N	ABM-T0616	ABMT0616	ZIMMEPCREN	Kidney	Non-Cancerous	Immortalized Epithelial Cells, Renal					Unknown				renal	ABM		ABMT0616	Cell Line											Adherent	MF-043-001	PriGrow I (TM001) + 25 μg/ml BPE + 0.15 ng/ml EGF + 30 ng/ml Cholera Toxin + 5 μg/ml Gentamycin	True								False	In Progress						False	False	Kidney	0.6246236316250442
ACH-003145	-0.08535216171075835	-0.0968705431497573	-0.259716670577282	0.09738468439407744	-0.5935260744318739	0.08535216171075835	PT-sWvf4E	ABM-T0725	ABMT0725	ZIMMENUVE	Embryonal	Non-Cancerous	Immortalized Endothelial Cells, Umbilical Vein					Unknown				reproductive	ABM		ABMT0725	Cell Line											Adherent	MF-043-001	PriGrow I (TM001) + 25 μg/ml BPE + 0.15 ng/ml EGF + 30 ng/ml Cholera Toxin + 5 μg/ml Gentamycin	True								False	In Progress						False	False	Embryonal	0.19569752876805077
ACH-003148	-0.11042210886932577	-0.1277041778609926	0.09570020727860956	0.21615284329846485	0.1497538077006711	0.11042210886932577	PT-FkJvmC	ABM-T0781	ABMT0781	ZIMMNPRO	CNS/Brain	Non-Cancerous	Immortalized Neuronal Progenitor Cells					Unknown				brain	ABM		ABMT0781	Cell Line											Adherent	MF-043-001	PriGrow I (TM001) + 25 μg/ml BPE + 0.15 ng/ml EGF + 30 ng/ml Cholera Toxin + 5 μg/ml Gentamycin	True								False	In Progress						False	False	CNS/Brain	0.2531785181998493
ACH-003149	-0.2165460655015749	-0.07124085423292906	-0.30715560478967296	-0.4989355746960321	-0.6008891266400243	0.2165460655015749	PT-HYzNni	ABM-T0782	ABMT0782	ZIMMSKM	Muscle	Non-Cancerous	Immortalized Skeletal Muscle Cells					Unknown				skeletal	ABM		ABMT0782	Cell Line											Adherent	MF-043-001	PriGrow I (TM001) + 25 μg/ml BPE + 0.15 ng/ml EGF + 30 ng/ml Cholera Toxin + 5 μg/ml Gentamycin	True								False	In Progress						False	False	Muscle	0.496502127581862
ACH-003150	-0.2493675105380018	-0.2970810894522074	-0.12858345745531696	-0.10637434570621684	0.14975562636232415	0.2493675105380018	PT-bUIwK2	ABM-T0783	ABMT0783	ZIMMASTRO	CNS/Brain	Non-Cancerous	Immortalized Astrocytes					Adult				brain	ABM		ABMT0783	Cell Line											Adherent	MF-043-001	PriGrow I (TM001) + 25 μg/ml BPE + 0.15 ng/ml EGF + 30 ng/ml Cholera Toxin + 5 μg/ml Gentamycin	True								False	In Progress						False	False	CNS/Brain	0.5717559413750227
ACH-003152	-0.3114787179052608	-0.316935350477636	-0.40212288406053587	-0.4557384412481795	-0.5791951271032205	0.3114787179052608	PT-44ykgT	ABM-T0796	ABMT0796	ZIMMEPCL	Lung	Non-Cancerous	Immortalized Epithelial Cells, Lung					Unknown					ABM		ABMT0796	Cell Line											Adherent	MF-043-001	PriGrow I (TM001) + 25 μg/ml BPE + 0.15 ng/ml EGF + 30 ng/ml Cholera Toxin + 5 μg/ml Gentamycin	True								False	In Progress						False	False	Lung	0.7141660402751943
ACH-003153	-0.20206588548006993	-0.22980861264368801	-0.3497177545953477	-0.16364068002136997	-0.060983677733991014	0.20206588548006993	PT-CL2j3Q	ABM-T0794	ABMT0794	ZIMMEPCL	Lung	Non-Cancerous	Immortalized Epithelial Cells, Lung					Unknown				airway/lung	ABM		ABMT0794	Cell Line											Adherent	MF-043-001	PriGrow I (TM001) + 25 μg/ml BPE + 0.15 ng/ml EGF + 30 ng/ml Cholera Toxin + 5 μg/ml Gentamycin	True								False	In Progress						False	False	Lung	0.46330161584874396
ACH-003154	-0.3009742641384807	-0.287949212878761	-0.4394189988064449	-0.27033989569602407	-0.4612831997541814	0.3009742641384807	PT-CL2j3Q	ABM-T0795	ABMT0795	ZIMMEPCL	Lung	Non-Cancerous	Immortalized Epithelial Cells, Lung					Unknown				airway/lung	ABM		ABMT0795	Cell Line											Adherent	MF-043-001	PriGrow I (TM001) + 25 μg/ml BPE + 0.15 ng/ml EGF + 30 ng/ml Cholera Toxin + 5 μg/ml Gentamycin	True								False	In Progress						False	False	Lung	0.6900811711633439
ACH-003155	-0.19728478355495915	-0.2852353752137905	-0.34983174633380604	-0.23241825836396782	-0.45485104966403067	0.19728478355495915	PT-CL2j3Q	ABM-T0789	ABMT0789	ZIMMLIV	Liver	Non-Cancerous	Immortalized Liver Cells					Fetus					ABM		ABMT0789	Cell Line											Adherent	MF-043-001	PriGrow I (TM001) + 25 μg/ml BPE + 0.15 ng/ml EGF + 30 ng/ml Cholera Toxin + 5 μg/ml Gentamycin	True								False	In Progress						False	False	Liver	0.4523393881467312
ACH-003156	-0.09170598353038635	-0.13145928314193925	-0.3389398186825464	-0.16667711114811373	0.001532396753440603	0.09170598353038635	PT-CL2j3Q	ABM-T0797	ABMT0797	ZIMMEPCL	Lung	Non-Cancerous	Immortalized Epithelial Cells, Lung					Unknown	Unknown			airway/lung	ABM		ABMT0797	Cell Line		Fresh tissue	SV40								Adherent	MF-043-001	PriGrow I (TM001) + 25 μg/ml BPE + 0.15 ng/ml EGF + 30 ng/ml Cholera Toxin + 5 μg/ml Gentamycin	True								False	In Progress						False	False	Lung	0.21026572719924516
ACH-003157	-0.2932852472416544	-0.2076322823095311	0.0268132521783271	-0.03442055082763447	-0.17409646362169515	0.2932852472416544	PT-QDEP9D	ABM-T0822	ABMT0822	ZIMMMPLC	Lung	Non-Cancerous	Immortalized MPLC Cells					Fetus	Male			cord blood	ABM		ABMT0822	Cell Line		Fresh tissue	hTERT								Adherent	MF-043-001	PriGrow I (TM001) + 25 μg/ml BPE + 0.15 ng/ml EGF + 30 ng/ml Cholera Toxin + 5 μg/ml Gentamycin	True								False	In Progress						False	False	Lung	0.6724516047270079
ACH-003158	-0.25770436386974344	-0.26679995387971017	-0.09445878077002814	-0.022125819934589674	0.023047089688967255	0.25770436386974344	PT-nszsxG	ABM-T9220	ABMT9220	ZIMMSMCI	Muscle	Non-Cancerous	Immortalized Smooth Muscle Cells, Intestinal					Unknown				intestine	ABM		ABMT9220	Cell Line											Adherent	MF-043-001	PriGrow I (TM001) + 25 μg/ml BPE + 0.15 ng/ml EGF + 30 ng/ml Cholera Toxin + 5 μg/ml Gentamycin	True								False	In Progress						False	False	Muscle	0.590870883070962
ACH-003159	-0.12452868944506112	-0.12021769051691289	-0.04846748033692443	-0.19978323543021656	-0.021012760629627775	0.12452868944506112	PT-AUxVvV	ABM-T9233	ABMT9233	ZIMMRSCH	Hair	Non-Cancerous	Immortalized Hair Follicle Inner Root Sheath Cells					Unknown				hair follicle	ABM		ABMT9233	Cell Line											Adherent	MF-043-001	PriGrow I (TM001) + 25 μg/ml BPE + 0.15 ng/ml EGF + 30 ng/ml Cholera Toxin + 5 μg/ml Gentamycin	True								False	In Progress						False	False	Hair	0.28552243196496285
ACH-003160	-0.14739700272248027	-0.2304814370675618	-0.10142150224934425	0.06128291997244664	-0.05960108304254815	0.14739700272248027	PT-AUxVvV	ABM-T9249	ABMT9249	ZIMMGMCH	Hair	Non-Cancerous	Immortalized Hair Germinal Matrix Cells					Unknown				hair follicle	ABM		ABMT9249	Cell Line											Adherent	MF-043-001	PriGrow I (TM001) + 25 μg/ml BPE + 0.15 ng/ml EGF + 30 ng/ml Cholera Toxin + 5 μg/ml Gentamycin	True								False	In Progress						False	False	Hair	0.337955461261284
ACH-003161	-0.31228044838507757	-0.12722183457782835	-0.3030209747981777	-0.20794698772824277	-0.1523968885228302	0.31228044838507757	PT-or1hkT	ABM-T9430	ABMT9430	ZIMMPSC	Pancreas	Non-Cancerous	Immortalized Pancreatic Stromal Cells					Unknown				pancreas	ABM		ABMT9430	Cell Line											Adherent	MF-043-001	PriGrow I (TM001) + 25 μg/ml BPE + 0.15 ng/ml EGF + 30 ng/ml Cholera Toxin + 5 μg/ml Gentamycin	True								False	In Progress						False	False	Pancreas	0.7160042675736411
ACH-003171	0.30246534689865345	0.3165020371964363	0.3664187822316464	-0.626321568591411	-0.2930148261655296	-0.30246534689865345	PT-i9JRNE	NRH-OS1	NRHOS1	OSOS	Bone	Osteosarcoma	Osteoblastic Osteosarcoma	OSOS			24.0	Adult	Male		Primary	soft_tissue	Oslo University Hospital, The Norwegian Radium Hospital	Ola Myklebost		Cell Line		PDX		Pre-treatment							Mixed	MF-001-001	RPMI + 10% FBS	False						NRH-OS1		True							False	False	Bone	-0.6934999622695762
ACH-003176	-0.2286877237261806	0.04285651642841793	-0.23183050239480943	-0.5184848305662053	-0.4048769678532487	0.2286877237261806	PT-VbQDpc	NRH-GCT1	NRHGCT1	OS	Bone	Osteosarcoma	Osteosarcoma	OS			31.0	Adult	Male		Primary	soft_tissue	Oslo University Hospital, The Norwegian Radium Hospital	Ola Myklebost		Cell Line		PDX		Pre-treatment							Mixed	MF-001-003	RPMI + 10% FBS + 2mM Glutamine	False						NRH-GCT1		True							False	False	Bone	0.5243408192104786
ACH-003177	-0.22677883470024093	0.24497468668061048	-0.20500002669494075	-0.5295152741120974	-0.34827378309768214	0.22677883470024093	PT-72jDHL	NRH-UPS1	NRHUPS1	MFH	Soft Tissue	Undifferentiated Pleomorphic Sarcoma/Malignant Fibrous Histiocytoma/High-Grade Spindle Cell Sarcoma	Undifferentiated Pleomorphic Sarcoma/Malignant Fibrous Histiocytoma/High-Grade Spindle Cell Sarcoma	MFH			38.0	Adult	Male		Metastatic	soft_tissue	Oslo University Hospital, The Norwegian Radium Hospital	Ola Myklebost		Cell Line		PDX		Post-treatment							Mixed	MF-001-003	RPMI + 10% FBS + 2mM Glutamine	False						NRH-UPS1		True							False	False	Soft Tissue	0.5199640716556272
ACH-003178	0.11064628509832318	0.13243083551444854	0.06211898788929512	-0.4323340803289274	-0.07364050443452988	-0.11064628509832318	PT-or8OCW	NRH-OS2	NRHOS2	OS	Bone	Osteosarcoma	Osteosarcoma	OS			10.0	Pediatric	Male		Primary	soft_tissue	Oslo University Hospital, The Norwegian Radium Hospital	Ola Myklebost		Cell Line		PDX		Pre-treatment							Mixed	MF-001-003	RPMI + 10% FBS + 2mM Glutamine	False						NRH-OS2		True							False	False	Bone	-0.2536925149533469
ACH-003180	0.0662839021072622	0.054016592667261595	0.3386098881334628	0.05838970029824907	-0.09253470475585106	-0.0662839021072622	PT-EMnXLI	NRH-UPS2	NRHUPS2	MFH	Soft Tissue	Undifferentiated Pleomorphic Sarcoma/Malignant Fibrous Histiocytoma/High-Grade Spindle Cell Sarcoma	Undifferentiated Pleomorphic Sarcoma/Malignant Fibrous Histiocytoma/High-Grade Spindle Cell Sarcoma	MFH			56.0	Adult	Female		Primary	abdomen	Oslo University Hospital, The Norwegian Radium Hospital	Ola Myklebost		Cell Line				Pre-treatment							Mixed	MF-001-014	RPMI + 5% FBS	False						NRH-UPS2		True							False	False	Soft Tissue	-0.15197735569314325
ACH-003181	0.036352618347133596	0.06694100891125873	0.19399299157611624	0.17386498792030086	-0.33754047005584475	-0.036352618347133596	PT-W75e4m	NRH-LMS1	NRHLMS1	LMS	Soft Tissue	Leiomyosarcoma	Leiomyosarcoma	LMS			81.0	Adult	Female		Metastatic	soft_tissue	Oslo University Hospital, The Norwegian Radium Hospital	Ola Myklebost		Cell Line				Pre-treatment							Mixed	MF-001-014	RPMI + 5% FBS	False						NRH-LMS1		False							False	False	Soft Tissue	-0.0833501745262233
ACH-003183	-0.25042177501618795	-0.21865563199151558	-0.23266001327987176	-0.4551185088218723	-0.18193445169199488	0.25042177501618795	PT-BqidXH	NRH-MFS3	NRHMFS3	MFS	Soft Tissue	Myxofibrosarcoma	Myxofibrosarcoma	MFS			74.0	Adult	Male		Primary	soft_tissue	Oslo University Hospital, The Norwegian Radium Hospital	Ola Myklebost		Cell Line				Pre-treatment							Mixed	MF-001-014	RPMI + 5% FBS	False						NRH-MFS3		False							False	False	Soft Tissue	0.5741731848157704
ACH-003184	-0.25123195000540766	-0.24012280756738513	-0.03200634702563946	0.21134108359472503	-0.7815007126865977	0.25123195000540766	PT-21NMVa	NRH-LMS2	NRHLMS2	LMS	Soft Tissue	Leiomyosarcoma	Leiomyosarcoma	LMS			71.0	Adult	Female		Primary	soft_tissue	Oslo University Hospital, The Norwegian Radium Hospital	Ola Myklebost		Cell Line				Pre-treatment							Mixed	MF-001-014	RPMI + 5% FBS	False						NRH-LMS2		False							False	False	Soft Tissue	0.5760307738923923
ACH-003185	0.3446649577489147	0.3313515647478441	0.392465851663982	-0.5477712512609262	-0.5538844932682818	-0.3446649577489147	PT-McNlZE	NRH-OS4	NRHOS4	OS	Bone	Osteosarcoma	Osteosarcoma	OS			38.0	Adult	Male		Primary	soft_tissue	Oslo University Hospital, The Norwegian Radium Hospital	Ola Myklebost		Cell Line		PDX		Pre-treatment							Mixed	MF-064-002	CellGro + 10%FBS+1x glutamax	False						NRH-OS4		True							False	False	Bone	-0.7902562645452643
ACH-003186	-0.2301930550943559	-0.18549260992842123	-0.16474778609883617	0.08559964850246705	-0.6731064816700844	0.2301930550943559	PT-DbN4gj	NRH-UPS3	NRHUPS3	MFH	Soft Tissue	Undifferentiated Pleomorphic Sarcoma/Malignant Fibrous Histiocytoma/High-Grade Spindle Cell Sarcoma	Undifferentiated Pleomorphic Sarcoma/Malignant Fibrous Histiocytoma/High-Grade Spindle Cell Sarcoma	MFH			46.0	Adult	Female		Primary	soft_tissue	Oslo University Hospital, The Norwegian Radium Hospital	Ola Myklebost		Cell Line				Pre-treatment							Mixed	MF-001-014	RPMI + 5% FBS	False						NRH-UPS3		False							False	False	Soft Tissue	0.5277922798744421
ACH-003187	-0.2801333734434326	-0.221927523571037	-0.05956516486977416	0.5333523418051601	-0.2323813310012388	0.2801333734434326	PT-mRV3WW	NRH-UPS4	NRHUPS4	MFH	Soft Tissue	Undifferentiated Pleomorphic Sarcoma/Malignant Fibrous Histiocytoma/High-Grade Spindle Cell Sarcoma	Undifferentiated Pleomorphic Sarcoma/Malignant Fibrous Histiocytoma/High-Grade Spindle Cell Sarcoma	MFH			69.0	Adult	Male		Primary	soft_tissue	Oslo University Hospital, The Norwegian Radium Hospital	Ola Myklebost		Cell Line				Pre-treatment							Mixed	MF-001-014	RPMI + 5% FBS	False						NRH-UPS4		True							False	False	Soft Tissue	0.6422966660658953
ACH-003189	-0.13466020728035694	-0.10536620334235075	-0.006589239764118503	0.028152468038085077	-0.19945371457430916	0.13466020728035694	PT-eY3uqu	NRH-LS3	NRHLS3	DDLS	Soft Tissue	Liposarcoma	Dedifferentiated Liposarcoma	DDLS			56.0	Adult	Female		Primary	abdomen	Oslo University Hospital, The Norwegian Radium Hospital	Ola Myklebost		Cell Line				Pre-treatment							Mixed	MF-001-014	RPMI + 5% FBS	False						NRH-LS3		False							False	False	Soft Tissue	0.3087522244306282
ACH-003190	-0.17907473112413763	-0.2099937579307037	-0.13513892666450555	-0.4865947881533309	-0.7287487269469995	0.17907473112413763	PT-8LUb74	NRH-UPS7	NRHUPS7	MFH	Soft Tissue	Undifferentiated Pleomorphic Sarcoma/Malignant Fibrous Histiocytoma/High-Grade Spindle Cell Sarcoma	Undifferentiated Pleomorphic Sarcoma/Malignant Fibrous Histiocytoma/High-Grade Spindle Cell Sarcoma	MFH			67.0	Adult	Female		Primary	soft_tissue	Oslo University Hospital, The Norwegian Radium Hospital	Ola Myklebost		Cell Line				Pre-treatment							Mixed	MF-001-014	RPMI + 5% FBS	False						NRH-UPS7		True							False	False	Soft Tissue	0.41058693351617415
ACH-003191	-0.08028682935279485	0.0022165109909301726	0.0775280269974777	0.025795386558287628	-0.5870428424272494	0.08028682935279485	PT-B8KJKw	NRH-GCT2	NRHGCT2	GCTB	Bone	Giant Cell Tumor of Bone	Giant Cell Tumor of Bone	GCTB			70.0	Adult	Male		Primary	soft_tissue	Oslo University Hospital, The Norwegian Radium Hospital	Ola Myklebost		Cell Line				Pre-treatment							Mixed	MF-001-014	RPMI + 5% FBS	False						NRH-GCT2		False							False	False	Bone	0.1840836105617196
ACH-003221	-0.24779102289486515	-0.2464035950754294	0.09825821470641743	0.02819779161288037	-0.5341705185102193	0.24779102289486515	PT-PNGsRG	Hs 38.T	HS38T	ZFIB	Fibroblast	Non-Cancerous	Fibroblast			CVCL_0735		Unknown	Female		Unknown		ATCC		CRL-7826	Cell Line				Unknown							Adherent	MF-002-001	DMEM + 10% FBS	False								False	HMB-MDS						False	False	Fibroblast	0.5681413318594406
ACH-003226	-0.0759313036638803	-0.22972253446859095	-0.1485082779333162	-0.10734804295396774	-0.7049541408893099	0.0759313036638803	PT-umlvi6	U-CH11-R	UCH11R	CHDM	Bone	Chordoma	Chordoma	CHDM		CVCL_VR46	75.0	Adult	Male	caucasian	Recurrent	sacral	ATCC		CRL-3399	Cell Line				Unknown							Adherent	MF-012-004	IMDM:RPMI (4:1) + 10% FBS	False								False	HMB-MDS						False	False	Bone	0.17409715448700602
ACH-003227	0.010774805369295266	0.03515586134554691	-0.24676499496377483	0.036226866993515766	-0.5330538802012253	-0.010774805369295266	PT-RlnJiH	U-CH17M	UCH17M	CHDM	Bone	Chordoma	Chordoma	CHDM		CVCL_VR43	38.0	Adult	Male	caucasian	Metastatic	soft_tissue	ATCC		CRL-3402	Cell Line				Pre-treatment			2b				Adherent	MF-012-003	IMDM:RPMI (4:1) + 10% FBS + 2mM Glutamine	False								False	HMB-MDS						False	False	Bone	-0.024704737893733064
ACH-003265	-0.21958518099477847	-0.25459391286748617	-0.37718807978162516	-0.4156411160613652	0.5464765460836972	0.21958518099477847	PT-PNAxSE	CCLF_RARE_0010_T	CCLFRARE0010T	LMS	Soft Tissue	Leiomyosarcoma	Leiomyosarcoma	LMS			35.0	Adult	Female	caucasian	Metastatic	rectal bowel mesentery	CCLF			Cell Line											Adherent											False						ACH-003482	False	False	Soft Tissue	0.5034702860882173
ACH-003266	0.4804568398870177	0.340171931168811	0.16034018136344783	0.049009082849393926	0.5890973636086422	-0.4804568398870177	PT-RoUCKO	CCLF_RARE_0021_T	CCLFRARE0021T	LMS	Soft Tissue	Leiomyosarcoma	Leiomyosarcoma	LMS			64.0	Adult	Female	unknown	Primary	pelvis	CCLF			Cell Line											Adherent	MF-071-001	E8	False								False						 ACH-003483	False	False	Soft Tissue	-1.101603220832601
ACH-003267	0.4570631985410907	-0.028908490019085818	0.06723385010809607	0.04374327088008906	0.8736599819668275	-0.4570631985410907	PT-6vGJ2u	CCLF_RARE_0009_T	CCLFRARE0009T	LMS	Soft Tissue	Leiomyosarcoma	Leiomyosarcoma	LMS			51.0	Adult	Female	caucasian	Metastatic	abdomen	CCLF			Cell Line											Adherent	MF-069-001	Propagenix Conditioned Media	False							HCM-BROD-0649-C49	False						ACH-002768, ACH-003484	False	False	Soft Tissue	-1.0479657064624528
ACH-003268	0.3069714577793772	0.11634398956140303	-0.1268534570023452	-0.17280652250610867	1.0455016757186935	-0.3069714577793772	PT-Yohxd6	CCLF_RARE_0022_T	CCLFRARE0022T	LMS	Soft Tissue	Leiomyosarcoma	Leiomyosarcoma	LMS			68.0	Adult	Female	caucasian	Metastatic	pelvis	CCLF			Cell Line											Adherent	MF-007-033	DMEM:F12 + 2% FBS	False							HCM-BROD-0871-C49	False						ACH-003485	False	False	Soft Tissue	-0.7038316837636471
ACH-003269	0.7565585978368038	0.6768406800658641	-0.07971713856831078	-0.05026524730053014	0.38730492044891	-0.7565585978368038	PT-7U2khD	CCLF_RARE_0019_T	CCLFRARE0019T	LMS	Soft Tissue	Leiomyosarcoma	Leiomyosarcoma	LMS			49.0	Adult	Female	caucasian	Metastatic	paraspinal	CCLF			Cell Line				Pre-treatment							Adherent										HCM-BROD-1078-C49	False						ACH-003269	False	False	Soft Tissue	-1.7346561000601115
ACH-003273	0.2931806574255064	0.2121153156652247	0.10548343803346065	0.33959361049361003	0.0958037503440262	-0.2931806574255064	PT-44yhk7	CHRF-288-11	CHRF28811	AML	Myeloid	Acute Myeloid Leukemia	Acute Myeloid Leukemia	AML	NUP98-KDM5A [PMID: 32381579], JAK2 T875N [PMID: 16804112]	CVCL_A280	1.0	Pediatric	Male		Primary		St. Jude Children's Research Hospital	Charles Mullighan		Cell Line											Suspension	MF-001-001	RPMI + 10% FBS	False								True	In Progress	NUP98::KDM5A, TP53 and CREBBP					False	False	Myeloid	-0.6722117986325375
ACH-003283	-0.12974572351322994	-0.14716936458166138	0.11810083383565326	-0.0941247533021084	-0.5472899018468123	0.12974572351322994	PT-FMt1tR	BJ	BJ	ZFIB	Fibroblast	Non-Cancerous	Fibroblast			CVCL_3653		Fetus	Male		Primary	skin	ATCC			Cell Line			Not Transformed								Adherent	MF-015-001	EMEM + 10% FBS	False								False							False	False	Fibroblast	0.2974841755714014
ACH-003284	-0.3581094507899599	-0.3035878675674302	-0.15432927704940466	0.30992097134603236	-0.33300235438001907	0.3581094507899599	PT-vf1l6I	WI-38	WI38	ZFIB	Fibroblast	Non-Cancerous	Fibroblast			CVCL_0579		Fetus	Female		Primary	lung	ATCC		CCL-75	Cell Line			Not Transformed								Adherent	MF-015-001	EMEM + 10% FBS	False								False							False	False	Fibroblast	0.8210821277798468
ACH-003295	-0.34806697860607017	-0.3306861231861912	-0.47287141697480206	-0.4154818243520485	-0.45044750596487193	0.34806697860607017	PT-UYWXWs	C-20/A4	C20A4	ZTRA		Non-Cancerous	Transformed cell line			CVCL_6821	5.0	Pediatric	Male		Primary	cartilage	Sigma-Aldrich			Cell Line			SV40								Adherent											False							False	False		0.7980565013666684
ACH-003296	-0.33693337610517143	-0.29489030881691797	-0.21544671318655867	-0.17253071020863037	-0.03797330236315856	0.33693337610517143	PT-qXEet5	T/C28a2	TC28a2	ZTRA		Non-Cancerous	Transformed cell line			CVCL_6850	15.0	Pediatric	Female		Primary	cartilage	Sigma-Aldrich			Cell Line			SV40								Adherent											False							False	False		0.7725291046137278
ACH-003297	-0.34400976625676016	-0.2509904615735874	-0.47068806859282186	-0.29780464515129024	-0.07154801570980406	0.34400976625676016	PT-qXEet5	C28/I2	C28I2	ZTRA		Non-Cancerous	Transformed cell line			CVCL_0187	15.0	Pediatric	Female		Primary	cartilage	Sigma-Aldrich			Cell Line			SV40								Adherent											False							False	False		0.7887540254301145
ACH-003305	-0.23789095000867647	-0.24117672821696787	-0.21220074385332355	-0.4287957646931585	-0.43765985178105543	0.23789095000867647	PT-230PFm	HBEC3-KT	HBEC3KT	ZTRA		Non-Cancerous	Transformed cell line			CVCL_X491	65.0	Adult	Female		Primary	lung	ATCC			Cell Line			hTERT + mCDK4 + SV40								Adherent	MF-061-001	BEGM	False								False							False	False		0.5454422020469323
ACH-003307	0.04834934384248927	0.09257992912520646	0.27304530853768066	0.6889377635596005	0.4872996185040153	-0.04834934384248927	PT-TdPffS	Het-1A	Het1A	ZTRA		Non-Cancerous	Transformed cell line			CVCL_3702	74.0	Adult	Male		Primary	esophagus	ATCC		CRL-2692	Cell Line			SV40								Adherent	MF-061-001	BEGM	False					Indicated as originating from a 25 year old male in ATCC, but said to be derived from autopsy specimen from a 74 year old male.			False							False	False		-0.11085656084020756
ACH-003308	-0.2531501241617873	-0.19843044009849378	-0.021481211932253816	-0.17655406990231243	-0.21907341532691996	0.2531501241617873	PT-PbQAxH	THLE-3	THLE3	ZTRA		Non-Cancerous	Transformed cell line			CVCL_3804		Adult	Unknown		Primary	liver	ATCC		CRL-3583	Cell Line			SV40								Adherent	MF-061-001	BEGM	False								False	HMB-MDS						False	False		0.5804288106219403
ACH-003313	-0.05430193377757843	-0.0034338018786264912	0.18921031431513102	0.4760654897773876	0.2993180280135585	0.05430193377757843	PT-b8Sqf8	HuLa-PC	HuLaPC	ZTRA		Non-Cancerous	Transformed cell line			CVCL_UC74		Fetus	Male		Primary	oral	ATCC		CRL-3342	Cell Line											Adherent											False							False	False		0.12450480497038166
ACH-003410	-0.3920510098031132	-0.3936913573756603	-0.5086221760586063	-0.4925380114697228	-0.2080499878535083	0.3920510098031132	PT-Dz7ENW	U-CHCF365	UCHCF365	DDCHDM	Bone	Chordoma	Dedifferentiated Chordoma	DDCHDM			11.0	Pediatric	Male	unknown	Metastatic	clivus	ATCC	Deposited by Kevin Mellert and Peter Moller	CRL-3518	Cell Line											Adherent	MF-012-003	IMDM:RPMI (4:1) + 10% FBS + 2mM Glutamine	False								True	HMB-MDS						False	False	Bone	0.8989041663583005
ACH-003426	-0.324354318743085	0.1973828577846009	-0.06866405192327253	-0.7594450775947059	-0.5476082612374423	0.324354318743085	PT-yib0kI	CCLF_NEURO_0046_T	CCLFNEURO0046T	ESCA	Esophagus/Stomach	Esophagogastric Adenocarcinoma	Esophageal Adenocarcinoma	ESCA			61.0	Adult	Male	caucasian	Metastatic	brain	CCLF			Cell Line				Post-treatment							Adherent										HCM-BROD-0220-C15	False							False	False	Esophagus/Stomach	0.74368753351991
ACH-003433	-0.32374746112239694	0.3207616840116448	-0.3350727884139524	0.17834137243835974	0.053805024148377685	0.32374746112239694	PT-ozVjLA	CCLF_PANC_0019_T	CCLFPANC0019T	PAAD	Pancreas	Pancreatic Adenocarcinoma	Pancreatic Adenocarcinoma	PAAD			57.0	Adult	Male	caucasian	Metastatic	liver	CCLF			Cell Line				Unknown							Adherent											False							False	False	Pancreas	0.7422961154901574
ACH-003437	-0.33284428839459573	-0.27342958387318966	-0.06467305561947446	0.5530452674888836	-0.3969792634506133	0.33284428839459573	PT-i9nBPr	CCLF_UPGI_0078_T	CCLFUPGI0078T	STAD	Esophagus/Stomach	Esophagogastric Adenocarcinoma	Stomach Adenocarcinoma	STAD			70.0	Adult	Male	caucasian	Metastatic	pleural_cavity	CCLF			Cell Line				Unknown							Adherent											False							False	False	Esophagus/Stomach	0.7631535440674434
ACH-003438	-0.16034741194925073	-0.22054081940062872	-0.0414519818943023	-0.5363535349399122	0.01834828241219325	0.16034741194925073	PT-1xls1M	CCLF_NEURO_0005_T	CCLFNEURO0005T	GB	CNS/Brain	Adult-Type Diffuse Glioma	Glioblastoma, IDH-Wildtype	GB			82.0	Adult	Female	caucasian	Primary	brain	CCLF			Cell Line				Pre-treatment							Mixed										HCM-BROD-0003-C71	False							False	False	CNS/Brain	0.3676484770140941
ACH-003451	0.1025458489433209	0.27112875242670276	-0.0941857710649345	-0.6174729713662155	0.1813042435842965	-0.1025458489433209	PT-wwMxyt	CCLF_PEDS_0048_T	CCLFPEDS0048T	WT	Kidney	Wilms' Tumor	Wilms' Tumor	WT			3.0	Pediatric	Female	caucasian	Primary	kidney	CCLF			Cell Line				Unknown							Adherent											True							False	False	Kidney	-0.23511963635597324
ACH-003455	-0.30813860419120953	0.1816742100693942	-0.38211224459824594	-0.3348477949380533	-0.20894305371062397	0.30813860419120953	PT-sVL8Qn	CCLF_MELM_0004_T	CCLFMELM0004T	MEL	Skin	Melanoma	Melanoma	MEL			61.0	Adult	Male	caucasian	Primary	skin	CCLF			Cell Line				Pre-treatment							Adherent										HCM-BROD-0335-C43	False							False	False	Skin	0.7065077456691454
ACH-003456	-0.277727095889828	-0.2585834306501925	-0.17209055599325318	-0.6671978012550505	-0.38901304652715674	0.277727095889828	PT-cBqPV3	CCLF_MELM_0006_T	CCLFMELM0006T	MEL	Skin	Melanoma	Melanoma	MEL			50.0	Adult	Male	caucasian	Metastatic	lymph_node	CCLF			Cell Line				Post-treatment							Adherent										HCM-BROD-0225-C43	False							False	False	Skin	0.636779493901396
ACH-003457	-0.326676320926267	0.0030373065116907835	-0.37939954508607376	-0.4541086165873202	-0.4122601677259476	0.326676320926267	PT-SV1COC	CCLF_MELM_0038_T	CCLFMELM0038T	MEL	Skin	Melanoma	Melanoma	MEL			75.0	Adult	Female	caucasian	Metastatic	lymph_node	CCLF			Cell Line				Unknown							Adherent											False							False	False	Skin	0.7490114770491043
ACH-003458	-0.3479129691148363	0.18819288491207534	-0.47654299430830566	-0.1896064426272756	-0.6054695731726427	0.3479129691148363	PT-LJqdaX	CCLF_MELM_0010_T	CCLFMELM0010T	MEL	Skin	Melanoma	Melanoma	MEL			67.0	Adult	Male	caucasian	Metastatic	lymph_node	CCLF			Cell Line				Pre-treatment							Adherent										HCM-BROD-0339-C43	False							False	False	Skin	0.797703384629644
ACH-003459	-0.24527744639772484	-0.1523351248534238	-0.35818641760549563	-0.3374931366362462	0.35644715976363733	0.24527744639772484	PT-S6vgSO	CCLF_MELM_0011_T	CCLFMELM0011T	MEL	Skin	Melanoma	Melanoma	MEL			40.0	Adult	Male	caucasian	Metastatic	lymph_node	CCLF			Cell Line				Pre-treatment							Adherent										HCM-BROD-0227-C43	False							False	False	Skin	0.5623781420467823
ACH-003460	0.004189630554353389	-0.023347645559894166	-0.16844750915023596	-0.41465275112821093	-0.8746902752687792	-0.004189630554353389	PT-eUZdKm	CCLF_HEME_0001_T	CCLFHEME0001T	DLBCLNOS	Lymphoid	Mature B-Cell Neoplasms	Diffuse Large B-Cell Lymphoma, NOS	DLBCLNOS			64.0	Adult	Male	caucasian	Primary	bone_marrow	CCLF			Cell Line				Pre-treatment							Suspension										HCM-BROD-1104-C85	False							False	False	Lymphoid	-0.00960608764329313
ACH-003463	0.4036092342872518	0.6897901672812223	0.22924250531616305	-0.7017339890560911	-0.39401490491802804	-0.4036092342872518	PT-Wzicz8	CCLF_HEME_0004_T	CCLFHEME0004T	TPLL	Lymphoid	Mature T and NK Neoplasms	T-Cell Prolymphocytic Leukemia	TPLL			73.0	Adult	Male	caucasian	Primary	haematopoietic_and_lymphoid_tissue	CCLF			Cell Line				Pre-treatment							Suspension										HCM-BROD-1098-C91	False							False	False	Lymphoid	-0.9254051468039686
ACH-003464	-0.2939250563584952	-0.25290673096416966	-0.2907347817913133	-0.26175177618693624	-0.006117488833324176	0.2939250563584952	PT-MM95d0	CCLF_NPDX_0008_T	CCLFNPDX0008T	LIPO	Soft Tissue	Liposarcoma	Liposarcoma	LIPO				Adult	Unknown	unknown	Primary	soft_tissue	CCLF			Cell Line				Unknown							Adherent											False							False	False	Soft Tissue	0.6739185747549414
ACH-003465	-0.2664164559039617	-0.20268013978102842	-0.320076649846096	-0.24091432074089172	-0.2514524765837605	0.2664164559039617	PT-pKKTBF	CCLF_HNSC_0004_T	CCLFHNSC0004T	HNSC	Head and Neck	Head and Neck Squamous Cell Carcinoma	Head and Neck Squamous Cell Carcinoma	HNSC			78.0	Adult	Male	unknown	Primary		DSMZ		ACC 938	Cell Line				Unknown							Adherent	MF-050-001	RETM	False								False	HMB-MDS						False	False	Head and Neck	0.6108461812628697
ACH-003468	-0.3106871602170062	-0.26794379199069035	-0.32401270625750406	0.12149244352770128	-0.4428076716682697	0.3106871602170062	PT-OoYhwd	CCLF_THYR_0003_T	CCLFTHYR0003T	THAP	Thyroid	Anaplastic Thyroid Cancer	Anaplastic Thyroid Cancer	THAP				Adult	Male	unknown	Metastatic	pleural_cavity	CCLF			Cell Line				Unknown							Adherent											False							True	True	Thyroid	0.7123511374026259
ACH-003469	-0.13121033940500007	-0.0589166015095536	0.18896853412599424	0.7467968275212941	-0.39894446386815285	0.13121033940500007	PT-n1o2nS	CCLF_THYR_0004_T	CCLFTHYR0004T	THAP	Thyroid	Anaplastic Thyroid Cancer	Anaplastic Thyroid Cancer	THAP				Adult	Male	unknown	Metastatic	pleural_cavity	CCLF			Cell Line				Unknown							Adherent											False							True	True	Thyroid	0.3008422827929283
ACH-003470	-0.30068129263129595	-0.31762302409416787	-0.41677800465469184	-0.5117031021187646	-0.3096763775743398	0.30068129263129595	PT-Q9k4dg	CCLF_THYR_0005_T	CCLFTHYR0005T	THAP	Thyroid	Anaplastic Thyroid Cancer	Anaplastic Thyroid Cancer	THAP				Adult	Male	unknown	Metastatic	pleural_cavity	CCLF			Cell Line				Unknown							Adherent	MF-069-001	Propagenix Conditioned Media	False								False							True	True	Thyroid	0.6894094389095106
ACH-003471	1.5502946550169094	1.600138911140149	2.324321607204661	2.476896716671827	-0.3894733658533954	-1.5502946550169094	PT-0FovR5	CCLF_THYR_0006_T	CCLFTHYR0006T	THPA	Thyroid	Well-Differentiated Thyroid Cancer	Papillary Thyroid Cancer	THPA			74.0	Adult	Female	caucasian	Metastatic	pleural_cavity	CCLF			Cell Line				Pre-treatment							Adherent										HCM-BROD-1105-C73	False							True	True	Thyroid	-3.5545535903033354
ACH-003472	2.646038754875859	2.828039239320515	3.165232491767267	2.3688434552152593	-0.42575162678196693	-2.646038754875859	PT-oYnuwE	CCLF_THYR_0009_T	CCLFTHYR0009T	THME	Thyroid	Medullary Thyroid Cancer	Medullary Thyroid Cancer	THME				Adult	Unknown	unknown	Metastatic	pleural_cavity	CCLF			Cell Line				Unknown							Adherent											False							True	True	Thyroid	-6.0669025244901995
ACH-003473	-0.2615460817027033	-0.2417771016516613	-0.39314360285167776	-0.4050400379284321	-0.40753082774989824	0.2615460817027033	PT-fG5tCh	CCLF_PEDS_0013_T	CCLFPEDS0013T	ERMS	Soft Tissue	Rhabdomyosarcoma	Embryonal Rhabdomyosarcoma	ERMS			1.0	Pediatric	Female	caucasian	Primary	soft_tissue	CCLF			Cell Line				Pre-treatment							Adherent										HCM-BROD-0006-C49	True							False	False	Soft Tissue	0.5996792678976071
ACH-003474	-0.12164747263970035	-0.18182910195713034	-0.277828933863871	-0.482464207115719	-0.5401557513804082	0.12164747263970035	PT-WxfjG3	CCLF_HNSC_0001_T	CCLFHNSC0001T	HNSC	Head and Neck	Head and Neck Squamous Cell Carcinoma	Head and Neck Squamous Cell Carcinoma	HNSC			77.0	Adult	Male	caucasian	Primary		CCLF			Cell Line				Pre-treatment							Adherent	MF-069-001	Propagenix Conditioned Media	False							HCM-BROD-1131-C06	False							False	False	Head and Neck	0.27891630744096024
ACH-003475	0.18598450637912387	0.15848105006439298	0.13533744590616317	0.16747273565187148	0.7161790532160558	-0.18598450637912387	PT-ce6oqw	CCLF_HNSC_0003_T	CCLFHNSC0003T	HNSC	Head and Neck	Head and Neck Squamous Cell Carcinoma	Head and Neck Squamous Cell Carcinoma	HNSC			76.0	Adult	Female	caucasian	Metastatic	lymph_node	CCLF			Cell Line				Pre-treatment							Adherent											False							False	False	Head and Neck	-0.42642983561308706
ACH-003476	-0.07699650730986816	-0.06713349527946624	-0.1626665499393176	-0.4083643616874618	-0.18223896387090446	0.07699650730986816	PT-ce6oqw	CCLF_HNSC_0002_T	CCLFHNSC0002T	ESCC	Esophagus/Stomach	Esophageal Squamous Cell Carcinoma	Esophageal Squamous Cell Carcinoma	ESCC			76.0	Adult	Female	caucasian	Primary		CCLF			Cell Line				Pre-treatment							Adherent										HCM-BROD-1130-C06	False							False	False	Esophagus/Stomach	0.17653947951986182
ACH-003573	-0.19041021218039836	-0.172249929956915	-0.2160183589940355	-0.25146149061688516	-0.13522745449178936	0.19041021218039836	PT-s4DSO4	C337	C337	OS	Bone	Osteosarcoma	Osteosarcoma	OS				Unknown	Unknown				MD Anderson Cancer Center	Richard Gorlick		Cell Line											Adherent	MF-002-001	DMEM + 10% FBS	False								True							False	False	Bone	0.43657720236987635
ACH-003587	-0.2240150294501658	-0.19698259372637125	0.23793612428065936	0.5088436620820002	0.14578407252315698	0.2240150294501658	PT-g8kcwe	531MII	531MII	OS	Bone	Osteosarcoma	Osteosarcoma	OS			22.0	Adult	Female	caucasian	Metastatic	rib	Clinica Universitaria de Navarra	Ana Patiño-García Lab		Cell Line											Adherent	MF-003-004	AlphaMEM + 10% FBS + 1x Pen-Strep	False								True							False	False	Bone	0.5136271512239131
ACH-003590	-0.3122694152864888	-0.2909319362918121	-0.44093315852607273	-0.0449458658503451	-1.1156982607974368	0.3122694152864888	PT-JkwieL	YCUB-2	YCUB2	BALL	Lymphoid	B-Cell Acute Lymphoblastic Leukemia	B-Cell Acute Lymphoblastic Leukemia		TCF3::HLF	CVCL_A082	4.0	Pediatric	Male		Recurrent	B lymphoblastoid cells	DSMZ		ACC 961	Cell Line											Suspension	MF-001-003	RPMI + 10% FBS + 2mM Glutamine	False								True	HMB-MDS	TCF3::HLF				ACH-003533	False	False	Lymphoid	0.7159789706147218
