sampleId	DIO1	FOXE1	NKX2-1	PAX8	SLC5A5	TG	TPO	TSHR	RAI_8	DM1_like	DM_call
TCGA-4C-A93U-01	0.8870572937549824	5.148214203909821	6.554616477488387	6.274619494716038	0.04670058674162228	9.166567834289514	1.8397983835069194	5.2938192332426866	-0.8836666479578863	0.8836666479578863	DM1
TCGA-BJ-A0YZ-01	6.995980783923759	7.87747555978196	6.705231487054737	6.318862720382365	0.05588975819628299	12.426879630080846	6.821182116493306	5.1712708888306835	0.3614826060932326	-0.3614826060932326	DM2
TCGA-BJ-A0Z0-01	7.343315430001814	8.023153867645307	6.0330397003377625	7.50828681646702	1.4098525247005542	13.761169150223413	9.399599009938024	6.741326755021332	1.1719917902497656	-1.1719917902497656	DM2
TCGA-BJ-A0Z2-01	7.15240349846018	6.98925710729199	7.315616946910849	7.842105158717374	0.0184917490398792	13.443380357976196	6.514845005065637	6.511379481092394	0.9782903857481813	-0.9782903857481813	DM2
TCGA-BJ-A0Z3-01	1.8978599736184132	6.268131180160844	5.930900518428768	6.447392401070202	0.17772648293206822	11.64578175865166	3.3386811246245465	5.309510914443095	-0.450709956473923	0.450709956473923	DM1
TCGA-BJ-A0Z5-01	1.0126401807787704	6.471296406417298	7.111177411259531	6.613600898260726	0.0	11.215369549761995	3.9360253996615415	5.997287890738264	-0.08362030336061341	0.08362030336061341	DM1
TCGA-BJ-A0Z9-01	0.07710624410597862	7.0220870150535	5.163071979232207	5.821493386367905	0.029134804053022843	9.706122474868149	0.025454096427749127	4.54654261541574	-1.164801637114599	1.164801637114599	DM1
TCGA-BJ-A0ZA-01	7.410487815928845	7.9408744138345915	6.706077394461492	7.218371429152142	2.618027170138194	13.166201786282421	9.913794029368804	6.765730981974141	1.3340628573547357	-1.3340628573547357	DM2
TCGA-BJ-A0ZB-01	0.29771967204351296	6.469384591696066	6.506954144457302	6.213531981539143	0.005902956858236406	11.060031909536614	1.702967767032766	5.572865421241346	-0.5109334512354875	0.5109334512354875	DM1
TCGA-BJ-A0ZC-01	9.275200784857999	8.304191583832017	5.9294359601775195	7.884113726185815	0.6198355444973109	13.685525043298151	10.282556912654224	5.753371876527755	1.120834755518058	-1.120834755518058	DM2
TCGA-BJ-A0ZE-01	6.073415382307504	7.1105605646870504	6.429239341514849	6.531939714466178	0.027437182706851134	12.886757130468705	9.487860930647232	6.243233023250056	0.5457454878110647	-0.5457454878110647	DM2
TCGA-BJ-A0ZF-01	8.37992284919766	7.670161930755004	6.960099267245112	6.887502119199596	0.27285929168710965	12.44006183691971	6.32648162095439	6.084676599696769	0.7368639250368949	-0.7368639250368949	DM2
TCGA-BJ-A0ZG-01	8.348374960497127	7.757359338227496	5.765882118235058	8.10874868434229	0.1685136761974936	13.439368334676802	9.905304412499955	6.237250121383587	1.0135367593514173	-1.0135367593514173	DM2
TCGA-BJ-A0ZH-01	1.6281203274961804	6.548285565384031	6.966530830425871	6.731232127247591	0.02701246506258167	10.153224696596732	3.1940239958851295	5.470068254746034	-0.27249864298576915	0.27249864298576915	DM1
TCGA-BJ-A0ZJ-01	2.8137504133945335	6.636201174535527	6.3815965916221815	7.285658366971776	0.4498518651909058	12.563029894998053	7.3257497772148685	6.324247165631622	0.3873697585604789	-0.3873697585604789	DM2
TCGA-BJ-A18Y-01	6.4974431152367975	7.315521851838459	6.881192289392908	7.558996910850542	1.9747495544568137	13.589393104780536	9.09191585202671	6.582688464757979	1.1906183153371674	-1.1906183153371674	DM2
TCGA-BJ-A18Z-01	2.6061105359722228	6.348234190024517	6.385277440669829	6.42275272138688	0.04362447674703463	10.64582169446332	3.292870074791839	5.497794367456313	-0.3814653355836912	0.3814653355836912	DM1
TCGA-BJ-A190-01	8.937026531042314	7.638289645899337	5.616328287551451	8.197128703233563	2.613673086675296	12.486391538321282	8.352993724047698	6.27240024174945	1.107165773767551	-1.107165773767551	DM2
TCGA-BJ-A191-01	6.713570728200595	7.492280231124668	6.23115396539976	7.8538491004292705	0.14077865578279594	7.783797774212311	4.283336577107395	5.782995588813534	0.11541174970958087	-0.11541174970958087	DM1
TCGA-BJ-A192-01	8.221523322284517	7.159592859671842	5.70240266691544	6.704876113304991	0.22995700858436255	12.341295424497885	9.655495124909496	5.908724057273063	0.45919850061922574	-0.45919850061922574	DM2
TCGA-BJ-A28R-01	0.1733833212147234	6.918484032878609	6.426925558978383	6.5966236177807875	2.220918058295307	10.872365995051998	3.2316781617985106	6.191975139974605	0.006993060442072374	-0.006993060442072374	DM1
TCGA-BJ-A28S-01	4.143311779045095	6.584921924352523	7.729968715653702	7.735679218884841	0.016924144257821412	12.059878510678422	6.908386615787097	6.532157967324434	0.7353621150243956	-0.7353621150243956	DM2
TCGA-BJ-A28T-01	4.609530409919178	7.207894803337849	5.809049093599671	7.095551042706791	6.974510957468381	11.538511295202012	9.197756803869028	6.588425318114253	1.1022871471012734	-1.1022871471012734	DM2
TCGA-BJ-A28V-01	5.774196685508813	7.753979520867832	6.361320956352196	7.618486083597467	2.7953305828929773	12.398945922235152	8.453891620691326	6.60582172399874	1.0924333121826202	-1.0924333121826202	DM2
TCGA-BJ-A28W-01	4.592062297787477	5.607570003167374	5.822865234971758	6.990529474859224	3.4475659728857044	11.539061028362315	8.886567522476925	5.125518859575091	0.17227569495488293	-0.17227569495488293	DM2
TCGA-BJ-A28X-01	1.7576633537608308	5.9914969033917895	5.53655651189205	6.332675714284884	0.4317833988038758	10.15066616380691	4.128194402070596	5.632221676199169	-0.6065730673210298	0.6065730673210298	DM1
TCGA-BJ-A28Z-01	1.1222751361353598	5.768409314715737	6.322189559668994	5.6658020526840005	0.22564512061895256	10.192343862776749	3.596565478946773	5.829902822918881	-0.6482706437336718	0.6482706437336718	DM1
TCGA-BJ-A290-01	0.35535462056106637	5.9237077956693405	6.733533310476262	6.829348537078451	0.01249716268290215	9.91919451236527	0.5024324474003494	6.384270892542415	-0.4197382515836982	0.4197382515836982	DM1
TCGA-BJ-A291-01	7.190458810000948	6.4201943598455244	5.662481818804318	7.373812619093066	8.344110343204756	11.267108066599416	3.42258286563643	5.362550542757083	0.735072534081162	-0.735072534081162	DM2
TCGA-BJ-A2N7-01	4.614898265448403	6.066855553195185	7.036190100402593	6.98553116921834	0.504061001309293	12.807418441104991	8.817898852446628	6.683038109590801	0.6135582385779036	-0.6135582385779036	DM2
TCGA-BJ-A2N8-01	9.661444992686592	6.697014804140475	6.152684380542582	6.993538508363707	0.2437909250648101	11.502616924937453	5.172427508645482	6.350521998992601	0.41846118270094435	-0.41846118270094435	DM2
TCGA-BJ-A2N9-01	8.10684346991879	6.885409635895527	6.266689108648943	7.460587770425111	0.3562565163728182	12.5597847448555	10.20063038837	6.3610120795612115	0.8136013429659397	-0.8136013429659397	DM2
TCGA-BJ-A2NA-01	2.8581600771898534	6.457979996408044	5.882674837207453	6.568950222986293	0.14156358237500305	10.963885386608315	3.715904349920141	5.386214297677398	-0.38979412283042175	0.38979412283042175	DM1
TCGA-BJ-A2P4-01	5.7419361230823345	5.782282743012888	7.516138886846312	7.289425975665871	0.029700234215419886	13.481409939709643	8.427418868371259	6.194002319669127	0.6715445629244131	-0.6715445629244131	DM2
TCGA-BJ-A3EZ-01	0.1696684995230859	6.434361346067099	6.516790513302936	6.156732332604618	0.7425236768123445	10.432636163127967	4.091234373561426	5.871575089089237	-0.34867797931243116	0.34867797931243116	DM1
TCGA-BJ-A3F0-01	9.329244488711806	7.568099007290203	6.3060106358095105	7.640904303254339	9.28307654279154	12.596512299427976	11.166225924520953	5.492026209348008	1.774497245407387	-1.774497245407387	DM2
TCGA-BJ-A3PR-01	4.417548757638563	6.085146305517941	5.518563463868538	5.975054625810278	2.9869933569957365	9.804334501066485	5.933754379951535	4.828108550554353	-0.39831974733095077	0.39831974733095077	DM1
TCGA-BJ-A3PT-01	6.183170865578678	6.054841966624248	6.72596604891571	7.2315888890556135	2.1580138065897683	12.566510969910393	8.509318573454943	6.448511159447393	0.7538468831607029	-0.7538468831607029	DM2
TCGA-BJ-A3PU-01	2.1717192390878477	5.856709370793709	6.771908021437155	6.184262439172247	0.03294716409912902	8.714678261270095	1.9937105871599576	4.9272944152850195	-0.7875235516817617	0.7875235516817617	DM1
TCGA-BJ-A45C-01	5.760593550201907	7.5539471701367065	7.068167757178438	7.270455123841801	0.9134926277500783	12.57781539113224	9.46008375791481	6.252843275040955	0.9361331883486408	-0.9361331883486408	DM2
TCGA-BJ-A45D-01	6.971951589262853	6.340236450904544	7.021075467424586	7.623577925281464	0.685805625154268	12.492844308022056	9.306640930285857	5.594870970192635	0.6879179497123479	-0.6879179497123479	DM2
TCGA-BJ-A45E-01	3.040173533498761	5.613228112840162	5.391152491585256	6.143332189390233	0.09518178934268523	8.175188239089335	5.8228397478215355	4.78225652873279	-0.9687870806825102	0.9687870806825102	DM1
TCGA-BJ-A45F-01	6.126076673594765	6.248809945087758	6.727223437287987	6.933381430730939	0.10849100259224341	12.916864771837195	8.564396842381498	6.041359083666102	0.4750568773597681	-0.4750568773597681	DM2
TCGA-BJ-A45G-01	7.148097236979171	7.062077447506979	6.623031347747968	7.5799396504752385	2.5033741793001116	12.763764706187809	8.912475025721003	6.556237799580079	1.1013809631172018	-1.1013809631172018	DM2
TCGA-BJ-A45H-01	4.863041441529335	6.749498065759567	6.862525780695461	7.035384173716344	4.755304220541079	12.665695857562367	7.581449924375896	6.610268937074052	1.0482162986594352	-1.0482162986594352	DM2
TCGA-BJ-A45I-01	0.45354391754268647	5.862496025407794	6.254144264446903	6.170185464533596	0.03181862582635714	8.567675872647825	1.2024490671345118	4.741650345333313	-1.0575107371354298	1.0575107371354298	DM1
TCGA-BJ-A45J-01	1.2757222561607484	6.0622361452841185	6.774692194342607	7.253994937190714	1.0569302883826717	11.16264818365939	3.42484148847096	5.885523117527796	-0.024991448676272912	0.024991448676272912	DM1
TCGA-BJ-A45K-01	5.815946813551305	7.687631828743355	6.848733094283473	7.6946754715459305	0.746828690274403	12.392769428612326	8.241802533460477	6.359224209501093	0.9355523604244853	-0.9355523604244853	DM2
TCGA-BJ-A4O8-01	0.4027221768456047	6.056058895427173	6.465595788963605	6.431701510247353	0.15484240686923262	9.26809210404372	2.5937123084565794	5.633192872794266	-0.6254734455878603	0.6254734455878603	DM1
TCGA-BJ-A4O9-01	0.06239806379847849	6.491947669904699	6.3483209558391485	6.651242602368107	0.016924144257821412	11.678184919428983	1.9419701664827125	5.675745375112058	-0.3797234876117058	0.3797234876117058	DM1
TCGA-CE-A13K-01	0.4669663842730794	6.411587251813445	6.735111893176437	6.24845134442646	0.5169228512782866	10.84231246824291	2.0819871948986868	5.359254084075535	-0.4543660411820204	0.4543660411820204	DM1
TCGA-CE-A27D-01	5.668970054684297	7.074188570392904	6.872289494573884	6.9464361160666055	5.173819025565296	11.694090262931017	7.720245626580969	6.395182790550413	1.0457848009304747	-1.0457848009304747	DM2
TCGA-CE-A3MD-01	1.3736760488864923	6.308237082155979	7.479300902517724	6.511265612582551	0.18928690658361216	11.195862947854062	5.91759644810359	5.981848087791881	0.060768256154512965	-0.060768256154512965	DM1
TCGA-CE-A3ME-01	0.07874644707664834	6.7979545739130245	5.671349992055017	6.409564049156035	0.014212444812104711	11.333385492138872	1.0382956981815445	5.614739286570712	-0.5920472641927985	0.5920472641927985	DM1
TCGA-CE-A481-01	3.0671912468315368	6.806325346430769	6.943515833832827	6.9049922031629745	2.5459683691052923	11.381559551815371	5.014770365188921	5.828865107169929	0.36962893483699605	-0.36962893483699605	DM2
TCGA-CE-A482-01	0.3487989596121077	6.222364082405529	7.089609374068183	6.28203014304104	0.06295060882280785	11.343782883135084	3.807468272214976	5.475253533482276	-0.3170005510191634	0.3170005510191634	DM1
TCGA-CE-A483-01	0.3897870537356576	6.260652369307487	6.184839646919278	6.352020466120122	0.23290630100683052	11.42560133992227	1.2194628389571547	6.305988755134081	-0.3999335119737075	0.3999335119737075	DM1
TCGA-CE-A484-01	2.7531980257846222	4.6508334760237195	8.156802600616176	7.223335661241341	0.08949815083910263	12.465756498475793	4.325019361550553	6.962111706227673	0.35177268303080184	-0.35177268303080184	DM2
TCGA-CE-A485-01	3.3804939663861564	6.14381991073897	6.5485198547014045	6.595578251923237	1.3918226996645033	10.18563379783074	4.886950027645564	5.333033666713617	-0.18158170758892103	0.18158170758892103	DM1
TCGA-DE-A0XZ-01	0.2354819952815173	6.142270468370801	6.800635920803684	6.853809810898564	0.029841557136715123	11.116245568679995	0.633849659104694	5.5127736414455075	-0.43547869275400375	0.43547869275400375	DM1
TCGA-DE-A0Y2-01	1.7105695230340459	6.7546056147618785	5.855561209050802	6.462621691312232	0.5493241639678907	10.385578685851355	2.4685051200344845	5.213382279301849	-0.5199557907080182	0.5199557907080182	DM1
TCGA-DE-A0Y3-01	0.14756720709463242	6.595236591595847	5.9588774665047834	6.398372604425785	0.05102400302446689	9.996238599142528	1.443447521923358	5.806017232932258	-0.6211683542201395	0.6211683542201395	DM1
TCGA-DE-A2OL-01	4.855685782711745	7.58317229834144	6.8258123343719115	7.695025708270927	1.408440141461644	12.342706208994468	8.966791222858403	6.814774705629518	1.0515825537003654	-1.0515825537003654	DM2
TCGA-DE-A3KN-01	3.6809206675774115	5.990212906626223	6.5990365478841575	6.6755576791933535	0.3241193264351021	11.21638174391393	3.5811583928369206	5.171166787590742	-0.2734880056268392	0.2734880056268392	DM1
TCGA-DE-A4M8-01	3.1218774438492187	6.132379425052866	6.466968015158427	6.571654059133836	0.5314687994101774	11.488487744877721	6.09130208625161	6.292170682649035	0.053038121077910574	-0.053038121077910574	DM1
TCGA-DE-A4M9-01	6.848340006761841	7.952015495338958	6.855715678789846	7.12051057666769	0.0	12.21276280016457	7.868788608609963	6.360209743969039	0.81181618635666	-0.81181618635666	DM2
TCGA-DE-A4MA-01	0.4620523187964329	5.391035602909576	6.609861316831502	7.395815149798492	0.03843618165610792	9.01643336107235	2.1472741319332425	5.464083360379805	-0.5999829536695778	0.5999829536695778	DM1
TCGA-DE-A4MB-01	5.1491414668698345	5.987889281302782	6.383598894136109	6.7078919334793925	0.37206058233216077	10.659326105347025	0.6116445433736617	5.601443963325484	-0.3286059926848224	0.3286059926848224	DM1
TCGA-DE-A4MC-01	1.7343085900969069	6.190320523558459	7.080602239598806	6.529678855929183	0.058247216854662685	9.534034942393438	0.5368486504208304	5.131939251027108	-0.5761087015390415	0.5761087015390415	DM1
TCGA-DE-A4MD-01	1.7050047216953057	5.729661525875295	5.588492780742024	5.753294314938384	0.0	9.113389001079682	0.8292812979975315	5.022638570381234	-1.1512480567138148	1.1512480567138148	DM1
TCGA-DE-A4MD-06	2.51225217454896	5.922504721529051	6.5163745149047605	6.284279069105838	0.03590538374212795	10.19440007564902	5.8445162168210025	4.418102222942259	-0.5978540753118039	0.5978540753118039	DM1
TCGA-DE-A69J-01	1.7347421312970588	6.502109380852609	6.590646927065852	6.113490063012906	0.004896843214847462	9.322443090171944	1.974198886470095	5.956600349305166	-0.5002307199687208	0.5002307199687208	DM1
TCGA-DE-A69K-01	3.4292142298395847	6.25063950744395	6.774439189819026	6.45065865996914	0.14990966753492424	10.64534149099	3.6003887043307636	5.880215323988849	-0.1759744241062039	0.1759744241062039	DM1
TCGA-DE-A7U5-01	0.14404636961670686	6.4411680547572825	5.936041894512505	6.2471129201287825	0.046281503211910255	8.60433602087414	3.0880567698784955	5.590976206981169	-0.7697456677222001	0.7697456677222001	DM1
TCGA-DJ-A13L-01	1.3119099422796838	5.249653917562006	6.300740582812126	6.06169628561828	0.20976526597410353	9.3869889448876	3.314783519719259	5.63872261435253	-0.7711301836629865	0.7711301836629865	DM1
TCGA-DJ-A13M-01	7.505817110368474	6.129868220228344	7.155378879388477	7.100029411544571	0.03520159571856608	13.227799607617825	9.396894575380859	6.3260860758451845	0.7507388447016026	-0.7507388447016026	DM2
TCGA-DJ-A13O-01	5.8375976599086625	6.383700836912929	6.721111496005749	7.273417046040594	0.9038866647512329	11.61442371496319	7.699796604483289	5.843408560206507	0.4389123717308844	-0.4389123717308844	DM2
TCGA-DJ-A13P-01	0.2794118631106937	6.403489291282712	6.569039875402644	6.557096040357175	0.018349309878891815	12.32051951181371	2.771441929109565	6.9191338662488535	-0.020535538089789404	0.020535538089789404	DM1
TCGA-DJ-A13R-01	6.955040737888814	6.588299379434667	7.287632971429067	6.4490396651533	1.1828829494611701	11.055879525299806	8.025312896797313	4.995710628907104	0.30225094993464985	-0.30225094993464985	DM2
TCGA-DJ-A13S-01	7.6752464453053575	6.968866049887238	6.841492643612066	6.8518439688757145	0.005759269288684953	10.906654334951204	6.744688551802599	6.891368147203595	0.5806102738330234	-0.5806102738330234	DM2
TCGA-DJ-A13T-01	0.08188496672922738	6.278042379584525	5.9684940049991955	6.342033765125393	0.011638756246893662	12.250417512322565	3.083570805923531	6.890076972946064	-0.2103643444076577	0.2103643444076577	DM1
TCGA-DJ-A13U-01	0.5875570174296084	6.843382177062041	6.001387926144496	6.211913596227044	0.08474462086846798	11.930458010085129	5.451913327292511	6.16303573966792	-0.173370589571267	0.173370589571267	DM1
TCGA-DJ-A13V-01	0.8007446239367776	6.4815282198622555	6.730320680162654	6.7899652478013905	0.017636903049498446	10.687579693562704	1.014498126999353	6.280835713140168	-0.24821637618551515	0.24821637618551515	DM1
TCGA-DJ-A13W-01	4.847891706206076	5.748482701520504	7.278595346574347	8.58449430027178	0.13566619696904392	11.16060359608751	7.18283528883687	6.209749672558219	0.5917814082635627	-0.5917814082635627	DM2
TCGA-DJ-A13X-01	2.683741362402608	5.953840246546132	6.274272844896188	6.529428992364476	1.2702897192253566	12.643101372674426	5.597781434184601	6.776257990181578	0.2015957211516348	-0.2015957211516348	DM2
TCGA-DJ-A1QD-01	1.2794712956444676	5.610555383840558	5.657542831508613	6.040221763419458	0.03421571533791298	10.419882459773554	2.619272138460124	5.76988014884312	-0.7796621522414875	0.7796621522414875	DM1
TCGA-DJ-A1QE-01	2.2399784247200207	6.650602304233151	5.780184093974	6.669830401789555	0.36401205355861466	9.454055156212462	3.367804368268812	5.6537192858829215	-0.45672314422818994	0.45672314422818994	DM1
TCGA-DJ-A1QF-01	0.040541793862846835	6.5571037009221	5.849689076704151	6.438876665586186	0.025312343046069	12.329604975068653	1.3660283991571194	6.307424882018352	-0.35443646899826253	0.35443646899826253	DM1
TCGA-DJ-A1QG-01	2.400510605555264	6.303746050031013	6.908116365514834	5.728701476091988	0.0526941113038451	11.78597897619764	5.228764828875598	6.410519191556715	-0.06645378980479622	0.06645378980479622	DM1
TCGA-DJ-A1QH-01	0.8339830110071211	6.378071117860199	5.874499446981725	5.8640573489618095	0.12287146908839316	10.288828247612903	1.5668638517557796	6.372497702753344	-0.5957428974220013	0.5957428974220013	DM1
TCGA-DJ-A1QI-01	2.60651329510243	6.74643773366457	6.238828886637704	6.477659520402617	0.030971642412075527	10.916628609069647	0.6351507240326344	5.860771650443309	-0.35767201211765415	0.35767201211765415	DM1
TCGA-DJ-A1QL-01	6.099406726919247	7.445115023796259	6.996679109319747	8.003470125996806	2.3224185278323874	11.767400846135061	8.752086892301673	6.354071265894301	1.1219462837499825	-1.1219462837499825	DM2
TCGA-DJ-A1QM-01	6.951261398495067	7.392732137990561	5.938880910227253	7.32380688298035	6.465938559882065	13.578761147680773	10.329327806625859	6.4766020284733	1.4644052525175868	-1.4644052525175868	DM2
TCGA-DJ-A1QN-01	0.37640152659359805	6.230437447636036	6.959330835902557	6.333870928496724	0.06515867512854683	10.95846984870787	1.2963105607080923	5.63931900022497	-0.44034880561176676	0.44034880561176676	DM1
TCGA-DJ-A1QO-01	3.760699990739132	6.814062008519666	5.862533219421488	6.825741114854243	1.881468853658753	10.623388347796142	4.566279370299754	5.296607909690411	-0.08146010643166832	0.08146010643166832	DM1
TCGA-DJ-A1QQ-01	4.031545175121528	7.615340517291879	6.203561393486919	7.247326581753476	1.9289577048576152	11.488262332035054	5.043795057967099	6.670925291081215	0.5843507521348266	-0.5843507521348266	DM2
TCGA-DJ-A2PN-01	3.684392372756302	6.866506212226202	5.777530182009815	6.978694444959541	0.15081959821213325	11.631828440989752	5.671771737949123	5.598659979552139	-0.0390282715901365	0.0390282715901365	DM1
TCGA-DJ-A2PO-01	0.9523335663696857	6.051828853835238	6.107970271821585	6.109822298373816	0.05519565424212462	12.060266132316542	2.5929473207618345	5.850284368661612	-0.46379980203050475	0.46379980203050475	DM1
TCGA-DJ-A2PP-01	3.0717111925834146	7.326850998109633	5.634973639092242	6.88908409859815	0.0	13.327356449477058	8.399268523725759	6.223874286804734	0.33451685528423314	-0.33451685528423314	DM2
TCGA-DJ-A2PQ-01	0.4846021943722032	5.6377232602515805	6.588503274645043	6.154737113372716	0.04264433740849372	12.216647472737655	2.8233621444256127	6.144382931998536	-0.36875659212675604	0.36875659212675604	DM1
TCGA-DJ-A2PR-01	0.6123996834280071	6.34922371893827	6.694804992449158	6.164788289034893	0.03646816706929173	9.47202548260775	4.962960766146079	6.755297543310893	-0.24183320034424127	0.24183320034424127	DM1
TCGA-DJ-A2PS-01	2.960974988450898	6.55571187486569	6.477858624347368	5.969537330856501	0.7518921384043091	11.861271729762578	5.680214631324771	6.6308611928073855	0.10139858600780352	-0.10139858600780352	DM1
TCGA-DJ-A2PT-01	0.37906639928090413	5.856886121471258	5.992797882471336	5.8791347498550985	0.09936253975777228	9.79982588929643	2.1531243530061492	5.058680154385562	-0.954830339922127	0.954830339922127	DM1
TCGA-DJ-A2PU-01	0.37984272749168263	5.564085453487456	6.253518498831796	6.696555864874401	0.03632749181776505	11.92765960883589	3.964980768343612	6.555805420683604	-0.23957565069304854	0.23957565069304854	DM1
TCGA-DJ-A2PV-01	3.9135213496260075	5.84483253400181	5.62200201998634	6.755919728421555	0.5864044748950628	11.675765042960712	4.481298941547565	5.964638907331776	-0.20274613592882984	0.20274613592882984	DM1
TCGA-DJ-A2PW-01	5.5325413888135175	6.3655980619318795	6.268965799160459	6.451408953586241	0.05838577100035305	9.004890384304009	2.590122917715788	4.637778315160019	-0.5974199463157962	0.5974199463157962	DM1
TCGA-DJ-A2PX-01	3.8993883446299864	5.507988043492818	6.626223008296554	6.592781420303969	0.0663992289113826	11.99309824134186	4.245351142687376	6.08140354506251	-0.10216537914203272	0.10216537914203272	DM1
TCGA-DJ-A2PY-01	0.7808140092968006	5.93323505722563	6.089517218287359	5.8819533251916924	0.02233230009805639	9.650652741610672	1.4919556843294968	6.15752479783263	-0.7347377720592341	0.7347377720592341	DM1
TCGA-DJ-A2PZ-01	3.2819800858666883	6.0998485241144005	5.912848628907623	6.123680679609217	2.7347854782523955	11.069762037833343	5.257802675737812	5.86399542386276	-0.08348196406465526	0.08348196406465526	DM1
TCGA-DJ-A2Q0-01	7.47314885520303	5.116763971297723	5.3392585548097315	5.6485057090733894	0.0	3.724857603322785	7.406052754253614	5.331182094562611	-1.1563735776583233	1.1563735776583233	DM1
TCGA-DJ-A2Q1-01	0.7052259566163643	4.984015074440361	6.068660063492762	5.801588088905091	0.1918152897068979	6.492968349319033	2.1917837122504613	3.9834588115903236	-1.5656304043850682	1.5656304043850682	DM1
TCGA-DJ-A2Q2-01	6.300015701480012	8.28246575252558	5.782746656958969	6.979314291479767	7.200764257766714	11.756399785789744	7.46637751416559	6.534495877431999	1.2836153439736668	-1.2836153439736668	DM2
TCGA-DJ-A2Q3-01	2.951270725129049	6.534894237023311	5.991050129565369	6.416258764585028	0.5673507388181743	10.863396780749717	4.998145847588305	5.374166597595251	-0.29402468955064787	0.29402468955064787	DM1
TCGA-DJ-A2Q4-01	3.059026410892219	7.011710309627734	6.768254472463411	7.172990474914683	0.3994445645894576	10.83479123586418	4.175317004134212	5.958691903413936	0.15235814974884013	-0.15235814974884013	DM2
TCGA-DJ-A2Q5-01	0.3994445645894576	6.17331335642075	6.557927740137247	6.586048621482794	0.13881446890228188	11.448495982693592	2.0414883176700864	6.078836091921471	-0.31013440189352937	0.31013440189352937	DM1
TCGA-DJ-A2Q6-01	0.2401311183307479	6.069519584390929	6.451199570225835	5.897380815241137	0.018918982163051733	11.184959373728864	1.2495666983403593	5.955152360733905	-0.5840336615805891	0.5840336615805891	DM1
TCGA-DJ-A2Q7-01	1.894875954875485	6.170175447591867	6.36199990181216	6.670909716335782	0.0692897127155347	12.188377030906226	3.5171370870279572	5.620958765384137	-0.2323932249023894	0.2323932249023894	DM1
TCGA-DJ-A2Q9-01	2.463099267348104	5.531596678965975	3.8800193615537957	5.101082735319352	0.8409264333031481	9.989086199947593	5.607244489338017	4.50994281423704	-1.349747562114598	1.349747562114598	DM1
TCGA-DJ-A2QA-01	3.348940559949944	5.654203513177665	6.485069329421395	7.394132530479701	3.5938915437864574	12.803327390547485	6.998765291274043	6.367059985943627	0.6169284787850419	-0.6169284787850419	DM2
TCGA-DJ-A2QB-01	4.797796387221464	6.335961959600846	5.570338450704998	5.683643124126717	0.29278174922784594	13.31415039915762	8.677905647471803	6.133508042726165	0.02738614361666132	-0.02738614361666132	DM1
TCGA-DJ-A2QC-01	0.540919995427696	5.438455877554567	6.979502937278638	6.858848838482379	0.017636903049498446	12.071365520412963	3.3644743817282143	5.194059465354282	-0.36292099105598324	0.36292099105598324	DM1
TCGA-DJ-A3UK-01	0.27178421356921684	5.919428281524707	6.385208403197663	6.731105835864922	0.01321211142685117	12.217572322054494	2.7855714753734704	6.396287952825467	-0.21485034909931885	0.21485034909931885	DM1
TCGA-DJ-A3UM-01	0.2878268672850812	6.731446661458289	6.370232297682704	6.830470840055053	0.16079113991938748	11.992325945690906	3.402517544088463	6.34627791857573	-0.052469110413899206	0.052469110413899206	DM1
TCGA-DJ-A3UN-01	1.9108477659579362	5.709797916343468	6.753890629592363	6.4452002937418476	0.16902704513481687	12.435526921803321	4.440480521725197	6.746345017071858	0.0215803007724851	-0.0215803007724851	DM1
TCGA-DJ-A3UO-01	4.56306658593494	6.62788402838606	7.29704739671135	6.464795673303735	0.11196608960349229	9.595531446257604	3.378761298866425	6.384322704613901	0.04321938868805723	-0.04321938868805723	DM1
TCGA-DJ-A3UP-01	8.118753198762814	6.78631798898195	6.898065624108366	7.43398429171226	0.024745190197137796	12.49682594658378	4.527633387290932	6.0541256463548745	0.5701660539086304	-0.5701660539086304	DM2
TCGA-DJ-A3UQ-01	2.5766672466367897	6.2926934182559995	6.04677042216245	6.21297781116879	1.0803847874146049	9.951863571287808	4.471031344271528	6.260010596435666	-0.2543632367737653	0.2543632367737653	DM1
TCGA-DJ-A3UR-01	1.6587827340128276	5.9765835978769974	6.5349300217582735	6.646537110067098	0.05213762333517526	12.131892063189424	3.453359539153897	5.24855760576709	-0.3288063238209037	0.3288063238209037	DM1
TCGA-DJ-A3US-01	7.036245058538767	7.0872740055709125	6.708098927577216	7.662555162680015	0.2819059238971919	13.087948227132895	7.843558683678142	6.320179571355617	0.8490987139296919	-0.8490987139296919	DM2
TCGA-DJ-A3UT-01	7.778763150286263	7.141911961100839	7.224857387261678	7.8450578049446555	1.9960271234250762	13.011938309950056	9.693531387640704	6.655240187176779	1.3408747439258069	-1.3408747439258069	DM2
TCGA-DJ-A3UU-01	2.991372183503359	6.336649371740201	6.570966814773666	6.6634456727999325	1.615981210814781	11.977929669774714	6.60210347971187	7.041557310745784	0.43800193904131446	-0.43800193904131446	DM2
TCGA-DJ-A3UV-01	5.917734870914643	6.885254651935204	7.01839271080044	7.3825202784821125	3.3488414411727736	12.490740239143168	8.018719844965075	6.4503419354465885	1.053730691481684	-1.053730691481684	DM2
TCGA-DJ-A3UW-01	3.3339961181964526	5.837299938984309	6.571619173820124	6.185658449288535	0.20589292750767074	10.01432446463833	3.9994588878948045	5.184946732236772	-0.5087128150015342	0.5087128150015342	DM1
TCGA-DJ-A3UX-01	2.7292264549911507	6.640934661583862	6.210910920840742	7.056220424654588	3.7722235055628532	12.066077885713534	8.071098693215804	6.697201119627592	0.6958063735160951	-0.6958063735160951	DM2
TCGA-DJ-A3UY-01	4.605221698941724	6.438347750138336	5.538547475314734	6.77538641110855	1.6610198602701642	11.71066603094804	6.866423372725065	5.912321724626516	0.11685339541979933	-0.11685339541979933	DM1
TCGA-DJ-A3UZ-01	5.548556844273703	6.039131812253985	6.727585601573982	7.05879810734093	1.74712956067177	12.1645519900915	6.910732661902912	6.381906282891162	0.5299420390098077	-0.5299420390098077	DM2
TCGA-DJ-A3V0-01	0.2453739626181625	5.874376487363128	6.810620473479341	6.520104757822745	0.08773438181972541	11.089074298503679	3.4304057155880203	5.997637908437228	-0.3196013973821126	0.3196013973821126	DM1
TCGA-DJ-A3V2-01	0.32331241775790276	5.847302943624572	6.6652051448114005	6.682657564456676	0.017636903049498446	11.59317190053108	3.4079509172385727	6.278417862620793	-0.22672494197780202	0.22672494197780202	DM1
TCGA-DJ-A3V3-01	2.2148708340039054	6.529127536845323	6.956026441020802	6.976323534852679	0.1761950948634081	11.800667100999899	4.3342965291608815	5.9701542193673705	0.10185862508824964	-0.10185862508824964	DM1
TCGA-DJ-A3V4-01	5.954666273184608	5.560143265005959	6.1024607759944764	6.648118820943495	0.5977933502428048	11.617925042037015	6.492160838447072	5.961132469200484	0.0053161051437394385	-0.0053161051437394385	DM1
TCGA-DJ-A3V5-01	1.089159131911238	6.261809097664958	6.128464570647561	6.303559761506239	0.08691960673732627	11.406673459719665	3.7787027094553602	6.095101596121555	-0.33276293260573997	0.33276293260573997	DM1
TCGA-DJ-A3V6-01	2.488309335703363	5.9473248437811	6.450904403486623	6.168355216860185	0.024177814301165258	10.371385267031224	1.7390271743958725	5.502750668831951	-0.5817426255486831	0.5817426255486831	DM1
TCGA-DJ-A3V7-01	0.473527177156759	5.393296062412741	6.472388664007443	6.471200469300749	0.006190289072069835	10.718240197620904	1.0014419741739062	5.390667685559667	-0.7308353465155831	0.7308353465155831	DM1
TCGA-DJ-A3V8-01	2.8371964791943194	6.397388846219362	6.887201115340271	6.395815149798492	0.23462394136385586	10.794017608058077	3.4272172899265043	5.530542113772349	-0.22439568565048318	0.22439568565048318	DM1
TCGA-DJ-A3V9-01	2.024567909198022	6.39148247908738	6.775100597601229	6.68290612375556	1.443076151362673	11.328254005086176	6.569354374571103	6.420923618490264	0.24885991545174432	-0.24885991545174432	DM2
TCGA-DJ-A3VA-01	1.6626156863713177	6.245642069770543	6.268548550015478	6.307949404359489	0.01178185945991471	10.883358259285135	2.8531573235495817	5.676569254755938	-0.45520106298596874	0.45520106298596874	DM1
TCGA-DJ-A3VB-01	1.738378742976404	5.644825355239066	7.160225409381293	6.579893654260067	0.07765318565016138	9.282784498252031	3.0212131950869625	4.629799561462221	-0.6493725009631861	0.6493725009631861	DM1
TCGA-DJ-A3VD-01	3.2608837891864897	5.913688882506745	5.706513976092359	6.282271134755402	1.614332927607166	9.76155954287585	5.939964665037551	5.434007651925085	-0.4012202477824151	0.4012202477824151	DM1
TCGA-DJ-A3VE-01	1.3842156242817958	6.182855147621675	6.218829592556781	6.61698544565928	0.007339046008161997	10.897988357398997	2.025666700388476	6.046696221915576	-0.3900743337359131	0.3900743337359131	DM1
TCGA-DJ-A3VF-01	0.350610395199237	5.475052447893511	5.910147407588034	5.551666739087272	0.03562390973072122	8.00851714200202	1.6643918157240714	4.752020638771737	-1.3397508411263168	1.3397508411263168	DM1
TCGA-DJ-A3VG-01	6.165013491154076	6.8694865045873605	7.834777570363749	7.461562118505602	1.9045419008853135	12.527388032235491	9.28678852815416	6.58704989209581	1.1847221036909914	-1.1847221036909914	DM2
TCGA-DJ-A3VI-01	1.831512468806479	6.143870918092265	6.425482803422841	6.40041667526023	0.03731193064196659	11.316762972092791	2.388024175812457	5.908700042694132	-0.3496283318287694	0.3496283318287694	DM1
TCGA-DJ-A3VJ-01	4.547437489927318	6.397578806581527	6.821233148944179	6.885446243848997	0.4494293141031992	10.537130146843854	4.513408628384535	5.696260954123697	0.018976475930529937	-0.018976475930529937	DM1
TCGA-DJ-A3VK-01	3.146590058270185	5.842493662860943	7.658332178426679	6.823723888772667	0.10420244938244294	12.43050461319938	7.1689257895531515	6.529302482433706	0.42527125874612215	-0.42527125874612215	DM2
TCGA-DJ-A3VL-01	6.584161281969744	6.198006886761858	8.303700393304164	7.652794074539963	0.08093048767298393	12.289619515447763	9.374748472994076	6.037615037678226	0.9211072634114933	-0.9211072634114933	DM2
TCGA-DJ-A3VM-01	2.7969091830923403	6.755135944916332	6.68869651378973	6.7518144972189	0.007339046008161997	12.34345662569575	6.935968844455008	5.722058842846943	0.16381211644905677	-0.16381211644905677	DM2
TCGA-DJ-A4UL-01	1.774249407304768	5.681114696691676	7.322146286012009	7.0702637306686835	0.04124298223188134	11.065714808279528	1.282795616017946	5.657820045058139	-0.23808329390333483	0.23808329390333483	DM1
TCGA-DJ-A4UP-01	4.110505233916204	6.07855433222152	6.7981075576565	6.689276792997525	2.199750856715837	11.736561033372624	6.312525412966836	5.833388543674788	0.2830400946939104	-0.2830400946939104	DM2
TCGA-DJ-A4UQ-01	2.251567620608247	7.185458252406697	7.159458646798775	6.794667991019072	0.8430190457237684	11.384984601991636	6.2601724781003165	6.150198145191773	0.36610114507861613	-0.36610114507861613	DM2
TCGA-DJ-A4UR-01	4.641898567731368	6.346079307967755	7.856853760290569	7.652437735017257	0.03604610015685955	12.834090376361692	8.892870326646271	6.244470397941375	0.8264887061475774	-0.8264887061475774	DM2
TCGA-DJ-A4UT-01	4.455721749613341	6.692261191565648	6.486735286165845	6.9133861124679825	0.4696776298171893	10.105042631757597	3.6517750106210576	5.479638008093008	-0.1137450720313076	0.1137450720313076	DM1
TCGA-DJ-A4UW-01	3.9673807529695058	6.097526524595037	7.023922865760142	6.353092116758929	2.5133896775968414	10.908243089168261	6.634376906045904	6.762712898698591	0.4175048956747802	-0.4175048956747802	DM2
TCGA-DJ-A4V0-01	4.339429600860553	7.502504848944142	6.328594152093982	7.346527916272971	5.427495552982645	12.814199612283401	8.026102329895695	6.626760348819758	1.2026769649484197	-1.2026769649484197	DM2
TCGA-DJ-A4V2-01	1.9255057805467075	6.65134594224726	6.198405750499199	6.444746566582432	0.006908369342177494	10.669571076038965	2.7248248687367975	5.549875519264552	-0.41310336231806705	0.41310336231806705	DM1
TCGA-DJ-A4V4-01	4.444998286863311	6.343169722434995	6.920999466655836	6.612937774470015	0.38482345872975465	11.097722844469228	5.306655966487197	5.805730976495854	0.06959279897418919	-0.06959279897418919	DM1
TCGA-DJ-A4V5-01	3.9622158412747437	6.284543744907528	6.7510432130483355	6.772073032200288	0.8108132418300152	11.363735833724258	5.80391928127298	5.481583112080573	0.056461924534689574	-0.056461924534689574	DM1
TCGA-DO-A1JZ-01	2.0022704571733527	7.961923086950446	6.596486466006444	6.845462451296987	0.0829750272577682	9.961214387131747	3.3865212749854954	6.2848028210386335	0.0843323588125828	-0.0843323588125828	DM1
TCGA-DO-A1K0-01	1.7781665147050312	6.002961246289691	6.066274360325507	6.340825718398811	0.028993411879548688	11.532534229818388	1.260567694222356	5.890604767596152	-0.49376995206465246	0.49376995206465246	DM1
TCGA-DO-A2HM-01	2.7843992842800134	5.2904022855174855	5.055646859796704	5.591104905064779	0.11103131238874395	9.29326977236455	3.9680630962841925	4.944085366370863	-1.161119460952594	1.161119460952594	DM1
TCGA-E3-A3DY-01	0.7916057247045515	5.900874051619673	6.4662388255719785	6.34525442674739	0.01178185945991471	11.565835523746635	1.295252823267693	5.557094508239309	-0.5402935141268597	0.5402935141268597	DM1
TCGA-E3-A3DZ-01	6.506565447851047	6.715905722335833	6.861361147114837	7.896732609223808	1.2075805461869498	13.366053487268474	9.2997849810188	6.170656182359922	0.9883688740983894	-0.9883688740983894	DM2
TCGA-E3-A3E0-01	3.7034772753864114	5.932621071076234	7.014676649643325	6.651139255086214	0.44318226699222235	11.851176924389334	6.082923949065024	6.432605369222591	0.22185121826906934	-0.22185121826906934	DM2
TCGA-E3-A3E1-01	2.8430391522711487	6.7539815258710325	6.607808173573309	6.506024271260742	0.4265331381166731	11.451187049539376	5.8741969474983655	6.254104571368018	0.12597672258641085	-0.12597672258641085	DM1
TCGA-E3-A3E2-01	2.103967551079052	6.101981972060308	7.050228499843646	6.517261518188669	0.4895429356424736	11.18496674788143	3.9480681480101936	6.222895344750176	-0.032604093184102394	0.032604093184102394	DM1
TCGA-E3-A3E3-01	1.2075805461869498	6.4137142342984514	6.048999014746452	6.457185496614061	0.026729250487489024	11.53588916915926	2.5593204906447826	6.268868514184028	-0.30207703502238314	0.30207703502238314	DM1
TCGA-E3-A3E5-01	0.18205660901025042	5.146936207508298	7.2155232927657105	6.546999379348131	0.029841557136715123	11.470678750377505	2.5112403072486984	6.019406140536761	-0.3650697496494978	0.3650697496494978	DM1
TCGA-E8-A242-01	2.6811793672646154	6.145742660277605	6.0646371518358935	6.385484533266586	0.04292444517384094	10.08528508919554	0.9913903252481377	5.003287399795676	-0.7289066374900033	0.7289066374900033	DM1
TCGA-E8-A2EA-01	1.6081468699694195	6.118494702333461	6.0833197577657065	6.782538307284657	0.5649146586728259	10.685026614819241	4.484189701148267	5.82986985077149	-0.2829765076587749	0.2829765076587749	DM1
TCGA-E8-A2JQ-01	0.7278769008479432	6.247090127687726	6.3280591263744155	6.598450070745014	0.2590615292588702	9.050439389001735	4.050971780975043	5.564844560501233	-0.5314168354714798	0.5314168354714798	DM1
TCGA-E8-A3X7-01	0.3007680332803088	6.176913135423055	6.551302212222336	6.47735352663456	0.03899797879750991	11.109870605280607	2.6036916171155733	5.84419731898916	-0.39722301609469723	0.39722301609469723	DM1
TCGA-E8-A413-01	3.284395680512877	6.407157273795668	6.376885941729515	6.308178822930769	1.5238128377272195	8.982020995934917	5.3051862344519485	5.775424603094898	-0.21648833774078097	0.21648833774078097	DM1
TCGA-E8-A414-01	3.935884007488067	6.33558686942635	5.827450683971612	6.617753955530835	3.0815271110803906	10.783214924411757	5.815232133164414	5.590967227616656	0.045575223868320205	-0.045575223868320205	DM1
TCGA-E8-A415-01	4.3774916658175975	6.383863239339131	6.1516518446157304	6.9450727263159004	1.0818168105916977	11.694029869716116	7.003307641376259	6.001268562906087	0.21760472593225755	-0.21760472593225755	DM2
TCGA-E8-A416-01	3.7945094435340714	7.606565112561783	6.666486771322282	7.9353678084271335	1.6034542497610356	12.60328173985826	9.009874234356255	6.444599157344259	0.9903268282367478	-0.9903268282367478	DM2
TCGA-E8-A417-01	0.23278353412245326	6.126518639689198	6.41238523777118	6.143081122075928	0.01735184178777496	11.039040145903371	3.823413099821953	6.063975278574034	-0.4125817147830387	0.4125817147830387	DM1
TCGA-E8-A418-01	0.345850517219489	6.508557006112777	6.72229660715182	6.187813265953065	0.03646816706929173	10.008384640211549	4.121214379658445	5.182064556845568	-0.5221962725770746	0.5221962725770746	DM1
TCGA-E8-A419-01	1.7512923186417875	6.431410684748065	6.343565941537299	6.776384338609063	0.11343380260404853	9.006910051923054	3.2841883648279175	5.403543826111669	-0.49876689553701636	0.49876689553701636	DM1
TCGA-E8-A432-01	3.423793281884032	5.921500599382203	6.562054632644923	5.9922291317734615	0.04921253463256027	10.023945036987099	1.7084521289232624	4.5270703355126605	-0.7762625776944877	0.7762625776944877	DM1
TCGA-E8-A433-01	3.355763361959833	5.427280993435345	6.5776931720177	6.77727635947892	3.300065136778761	10.736489708100047	5.6390324183672975	5.6904310642394424	0.07948638382860568	-0.07948638382860568	DM1
TCGA-E8-A434-01	4.236484964806407	6.609208293691545	6.291424904430886	7.337512190562914	2.9187869274195912	11.890600435966274	7.689915529347313	6.090785696699563	0.5970924829997802	-0.5970924829997802	DM2
TCGA-E8-A436-01	2.9806651371222994	6.250995670439554	5.97812239457207	6.816132470050539	1.809825996097451	11.008147058962589	5.801091383953082	5.158442058264982	-0.13673865527568266	0.13673865527568266	DM1
TCGA-E8-A437-01	3.515712451956034	6.007626092376178	7.0875264881570015	7.627768782063527	0.3374256642826881	11.44556103125899	6.159542405169145	5.963714553113163	0.29624708721210957	-0.29624708721210957	DM2
TCGA-E8-A438-01	3.33230693041033	5.982265771038204	7.684482845555827	7.486273517944366	0.032241931137493844	11.546776802152204	2.6939217913370896	4.866621190516407	-0.017076205017536903	0.017076205017536903	DM1
TCGA-E8-A44K-01	0.326192164494116	6.131144952520837	6.364740503481129	6.162906880510864	0.2028878334701434	9.969416166442032	2.772582466342978	5.490541250585597	-0.6456383057997286	0.6456383057997286	DM1
TCGA-E8-A44M-01	3.964038144462003	6.345350243613941	6.885375467634178	6.724055392070991	2.228972569760161	11.256155662906908	6.339349425549226	5.787186909629754	0.2979123006012256	-0.2979123006012256	DM2
TCGA-EL-A3CL-01	5.558677849786482	6.109910032962411	5.714435116555271	7.108191971350476	0.029982866215714315	11.262213322422907	2.8672639110762894	5.829413235877065	-0.1819081290224137	0.1819081290224137	DM1
TCGA-EL-A3CM-01	0.2102641663130906	5.5294899005970075	5.902293103157965	6.255196677678611	0.08814159686901755	10.619679217709662	3.4121718070617852	5.907609359560081	-0.6683047452385895	0.6683047452385895	DM1
TCGA-EL-A3CN-01	0.5319677773976815	6.825390053000443	6.0476190887869095	5.694512509375381	0.11569915343158636	9.60319514096695	2.6906405786156933	6.015053706119026	-0.6162611347809611	0.6162611347809611	DM1
TCGA-EL-A3CO-01	5.621843822031018	5.739329676015583	5.082528031742965	6.5262300413616385	4.419404053900631	11.555230104116633	8.88813926025698	6.059854925002013	0.2868221850814733	-0.2868221850814733	DM2
TCGA-EL-A3CP-01	0.08691960673732627	6.350348726714774	6.162187876786649	6.624899245766158	0.0	11.562618935666839	0.8686867653221351	6.430169839373497	-0.3526563078733478	0.3526563078733478	DM1
TCGA-EL-A3CR-01	0.9835317763161395	5.702732335549933	7.151582847313077	6.780194594816799	0.36042046610320916	10.716984294608585	4.047808825112146	5.931271745259442	-0.1850831399151091	0.1850831399151091	DM1
TCGA-EL-A3CS-01	0.10043947928031165	6.506984283900552	5.383206606434907	6.209578133858803	0.02842770457266734	11.54153821577236	1.9733173802693627	5.496046840622725	-0.6983214427908788	0.6983214427908788	DM1
TCGA-EL-A3CT-01	1.263455130534683	5.545906608577837	6.306377087799411	5.441466879995238	0.6051150016894377	9.863159484578862	4.854404652103582	4.571634341451475	-0.9102683913592188	0.9102683913592188	DM1
TCGA-EL-A3CU-01	1.8729075393656751	6.470832922328887	5.787327978183968	6.113910904626131	0.10982856530708651	10.305521090321724	2.8361463210768347	5.737540754148858	-0.5701125280001279	0.5701125280001279	DM1
TCGA-EL-A3CV-01	2.6424936424325476	5.57796048781378	5.056496825337952	5.454129820984434	0.03773362744651491	10.407306965072241	1.196984663529218	5.361547307009365	-1.0989151544838738	1.0989151544838738	DM1
TCGA-EL-A3CW-01	7.127033751698335	6.753510942040027	5.529152530371116	7.3243560900932065	0.802482761082775	12.154467326997564	8.092438973085914	6.032491005902953	0.424176590152039	-0.424176590152039	DM2
TCGA-EL-A3CX-01	1.7703639265088384	1.4206710302037728	6.24480335603376	4.2268938135713885	0.045442970761167115	3.179940928450724	0.14352403252161328	0.07519031415521925	-3.5320852554114315	3.5320852554114315	DM1
TCGA-EL-A3CY-01	3.057554246458089	4.9474183622272765	5.088234900798249	5.467439263783636	0.8088380743234741	10.464503785982522	5.4049371732689835	4.960446839279252	-0.9876968159250052	0.9876968159250052	DM1
TCGA-EL-A3CZ-01	7.408320398782502	7.496639703501498	6.294493933180764	7.210923580310119	1.6033592918829727	14.043088032767827	9.462125343565997	7.0128122306374525	1.1823647164120579	-1.1823647164120579	DM2
TCGA-EL-A3D0-01	0.5032469541493739	5.752352545088847	6.598284801898198	6.681612304255588	0.04250426312896344	9.66415942794922	0.45249000921845045	6.457105037321964	-0.5029563734809689	0.5029563734809689	DM1
TCGA-EL-A3D1-01	2.9984482686259155	5.753866567854077	6.833054522640591	6.817453142481901	1.4595365380977914	10.550410598271396	6.159043819821805	6.233395346602308	0.10884514614060595	-0.10884514614060595	DM1
TCGA-EL-A3D4-01	6.011929419782908	6.364922558505775	6.940919622019355	7.286536507977624	0.6107945380878376	12.622117453264421	6.508314550872523	6.24477672221401	0.5744692819564436	-0.5744692819564436	DM2
TCGA-EL-A3D5-01	4.295598142273117	8.165504490848594	6.853678838067977	7.012916120940949	0.36221737748716937	11.823255570172927	7.72048847810385	5.412805231400249	0.5125132308420829	-0.5125132308420829	DM2
TCGA-EL-A3D6-01	1.9642137779469393	5.6658674133049995	6.788654392725692	5.866710199674025	0.05963215988209959	9.067109751469774	3.454096911368348	5.395662654908372	-0.6976193588846837	0.6976193588846837	DM1
TCGA-EL-A3GO-01	6.425457626275175	7.301220890613654	6.994605744986373	7.236806379998259	0.08161232285788984	11.114050463598424	6.650926795754464	5.704183090152561	0.466839063687952	-0.466839063687952	DM2
TCGA-EL-A3GP-01	1.4639362795064075	4.953148812832245	5.3431235194018525	5.558258448786423	0.12061736121794181	9.688358201200565	5.764279798582611	5.139743698914763	-1.075668871170687	1.075668871170687	DM1
TCGA-EL-A3GQ-01	4.775240218646644	5.949931736302155	6.272797720299554	6.616598831836669	2.0588706057482473	11.657828841072375	6.640485003843125	6.401526369815621	0.2815812638713253	-0.2815812638713253	DM2
TCGA-EL-A3GR-01	4.604943083961139	6.642324677725452	5.8264162871510345	6.791782821111299	1.219338922698467	10.57435785213182	5.727863290042275	6.058708290828723	0.04976512631942747	-0.04976512631942747	DM1
TCGA-EL-A3GS-01	1.3499879707215268	7.509824082829604	5.602525174491011	6.1984312897404745	0.07272323102162045	11.295467509363844	2.8006410973290845	6.0315076818717	-0.3080310635601029	0.3080310635601029	DM1
TCGA-EL-A3GU-01	1.329755085744747	6.506787573020682	6.288808872652922	6.457026215705201	0.029558897449116415	10.511545622056314	1.7693062786740636	5.742440140186662	-0.4594386488865141	0.4594386488865141	DM1
TCGA-EL-A3GV-01	1.831512468806479	6.410817649896682	6.1385359927122405	6.068399957507419	0.7266568626856872	11.44250574976358	4.362483915857913	6.070885169093879	-0.23074902974784406	0.23074902974784406	DM1
TCGA-EL-A3GW-01	8.379433387724836	7.5254879223203925	6.413236952233199	6.3207355753823355	0.06626144226872127	11.247234058284345	5.346176843379406	5.654074592791422	0.2436059680749071	-0.2436059680749071	DM2
TCGA-EL-A3GX-01	1.0857645537783138	6.204598530742583	5.803764329940387	6.332609483349461	0.01934608880481197	9.714951921766547	1.5449304411803388	5.797002598697796	-0.7086625700765817	0.7086625700765817	DM1
TCGA-EL-A3GY-01	0.91586504142251	6.158868163697658	5.914818025216646	6.305640443032421	0.01492654423810282	10.501032235039492	3.3855276738161213	5.853329519045573	-0.5490221076548429	0.5490221076548429	DM1
TCGA-EL-A3GZ-01	0.4943644046958499	7.019595175965795	6.849946733205023	6.55964170375794	0.25386828044171933	9.225845841898943	3.0912597661926786	6.548604621067658	-0.15267966062523702	0.15267966062523702	DM1
TCGA-EL-A3H1-01	6.502141213282014	7.81330213693605	6.808239589594076	7.3904467181322815	0.18573970940278245	12.074905801625341	9.328573733193736	6.73422457642082	0.9610848269410189	-0.9610848269410189	DM2
TCGA-EL-A3H2-01	8.153425869540385	6.874130536682251	6.021490831855408	7.46525865146061	4.810134582967022	13.28575010571274	10.273257926157434	6.648252589540874	1.3248845907133329	-1.3248845907133329	DM2
TCGA-EL-A3H3-01	1.5158638074184896	5.743902679286311	7.523176924646963	4.592887539011715	1.1680001245178202	9.225662952931359	3.438212995400032	4.864265397827275	-0.7934395920713196	0.7934395920713196	DM1
TCGA-EL-A3H4-01	1.4621046842722336	6.230343294187257	6.290868542240358	6.289956159779801	0.006621180122379962	10.855609249043038	3.1672294540716686	6.213148946141099	-0.34879605346937137	0.34879605346937137	DM1
TCGA-EL-A3H5-01	0.09234276899544701	4.926341069029948	6.348544043975631	5.600112128561973	0.023468280503905366	9.243872307382428	1.117828003827481	5.330009756106407	-1.1505823474374777	1.1505823474374777	DM1
TCGA-EL-A3H7-01	0.550999138763864	6.173243388233606	6.244784331926969	6.099215239444396	0.10191895971107164	8.65321554569624	1.4398358695279954	5.3971594913729035	-0.8631878972382423	0.8631878972382423	DM1
TCGA-EL-A3H8-01	1.008773707066016	6.270530811155467	6.362403258126066	6.587572018423033	0.04488367823976479	11.55050059251448	2.6705457857846344	6.061149741891319	-0.28043611689764353	0.28043611689764353	DM1
TCGA-EL-A3MW-01	0.6850879556750294	6.074424085524904	6.9721538400441405	6.761850377819141	0.038717107572853585	11.34671305951653	1.1218111511419864	6.593769068720304	-0.15276893240632375	0.15276893240632375	DM1
TCGA-EL-A3MX-01	2.7907303408709745	6.70488717684303	7.540890556671761	7.324566714071669	0.03506079690511427	5.911916835605219	4.10108693866392	5.238083680070977	-0.3274540660402526	0.3274540660402526	DM1
TCGA-EL-A3MY-01	0.1194225826478845	5.745401387673923	5.9176513414970815	5.905760041635016	0.09504672450704019	8.951979664262328	2.7423080885573534	4.962863623842681	-1.0605809537263866	1.0605809537263866	DM1
TCGA-EL-A3MZ-01	0.26879367512247887	5.916433649573989	6.841742963546897	6.405745651341175	0.10715219863491048	9.628259244555263	3.1708223991951754	5.422508862817763	-0.5755537332164579	0.5755537332164579	DM1
TCGA-EL-A3N2-01	0.733788168625182	5.545644096835975	6.632186770738661	6.003129955584798	0.025028794491522444	9.641070001363946	2.1061807882919426	5.6178714735311965	-0.7494976626493496	0.7494976626493496	DM1
TCGA-EL-A3N3-01	1.0160683686276537	6.547644157886606	6.062736954395869	6.315812551351752	0.31684084952958763	9.362953745170763	2.477081477678668	5.208642109015166	-0.6843523700027467	0.6843523700027467	DM1
TCGA-EL-A3T0-01	5.052807121698258	5.663899614284077	6.691321988282169	6.550266576562454	2.749276812126215	11.746010381548702	7.817101976973782	6.367977303541311	0.43833422993729687	-0.43833422993729687	DM2
TCGA-EL-A3T1-01	0.04208395867125249	5.8536114759820785	5.983522655927218	5.6496470715566005	0.03139519627553432	9.033012160410918	0.4069719708167233	5.427864252666586	-1.093218602491656	1.093218602491656	DM1
TCGA-EL-A3T2-01	6.5415829830138525	6.2201461233867095	6.23982380597216	6.942637656976577	0.03689011054026592	13.78908713512297	8.811309501810374	6.977639407473091	0.6587928822768934	-0.6587928822768934	DM2
TCGA-EL-A3T3-01	0.3939652756602426	6.200276776124357	6.648172042193741	7.221555222127327	0.11968817451919586	10.535095222926286	2.757919317161033	5.8089924817014476	-0.2652682440449022	0.2652682440449022	DM1
TCGA-EL-A3T6-01	2.887759202321846	6.82914173518572	6.5050477354555305	6.675351608936787	0.0714881055841824	10.417874344974644	3.0452682151385333	5.9380081428353835	-0.15650734634039987	0.15650734634039987	DM1
TCGA-EL-A3T7-01	4.5931266511503726	5.55159291829917	6.430101244016387	7.014804949150079	0.02446153014099581	9.922357388941691	1.8124571515804573	5.227348316109661	-0.47504359617976527	0.47504359617976527	DM1
TCGA-EL-A3T8-01	2.297778355158528	6.297945222222307	6.441617929202015	6.906016297996846	0.05616730630042659	11.321881150179486	5.315403200625605	5.696561428648775	-0.11154936335580146	0.11154936335580146	DM1
TCGA-EL-A3T9-01	0.3619928859219628	4.708865926739235	5.555260929607712	5.1176742663818935	0.3743996367614405	6.638808034251562	4.901161353300139	4.13146601700938	-1.683859668355732	1.683859668355732	DM1
TCGA-EL-A3TA-01	4.728894625256989	5.344562227033126	6.701830416028661	6.6809740984877735	2.1486738429388588	11.272859349992103	7.354762444876537	5.888891771881585	0.18402495587006495	-0.18402495587006495	DM2
TCGA-EL-A3TB-01	5.235420722637441	6.539810203726329	6.810576775738814	7.3416104412003484	0.019630756335508422	11.620338563405458	5.001207751421401	6.470222847899698	0.38675415666647833	-0.38675415666647833	DM2
TCGA-EL-A3ZG-01	0.3782896530954508	6.084251394697172	6.575120180444144	5.9966915359985125	0.41932314528325104	11.985458341123786	3.785602860255818	6.045137134528401	-0.2945437909979591	0.2945437909979591	DM1
TCGA-EL-A3ZH-01	8.256265309952617	7.741993406621867	7.330223142425874	7.8327837064029735	3.525655480446753	13.053936755990605	10.57063426365793	6.808306529249581	1.7024791709532752	-1.7024791709532752	DM2
TCGA-EL-A3ZK-01	3.320080262369761	5.609243759551801	5.711434334212681	6.005597603665218	0.03463831799900894	10.542500961668765	4.283781050836095	5.665347288135761	-0.6167534763688922	0.6167534763688922	DM1
TCGA-EL-A3ZL-01	0.6977738195551858	4.746721221353003	7.3258765728032005	6.100010482527183	0.0475383887633606	10.27972025884746	2.8909719209462934	5.5297959645800905	-0.6515515165379873	0.6515515165379873	DM1
TCGA-EL-A3ZM-01	0.10406822646371666	4.56606012869139	5.9063182130455845	5.5990410125316865	0.0439043942956211	7.301561126230005	0.633849659104694	4.350207264527673	-1.6756279351179788	1.6756279351179788	DM1
TCGA-EL-A3ZN-01	3.134188076173555	5.38551041775111	7.742931185345443	6.7675210620470825	0.17440641852974909	11.159489489113732	5.229695582532567	5.491160436458377	-0.036495503461097076	0.036495503461097076	DM1
TCGA-EL-A3ZO-01	3.5925168368594296	4.741186510009563	6.473730098697329	6.175819976033222	0.1276332797258737	7.9561106827468135	3.167855655164338	4.830655904475755	-0.9862384817579241	0.9862384817579241	DM1
TCGA-EL-A3ZP-01	3.606181619283634	6.387929429001917	7.159027668427393	7.162676314706215	0.7497487788644959	11.228132585996253	6.058606564170558	6.188222871501199	0.347953639503349	-0.347953639503349	DM2
TCGA-EL-A3ZQ-01	0.1236661964538197	4.924418231831567	6.519908255801858	6.534912907430554	0.07792657868506905	10.237732439682011	1.254594043033141	5.759073254726684	-0.7515521791574218	0.7515521791574218	DM1
TCGA-EL-A3ZR-01	3.3231106200518075	6.859168242482048	8.299786354464045	7.35111149929977	0.1904252273692713	13.086363793216382	7.953567321139862	6.539529520588554	0.9308983373502723	-0.9308983373502723	DM2
TCGA-EL-A3ZS-01	3.787244383668806	5.798128299966039	6.798440694932719	6.866292303499358	1.411426245726465	10.800135894146935	7.341247493231157	6.238007226859251	0.22534633604237791	-0.22534633604237791	DM2
TCGA-EL-A3ZT-01	4.686741423135216	6.18059545056845	7.011244030849454	7.441739918940229	0.16504364948304445	10.561094777232238	2.6140501755893624	5.027755638907004	-0.10532051949506749	0.10532051949506749	DM1
TCGA-EL-A4JV-01	4.6668645059816765	6.861296624482385	7.459232414603898	7.258826990875972	0.24561735275638444	13.25769005211274	7.680182274770701	6.287125025413581	0.7675727344767291	-0.7675727344767291	DM2
TCGA-EL-A4JW-01	1.1855494346295672	7.332372280056349	5.722905870107092	6.830377031213933	0.17427857103612218	11.223793457531226	5.567855710530324	5.361954297915998	-0.20472599677802567	0.20472599677802567	DM1
TCGA-EL-A4JX-01	2.3102819462521396	6.177339801344838	5.827478630351841	6.45218851570858	0.22094900446677918	8.758176901140237	1.958545755679353	4.8000612109983	-0.8684081438939153	0.8684081438939153	DM1
TCGA-EL-A4JZ-01	0.4440309111583926	5.54136615144424	6.941528913607527	6.07625978524223	0.04236417524800773	10.342263273042011	2.2917803480609176	6.023441666197012	-0.5382235620176368	0.5382235620176368	DM1
TCGA-EL-A4K0-01	3.582893154443182	6.2161055959908404	6.402737523132374	6.257576417954784	0.15600822110712773	10.135548721241586	2.613484505250775	5.052485453469437	-0.5363280342775829	0.5363280342775829	DM1
TCGA-EL-A4K1-01	0.3334237337251918	5.99902810776732	7.16427843830117	6.454735223972541	0.1473066987802935	10.24261441402036	3.242251887669987	5.391159367094789	-0.432349489440098	0.432349489440098	DM1
TCGA-EL-A4K2-01	7.918398757786446	7.377723301067894	6.850034275911067	7.674515734612109	0.27429148410210263	13.498290078795836	9.818870208434065	6.064639307278776	1.0388693747652855	-1.0388693747652855	DM2
TCGA-EL-A4K4-01	0.05477903151961949	5.816753285483043	5.766706460139411	5.722321201222895	0.027437182706851134	10.495018140969407	0.8011586560936985	5.451174837900998	-0.98176715567094	0.98176715567094	DM1
TCGA-EL-A4K6-01	5.448094824893895	3.901899866439952	8.773047860621887	7.934568985858114	0.049909522443058005	11.329336384845819	7.874265814745502	5.833294924366919	0.44967230970712735	-0.44967230970712735	DM2
TCGA-EL-A4K7-01	1.7409707218282837	5.886867134734567	7.112438464183133	7.360443292486749	0.06004738366993889	11.848132818118271	2.3633953854402754	5.529952094662133	-0.10054554006578084	0.10054554006578084	DM1
TCGA-EL-A4K9-01	4.8101654380239856	6.514117524840045	6.079973244069066	6.698167071572313	0.0418036876570852	11.666727792720591	4.5757540279058055	5.9513103626508315	-0.024107582817582823	0.024107582817582823	DM1
TCGA-EL-A4KD-01	6.493423176263506	6.14052100866346	7.19496561156965	7.744710076532788	1.67897330785417	11.723475156667092	7.892521566907026	6.078225543007287	0.7568458365309869	-0.7568458365309869	DM2
TCGA-EL-A4KG-01	1.3855414785195248	6.39623828153097	6.591464001793729	6.673843295048974	0.040261223064434574	8.615085190422196	2.567642792203069	4.319870788274751	-0.7796901962212371	0.7796901962212371	DM1
TCGA-EL-A4KH-01	1.5636462694840638	5.098381657213514	7.374423112500794	7.10704964523691	0.9333460191479226	11.466880505361969	4.682674417287871	6.172281481514716	0.04741579255458535	-0.04741579255458535	DM1
TCGA-EL-A4KI-01	7.746137390916592	4.15248361119875	7.559929969870061	7.757584022551439	0.12300395405481979	11.64921162036971	7.5915373063899025	6.0164829483404	0.3818800164257463	-0.3818800164257463	DM2
TCGA-EM-A1CS-01	1.3555237689783648	6.66195762198469	6.0197997511093435	7.1043450475522185	0.23854231427915087	12.570528297869243	3.1560891454575075	5.492984366788103	-0.15290255499405295	0.15290255499405295	DM1
TCGA-EM-A1CT-01	2.2332745389909343	6.272971232932686	6.200170822710298	6.503345554619376	0.01249716268290215	11.773129973441883	2.2561954765417407	6.117628557495389	-0.26216208062904406	0.26216208062904406	DM1
TCGA-EM-A1CU-01	1.698529657768234	6.266953284121784	7.244312453805086	7.093944629527115	0.0418036876570852	10.46067448542066	4.882374047243071	6.174917695239588	0.0526656868684391	-0.0526656868684391	DM1
TCGA-EM-A1CV-01	0.6514995031169475	6.217246228987169	6.694463756430989	6.323573631796779	0.005040616700530137	12.26856662005812	0.7145752388516257	6.4904610257171225	-0.23534286823275558	0.23534286823275558	DM1
TCGA-EM-A1CW-01	8.1812486818388	7.118047155240469	5.778403095778501	7.011242912493776	0.7145752388516257	12.839863067981574	8.595146687168414	5.471636200139476	0.48206238697534676	-0.48206238697534676	DM2
TCGA-EM-A1YA-01	3.761678875391165	6.829905359206699	5.1292459185955055	6.88411677962562	0.025312343046069	12.645356083172556	9.502913928958993	5.637688487647941	0.061198789162311654	-0.061198789162311654	DM1
TCGA-EM-A1YB-01	4.79248578357405	5.0189901753847534	5.767760719094991	5.758873447091783	0.23229236208914864	9.709399723002983	7.963779277189622	5.398073270760408	-0.6234844039663348	0.6234844039663348	DM1
TCGA-EM-A1YC-01	7.988815886536379	7.645067544911112	4.709786890400345	7.274560793749955	0.027295624050907505	11.33247242488279	8.609333898022692	4.422293560304557	-0.0047569532702128325	0.0047569532702128325	DM1
TCGA-EM-A1YD-01	8.921679703176064	8.123812055877472	5.893209292519279	7.848276151224518	1.8026895427541993	13.294418099756086	10.325129352336347	6.571349163297243	1.3075350118874416	-1.3075350118874416	DM2
TCGA-EM-A1YE-01	8.586115444534306	8.425288088707134	6.831150138268975	8.47237079144666	1.9459072972102525	12.658281964182022	9.849532396552608	6.31071274446684	1.5366935660743455	-1.5366935660743455	DM2
TCGA-EM-A22I-01	0.3701642805402099	6.238949230055681	5.965742734446583	6.010929738793837	0.12868932884678694	10.41975881832801	1.2759010029395372	5.394027033543897	-0.7888656348210636	0.7888656348210636	DM1
TCGA-EM-A22J-01	0.6793337113136731	6.866760882990514	6.563141347685216	6.587039387615785	0.03548315212868861	13.593625670064185	8.755784232417138	6.87767554854939	0.4431534449922049	-0.4431534449922049	DM2
TCGA-EM-A22K-01	4.147884638015227	6.758814831602646	7.200609301581691	7.083087818527472	0.14404636961670686	13.602700279878967	8.02871058595414	6.662372152073448	0.7497226669610012	-0.7497226669610012	DM2
TCGA-EM-A22L-01	7.963903516164026	7.3406717487630315	6.628722569313014	7.235700257929637	2.785717932316743	13.941715587891995	8.994013939259718	6.707332901023492	1.2804970943406695	-1.2804970943406695	DM2
TCGA-EM-A22M-01	3.039103291410797	6.323606055067381	7.12508588856628	6.651169398808188	0.23572705983805847	10.624210767233457	4.012479284424004	5.636917479659719	-0.09719184453945869	0.09719184453945869	DM1
TCGA-EM-A22N-01	7.601767817604053	7.7076552338325035	5.608069967721664	6.7827951365301145	1.5651096965318343	13.551830923930693	9.660016400310138	6.440201429329218	0.8554278423405799	-0.8554278423405799	DM2
TCGA-EM-A22O-01	0.14834844991564902	6.083979197714486	5.6938911342712695	6.440100078846784	0.019203733973092663	11.459013094403291	2.15966147496394	5.427974844200192	-0.6715927865723055	0.6715927865723055	DM1
TCGA-EM-A22P-01	0.4309275174048685	6.2424233963777835	5.909938673412749	5.916796677043822	0.23768607912016526	12.09161227422255	4.171543118103574	5.995642799619102	-0.4156239148815115	0.4156239148815115	DM1
TCGA-EM-A22Q-01	8.06574839425362	6.372525562513448	5.8350094713737475	8.153441070386119	0.3703875042820894	12.58384052413921	9.699550417969236	6.147597732333691	0.7167699431147794	-0.7167699431147794	DM2
TCGA-EM-A2CJ-01	8.00000394486386	7.97409102270716	6.318918742637011	7.783867166842573	1.630219064732159	13.391131824573192	10.128020235104978	6.842777745295438	1.3480136052245597	-1.3480136052245597	DM2
TCGA-EM-A2CK-01	6.772900441543696	6.648164850247627	7.0200932213071425	7.254077163604749	0.07505336460450727	13.574304498189957	9.629213436421246	6.397419652301614	0.8617598643890158	-0.8617598643890158	DM2
TCGA-EM-A2CL-01	5.785100620188934	7.881356276373517	6.3890367166861095	7.60101675073772	0.03308816933218775	13.562616264704035	10.018717341668935	6.319903294869371	0.9557132273837922	-0.9557132273837922	DM2
TCGA-EM-A2CM-01	0.4569112597941348	6.2118435289463445	6.508915068082123	6.387636535878027	0.0	10.388955270453652	5.441270990438599	6.930248867131145	-0.13489577168178454	0.13489577168178454	DM1
TCGA-EM-A2CN-01	4.070955989641904	6.480851582476156	7.747134932787244	7.931967242827431	0.05519565424212462	12.020266364343934	8.945489486857761	6.595634938823639	0.8592379256126268	-0.8592379256126268	DM2
TCGA-EM-A2CO-01	7.116665217551253	7.4460825004167726	6.17567229612087	6.2926437297075895	0.0172092900322231	12.20272618857495	9.662148520051291	6.754985014366088	0.6028094801845331	-0.6028094801845331	DM2
TCGA-EM-A2CP-01	7.205802044801587	6.373026946219664	5.660460903842132	5.642990312961163	0.05519565424212462	12.359486030311388	9.922559874459637	5.339230045162898	-0.0502766603331343	0.0502766603331343	DM1
TCGA-EM-A2CQ-01	7.051750563742073	8.048198578644541	5.654744853032016	6.773265828567614	0.657091173712153	13.178462700829883	7.999410403362182	5.866584101746569	0.5848870722892078	-0.5848870722892078	DM2
TCGA-EM-A2CR-01	3.922045577031944	5.653888354114844	5.887208427919201	7.986030869307679	0.09774562163851885	13.628845199248076	7.675662114522609	5.738381445378718	0.27314845233574503	-0.27314845233574503	DM2
TCGA-EM-A2CS-01	5.2648178867061555	6.75384517930536	6.395218785914284	6.755615345197482	0.5901468765808793	12.279057654796834	7.104982372954543	6.5867752498350765	0.45341179891154876	-0.45341179891154876	DM2
TCGA-EM-A2CS-06	5.258910826242898	6.379095865790457	6.8190077337129615	7.124819221239342	0.6638455472431453	11.90130132423873	7.269854156476429	6.383908155931734	0.4904341534373753	-0.4904341534373753	DM2
TCGA-EM-A2CT-01	4.826701010862416	7.173711111059314	5.505408257345798	6.684080934627274	0.263154625411455	12.834569629460493	8.636629332856439	5.238534671570311	0.12531614465046265	-0.12531614465046265	DM1
TCGA-EM-A2CU-01	3.5649756108362234	6.373674309055241	6.982072921396988	6.639336366992911	2.2057365666156614	11.614064167226793	6.7269211102596955	5.745038288882554	0.3230905610314377	-0.3230905610314377	DM2
TCGA-EM-A2OV-01	5.90716468162894	7.382818534142012	5.445478420863459	6.851827731726753	4.381207220563817	12.189753966381058	8.71580690506885	6.164902905220491	0.7679555311273614	-0.7679555311273614	DM2
TCGA-EM-A2OW-01	7.826945650415485	6.767155541495662	5.427549187883967	6.549815465645356	5.642796862794133	13.328530342071133	9.868081884091298	5.640051117554054	0.8622692326552915	-0.8622692326552915	DM2
TCGA-EM-A2OX-01	4.535038926359967	6.651709008407299	6.949537267473119	6.391293432981823	0.06515867512854683	10.267970774144846	1.7926055134076886	6.303135956830794	-0.07088685107665686	0.07088685107665686	DM1
TCGA-EM-A2OY-01	8.029190031607294	6.501017103095809	6.047811005844396	6.621204994593471	0.008343458529334968	12.039410614934631	9.004877747220906	6.7915184706870235	0.4940746619591287	-0.4940746619591287	DM2
TCGA-EM-A2OZ-01	0.12644429972469104	6.479044584897636	5.822299314253408	5.871720462321232	0.10661632898778424	11.639425097060153	3.4958869976141647	5.731647588621238	-0.5509248119133608	0.5509248119133608	DM1
TCGA-EM-A2P0-01	5.732963783833291	6.613319476280896	6.140019896397346	6.754091128473132	0.5444853862360906	11.812145971892013	5.577579887670554	6.234037566422346	0.22033634626778573	-0.22033634626778573	DM2
TCGA-EM-A2P1-01	1.97691347822467	5.558267634055736	6.107815480256105	5.5023274189225235	0.3499313733601147	9.08472044183498	4.51767883549196	5.884048381024981	-0.7474474820954705	0.7474474820954705	DM1
TCGA-EM-A2P1-06	0.26735601178388746	5.904245636109717	6.243413936553515	5.372819798381705	0.016496319896195974	8.79219227330796	2.7384435992348557	5.897557493164045	-0.9031076356629791	0.9031076356629791	DM1
TCGA-EM-A2P2-01	7.290873148768454	7.430095388164075	7.196022719262195	7.053097213622717	0.011638756246893662	9.88079463535393	1.794686183878358	5.202096390319279	0.10822059321007496	-0.10822059321007496	DM1
TCGA-EM-A2P3-01	0.9553128034447055	6.0793631763100775	6.2002826621969875	6.331921934055586	0.10621429609096804	10.689291995971509	3.2273406138695555	6.272189328379865	-0.39716465464459355	0.39716465464459355	DM1
TCGA-EM-A3AI-01	9.014647641216849	7.837521973972476	6.832117839156559	8.161004365787273	0.42384705459843397	13.038430471351907	10.171135881089043	6.017859567975794	1.2391806811567498	-1.2391806811567498	DM2
TCGA-EM-A3AJ-01	7.5671354637100094	7.315075274005627	6.748180771161813	6.65129427323296	2.348883921482565	12.015748088321066	6.085388537433895	5.417930131478547	0.576799066102757	-0.576799066102757	DM2
TCGA-EM-A3AK-01	1.8266806753178577	6.099997863044278	6.614845274435682	6.362413778955519	0.5090370423528872	12.200592107039263	4.020742200942779	5.879561195507286	-0.13959412911426972	0.13959412911426972	DM1
TCGA-EM-A3AL-01	6.14423199857992	7.081447220467763	6.430370587532031	7.235987395325426	2.991589869385534	12.046416231653744	8.996088436209352	6.511567660734933	0.9333469123888971	-0.9333469123888971	DM2
TCGA-EM-A3AN-01	3.1650275651193818	6.342263161908999	6.776028955449278	6.591535810414967	0.04432416881220142	11.492587982289031	5.240089129198818	6.421001070038556	0.09537849536426576	-0.09537849536426576	DM1
TCGA-EM-A3AO-01	2.272172528644111	5.333935313127676	7.617729716252424	6.953155798668164	2.432745658843848	10.412526766420136	3.770934734105567	6.0111646254419036	0.12304944149074451	-0.12304944149074451	DM1
TCGA-EM-A3AP-01	5.41652901570103	7.936988853972346	6.099524552733779	7.004559817953841	0.4752924500365287	13.738734276526966	8.376868581989992	6.044846530042402	0.7047942781283112	-0.7047942781283112	DM2
TCGA-EM-A3AQ-01	0.4628899384097085	5.732592114281648	7.093255920666418	6.266790287949881	0.0506061736907874	10.851343187320452	4.826401032509183	6.114685598813508	-0.2651922907593467	0.2651922907593467	DM1
TCGA-EM-A3AR-01	6.792671881100076	7.5793000961357295	6.479366389621341	7.232849714443954	2.138781709787375	12.478010134357149	8.87497428012082	6.909522314494415	1.081102124374963	-1.081102124374963	DM2
TCGA-EM-A3FJ-01	2.780268098576382	6.456272266432666	7.117465448073764	6.76132251058491	2.316609184327823	10.860680877583016	5.203154162227423	6.653441283176427	0.41058406201162784	-0.41058406201162784	DM2
TCGA-EM-A3FK-01	3.9142296416166804	7.482621634392558	6.258895755075436	6.936885236956075	0.024603367140657025	10.589749819361838	2.69543711040537	5.754029645111936	-0.04089422455446266	0.04089422455446266	DM1
TCGA-EM-A3FL-01	7.813435544202536	8.076276355806234	5.641019950614983	6.969576469680519	3.09917735978996	13.280582810326734	10.602018179182819	6.373164448107225	1.124223876064327	-1.124223876064327	DM2
TCGA-EM-A3FM-01	0.04711954856855063	5.924852874753998	7.321747746735257	6.301792477199457	0.029417546835091735	8.212655905737572	2.0905486035230036	5.7093512982302705	-0.6280093306765485	0.6280093306765485	DM1
TCGA-EM-A3FN-01	7.7528021028420495	7.662501757314322	7.259713138585847	8.097013939286935	0.6723800802406135	12.20062634267288	10.239735513143204	6.321596236862822	1.2399359197121227	-1.2399359197121227	DM2
TCGA-EM-A3FO-01	5.318385539463178	6.569123444671922	7.700747645179931	6.981834391211614	0.5233612193040956	6.803256747792611	3.4643023196789513	5.766497106015523	-0.06504454164789206	0.06504454164789206	DM1
TCGA-EM-A3FP-01	6.857079028833179	7.186083527766671	7.05459020973144	6.964861819140552	2.141563582375003	12.008485313269123	9.487227662680569	6.649168499239149	1.017320198529863	-1.017320198529863	DM2
TCGA-EM-A3FQ-01	4.557091443998695	6.506302026540126	6.836863338734371	6.410566677695609	3.4041401662639243	10.875755263463192	7.457735455273014	5.884094794714774	0.4325655282275028	-0.4325655282275028	DM2
TCGA-EM-A3FQ-06	4.257930872732333	6.2127735894662175	8.315593400143477	7.328303323799387	1.072448850069692	11.745242459147898	6.640580441317487	6.184214824099501	0.7125443568705425	-0.7125443568705425	DM2
TCGA-EM-A3FR-01	6.138333244615262	7.277252058900355	7.041612064806755	7.419512767710521	0.48202217465514696	11.43192742364862	9.392405871013388	5.770913597110337	0.6943886572756447	-0.6943886572756447	DM2
TCGA-EM-A3O3-01	0.13435238662336282	4.484157470147667	7.636847894759353	6.056566188177533	0.06101577468162803	7.544010818799889	4.903973404269725	5.521236088685919	-0.81206333134723	0.81206333134723	DM1
TCGA-EM-A3O6-01	8.824805078165816	6.898103121920066	6.676975378408797	8.260360689756373	1.1479578813871014	12.824871432568061	9.831491725938612	5.298552015519913	0.960558993623811	-0.960558993623811	DM2
TCGA-EM-A3O7-01	0.10849100259224341	6.055217350046279	6.30806775976544	7.046232383890816	0.0	11.938561733561878	1.1810389244316686	5.146007525622102	-0.49773758035096427	0.49773758035096427	DM1
TCGA-EM-A3O8-01	5.598269911883213	6.166635114498354	7.410084111848763	6.966662330153044	0.070389327891398	13.273002204725039	8.249734969829058	6.77063614533832	0.736294731065784	-0.736294731065784	DM2
TCGA-EM-A3O9-01	5.341192331380258	4.352935038204559	5.567101229725515	4.595205256248904	0.0	8.752770999562054	5.000694129976796	3.4485309819057903	-1.595124759290387	1.595124759290387	DM1
TCGA-EM-A3OA-01	7.603324422968241	7.385456922637866	6.515848041965342	7.271209950461606	0.0	12.455903695039886	9.179359019863796	5.703347146341091	0.6647327792050025	-0.6647327792050025	DM2
TCGA-EM-A3OB-01	5.5365502955359105	6.592223795175073	8.250138267499192	7.0807759646040225	0.10070858859668395	12.019208982166706	6.640367867404275	5.8543423112816715	0.6359397854843735	-0.6359397854843735	DM2
TCGA-EM-A3ST-01	7.1370731101785445	6.372340981577562	7.48617776700847	7.5886067104619555	0.008773707066016134	9.054394579487237	2.515233054874454	5.908968983147833	0.1921090044393713	-0.1921090044393713	DM2
TCGA-EM-A3SU-01	0.6515913447976539	5.291920291472346	6.930376618710929	6.085137805413856	0.030971642412075527	9.653496995484991	2.621829173194685	6.169798760103095	-0.5856964341023151	0.5856964341023151	DM1
TCGA-EM-A3SU-06	0.5444853862360906	6.216441284035532	6.492396409144252	6.036531906026941	0.09909317921910914	9.659717134679036	4.966656562872466	5.333123140945505	-0.5921232914661534	0.5921232914661534	DM1
TCGA-EM-A3SX-01	0.5341612326163092	5.79900957256603	5.8912879384027335	6.655768260823791	0.013497991748977312	12.402458706798448	4.027366405115114	6.420389763209654	-0.2598921370370762	0.2598921370370762	DM1
TCGA-EM-A3SY-01	7.293814636111861	5.526115773632433	4.845936590035418	5.852448360402551	0.016211033155917154	8.8921739374106	8.130907195270085	4.149438227782396	-0.9184134517548198	0.9184134517548198	DM1
TCGA-EM-A3SZ-01	2.5383395000325626	6.020953278653274	6.457515496966254	6.398040767938884	0.01934608880481197	9.625561278860669	2.6100149263875405	5.1766778170536565	-0.6113850178506577	0.6113850178506577	DM1
TCGA-EM-A4FF-01	0.4391443759012787	6.200266965949941	6.934471682044607	6.472898751033574	0.7016821202952829	10.650163460539623	1.5059925243950387	5.6652079878151405	-0.3694485842568849	0.3694485842568849	DM1
TCGA-EM-A4FH-01	8.884360117997584	7.748251227230924	6.719038287323494	8.242118477910779	0.1276332797258737	12.882665171025625	9.934790548692266	5.7956708549428	1.1150860461089231	-1.1150860461089231	DM2
TCGA-EM-A4FK-01	6.286951359209201	7.740155155651955	6.08928415441315	7.228785027218854	0.007051942516490025	13.49620987473454	9.269857662066368	6.12380274614208	0.7439721249920295	-0.7439721249920295	DM2
TCGA-EM-A4FM-01	0.14456851766471157	5.7859062122570935	7.030660515833858	6.087356756832417	0.0615688492680028	8.920457666603491	0.945832404535442	5.701080465359592	-0.734532090617932	0.734532090617932	DM1
TCGA-EM-A4FN-01	0.6906405786156932	5.742103249870453	6.8842694433767315	6.565438763141108	0.0497701518163845	10.678612814338829	2.5108606739676156	5.416718161365187	-0.4909867091986857	0.4909867091986857	DM1
TCGA-EM-A4FO-01	4.784284106988967	6.171621174374469	6.682132219178147	6.498204585639245	1.7063316226174245	11.837060834693055	7.074323461036307	5.896925709446263	0.27586520294052974	-0.27586520294052974	DM2
TCGA-EM-A4FQ-01	1.216920425856877	5.958603752583967	7.436953844591978	6.412032890748539	0.06584800336608129	10.243719295308482	3.2315552903560407	6.100567732949826	-0.2189565091337806	0.2189565091337806	DM1
TCGA-EM-A4FR-01	6.486881669624143	6.0610049703323075	8.32107304474201	7.976286297323093	2.077550649903736	12.382165073894546	6.996619233821725	6.293541540259492	1.1109111794404107	-1.1109111794404107	DM2
TCGA-EM-A4FU-01	6.414798533122766	6.392811976302734	7.636255562400375	7.132577870816051	0.05408439284237917	12.436482108319545	8.1762310053803	6.163557099065627	0.6927902683286606	-0.6927902683286606	DM2
TCGA-EM-A4FV-01	4.441277631198102	6.021617416487178	6.544468384887362	7.23491895496372	1.1096280099385993	12.211853504010021	6.771789202000206	5.8654289275157625	0.30573024583930614	-0.30573024583930614	DM2
TCGA-EM-A4G1-01	2.8148580015550504	6.181730710057757	6.107392856553536	6.760860967131711	0.046979908144409395	10.871758497179252	6.938489288818172	6.371564089758438	-0.03470288660880229	0.03470288660880229	DM1
TCGA-ET-A25G-01	4.917594061386928	6.923787410436751	5.791217599203145	6.78024316022056	0.021479727410451392	9.308012224976366	3.9110204048233004	5.104835645343626	-0.39295143657777254	0.39295143657777254	DM1
TCGA-ET-A25I-01	8.0139395431783	6.65324922940351	6.861201076053035	7.041114821686687	1.0807258742641705	12.152876251392492	9.716488366403231	6.595633447091638	0.8690948202162365	-0.8690948202162365	DM2
TCGA-ET-A25J-01	0.43477499145880516	6.557017900271393	6.325204699057269	6.167269603321556	0.01206802330909034	11.471520116338478	4.601749992653637	5.836242280712502	-0.3201167791180102	0.3201167791180102	DM1
TCGA-ET-A25K-01	1.7742915833543784	5.954859332343748	6.1191154310839835	6.856550027679879	0.0504668703506619	11.970072987296733	3.362105136071087	6.835096661565878	-0.07132018651588497	0.07132018651588497	DM1
TCGA-ET-A25L-01	1.6245688463159307	5.826556113852471	6.124230931803775	5.986963786557712	0.016353683577834812	9.702003639404449	2.8028135975322876	5.722777481823801	-0.709826844861968	0.709826844861968	DM1
TCGA-ET-A25M-01	1.0982847957234225	6.204524194765301	6.037560131706364	6.25413103354195	0.0	11.654641353602193	3.001351892999959	5.935370165920277	-0.42273930980546753	0.42273930980546753	DM1
TCGA-ET-A25N-01	4.3174560296394695	5.587307978150683	5.585464351074809	6.255445970124493	0.74743036833646	11.306693727165518	5.241725800459502	6.688581828591253	-0.16933064421077224	0.16933064421077224	DM1
TCGA-ET-A25O-01	0.2382977275122874	6.06343606942517	6.228855238307313	5.98457340133986	0.01178185945991471	11.995350708643048	3.2198190389250474	5.5362985105999	-0.5406966022892131	0.5406966022892131	DM1
TCGA-ET-A25P-01	4.045137134528401	7.011785213271234	6.78228405371439	7.034702137849768	3.8651863966181774	12.403346127547923	6.710854637501614	5.889441904135054	0.7454290724573027	-0.7454290724573027	DM2
TCGA-ET-A25R-01	0.6017915838620261	6.084572436061868	6.625453152932108	6.444105475164342	0.0	10.141365346956631	1.0483757045389763	5.519230511520451	-0.6087779105541582	0.6087779105541582	DM1
TCGA-ET-A2MX-01	0.037030730944967026	5.637111719745335	5.479638008093008	5.518956807579604	0.015497569395325591	10.664630387640518	4.098950060974896	5.128144900053347	-1.0147812713629651	1.0147812713629651	DM1
TCGA-ET-A2MY-01	0.10339692449223131	6.029424172954506	6.389071144358182	5.948846103490309	0.014640946881753174	11.427186170577977	3.3175645636102025	5.780338973655166	-0.5230218573766469	0.5230218573766469	DM1
TCGA-ET-A2MZ-01	1.0710761620109588	6.332740152276795	6.347476095260802	6.9179496386411	0.07217441692431663	12.878750147548683	3.6589426438404153	6.6564448856722445	0.07142067391293333	-0.07142067391293333	DM1
TCGA-ET-A2N0-01	2.8956322317380563	5.997635650530668	6.284193918314943	6.678029638037212	1.1893501701956675	10.953288959697385	4.719856979094652	5.223306697180544	-0.24851189467403118	0.24851189467403118	DM1
TCGA-ET-A2N3-01	4.547431320279418	6.718295860762909	7.980224708418924	7.753966822449516	0.2934882023755077	11.754679223080029	7.641395740526432	6.3628976541915945	0.8293135947183373	-0.8293135947183373	DM2
TCGA-ET-A2N4-01	0.36165608306274905	6.052861450467753	6.8868634775846775	6.4957495184611105	0.10902617649836696	12.278955590441944	0.541118304024694	6.139612742370969	-0.2701795504176794	0.2701795504176794	DM1
TCGA-ET-A2N5-01	4.395405604566331	6.542196130196064	7.0588760159310695	6.785383151740125	0.040682058803007765	13.56014273945186	9.60022161281059	6.713174778102789	0.7050014751143322	-0.7050014751143322	DM2
TCGA-ET-A39I-01	6.854393430954442	7.752527835755657	6.229416804039197	7.018233567704562	3.1242619548126953	13.638840268995429	9.067980948537832	6.944756563583119	1.2313923129213196	-1.2313923129213196	DM2
TCGA-ET-A39J-01	4.2485272461826815	6.687066288853249	6.414570238388613	6.687766181867385	0.06571016406526571	10.79290739669939	3.8269958440518597	6.1949025937270426	-0.01436268726638796	0.01436268726638796	DM1
TCGA-ET-A39K-01	0.013069150019521303	5.131717056124501	6.842005815620004	6.5146446295488465	0.05616730630042659	11.221094962322624	2.118260042980951	5.886350165592103	-0.5183347526286505	0.5183347526286505	DM1
TCGA-ET-A39L-01	4.275625425741244	6.803317460403459	6.322128254938503	6.920504114581565	0.04684025420297235	12.550342678000979	6.8480532607293245	6.813152680491398	0.43592804439282296	-0.43592804439282296	DM2
TCGA-ET-A39M-01	2.54188649247228	5.463337996094536	7.026024291587097	6.777486785467349	0.06667476272446014	11.143243402284881	4.100565630522574	6.094493670960795	-0.1339414256624554	0.1339414256624554	DM1
TCGA-ET-A39N-01	6.94523546456224	6.949886226172217	7.135721597049555	6.635587537371901	0.08651204657428184	9.722482247868141	7.712028247298905	5.649991890129533	0.2625502625594327	-0.2625502625594327	DM2
TCGA-ET-A39O-01	0.8788430276417866	6.183819955239417	5.67757589343544	5.81431713301454	0.16027483140859297	10.471707115887419	3.1592578087290137	5.665526368786657	-0.7253994371159217	0.7253994371159217	DM1
TCGA-ET-A39P-01	0.5871729388806807	6.588162933457892	6.174520273166042	6.153154760891829	0.06087747289933462	11.715177429474254	3.6490520657483643	5.989202600836185	-0.3265213854336636	0.3265213854336636	DM1
TCGA-ET-A39R-01	0.09207209450292904	6.452984124607761	7.186068666995682	6.410422518515573	0.12882128065013393	11.237594906968642	5.4490396651533	6.767615075910745	0.07894978747709355	-0.07894978747709355	DM1
TCGA-ET-A39S-01	4.392729562487573	5.615392754397133	6.215901816595663	6.737712446344053	2.5833505911083727	12.471880580621352	7.92033320246952	6.4733940451214576	0.41232971531101226	-0.41232971531101226	DM2
TCGA-ET-A39T-01	0.8967755898793733	6.649234617779022	5.651898397965053	6.424293962729681	0.022758397578157615	11.38035699897403	3.6484539382362993	6.09668564152099	-0.36351840670578867	0.36351840670578867	DM1
TCGA-ET-A3BN-01	4.623474771881297	7.453879689072387	5.802389699660345	6.834378765115509	1.0422941262061698	10.883520091078822	3.557299797535811	6.386847151318905	0.16545184182405664	-0.16545184182405664	DM2
TCGA-ET-A3BO-01	0.25954367314869103	6.411787213304314	6.473226800887028	6.436841441297038	0.09477655689559733	9.076999929640612	0.5016174805429828	6.10452746877855	-0.5920544139499065	0.5920544139499065	DM1
TCGA-ET-A3BP-01	0.13474665536848754	6.066308807911451	6.483725505253159	6.08842785114494	0.006764781878422359	12.12453008214543	1.191057239926314	5.580377672088855	-0.5440737474916496	0.5440737474916496	DM1
TCGA-ET-A3BQ-01	2.6452174514788407	6.787469032945667	6.540585287846152	6.812003979124872	0.06832686143450555	11.839488322183472	5.04926917746187	6.934391475179254	0.26528493499571637	-0.26528493499571637	DM2
TCGA-ET-A3BS-01	0.22094900446677918	5.735208042827312	7.003675313989006	6.194699736354803	0.030547964162966627	10.707180337262702	0.9836776946980671	6.452857317800724	-0.4239609120584568	0.4239609120584568	DM1
TCGA-ET-A3BT-01	1.2806594324551985	5.79711935969923	6.085847391662989	6.62383906793862	0.005759269288684953	11.325315294168842	3.3447858971054845	6.4493286098407845	-0.30902448804181437	0.30902448804181437	DM1
TCGA-ET-A3BU-01	5.073323257487055	7.225722231737018	6.267039458563814	6.748875787247034	0.07942931500291513	11.698684441120475	5.737386619340893	6.6716740963443035	0.3520740053848929	-0.3520740053848929	DM2
TCGA-ET-A3BV-01	0.1094274266861541	6.550660605825546	6.014846225695912	5.499306967738609	0.2900704696015409	7.465950800194499	2.4438718283977634	5.465661084941424	-1.010100054961305	1.010100054961305	DM1
TCGA-ET-A3BW-01	0.4139189771388196	6.755341612459026	6.615460439100646	6.795290316385968	0.0	11.511896224424369	2.7303138862937764	7.710236129348319	0.1838965924036931	-0.1838965924036931	DM2
TCGA-ET-A3BX-01	4.862595207313511	7.413658390298759	6.050512580741834	6.863020372462725	0.012926174444270048	9.68492180355038	2.8352369129930444	4.8730798552493235	-0.30994257557417915	0.30994257557417915	DM1
TCGA-ET-A3DO-01	0.7574500162312903	6.223793216243033	5.780026572159516	5.818973233829557	0.04921253463256027	8.575511640610253	2.143491380173091	6.00812828613476	-0.8518693272559216	0.8518693272559216	DM1
TCGA-ET-A3DP-01	2.6394174091458966	5.133871725863524	6.210803797806769	6.138965970133518	0.056583528366367514	11.13116746538122	4.709312695111908	6.5225579928704365	-0.36026663981022755	0.36026663981022755	DM1
TCGA-ET-A3DQ-01	5.015805293913353	6.0770186287324695	5.790464494219398	6.255089015349579	0.5930190555922146	11.183212372883276	5.770612361274889	5.149966555019047	-0.3235791254041744	0.3235791254041744	DM1
TCGA-ET-A3DR-01	4.756526967967971	7.407814142602162	6.17948318337631	7.1941087270592625	3.3411603009505453	11.715386856156945	7.739352631138472	6.310598241037809	0.7741697153689004	-0.7741697153689004	DM2
TCGA-ET-A3DS-01	9.012596047800738	8.22900959450842	6.23009539143582	7.960488542296812	2.00403390128449	14.112245350558606	10.437180081707819	6.898929036192917	1.5770246191250865	-1.5770246191250865	DM2
TCGA-ET-A3DT-01	0.7990873060740036	6.267739903255633	6.029662692987344	6.0864250005775995	0.5346592804138778	10.22833013528696	4.3225915820158285	5.684260510764179	-0.5214236595278308	0.5214236595278308	DM1
TCGA-ET-A3DU-01	0.5543432656627643	6.297550944790311	6.107016156834176	5.957819437037891	0.04684025420297235	9.452457062174583	4.946057070897477	5.656893886383396	-0.6296936411004412	0.6296936411004412	DM1
TCGA-ET-A3DV-01	6.897014078983687	7.654371808567591	6.602731522439618	7.793412129360042	0.022474346574899225	11.860603444595142	9.513344471066866	6.769353889491044	0.9726858969205645	-0.9726858969205645	DM2
TCGA-ET-A3DW-01	0.23204671335010993	6.760039932781316	6.595293291922217	6.361657837448017	0.05325038470225017	9.767719510185527	2.638653116466112	6.286825715305171	-0.3422873753517733	0.3422873753517733	DM1
TCGA-ET-A40P-01	5.088883620359921	5.292218546602692	7.331619236878444	6.712708572560814	0.27118660159725294	12.025216575493229	6.404460384383749	6.027448241391907	0.18926339289731733	-0.18926339289731733	DM2
TCGA-ET-A40Q-01	0.18180225515894124	5.899591360701611	6.497019902393902	6.01574286236217	0.06129233847829409	10.140641019668385	0.8919634973754137	5.317014574021445	-0.8092144107901342	0.8092144107901342	DM1
TCGA-ET-A40R-01	6.925198358082926	6.241683857715267	7.109971652876636	7.574040940275577	3.105828909407525	12.53334211976574	7.879834397588547	6.424293962729681	1.0203599268001882	-1.0203599268001882	DM2
TCGA-ET-A40S-01	2.665233574596683	5.91072786570132	7.322689817081265	6.024060321875106	0.7609447741764442	9.862179992580991	4.454360167279609	4.727664557654984	-0.4400511273225282	0.4400511273225282	DM1
TCGA-ET-A40T-01	1.5140464930149193	6.304646105620356	6.752368603135328	6.8144235283921155	0.2083923997906761	11.315833774197086	4.176897182848144	5.681727544805714	-0.14221964578443075	0.14221964578443075	DM1
TCGA-ET-A4KN-01	0.2772706596556423	5.30264806196948	4.800035317779864	6.853499198848975	0.3858175448516954	8.582124665449996	0.8282253603588846	4.763666520138074	-1.2884747497106726	1.2884747497106726	DM1
TCGA-ET-A4KQ-01	6.750960168291319	7.093085805427052	7.505917916510666	7.23796422014714	1.9857918544127113	13.204121408732085	8.934536846839496	6.905618058421522	1.2530721998168348	-1.2530721998168348	DM2
TCGA-FE-A22Z-01	0.11343380260404853	6.300486183625044	6.495151491587075	6.27475552269494	0.010350188169567268	10.463718286243441	0.3571578487197545	6.280767059013184	-0.5063710104349051	0.5063710104349051	DM1
TCGA-FE-A230-01	0.5359534005994318	6.965763509703918	5.704650675240352	6.708069950191337	0.021053252054075176	10.640608004943292	3.896087745685859	6.370089283563412	-0.2606876072517864	0.2606876072517864	DM1
TCGA-FE-A231-01	4.416272278343227	5.73843819465801	6.618667405959346	6.092440030238086	0.005184375859723257	9.932819759614603	0.23890911669840434	5.108273531472573	-0.6896641473988627	0.6896641473988627	DM1
TCGA-FE-A232-01	5.486119025894301	6.820966484461011	6.116709917452836	6.610466798131804	3.4088884513092608	11.73599545012329	7.76400372280229	5.972315850045705	0.5284253924381216	-0.5284253924381216	DM2
TCGA-FE-A233-01	1.0131406324940007	7.287921035870502	5.798556043607899	6.441410439969376	0.017921907997262315	11.484757453016845	4.773505851985825	5.3503664085129	-0.31158025856668103	0.31158025856668103	DM1
TCGA-FE-A234-01	0.18167506141489687	6.579985645223998	6.636620270702797	6.239819988015659	0.010923027184791876	9.641475763908538	1.5238630088263498	5.797088224356147	-0.5507794616350864	0.5507794616350864	DM1
TCGA-FE-A235-01	1.8197090524654782	5.158704602561228	6.320287900635226	6.364350058034543	0.28912622017512163	10.86947786779684	6.806004339719732	6.490541250585597	-0.24275168537993816	0.24275168537993816	DM1
TCGA-FE-A236-01	1.0166389421137891	7.035910880734683	5.39707047817858	6.1538843579409495	0.017066724189833377	12.58368146985542	1.5252670917020328	5.973367897776446	-0.4143314208790131	0.4143314208790131	DM1
TCGA-FE-A237-01	1.6375638789354057	5.945579613051193	6.081309798264531	6.059344460824425	0.13106261678246817	11.214334968500157	3.6103339093689204	5.784616525504175	-0.4967045792684859	0.4967045792684859	DM1
TCGA-FE-A238-01	1.356650918565672	6.658534267510134	6.208441174520128	6.8106243290987845	0.018064389360361564	12.05515483812629	4.3555731001979705	6.289919283711601	-0.027898842611610797	0.027898842611610797	DM1
TCGA-FE-A239-01	8.35286664191639	7.525191907608443	6.2664904767906044	7.915120494928751	6.943535759548085	13.18698182470326	7.483481258908273	5.943086778147874	1.5156346853025588	-1.5156346853025588	DM2
TCGA-FE-A23A-01	0.7842526934045798	6.65676091666055	6.34558620987259	7.193365681914825	0.5049762556569813	9.162720618419424	3.7659271908969343	5.90195536032511	-0.2538958326227178	0.2538958326227178	DM1
TCGA-FE-A3PA-01	2.400291994695349	5.980151004881353	8.590649172410664	7.62462075035422	0.1147667926655143	10.435125371403	4.710811942786841	5.991923137249943	0.3712805145389666	-0.3712805145389666	DM2
TCGA-FE-A3PB-01	0.4253518774567023	5.350507855096905	6.968324652486987	5.5540331536003915	0.06377902977057126	8.775809100557028	1.2015711339346622	5.083536768055395	-1.0325538092058963	1.0325538092058963	DM1
TCGA-FE-A3PC-01	1.0431344903137458	6.270982983484132	7.740754226876546	7.1004005804222405	0.009777121611529915	11.061071280750637	3.0178328499990927	6.260070833595658	0.10506609778159542	-0.10506609778159542	DM1
TCGA-FE-A3PD-01	2.9957196725712256	6.2546696223107805	7.283073532324663	6.8878761538890965	0.0418036876570852	10.774826337921189	2.528246238305167	6.120138324060711	-0.008306847979681509	0.008306847979681509	DM1
TCGA-FK-A3S3-01	3.70643109100652	5.80795248623051	7.149508343876851	6.532714362713083	0.05907834220125303	11.456697797269586	2.8024207208014875	5.781847524276954	-0.13924196048014253	0.13924196048014253	DM1
TCGA-FK-A3SB-01	1.1133004358333607	6.534394713929654	6.373430711968839	6.376241755469733	0.04110277181912811	12.342155970132145	3.460624627494562	5.915499389234116	-0.1989108809203094	0.1989108809203094	DM1
TCGA-FK-A3SD-01	8.736650533779315	6.724472925020516	6.391882831321707	7.9238569212306045	0.30556201562048435	13.292243772338308	11.03770116721153	6.499244771780975	1.0540068648719658	-1.0540068648719658	DM2
TCGA-FK-A3SE-01	4.180641196330629	5.600376809689918	6.088540216928882	6.870257438271137	1.6903276926049484	11.281948683373093	5.7047198317666075	6.068174207692245	0.03408738443923132	-0.03408738443923132	DM1
TCGA-FK-A3SG-01	3.1106305080964343	4.746291265593993	7.43345024083349	6.33150100653303	0.1649149695524513	11.50409929751255	5.738513856891484	5.9232870715626085	-0.15231459473336081	0.15231459473336081	DM1
TCGA-FK-A3SH-01	4.851838972849344	6.689278190978833	7.229661939710614	7.183904295605186	0.006333933722050485	8.933286407686728	3.201210399396633	4.597453704009043	-0.23494356706812158	0.23494356706812158	DM1
TCGA-FK-A4UB-01	2.9526504025800975	5.807365226985379	7.836303514775513	7.331878951343196	0.29395897902869444	10.939653550860895	3.9202742420264625	5.829608583270165	0.15553185345101475	-0.15553185345101475	DM2
TCGA-FY-A2QD-01	8.257496747913583	6.847628671767764	6.072740378098583	6.953424727633172	0.6206802412243009	12.713161887275753	9.383898654461458	6.293734643690452	0.6665238165160502	-0.6665238165160502	DM2
TCGA-FY-A3BL-01	0.7491480671235966	6.211826011594445	5.891771554156286	6.330063553952338	0.008056554871058458	10.893749440129957	4.526707363448978	6.583425813514539	-0.32029106003753427	0.32029106003753427	DM1
TCGA-FY-A3I4-01	5.202080713792957	7.096635046457675	6.678579013453034	7.6377826615106805	3.3438483810953876	11.412268574698716	7.744146291720717	6.021248735575248	0.8475957839586071	-0.8475957839586071	DM2
TCGA-FY-A3I5-01	8.538329022872533	7.802694711916266	6.038523976881505	8.47790232641368	3.0258615598332788	11.6638607982666	7.431955516739455	6.129295382849463	1.15567677821094	-1.15567677821094	DM2
TCGA-FY-A3NM-01	8.981460253078389	7.8096279514186095	6.646563030133231	7.77512957666526	2.530744974646747	13.519005169160302	10.867389177340634	6.725664821413541	1.5392710385752284	-1.5392710385752284	DM2
TCGA-FY-A3NN-01	0.2564068537942453	6.140703002273562	5.851431738524862	5.919225653974924	0.007195501404203766	12.197452801430853	4.432110906557264	6.395052514107523	-0.3745020266769874	0.3745020266769874	DM1
TCGA-FY-A3NP-01	6.249035684968875	7.635463472611957	6.5944335951381525	7.010757464277	0.9579888667363139	12.961944260837706	9.234074940563659	7.169265619296371	1.0366220534214852	-1.0366220534214852	DM2
TCGA-FY-A3ON-01	3.74604398299834	7.075802148658577	6.746706443750231	6.902576504877768	0.7665527600763142	10.911547260215361	5.928059956220759	6.127459947827247	0.29111020842202984	-0.29111020842202984	DM2
TCGA-FY-A3R6-01	3.724224602992095	6.630555453177745	6.406264540610686	5.930382532861941	0.8590949225253148	11.823356013733198	7.251069544305543	5.85948012133685	0.05094779073377796	-0.05094779073377796	DM1
TCGA-FY-A3R7-01	5.757386008820251	7.107313339247363	6.397729388014518	7.134422212898237	0.6406209280356978	12.350586998355357	7.837543418724191	6.176651889801156	0.5708095334243103	-0.5708095334243103	DM2
TCGA-FY-A3R8-01	0.4776773275653071	6.068135504176778	6.3696584114430586	6.267179949334586	0.029417546835091735	10.318912191759875	1.8190141224897234	5.5217197760920405	-0.6504301219211864	0.6504301219211864	DM1
TCGA-FY-A3R9-01	6.9721917589092985	5.997951723070475	6.16234902922461	6.528385344243815	1.3797318490348096	13.158925645480426	10.268633459705208	6.402935305107616	0.5745113472752826	-0.5745113472752826	DM2
TCGA-FY-A3RA-01	0.610511091666109	5.6835027721275155	5.718473968386579	6.262170032729009	0.007051942516490025	11.992669097637183	1.7540323183560396	5.52928686315437	-0.6986900784935671	0.6986900784935671	DM1
TCGA-FY-A3TY-01	3.8276462972658627	6.394214006573075	5.574152988731942	6.731028426004329	0.7589000897086835	10.352219253886933	5.870786368818855	6.019917591013006	-0.15490349058628183	0.15490349058628183	DM1
TCGA-FY-A3W9-01	6.74088035093886	7.484067219515042	7.179886205705203	8.073751159614577	1.7247375728761294	12.7664221518415	10.160759632242929	7.005338227215134	1.4261325968680447	-1.4261325968680447	DM2
TCGA-FY-A3WA-01	8.04373491945424	7.273358296127395	5.422962911213035	8.921991148016355	0.0	13.524671556643655	9.553153500456375	6.199819551105651	0.9789260590250964	-0.9789260590250964	DM2
TCGA-FY-A3YR-01	0.3808402503192697	5.799652043801226	6.16723949148889	6.225648976272744	0.05311133645956253	10.364234042107892	1.0541538717627081	5.51332334787951	-0.7762751422761529	0.7762751422761529	DM1
TCGA-FY-A40K-01	1.3850996624793566	6.1699610683675	6.717140367421402	6.818612852398141	0.38526535935068074	11.435588019766891	4.845023294964807	6.546516377960281	0.05206908023118803	-0.05206908023118803	DM1
TCGA-FY-A40L-01	1.7676971675135977	6.190674115360655	6.21872111880846	6.280574067751442	0.012926174444270048	10.739947733360587	5.018411628742264	5.774676382859696	-0.3719421260856854	0.3719421260856854	DM1
TCGA-FY-A40M-01	7.111037574072381	6.648791853242744	6.79667951067995	7.723289601009874	0.02431967919541289	5.892752868682651	1.7933132781053875	4.519472711929272	-0.449074075442245	0.449074075442245	DM1
TCGA-FY-A40N-01	5.312723251899857	6.780403283213591	6.8992070561361185	7.6032531987363745	2.630498665826265	12.011329337863293	7.878306006492222	6.66036106740159	0.9519096876525609	-0.9519096876525609	DM2
TCGA-FY-A4B0-01	7.00804198402231	6.877957694139417	6.487405954419488	7.151260139651119	0.277746757355166	11.98603727094786	10.504452260174002	5.890935452938817	0.6073954668189362	-0.6073954668189362	DM2
TCGA-FY-A4B3-01	2.2579761160107648	5.876568514317171	6.456167109301799	6.723067022205627	0.8299307218396427	10.097864636373838	5.792889181395036	5.946092171856351	-0.17270280282277342	0.17270280282277342	DM1
TCGA-FY-A4B4-01	3.3777900953362705	6.646060385813466	6.120822614174601	6.841452387106313	0.15289728719897241	11.163267946520952	3.9599370383015517	5.2456896012999	-0.23305556659383717	0.23305556659383717	DM1
TCGA-FY-A76V-01	3.7184712284358237	6.3403824550087355	7.012313900025396	6.573768353642081	0.11875838897983478	12.12790252191027	7.457247069571934	6.221629652350982	0.283722141777173	-0.283722141777173	DM2
TCGA-GE-A2C6-01	0.10742005883636484	5.817357204108143	6.82079803938811	5.532051962917104	0.049491370165103715	10.715332882673371	1.696750584211848	6.726421178398576	-0.4936899147509468	0.4936899147509468	DM1
TCGA-H2-A26U-01	0.7063758316370209	6.455384762548946	6.165467809850984	6.658669929812457	0.0675010485665715	9.205425993402061	1.9916080083931587	5.369871246953987	-0.6537136416801462	0.6537136416801462	DM1
TCGA-H2-A2K9-01	7.391854483852717	8.125801925494315	7.123152985100961	7.853257149529298	0.13408948092042317	11.246120700167099	9.460789653714158	5.84655850404872	0.9613720201836505	-0.9613720201836505	DM2
TCGA-H2-A3RH-01	7.3366922125626335	7.139363073526767	7.197100682984319	6.873338290490712	0.40860317934337126	10.639922463267284	5.272967501697766	5.569433368419814	0.35705978653017323	-0.35705978653017323	DM2
TCGA-H2-A3RI-01	0.7421787201388403	6.1429708835981485	6.534979807739109	6.512542955096859	0.020911065581689963	11.501683853095244	1.180466161223898	6.066216228159049	-0.3652184814509991	0.3652184814509991	DM1
TCGA-H2-A421-01	1.8413290945692327	6.031386373504911	6.624707740259023	6.774577557165239	0.823912367487802	10.072685989011843	3.774196685508813	5.908805703851517	-0.22235144503284165	0.22235144503284165	DM1
TCGA-H2-A422-01	2.7574713514039217	7.1280902396027646	6.019913144398939	6.972464056027166	0.00647756407120479	11.454773361612034	2.5781175316239375	6.09756444761833	-0.05920475464497012	0.05920475464497012	DM1
TCGA-IM-A3EB-01	2.160307106104423	7.32809324467517	6.473496330583545	6.018565188737475	0.08079408195824242	9.673543880912021	5.983043754518697	5.636856593055446	-0.23717104561150867	0.23717104561150867	DM1
TCGA-IM-A3ED-01	4.057120970871487	6.915126471952082	6.195688150704113	6.921231604405559	0.049073096654305606	11.716468645768153	5.632573592409939	6.5612482251516715	0.24490571349185802	-0.24490571349185802	DM2
TCGA-IM-A3U2-01	0.2940766491923655	6.207738659272641	6.452766734685548	6.863144303730483	0.03449746419944489	9.859692713245112	2.189982653783566	5.799732332592257	-0.4701966396748921	0.4701966396748921	DM1
TCGA-IM-A3U3-01	0.457856910413769	5.759603276901438	6.500682566960805	6.058199585793681	0.11089772332981347	10.207228877647122	2.584120683059942	5.747242370896109	-0.6397415152202397	0.6397415152202397	DM1
TCGA-IM-A41Y-01	0.2766753165031801	4.744327964823559	6.6961760865586815	6.573750179368491	0.04432416881220142	11.565879733712654	3.1789376800417117	5.240867637980843	-0.6399949888980234	0.6399949888980234	DM1
TCGA-IM-A41Z-01	1.051789709319722	7.2878591807276925	6.705042057467774	6.518442292400138	0.015212085068503288	12.47174191209634	8.01119314478842	6.127071939053099	0.26529909903679644	-0.26529909903679644	DM2
TCGA-IM-A420-01	1.1376346718833725	6.463609379426408	6.581452184080215	6.524209455354061	0.4710313442715275	9.46271022654688	3.793386116528643	5.8827164048718465	-0.33330988598557065	0.33330988598557065	DM1
TCGA-IM-A4EB-01	1.8848323276804992	6.2524572909386995	6.9412190170939745	6.8532384326842415	0.28617145110701936	9.729884109066738	3.551848199136123	5.653839641571464	-0.24817958224201903	0.24817958224201903	DM1
TCGA-J8-A3NZ-01	0.13619138628714403	6.311412290248312	6.017581231447822	6.353706147432227	0.023468280503905366	9.842536247365175	1.2404364570778694	5.516396578438024	-0.7473195599884807	0.7473195599884807	DM1
TCGA-J8-A3O0-01	7.758280521567066	7.609610927739816	6.5977471749690135	7.3823136246340475	0.03125402547050081	12.288004438023346	4.506798678381475	5.946955386643118	0.5785834619028756	-0.5785834619028756	DM2
TCGA-J8-A3O1-01	0.23094077612394048	6.049800640291462	5.656007189983919	5.737400140597003	0.03294716409912902	7.677609013164395	0.17274351676018718	5.544445200907119	-1.2022177518127761	1.2022177518127761	DM1
TCGA-J8-A3O2-01	5.595366402211727	6.37544437203505	6.466605913377802	6.324825001502738	0.08488065359129648	11.219586381584124	7.974969762812716	6.348351057045422	0.1884568051315631	-0.1884568051315631	DM2
TCGA-J8-A3O2-06	1.2455565090712064	6.4607753221607105	6.911568156668269	6.850344384471241	0.07464243793449277	11.10295673749287	1.6396026312595018	6.297673824198975	-0.11112324158153529	0.11112324158153529	DM1
TCGA-J8-A3YD-01	6.687323888968367	7.061154063207101	6.281301361656978	7.5845326337881165	6.060460326293845	12.513093415798966	9.31104461675149	6.229474486768081	1.2927327763525622	-1.2927327763525622	DM2
TCGA-J8-A3YE-01	0.3201958212661251	6.798632505624089	6.283290269884669	6.3304526319795995	0.09491164702546698	11.419107366784361	1.1955365852937652	6.032830383707597	-0.3693819298241644	0.3693819298241644	DM1
TCGA-J8-A3YF-01	0.3681537110961903	6.06394940113893	6.530673196367468	6.765383573705208	0.1469158480872752	10.888976907004706	3.649776388179661	5.893592771123156	-0.3126480010729578	0.3126480010729578	DM1
TCGA-J8-A3YG-01	3.050745463581399	6.56096251437368	6.286626140729186	7.011332378208628	1.9200264627144086	10.239623588250563	5.01980419807292	5.809190613627053	0.05707859589277217	-0.05707859589277217	DM1
TCGA-J8-A3YH-01	0.6617495998107046	6.084474642947786	6.844064214792387	6.328443359555885	0.0852886748169873	11.10472965156285	2.197676709219822	6.115784451003249	-0.32608312913612514	0.32608312913612514	DM1
TCGA-J8-A3YH-06	0.07052672087668244	5.767474714930187	7.011414010832625	6.322625829862349	0.06571016406526571	10.929879373691046	3.5720165131289403	5.893871821215822	-0.37414360066043945	0.37414360066043945	DM1
TCGA-J8-A42S-01	3.7561479737029733	5.24121477850752	6.9559195340933515	6.991643152071448	0.40152125010860007	11.569040160306104	5.5816947051018095	6.014315118360255	0.03325029041701702	-0.03325029041701702	DM1
TCGA-J8-A4HW-01	5.8949632378260794	7.422324680232356	6.565193493763635	7.396683549324565	0.760774494442887	11.324421350810175	5.6669269788748515	5.826873851419042	0.4731816352546471	-0.4731816352546471	DM2
TCGA-J8-A4HW-06	3.4935832924685575	6.723041075202224	6.246693101578264	6.867477675801821	0.5371469436175694	11.033339920284856	4.004186751531866	5.541177171642337	-0.09766285000615398	0.09766285000615398	DM1
TCGA-J8-A4HY-01	5.829134122280406	5.882413177941355	6.577294371656648	6.648016688180681	0.9181572170570442	11.947023315104268	7.981747643183502	5.479036498427312	0.1753956021240673	-0.1753956021240673	DM2
TCGA-KS-A41F-01	0.5018212654209103	5.312890214109067	5.668090751707605	6.908303744418716	0.47985138673734895	11.72312962596523	1.3102819462521398	6.252638943380089	-0.5003449394895496	0.5003449394895496	DM1
TCGA-KS-A41I-01	3.7380976654934193	5.678984571825195	7.033865653780111	6.982360474737171	0.03491998434915955	11.486273367081292	7.0412134077319415	5.95315812727262	0.1265537872852398	-0.1265537872852398	DM1
TCGA-KS-A41J-01	2.0723459437576626	6.01659214575279	6.970889307237207	6.823884351939531	0.021337582965694914	10.626408289269618	3.5688468878663473	5.454879956621227	-0.2662961415330759	0.2662961415330759	DM1
TCGA-KS-A41L-01	8.76433487468865	7.134518731890107	7.5172835681610195	8.493790616550639	4.673211537951988	12.669461791878911	7.57297680335729	6.058985297280135	1.5931873843465754	-1.5931873843465754	DM2
TCGA-KS-A4I1-01	0.8928961236262115	6.587294474792467	7.642293626502924	7.320234639755916	0.1126334169852453	8.511560545144556	1.2654368960490983	5.269373576330161	-0.30698472754490597	0.30698472754490597	DM1
TCGA-KS-A4I3-01	0.34777902670226174	6.584150756436166	6.045718167948486	6.116691206034659	0.06805164299778978	11.293133639251385	3.1313590034520336	5.897584113989057	-0.44726297744177257	0.44726297744177257	DM1
TCGA-KS-A4I5-01	2.979366886121781	6.343880351901102	7.269006956214178	7.288204427762825	0.017921907997262315	10.840763292044436	3.101986172785737	5.850401897279459	0.05593637621003334	-0.05593637621003334	DM1
TCGA-KS-A4I7-01	0.6768992389317413	6.378971062332322	7.120944922758019	6.430778689330168	0.0	11.14459228773032	1.9441462906956675	5.999573891200013	-0.2414443905678632	0.2414443905678632	DM1
TCGA-KS-A4I9-01	0.6867918381280594	6.28868154501379	6.590152866234983	6.6723291590959715	0.05102400302446689	10.946399415044137	0.8990209095794168	5.9126929726707225	-0.3888573891077338	0.3888573891077338	DM1
TCGA-KS-A4IB-01	0.04250426312896344	6.8459152696816155	7.291882544915419	6.098305853122305	0.15211850443194314	11.14616323865265	0.4092551466848378	5.9746233782732405	-0.28356454628271743	0.28356454628271743	DM1
TCGA-KS-A4IC-01	1.6466695855127533	6.073717424756343	6.761351767728966	6.909691512294559	0.17030966883317647	10.899519991120204	3.6540001002057703	6.118233044323998	-0.12865074602885856	0.12865074602885856	DM1
TCGA-KS-A4ID-01	6.5125950997583795	6.721374026700434	6.688772033210342	6.948531934734001	1.095654416714935	11.842685911711266	7.862637357558794	6.031042243358572	0.5385562300335347	-0.5385562300335347	DM2
TCGA-L6-A4EP-01	1.1938348106538383	6.178768412627948	7.699540527992662	7.436261800862447	0.5159142557108588	10.272488890820279	4.2925756352135105	6.193091624381851	0.18002538704198062	-0.18002538704198062	DM2
TCGA-L6-A4EQ-01	1.587268968104325	5.647311631062538	6.995012965463484	7.128356303056218	0.09139518601170002	11.12656916544727	2.9806468600059444	5.894948691034352	-0.17428678026514383	0.17428678026514383	DM1
TCGA-L6-A4ET-01	0.07052672087668244	5.749896236811686	6.752701767273363	7.327927134823098	0.09396575036944746	11.608601544679233	1.1540646736747164	5.617745141294897	-0.3323214360613753	0.3323214360613753	DM1
TCGA-L6-A4EU-01	1.853756175843635	5.765876815476376	7.018663102519323	6.458434503020337	0.23351997877391634	8.959201274917852	2.832403971865564	5.654696169400194	-0.49303874857835456	0.49303874857835456	DM1
TCGA-MK-A4N6-01	3.6285869774681907	5.951727656349584	5.995923140027721	6.402393044960528	0.06557231159362208	9.816225129313441	3.1558139841440758	5.519950702504634	-0.5491648593952592	0.5491648593952592	DM1
TCGA-MK-A4N7-01	1.1571730940334646	5.733942688344058	6.53405226173756	6.578789304929286	0.01178185945991471	10.145691209637873	0.332163687954531	5.8990015683000365	-0.5861615029373715	0.5861615029373715	DM1
TCGA-MK-A4N9-01	0.31857715379607937	5.257715947781611	7.39332781415805	6.794831718494194	0.016211033155917154	11.205874971297805	0.5575816397293087	5.871927409109512	-0.39564979371072917	0.39564979371072917	DM1
TCGA-MK-A84Z-01	6.47512056066736	6.237695638120816	7.78795086601844	7.465015341076188	0.13592881552640673	12.718943921378933	8.514781897668913	6.151659961728516	0.8099957186689886	-0.8099957186689886	DM2
TCGA-QD-A8IV-01	7.003457195365049	6.704192775404328	6.846242565109514	7.556304484789957	0.6995516325230893	14.001016915870787	9.32378414490038	6.664391815724072	1.0434830532051889	-1.0434830532051889	DM2
