gene	beta_subtype	abs_beta	pvalue_LMM	fdr_LMM	log2FC_raw_DESeq2	padj_raw_DESeq2	is_druggable	is_original_biomarker
DCSTAMP	5.6098	5.6098	1.10467e-136	1.29356e-132	5.11928	1.34861e-93	False	False
SFTPB	5.39421	5.39421	9.44188e-73	2.16793e-70	5.85026	4.55089e-104	False	True
FN1	4.95437	4.95437	1.01939e-109	1.98951e-106	5.90623	2.534e-232	False	False
SYT12	4.9417	4.9417	4.64464e-111	1.08777e-107	6.90986	5.85441e-257	False	False
TACSTD2	4.77376	4.77376	5.3062e-129	3.10678e-125	5.29007	1.77097e-222	True	True
SLC34A2	4.75605	4.75605	1.80845e-88	1.05885e-85	4.43677	3.54076e-107	False	True
TMPRSS6	4.38459	4.38459	4.44525e-93	3.062e-90	5.9143	1.25403e-158	False	False
MT1G	-4.26817	4.26817	8.89205e-55	7.33281e-53	-4.15859	8.02658e-39	False	True
TPO	-4.24666	4.24666	4.94738e-43	2.18618e-41	-3.06244	1.83747e-21	False	False
TMPRSS4	4.0191	4.0191	8.45687e-74	2.02102e-71	4.91048	9.92862e-109	True	True
KLK7	3.99502	3.99502	3.02613e-73	7.08719e-71	6.07247	9.74678e-143	False	False
SERPINA1	3.93421	3.93421	2.86519e-90	1.76586e-87	3.9368	2.10145e-130	False	False
DIO1	-3.87893	3.87893	2.11433e-43	9.5594e-42	-3.2903	2.17587e-22	False	False
CHI3L1	3.86957	3.86957	2.53305e-45	1.29933e-43	4.58042	2.04691e-68	False	True
SLC27A6	3.85234	3.85234	2.52339e-78	7.9862e-76	4.46995	4.55469e-104	False	True
KCNN4	3.81228	3.81228	7.40181e-101	9.63057e-98	5.07305	8.33407e-163	False	False
B3GNT3	3.76781	3.76781	1.62167e-65	2.63746e-63	4.67696	2.39298e-84	True	True
CST6	3.69753	3.69753	1.49592e-75	3.98119e-73	4.22831	1.19222e-84	False	True
GABRB2	3.65753	3.65753	2.07887e-74	5.07157e-72	4.42882	1.47767e-141	True	True
CYP1B1	3.35269	3.35269	1.54175e-80	5.47086e-78	4.09722	4.96866e-122	True	True
LAMB3	3.32813	3.32813	7.60476e-76	2.12028e-73	3.28923	5.47059e-78	False	True
CXCL14	3.30885	3.30885	2.05406e-22	2.3651e-21	3.40442	1.2268e-26	False	True
CLDN10	3.19374	3.19374	8.0154e-55	6.65676e-53	6.76847	1.77095e-152	False	False
KLK10	3.18177	3.18177	2.53385e-50	1.68587e-48	3.24788	4.84851e-44	False	False
PDLIM4	3.17623	3.17623	8.54731e-104	1.42984e-100	3.47603	4.99694e-139	False	True
IGKC	3.11339	3.11339	1.68484e-12	8.87515e-12	3.61419	5.10717e-18	False	True
MGAT3	3.04357	3.04357	3.27723e-69	6.31137e-67	4.23196	3.03365e-138	False	False
ST6GALNAC5	3.0214	3.0214	4.31343e-49	2.73028e-47	5.61771	3.94668e-107	False	False
CRLF1	2.9921	2.9921	3.49567e-29	6.54949e-28	3.48864	4.88317e-36	False	True
MT1H	-2.9895	2.9895	8.35283e-48	4.86625e-46	-4.48044	2.30859e-40	False	True
KCNAB1	-2.9567	2.9567	5.91883e-63	8.66369e-61	-2.94595	3.02175e-48	False	True
COMP	2.93307	2.93307	2.04499e-31	4.50128e-30	3.66205	4.74734e-39	False	True
IGHG1	2.93157	2.93157	2.71211e-10	1.16461e-09	3.11753	3.00739e-13	False	True
MUC1	2.91637	2.91637	1.0387e-59	1.19083e-57	3.20143	6.63667e-62	False	True
ALOX5	2.90577	2.90577	1.55292e-39	5.77292e-38	3.94072	3.62453e-69	False	True
KRT19	2.90422	2.90422	2.32684e-86	1.18467e-83	2.74649	4.1591e-69	False	False
SCNN1A	2.83907	2.83907	1.42591e-84	6.42209e-82	2.37821	9.55941e-54	False	False
LUM	2.82593	2.82593	2.54298e-32	5.95566e-31	3.12283	1.99765e-35	False	True
HGD	-2.81145	2.81145	4.41627e-68	7.83553e-66	-2.72005	1.34101e-32	False	True
MT1F	-2.78908	2.78908	1.11071e-59	1.25061e-57	-2.76504	6.61292e-41	False	True
BMP8A	-2.78569	2.78569	7.16752e-28	1.20418e-26	-3.2732	4.39951e-26	False	True
SPOCK2	2.78244	2.78244	6.99356e-56	6.11154e-54	3.65072	4.66027e-92	False	False
SFN	2.76279	2.76279	8.01301e-49	4.96467e-47	3.80005	5.90787e-67	False	True
IL1RL1	2.75831	2.75831	6.78404e-23	8.08973e-22	4.73197	3.74751e-55	False	True
CA12	-2.74673	2.74673	2.07614e-38	7.30078e-37	-2.69431	6.88185e-30	False	True
COL8A2	2.73849	2.73849	3.26558e-103	4.78e-100	3.07231	1.5221e-127	False	True
TNC	2.71227	2.71227	4.15782e-46	2.20482e-44	2.86121	1.00074e-46	False	True
GRIN2C	-2.67329	2.67329	6.9168e-40	2.61277e-38	-2.89794	5.37519e-27	False	False
GABRB3	-2.67054	2.67054	1.06322e-57	1.02052e-55	-3.00187	1.32834e-40	False	True
ABCC8	-2.66634	2.66634	8.46468e-59	9.01104e-57	-3.33444	3.93258e-33	False	True
PIWIL1	-2.65084	2.65084	6.16943e-44	2.88976e-42	-2.8845	9.43752e-27	False	True
CARTPT	-2.6349	2.6349	2.3267e-41	9.52645e-40	-5.07564	1.31045e-16	False	False
CLDN16	2.62804	2.62804	4.56858e-35	1.28911e-33	3.01939	1.46744e-47	False	True
ITGB8	2.60329	2.60329	2.69536e-115	7.89067e-112	3.06478	1.71666e-144	False	True
DTX4	2.56543	2.56543	1.2303e-96	1.02906e-93	2.86752	4.99951e-145	False	True
SLPI	2.55965	2.55965	1.23262e-29	2.38578e-28	3.70326	1.40091e-54	False	True
SLC4A4	-2.5446	2.5446	5.73258e-46	2.99681e-44	-2.17672	6.0492e-20	False	True
AHNAK2	2.52768	2.52768	5.09511e-48	2.99818e-46	3.32551	8.39612e-72	False	True
EDN3	-2.50057	2.50057	1.27072e-23	1.58806e-22	-1.88681	4.81281e-07	False	False
CDH11	2.48192	2.48192	3.43552e-44	1.61566e-42	3.37732	1.49841e-66	False	True
TRIM29	2.47357	2.47357	1.59252e-39	5.90139e-38	3.4752	1.28811e-49	False	False
CEACAM6	2.47323	2.47323	2.72339e-28	4.75275e-27	6.51687	3.16541e-102	False	False
CFH	2.47094	2.47094	5.55551e-68	9.7097e-66	2.62456	1.4345e-67	False	True
IGFBP5	2.44982	2.44982	9.6933e-50	6.27119e-48	2.78764	2.51506e-67	False	True
LCN2	2.44905	2.44905	1.98662e-23	2.45135e-22	2.84387	8.3543e-26	False	True
STRA6	2.44392	2.44392	7.766e-34	2.02539e-32	2.33923	1.74893e-24	False	True
CNTFR	-2.43075	2.43075	3.87547e-59	4.24129e-57	-4.69153	8.31349e-47	False	False
NELL2	2.42831	2.42831	1.64459e-28	2.92677e-27	1.0283	8.48732e-06	False	True
C3	2.42445	2.42445	2.64457e-40	1.02204e-38	2.41348	1.91787e-36	False	True
IGHM	2.4159	2.4159	9.95668e-15	6.37119e-14	3.94937	5.31302e-31	False	True
FAM155B	-2.38798	2.38798	1.67474e-35	4.85425e-34	-2.06573	1.85014e-21	False	False
KCNQ3	2.38644	2.38644	2.84908e-57	2.64784e-55	3.16782	1.19237e-100	False	True
TFF3	-2.38515	2.38515	5.6989e-15	3.70951e-14	-1.29141	0.00128001	False	True
PLEKHA6	2.3769	2.3769	2.15089e-124	8.39565e-121	3.17909	1.77092e-179	True	True
MPPED2	-2.36904	2.36904	2.61547e-44	1.24501e-42	-2.23119	1.76112e-19	False	True
NGFR	2.33946	2.33946	3.12079e-35	8.89158e-34	2.8914	4.36496e-46	False	True
RASGRF1	2.32782	2.32782	2.97876e-43	1.33645e-41	3.18552	1.32527e-49	False	True
WSCD2	-2.32091	2.32091	1.76827e-23	2.18653e-22	-1.82863	1.04601e-06	False	False
WNT4	-2.31855	2.31855	9.91179e-88	5.27578e-85	-3.409	8.26946e-62	False	True
PDE5A	2.31761	2.31761	1.20076e-97	1.17174e-94	2.63675	5.85458e-137	False	True
COL1A1	2.30493	2.30493	8.19865e-24	1.03791e-22	3.28649	8.60555e-39	False	False
ALOX15B	2.29957	2.29957	1.41606e-37	4.58068e-36	2.34738	4.37104e-31	False	True
SIGLEC6	2.2934	2.2934	4.61295e-21	4.82731e-20	5.88202	1.67821e-71	False	False
STXBP5L	-2.28217	2.28217	1.53701e-48	9.27752e-47	-2.53751	2.06908e-17	False	True
S100A10	2.28083	2.28083	3.44636e-63	5.10846e-61	2.71351	1.64542e-72	False	True
KLK11	2.27645	2.27645	3.25473e-14	1.99335e-13	1.53747	6.6137e-05	False	False
LGALS3	2.24357	2.24357	3.90673e-77	1.20389e-74	2.14561	2.53774e-69	False	False
C7	2.23265	2.23265	3.21408e-20	3.17879e-19	2.08292	1.38896e-14	False	True
ELF3	2.22427	2.22427	3.67696e-71	7.97356e-69	2.73969	4.76399e-81	False	True
GJB3	2.21805	2.21805	1.54842e-53	1.19289e-51	2.75205	6.08579e-61	False	True
CBLN1	2.21151	2.21151	9.43851e-26	1.36282e-24	4.08074	3.94523e-61	False	True
GAP43	2.20891	2.20891	2.9699e-25	4.12545e-24	5.12512	1.9494e-62	False	True
SLC26A4	-2.20837	2.20837	2.72227e-20	2.7061e-19	-1.89974	4.50645e-15	False	False
PTPRE	2.20504	2.20504	1.01211e-97	1.07744e-94	2.57553	1.1858e-139	True	True
MXRA8	2.20437	2.20437	5.91225e-79	1.92312e-76	2.23284	2.01995e-81	False	True
LY6E	2.20357	2.20357	4.63457e-94	3.39192e-91	2.43149	3.62853e-97	False	True
RUNX2	2.19807	2.19807	6.5278e-84	2.83113e-81	2.93742	8.78001e-139	False	True
LDLR	2.19166	2.19166	9.89312e-62	1.34707e-59	2.86583	4.88609e-83	True	True
ANXA3	2.18206	2.18206	4.56748e-82	1.78284e-79	1.85892	2.92735e-50	False	True
LAMP5	2.16721	2.16721	4.44681e-24	5.72221e-23	3.75994	2.12709e-41	False	True
EHF	2.16695	2.16695	8.12309e-39	2.91783e-37	2.96155	4.79051e-56	False	True
CAMK2N1	2.16515	2.16515	2.14587e-54	1.7094e-52	2.42217	1.76033e-71	False	True
CUX2	-2.16145	2.16145	2.53125e-38	8.79552e-37	-3.74262	3.34666e-21	False	False
AQP4	-2.15989	2.15989	7.80963e-32	1.78615e-30	-2.38989	4.46942e-27	False	False
ADCY8	2.15501	2.15501	3.23587e-25	4.48427e-24	5.14475	1.01111e-63	False	True
PLAU	2.1483	2.1483	8.14472e-35	2.24411e-33	2.5939	1.49008e-42	False	True
DUSP5	2.14044	2.14044	4.28142e-61	5.50938e-59	2.60164	1.44977e-73	False	False
C1orf116	2.13488	2.13488	4.91049e-77	1.4744e-74	2.33306	1.31543e-79	False	True
FHL1	-2.13036	2.13036	8.94e-38	2.95727e-36	-1.99758	2.26135e-28	False	True
PROS1	2.12031	2.12031	1.16296e-60	1.40395e-58	2.49364	4.15635e-93	False	True
STAC	2.11768	2.11768	6.08872e-69	1.14998e-66	3.95736	1.08426e-129	False	False
TIMP1	2.11682	2.11682	1.41903e-49	9.08024e-48	2.22067	2.08006e-52	False	False
LOX	2.11304	2.11304	5.78031e-41	2.31015e-39	3.20651	4.74236e-65	False	False
SEMA3D	-2.10524	2.10524	9.4277e-19	8.30063e-18	-2.19568	9.09425e-10	False	True
CCL18	2.08644	2.08644	2.24943e-23	2.76399e-22	1.85818	1.21344e-12	False	True
CTSE	2.08352	2.08352	4.01473e-22	4.53351e-21	2.63653	5.35092e-27	False	True
DCN	2.08308	2.08308	1.17368e-17	9.4329e-17	1.78958	1.15934e-12	False	True
CLU	2.08114	2.08114	7.44461e-62	1.0256e-59	2.15597	1.91023e-64	False	True
PRSS2	2.07915	2.07915	5.10553e-20	4.99046e-19	4.65038	3.08109e-50	False	True
SPX	-2.07567	2.07567	7.36295e-42	3.07929e-40	-2.16225	1.41221e-21	False	False
HLF	-2.07269	2.07269	9.15138e-43	3.95434e-41	-2.04927	2.46968e-27	False	True
SCARA3	2.06884	2.06884	3.22992e-58	3.20528e-56	2.17583	1.85564e-60	False	True
ARNTL	2.06608	2.06608	3.64942e-68	6.57457e-66	2.41627	1.88404e-90	False	True
S100A4	2.05736	2.05736	1.25218e-36	3.86886e-35	2.5535	9.73995e-38	False	True
NFE2L3	2.05472	2.05472	6.03636e-33	1.48188e-31	2.21522	3.17956e-29	False	True
ZMAT4	-2.04114	2.04114	1.02924e-33	2.64307e-32	-2.30077	3.35953e-08	False	True
NQO1	-2.03655	2.03655	9.16294e-83	3.69993e-80	-2.4388	4.47964e-93	False	True
MARCO	2.03618	2.03618	3.61868e-29	6.76912e-28	2.73059	3.13828e-28	False	True
SCEL	2.03118	2.03118	4.50139e-34	1.19256e-32	1.94128	5.77975e-29	False	True
IGFBP6	2.031	2.031	1.10192e-34	3.0078e-33	2.26113	6.05075e-36	False	True
GPNMB	2.02987	2.02987	4.94001e-28	8.51952e-27	1.9427	1.37446e-21	False	True
ESPN	2.02362	2.02362	4.6776e-35	1.3167e-33	4.02235	1.00429e-73	False	False
C1S	2.01886	2.01886	8.87826e-24	1.12273e-22	2.01263	2.07186e-20	False	True
ERBB3	2.01789	2.01789	1.57405e-97	1.41786e-94	2.25693	7.83552e-120	False	False
HLA-G	2.0172	2.0172	9.06143e-26	1.31161e-24	3.93791	1.10009e-58	False	False
DSC3	2.01468	2.01468	4.38597e-27	6.99724e-26	5.26966	1.48909e-80	False	False
NOD1	2.00654	2.00654	1.6807e-54	1.35731e-52	2.13167	3.47924e-59	False	True
LYZ	2.00141	2.00141	6.83473e-23	8.14188e-22	1.87718	1.61079e-16	False	True
CYSLTR2	2.00109	2.00109	1.04224e-27	1.72383e-26	1.9025	4.77023e-23	False	True
CD55	1.99961	1.99961	1.96066e-40	7.70449e-39	2.74496	1.02443e-59	False	True
SYT1	1.9908	1.9908	4.66948e-27	7.42929e-26	4.58768	5.09765e-70	False	False
NEB	-1.98901	1.98901	3.94627e-31	8.49464e-30	-1.89464	1.96237e-09	False	True
MET	1.98757	1.98757	1.1058e-84	5.17955e-82	2.30904	2.72698e-113	False	False
OGDHL	-1.98361	1.98361	1.38727e-35	4.04102e-34	-2.07582	4.78142e-26	False	True
HLA-DQB2	1.98327	1.98327	7.78523e-26	1.13956e-24	2.55849	1.34979e-33	False	True
PPARGC1A	-1.97846	1.97846	2.73732e-31	5.99141e-30	-1.88017	2.98157e-18	False	True
MMP7	1.97208	1.97208	1.08731e-16	8.06868e-16	3.86283	8.81536e-32	False	True
GNA14	-1.97105	1.97105	2.46462e-65	3.95352e-63	-2.1179	2.53001e-43	False	True
MISP	1.96248	1.96248	1.02721e-34	2.81702e-33	3.27407	5.36103e-47	False	True
EPHB3	1.95846	1.95846	2.87959e-55	2.46132e-53	2.41496	6.1603e-65	False	True
CTSC	1.95641	1.95641	1.00954e-59	1.17047e-57	2.4328	1.00922e-74	False	True
DUOX2	-1.95405	1.95405	4.33479e-38	1.48422e-36	-2.17499	2.46199e-47	False	False
SLC6A20	1.94889	1.94889	8.04077e-18	6.5478e-17	5.2674	4.78508e-62	False	False
HSPB7	-1.93064	1.93064	1.69702e-33	4.32001e-32	-2.67641	4.84954e-36	False	True
TCEAL2	-1.92799	1.92799	6.08269e-20	5.88664e-19	-1.95616	2.28675e-12	False	False
S100A2	1.92333	1.92333	1.75415e-36	5.39137e-35	2.88123	2.38874e-45	False	True
VCAN	1.92148	1.92148	7.22608e-22	8.00543e-21	3.04407	4.43276e-39	False	True
SDC4	1.92005	1.92005	2.54467e-86	1.24159e-83	2.21274	2.25723e-125	False	True
GBP2	1.91367	1.91367	9.98743e-60	1.16953e-57	2.02776	2.17017e-50	False	True
JAK3	1.91016	1.91016	7.28707e-56	6.32086e-54	2.07961	1.88505e-46	False	True
IL1RAP	1.90745	1.90745	1.10565e-57	1.05261e-55	2.32943	2.01914e-75	False	True
IQGAP2	-1.89439	1.89439	3.76012e-38	1.29503e-36	-1.90274	7.26263e-30	False	True
ELMO1	-1.8899	1.8899	6.74265e-49	4.22227e-47	-1.86205	3.50951e-30	False	True
ECM1	-1.8828	1.8828	2.36647e-17	1.84865e-16	-2.77415	3.25652e-26	False	False
PDE8B	-1.88165	1.88165	5.37596e-58	5.29013e-56	-1.95788	3.47924e-59	False	False
QPRT	-1.87939	1.87939	1.55377e-32	3.69809e-31	-2.6391	1.36956e-45	False	True
ABTB2	1.8777	1.8777	2.82535e-63	4.24165e-61	2.42304	3.46795e-94	False	True
MAMLD1	1.87626	1.87626	1.89852e-58	1.95014e-56	2.35793	6.5158e-72	False	True
SORBS2	-1.87144	1.87144	9.60954e-52	6.90354e-50	-1.83675	6.64565e-35	False	True
DPP4	1.87099	1.87099	1.15507e-25	1.64949e-24	1.71312	2.72876e-24	False	True
DSC2	1.87069	1.87069	4.18328e-81	1.53082e-78	2.32176	4.58289e-91	False	True
PDZK1IP1	1.86849	1.86849	2.62579e-15	1.74012e-14	2.07773	9.19887e-16	False	True
SPTBN2	1.86589	1.86589	1.43697e-47	8.2485e-46	2.19743	3.90554e-56	False	True
SEL1L3	1.86363	1.86363	1.80312e-70	3.64044e-68	2.15358	1.32195e-87	False	True
BIRC3	1.84933	1.84933	2.25962e-32	5.30264e-31	2.37397	9.52864e-36	False	True
VAV3	-1.84897	1.84897	2.1227e-56	1.94194e-54	-2.13094	7.27753e-61	False	False
PLAUR	1.84522	1.84522	3.14932e-36	9.48035e-35	2.42151	9.39509e-47	False	True
IVL	1.83523	1.83523	1.10977e-22	1.29824e-21	5.96491	6.28704e-75	False	False
CXXC4	-1.83177	1.83177	3.89093e-57	3.58762e-55	-2.13229	1.12337e-47	False	True
KCNJ2	1.83136	1.83136	1.01605e-29	1.98298e-28	2.06098	6.57382e-29	False	True
RARRES2	1.82388	1.82388	1.56781e-32	3.72395e-31	1.87347	9.39735e-23	False	True
THBS2	1.82212	1.82212	2.15379e-18	1.82628e-17	3.13461	4.85554e-35	False	True
COL10A1	1.81077	1.81077	7.32169e-16	5.07319e-15	4.07246	9.03935e-41	False	True
CA4	-1.8085	1.8085	1.82072e-19	1.70429e-18	-2.03008	1.40182e-11	False	False
TM4SF1	1.80675	1.80675	1.46105e-32	3.4845e-31	2.49614	7.50985e-50	False	True
BAIAP3	1.80419	1.80419	5.26748e-31	1.12354e-29	2.05347	2.36204e-33	False	True
RAC2	1.79788	1.79788	2.81863e-44	1.33089e-42	2.23623	4.58193e-53	False	True
ICAM5	1.79094	1.79094	1.95298e-35	5.63286e-34	1.86857	2.29598e-30	False	True
VTCN1	1.79005	1.79005	3.68633e-18	3.07895e-17	6.82611	2.6919e-92	False	False
PRSS23	1.78794	1.78794	1.47514e-47	8.42628e-46	2.02212	5.42385e-52	False	True
KIF1A	-1.78745	1.78745	1.2553e-39	4.71141e-38	-3.46696	3.7356e-43	False	False
PLXNC1	1.78536	1.78536	2.83421e-37	9.0432e-36	1.99069	9.31738e-43	False	True
PALM	1.78006	1.78006	5.26258e-71	1.12045e-68	2.11206	1.8651e-91	False	True
CACNG4	1.77969	1.77969	6.54798e-27	1.02922e-25	4.02636	5.74587e-56	False	False
GNLY	1.7792	1.7792	1.20338e-22	1.40494e-21	3.2184	1.38525e-42	False	True
ICAM1	1.77855	1.77855	3.83731e-53	2.80843e-51	2.11289	1.26337e-68	False	True
NBL1	1.77455	1.77455	3.56511e-39	1.29249e-37	2.02454	6.31188e-41	False	True
TM4SF4	1.77359	1.77359	8.75074e-28	1.4597e-26	4.28058	2.80661e-64	False	False
ARHGEF38	1.77263	1.77263	1.66234e-27	2.70362e-26	2.96517	2.01419e-48	False	True
LAMA1	1.77188	1.77188	2.31952e-35	6.65724e-34	1.74974	5.66445e-28	False	False
SFRP4	1.7692	1.7692	7.71756e-13	4.18005e-12	3.04649	3.04935e-25	False	True
ALDH3B1	1.76888	1.76888	7.70427e-58	7.45595e-56	1.77745	9.74899e-47	False	True
BNC1	1.76539	1.76539	1.49102e-48	9.04654e-47	4.55411	1.08336e-114	False	False
PBX3	-1.76442	1.76442	1.44302e-50	9.71134e-49	-2.20076	3.6582e-68	False	False
TNFRSF21	1.76284	1.76284	2.23334e-58	2.25452e-56	2.18244	3.87298e-69	False	True
ITPR1	-1.7619	1.7619	1.54874e-36	4.77256e-35	-1.69007	3.70569e-23	False	True
STK17B	1.752	1.752	7.3884e-75	1.84081e-72	2.23851	8.14341e-94	False	True
HLA-DPA1	1.73939	1.73939	6.18366e-28	1.05095e-26	2.09846	1.31328e-31	False	True
FGFBP1	1.73911	1.73911	5.19667e-19	4.69544e-18	4.68495	7.70662e-58	False	False
SLIT2	1.73735	1.73735	4.8621e-41	1.97008e-39	2.14519	3.75433e-51	False	True
HLA-DOA	1.73692	1.73692	8.54698e-23	1.00892e-21	2.50167	1.72835e-33	False	False
HLA-DRA	1.73165	1.73165	1.10311e-31	2.48891e-30	1.89348	1.71197e-30	False	False
CDH3	1.72836	1.72836	1.45593e-28	2.60289e-27	1.57376	4.63751e-28	False	True
G0S2	1.72687	1.72687	4.42376e-26	6.63282e-25	2.11529	7.75059e-27	False	True
TMEM100	1.72607	1.72607	1.34613e-23	1.67694e-22	2.48993	2.68619e-31	False	True
CXCL2	1.72315	1.72315	1.68974e-21	1.82032e-20	2.35864	8.60755e-25	False	True
COL11A1	1.71872	1.71872	4.76609e-11	2.19382e-10	6.32579	1.44789e-60	False	False
MRC1	1.71669	1.71669	8.81303e-33	2.13666e-31	2.20347	2.30739e-36	False	True
APOD	1.70661	1.70661	8.3958e-20	8.01262e-19	1.97956	2.01552e-17	False	True
MDK	1.70357	1.70357	8.00529e-31	1.69209e-29	1.67944	1.37325e-26	False	True
PPL	1.70327	1.70327	8.95245e-77	2.55691e-74	2.02188	1.11021e-86	False	True
CTSH	1.70032	1.70032	3.03833e-43	1.35797e-41	1.84085	1.41062e-48	False	True
ANXA2	1.69933	1.69933	8.27988e-95	6.46383e-92	1.8258	5.03125e-81	False	True
BEX1	-1.69842	1.69842	1.5889e-21	1.71643e-20	-1.79904	7.11112e-13	False	True
EPPK1	1.69597	1.69597	2.55206e-45	1.29933e-43	2.14668	4.17656e-51	False	True
RAB27B	1.69119	1.69119	2.69276e-18	2.26687e-17	4.75341	1.3041e-64	False	False
POSTN	1.69064	1.69064	2.42671e-13	1.37545e-12	2.87209	2.38355e-28	False	False
BRINP1	1.6873	1.6873	2.11352e-29	3.99827e-28	2.50273	3.3819e-38	False	True
CACNB4	-1.68197	1.68197	8.39907e-91	5.46406e-88	-2.68484	2.03895e-77	False	True
ARHGAP24	-1.67843	1.67843	7.32701e-41	2.90845e-39	-1.89274	1.06769e-30	False	True
PTPRU	1.67739	1.67739	5.42576e-60	6.41775e-58	2.04682	7.08635e-73	False	True
RAMP1	1.67699	1.67699	8.10112e-23	9.57257e-22	2.43095	8.05529e-29	False	True
GRM4	1.67531	1.67531	1.00967e-17	8.17084e-17	2.36035	8.33433e-19	False	False
RGS4	1.67322	1.67322	6.69413e-17	5.03781e-16	3.31416	1.30098e-35	False	True
RND3	1.67156	1.67156	1.67376e-79	5.76463e-77	1.97333	3.91817e-74	False	True
DUSP2	1.66421	1.66421	8.08167e-30	1.59053e-28	2.83126	4.48942e-45	False	True
FSTL3	1.66117	1.66117	1.63032e-63	2.47935e-61	2.01	3.04334e-74	False	True
SOD3	-1.65948	1.65948	1.75284e-29	3.33211e-28	-1.79607	9.88894e-24	False	True
HLA-DQA1	1.65455	1.65455	2.38923e-22	2.74293e-21	1.88924	1.64938e-22	False	True
LIPG	-1.64727	1.64727	7.80409e-32	1.78615e-30	-1.66626	1.44494e-33	False	True
S100B	1.6443	1.6443	5.92862e-22	6.60553e-21	2.73844	1.50552e-28	False	True
LRP2	-1.64252	1.64252	1.07132e-18	9.38304e-18	-1.5484	2.46233e-15	False	True
NMU	1.64003	1.64003	2.80919e-11	1.32324e-10	2.15494	4.45249e-11	False	False
PNP	1.63623	1.63623	1.01141e-25	1.45858e-24	2.14644	2.21765e-28	False	True
PELI1	1.63526	1.63526	9.32936e-42	3.88779e-40	2.14526	5.4764e-55	False	True
KRT15	1.63052	1.63052	1.25879e-34	3.42801e-33	2.77012	1.289e-41	False	True
INHBB	1.62909	1.62909	4.11165e-40	1.5786e-38	1.82826	5.81341e-49	False	True
CCL13	1.62223	1.62223	7.0472e-37	2.18893e-35	3.84949	6.35053e-69	False	True
PCSK2	-1.6215	1.6215	5.86632e-10	2.45689e-09	-1.89973	8.30186e-15	False	False
TRIM58	-1.61943	1.61943	4.56454e-34	1.20656e-32	-1.53638	8.65372e-23	False	True
PKP2	1.6184	1.6184	5.75419e-41	2.30759e-39	2.74106	2.9234e-57	False	True
TRPC5	1.61757	1.61757	4.75617e-11	2.19098e-10	2.20766	8.75782e-13	False	True
FCHO1	1.61717	1.61717	8.56247e-54	6.68443e-52	2.59286	8.22988e-69	False	False
TNFRSF12A	1.61522	1.61522	4.44682e-45	2.23486e-43	1.67722	1.88028e-45	False	True
TG	-1.6125	1.6125	2.43598e-24	3.19433e-23	-1.64726	1.24295e-25	False	False
PTGS2	1.60756	1.60756	9.95376e-29	1.79045e-27	2.30016	8.60729e-36	False	True
BCAT1	1.60188	1.60188	8.3354e-27	1.30491e-25	2.40143	2.64048e-40	False	True
ITGA2	1.59808	1.59808	2.07402e-25	2.9226e-24	2.06611	1.31469e-36	False	True
PDK4	-1.59731	1.59731	1.88924e-15	1.26562e-14	-1.52488	7.89788e-13	False	True
C1R	1.59607	1.59607	2.77064e-21	2.94145e-20	1.78807	1.69967e-21	False	True
ADTRP	1.59439	1.59439	1.55539e-22	1.80155e-21	3.24906	4.12882e-53	False	False
SPON1	1.59285	1.59285	3.55056e-18	2.96979e-17	3.44104	1.7325e-41	False	False
MUC16	1.59062	1.59062	3.97728e-13	2.21464e-12	4.72974	9.95144e-45	False	False
ITGB4	1.59061	1.59061	2.06913e-40	8.10351e-39	2.03676	1.77165e-48	False	True
IGLV1-44	1.58317	1.58317	1.95938e-08	7.0065e-08	3.57226	4.13604e-18	False	True
TGM2	1.58091	1.58091	3.68562e-30	7.42833e-29	2.14679	2.82421e-42	False	True
ST3GAL6	-1.58015	1.58015	2.10721e-83	8.81266e-81	-2.23321	1.09732e-110	False	False
PGF	-1.57692	1.57692	2.16024e-29	4.08006e-28	-1.81592	8.89588e-31	False	False
CAV1	1.57426	1.57426	8.13386e-38	2.69823e-36	1.69723	1.03934e-37	False	True
COL3A1	1.57237	1.57237	3.31291e-14	2.02264e-13	2.68645	5.20045e-29	False	True
MT1E	-1.57221	1.57221	1.72963e-29	3.30407e-28	-1.78738	1.16412e-30	False	True
BEAN1	1.57036	1.57036	1.26831e-46	6.8442e-45	2.52042	1.13866e-69	False	True
S100A6	1.56209	1.56209	4.14e-43	1.84333e-41	1.80176	1.83081e-39	False	True
CDON	-1.5601	1.5601	2.2551e-27	3.64741e-26	-1.72122	7.32336e-22	False	True
PKNOX2	-1.54638	1.54638	3.59078e-12	1.83296e-11	-1.47907	2.12171e-06	False	True
CDH6	1.54167	1.54167	1.86518e-22	2.14973e-21	2.25161	4.8367e-37	False	True
NCAM1	-1.54011	1.54011	5.38454e-14	3.22852e-13	-1.28566	7.77323e-08	False	True
EPHA4	1.53237	1.53237	3.4463e-42	1.4675e-40	1.69245	1.18295e-43	False	True
ARSJ	1.53142	1.53142	4.17122e-47	2.29319e-45	2.89054	2.83345e-82	False	False
DIO2	-1.52804	1.52804	1.21114e-25	1.72326e-24	-1.64137	2.80207e-25	False	False
MMP16	1.52541	1.52541	4.69618e-22	5.25739e-21	1.73353	1.53633e-20	False	False
CD52	1.52402	1.52402	8.86035e-28	1.47589e-26	1.69033	1.01622e-17	False	True
BASP1	1.51959	1.51959	2.95041e-64	4.60658e-62	1.78421	5.90589e-71	False	True
RIMBP2	-1.51846	1.51846	2.21445e-32	5.20707e-31	-2.04668	7.08917e-28	False	False
TNFRSF11B	-1.51297	1.51297	1.40047e-18	1.21209e-17	-1.64797	2.81129e-17	False	True
SOX4	1.50828	1.50828	7.21334e-66	1.18969e-63	1.76991	7.53488e-79	False	True
CHIT1	1.50793	1.50793	1.08347e-09	4.40381e-09	1.26364	1.13136e-05	False	True
PYGM	-1.50502	1.50502	1.71438e-33	4.34531e-32	-1.98657	2.70834e-21	False	True
GRB7	1.5047	1.5047	2.75479e-62	3.88657e-60	1.81752	2.45727e-78	False	True
STAT1	1.50359	1.50359	8.96217e-50	5.86296e-48	1.83392	9.29839e-54	False	True
COL9A3	-1.50198	1.50198	2.01065e-13	1.14908e-12	-2.84338	7.73758e-20	False	True
TGFBR1	1.50138	1.50138	1.93768e-59	2.16097e-57	1.87042	2.32984e-83	False	True
LTB	1.50107	1.50107	8.76064e-19	7.74242e-18	2.61118	9.66865e-30	False	True
APOL1	1.50072	1.50072	3.48931e-56	3.11907e-54	1.68617	1.04032e-53	False	True
MICAL2	1.49804	1.49804	4.28967e-48	2.54985e-46	1.87247	2.37684e-58	False	True
MAP3K5	1.49287	1.49287	1.46177e-61	1.96751e-59	1.66735	6.57093e-64	False	True
OSMR	1.49249	1.49249	1.85527e-47	1.03453e-45	1.89758	9.1397e-58	False	True
DMD	1.48649	1.48649	1.14146e-17	9.18031e-17	2.01073	1.37861e-26	False	True
CFI	1.4841	1.4841	2.38781e-38	8.34663e-37	1.62562	1.23727e-31	False	True
PDZRN4	1.48376	1.48376	6.79463e-10	2.82546e-09	1.0757	0.00153206	False	True
TBC1D2	1.48332	1.48332	1.34614e-63	2.07412e-61	1.76118	3.90823e-75	False	True
MMP11	1.48325	1.48325	3.33578e-15	2.19696e-14	2.68669	2.93897e-29	False	True
SIGLEC15	1.48103	1.48103	6.68652e-29	1.21772e-27	2.8485	5.12181e-44	False	True
SULT2B1	1.47918	1.47918	9.72414e-44	4.46548e-42	2.68298	2.09743e-59	False	True
GCNT4	1.47911	1.47911	1.29209e-51	9.11468e-50	2.49387	3.09376e-81	False	False
IL1RN	1.47885	1.47885	1.73836e-23	2.15182e-22	1.98942	7.274e-28	False	True
TMPRSS11E	1.47872	1.47872	1.59683e-20	1.61059e-19	7.03703	3.42554e-107	False	False
ANXA1	1.474	1.474	3.94618e-66	6.6014e-64	1.63466	2.98765e-82	False	True
HRH1	1.46895	1.46895	2.21221e-29	4.1715e-28	2.23376	1.44338e-48	False	True
CACNA2D2	-1.46742	1.46742	1.70545e-39	6.29993e-38	-1.99945	5.18977e-51	False	False
CD36	-1.46311	1.46311	1.10927e-16	8.22642e-16	-1.5647	6.6609e-15	False	True
CXCL9	1.46115	1.46115	9.31741e-10	3.81093e-09	2.34937	5.81297e-16	False	True
ACP5	1.45965	1.45965	1.11831e-25	1.60286e-24	1.24066	1.42981e-13	False	True
RYR1	1.45743	1.45743	4.05357e-29	7.53449e-28	1.33547	3.26318e-21	False	True
ST6GAL1	-1.45732	1.45732	6.3672e-23	7.64717e-22	-2.11553	7.5101e-39	False	False
SFRP1	-1.45651	1.45651	1.66427e-14	1.04496e-13	-4.11989	5.76582e-61	False	False
LGALS1	1.45611	1.45611	1.2932e-37	4.21821e-36	1.52704	1.50913e-28	False	True
SLC1A5	1.45276	1.45276	8.62999e-31	1.82085e-29	1.74428	4.36293e-34	False	False
DST	1.44986	1.44986	3.16053e-36	9.48969e-35	1.73774	2.00925e-43	False	True
SPP1	1.44916	1.44916	3.49721e-14	2.13071e-13	1.36948	8.75295e-10	False	True
MST1R	1.44873	1.44873	1.13845e-57	1.0751e-55	1.85504	3.51065e-69	False	False
CKMT2	-1.4482	1.4482	1.13096e-43	5.17325e-42	-2.09004	2.49509e-47	False	False
P2RY6	1.44637	1.44637	3.23124e-33	8.085e-32	2.34698	4.53683e-44	False	True
TENM3	1.44486	1.44486	3.1063e-23	3.78904e-22	1.44124	1.02859e-16	False	False
ROR1	1.44389	1.44389	1.95969e-39	7.17122e-38	2.58525	7.83117e-51	False	True
MSI1	-1.44361	1.44361	2.10588e-47	1.16871e-45	-2.81664	6.47768e-37	False	False
TGM1	1.44289	1.44289	1.74101e-41	7.15341e-40	2.35377	6.10846e-64	False	False
CAV2	1.4384	1.4384	4.22008e-56	3.74373e-54	1.54315	1.87971e-55	False	True
BNC2	1.43579	1.43579	5.83895e-21	6.04545e-20	2.11232	7.76002e-27	False	True
COLEC12	1.43416	1.43416	1.32212e-23	1.64878e-22	2.12673	1.24898e-28	False	True
PLEKHA4	1.43157	1.43157	9.68912e-52	6.91827e-50	1.56688	5.8633e-57	False	True
CCL22	1.43021	1.43021	2.76071e-22	3.15087e-21	2.78532	1.32677e-31	False	True
FABP4	-1.42961	1.42961	2.12132e-13	1.20938e-12	-1.57399	6.03505e-07	False	True
SLC2A3	1.4294	1.4294	1.34203e-43	6.09114e-42	1.59068	1.3106e-38	False	True
EBI3	1.42829	1.42829	8.57497e-43	3.73282e-41	2.42334	9.83328e-52	False	True
MFAP2	1.42805	1.42805	1.0768e-27	1.77596e-26	1.75673	1.95322e-27	False	True
ARMCX3	1.42796	1.42796	1.58505e-27	2.5923e-26	1.91328	3.62319e-44	False	True
SEMA3B	1.42742	1.42742	1.61812e-29	3.09611e-28	1.71058	7.41907e-31	False	False
NRIP1	1.42729	1.42729	5.48448e-28	9.43073e-27	1.68343	4.29162e-35	False	True
ITGB2	1.42376	1.42376	8.42501e-25	1.13529e-23	1.55662	1.13848e-22	False	True
CD207	1.42021	1.42021	5.39006e-15	3.5163e-14	2.84904	1.41432e-23	False	True
INHBA	1.4189	1.4189	1.9839e-19	1.85259e-18	2.48439	1.87815e-36	False	True
BID	1.41867	1.41867	5.48878e-71	1.14774e-68	1.66836	5.20885e-85	False	True
RND2	-1.41584	1.41584	6.50993e-47	3.54564e-45	-1.90298	1.43564e-69	False	False
APOE	1.41535	1.41535	1.07356e-09	4.36505e-09	1.32121	3.80856e-08	False	True
CRLF2	1.41367	1.41367	1.1477e-31	2.57956e-30	6.29543	1.40862e-139	False	False
GSN	1.41046	1.41046	3.28773e-69	6.31137e-67	1.4914	6.7373e-60	False	True
NT5E	1.41035	1.41035	3.02015e-23	3.69551e-22	1.52083	1.38912e-22	False	True
WASF3	-1.40833	1.40833	4.74692e-61	6.042e-59	-1.6013	3.27986e-52	False	True
GPR153	1.40763	1.40763	6.9568e-62	9.69811e-60	2.1587	1.14845e-74	False	True
FGF12	-1.40668	1.40668	2.01051e-49	1.27952e-47	-2.28074	2.18594e-62	False	False
HLA-DQB1	1.40611	1.40611	4.29955e-16	3.01845e-15	1.47677	6.59401e-15	False	True
SLC25A15	-1.40573	1.40573	3.8163e-42	1.61916e-40	-1.71438	1.99848e-33	False	True
HLA-B	1.40501	1.40501	8.11474e-38	2.69823e-36	1.73269	8.54526e-43	False	True
RGS17	-1.40393	1.40393	1.20344e-48	7.37816e-47	-2.36374	2.14116e-50	False	True
TFCP2L1	-1.40124	1.40124	4.89091e-13	2.70026e-12	-1.32496	5.53765e-07	False	True
AR	-1.40038	1.40038	2.19919e-26	3.36195e-25	-1.84765	7.96119e-28	False	True
NXN	1.39872	1.39872	2.22068e-45	1.14556e-43	1.58011	1.49887e-44	False	True
HCP5	1.39735	1.39735	5.89701e-33	1.45377e-31	1.67647	3.38877e-34	False	True
SCD	1.39734	1.39734	5.25538e-31	1.123e-29	1.6512	1.78227e-31	False	False
MFGE8	1.39644	1.39644	1.50104e-39	5.59784e-38	1.48305	1.26358e-37	False	True
MXRA5	1.39502	1.39502	3.68607e-31	7.96382e-30	1.73889	3.7218e-37	False	True
TFAP2C	1.39473	1.39473	8.7056e-63	1.25855e-60	1.71024	2.49244e-50	False	True
AHR	1.39235	1.39235	1.43408e-64	2.26933e-62	1.64046	4.46304e-72	False	True
ANGPTL4	1.39037	1.39037	5.10724e-29	9.40342e-28	1.70218	3.65897e-30	False	False
SERPINF1	1.38867	1.38867	7.23319e-19	6.44112e-18	1.73903	1.61124e-21	False	True
CCL19	1.38665	1.38665	5.49692e-11	2.51736e-10	4.23294	4.78869e-34	False	True
CDH22	1.38058	1.38058	3.28025e-26	4.95635e-25	2.42649	1.17523e-32	False	False
LRP1B	-1.38048	1.38048	2.24897e-13	1.27718e-12	-1.50426	8.19092e-05	False	False
SLC35F2	1.37986	1.37986	6.25011e-82	2.36093e-79	1.65183	8.10615e-112	False	True
DUSP6	1.37842	1.37842	4.24537e-45	2.14281e-43	1.52145	5.61111e-50	False	False
FAP	1.37284	1.37284	1.04545e-19	9.88875e-19	2.81118	5.41577e-39	False	True
PRKG1	-1.37233	1.37233	2.0109e-30	4.13117e-29	-1.56277	4.91245e-25	False	True
CXCL8	1.37138	1.37138	1.12109e-18	9.78237e-18	2.07442	7.27016e-21	False	True
DRAM1	1.37135	1.37135	1.51296e-51	1.06088e-49	1.76755	2.63193e-64	False	True
IKZF3	1.37114	1.37114	4.96701e-26	7.41884e-25	1.5317	2.8556e-26	False	True
C1QL1	1.36886	1.36886	8.3178e-18	6.76399e-17	3.21065	5.90198e-44	False	True
TRAC	1.36864	1.36864	6.28363e-19	5.64707e-18	2.01441	1.21967e-24	False	True
KLK6	1.36778	1.36778	4.01714e-18	3.34096e-17	6.97973	2.83556e-94	False	False
TSC22D1	1.36687	1.36687	6.54238e-25	8.86705e-24	1.61389	1.0311e-31	False	True
CD1A	1.36577	1.36577	6.32303e-14	3.76808e-13	2.80676	2.42565e-19	False	True
FLRT1	-1.36565	1.36565	3.70189e-30	7.4483e-29	-2.3953	2.18906e-20	False	False
FCGBP	-1.36516	1.36516	3.26322e-26	4.93698e-25	-1.50618	2.77736e-25	False	True
KCNK3	-1.36398	1.36398	7.54915e-19	6.71226e-18	-1.49246	3.08345e-13	False	False
SLC6A14	1.36302	1.36302	4.41537e-16	3.09604e-15	5.2656	4.05195e-67	False	False
CD74	1.36267	1.36267	1.04034e-26	1.62216e-25	1.5767	8.25829e-26	False	True
ALOX5AP	1.36252	1.36252	6.10615e-29	1.11723e-27	1.64603	3.09213e-26	False	True
SLIT1	-1.36177	1.36177	1.09427e-07	3.62486e-07	-1.25768	3.90771e-06	False	False
ATRNL1	-1.36053	1.36053	3.11209e-58	3.11475e-56	-3.47191	1.41218e-88	False	False
SELL	1.35637	1.35637	8.43237e-32	1.92107e-30	2.19181	1.32531e-48	False	True
DCLK1	1.35365	1.35365	3.86093e-26	5.80379e-25	2.14487	4.3364e-35	False	True
ETHE1	1.35052	1.35052	1.57884e-67	2.67945e-65	1.62741	6.10846e-64	False	True
IRS1	-1.3502	1.3502	1.26035e-29	2.43542e-28	-1.30762	3.05528e-22	False	True
GRIK4	-1.34586	1.34586	8.71649e-23	1.02686e-21	-2.1414	6.14446e-21	False	True
TMEM176B	1.34332	1.34332	1.10767e-19	1.04603e-18	1.37742	1.22729e-15	False	True
LCP1	1.34315	1.34315	1.66943e-19	1.57146e-18	1.38606	1.60304e-15	False	True
IL7R	1.34118	1.34118	2.72219e-16	1.96286e-15	2.06861	1.17947e-22	False	True
LRRC15	1.33893	1.33893	1.68405e-08	6.06777e-08	3.4196	3.21963e-19	False	False
AMOT	1.33772	1.33772	2.72756e-56	2.4569e-54	1.68335	1.36148e-66	False	True
ITGA3	1.33524	1.33524	9.92681e-71	2.03935e-68	1.58949	7.00558e-75	False	True
GNAS	-1.33509	1.33509	2.30654e-71	5.09616e-69	-1.64322	1.40327e-84	False	True
CST2	1.33325	1.33325	1.94455e-14	1.2125e-13	5.94753	5.28072e-66	False	False
GDF15	1.33015	1.33015	4.22275e-11	1.95525e-10	1.47211	9.4761e-13	False	False
EDA	-1.32788	1.32788	1.88682e-20	1.89329e-19	-1.47365	2.00938e-13	False	True
DIRAS2	-1.32709	1.32709	2.54152e-45	1.29933e-43	-2.10502	2.3336e-23	False	False
CDO1	1.32511	1.32511	4.10579e-15	2.69349e-14	1.8235	1.62506e-17	False	False
QPCT	1.325	1.325	1.62489e-17	1.29615e-16	1.00639	3.05566e-10	False	True
HLA-DRB6	1.32359	1.32359	1.37539e-16	1.01104e-15	1.80367	2.04126e-20	False	True
SLC24A3	-1.32189	1.32189	1.33063e-37	4.31624e-36	-1.73691	2.63879e-23	False	True
FBLN1	1.32092	1.32092	5.53193e-10	2.32599e-09	1.87232	4.91826e-15	False	True
IL2RB	1.32035	1.32035	5.86357e-24	7.51002e-23	1.61686	1.07128e-21	False	True
BRINP2	1.31601	1.31601	3.63541e-31	7.88345e-30	4.92705	1.51648e-101	False	False
ADCY7	1.31075	1.31075	2.85281e-33	7.16875e-32	2.05575	5.85235e-42	False	True
SEMA3C	1.31028	1.31028	1.00726e-20	1.02566e-19	2.46047	3.77284e-36	False	False
TMEM59L	1.30911	1.30911	1.85326e-12	9.74042e-12	2.80901	3.85053e-25	False	False
PTAFR	1.30865	1.30865	3.4992e-34	9.35517e-33	1.73621	4.8562e-38	False	False
HPCAL4	1.30768	1.30768	8.17725e-10	3.36812e-09	1.9733	4.16558e-16	False	True
PAIP2B	-1.30595	1.30595	7.82991e-55	6.54916e-53	-1.86488	7.03514e-70	False	True
GATA3	1.30541	1.30541	1.31549e-37	4.27898e-36	1.56247	1.51271e-32	False	True
CH25H	1.30518	1.30518	9.75671e-18	7.90665e-17	2.3416	8.84631e-28	False	True
RIN1	1.30291	1.30291	7.14896e-49	4.45289e-47	1.79247	2.91139e-52	False	False
PERP	1.30249	1.30249	1.77498e-54	1.42363e-52	1.57709	4.43714e-59	False	True
TSPAN1	1.30221	1.30221	8.71839e-16	6.01049e-15	1.27273	2.62508e-13	False	True
SLC6A12	1.30213	1.30213	1.28739e-53	9.98368e-52	1.61654	1.01944e-56	False	True
ENO3	-1.30025	1.30025	8.07813e-26	1.17802e-24	-2.11754	4.59486e-36	False	True
GSTM3	-1.30016	1.30016	7.08446e-36	2.0844e-34	-1.38429	5.54108e-27	False	True
ANXA2P2	1.29843	1.29843	8.22299e-61	1.02437e-58	1.89311	5.21951e-64	False	True
NCF2	1.29765	1.29765	1.92683e-26	2.95329e-25	1.62865	1.77263e-24	False	True
SLC16A2	-1.29597	1.29597	6.08693e-30	1.20703e-28	-1.5104	2.70565e-31	False	False
UGT8	-1.29519	1.29519	3.70181e-32	8.58379e-31	-1.64322	9.05317e-26	False	True
PTPRF	1.29492	1.29492	4.53045e-79	1.51576e-76	1.46134	1.07803e-101	False	True
UPP1	1.29438	1.29438	5.96796e-34	1.56692e-32	1.43053	3.00316e-30	False	True
ENTPD2	1.2918	1.2918	9.22229e-15	5.91419e-14	2.85241	9.30088e-35	False	True
PLP1	-1.28945	1.28945	6.67303e-25	9.03366e-24	-3.98906	2.0816e-31	False	False
PAPPA	1.28866	1.28866	2.03224e-28	3.57858e-27	1.76633	4.92214e-23	False	False
F5	1.28833	1.28833	5.17187e-13	2.84331e-12	2.5946	3.68217e-26	False	True
ARL4C	1.28603	1.28603	1.74087e-26	2.6788e-25	1.64973	6.48764e-25	False	True
AJAP1	1.28541	1.28541	1.36453e-22	1.58834e-21	2.3133	9.20027e-39	False	True
QSOX1	1.28289	1.28289	2.03188e-53	1.54502e-51	1.58292	2.92601e-64	False	True
LIF	1.28214	1.28214	6.54835e-33	1.60421e-31	1.70105	9.9004e-34	False	True
TMC6	1.28103	1.28103	2.99704e-31	6.54764e-30	1.24234	6.9596e-30	False	True
FAM189A1	-1.27691	1.27691	3.40759e-17	2.61144e-16	-1.49924	1.36914e-08	False	True
SSPN	1.27477	1.27477	4.49644e-40	1.71509e-38	1.3724	9.20058e-41	False	True
COL8A1	1.27374	1.27374	8.60473e-50	5.66075e-48	1.46503	2.01583e-58	False	True
CIITA	1.2716	1.2716	1.13278e-21	1.23394e-20	1.61756	1.52777e-23	False	True
CDC42EP3	1.27145	1.27145	1.21283e-27	1.9919e-26	1.61511	2.38336e-32	False	True
GALNT10	-1.27089	1.27089	1.13911e-58	1.20171e-56	-1.44519	1.06911e-59	False	True
MMP9	1.27022	1.27022	2.80692e-10	1.20311e-09	1.14531	2.45034e-06	False	False
SCGB2A1	-1.26982	1.26982	2.00766e-71	4.52109e-69	-2.41087	5.4431e-40	False	False
TCF7	1.26951	1.26951	1.16226e-32	2.79674e-31	1.28563	7.73114e-28	False	False
MMP15	-1.26835	1.26835	3.49424e-53	2.58972e-51	-1.23451	9.96403e-40	False	True
MAPT	-1.2673	1.2673	3.12374e-53	2.32988e-51	-2.53831	1.25112e-82	False	False
MLXIPL	1.26685	1.26685	5.39644e-23	6.50796e-22	1.56147	6.61247e-23	False	False
MDFIC	1.26582	1.26582	5.24557e-77	1.53564e-74	1.48951	1.21605e-91	False	True
TCF7L1	-1.26488	1.26488	6.39624e-28	1.08237e-26	-1.31497	9.57746e-22	False	True
FAM107A	-1.26453	1.26453	3.82301e-22	4.32118e-21	-1.54628	4.31844e-27	False	False
CCL17	1.26331	1.26331	1.31657e-14	8.32007e-14	4.03759	1.93281e-46	False	False
COL7A1	1.26096	1.26096	2.12397e-14	1.31875e-13	1.72901	1.95338e-14	False	True
LAD1	1.26065	1.26065	6.01723e-33	1.48029e-31	1.45025	5.28166e-35	False	True
INF2	1.2596	1.2596	1.59754e-47	9.06379e-46	1.52824	1.22985e-58	False	False
GGCT	1.25697	1.25697	2.52776e-38	8.79552e-37	1.52054	8.15494e-44	False	True
EMP3	1.2563	1.2563	3.79491e-39	1.37156e-37	1.39059	1.3357e-33	False	True
ALDH1A1	-1.25164	1.25164	1.77756e-17	1.40738e-16	-1.173	7.18262e-16	False	True
MZB1	1.25069	1.25069	7.90668e-07	2.38197e-06	3.50936	3.33935e-20	False	True
PDE7B	-1.25009	1.25009	1.26847e-20	1.28271e-19	-1.27666	7.59015e-14	False	True
CD1C	1.24781	1.24781	2.81472e-20	2.79088e-19	2.49086	1.49653e-27	False	True
SNCG	1.24772	1.24772	4.13682e-18	3.43318e-17	2.0895	2.73375e-29	False	True
KCNA2	-1.2475	1.2475	6.26984e-28	1.06252e-26	-2.50159	3.95713e-20	False	False
SLC6A6	1.24602	1.24602	1.68518e-45	8.7316e-44	1.46458	8.37245e-58	False	True
ZNF430	1.24534	1.24534	5.07658e-51	3.49686e-49	1.50034	2.75884e-70	False	True
LY6G6C	1.245	1.245	2.92593e-33	7.33676e-32	4.47468	5.95132e-112	False	False
HLA-DPB1	1.24496	1.24496	7.45417e-20	7.14307e-19	1.47869	1.37818e-19	False	True
IL18	1.24077	1.24077	7.47096e-19	6.6478e-18	1.58197	5.82296e-19	False	True
CADM3	1.23873	1.23873	2.41595e-12	1.25513e-11	2.62125	1.56001e-18	False	False
SULT1A1	-1.2377	1.2377	5.42265e-35	1.51912e-33	-1.38423	5.19749e-33	False	True
FOSL2	1.23724	1.23724	1.32479e-39	4.95631e-38	1.50814	7.4301e-41	False	True
GRAMD1B	-1.23669	1.23669	1.36814e-34	3.70854e-33	-1.45639	7.36766e-35	False	True
COBL	1.23647	1.23647	3.45697e-38	1.19414e-36	1.12973	5.71658e-26	False	False
NR2F1	1.23294	1.23294	7.39301e-22	8.16718e-21	1.62768	2.63993e-26	False	True
PSMB9	1.23293	1.23293	2.88962e-25	4.02348e-24	1.52464	4.74498e-25	False	True
CORO1A	1.23289	1.23289	2.88884e-24	3.77128e-23	1.57005	4.18645e-27	False	True
PDGFRA	1.23189	1.23189	6.36919e-16	4.4342e-15	1.86603	2.30519e-19	False	False
SERPING1	1.2309	1.2309	2.37584e-31	5.20994e-30	1.20883	4.61406e-26	False	True
APBA2	-1.22999	1.22999	1.26387e-31	2.82981e-30	-1.48204	2.72154e-19	False	False
PRSS22	1.2285	1.2285	4.36906e-48	2.58392e-46	1.51312	2.83685e-47	False	True
UST	-1.22828	1.22828	1.59705e-34	4.31904e-33	-1.34925	4.58282e-38	False	True
ETNPPL	-1.22769	1.22769	1.63425e-75	4.16022e-73	-4.04471	3.15247e-40	False	False
ME1	-1.22701	1.22701	1.23207e-43	5.61383e-42	-1.62156	1.12337e-47	False	True
MTMR11	1.22699	1.22699	4.61895e-45	2.28219e-43	1.54413	1.04883e-51	False	True
TAGLN2	1.22667	1.22667	9.57293e-88	5.27578e-85	1.3512	8.03266e-70	False	True
PTPRC	1.22617	1.22617	1.00791e-15	6.91023e-15	1.87341	1.61356e-24	False	True
SYNE1	-1.226	1.226	4.21162e-24	5.4435e-23	-1.2681	6.92689e-19	False	True
TMSB10	1.22367	1.22367	3.35632e-40	1.29285e-38	1.35314	1.10342e-31	False	True
HMGA2	1.2232	1.2232	3.28482e-11	1.53861e-10	1.07384	2.42131e-08	False	False
RAB11FIP1	1.22271	1.22271	9.00829e-18	7.31026e-17	1.49081	1.37217e-22	False	True
BIRC7	1.2221	1.2221	5.22399e-09	1.99001e-08	2.78242	4.06546e-19	False	False
IL18R1	1.22102	1.22102	2.70861e-17	2.1061e-16	1.97441	6.67065e-24	False	False
KCTD12	1.2168	1.2168	4.16109e-46	2.20482e-44	1.46233	5.57037e-47	False	True
TMEM176A	1.2156	1.2156	4.15617e-17	3.16236e-16	1.2938	3.87624e-13	False	True
BHLHE41	1.21466	1.21466	8.14728e-33	1.9876e-31	1.25571	8.56375e-33	False	True
SLC15A2	-1.2144	1.2144	3.51047e-31	7.62663e-30	-1.47337	5.25908e-32	False	False
ATP2C2	-1.21207	1.21207	3.77458e-21	3.97485e-20	-1.55246	9.64637e-13	False	True
MAP2	1.21187	1.21187	1.02255e-51	7.25701e-50	1.39524	2.55657e-61	False	True
CD177	1.21101	1.21101	1.07243e-08	3.95102e-08	6.20913	2.66219e-54	False	False
ITGBL1	1.21081	1.21081	4.83641e-17	3.65619e-16	2.37476	5.08513e-26	False	True
NRP2	1.20989	1.20989	7.90198e-26	1.15377e-24	1.5116	2.03855e-32	False	True
ACKR1	1.20964	1.20964	1.66051e-18	1.4266e-17	1.49757	2.60816e-15	False	True
CDC42EP1	1.20803	1.20803	2.69908e-62	3.85441e-60	1.44485	1.63104e-68	False	True
KLF15	-1.2079	1.2079	8.88668e-33	2.15006e-31	-1.5969	7.93416e-28	False	True
ASAP2	1.20595	1.20595	2.51203e-18	2.11777e-17	1.44438	1.00952e-25	False	True
FBN2	1.20401	1.20401	8.91672e-16	6.14205e-15	1.77736	3.58924e-20	False	True
MAFF	1.20373	1.20373	4.24127e-37	1.33509e-35	1.42046	1.5819e-32	False	True
SNAP25	1.20314	1.20314	2.70156e-33	6.81794e-32	1.78471	3.59591e-30	False	False
SDF2L1	-1.20295	1.20295	9.50867e-31	1.99904e-29	-1.34758	5.9117e-26	False	True
SFTPC	-1.20056	1.20056	2.2684e-61	2.98461e-59	-2.48681	2.01966e-16	False	False
SPN	1.19939	1.19939	6.07793e-24	7.76993e-23	1.71266	7.84432e-28	False	True
GLDC	-1.19926	1.19926	3.81812e-13	2.12905e-12	-1.91287	6.51636e-09	False	False
TIPARP	1.19912	1.19912	2.0585e-32	4.8501e-31	1.46636	2.70188e-42	False	True
PKP1	1.19883	1.19883	3.44979e-23	4.20365e-22	2.37398	1.32698e-32	False	False
PEG10	1.19751	1.19751	2.5744e-19	2.37372e-18	1.24023	1.19906e-14	False	True
SLC2A4	-1.19495	1.19495	6.77741e-38	2.28713e-36	-2.02312	1.8155e-41	False	False
CCDC88C	1.1937	1.1937	1.37909e-25	1.95748e-24	1.54552	1.63938e-32	False	True
HPSE	1.19341	1.19341	1.04682e-42	4.50673e-41	1.85507	2.11857e-54	False	True
CD79A	1.18988	1.18988	1.94774e-06	5.59844e-06	3.49944	3.50683e-21	False	False
NBEA	-1.18819	1.18819	1.6953e-30	3.49506e-29	-1.64266	3.02127e-43	False	False
ESM1	-1.18773	1.18773	2.54663e-13	1.44133e-12	-1.37929	8.26913e-12	False	True
BCAS4	1.18769	1.18769	1.31734e-68	2.44858e-66	1.37268	7.20842e-63	False	True
AFF2	1.18142	1.18142	3.17827e-19	2.90989e-18	2.15262	1.50641e-35	False	False
LRRC2	-1.18018	1.18018	7.16191e-28	1.20418e-26	-1.1905	1.8047e-22	False	True
RGS16	-1.17838	1.17838	1.59119e-24	2.10302e-23	-1.33697	5.75735e-21	False	True
MYRF	1.17808	1.17808	8.59686e-10	3.52978e-09	2.95096	8.11467e-29	False	True
LSP1	1.17659	1.17659	1.19947e-19	1.13181e-18	1.29222	1.20477e-14	False	True
INPP5J	-1.17625	1.17625	6.9127e-20	6.65688e-19	-1.16015	2.54461e-18	False	False
CD53	1.17484	1.17484	4.55552e-18	3.76997e-17	1.30403	4.79877e-14	False	True
ZNF536	-1.17381	1.17381	4.05502e-34	1.07919e-32	-3.08883	3.13627e-21	False	False
EMILIN1	1.17289	1.17289	1.28849e-16	9.48945e-16	1.58202	1.04218e-20	False	True
ADM2	-1.17215	1.17215	5.76339e-17	4.34574e-16	-1.39423	2.35817e-15	False	True
MPZL2	1.17207	1.17207	1.10199e-35	3.21803e-34	1.2783	1.72418e-39	False	True
TRIM36	-1.17186	1.17186	3.93622e-11	1.82619e-10	-1.98554	3.66719e-13	False	False
TTLL7	-1.17087	1.17087	7.09373e-45	3.47563e-43	-1.65118	9.20058e-41	False	False
THEMIS2	1.17073	1.17073	2.50925e-48	1.50684e-46	1.19769	1.06721e-36	False	True
CSF2RB	1.16874	1.16874	4.92919e-22	5.50771e-21	1.65583	1.10106e-24	False	True
IGLV6-57	1.16783	1.16783	8.64685e-07	2.58963e-06	4.37264	9.50516e-25	False	False
PIK3CD	1.16541	1.16541	4.90642e-37	1.53621e-35	1.34645	1.04457e-33	False	True
MMP14	1.16506	1.16506	1.02137e-33	2.62862e-32	1.49068	5.45984e-42	False	False
FCER1A	1.1644	1.1644	1.07811e-18	9.42137e-18	1.95708	2.11556e-21	False	True
GOLGA8N	-1.1644	1.1644	1.06191e-55	9.14332e-54	-1.72076	7.32643e-51	False	True
CDK5RAP2	1.16386	1.16386	8.47995e-26	1.23508e-24	1.63768	2.12321e-41	False	False
NABP1	1.16341	1.16341	1.98138e-26	3.03294e-25	1.56988	4.16613e-27	False	True
RCAN2	-1.16112	1.16112	1.51899e-30	3.1538e-29	-1.45955	9.56516e-36	False	True
COL5A1	1.1584	1.1584	2.03288e-09	8.04498e-09	2.03821	1.28777e-18	False	True
DHRS9	1.15565	1.15565	5.4953e-20	5.34913e-19	2.74466	3.68223e-31	False	True
TP63	1.15508	1.15508	1.13245e-14	7.20708e-14	3.11588	3.37907e-40	False	True
CHGB	1.15473	1.15473	5.00293e-07	1.54129e-06	2.53715	1.55172e-16	False	True
FLNA	1.15348	1.15348	1.19038e-58	1.24459e-56	1.3074	3.63399e-57	False	True
ETNK2	1.15102	1.15102	1.70665e-33	4.33512e-32	1.52023	2.16881e-48	False	True
CD1E	1.15099	1.15099	3.74905e-18	3.12911e-17	2.6837	2.93973e-28	False	False
RND1	-1.14523	1.14523	4.38499e-30	8.77747e-29	-1.39994	7.10001e-22	False	True
RBP1	1.14497	1.14497	1.1079e-20	1.12422e-19	1.29861	1.24315e-16	False	True
SUSD5	-1.14444	1.14444	6.89663e-26	1.01841e-24	-1.54313	3.76629e-25	False	False
CLIC5	1.14307	1.14307	1.01819e-13	5.97047e-13	1.64348	2.97823e-19	False	True
EREG	1.14274	1.14274	2.20789e-15	1.47235e-14	6.75617	1.31792e-93	False	False
GNAI1	-1.13989	1.13989	1.33321e-41	5.51656e-40	-1.50202	3.53834e-50	False	True
IFIT5	1.13914	1.13914	2.68352e-61	3.49156e-59	1.30031	1.02785e-55	False	True
DEPTOR	-1.13738	1.13738	1.43162e-18	1.23721e-17	-1.11564	1.87652e-13	False	True
PRELP	1.13691	1.13691	3.32093e-10	1.41824e-09	1.41778	4.49097e-12	False	False
NPTXR	1.13609	1.13609	4.78631e-42	2.0161e-40	1.34914	9.5647e-45	False	False
CD2	1.13551	1.13551	4.78673e-16	3.34842e-15	1.85384	1.7038e-22	False	True
ACSL5	1.13541	1.13541	1.15742e-25	1.65084e-24	1.51797	9.38404e-33	False	True
KHDRBS2	-1.13461	1.13461	2.14755e-21	2.29451e-20	-1.69379	1.84908e-15	False	False
IFIT3	1.13454	1.13454	1.67337e-26	2.58171e-25	1.54732	6.27678e-31	False	True
COL6A3	1.13426	1.13426	6.39582e-10	2.67291e-09	1.95177	1.5118e-19	False	True
MYH10	1.13289	1.13289	2.09751e-44	1.00663e-42	1.35071	2.71273e-49	False	True
ENDOD1	1.13141	1.13141	7.50047e-48	4.39152e-46	1.32404	3.43592e-54	False	True
ARHGAP22	-1.13132	1.13132	2.46142e-56	2.23436e-54	-1.41137	5.4139e-56	False	True
EMP2	1.12975	1.12975	2.43068e-57	2.27706e-55	1.2927	8.58093e-54	False	True
FBLN2	1.12785	1.12785	4.48234e-17	3.3995e-16	1.3423	1.65831e-18	False	True
LLGL1	1.12726	1.12726	7.98764e-76	2.17524e-73	1.42311	1.28586e-122	False	False
SUSD4	1.12686	1.12686	1.04178e-25	1.49684e-24	1.58357	1.3237e-32	False	True
SERGEF	-1.12558	1.12558	1.73495e-29	3.30884e-28	-1.42992	1.27885e-33	False	False
CLDN1	1.12553	1.12553	2.46873e-15	1.64068e-14	1.19709	6.2998e-20	False	True
PSAT1	-1.12367	1.12367	7.99769e-12	3.95996e-11	-1.38314	6.78513e-09	False	True
IGHD	1.1234	1.1234	4.46811e-07	1.38307e-06	3.14824	2.52526e-16	False	False
VGLL1	1.12138	1.12138	2.75608e-21	2.92865e-20	5.60936	1.41834e-79	False	False
ANPEP	1.11815	1.11815	2.01061e-18	1.71356e-17	1.64968	5.77678e-24	False	True
BHLHE40	1.11742	1.11742	4.76997e-25	6.52527e-24	1.26325	6.32004e-24	False	True
PREX2	-1.11741	1.11741	2.8297e-24	3.6982e-23	-1.49013	1.31339e-30	False	False
MT1X	-1.11669	1.11669	2.48991e-16	1.80203e-15	-1.4018	4.0606e-18	False	True
MNDA	1.11602	1.11602	3.1395e-26	4.76211e-25	1.49073	2.57934e-25	False	True
HDAC9	-1.11562	1.11562	4.92677e-24	6.32593e-23	-1.42115	1.59706e-28	False	False
MBOAT2	1.11559	1.11559	1.30496e-50	8.83303e-49	1.32256	7.86047e-55	False	True
HYOU1	-1.11339	1.11339	1.70964e-24	2.25195e-23	-1.34142	1.23168e-32	False	True
HCK	1.11247	1.11247	5.62494e-20	5.46623e-19	1.43643	2.3788e-19	False	True
ELF4	1.11213	1.11213	1.29352e-48	7.8891e-47	1.35823	3.36812e-51	False	False
CCL2	1.11064	1.11064	6.66943e-14	3.96241e-13	1.51089	1.39641e-15	False	True
CACNB2	-1.10846	1.10846	2.06928e-61	2.75356e-59	-1.82562	8.4502e-64	False	True
CYBB	1.10787	1.10787	6.80194e-16	4.72424e-15	1.39335	1.91672e-17	False	True
COL11A2	-1.10786	1.10786	2.62186e-10	1.1282e-09	-1.01151	0.000256154	False	False
ADAM12	1.10675	1.10675	7.55597e-10	3.12541e-09	2.91542	7.70773e-28	False	True
NOTCH2	1.10663	1.10663	1.16697e-37	3.83853e-36	1.24631	2.30562e-43	False	True
GPER1	-1.10557	1.10557	5.96887e-29	1.09383e-27	-1.20021	7.03395e-23	False	True
MVP	1.10512	1.10512	2.11374e-53	1.5969e-51	1.26443	1.78012e-49	False	True
DAPK1	1.10478	1.10478	2.18839e-25	3.07267e-24	1.12811	6.61278e-21	False	False
ZYX	1.10442	1.10442	6.68268e-68	1.1508e-65	1.25326	2.98233e-62	False	True
LTBP1	1.1037	1.1037	9.22688e-13	4.96538e-12	1.59386	3.96077e-18	False	True
AHNAK	1.10254	1.10254	7.27897e-50	4.81563e-48	1.26662	2.8735e-58	False	True
LOXL1	1.10254	1.10254	1.48646e-24	1.97352e-23	1.53961	2.49586e-28	False	True
DHRS3	1.09878	1.09878	4.72731e-27	7.5111e-26	1.06508	3.93075e-21	False	True
SLC30A3	1.09805	1.09805	1.09066e-06	3.22678e-06	2.69953	3.03639e-17	False	False
GATM	-1.09626	1.09626	7.01486e-15	4.54793e-14	-1.15603	1.2341e-13	False	True
SLAMF7	1.09559	1.09559	4.94212e-09	1.88816e-08	2.40162	2.61822e-19	False	True
ADCY1	-1.09432	1.09432	2.82274e-25	3.93504e-24	-1.30383	2.80937e-24	False	True
MT1M	-1.08995	1.08995	5.26486e-20	5.13763e-19	-1.46318	1.61505e-11	False	True
TMSB4X	1.0898	1.0898	1.08908e-29	2.11846e-28	1.2441	1.44703e-29	False	True
STAT4	1.0891	1.0891	1.54713e-28	2.76172e-27	1.77991	1.92176e-30	False	True
CCL20	1.08876	1.08876	6.47207e-19	5.80306e-18	3.48128	1.98284e-42	False	False
CD27	-1.08811	1.08811	5.59396e-16	3.89912e-15	-2.11675	1.00234e-22	False	False
CRISPLD2	1.08711	1.08711	6.61691e-19	5.92386e-18	1.48136	1.08062e-22	False	False
TMPRSS2	1.0871	1.0871	1.56948e-10	6.88078e-10	1.16327	4.38538e-09	False	True
PRMT8	1.08586	1.08586	1.3685e-06	4.0093e-06	3.31193	1.01107e-21	False	False
MFAP5	1.08564	1.08564	4.8595e-08	1.67268e-07	2.51539	1.00954e-15	False	False
NUDT11	1.08445	1.08445	1.41533e-12	7.50613e-12	1.64849	7.2232e-14	False	True
APOL6	1.08333	1.08333	6.98649e-42	2.93232e-40	1.31012	1.34089e-46	False	True
FAXDC2	-1.08285	1.08285	7.05654e-31	1.49967e-29	-1.16966	8.75609e-28	False	True
SNAP91	-1.082	1.082	6.64344e-55	5.60808e-53	-3.11247	2.34874e-39	False	False
CTSK	1.08145	1.08145	2.10849e-14	1.30984e-13	1.20914	1.12712e-11	False	True
RIMS2	1.07945	1.07945	2.28084e-17	1.78773e-16	1.4122	1.8925e-17	False	False
IL22RA1	-1.0792	1.0792	7.38872e-29	1.33935e-27	-1.81775	2.02364e-37	False	True
B2M	1.07894	1.07894	4.24807e-25	5.84547e-24	1.32641	8.32329e-28	False	True
CORO2B	-1.0787	1.0787	1.38893e-24	1.84823e-23	-1.39045	1.18244e-20	False	False
IFIT2	1.07721	1.07721	8.77235e-26	1.27449e-24	1.55539	7.1815e-33	False	True
SRPX2	1.07711	1.07711	2.74787e-16	1.97894e-15	2.40027	7.15859e-32	False	True
BMP4	1.07598	1.07598	6.50188e-13	3.54456e-12	1.99824	5.93729e-25	False	False
SYN1	1.07492	1.07492	1.55743e-27	2.5507e-26	2.69675	2.14848e-54	False	False
CD3E	1.07475	1.07475	1.63656e-13	9.44509e-13	1.82385	7.67565e-21	False	True
LTBP2	1.0739	1.0739	7.16389e-35	1.98319e-33	1.07185	2.67487e-32	False	True
EGLN3	1.07171	1.07171	6.84591e-18	5.60991e-17	1.60227	9.77633e-17	False	True
TAP1	1.07153	1.07153	6.51938e-23	7.81391e-22	1.40322	5.1736e-27	False	True
CXCL10	1.07052	1.07052	2.85558e-10	1.22352e-09	2.03352	1.46242e-15	False	True
KCTD17	1.07048	1.07048	4.24937e-35	1.20193e-33	1.24309	4.31659e-31	False	True
COL4A5	-1.07029	1.07029	4.35864e-24	5.61492e-23	-1.18298	9.5746e-26	False	True
HLA-C	1.06946	1.06946	9.47207e-28	1.57108e-26	1.37802	2.88119e-33	False	True
BCL2	-1.06846	1.06846	1.87324e-24	2.46467e-23	-1.16607	2.08926e-23	False	True
IL2RG	1.06835	1.06835	1.56869e-15	1.05814e-14	1.68427	1.62322e-15	False	True
TIAM1	1.06787	1.06787	1.16926e-12	6.24922e-12	1.24248	2.35892e-15	False	True
PODNL1	1.06725	1.06725	2.05782e-16	1.49764e-15	3.39334	8.53365e-48	False	False
VCAM1	1.06665	1.06665	2.83019e-16	2.03323e-15	1.3974	4.51333e-16	False	True
SGMS1	1.06607	1.06607	9.53655e-50	6.20405e-48	1.27407	2.42293e-56	False	True
PRKACB	-1.06472	1.06472	1.06966e-44	5.17591e-43	-1.31266	2.68541e-58	False	True
VAMP1	-1.06405	1.06405	9.50083e-31	1.99904e-29	-1.32362	4.82247e-39	False	False
IGSF6	1.06263	1.06263	8.64749e-22	9.49926e-21	1.41665	3.39352e-21	False	True
ASXL3	-1.06119	1.06119	4.66219e-22	5.22433e-21	-1.97696	2.94669e-12	False	False
SLC17A9	1.06042	1.06042	1.02393e-21	1.12162e-20	1.37911	3.50224e-20	False	True
FPR3	1.05708	1.05708	1.49231e-16	1.09424e-15	1.59076	1.4199e-20	False	True
STMN2	1.05579	1.05579	2.00014e-18	1.70587e-17	3.28384	1.51884e-29	False	False
COL1A2	1.05399	1.05399	1.36015e-07	4.46143e-07	1.88189	2.5449e-15	False	True
LTBP3	1.05394	1.05394	2.25696e-53	1.69417e-51	1.21855	2.87382e-63	False	True
DAPK2	1.0539	1.0539	4.77734e-29	8.80986e-28	1.01617	5.08207e-24	False	True
SDC3	1.0534	1.0534	5.01056e-37	1.56463e-35	1.2234	2.27312e-40	False	True
CDKN2B	1.05268	1.05268	3.64448e-18	3.04617e-17	1.66024	9.46628e-28	False	False
ITGAM	1.05171	1.05171	1.81873e-19	1.70379e-18	1.34781	1.43091e-19	False	True
NUCB2	-1.04988	1.04988	6.07783e-61	7.65284e-59	-1.22294	4.68945e-65	False	False
ST8SIA4	1.04988	1.04988	1.27573e-23	1.59262e-22	1.38078	2.5858e-27	False	True
MGAT4C	1.04769	1.04769	1.62389e-21	1.75099e-20	1.10447	1.64818e-22	False	True
ITGAX	1.04668	1.04668	6.74665e-14	4.00422e-13	1.02825	6.29607e-09	False	True
TRIM22	1.04642	1.04642	7.96882e-19	7.05862e-18	1.18629	1.34323e-19	False	True
FCGR2A	1.04466	1.04466	2.96222e-21	3.13915e-20	1.33323	8.39229e-21	False	True
NPPC	-1.04408	1.04408	9.85688e-55	8.07161e-53	-3.45931	1.95025e-47	False	False
SHANK2	-1.04317	1.04317	1.24427e-18	1.08169e-17	-1.09321	5.66132e-14	False	True
HMGA1	1.04287	1.04287	4.44505e-42	1.87912e-40	1.15811	1.22214e-38	False	True
SCN4A	-1.04266	1.04266	1.94567e-14	1.21255e-13	-1.23777	2.76205e-14	False	False
DOK2	1.04146	1.04146	2.72544e-22	3.11415e-21	1.54218	3.92193e-22	False	True
PDZRN3	1.04109	1.04109	2.9202e-21	3.09743e-20	2.14474	9.43149e-33	False	True
MME	1.04062	1.04062	3.90639e-14	2.37014e-13	3.14449	1.76937e-37	False	False
PC	1.03911	1.03911	4.38794e-29	8.11734e-28	1.19655	8.8035e-32	False	True
PSG1	1.03853	1.03853	1.97528e-11	9.42564e-11	3.54617	1.53032e-30	False	False
EMP1	1.03781	1.03781	1.57502e-28	2.80722e-27	1.18482	2.49589e-27	False	True
ETV7	1.03707	1.03707	3.75605e-19	3.42549e-18	1.8219	2.0299e-25	False	True
S100A9	1.03679	1.03679	3.69758e-13	2.06775e-12	1.2308	1.20097e-09	False	True
MAOB	-1.03657	1.03657	1.20132e-15	8.16451e-15	-1.9718	4.52789e-28	False	True
VIPR1	-1.03573	1.03573	1.85748e-19	1.73731e-18	-1.55068	1.17491e-17	False	False
NPR3	-1.03493	1.03493	2.66142e-08	9.36798e-08	-1.12142	1.72325e-06	False	False
AQP3	1.03442	1.03442	6.4713e-21	6.66482e-20	1.84286	7.73876e-24	False	False
GLP1R	1.0343	1.0343	4.79239e-08	1.65153e-07	3.09832	1.06825e-26	False	False
PTPRD	1.03382	1.03382	2.17268e-08	7.72378e-08	1.19133	1.43687e-07	False	True
CWH43	-1.03342	1.03342	1.3564e-10	5.98696e-10	-1.27729	1.48546e-05	False	True
EHBP1L1	1.03308	1.03308	2.45985e-47	1.35872e-45	1.16849	1.75683e-46	False	True
HNMT	1.03298	1.03298	3.83314e-26	5.76941e-25	1.2701	2.16786e-27	False	True
VLDLR	-1.03272	1.03272	2.17961e-21	2.32664e-20	-1.1658	1.35875e-18	False	True
HLA-F	1.03183	1.03183	6.74238e-22	7.49794e-21	1.30932	2.13051e-22	False	True
RHOBTB1	-1.03165	1.03165	4.02798e-36	1.20019e-34	-1.46148	2.46107e-46	False	True
GULP1	1.03002	1.03002	5.19563e-13	2.8537e-12	1.54115	1.55172e-16	False	True
GREM1	1.02948	1.02948	1.79732e-09	7.15142e-09	2.6744	7.50507e-21	False	True
TRPM3	-1.02913	1.02913	2.42446e-29	4.55706e-28	-2.62001	2.57701e-22	False	False
RARRES1	1.02583	1.02583	1.11197e-20	1.12737e-19	1.80165	7.12734e-23	False	True
ASPN	1.02388	1.02388	1.64459e-08	5.92924e-08	2.1267	2.12788e-19	False	True
CHI3L2	1.02311	1.02311	6.85832e-19	6.13529e-18	1.1896	2.5673e-17	False	True
EVI2B	1.02156	1.02156	3.82391e-16	2.70072e-15	1.36985	2.71563e-14	False	True
CFB	1.02148	1.02148	1.20174e-30	2.49954e-29	3.13426	2.01368e-51	False	False
WNT5A	1.02116	1.02116	3.47202e-29	6.5156e-28	1.10505	3.21145e-27	False	True
ALDH1L1	-1.02056	1.02056	1.40273e-21	1.51952e-20	-2.47732	1.71868e-32	False	False
EFCC1	-1.02028	1.02028	4.88515e-32	1.12387e-30	-1.49541	2.70083e-28	False	False
IGFBP3	-1.02008	1.02008	6.83383e-12	3.3995e-11	-1.36852	1.75468e-15	False	False
MMD	-1.0183	1.0183	1.27657e-38	4.54366e-37	-1.24329	3.038e-38	False	True
PRR15L	-1.0177	1.0177	6.94783e-14	4.12154e-13	-1.17237	5.08179e-15	False	True
SYNM	-1.01769	1.01769	2.4272e-25	3.39558e-24	-1.13787	6.36884e-22	False	True
OLR1	1.01763	1.01763	1.7309e-12	9.10959e-12	1.42341	3.46079e-13	False	True
PHEX	-1.01694	1.01694	1.94107e-05	5.00028e-05	-1.37417	1.11926e-06	False	False
ITGB7	1.0169	1.0169	4.00499e-17	3.05129e-16	1.62821	5.29979e-19	False	True
SLC1A1	-1.01667	1.01667	2.18054e-11	1.03797e-10	-1.35593	2.47252e-15	False	False
RET	1.01628	1.01628	1.82671e-13	1.04908e-12	2.82085	6.41019e-31	False	False
CDCP1	1.01628	1.01628	4.32466e-41	1.7584e-39	1.18085	3.88786e-42	False	True
PCDH9	1.0155	1.0155	2.84482e-15	1.88208e-14	1.58683	2.03682e-17	False	True
CETP	-1.01495	1.01495	5.8682e-24	7.51002e-23	-1.43635	8.55366e-20	False	True
NCKAP1L	1.01372	1.01372	7.50645e-16	5.19814e-15	1.26001	8.41599e-15	False	True
SPHK1	1.01325	1.01325	1.33846e-34	3.63651e-33	1.23711	6.45026e-34	False	False
PTGIS	1.0116	1.0116	9.72888e-12	4.77474e-11	1.92554	1.1026e-17	False	True
TRBC1	1.01131	1.01131	1.07793e-12	5.76634e-12	1.77202	3.95402e-17	False	True
SPINK5	-1.01118	1.01118	1.04183e-20	1.05994e-19	-1.93688	3.78777e-18	False	False
FGF2	1.01114	1.01114	2.06909e-30	4.24326e-29	1.34101	3.29397e-33	False	True
HLA-DMA	1.01072	1.01072	2.20028e-17	1.7269e-16	1.23481	4.37062e-17	False	True
IRF8	1.00832	1.00832	1.1338e-14	7.21172e-14	1.74725	5.13831e-23	False	True
PMAIP1	1.00764	1.00764	6.38314e-15	4.14798e-14	1.61793	1.46756e-19	False	True
HES1	-1.00733	1.00733	1.23575e-38	4.42526e-37	-1.12732	7.73484e-36	False	True
CSF1	1.0063	1.0063	2.76308e-32	6.45821e-31	1.17661	1.94506e-31	False	True
LRP1	1.00628	1.00628	4.50053e-37	1.4129e-35	1.19032	9.99972e-42	False	True
LAPTM5	1.00604	1.00604	3.71188e-17	2.83722e-16	1.05739	8.74628e-13	False	True
HSPA5	-1.00531	1.00531	5.65712e-30	1.12661e-28	-1.2332	6.55254e-39	False	True
SV2A	-1.0018	1.0018	3.53091e-20	3.48625e-19	-1.14703	1.3326e-20	False	False
MYBPH	1.00061	1.00061	4.7724e-15	3.11683e-14	3.69624	1.2005e-47	False	False
RGS2	1.00035	1.00035	1.03796e-11	5.07284e-11	1.23477	7.10848e-11	False	True
CHRM3	-1.00027	1.00027	1.15852e-20	1.17355e-19	-1.35767	3.05474e-19	False	False
DUOX1	-0.999755	0.999755	2.71907e-33	6.84739e-32	-1.10523	9.46378e-37	False	False
LRRN2	-0.998137	0.998137	3.13593e-16	2.23913e-15	-1.4334	2.77702e-20	False	True
NPY1R	0.996222	0.996222	9.6979e-17	7.22407e-16	1.51716	7.468e-22	False	False
CALR	-0.996163	0.996163	9.56372e-48	5.54412e-46	-1.16979	4.62023e-59	False	True
EGFR	0.994547	0.994547	1.65144e-26	2.55123e-25	1.00216	1.81026e-23	False	False
PLVAP	-0.994396	0.994396	6.90039e-20	6.6505e-19	-1.05268	3.0893e-19	False	True
SLC43A1	-0.994281	0.994281	1.64273e-27	2.67916e-26	-1.45109	1.30765e-33	False	True
KCNJ5	0.993901	0.993901	3.71497e-12	1.89305e-11	1.37051	6.27121e-14	False	True
DSP	0.992915	0.992915	2.38121e-30	4.87483e-29	1.21431	1.30124e-35	False	True
CCNA1	0.991921	0.991921	2.37379e-19	2.1974e-18	2.18649	6.5257e-26	False	True
CLCNKB	-0.991413	0.991413	1.07481e-13	6.28361e-13	-1.04413	4.24842e-07	False	True
SPI1	0.989621	0.989621	2.75169e-17	2.13676e-16	1.20142	1.14535e-15	False	True
PLEK	0.989424	0.989424	5.94012e-13	3.24738e-12	1.17333	3.91379e-11	False	True
RSAD2	0.987229	0.987229	7.17517e-19	6.39431e-18	1.53841	1.00343e-23	False	True
CLIP3	0.986267	0.986267	2.34948e-17	1.83906e-16	1.03991	5.61352e-14	False	False
HSF4	-0.985179	0.985179	4.58922e-18	3.79518e-17	-1.56878	1.53059e-25	False	True
IER3	0.984276	0.984276	7.24784e-17	5.44401e-16	1.07548	9.99178e-13	False	True
CACNA2D3	-0.984142	0.984142	2.11321e-36	6.44419e-35	-1.76401	5.87207e-33	False	False
LST1	0.983974	0.983974	2.87896e-17	2.22967e-16	1.29006	1.28653e-15	False	True
RNF144A	0.983452	0.983452	4.4803e-34	1.18967e-32	1.11978	5.64113e-34	False	False
ANKH	0.982067	0.982067	7.15231e-34	1.87368e-32	1.14424	6.23711e-40	False	True
C11orf80	0.981186	0.981186	6.65691e-55	5.60808e-53	1.22984	4.13379e-60	False	True
GOLGA8A	-0.979911	0.979911	1.05166e-10	4.69141e-10	-1.33742	1.01369e-16	False	False
KCNQ1	-0.97869	0.97869	1.0233e-46	5.54761e-45	-1.01986	6.5771e-39	False	True
CD163	0.977573	0.977573	2.24467e-12	1.16823e-11	1.15603	6.7339e-12	False	True
CADM1	0.977128	0.977128	8.49811e-27	1.32861e-25	1.09168	2.21488e-30	False	True
ARHGAP19	0.977115	0.977115	5.13124e-17	3.87157e-16	1.45209	1.77625e-28	False	True
KCNK2	-0.976245	0.976245	2.25709e-10	9.78182e-10	-1.39942	2.34931e-09	False	False
DZIP1	0.976174	0.976174	4.98729e-17	3.76781e-16	1.68618	7.71565e-27	False	True
PTPN7	0.975036	0.975036	1.04843e-13	6.1355e-13	1.93523	3.86945e-24	False	True
NOX4	0.974657	0.974657	4.16891e-19	3.78727e-18	1.49451	3.17648e-25	False	True
CLEC2B	0.973542	0.973542	4.17199e-30	8.37976e-29	1.29785	5.6477e-28	False	True
ATP6V0E2	-0.972827	0.972827	8.81351e-43	3.82245e-41	-1.06547	8.38166e-36	False	False
XK	-0.97148	0.97148	3.22628e-37	1.02384e-35	-1.58067	2.20533e-34	False	True
TNFSF9	0.97135	0.97135	1.15901e-16	8.58447e-16	3.17328	6.62239e-42	False	False
VEGFA	-0.970565	0.970565	2.16579e-18	1.83512e-17	-1.00319	8.80487e-20	False	True
THBS1	0.970333	0.970333	9.97051e-09	3.68428e-08	1.2183	1.03541e-09	False	False
CXCL13	0.968091	0.968091	6.17206e-06	1.68906e-05	3.83082	5.77902e-22	False	False
IRS4	-0.967815	0.967815	1.60577e-37	5.16582e-36	-2.84675	1.02205e-18	False	False
HBEGF	0.967371	0.967371	1.49542e-09	5.99704e-09	1.57063	3.52858e-14	False	True
PDE9A	0.966653	0.966653	4.76959e-34	1.25793e-32	1.19798	3.35225e-36	False	True
PFKFB3	0.964823	0.964823	4.18037e-26	6.27591e-25	1.24204	1.03791e-31	False	False
FCN1	0.964647	0.964647	2.91414e-12	1.50064e-11	2.10772	1.16346e-21	False	True
DLGAP1	-0.962972	0.962972	9.91409e-23	1.16327e-21	-1.85865	2.82166e-27	False	False
CRABP1	-0.962625	0.962625	7.02688e-06	1.90872e-05	-1.04311	0.00116456	False	True
SELPLG	0.962117	0.962117	2.84524e-18	2.39352e-17	1.20513	4.04616e-17	False	True
SOX3	-0.962022	0.962022	8.46646e-34	2.20316e-32	-4.21211	7.96075e-19	False	False
AEBP1	0.960773	0.960773	5.17805e-11	2.37505e-10	1.10334	4.23996e-12	False	True
ABCG2	-0.95944	0.95944	5.23892e-16	3.656e-15	-1.36663	2.71481e-21	False	False
PHLDA2	0.958318	0.958318	9.03143e-19	7.96971e-18	1.11628	9.34759e-16	False	True
SEC14L2	0.958023	0.958023	9.05224e-25	1.21701e-23	1.2521	4.83646e-31	False	True
CYTIP	0.958	0.958	3.59391e-13	2.01362e-12	1.3104	1.10285e-11	False	True
BAG3	0.957272	0.957272	7.00274e-44	3.24119e-42	1.19087	6.31188e-41	False	False
GNA15	0.957067	0.957067	7.32436e-20	7.03018e-19	1.5375	2.17279e-21	False	True
CCL5	0.956112	0.956112	1.03246e-09	4.20671e-09	1.02961	9.29414e-07	False	True
ACACB	-0.955759	0.955759	2.06191e-29	3.90696e-28	-1.03081	3.59606e-24	False	True
DCLK2	-0.953919	0.953919	5.28751e-34	1.39139e-32	-1.25606	1.08228e-41	False	False
FOXJ1	-0.952399	0.952399	2.44908e-10	1.0567e-09	-1.26714	0.000149836	False	True
MANF	-0.951924	0.951924	4.1871e-27	6.70738e-26	-1.19005	3.32851e-30	False	True
CDH4	0.951445	0.951445	2.1531e-06	6.17356e-06	1.26747	2.59981e-07	False	False
TGFBI	0.951025	0.951025	3.25259e-12	1.66686e-11	1.05118	1.67455e-11	False	True
USP2	-0.950911	0.950911	6.55194e-31	1.39497e-29	-1.24738	8.02911e-26	False	True
ARNTL2	0.950737	0.950737	1.12517e-18	9.81064e-18	1.7005	9.12268e-27	False	False
SLC16A10	-0.950357	0.950357	1.35549e-20	1.36953e-19	-1.17196	3.47739e-17	False	True
CCR1	0.95025	0.95025	9.82967e-20	9.34297e-19	1.40297	1.03419e-21	False	True
SSX1	0.949718	0.949718	1.0529e-11	5.13944e-11	1.79257	1.17905e-16	False	False
IFI16	0.947308	0.947308	1.76556e-26	2.71322e-25	1.07703	1.45436e-25	False	True
TPD52L1	0.94626	0.94626	7.69228e-26	1.12878e-24	1.10789	3.14331e-29	False	True
CD37	0.94625	0.94625	8.05287e-14	4.74819e-13	1.45272	4.4033e-18	False	True
TLE6	-0.946167	0.946167	3.64668e-28	6.31696e-27	-1.26639	6.0822e-32	False	True
FLT1	-0.946113	0.946113	2.83679e-16	2.03671e-15	-1.03929	3.79741e-17	False	True
APOL2	0.945887	0.945887	2.2977e-51	1.60155e-49	1.15329	8.58627e-50	False	True
FMNL1	0.943034	0.943034	6.10138e-28	1.03848e-26	1.12176	2.83115e-25	False	True
IL27RA	0.941654	0.941654	2.46941e-28	4.33536e-27	1.06965	3.64442e-25	False	True
PIR	-0.939867	0.939867	2.64807e-33	6.6974e-32	-1.18034	2.23389e-31	False	True
FLT4	-0.938935	0.938935	1.79805e-17	1.42169e-16	-1.01329	7.32605e-17	False	False
MAPK4	-0.938888	0.938888	1.17438e-10	5.2249e-10	-1.05065	0.000329972	False	True
PLBD1	0.938549	0.938549	3.31833e-27	5.34493e-26	1.01309	3.59305e-17	False	False
SEMA7A	0.938521	0.938521	1.11082e-17	8.94616e-17	1.47649	8.55837e-20	False	False
FCER1G	0.93723	0.93723	6.65398e-14	3.95724e-13	1.14302	6.51678e-14	False	True
PFKFB2	-0.937171	0.937171	2.58057e-21	2.74463e-20	-1.09724	2.82188e-21	False	True
MMP2	0.937052	0.937052	2.74175e-12	1.41561e-11	1.18924	5.01488e-14	False	True
SNTA1	-0.936972	0.936972	3.80203e-33	9.47271e-32	-1.03224	2.534e-27	False	True
CLCF1	0.936949	0.936949	3.25904e-31	7.09356e-30	1.19015	1.38717e-34	False	True
HK3	0.936424	0.936424	4.00081e-14	2.42367e-13	1.54999	8.05336e-16	False	True
ABCA8	-0.935892	0.935892	2.3966e-10	1.0352e-09	-1.13298	6.11036e-11	False	False
S100A11	0.935649	0.935649	6.54041e-29	1.19296e-27	1.06518	1.09839e-24	False	True
CNKSR2	0.934099	0.934099	3.23163e-22	3.67402e-21	1.99401	1.02113e-32	False	False
SECTM1	0.933667	0.933667	1.77803e-18	1.52199e-17	1.63985	1.18618e-21	False	True
PRRX1	0.933426	0.933426	2.49185e-09	9.77539e-09	1.48136	4.17115e-15	False	True
NEDD9	0.933375	0.933375	2.81536e-17	2.18331e-16	1.18306	9.94434e-22	False	True
AKR1C1	-0.933098	0.933098	4.33687e-14	2.61912e-13	-1.23	1.18347e-08	False	True
MAP2K6	-0.931819	0.931819	1.40928e-28	2.52334e-27	-1.24801	9.02426e-26	False	True
APOA1	-0.93179	0.93179	5.54052e-20	5.38866e-19	-3.21906	2.14079e-32	False	False
CLDN4	0.931079	0.931079	1.29046e-44	6.21863e-43	1.08073	1.82115e-46	False	False
LIN7A	-0.929586	0.929586	1.54602e-24	2.04795e-23	-1.37147	5.11477e-27	False	True
CYP27B1	-0.929195	0.929195	7.46371e-36	2.19048e-34	-1.35231	2.41902e-38	False	True
KLHDC8A	-0.928523	0.928523	2.04418e-07	6.58161e-07	-1.17299	1.67589e-10	False	False
FOSL1	0.927907	0.927907	4.34474e-10	1.8427e-09	1.75337	1.72963e-15	False	False
KLHL3	-0.927113	0.927113	4.51099e-22	5.07433e-21	-1.01106	1.57588e-17	False	True
NCF4	0.926536	0.926536	4.3698e-20	4.29281e-19	1.22499	6.3177e-16	False	True
CCDC33	0.925855	0.925855	2.78021e-16	2.001e-15	1.79612	9.66543e-19	False	False
CD69	0.925585	0.925585	1.50276e-13	8.70725e-13	1.26661	7.80543e-11	False	True
SLCO4A1	0.925064	0.925064	6.60555e-18	5.41674e-17	1.43281	1.58713e-17	False	True
DOCK9	0.924613	0.924613	3.66241e-29	6.84001e-28	1.08371	3.79557e-37	False	True
NRXN2	-0.924458	0.924458	9.52684e-17	7.10569e-16	-1.41914	1.38833e-19	False	False
GFPT2	0.923671	0.923671	1.51819e-12	8.02619e-12	1.56188	3.65573e-16	False	False
LILRB4	0.92263	0.92263	3.57028e-11	1.66832e-10	1.17228	2.01595e-10	False	True
SCARB1	-0.921751	0.921751	1.45535e-40	5.73809e-39	-1.10652	2.02983e-44	False	True
EGF	-0.921537	0.921537	6.70329e-26	9.91105e-25	-1.74599	2.65959e-22	False	True
HES2	0.920108	0.920108	4.85276e-21	5.06018e-20	2.44488	1.69658e-32	False	False
CKB	-0.918903	0.918903	4.57235e-22	5.1384e-21	-1.10848	2.46849e-21	False	True
EPHX3	0.918219	0.918219	1.52108e-23	1.88885e-22	2.60938	5.14178e-47	False	False
HLA-DOB	0.918002	0.918002	3.18933e-16	2.2731e-15	1.76981	4.98103e-17	False	True
CYB561	-0.917722	0.917722	1.081e-60	1.31859e-58	-1.056	3.90809e-76	False	True
SLC25A42	-0.916398	0.916398	1.36244e-31	3.03889e-30	-1.02979	7.53856e-35	False	True
DDX60	0.915883	0.915883	1.06095e-23	1.33876e-22	1.12227	1.15819e-25	False	True
MSR1	0.915669	0.915669	4.97289e-13	2.73907e-12	1.25412	1.76972e-14	False	True
KHDRBS3	0.915226	0.915226	2.91857e-36	8.80837e-35	1.29991	1.59781e-40	False	True
MLEC	-0.91512	0.91512	1.55814e-75	4.05463e-73	-1.03227	4.66027e-92	False	True
DAPP1	0.91482	0.91482	4.06316e-15	2.66851e-14	2.36714	3.45891e-34	False	False
NOL4	-0.91336	0.91336	4.61424e-20	4.52157e-19	-2.15174	3.71308e-11	False	False
CD70	0.911799	0.911799	8.70925e-12	4.29412e-11	3.5252	9.26395e-34	False	False
CTSW	0.910594	0.910594	4.62671e-15	3.02337e-14	1.19238	8.03124e-12	False	False
DOCK2	0.9088	0.9088	3.46896e-13	1.94548e-12	1.17951	3.31274e-12	False	True
COPZ2	-0.907084	0.907084	8.0551e-30	1.58797e-28	-1.01148	3.72527e-22	False	True
MROH7	-0.904972	0.904972	8.29811e-41	3.2828e-39	-1.74424	5.98854e-30	False	False
SNRNP25	-0.904595	0.904595	1.02748e-48	6.33253e-47	-1.04668	7.60791e-41	False	True
PIM2	0.904404	0.904404	2.28216e-12	1.18616e-11	1.41295	3.705e-14	False	True
DNASE1L3	-0.903903	0.903903	3.5238e-12	1.80034e-11	-1.22451	3.2583e-11	False	False
PSTPIP2	0.903302	0.903302	4.50733e-31	9.66681e-30	1.45991	3.43132e-37	False	True
AIF1	0.903115	0.903115	1.53981e-16	1.12766e-15	1.05745	4.91624e-13	False	False
TMEM43	0.902481	0.902481	2.56442e-70	5.08972e-68	1.05088	2.93606e-89	False	True
RGN	-0.90239	0.90239	2.13257e-27	3.454e-26	-1.0013	1.47346e-29	False	False
SCUBE3	-0.902146	0.902146	5.62466e-11	2.57485e-10	-1.15991	2.3692e-14	False	True
SPATS2L	0.90133	0.90133	1.50109e-58	1.55555e-56	1.02813	2.01145e-67	False	True
NAMPT	0.900821	0.900821	3.42743e-25	4.73293e-24	1.09863	1.19643e-24	False	True
LYN	0.900174	0.900174	7.19836e-38	2.41476e-36	1.10184	1.65629e-39	False	True
APOBR	0.898805	0.898805	4.24131e-18	3.5174e-17	1.23216	1.82009e-17	False	False
MOXD1	0.897117	0.897117	1.73312e-15	1.16436e-14	1.25009	4.89529e-14	False	True
RASGRP1	0.895489	0.895489	3.28694e-14	2.00959e-13	1.65599	8.23402e-17	False	True
CDKN2A	0.895037	0.895037	1.9432e-10	8.46221e-10	2.11402	1.55849e-20	False	False
LAMC2	0.892938	0.892938	2.78285e-22	3.17304e-21	1.19554	1.3158e-26	False	True
IRF5	0.891549	0.891549	2.70106e-34	7.25444e-33	1.1389	1.00256e-40	False	True
SYBU	-0.890091	0.890091	1.93324e-17	1.52652e-16	-1.08158	3.23988e-17	False	True
ASRGL1	-0.88959	0.88959	8.58081e-61	1.0577e-58	-1.19332	8.97677e-55	False	True
SRGAP3	0.88947	0.88947	3.42947e-38	1.18814e-36	1.05829	7.68473e-46	False	True
LAMC3	-0.888068	0.888068	3.83743e-18	3.19831e-17	-1.92498	1.69967e-21	False	True
CD86	0.887918	0.887918	6.15854e-17	4.63772e-16	1.29367	3.18439e-17	False	True
CLEC10A	0.88758	0.88758	8.84102e-15	5.67901e-14	1.54595	1.42683e-16	False	True
ADCY9	-0.88751	0.88751	4.56292e-45	2.27369e-43	-1.04114	2.1338e-49	False	True
AXL	0.88704	0.88704	7.21747e-38	2.41476e-36	1.04331	7.24897e-40	False	True
SERINC5	0.886598	0.886598	9.35232e-34	2.41756e-32	1.0494	2.68711e-34	False	False
KLK5	0.886453	0.886453	4.39405e-12	2.22457e-11	4.3898	4.18427e-44	False	False
CEBPA	-0.885958	0.885958	5.367e-23	6.47913e-22	-1.29399	7.35249e-24	False	True
CTSS	0.884975	0.884975	7.59735e-16	5.25487e-15	1.02275	9.91062e-17	False	True
KLF8	0.884846	0.884846	9.32879e-44	4.30079e-42	1.09463	9.43884e-61	False	True
PDE10A	-0.884371	0.884371	2.47607e-09	9.71675e-09	-1.06978	1.28567e-09	False	False
OMD	0.882414	0.882414	1.01016e-07	3.3605e-07	2.17083	4.25329e-12	False	False
BFSP1	-0.881838	0.881838	6.83256e-38	2.29912e-36	-1.38515	3.06628e-45	False	True
RAG2	-0.880056	0.880056	3.68059e-17	2.81514e-16	-3.34908	1.62583e-09	False	False
IKZF1	0.880009	0.880009	3.48108e-12	1.78006e-11	1.66914	1.58846e-21	False	True
BCL2L1	0.879298	0.879298	1.24952e-36	3.86886e-35	1.11279	5.29979e-36	False	True
BTN3A2	0.878985	0.878985	6.07144e-19	5.46057e-18	1.11069	5.70587e-20	False	True
ADAMTS5	-0.878389	0.878389	1.65244e-12	8.7084e-12	-1.1805	1.46065e-14	False	True
PAM	0.877394	0.877394	7.88911e-54	6.2001e-52	1.00093	1.72168e-61	False	True
CELF2	0.877306	0.877306	3.16426e-15	2.08987e-14	1.11985	1.93814e-18	False	True
PARP4	0.876972	0.876972	1.28975e-29	2.48405e-28	1.04916	3.67755e-35	False	True
C1QB	0.876796	0.876796	3.08572e-09	1.19966e-08	1.07376	4.11164e-09	False	True
CRELD2	-0.876759	0.876759	6.67204e-23	7.98426e-22	-1.07821	5.70967e-25	False	True
C8A	-0.876694	0.876694	1.38164e-46	7.42158e-45	-4.01913	2.27923e-39	False	False
SLC4A3	-0.875221	0.875221	3.49657e-22	3.96752e-21	-1.19999	1.24992e-18	False	True
BACH2	0.874652	0.874652	2.91307e-25	4.05131e-24	1.30548	4.91227e-29	False	True
MYT1	-0.874593	0.874593	5.28741e-36	1.56353e-34	-1.38323	3.74448e-24	False	False
LRP5L	0.87312	0.87312	4.01442e-18	3.34096e-17	1.04199	1.95956e-20	False	True
SH3GL2	-0.872942	0.872942	1.31234e-13	7.63411e-13	-2.52543	5.98503e-19	False	False
MS4A6A	0.872861	0.872861	4.09152e-15	2.68563e-14	1.01256	8.90902e-13	False	True
RHOH	0.872577	0.872577	4.11267e-13	2.28568e-12	2.25885	1.21663e-29	False	True
MAP4K1	0.871314	0.871314	1.19174e-13	6.94985e-13	1.27959	1.28332e-12	False	True
NRCAM	0.870886	0.870886	1.59745e-17	1.276e-16	1.00802	1.77816e-22	False	True
VAV1	0.870027	0.870027	1.11989e-14	7.13098e-14	1.21945	7.04642e-14	False	False
FZD7	0.869374	0.869374	1.28753e-32	3.08322e-31	1.01506	3.27177e-36	False	False
HSP90B1	-0.868871	0.868871	1.62755e-34	4.39138e-33	-1.04148	6.94025e-44	False	True
IL2RA	0.868676	0.868676	1.29674e-18	1.12563e-17	1.86315	1.51088e-25	False	True
MMP13	0.868559	0.868559	6.77268e-07	2.05515e-06	7.45163	1.33294e-45	False	False
COLEC11	-0.866583	0.866583	2.63836e-14	1.62606e-13	-1.40783	1.64503e-14	False	False
MYH3	-0.866415	0.866415	2.89474e-19	2.65862e-18	-2.21048	8.36209e-47	False	False
RUNX3	0.864707	0.864707	1.55404e-12	8.19723e-12	1.69734	7.72591e-22	False	True
PRRG1	0.864241	0.864241	2.39583e-27	3.86968e-26	1.01967	2.08545e-31	False	True
PSMB8	0.8641	0.8641	1.45569e-32	3.47881e-31	1.01662	1.17733e-28	False	True
CSF2RA	0.862767	0.862767	7.85734e-19	6.97041e-18	1.36822	5.06824e-21	False	False
NPC1	0.861011	0.861011	6.84741e-29	1.24508e-27	1.08684	2.53133e-30	False	True
CD5	0.860841	0.860841	1.21815e-12	6.49569e-12	1.99626	5.059e-25	False	False
SASH3	0.859887	0.859887	4.98138e-12	2.50352e-11	1.56416	2.9863e-20	False	True
ARHGAP10	0.859735	0.859735	2.03436e-60	2.43085e-58	1.03981	4.01684e-63	False	True
OLFML2B	0.85777	0.85777	1.0446e-11	5.10102e-11	1.20761	1.20616e-14	False	True
FA2H	-0.857447	0.857447	2.97331e-23	3.642e-22	-1.27963	2.48879e-18	False	True
PDIA4	-0.856275	0.856275	8.04653e-38	2.68447e-36	-1.07435	5.54661e-52	False	True
CLEC5A	0.855903	0.855903	4.62165e-21	4.8321e-20	1.32728	2.84825e-20	False	True
RPP25	-0.855394	0.855394	1.73912e-31	3.84247e-30	-1.04717	1.04742e-27	False	True
SAMSN1	0.855368	0.855368	6.56913e-14	3.90877e-13	1.43098	1.21496e-13	False	True
BCL2A1	0.855051	0.855051	2.90952e-15	1.9238e-14	1.41014	1.2704e-13	False	True
CSF2	0.854406	0.854406	7.83453e-28	1.31436e-26	2.9959	5.27782e-47	False	False
CCDC69	-0.853569	0.853569	5.0533e-16	3.52857e-15	-1.14992	2.7447e-17	False	False
ENPP1	-0.852604	0.852604	1.03175e-07	3.42649e-07	-1.18816	7.08135e-11	False	False
FOXA2	-0.852117	0.852117	2.25522e-07	7.21547e-07	-1.19816	0.000319848	False	False
FERMT1	-0.848033	0.848033	2.17834e-13	1.24068e-12	-1.14893	5.05724e-09	False	True
MSLN	0.846891	0.846891	2.07588e-08	7.39762e-08	3.6971	9.1922e-34	False	False
CD3D	0.846663	0.846663	2.33598e-11	1.10701e-10	1.85384	1.30991e-18	False	True
CCR5	0.845016	0.845016	7.68384e-13	4.16371e-12	1.26122	2.93317e-12	False	True
RSPH6A	-0.844987	0.844987	1.47317e-14	9.28462e-14	-1.31403	1.75008e-12	False	True
LIMD2	0.844469	0.844469	6.98381e-12	3.47115e-11	1.34269	5.01944e-17	False	True
COX7A1	-0.843444	0.843444	1.59004e-07	5.18356e-07	-1.14453	4.8825e-09	False	False
SH3BP2	0.843247	0.843247	4.82778e-38	1.6482e-36	1.03866	5.05312e-46	False	True
GPR161	0.841944	0.841944	2.81146e-26	4.28117e-25	1.1313	1.12146e-32	False	True
AREG	0.841637	0.841637	9.32868e-09	3.46021e-08	1.78583	2.48295e-13	False	True
TNFSF18	0.841348	0.841348	1.88663e-15	1.26459e-14	3.36296	2.28275e-45	False	False
SFTPD	-0.84045	0.84045	2.92105e-27	4.7115e-26	-1.07719	2.92554e-23	False	True
MAGEL2	-0.839373	0.839373	2.20392e-22	2.53515e-21	-1.7709	1.61165e-15	False	False
IL36RN	0.8385	0.8385	1.44013e-25	2.04163e-24	2.53474	3.20744e-43	False	False
CENPJ	-0.838259	0.838259	1.68569e-17	1.3419e-16	-1.21305	9.82157e-21	False	False
ZNF217	0.837637	0.837637	1.04709e-31	2.37165e-30	1.00252	6.44392e-40	False	True
CD84	0.837346	0.837346	1.37638e-10	6.06831e-10	1.08959	1.01979e-09	False	True
CP	0.836339	0.836339	1.12139e-07	3.71052e-07	1.11283	1.14537e-05	False	True
KIF5A	-0.833761	0.833761	2.16022e-07	6.92287e-07	-1.29739	7.41879e-07	False	False
SLA	-0.833754	0.833754	1.35313e-14	8.54184e-14	-1.2	1.16234e-21	False	False
AGER	0.83317	0.83317	6.32308e-08	2.15117e-07	1.04162	6.78746e-08	False	False
ATP1B2	-0.832906	0.832906	3.84047e-08	1.33487e-07	-1.11013	4.37166e-09	False	False
ERBB4	-0.831109	0.831109	1.70253e-11	8.17409e-11	-1.3444	4.28787e-16	False	False
AQP9	0.827588	0.827588	3.19219e-17	2.46086e-16	2.40744	1.27034e-30	False	False
PLA2G4A	0.826942	0.826942	8.95718e-26	1.29813e-24	1.40781	5.39562e-29	False	True
C2	0.826745	0.826745	1.00288e-13	5.88361e-13	1.36112	2.70497e-13	False	True
PSORS1C1	0.826511	0.826511	1.47379e-16	1.08134e-15	1.37581	9.32726e-19	False	False
HLA-A	0.825531	0.825531	8.00381e-18	6.52224e-17	1.0164	1.30501e-17	False	True
IL1R2	0.825327	0.825327	2.083e-14	1.29469e-13	2.61605	4.8874e-29	False	True
IL1RL2	0.825078	0.825078	3.18918e-25	4.4248e-24	1.02483	4.62526e-22	False	True
CCR2	0.824868	0.824868	1.03967e-14	6.63104e-14	1.4105	6.63841e-16	False	True
CST5	0.822561	0.822561	2.87668e-16	2.06156e-15	5.47379	1.3917e-75	False	False
PRUNE2	0.819616	0.819616	2.13844e-23	2.63591e-22	1.29938	1.29688e-23	False	False
FRMD4B	-0.818815	0.818815	2.5159e-19	2.32161e-18	-1.04645	7.66201e-30	False	False
LAMA2	0.816626	0.816626	1.74776e-08	6.28763e-08	1.18236	7.19741e-09	False	False
CAPN5	0.816099	0.816099	8.14389e-12	4.03064e-11	1.37777	7.20573e-18	False	True
ASPHD1	0.81576	0.81576	1.62727e-11	7.82561e-11	1.55676	1.1821e-13	False	False
TAGLN3	0.813738	0.813738	1.12999e-08	4.14414e-08	4.37995	3.55262e-43	False	False
APLP1	-0.813395	0.813395	7.98925e-17	5.9779e-16	-1.40692	1.07786e-19	False	False
SLC25A38	-0.812179	0.812179	1.71018e-53	1.3089e-51	-1.00776	3.77041e-69	False	True
ACOT11	-0.8119	0.8119	2.22573e-28	3.91341e-27	-1.09136	1.16594e-28	False	True
STAM	0.809737	0.809737	1.10659e-31	2.49196e-30	1.02998	1.86274e-33	False	True
S100A5	0.809479	0.809479	1.80218e-15	1.21006e-14	1.03039	2.0718e-12	False	False
PDE4D	-0.807339	0.807339	3.46392e-14	2.11153e-13	-1.15158	1.97438e-19	False	False
GCK	-0.807011	0.807011	2.91234e-42	1.24465e-40	-2.59824	2.5718e-35	False	False
IL6	0.806926	0.806926	3.15749e-07	9.94731e-07	2.76071	2.92881e-20	False	False
TBX2	-0.80679	0.80679	2.57383e-11	1.21678e-10	-1.52491	2.18797e-23	False	False
PCDHGC3	0.805989	0.805989	1.23323e-11	5.98718e-11	1.21556	6.42904e-17	False	True
SYTL2	0.805842	0.805842	1.3876e-15	9.38693e-15	1.29612	1.02926e-20	False	True
MMP12	0.803945	0.803945	6.4183e-12	3.19959e-11	2.53324	1.16191e-17	False	False
NETO2	-0.803675	0.803675	4.87479e-27	7.73494e-26	-1.08405	1.8229e-27	False	True
NACAD	0.799862	0.799862	9.96358e-22	1.09245e-20	1.32433	5.35048e-20	False	False
FCGR2B	0.799438	0.799438	4.74763e-14	2.85834e-13	1.21362	1.95724e-13	False	True
ABCA4	0.798943	0.798943	5.62849e-28	9.66417e-27	1.60726	8.70744e-47	False	False
SH3BP1	0.798232	0.798232	1.33958e-22	1.56084e-21	1.28137	1.13998e-22	False	False
CSTA	0.797714	0.797714	2.85204e-16	2.04628e-15	1.64109	3.63104e-17	False	True
ADRA2A	0.797281	0.797281	1.30695e-08	4.76329e-08	1.37806	4.83576e-10	False	True
SPTBN4	-0.797047	0.797047	2.45556e-22	2.81357e-21	-1.16294	2.8922e-20	False	True
ITGAL	0.795238	0.795238	2.25827e-09	8.89485e-09	1.46356	1.23923e-16	False	False
FUT3	0.795193	0.795193	7.79597e-13	4.22056e-12	3.05069	8.8408e-31	False	False
CDIP1	-0.794402	0.794402	3.79472e-35	1.07594e-33	-1.0036	2.17752e-39	False	True
FAM155A	-0.794212	0.794212	2.02444e-13	1.1564e-12	-1.82277	7.62749e-27	False	True
PDCD1LG2	0.794023	0.794023	2.87547e-17	2.22844e-16	1.82687	8.24902e-27	False	False
BIN2	0.79374	0.79374	5.21681e-14	3.13116e-13	1.08398	1.24566e-11	False	True
ADAM8	0.793711	0.793711	7.1035e-16	4.92784e-15	1.16034	4.70801e-17	False	True
ITK	0.792714	0.792714	7.99879e-11	3.60669e-10	2.03341	7.81695e-24	False	True
B4GALT5	0.791616	0.791616	5.17858e-29	9.51981e-28	1.00389	1.3548e-31	False	True
CD7	0.790792	0.790792	6.81711e-11	3.09293e-10	1.38654	6.05556e-12	False	False
IRF1	0.788899	0.788899	9.71264e-17	7.23045e-16	1.05039	4.76984e-17	False	True
XDH	0.787403	0.787403	7.7222e-08	2.60371e-07	2.21405	1.09419e-13	False	False
FOXP3	0.787369	0.787369	1.62641e-14	1.02284e-13	1.78243	5.78756e-24	False	False
ARID5B	0.787016	0.787016	1.01275e-11	4.95581e-11	1.06493	5.5086e-15	False	False
SLAMF1	0.786231	0.786231	3.14564e-14	1.92856e-13	2.4117	1.23168e-32	False	True
IFIT1	0.785733	0.785733	2.07199e-11	9.8791e-11	1.17154	1.58475e-13	False	True
FPR1	0.785435	0.785435	5.38218e-13	2.95339e-12	1.4055	2.0057e-16	False	True
HKDC1	-0.784408	0.784408	1.51107e-07	4.93713e-07	-1.21369	5.73905e-08	False	False
ERAP2	0.781167	0.781167	8.49661e-05	0.000200311	1.00406	9.80039e-07	False	False
KCNS3	0.779474	0.779474	1.81748e-15	1.21964e-14	1.07965	4.81107e-17	False	False
SEMA3A	0.779181	0.779181	5.66308e-12	2.83396e-11	1.36207	6.55732e-15	False	True
ALDOC	0.778311	0.778311	1.54491e-10	6.77814e-10	1.35817	6.04067e-14	False	True
BTK	0.778098	0.778098	1.96672e-12	1.0309e-11	1.13616	3.90547e-11	False	True
EFHC2	-0.77691	0.77691	2.26151e-19	2.1001e-18	-1.3226	8.24905e-17	False	False
OGN	0.775188	0.775188	4.21267e-05	0.000103396	1.84663	2.43946e-08	False	False
SLC16A6	-0.774628	0.774628	1.99136e-25	2.8095e-24	-1.03654	1.38397e-21	False	False
F13A1	0.774123	0.774123	8.78232e-10	3.60088e-09	1.01233	8.13504e-11	False	True
PASK	-0.773851	0.773851	1.2805e-05	3.37566e-05	-1.07443	2.9514e-05	False	False
HCN4	0.773747	0.773747	4.84078e-11	2.22645e-10	1.02981	1.20511e-08	False	False
SLC20A1	0.771369	0.771369	3.10125e-19	2.8416e-18	1.0825	1.33835e-19	False	True
BATF3	0.770799	0.770799	2.57867e-24	3.37387e-23	1.76998	8.78665e-33	False	True
MS4A4A	0.769789	0.769789	1.29796e-12	6.90871e-12	1.06379	8.8676e-12	False	True
SULT1A2	-0.769453	0.769453	8.50755e-99	9.96234e-96	-2.13503	2.98619e-61	False	False
TGFB2	0.769259	0.769259	8.17918e-08	2.75177e-07	1.24678	3.66848e-12	False	True
FER1L4	0.769146	0.769146	9.59934e-07	2.85808e-06	1.01346	1.38735e-05	False	True
HAS2	0.767792	0.767792	5.56039e-10	2.33712e-09	1.65516	4.53255e-12	False	True
MED13	0.767575	0.767575	1.63329e-18	1.40424e-17	1.01855	1.41336e-26	False	True
OAS3	0.766146	0.766146	2.73491e-11	1.29084e-10	1.17049	1.1046e-15	False	True
HS3ST1	0.765003	0.765003	4.22777e-17	3.21266e-16	1.33707	3.02585e-20	False	True
LY96	0.763728	0.763728	1.08203e-18	9.4486e-18	1.28011	4.4366e-18	False	True
REEP2	0.762127	0.762127	9.85197e-16	6.77034e-15	1.29354	8.67973e-23	False	False
BATF	0.761584	0.761584	4.10836e-14	2.48496e-13	1.71618	2.30042e-17	False	True
BDNF	0.760888	0.760888	5.64468e-11	2.58301e-10	1.43316	9.38082e-17	False	True
CLEC7A	0.760046	0.760046	7.11755e-14	4.21794e-13	1.08902	1.7823e-13	False	True
AKR1C3	-0.758117	0.758117	3.27148e-14	2.00256e-13	-1.21984	7.74841e-17	False	True
RNASE6	0.755406	0.755406	8.36723e-13	4.52147e-12	1.00067	4.77076e-11	False	True
TNFRSF9	0.753002	0.753002	1.24136e-12	6.61645e-12	2.53404	1.0875e-28	False	False
INHBC	-0.749657	0.749657	4.32065e-59	4.64172e-57	-2.52279	5.03873e-38	False	False
S100A8	0.748753	0.748753	4.33894e-11	2.00747e-10	1.44109	3.01362e-13	False	True
CST7	0.746624	0.746624	2.18044e-10	9.46365e-10	1.71564	2.70668e-19	False	False
SLAMF8	0.744728	0.744728	7.81029e-14	4.61213e-13	1.79738	4.06187e-18	False	True
TNFSF4	0.743657	0.743657	2.12211e-12	1.10888e-11	1.97882	7.343e-24	False	True
CNTN5	-0.741824	0.741824	1.52511e-11	7.35846e-11	-1.33237	6.49051e-07	False	False
EEF1A2	-0.741397	0.741397	7.72789e-06	2.08703e-05	-1.56418	3.72307e-07	False	False
GPR68	0.737788	0.737788	1.48578e-10	6.52851e-10	1.43169	9.39703e-15	False	False
TNNI1	0.737547	0.737547	8.8368e-18	7.17607e-17	1.12866	3.03521e-20	False	False
PTPRO	0.737007	0.737007	9.65206e-19	8.48541e-18	1.49903	1.37966e-22	False	True
DNAAF1	-0.735433	0.735433	1.5679e-14	9.86571e-14	-1.23553	9.69327e-13	False	True
VGLL3	0.735073	0.735073	1.33605e-09	5.38187e-09	1.58828	3.16739e-15	False	False
BCHE	-0.734908	0.734908	8.97264e-09	3.33978e-08	-1.8877	1.89461e-12	False	False
NSG1	0.733362	0.733362	1.73789e-09	6.91966e-09	2.83295	1.19746e-30	False	False
MILR1	0.73272	0.73272	1.08701e-14	6.92542e-14	1.14071	7.06378e-15	False	True
CXCL11	0.731878	0.731878	6.94113e-08	2.34983e-07	2.42664	6.8044e-18	False	False
BICC1	0.728411	0.728411	2.79415e-11	1.31668e-10	1.18219	9.02341e-15	False	True
RPRM	-0.726734	0.726734	9.27325e-34	2.40243e-32	-1.64299	2.50786e-23	False	False
VSIG4	0.726	0.726	2.29955e-10	9.95112e-10	1.02907	1.81185e-11	False	True
SLC1A2	-0.725796	0.725796	6.67514e-23	7.98426e-22	-1.90495	3.51132e-20	False	False
P2RY10	0.725425	0.725425	2.33608e-10	1.01055e-09	2.54301	3.70197e-29	False	False
ADAMTS2	0.722752	0.722752	1.75518e-06	5.06859e-06	1.51273	9.49891e-13	False	False
HSD11B1	0.719464	0.719464	2.3423e-22	2.69169e-21	2.40297	1.24471e-35	False	False
MEG3	0.719358	0.719358	1.23696e-08	4.52226e-08	2.17036	1.31707e-18	False	False
GZMA	0.719067	0.719067	3.57536e-09	1.38131e-08	1.22048	6.51503e-09	False	True
OAS1	0.71461	0.71461	1.8054e-09	7.18111e-09	1.09069	4.013e-11	False	False
TENM1	-0.714093	0.714093	7.92649e-05	0.000187627	-1.07705	1.01295e-09	False	False
CTLA4	0.71384	0.71384	1.54417e-12	8.15008e-12	2.61187	2.88535e-30	False	False
SLC9A2	-0.710427	0.710427	1.68448e-17	1.34185e-16	-1.07094	6.2164e-14	False	False
KCNJ1	-0.710148	0.710148	2.62937e-19	2.42059e-18	-2.26761	2.052e-18	False	False
RAG1	-0.709997	0.709997	9.93692e-17	7.39272e-16	-1.50278	6.94555e-19	False	False
HPGDS	0.709895	0.709895	9.06565e-25	1.21742e-23	1.55736	1.84891e-25	False	True
RAI14	0.709396	0.709396	4.75208e-13	2.62857e-12	1.00026	5.95938e-17	False	False
PLA2G3	-0.708754	0.708754	7.73649e-19	6.86894e-18	-2.12387	1.35985e-20	False	False
TRIM46	0.706764	0.706764	1.82661e-15	1.22506e-14	2.35361	8.85176e-35	False	False
EVI2A	0.70623	0.70623	1.95384e-15	1.3074e-14	1.18756	5.56025e-14	False	True
NOD2	0.705731	0.705731	3.975e-21	4.18214e-20	1.69028	2.58169e-24	False	True
SNCAIP	0.704737	0.704737	1.24759e-12	6.64661e-12	1.37356	3.56943e-14	False	False
MMP19	0.704527	0.704527	1.29707e-10	5.7424e-10	1.17196	3.40895e-12	False	False
REN	0.701224	0.701224	2.28281e-11	1.08357e-10	1.61948	4.88927e-15	False	False
PTPN22	0.701218	0.701218	4.20445e-14	2.54177e-13	1.32669	4.31466e-14	False	True
KL	0.699036	0.699036	1.16717e-11	5.68298e-11	1.00523	3.80414e-15	False	True
KLK12	0.698763	0.698763	4.6705e-08	1.61047e-07	2.53263	1.03351e-14	False	False
TUBB2A	0.697358	0.697358	2.33599e-16	1.69273e-15	1.04614	1.58564e-14	False	False
CYP46A1	-0.69524	0.69524	8.49326e-45	4.144e-43	-1.33455	8.93539e-38	False	True
OPCML	0.693946	0.693946	1.05657e-05	2.81126e-05	3.23829	8.0036e-24	False	False
CNTN6	0.690612	0.690612	0.000245896	0.000543803	1.00263	2.19277e-05	False	False
TM6SF1	-0.687784	0.687784	4.61685e-22	5.18344e-21	-1.04303	3.22613e-21	False	False
TRAF3IP3	0.68746	0.68746	4.26344e-10	1.80953e-09	1.67127	1.53257e-20	False	True
ITGA4	0.685422	0.685422	2.20437e-08	7.83168e-08	1.06507	1.17356e-09	False	True
SYNGR3	0.681844	0.681844	3.50184e-28	6.07505e-27	2.28523	7.03602e-45	False	False
COLEC10	-0.680643	0.680643	1.16942e-25	1.66593e-24	-1.64733	1.49088e-24	False	False
FGF9	0.680613	0.680613	3.88818e-33	9.64631e-32	3.25646	1.3769e-85	False	False
DPY19L2P2	-0.677999	0.677999	9.40029e-24	1.18746e-22	-1.19352	4.60457e-25	False	False
PSTPIP1	0.677887	0.677887	3.10863e-11	1.459e-10	1.11144	2.57781e-10	False	True
ALDH1A3	0.676411	0.676411	1.67935e-05	4.37004e-05	1.094	2.90795e-08	False	False
ANKRD36BP2	0.675245	0.675245	1.01985e-06	3.02723e-06	2.29	1.42143e-14	False	False
TFPI2	0.672281	0.672281	8.08449e-11	3.64393e-10	2.79537	5.03387e-31	False	False
AGTR1	-0.672243	0.672243	2.45935e-10	1.06035e-09	-1.4041	6.62584e-08	False	False
RNF39	0.67153	0.67153	1.01997e-19	9.67117e-19	1.5177	2.78876e-32	False	False
ADAM19	0.670869	0.670869	1.75627e-08	6.31439e-08	1.07684	2.65105e-10	False	True
CD3G	0.670015	0.670015	2.29374e-10	9.93331e-10	1.90803	2.95139e-22	False	False
ADCYAP1R1	-0.669442	0.669442	2.58644e-06	7.36557e-06	-1.23452	5.80642e-06	False	False
KCNJ10	-0.669315	0.669315	5.00265e-19	4.53414e-18	-1.58723	2.86342e-18	False	False
POPDC3	-0.668793	0.668793	4.36519e-18	3.61758e-17	-4.30797	1.75848e-39	False	False
CFTR	0.66865	0.66865	4.57096e-15	2.98861e-14	3.1228	7.0589e-45	False	False
KRT13	0.667655	0.667655	1.33287e-12	7.08807e-12	3.46461	8.87402e-36	False	False
CD28	0.666487	0.666487	9.3454e-12	4.5981e-11	2.25032	7.47381e-30	False	False
COL4A6	-0.665672	0.665672	3.40423e-17	2.61058e-16	-1.53156	4.11753e-13	False	False
CD48	0.665482	0.665482	8.12891e-10	3.35056e-09	1.60725	2.25272e-17	False	True
CXCR6	0.662602	0.662602	4.08387e-09	1.57258e-08	1.02479	2.38364e-07	False	True
CAMP	-0.662074	0.662074	9.12513e-17	6.8104e-16	-2.63961	1.63664e-29	False	False
GALNT6	0.661162	0.661162	5.58182e-10	2.34528e-09	1.01433	4.27705e-11	False	False
SYT13	-0.655129	0.655129	8.89444e-05	0.000209186	-1.04787	7.29809e-06	False	False
CEACAM1	0.651741	0.651741	2.09639e-07	6.73304e-07	1.31149	2.17791e-10	False	False
CCR7	0.65018	0.65018	7.49365e-08	2.5303e-07	1.7972	9.50613e-19	False	True
OASL	0.648308	0.648308	8.99159e-09	3.34471e-08	1.33409	1.56912e-13	False	False
CCR4	0.645528	0.645528	8.36843e-12	4.13827e-11	2.57447	1.49044e-30	False	False
DUSP13	0.644674	0.644674	1.56593e-12	8.25621e-12	2.73348	9.46676e-30	False	False
CD180	0.644409	0.644409	9.41912e-08	3.14598e-07	1.727	8.84477e-17	False	True
SOX11	0.643941	0.643941	1.65087e-09	6.57988e-09	2.06421	9.01822e-15	False	False
MICB	0.643685	0.643685	3.74265e-16	2.64492e-15	1.21148	1.06968e-19	False	True
GRIN2A	0.643449	0.643449	8.17029e-10	3.36644e-09	1.56245	1.02975e-16	False	True
PROM1	0.641115	0.641115	2.41492e-05	6.12757e-05	1.76938	3.02852e-09	False	False
GGTLC1	-0.64054	0.64054	3.24024e-25	4.48501e-24	-1.41557	6.32081e-20	False	False
IDO1	0.638447	0.638447	1.02989e-05	2.74403e-05	1.01393	4.78788e-05	False	False
DKK2	0.637998	0.637998	3.50078e-10	1.49232e-09	1.24763	1.11868e-11	False	True
TNFSF11	0.636862	0.636862	1.926e-14	1.20157e-13	2.88697	4.12637e-29	False	False
SH2D2A	0.63633	0.63633	9.73791e-13	5.22838e-12	1.51467	5.29759e-15	False	False
PTGER2	0.635648	0.635648	1.92642e-17	1.52216e-16	1.82909	1.77498e-27	False	False
FUT2	0.635399	0.635399	1.72311e-17	1.3689e-16	1.44373	4.76051e-27	False	False
TPH1	-0.632867	0.632867	1.58937e-24	2.103e-23	-1.52874	1.0362e-27	False	False
JPH2	-0.63228	0.63228	1.05279e-12	5.63444e-12	-1.08631	5.53904e-11	False	False
ADAMTS12	0.629504	0.629504	2.4693e-08	8.72525e-08	1.44084	5.1334e-15	False	True
ZFP69B	0.628168	0.628168	9.41264e-30	1.8401e-28	1.2793	3.66456e-45	False	True
KIF5C	-0.626172	0.626172	1.04686e-08	3.86344e-08	-1.3879	1.22554e-17	False	True
TPSB2	0.625275	0.625275	4.26321e-07	1.32244e-06	1.45954	6.49108e-07	False	False
TRIM17	0.624054	0.624054	2.42997e-25	3.39558e-24	1.10262	2.75244e-25	False	False
DCHS2	0.623599	0.623599	5.23269e-09	1.99268e-08	1.10166	3.74054e-09	False	False
LILRB3	0.620902	0.620902	8.89631e-13	4.79631e-12	1.08035	6.49964e-13	False	False
PRKCB	-0.620565	0.620565	1.10943e-05	2.94257e-05	-1.11376	2.23011e-08	False	False
L1CAM	0.619441	0.619441	4.35844e-07	1.35091e-06	1.28218	2.29474e-08	False	False
IRF4	-0.616264	0.616264	0.000400691	0.000860383	-1.01665	0.000142288	False	False
SSTR3	0.615897	0.615897	3.89012e-07	1.21249e-06	1.27453	1.09942e-08	False	False
AKAP3	-0.614349	0.614349	1.28822e-18	1.11907e-17	-1.04373	7.94776e-15	False	True
LCK	0.613239	0.613239	3.89623e-07	1.21407e-06	1.24334	5.6621e-13	False	True
FAIM2	0.612623	0.612623	8.86356e-12	4.36469e-11	2.16997	1.23332e-24	False	False
CA14	-0.612565	0.612565	8.46316e-33	2.06037e-31	-1.34729	8.80064e-46	False	True
CD247	0.61187	0.61187	3.54826e-08	1.23808e-07	1.4472	6.10421e-16	False	True
PLEKHA8P1	0.611442	0.611442	7.5319e-18	6.15053e-17	1.13754	2.29069e-26	False	False
CPA3	0.610974	0.610974	2.33581e-07	7.46107e-07	1.32962	4.90145e-07	False	False
F2RL2	0.610569	0.610569	6.87546e-09	2.58133e-08	2.27998	3.38547e-20	False	False
COL9A1	-0.609953	0.609953	5.98016e-27	9.45043e-26	-1.71717	8.19197e-18	False	False
PDE11A	-0.60847	0.60847	5.29392e-12	2.65603e-11	-1.13853	5.45942e-08	False	True
CLDN11	0.608291	0.608291	8.35858e-12	4.13515e-11	1.29828	6.57056e-17	False	False
ACSM5	-0.608051	0.608051	4.53783e-11	2.097e-10	-1.02251	4.92374e-12	False	True
SYNDIG1	-0.606437	0.606437	1.03353e-06	3.06551e-06	-1.06734	2.81063e-07	False	True
MUC4	0.606283	0.606283	1.47263e-06	4.29182e-06	1.97855	4.28945e-17	False	False
PPP1R3C	-0.60537	0.60537	3.95722e-14	2.3985e-13	-1.01714	4.99688e-13	False	True
STEAP1	0.604326	0.604326	9.79969e-12	4.80747e-11	2.5022	7.98657e-26	False	False
TFEC	0.603526	0.603526	9.20968e-09	3.42149e-08	1.02215	9.88041e-09	False	True
TGFB3	0.602347	0.602347	1.73623e-07	5.63506e-07	1.16789	1.5774e-13	False	True
MTUS2	-0.602053	0.602053	4.9421e-13	2.72339e-12	-1.5238	2.30367e-15	False	False
NOX5	-0.60175	0.60175	0.000299164	0.000653827	-1.94306	3.94869e-11	False	False
IL23A	0.600058	0.600058	8.89619e-25	1.19741e-23	1.42085	1.95709e-36	False	False
CXCL5	0.598107	0.598107	7.80051e-10	3.22201e-09	4.25687	1.20495e-41	False	False
MS4A1	0.596851	0.596851	0.00369898	0.00688633	2.28917	8.23723e-11	False	False
COL5A2	0.596298	0.596298	0.000198529	0.000444507	1.3874	2.29561e-11	False	True
KRT6A	0.594702	0.594702	0.000289333	0.000633998	2.66498	1.17172e-11	False	False
CST4	0.593027	0.593027	5.84328e-06	1.60283e-05	3.05051	1.67666e-20	False	False
ADRA2C	0.591366	0.591366	1.68687e-07	5.48854e-07	1.12601	9.91764e-10	False	False
HHIPL2	-0.590769	0.590769	3.0548e-09	1.18803e-08	-1.66516	2.13753e-08	False	False
CES3	-0.590112	0.590112	2.27009e-12	1.18093e-11	-1.15126	1.09179e-10	False	False
IL21R	0.588705	0.588705	2.90749e-08	1.0215e-07	1.16222	3.98223e-09	False	False
SLC18A3	0.588389	0.588389	1.44221e-05	3.78151e-05	5.27354	6.63617e-30	False	False
GJB4	0.585161	0.585161	1.18192e-16	8.73752e-16	3.36104	2.05187e-50	False	False
SIRPG	0.583811	0.583811	4.4446e-09	1.70308e-08	2.09298	1.42747e-20	False	False
BRSK2	-0.581871	0.581871	3.12226e-21	3.30277e-20	-1.51789	3.13858e-22	False	False
TNFSF14	0.580617	0.580617	2.24567e-13	1.27593e-12	1.7157	1.81065e-21	False	False
BAMBI	-0.578252	0.578252	1.35322e-11	6.54529e-11	-1.42213	1.12108e-15	False	True
ZAP70	0.573735	0.573735	8.7131e-07	2.60881e-06	1.34796	5.06887e-13	False	False
KIF21B	0.57343	0.57343	8.77243e-10	3.59808e-09	1.26796	6.19503e-18	False	True
SCTR	-0.572484	0.572484	9.1613e-20	8.73606e-19	-1.17117	3.02814e-16	False	False
ADAMDEC1	0.572285	0.572285	1.05158e-05	2.7999e-05	1.58679	1.43523e-07	False	False
MSC	0.571143	0.571143	1.40755e-10	6.19638e-10	1.34455	3.8671e-12	False	True
PRRX2	0.570627	0.570627	9.34326e-09	3.46452e-08	1.00593	3.6216e-08	False	True
AOC1	-0.569447	0.569447	0.000615824	0.00129281	-1.64125	4.4349e-09	False	False
ICOS	0.568273	0.568273	1.20052e-10	5.32908e-10	2.5596	2.77554e-29	False	False
NLRP3	0.56675	0.56675	2.94528e-09	1.14964e-08	1.00588	1.21258e-10	False	False
LYPD3	0.565507	0.565507	1.17186e-18	1.0195e-17	1.14674	3.53979e-20	False	True
HAP1	-0.564188	0.564188	1.54349e-09	6.17846e-09	-1.07535	1.43647e-07	False	False
IL12RB1	0.562819	0.562819	1.80934e-10	7.89689e-10	1.13414	3.3212e-11	False	False
MCF2L-AS1	-0.56256	0.56256	1.94255e-32	4.58615e-31	-1.03029	4.14033e-30	False	True
TNFRSF8	0.561956	0.561956	4.90718e-14	2.94985e-13	1.37359	3.41218e-19	False	False
SLC7A4	0.561329	0.561329	7.88029e-26	1.15204e-24	2.46333	1.11084e-44	False	False
GNMT	-0.55782	0.55782	2.05861e-31	4.52275e-30	-1.37902	6.2589e-23	False	False
LAMA3	0.553767	0.553767	6.74535e-06	1.83778e-05	1.08433	3.06652e-08	False	False
SLC28A3	0.553504	0.553504	6.40801e-06	1.75077e-05	1.49559	2.35376e-10	False	False
TREH	-0.552394	0.552394	8.96736e-23	1.05536e-21	-2.05629	6.74965e-27	False	False
CST1	0.55184	0.55184	2.14936e-05	5.49661e-05	5.91337	4.01181e-36	False	False
DLL3	-0.550712	0.550712	4.67154e-30	9.33512e-29	-2.24246	5.27851e-22	False	False
CHL1	-0.548041	0.548041	0.000233534	0.000518129	-2.8129	1.91073e-22	False	False
MYOC	0.54311	0.54311	0.001291	0.00258421	1.78336	3.91531e-05	False	False
LAX1	0.540683	0.540683	1.09841e-05	2.91531e-05	2.76875	3.07714e-22	False	False
ZBP1	0.538658	0.538658	1.54031e-06	4.47792e-06	2.31416	2.15258e-20	False	False
LGALS2	0.537621	0.537621	9.89293e-12	4.84915e-11	1.37962	2.55608e-13	False	False
TRIB3	-0.536737	0.536737	0.00358587	0.00668852	-1.16327	1.96135e-05	False	False
TLR8	0.535312	0.535312	5.11334e-10	2.15852e-09	1.51364	4.45998e-16	False	False
SCG2	0.534545	0.534545	9.59058e-09	3.55173e-08	2.25326	4.4579e-24	False	False
PRPH2	-0.533308	0.533308	1.55267e-05	4.05661e-05	-1.18852	5.62773e-07	False	False
FLNC	0.532541	0.532541	0.000100652	0.000234882	1.01515	1.60633e-06	False	False
CXorf21	0.529503	0.529503	1.52896e-11	7.37403e-11	1.19726	5.7865e-14	False	False
FGF20	0.528973	0.528973	1.94813e-10	8.48053e-10	2.00081	9.3902e-24	False	False
TMEM158	0.528185	0.528185	1.96974e-13	1.12625e-12	1.97355	2.68761e-25	False	False
AGMAT	-0.52816	0.52816	3.70837e-23	4.51404e-22	-1.02725	9.00365e-24	False	True
SIT1	0.527883	0.527883	3.1288e-08	1.09597e-07	1.97826	1.93326e-21	False	False
LAG3	0.526225	0.526225	5.82351e-06	1.59853e-05	1.1131	4.2988e-07	False	False
NINJ2	0.525653	0.525653	2.34345e-14	1.44888e-13	1.43597	1.3268e-19	False	False
TPSAB1	0.524894	0.524894	2.02366e-06	5.80953e-06	1.06009	0.000210093	False	False
SH2D1A	0.522147	0.522147	2.05887e-07	6.62347e-07	2.17081	3.39255e-22	False	False
KIAA1549L	0.521218	0.521218	5.5315e-06	1.52194e-05	1.94808	5.54397e-14	False	False
NEURL1	0.520978	0.520978	1.38598e-15	9.38142e-15	2.35662	8.94418e-43	False	False
MEOX1	0.520465	0.520465	1.61351e-09	6.44413e-09	1.10038	7.33312e-08	False	True
NEFL	-0.520284	0.520284	7.55022e-09	2.82922e-08	-2.58439	2.9991e-17	False	False
MT3	-0.51865	0.51865	7.99381e-20	7.63519e-19	-2.39268	4.17998e-25	False	False
SLC22A4	0.517502	0.517502	7.04883e-26	1.03826e-24	1.05773	6.14586e-36	False	True
TNFAIP6	0.517107	0.517107	7.6436e-08	2.57795e-07	1.44983	2.12964e-13	False	False
WNT7A	0.516993	0.516993	4.68043e-09	1.79169e-08	3.82319	4.60681e-31	False	False
DGKG	-0.516932	0.516932	1.60347e-07	5.22588e-07	-1.0959	2.74325e-10	False	False
TNN	-0.516518	0.516518	1.17023e-06	3.45173e-06	-1.02634	3.85004e-05	False	False
TMC5	0.516395	0.516395	6.16549e-11	2.80598e-10	1.04521	7.76506e-12	False	False
SERPINF2	0.516	0.516	3.0371e-12	1.56121e-11	1.08937	3.37008e-14	False	False
POU2F2	0.515807	0.515807	1.48141e-05	3.87995e-05	1.33444	1.82652e-12	False	False
ECEL1	-0.514655	0.514655	1.59164e-05	4.15288e-05	-1.99805	4.01616e-19	False	False
FST	0.514607	0.514607	6.48453e-08	2.20162e-07	1.72603	7.41436e-15	False	False
LY9	0.512913	0.512913	6.31057e-06	1.72495e-05	1.98628	7.48721e-17	False	False
OSM	0.511713	0.511713	2.61679e-06	7.44838e-06	1.28747	1.30465e-08	False	False
HCN2	-0.511379	0.511379	1.40687e-14	8.87632e-14	-2.5454	9.08705e-31	False	False
SUGCT	0.510642	0.510642	2.20007e-06	6.29897e-06	1.17277	2.27982e-11	False	False
CBR3	0.509338	0.509338	4.34419e-22	4.89139e-21	1.03219	7.25605e-18	False	True
FGFR3	0.503063	0.503063	0.00159738	0.0031517	1.03171	9.98332e-07	False	False
TOX	0.502396	0.502396	7.40869e-06	2.00684e-05	1.19294	2.14672e-09	False	False
KLRB1	0.500796	0.500796	6.88337e-10	2.86135e-09	1.24242	5.12673e-12	False	True
PSG4	0.500295	0.500295	7.07003e-06	1.91999e-05	4.82328	8.37309e-24	False	False
CTNND2	-0.498927	0.498927	2.88555e-09	1.12708e-08	-2.01266	2.35441e-12	False	False
ATP4A	-0.496772	0.496772	2.81785e-19	2.59003e-18	-1.82731	8.49665e-16	False	False
RBFOX1	0.493745	0.493745	0.00871113	0.0152409	2.60342	2.21843e-13	False	False
HSPA6	0.491518	0.491518	4.32941e-05	0.000106084	1.0644	3.4387e-07	False	True
CXCL1	0.48831	0.48831	1.98533e-08	7.09219e-08	2.12151	4.55625e-17	False	False
FAT2	0.48779	0.48779	5.04802e-05	0.0001226	1.1162	6.23048e-08	False	False
CD1B	0.484612	0.484612	2.79914e-10	1.20022e-09	3.26919	2.68615e-28	False	False
SCN9A	0.481306	0.481306	1.99124e-09	7.89349e-09	1.39882	1.30124e-13	False	False
FMO3	0.480585	0.480585	1.66695e-10	7.28628e-10	1.08869	2.36712e-11	False	True
IGLL5	0.479419	0.479419	1.85119e-05	4.7853e-05	4.02949	4.69892e-18	False	False
GRP	0.479056	0.479056	9.37167e-08	3.13102e-07	3.4569	1.87101e-24	False	False
FCGR1A	0.476762	0.476762	2.28775e-08	8.11068e-08	1.10977	6.76879e-10	False	True
TBC1D30	-0.47593	0.47593	1.60222e-47	9.06379e-46	-1.03074	5.65249e-51	False	False
NCAM2	0.474301	0.474301	5.41931e-08	1.85664e-07	1.14442	2.78061e-09	False	False
RETN	0.473927	0.473927	5.00111e-07	1.54113e-06	3.87096	2.81608e-32	False	False
CASS4	0.473441	0.473441	7.05013e-12	3.50263e-11	1.31675	7.10947e-17	False	False
ZDHHC8P1	-0.470758	0.470758	3.38601e-17	2.60002e-16	-1.00287	3.67313e-14	False	False
CR1	0.469082	0.469082	1.63759e-06	4.74659e-06	2.31399	1.33077e-22	False	False
DES	0.465723	0.465723	0.00752488	0.0132966	1.44232	2.91601e-06	False	False
GPR39	0.464988	0.464988	1.14872e-16	8.51358e-16	1.10565	8.51552e-20	False	False
NME8	-0.464267	0.464267	2.21345e-21	2.36061e-20	-2.40627	7.5101e-39	False	False
CNTN1	0.463793	0.463793	7.25019e-05	0.000172982	1.95896	4.58318e-10	False	False
PDE3B	0.463778	0.463778	5.1767e-09	1.97264e-08	1.16681	7.76966e-12	False	False
CD209	0.462136	0.462136	1.57626e-08	5.69866e-08	1.15445	1.0297e-10	False	True
CORIN	0.462007	0.462007	8.56508e-08	2.87384e-07	1.88573	5.15476e-20	False	False
TNFRSF17	0.459847	0.459847	0.000163344	0.000370474	3.181	2.92878e-17	False	False
MMP17	0.457135	0.457135	1.15759e-05	3.06474e-05	1.68309	6.92329e-12	False	False
ADAM23	0.456885	0.456885	5.68747e-11	2.60056e-10	2.04178	3.47838e-23	False	False
SIRPB1	0.455931	0.455931	1.72037e-07	5.58513e-07	1.31318	2.2358e-10	False	False
GAS1	0.450685	0.450685	0.00128976	0.00258218	1.25702	2.0333e-08	False	False
PYY	-0.450481	0.450481	4.54519e-25	6.23965e-24	-1.49872	6.88934e-20	False	False
LILRA6	0.449279	0.449279	6.79312e-10	2.82546e-09	1.35164	4.24732e-14	False	False
EPYC	0.448714	0.448714	0.000144406	0.000330014	6.05754	5.06021e-30	False	False
TESPA1	0.44852	0.44852	4.20314e-07	1.30415e-06	1.41355	2.16641e-16	False	False
FGF18	0.447353	0.447353	2.66654e-10	1.14546e-09	1.1068	3.22112e-12	False	True
SLC6A4	-0.447244	0.447244	5.01352e-33	1.23857e-31	-1.79313	5.76411e-38	False	False
PLA2G2D	0.445348	0.445348	0.00114999	0.00231779	2.29901	3.67389e-12	False	False
PIWIL2	-0.443742	0.443742	4.94238e-19	4.48298e-18	-1.13176	4.38707e-15	False	False
KCNC1	-0.442808	0.442808	5.00534e-45	2.46271e-43	-1.9301	1.87584e-41	False	False
PLA2G2E	0.441449	0.441449	1.42394e-13	8.26278e-13	5.34093	4.89428e-60	False	False
CCKBR	0.439728	0.439728	7.01438e-10	2.91374e-09	1.71544	1.16821e-17	False	False
HPSE2	0.439675	0.439675	1.96165e-07	6.32806e-07	1.24623	6.43707e-10	False	False
GZMB	0.437617	0.437617	7.98673e-06	2.15445e-05	1.38582	4.15469e-11	False	False
CXCL3	0.436128	0.436128	9.90347e-10	4.04357e-09	1.50524	8.24451e-13	False	False
KRT5	0.435806	0.435806	0.0122787	0.0209109	2.01932	4.30733e-07	False	False
BCAP29	-0.435055	0.435055	5.21097e-29	9.56433e-28	-1.06632	1.77965e-24	False	False
UBASH3A	0.433032	0.433032	1.39576e-07	4.57314e-07	1.70791	6.40842e-17	False	False
PLA2G5	0.432758	0.432758	0.000178023	0.000401822	1.16864	7.83626e-08	False	False
CALCA	0.432489	0.432489	0.0210511	0.0344238	2.95803	2.44169e-12	False	False
CD19	0.430843	0.430843	0.000834451	0.00171188	3.86827	2.23692e-28	False	False
MATN3	0.430253	0.430253	2.92386e-05	7.34415e-05	1.35626	3.36735e-10	False	False
NPAS1	0.428838	0.428838	1.8773e-09	7.45446e-09	1.09194	6.29811e-13	False	False
APOBEC3B	0.42882	0.42882	5.23317e-08	1.79497e-07	1.13468	3.29136e-10	False	False
CA7	0.425427	0.425427	1.50175e-08	5.44441e-08	1.7068	4.5162e-17	False	False
SOSTDC1	-0.423739	0.423739	2.74013e-08	9.63859e-08	-1.78078	1.5929e-09	False	False
NOS1AP	0.422714	0.422714	3.79819e-11	1.76635e-10	1.07224	1.50971e-14	False	False
CD101	0.421764	0.421764	1.4372e-12	7.61863e-12	1.11411	2.34728e-15	False	False
PCOLCE2	0.421432	0.421432	0.000516861	0.00109646	1.14805	9.92331e-06	False	False
PPBP	0.418528	0.418528	2.49897e-05	6.3285e-05	2.56124	7.25677e-17	False	False
GRAP2	0.416608	0.416608	1.01185e-07	3.36518e-07	1.35109	1.06343e-16	False	False
INSL3	0.416322	0.416322	2.88041e-23	3.5319e-22	2.78622	1.08571e-41	False	False
KRT16	0.414423	0.414423	7.5457e-05	0.000179448	3.04374	3.37802e-19	False	False
GZMK	0.414279	0.414279	2.45434e-06	7.00471e-06	2.26424	4.60128e-17	False	False
TNNT1	0.414269	0.414269	0.00154314	0.0030524	3.7736	2.01304e-25	False	False
MAT1A	-0.413554	0.413554	2.69796e-09	1.05627e-08	-1.53902	5.54886e-07	False	False
OR7E47P	-0.412702	0.412702	4.47739e-36	1.33072e-34	-1.85158	5.29537e-25	False	False
GPR171	0.411903	0.411903	1.34128e-08	4.88384e-08	1.20416	9.0017e-09	False	False
XCR1	0.411829	0.411829	2.89229e-07	9.15125e-07	2.70686	1.1796e-24	False	False
CNTN2	-0.411268	0.411268	2.71421e-34	7.27308e-33	-1.89717	1.45057e-23	False	False
CYP17A1	-0.406971	0.406971	1.29795e-14	8.20682e-14	-1.39079	2.00188e-13	False	False
CTRC	-0.404454	0.404454	1.89771e-13	1.08773e-12	-2.11742	1.57419e-14	False	False
ICAM3	0.403825	0.403825	4.13388e-09	1.59027e-08	2.02316	1.19911e-25	False	False
CRTAM	0.402143	0.402143	3.01771e-08	1.05896e-07	1.71005	5.12703e-18	False	False
IFNAR2	0.402002	0.402002	4.73469e-28	8.18955e-27	1.21544	7.14522e-35	False	False
FUT7	0.399339	0.399339	1.54441e-12	8.15008e-12	1.54823	4.43961e-16	False	False
PAX1	-0.398795	0.398795	2.29383e-06	6.55781e-06	-1.59292	0.00157109	False	False
PYHIN1	0.398728	0.398728	1.69971e-06	4.91934e-06	1.76805	1.332e-17	False	False
CD80	0.397564	0.397564	3.49425e-10	1.49008e-09	1.68218	1.20317e-17	False	False
TWIST1	0.395345	0.395345	6.98687e-05	0.000167006	1.10624	4.50907e-08	False	False
NXPH4	-0.393064	0.393064	2.72462e-09	1.06635e-08	-2.59614	3.59492e-40	False	False
ARSF	-0.392921	0.392921	2.50435e-12	1.29876e-11	-4.82892	8.96633e-48	False	False
DKK1	-0.391211	0.391211	5.04433e-08	1.73478e-07	-1.75796	5.29399e-15	False	False
SLC38A4	0.388882	0.388882	1.15304e-06	3.40361e-06	1.39957	1.91308e-09	False	False
ENDOU	-0.388365	0.388365	1.69995e-15	1.14339e-14	-1.01473	5.81537e-11	False	False
HAS1	0.387811	0.387811	0.000701114	0.00145905	3.48225	1.49854e-21	False	False
KCNJ13	-0.387753	0.387753	0.000196842	0.000441236	-1.10484	0.000318285	False	False
BEGAIN	-0.387374	0.387374	1.72557e-18	1.4788e-17	-1.2066	2.91719e-17	False	False
CNR1	0.385517	0.385517	0.000681724	0.00142122	1.2861	3.27123e-07	False	False
EGOT	0.385066	0.385066	9.15749e-11	4.11016e-10	1.59707	1.17943e-17	False	False
CTNNA2	-0.381051	0.381051	7.6169e-23	9.02772e-22	-2.61387	9.38229e-20	False	False
GABRR2	-0.379823	0.379823	4.06182e-23	4.92381e-22	-1.06797	3.31296e-22	False	False
P2RX3	-0.378747	0.378747	4.48128e-45	2.24256e-43	-2.61707	1.85149e-51	False	False
SMR3B	-0.377636	0.377636	3.68126e-08	1.28258e-07	-3.47747	3.88386e-16	False	False
SCN7A	0.377567	0.377567	0.000269938	0.000593944	1.66914	2.76728e-08	False	False
ABCA12	0.376783	0.376783	6.52312e-09	2.45298e-08	1.70085	7.59213e-20	False	False
CSDC2	0.376475	0.376475	1.82229e-08	6.54572e-08	1.80419	3.42286e-15	False	False
GLI2	0.37642	0.37642	2.54756e-07	8.10431e-07	1.08393	9.07543e-11	False	False
BAALC	0.376018	0.376018	1.69121e-05	4.39992e-05	1.03016	4.60975e-08	False	False
CACNA1B	-0.375867	0.375867	6.41777e-08	2.18212e-07	-1.27914	5.38239e-08	False	False
PROC	0.375678	0.375678	7.10145e-07	2.15121e-06	1.06914	3.06846e-09	False	False
ALDH3B2	0.375022	0.375022	1.77361e-10	7.74385e-10	2.441	3.79233e-23	False	False
F12	-0.374966	0.374966	9.00096e-12	4.43049e-11	-1.25834	5.55193e-16	False	False
S100A3	0.374674	0.374674	2.87481e-14	1.76621e-13	1.42714	7.59905e-21	False	False
PAX5	0.374567	0.374567	0.00596743	0.0107126	3.89506	1.8177e-26	False	False
TUBA4B	-0.370814	0.370814	1.18813e-23	1.48961e-22	-2.35237	1.7348e-22	False	False
CHRNA4	-0.370181	0.370181	0.0027506	0.00523902	-1.21667	0.000663552	False	False
SLC15A1	-0.37013	0.37013	7.1748e-17	5.39261e-16	-1.50588	2.45229e-14	False	False
SPRR1B	0.36797	0.36797	5.64437e-05	0.000136308	4.89272	4.5435e-27	False	False
KLK15	-0.367235	0.367235	8.68806e-12	4.28548e-11	-2.15707	9.0772e-09	False	False
PI15	0.367172	0.367172	3.58741e-07	1.12232e-06	2.44541	3.86774e-22	False	False
GJB1	-0.365904	0.365904	1.80582e-20	1.81512e-19	-2.8602	2.34377e-15	False	False
UPK2	0.365594	0.365594	9.30922e-07	2.77735e-06	2.44888	3.98262e-21	False	False
SHOX2	0.36497	0.36497	2.03163e-09	8.04272e-09	1.79461	6.50314e-19	False	False
VASH2	0.364361	0.364361	2.14691e-09	8.47718e-09	1.21866	8.52955e-17	False	False
TCN1	0.363506	0.363506	2.44284e-05	6.19438e-05	4.56765	5.45984e-42	False	False
NKX3-2	0.363343	0.363343	3.07508e-07	9.70859e-07	2.88776	4.56623e-24	False	False
AIM2	0.363241	0.363241	2.82908e-05	7.11829e-05	2.37613	5.66566e-20	False	False
EGFL6	0.362614	0.362614	8.44907e-06	2.27393e-05	1.06168	9.77771e-06	False	False
ZFR2	-0.361706	0.361706	4.07784e-05	0.000100255	-1.12139	1.86661e-06	False	False
OXCT2	-0.360248	0.360248	4.87934e-10	2.06271e-09	-1.42079	1.17038e-12	False	False
TNFSF8	0.359707	0.359707	2.1144e-05	5.41904e-05	1.06335	9.48988e-08	False	False
SLC26A3	-0.355819	0.355819	6.01812e-28	1.02729e-26	-2.38717	3.6253e-24	False	False
P2RX1	0.355509	0.355509	5.876e-06	1.61105e-05	1.50357	3.81317e-11	False	False
FLT3	0.352776	0.352776	4.12232e-08	1.42818e-07	2.4382	7.07727e-27	False	False
MYLPF	0.350271	0.350271	2.04209e-08	7.28607e-08	1.283	2.79881e-16	False	False
LTA	0.348015	0.348015	1.70187e-08	6.12633e-08	2.53264	4.18645e-27	False	False
GABRA5	-0.346817	0.346817	4.05717e-16	2.85514e-15	-3.03053	9.02426e-26	False	False
SPOCK3	0.343475	0.343475	0.000477613	0.00101651	3.81859	2.2309e-27	False	False
STAP1	0.342052	0.342052	4.35864e-05	0.000106666	3.30257	8.59295e-30	False	False
TMEM156	0.341182	0.341182	3.42622e-05	8.51465e-05	1.50312	1.93688e-14	False	False
DUSP26	-0.340708	0.340708	2.10069e-09	8.31051e-09	-1.0525	1.40277e-06	False	False
CDH15	0.340259	0.340259	1.568e-07	5.11599e-07	1.60965	2.45018e-13	False	False
RBP4	0.339341	0.339341	0.000120656	0.00027818	1.06894	1.48917e-07	False	False
STYK1	0.338334	0.338334	5.11867e-12	2.57031e-11	1.57845	5.79291e-18	False	False
OSR2	0.338292	0.338292	8.07379e-05	0.000190882	1.40159	6.98774e-09	False	False
CCR3	0.337477	0.337477	1.38055e-07	4.52581e-07	1.14624	4.08246e-10	False	False
CCL23	0.334205	0.334205	9.97042e-14	5.85525e-13	2.61967	1.25695e-33	False	False
PRSS12	0.333739	0.333739	0.00181972	0.00356445	1.31689	2.45095e-07	False	False
VSNL1	0.330466	0.330466	9.07126e-05	0.000213131	1.87806	3.64189e-12	False	False
CD40LG	0.329009	0.329009	1.55357e-05	4.05806e-05	1.86065	7.75444e-17	False	False
ORM1	-0.328626	0.328626	2.73065e-07	8.65382e-07	-1.5574	6.22593e-08	False	False
SLCO5A1	0.327617	0.327617	4.11667e-07	1.27834e-06	3.03445	3.76053e-31	False	False
ADCY2	-0.325857	0.325857	7.18537e-05	0.000171541	-1.55628	1.94267e-10	False	False
ZNF804A	-0.325279	0.325279	2.01996e-10	8.78015e-10	-1.7936	3.7913e-21	False	False
HOXD1	0.323587	0.323587	9.01091e-06	2.41847e-05	4.46226	1.28932e-31	False	False
PIP	-0.322136	0.322136	2.08362e-36	6.37056e-35	-3.94019	5.16741e-37	False	False
TRAT1	0.321465	0.321465	1.06436e-05	2.83009e-05	2.30649	9.58587e-20	False	False
WNT2	0.319801	0.319801	6.16641e-06	1.68791e-05	3.10904	1.80822e-22	False	False
SLC52A1	-0.316713	0.316713	0.000111858	0.000259349	-1.05401	2.02291e-07	False	False
ADAM11	-0.316009	0.316009	8.64972e-10	3.54899e-09	-1.22419	2.38063e-14	False	False
CCL24	0.315871	0.315871	5.03382e-06	1.39286e-05	2.69249	6.43839e-22	False	False
IBSP	0.315025	0.315025	1.08226e-06	3.20355e-06	2.7866	6.34171e-19	False	False
VNN2	0.314121	0.314121	9.6243e-05	0.000225401	1.44793	8.09764e-13	False	False
CACNA1E	0.312477	0.312477	0.0128283	0.021774	2.44112	1.57955e-13	False	False
P2RX5	0.312168	0.312168	0.000158802	0.000360881	3.00099	6.41551e-24	False	False
TMEM40	0.311647	0.311647	1.75069e-05	4.53754e-05	3.36303	5.95334e-29	False	False
MYL3	-0.310032	0.310032	3.1499e-08	1.10303e-07	-1.00599	3.51073e-14	False	False
ALB	-0.308463	0.308463	0.000744861	0.0015435	-1.08442	1.20998e-11	False	False
ONECUT2	-0.308147	0.308147	1.93409e-37	6.20497e-36	-1.61541	1.19975e-30	False	False
NDP	-0.307695	0.307695	1.86319e-10	8.12285e-10	-1.68696	1.62298e-12	False	False
FCRL2	0.306681	0.306681	0.000649337	0.00135854	4.47032	3.53907e-27	False	False
INHA	-0.305263	0.305263	3.32033e-12	1.69861e-11	-1.01865	5.46166e-12	False	False
SERPINB2	0.302709	0.302709	9.02671e-08	3.02267e-07	3.54203	1.243e-25	False	False
SPIB	0.301132	0.301132	0.00221486	0.00427635	2.60495	1.70293e-18	False	False
VSX1	-0.300865	0.300865	1.2051e-09	4.8779e-09	-1.94682	4.51829e-16	False	False
GPR37	0.300292	0.300292	0.000377101	0.000813083	1.48668	1.24113e-08	False	False
CA5A	-0.299463	0.299463	3.72586e-33	9.30272e-32	-1.70544	4.756e-23	False	False
SLC4A8	0.299417	0.299417	9.6852e-05	0.000226646	1.01157	7.26853e-08	False	False
CHAC1	-0.299194	0.299194	0.00199942	0.0038873	-1.14834	8.7386e-09	False	False
DMBT1	0.297988	0.297988	0.000757064	0.00156697	1.69896	5.23007e-08	False	False
TACR1	0.295971	0.295971	9.21626e-09	3.42285e-08	1.00725	2.1457e-10	False	False
PNOC	0.292952	0.292952	2.4984e-05	6.32841e-05	3.23987	2.30786e-20	False	False
TUBB3	0.290562	0.290562	4.55707e-20	4.47303e-19	2.49199	7.46821e-38	False	False
FPR2	0.29029	0.29029	4.01765e-06	1.12579e-05	2.6652	1.1612e-21	False	False
PART1	-0.290134	0.290134	7.08263e-10	2.94105e-09	-2.23075	4.71326e-12	False	False
CCR9	0.286913	0.286913	7.5648e-07	2.28427e-06	3.89245	3.80156e-32	False	False
CLCA2	0.283985	0.283985	0.00195375	0.00380989	2.50546	8.64456e-16	False	False
SLC19A3	0.282983	0.282983	6.8148e-08	2.30907e-07	2.57877	1.82132e-22	False	False
FAM131B	0.281593	0.281593	1.18861e-11	5.78015e-11	1.01151	1.58761e-17	False	False
GPA33	0.280564	0.280564	2.01132e-08	7.18065e-08	2.4003	1.06139e-24	False	False
AMPD1	0.279381	0.279381	0.000277161	0.000608807	3.90277	3.23466e-18	False	False
LYPD1	0.278083	0.278083	2.53049e-07	8.05217e-07	1.55927	1.77431e-14	False	False
TREML2	0.277811	0.277811	8.42959e-08	2.83081e-07	2.61773	1.21613e-32	False	False
HNF1B	0.276623	0.276623	0.00227254	0.00437904	2.15582	3.86533e-13	False	False
PPP4R4	0.276358	0.276358	3.03486e-08	1.06434e-07	1.18737	9.27231e-14	False	False
RNASE2	0.272682	0.272682	3.26587e-08	1.14193e-07	1.50765	7.76767e-13	False	False
CGREF1	0.272466	0.272466	2.96879e-07	9.39076e-07	1.36712	3.25428e-11	False	False
SLC5A1	-0.271269	0.271269	5.90701e-11	2.69148e-10	-2.34721	1.60801e-15	False	False
LY6D	0.269883	0.269883	0.000150012	0.000342033	3.78364	9.08065e-20	False	False
CHAT	0.269862	0.269862	0.00312084	0.00587919	4.8502	7.10793e-22	False	False
BARX1	-0.268691	0.268691	0.00249512	0.00477963	-1.01284	0.000270678	False	False
AZU1	0.267586	0.267586	0.000192853	0.000433233	2.51608	1.60322e-17	False	False
XPNPEP2	0.266721	0.266721	1.25577e-05	3.31195e-05	2.00207	2.43872e-14	False	False
INHBE	-0.264677	0.264677	2.47128e-07	7.88089e-07	-1.18275	0.00162738	False	False
XCL1	0.2646	0.2646	4.03076e-07	1.25333e-06	1.32934	9.7491e-10	False	False
LGR5	0.264151	0.264151	4.9219e-06	1.3638e-05	2.79576	1.46356e-18	False	False
PVALB	-0.264104	0.264104	1.30781e-06	3.83918e-06	-2.1226	5.69455e-16	False	False
CALB2	0.259979	0.259979	0.00151836	0.00300613	1.28302	3.49456e-05	False	False
C8B	-0.259658	0.259658	3.40844e-10	1.45455e-09	-1.79785	9.04639e-07	False	False
PITX3	0.257094	0.257094	1.34553e-09	5.41823e-09	2.09912	1.41706e-19	False	False
POU3F1	0.25567	0.25567	0.00051045	0.00108345	1.51227	1.10599e-08	False	False
TH	0.254975	0.254975	1.06422e-08	3.92504e-08	2.25604	1.43051e-21	False	False
NPTX1	0.254525	0.254525	7.55134e-05	0.000179545	2.24245	3.0905e-16	False	False
PTPRN	0.253528	0.253528	9.74936e-05	0.000227965	2.97799	4.54449e-25	False	False
ARL14	0.252521	0.252521	0.000768966	0.00158895	1.33306	2.66033e-07	False	False
GRIA3	0.252323	0.252323	0.0299752	0.0475494	1.02822	0.00209983	False	False
TCL1A	0.25098	0.25098	0.0274692	0.0438952	3.94804	6.32876e-22	False	False
PTGDS	0.250206	0.250206	6.33639e-05	0.000152172	1.10696	3.05536e-06	False	False
TNFRSF13B	0.249267	0.249267	0.000607486	0.00127645	3.31316	6.51444e-22	False	False
PTGER1	0.248901	0.248901	2.66404e-07	8.45418e-07	1.5189	2.06436e-12	False	False
LPAR3	0.245325	0.245325	1.46926e-05	3.8516e-05	1.44553	1.89586e-09	False	False
CNNM1	-0.244844	0.244844	2.21814e-13	1.26151e-12	-1.76813	1.09771e-13	False	False
FAM83E	0.243802	0.243802	0.000383503	0.00082643	2.83627	6.15818e-19	False	False
CYP11A1	0.243479	0.243479	5.62056e-06	1.54536e-05	1.31285	2.26513e-08	False	False
NEUROG2	-0.243458	0.243458	2.15466e-07	6.908e-07	-3.58979	1.10322e-15	False	False
FASLG	0.243177	0.243177	9.94856e-05	0.000232252	1.15565	3.22236e-07	False	False
NCAN	-0.242996	0.242996	1.12036e-29	2.17569e-28	-1.78367	2.76047e-27	False	False
TNF	0.241887	0.241887	0.000270439	0.000594823	1.0627	1.04901e-05	False	False
PPEF1	0.24078	0.24078	4.22338e-05	0.000103594	1.14129	1.21517e-08	False	False
IL18RAP	0.240444	0.240444	1.26843e-10	5.622e-10	1.11873	1.00924e-12	False	False
FOXA1	0.239584	0.239584	0.000228615	0.000507984	1.59676	5.17413e-09	False	False
RFX4	-0.239458	0.239458	6.09183e-30	1.20703e-28	-2.23738	4.11017e-19	False	False
MMP10	0.239128	0.239128	3.03005e-05	7.59621e-05	2.78259	2.31594e-18	False	False
CADM3-AS1	0.236769	0.236769	6.43966e-08	2.18829e-07	1.54733	1.1789e-13	False	False
SIGLEC7	0.235612	0.235612	0.000433857	0.000928448	1.10063	1.0197e-10	False	False
DNTT	-0.233479	0.233479	2.88023e-28	5.01896e-27	-2.45421	1.29072e-14	False	False
FCER2	0.233117	0.233117	0.0204638	0.0335383	2.90747	6.71022e-19	False	False
FRMPD1	-0.230814	0.230814	5.41751e-15	3.53224e-14	-1.25543	2.05593e-12	False	False
CDSN	0.229276	0.229276	1.09785e-23	1.38383e-22	3.25213	1.04254e-39	False	False
TNNI2	0.228492	0.228492	0.000633174	0.00132685	1.19569	6.47349e-08	False	False
GZMM	0.227977	0.227977	0.00303124	0.00572421	1.01012	1.49925e-07	False	False
F7	0.227368	0.227368	1.43942e-06	4.19608e-06	1.51795	1.87897e-12	False	False
KCND2	0.226541	0.226541	1.14767e-05	3.03918e-05	1.9003	3.98713e-13	False	False
GNRH2	-0.226139	0.226139	1.38494e-29	2.65863e-28	-1.72649	5.72709e-33	False	False
GAD1	-0.225474	0.225474	1.04316e-09	4.24885e-09	-2.31408	7.98626e-30	False	False
NTS	0.225081	0.225081	0.000345926	0.000750285	1.96572	1.04923e-07	False	False
LINC00652	-0.223564	0.223564	2.35148e-17	1.83907e-16	-1.14607	2.40634e-14	False	False
TUBB2B	0.223354	0.223354	0.000107865	0.000250764	1.37497	2.80812e-09	False	False
CEACAM5	0.222788	0.222788	0.000961456	0.00196041	3.84537	2.66143e-18	False	False
CCL7	0.222411	0.222411	9.89379e-11	4.42537e-10	2.96754	5.76703e-22	False	False
MYOZ3	0.220328	0.220328	1.94764e-06	5.59844e-06	1.07348	2.40447e-12	False	False
NCR3	0.218728	0.218728	3.37451e-05	8.39683e-05	1.80637	1.43143e-15	False	False
CACNA1G	0.217183	0.217183	0.0119458	0.0203974	1.05745	1.90188e-05	False	False
ASTN1	-0.217064	0.217064	1.13474e-05	3.00628e-05	-1.12944	9.584e-08	False	False
NTF3	0.216765	0.216765	0.00141766	0.00281992	1.40416	1.39778e-07	False	False
GBA3	-0.216759	0.216759	2.47279e-06	7.05566e-06	-1.15226	0.00104199	False	False
LINC00574	0.216688	0.216688	2.25274e-13	1.2787e-12	2.22103	1.45264e-27	False	False
PRTN3	0.21656	0.21656	7.9806e-06	2.15329e-05	1.14842	2.25155e-07	False	False
CCR8	0.214494	0.214494	1.28642e-05	3.38974e-05	1.69982	7.63129e-11	False	False
GABRA6	0.212627	0.212627	1.45476e-21	1.57442e-20	4.02729	1.95754e-50	False	False
MS4A2	0.211781	0.211781	4.58539e-05	0.000111923	1.39311	3.72892e-07	False	False
CYP19A1	0.209767	0.209767	0.000661897	0.00138235	2.02878	1.21362e-12	False	False
PADI1	0.208267	0.208267	5.29102e-08	1.81429e-07	3.92716	2.70583e-36	False	False
CABYR	0.205654	0.205654	0.000770093	0.00159072	1.01485	4.74487e-07	False	False
FZD9	-0.205193	0.205193	3.42929e-16	2.43228e-15	-1.3112	1.57033e-11	False	False
NR2E1	-0.203283	0.203283	3.49953e-18	2.9292e-17	-4.49422	5.80048e-32	False	False
ELANE	0.203193	0.203193	0.000771212	0.00159275	3.05907	8.14843e-18	False	False
GGTLC2	-0.200715	0.200715	0.00012727	0.000292405	-1.00587	4.48768e-05	False	False
PTPRH	0.200693	0.200693	3.42811e-08	1.19688e-07	1.70565	7.20271e-21	False	False
TCHH	0.20052	0.20052	6.68072e-10	2.78079e-09	1.2546	1.50736e-15	False	False
HTR1D	0.200129	0.200129	1.24996e-05	3.29886e-05	1.62793	5.18929e-19	False	False
INA	0.19917	0.19917	0.000621707	0.00130469	1.24446	6.12469e-07	False	False
GRIA2	0.197809	0.197809	0.000239753	0.000531122	2.49572	7.13487e-13	False	False
BMPR1B	0.197353	0.197353	9.13211e-05	0.000214432	1.51496	2.8249e-09	False	False
OPRD1	-0.197121	0.197121	3.96524e-13	2.20899e-12	-1.16954	4.71778e-14	False	False
PRG4	0.194445	0.194445	0.0261349	0.0419233	1.26841	1.6068e-07	False	False
PFKFB1	-0.192944	0.192944	3.53766e-11	1.65373e-10	-1.00861	2.52006e-11	False	False
BTNL8	-0.191903	0.191903	2.3816e-08	8.42299e-08	-1.38578	4.66214e-09	False	False
KCNJ6	0.190274	0.190274	3.85922e-05	9.51599e-05	2.60986	3.02303e-15	False	False
GP6	-0.189579	0.189579	7.24959e-13	3.93934e-12	-1.03028	1.65441e-12	False	False
SERPINB5	0.189021	0.189021	0.0174566	0.02902	2.13602	2.81072e-08	False	False
GPR18	0.188952	0.188952	0.00378907	0.0070395	1.56213	1.49846e-12	False	False
CXCR2	0.188545	0.188545	6.5257e-07	1.98431e-06	1.09402	2.92313e-10	False	False
JAKMIP2	0.188247	0.188247	3.80917e-06	1.06916e-05	1.40404	4.97344e-11	False	False
GPR1	0.185989	0.185989	0.00573855	0.0103446	1.14171	0.000112131	False	False
DIO3	0.185058	0.185058	0.000238547	0.000528751	1.82296	8.41841e-08	False	False
LBP	0.184947	0.184947	0.00136151	0.00271421	3.86279	9.0868e-19	False	False
GBX2	0.184939	0.184939	0.000562507	0.00118598	1.84992	2.59875e-08	False	False
EN1	0.184337	0.184337	1.05179e-06	3.1181e-06	1.91359	1.80174e-14	False	False
PLEKHS1	0.184137	0.184137	0.00129514	0.00259162	2.32226	2.32057e-14	False	False
KISS1	0.183294	0.183294	0.00103888	0.00211055	1.65756	1.11756e-10	False	False
RPH3A	-0.18286	0.18286	6.49908e-06	1.7744e-05	-1.57489	9.2782e-10	False	False
MMP3	0.181842	0.181842	0.000477762	0.00101664	4.1975	8.22981e-19	False	False
LAIR2	0.181295	0.181295	7.94719e-09	2.97416e-08	1.81699	1.55264e-14	False	False
SLC18A2	0.180586	0.180586	2.39233e-05	6.0742e-05	1.41641	1.27205e-09	False	False
DMP1	0.180056	0.180056	0.000813549	0.00167252	2.17563	4.03259e-10	False	False
RAB3B	0.179696	0.179696	4.83847e-05	0.00011772	1.45209	1.13461e-09	False	False
KRT6B	0.178916	0.178916	0.0185456	0.0306952	3.51125	1.29017e-12	False	False
OR3A2	-0.175931	0.175931	3.47416e-07	1.08922e-06	-2.4262	1.12278e-12	False	False
HTR1E	-0.175924	0.175924	3.53033e-06	9.9447e-06	-1.3527	0.000304799	False	False
ACTC1	0.175412	0.175412	0.0292579	0.0465061	1.2002	8.60916e-06	False	False
PTPRZ1	0.17461	0.17461	8.85179e-06	2.37794e-05	1.97325	7.15726e-15	False	False
PTGFR	0.173908	0.173908	0.000543435	0.00114888	1.76021	1.55299e-07	False	False
SLITRK3	-0.172	0.172	1.70767e-06	4.93991e-06	-1.31037	1.20066e-06	False	False
IL37	0.171483	0.171483	0.00294963	0.00558451	4.59056	7.99718e-21	False	False
HMGCS2	-0.171401	0.171401	5.37649e-05	0.000130161	-1.43303	0.00208038	False	False
DRP2	0.169819	0.169819	1.70435e-05	4.42821e-05	2.83648	5.29979e-19	False	False
KIAA0319	0.167607	0.167607	0.00851091	0.0149263	1.01524	7.12041e-07	False	False
CYP26A1	0.166885	0.166885	3.5273e-05	8.75471e-05	2.87479	1.2621e-15	False	False
PTPRT	0.166109	0.166109	0.0316094	0.049932	1.14531	0.000346987	False	False
MYLK3	-0.16559	0.16559	0.00012178	0.000280552	-1.74079	5.43842e-22	False	False
SLC1A7	0.165179	0.165179	0.000796683	0.00164101	1.19917	1.34025e-06	False	False
IFNG	0.164563	0.164563	0.000388249	0.000835274	1.85808	1.68873e-09	False	False
RGS13	0.164239	0.164239	0.0204529	0.0335251	2.88073	4.34417e-17	False	False
C4BPA	-0.162626	0.162626	4.72435e-12	2.38355e-11	-1.68672	1.11428e-15	False	False
CDH19	0.160554	0.160554	0.00557737	0.0100726	1.84599	5.97375e-06	False	False
CDH17	0.160343	0.160343	9.50946e-06	2.54295e-05	1.33804	6.27941e-13	False	False
TSPAN8	0.159822	0.159822	0.0276713	0.0441821	1.00478	0.00056844	False	False
SH3GL3	-0.158808	0.158808	4.45252e-11	2.05839e-10	-1.86246	3.92794e-14	False	False
CEACAM4	0.158585	0.158585	3.21594e-05	8.02964e-05	1.45406	8.51537e-10	False	False
DRD1	-0.157534	0.157534	1.26031e-08	4.60188e-08	-2.28674	1.00132e-16	False	False
HAPLN2	-0.156699	0.156699	2.22601e-07	7.12397e-07	-1.03073	8.39205e-06	False	False
SLC5A7	-0.154308	0.154308	0.00171455	0.003367	-1.28715	0.0056469	False	False
OLFM4	-0.149489	0.149489	0.00328513	0.00616291	-1.09915	0.000750931	False	False
APOA2	-0.148413	0.148413	0.00183715	0.0035945	-2.00461	4.55458e-06	False	False
GCGR	0.147019	0.147019	0.0163278	0.0272596	1.98043	3.02303e-10	False	False
APOA4	-0.146059	0.146059	7.73034e-34	2.02059e-32	-4.33817	2.80937e-24	False	False
IL1RAPL1	-0.145321	0.145321	2.18234e-06	6.24975e-06	-2.31515	4.13863e-11	False	False
HS3ST3A1	0.145167	0.145167	0.0129818	0.0220219	1.00384	0.000642743	False	False
ADCYAP1	0.144819	0.144819	0.000826532	0.00169676	1.5948	3.51333e-07	False	False
WNT16	0.144389	0.144389	0.000124847	0.000287222	2.1533	1.13887e-16	False	False
NTRK1	0.142987	0.142987	4.8858e-07	1.50718e-06	2.26866	2.18203e-18	False	False
PNPLA3	0.140528	0.140528	7.04362e-11	3.19075e-10	1.72055	2.29098e-22	False	False
UTS2	0.139759	0.139759	0.00730509	0.0129316	1.70207	5.48526e-07	False	False
FRMPD4	0.138664	0.138664	0.00578397	0.0104136	4.50756	1.88857e-18	False	False
AHSG	-0.138511	0.138511	3.69201e-07	1.15351e-06	-1.73893	6.27194e-06	False	False
SYT5	0.13767	0.13767	0.0198626	0.0326628	1.16319	2.08573e-06	False	False
DOC2A	-0.137201	0.137201	1.3443e-10	5.93806e-10	-1.08644	7.45983e-11	False	False
WT1	0.136988	0.136988	0.00305531	0.00576501	2.35886	1.91122e-11	False	False
IL1RAPL2	0.136567	0.136567	1.66156e-05	4.3276e-05	3.89477	1.23216e-22	False	False
PCDH11X	-0.135803	0.135803	0.000698701	0.00145428	-1.36257	0.000663405	False	False
TNR	0.135734	0.135734	0.00858568	0.0150439	1.36713	5.90799e-06	False	False
GABRB1	-0.135659	0.135659	1.51456e-08	5.48406e-08	-1.62513	3.0221e-07	False	False
ADRB3	0.134958	0.134958	9.24442e-07	2.76013e-06	2.78389	1.70353e-21	False	False
IL11	0.13356	0.13356	0.00213896	0.0041373	1.56115	3.3342e-10	False	False
LILRA4	0.132696	0.132696	0.00373272	0.00694252	1.38916	1.36603e-06	False	False
ALX4	-0.131503	0.131503	1.1507e-07	3.80534e-07	-1.13586	2.72318e-06	False	False
HCAR3	0.13136	0.13136	1.74604e-07	5.66375e-07	1.65675	7.14148e-11	False	False
ROS1	0.131331	0.131331	0.0284027	0.0452819	3.00114	2.97417e-12	False	False
PSG5	0.131232	0.131232	0.000238008	0.000527656	3.30097	3.04858e-17	False	False
GALR2	0.130561	0.130561	0.00024346	0.000538823	1.02896	1.51272e-07	False	False
PSG6	0.13051	0.13051	6.96628e-05	0.000166582	4.34496	5.5645e-18	False	False
RHCG	-0.130356	0.130356	2.63912e-10	1.13451e-09	-2.13285	6.44854e-15	False	False
PPY	-0.128285	0.128285	0.00363565	0.00677597	-1.87969	0.000169333	False	False
EGR4	-0.127089	0.127089	2.00207e-05	5.14353e-05	-1.85889	6.299e-11	False	False
TNIP3	0.12688	0.12688	0.000220827	0.000491519	1.16547	1.94779e-06	False	False
SOAT2	0.125793	0.125793	3.27632e-07	1.02912e-06	1.52941	1.66356e-15	False	False
PRSS21	0.12538	0.12538	0.00157047	0.00310226	1.76239	5.72102e-09	False	False
C22orf31	-0.12491	0.12491	1.38315e-06	4.04436e-06	-1.36318	4.01228e-12	False	False
MLNR	-0.124262	0.124262	4.80761e-06	1.335e-05	-1.7915	6.41757e-09	False	False
GABRP	0.121436	0.121436	4.04298e-06	1.13207e-05	1.01701	3.59823e-10	False	False
TPSD1	0.119711	0.119711	0.0179549	0.0297934	1.75373	3.90569e-06	False	False
GPR12	0.118764	0.118764	0.00040319	0.000865509	3.10346	4.89794e-14	False	False
CDH10	-0.117988	0.117988	0.000149729	0.000341513	-1.0428	0.00787578	False	False
LRRTM4	-0.117415	0.117415	0.000376716	0.000812702	-2.30308	1.364e-06	False	False
GRM3	-0.115617	0.115617	6.29889e-10	2.63428e-09	-1.90451	5.45444e-14	False	False
PDE6A	0.115539	0.115539	2.13805e-08	7.60759e-08	1.58651	3.05779e-16	False	False
P2RY4	0.112853	0.112853	8.13584e-07	2.4466e-06	1.27102	2.46063e-11	False	False
GLRA1	0.112058	0.112058	0.0101658	0.0175577	3.62548	9.48953e-11	False	False
BCL2L14	0.110102	0.110102	7.73223e-05	0.000183325	1.23587	1.54185e-08	False	False
ELAVL4	0.109817	0.109817	1.22208e-07	4.02886e-07	1.16358	1.5082e-10	False	False
SP3P	-0.107898	0.107898	4.14557e-05	0.000101813	-1.50387	2.47144e-08	False	False
DCC	0.107482	0.107482	0.0114591	0.0196293	1.54679	1.30663e-06	False	False
SLC13A2	-0.107342	0.107342	8.0892e-06	2.18109e-05	-1.87433	2.91471e-06	False	False
KERA	0.107083	0.107083	0.000255042	0.000563074	4.06554	1.41068e-12	False	False
STEAP1B	0.106747	0.106747	2.24871e-06	6.43352e-06	1.09606	9.12864e-11	False	False
SFRP5	0.106433	0.106433	0.00642781	0.0114688	2.37588	5.27395e-10	False	False
ELF5	0.105357	0.105357	4.52553e-08	1.56232e-07	1.49093	1.40979e-13	False	False
MATN4	0.104897	0.104897	0.00144743	0.00287717	1.02335	1.99528e-06	False	False
NTNG1	0.104717	0.104717	0.00112679	0.00227416	1.08103	1.87947e-05	False	False
C6orf15	0.103872	0.103872	5.91053e-09	2.23771e-08	4.1468	8.58415e-24	False	False
LUZP2	0.103299	0.103299	0.00109809	0.00222198	1.49871	1.24738e-08	False	False
SCRG1	0.103231	0.103231	0.00118791	0.00239011	1.03138	6.39698e-06	False	False
IGLJ3	0.100253	0.100253	1.05502e-05	2.80842e-05	2.66393	0.00034242	False	False
TRAV12-2	0.0996306	0.0996306	0.00112547	0.00227189	1.60756	2.35162e-09	False	False
NTN3	-0.0988872	0.0988872	4.40313e-15	2.88371e-14	-1.44299	4.39724e-14	False	False
KLK8	0.0982069	0.0982069	5.00458e-06	1.3851e-05	3.05403	3.75738e-17	False	False
GPR25	0.0970908	0.0970908	0.00198767	0.00386778	1.77536	9.91538e-10	False	False
IL12B	0.0963377	0.0963377	0.000103814	0.000241966	2.43171	1.5787e-15	False	False
ANKRD55	0.0943986	0.0943986	0.000166482	0.000377006	1.13696	1.85555e-08	False	False
AMHR2	-0.0940654	0.0940654	1.20037e-05	3.17084e-05	-1.16406	9.52191e-08	False	False
HRG	-0.093615	0.093615	0.000192692	0.000433011	-1.67176	5.47261e-11	False	False
MYT1L	-0.0935904	0.0935904	2.51886e-13	1.4263e-12	-1.52986	1.33318e-10	False	False
PLAC1	-0.0924078	0.0924078	3.81094e-10	1.62159e-09	-1.84535	1.94644e-10	False	False
ANXA2P3	0.0915847	0.0915847	3.44552e-16	2.44231e-15	1.55457	1.70853e-10	False	False
TACR3	-0.0907481	0.0907481	7.63232e-08	2.57489e-07	-2.27307	1.5929e-11	False	False
CDX1	0.0906141	0.0906141	0.000109616	0.00025443	1.26037	2.33845e-07	False	False
PI3	0.0899178	0.0899178	0.00108374	0.00219598	1.81512	2.73727e-08	False	False
CA10	0.0898145	0.0898145	0.0100011	0.0172912	1.86006	4.57939e-08	False	False
DNAI2	-0.0895884	0.0895884	2.92922e-09	1.14375e-08	-1.59696	9.28805e-21	False	False
HCG9	-0.0890191	0.0890191	1.31227e-08	4.78119e-08	-1.15829	4.80546e-17	False	False
DAB1	0.0878678	0.0878678	9.69579e-05	0.000226849	1.31061	2.16674e-13	False	False
NELL1	-0.0875245	0.0875245	2.9674e-13	1.6714e-12	-2.53051	5.09784e-15	False	False
INSRR	0.0871065	0.0871065	0.00021718	0.000483769	2.49937	1.41433e-13	False	False
RPL23AP32	-0.0870619	0.0870619	2.69586e-07	8.54588e-07	-1.07331	1.39041e-05	False	False
BCAS1	0.0870128	0.0870128	0.000418761	0.000896798	1.09934	6.99351e-07	False	False
AMELY	-0.0868976	0.0868976	0.000532602	0.00112764	-1.65039	0.0408367	False	False
TM6SF2	-0.0857871	0.0857871	0.000295038	0.000645293	-1.42962	6.48275e-10	False	False
CLCN1	0.0848523	0.0848523	3.47238e-05	8.62204e-05	1.15715	1.10531e-08	False	False
SERPINB7	0.0842836	0.0842836	0.000382959	0.00082541	3.07886	1.3736e-14	False	False
FOXG1	0.0828569	0.0828569	0.00112484	0.00227158	2.21893	4.07448e-10	False	False
AQP8	0.0828464	0.0828464	0.0043461	0.00799447	1.21759	1.32193e-07	False	False
MT1HL1	-0.0828209	0.0828209	0.000299961	0.000655324	-1.49024	0.000173922	False	False
ZBBX	-0.0821234	0.0821234	8.59015e-07	2.57331e-06	-1.3916	9.37347e-08	False	False
OTOF	0.0820828	0.0820828	0.00100985	0.00205658	1.01365	4.29058e-06	False	False
GRIA4	-0.0809936	0.0809936	4.06863e-06	1.13898e-05	-1.20276	3.83911e-09	False	False
MMP20	0.0808012	0.0808012	5.18955e-07	1.59752e-06	3.81683	1.40849e-18	False	False
CEACAM8	0.0793356	0.0793356	0.0300872	0.0477149	3.32892	3.49366e-12	False	False
CLEC4A	0.0789462	0.0789462	1.6356e-09	6.52568e-09	1.10077	7.73897e-08	False	False
KRT1	0.0789449	0.0789449	0.000217536	0.00048447	1.375	4.66032e-06	False	False
EFNA2	0.0789007	0.0789007	0.00130396	0.0026057	1.7665	3.65407e-12	False	False
SPRR3	0.0774018	0.0774018	0.0277356	0.0442725	4.07388	3.13835e-13	False	False
CRISP2	-0.0767859	0.0767859	0.00172271	0.00338131	-1.3992	0.0120595	False	False
ATP2B3	-0.0767064	0.0767064	9.2835e-06	2.48761e-05	-1.82765	3.7014e-07	False	False
PAX2	-0.0761536	0.0761536	0.000946254	0.00193042	-2.02187	1.9167e-07	False	False
FETUB	-0.0759524	0.0759524	2.00371e-07	6.45841e-07	-1.71705	2.54545e-05	False	False
EDAR	0.0756295	0.0756295	0.00909417	0.0158471	1.29329	0.000162262	False	False
KNG1	-0.0753088	0.0753088	0.000108939	0.00025311	-1.06751	0.00246371	False	False
TRHDE	0.075232	0.075232	0.00648956	0.0115734	1.26946	6.19559e-06	False	False
CGA	0.0751198	0.0751198	0.00668524	0.0118973	4.24657	9.14925e-16	False	False
FSD1	0.0740465	0.0740465	7.26672e-05	0.000173341	1.54876	3.71464e-12	False	False
HTR2A	0.0738656	0.0738656	0.000468017	0.000996813	1.16719	2.79382e-06	False	False
IGLL1	0.0737333	0.0737333	0.0274733	0.0438958	1.58765	1.72118e-05	False	False
TRDV3	0.073097	0.073097	0.000148552	0.00033898	1.54858	0.00185856	False	False
CCL11	0.0726614	0.0726614	0.00388617	0.00720618	4.21313	5.84225e-15	False	False
SERPINA3	0.0709987	0.0709987	0.000447886	0.000956371	2.47627	6.94099e-07	False	False
AGRP	0.0707551	0.0707551	0.0109	0.0187429	1.54577	4.39177e-10	False	False
NEFM	0.0697336	0.0697336	0.00827748	0.0145452	1.59994	2.86658e-06	False	False
FCAR	0.0680484	0.0680484	9.23372e-05	0.000216731	1.21817	7.31975e-08	False	False
ADAMTS20	0.0659788	0.0659788	0.000199603	0.000446656	2.20848	4.81845e-11	False	False
CHST4	0.0659565	0.0659565	0.000302938	0.000661335	1.10317	6.97373e-07	False	False
CYP4F8	-0.0654393	0.0654393	3.53257e-07	1.10546e-06	-2.79938	9.30944e-14	False	False
NCR1	0.0651075	0.0651075	0.00251559	0.00481412	1.02979	1.90346e-05	False	False
DKKL1	0.0647378	0.0647378	0.000177511	0.000400898	1.16472	4.63847e-09	False	False
PSG9	0.064328	0.064328	0.00442363	0.00812711	3.65027	3.53694e-13	False	False
CEACAM3	0.0642625	0.0642625	4.37122e-05	0.000106907	1.38599	8.45475e-09	False	False
BPIFA1	0.0632937	0.0632937	0.00367132	0.00683811	2.63171	7.16773e-14	False	False
CAMKV	0.0622118	0.0622118	0.0188299	0.0311219	1.07692	0.00023473	False	False
TRAV8-3	0.0617398	0.0617398	0.0101458	0.0175257	2.00083	3.48158e-14	False	False
ZNF80	0.061569	0.061569	0.00316367	0.00595125	1.79329	5.38965e-11	False	False
POU6F2	-0.0611197	0.0611197	0.00103343	0.00210058	-1.09407	4.98791e-06	False	False
OR2B6	-0.0610657	0.0610657	2.50207e-07	7.96608e-07	-1.07197	4.53982e-07	False	False
DRD2	0.0604156	0.0604156	0.0132438	0.0224338	1.56978	3.41146e-07	False	False
GP9	-0.0590873	0.0590873	5.06727e-11	2.32697e-10	-1.90665	4.15408e-14	False	False
HTR4	0.0578272	0.0578272	0.00139809	0.00278428	2.03026	1.05569e-08	False	False
KRT24	-0.0562896	0.0562896	7.64442e-11	3.45089e-10	-2.13946	1.31696e-09	False	False
ZG16	-0.0557383	0.0557383	1.48212e-09	5.94779e-09	-1.37093	7.56714e-11	False	False
FXYD3	0.055379	0.055379	0.00201453	0.00391316	1.24688	0.000508557	False	False
NXPE4	0.0551971	0.0551971	0.0181108	0.0300392	2.44608	4.25911e-07	False	False
MOGAT2	-0.0537	0.0537	0.0227786	0.0370006	-1.86221	7.64238e-07	False	False
TSPO2	0.0534929	0.0534929	1.64076e-07	5.34444e-07	1.58425	3.41391e-15	False	False
CHP2	-0.0534808	0.0534808	7.57047e-09	2.8359e-08	-1.19782	9.63267e-07	False	False
KRT23	0.0531873	0.0531873	0.0022389	0.00431991	1.32188	9.62976e-05	False	False
DIAPH2-AS1	0.0527663	0.0527663	7.35365e-08	2.48446e-07	1.73448	2.13037e-11	False	False
ALOX15	0.0519287	0.0519287	0.0215702	0.035189	1.00643	4.3642e-05	False	False
PSORS1C2	0.0518522	0.0518522	0.00498371	0.00908598	1.3456	1.29547e-06	False	False
OR3A1	-0.051314	0.051314	1.35474e-05	3.56015e-05	-1.2292	0.00190859	False	False
EMX1	-0.0510254	0.0510254	3.67468e-11	1.71164e-10	-1.73144	2.92492e-13	False	False
GNAT3	-0.0510003	0.0510003	1.22954e-10	5.45169e-10	-2.62155	5.23989e-08	False	False
CASP5	0.0501259	0.0501259	0.000985828	0.00200941	1.14977	5.02977e-06	False	False
MMP8	0.0487561	0.0487561	0.00383158	0.00711179	2.47663	4.23718e-11	False	False
CLEC1B	0.0484321	0.0484321	3.80623e-05	9.39324e-05	1.42838	7.90701e-08	False	False
IL36A	0.0480983	0.0480983	0.000317476	0.000691398	3.87257	9.18966e-12	False	False
WT1-AS	0.0480061	0.0480061	0.000414104	0.000887637	2.84349	4.13742e-08	False	False
IL36G	0.0469513	0.0469513	0.00931505	0.0162031	2.90132	6.84465e-08	False	False
MAGEA12	-0.0457721	0.0457721	0.00388805	0.00720853	-3.10518	9.94149e-08	False	False
GRID2	-0.0450504	0.0450504	0.000137019	0.000313869	-1.11709	8.35405e-05	False	False
RHBG	-0.0449856	0.0449856	8.49825e-05	0.000200311	-1.01646	2.73559e-06	False	False
ASIC2	0.0443209	0.0443209	0.00158198	0.00312237	1.32713	2.59389e-06	False	False
NTSR1	0.0441199	0.0441199	0.00453484	0.00832205	1.29506	5.14436e-05	False	False
LRRC31	-0.0439158	0.0439158	0.0027613	0.00525769	-1.01919	0.0019532	False	False
PRDM12	-0.0435207	0.0435207	4.45244e-05	0.000108802	-1.17163	9.77628e-09	False	False
CRH	0.0430943	0.0430943	0.0116459	0.0199231	2.47821	9.22927e-12	False	False
HBQ1	-0.0429404	0.0429404	0.000184174	0.000415065	-1.11846	1.95917e-05	False	False
SLC30A10	-0.0428156	0.0428156	4.87466e-06	1.35234e-05	-1.08669	1.43386e-05	False	False
FGF21	-0.0425342	0.0425342	1.37193e-05	3.6045e-05	-2.75615	5.76077e-06	False	False
TRPC7	-0.0425154	0.0425154	0.0212806	0.0347699	-1.28295	4.55423e-06	False	False
NPC1L1	0.0424797	0.0424797	3.17485e-05	7.93204e-05	1.38411	7.43009e-10	False	False
FKBP6	-0.0424011	0.0424011	3.22041e-09	1.24995e-08	-1.41738	4.29333e-10	False	False
PADI4	0.0423721	0.0423721	0.00206694	0.0040066	1.22716	3.55683e-07	False	False
FGF23	0.042011	0.042011	0.000764777	0.00158128	-1.59231	0.00132993	False	False
HOXA11	0.0403397	0.0403397	0.0163311	0.0272612	1.10557	0.000217576	False	False
RBPJL	0.0391138	0.0391138	0.00104376	0.00211973	1.07404	0.00140641	False	False
UGT2B17	0.0389289	0.0389289	0.0237374	0.0383982	2.10321	6.33735e-05	False	False
CCL1	0.0373664	0.0373664	0.000746028	0.00154565	3.18658	3.37753e-10	False	False
PCDHB1	-0.0368354	0.0368354	0.000524224	0.00111087	-1.17165	7.26209e-06	False	False
MC5R	0.0366696	0.0366696	0.0234412	0.0379768	1.44081	2.18503e-05	False	False
RALYL	-0.0361715	0.0361715	1.61716e-05	4.21571e-05	-2.20384	7.51085e-06	False	False
CXCL6	0.0360992	0.0360992	0.0197923	0.0325562	1.34685	0.000675326	False	False
CLDN14	0.0357637	0.0357637	0.0052539	0.00954736	1.23691	9.31746e-05	False	False
KLHL1	-0.0355938	0.0355938	5.36957e-06	1.48157e-05	-1.81673	9.51893e-05	False	False
GPR31	0.0346509	0.0346509	0.0221406	0.0360092	1.38815	0.000106773	False	False
SNCB	-0.0341374	0.0341374	0.00707737	0.0125475	-1.53078	4.68825e-08	False	False
TMEM212	-0.0339867	0.0339867	8.34018e-07	2.50291e-06	-2.10575	0.000155467	False	False
GPR87	0.0333084	0.0333084	0.00371557	0.00691282	1.53785	0.00383695	False	False
KRT2	-0.0331093	0.0331093	6.94196e-05	0.000166068	-1.07637	0.00310885	False	False
TEX11	0.0316356	0.0316356	0.000449545	0.000959389	1.58204	4.09738e-06	False	False
MCHR1	0.0315559	0.0315559	0.0132818	0.0224949	1.94446	1.47956e-08	False	False
DAZL	0.0308212	0.0308212	0.0206099	0.0337447	2.21479	0.000108168	False	False
MYL7	-0.0307854	0.0307854	0.000416017	0.000891411	-2.09364	3.2157e-08	False	False
ST8SIA3	0.0302418	0.0302418	0.019268	0.0317742	1.59454	0.00538834	False	False
TRPA1	0.0297969	0.0297969	0.00241279	0.00462898	1.57852	1.00107e-06	False	False
GABRG2	-0.0296047	0.0296047	4.2145e-05	0.00010342	-1.94204	1.44897e-10	False	False
RNF186	-0.0290872	0.0290872	0.0012785	0.00256182	-1.36595	0.0486967	False	False
PSG7	0.0284911	0.0284911	0.00238112	0.00457398	1.52047	0.00363447	False	False
OR1F1	-0.0280988	0.0280988	2.33534e-08	8.27189e-08	-2.69336	8.19953e-06	False	False
LIPF	-0.0272201	0.0272201	0.0087588	0.0153129	-1.08735	0.0250883	False	False
KCNB2	0.0271934	0.0271934	0.000732916	0.00152077	1.84055	2.16855e-06	False	False
AFP	-0.0271236	0.0271236	4.26947e-06	1.19219e-05	-1.61415	1.87481e-07	False	False
SERPINB10	0.0270318	0.0270318	0.0242799	0.0392024	2.30664	1.02058e-05	False	False
MMP27	0.0261182	0.0261182	0.001412	0.00281009	2.77607	1.76985e-05	False	False
PLA2G2F	0.0257736	0.0257736	0.00166087	0.00326926	1.32201	0.000184961	False	False
LGALS14	0.0256633	0.0256633	0.0180061	0.0298741	2.50672	1.9652e-05	False	False
ONECUT1	-0.0253199	0.0253199	0.00044819	0.000956846	-1.30204	3.27497e-05	False	False
CLCA4	-0.0246135	0.0246135	0.000122201	0.000281466	-1.04425	0.000115937	False	False
PDYN	0.0241841	0.0241841	0.000855115	0.00175212	2.43634	1.2499e-07	False	False
SPRR1A	0.0215059	0.0215059	0.0304197	0.0481892	1.29182	0.046172	False	False
GOLGA6A	-0.0213202	0.0213202	9.27302e-07	2.76796e-06	-1.02465	0.0187364	False	False
KLRC3	0.0211173	0.0211173	0.0132216	0.0223995	1.75741	0.000182932	False	False
GLRA2	-0.0208887	0.0208887	0.00198645	0.00386657	-1.86071	2.48138e-08	False	False
HSD17B3	-0.0206341	0.0206341	0.000271984	0.000598109	-1.16841	0.0178511	False	False
DRD5	0.0203545	0.0203545	0.00237315	0.0045594	2.04422	7.78295e-05	False	False
NPPB	-0.0202407	0.0202407	2.55546e-05	6.46177e-05	-1.75301	1.99168e-08	False	False
IL2	0.0199929	0.0199929	0.00917292	0.0159725	1.06983	0.00582872	False	False
DEFA5	-0.0195592	0.0195592	1.02665e-05	2.73665e-05	-2.10291	0.0115477	False	False
TRIM15	0.0195569	0.0195569	0.015276	0.0256279	1.97697	2.99935e-07	False	False
PIK3C2G	-0.0194167	0.0194167	0.030196	0.0478738	-1.09152	0.0265377	False	False
SLC34A1	0.0192998	0.0192998	0.0190519	0.0314444	1.50513	5.52609e-05	False	False
SERPINA2	0.0191501	0.0191501	2.06923e-05	5.31026e-05	2.07494	5.95539e-05	False	False
RNASE3	0.0180425	0.0180425	0.0207147	0.0339115	1.4617	2.53201e-06	False	False
TFDP3	-0.0180206	0.0180206	0.000105028	0.000244605	-1.45905	0.00264371	False	False
GRM5	0.0174819	0.0174819	0.00221082	0.00426925	1.6178	6.70883e-05	False	False
CCDC177	-0.0159723	0.0159723	0.00294657	0.00557962	-1.3203	1.10918e-06	False	False
IL25	-0.0149132	0.0149132	0.00253783	0.00485293	-1.26548	0.00193373	False	False
OR3A3	-0.0142415	0.0142415	0.0119938	0.0204705	-1.06815	0.00949848	False	False
NCR2	-0.0141594	0.0141594	0.00204729	0.00397246	-1.05787	0.00182203	False	False
RGS7	-0.0140412	0.0140412	0.0212551	0.0347331	-1.02659	0.0105608	False	False
PHOX2A	-0.0122061	0.0122061	0.00427374	0.00787375	-1.1831	0.0016404	False	False
MLN	-0.0117955	0.0117955	0.00546858	0.00989753	-1.0537	0.023761	False	False
