split_name	fold_id	variant	candidate	weights	n	n_pos	prevalence	AUPRC	AUROC	Brier	top5_precision	recall_at_5	enrichment_at_5	top10_precision	recall_at_10	enrichment_at_10
repeated_stratified_5x5_internal	rs_00	nested_candidate_grid	C_heavy_QKno	"{""expert_counterfactual"": 0.65, ""expert_qk_no_anchor"": 0.35, ""expert_qk_quantum_only"": 0.0, ""expert_structure"": 0.0, ""expert_retrieval"": 0.0}"	71.0	16.0	0.22535211267605634	0.39311747657070234	0.646590909090909	0.19088970813573947	0.4	0.125	1.7750000000000001	0.6	0.375	2.6624999999999996
repeated_stratified_5x5_internal	rs_00	nested_candidate_grid	C_QKquant_equal	"{""expert_counterfactual"": 0.5, ""expert_qk_no_anchor"": 0.0, ""expert_qk_quantum_only"": 0.5, ""expert_structure"": 0.0, ""expert_retrieval"": 0.0}"	71.0	16.0	0.22535211267605634	0.3066795996722566	0.5534090909090909	0.22165075108863486	0.4	0.125	1.7750000000000001	0.3	0.1875	1.3312499999999998
repeated_stratified_5x5_internal	rs_00	nested_candidate_grid	C_QKno_equal	"{""expert_counterfactual"": 0.5, ""expert_qk_no_anchor"": 0.5, ""expert_qk_quantum_only"": 0.0, ""expert_structure"": 0.0, ""expert_retrieval"": 0.0}"	71.0	16.0	0.22535211267605634	0.2869630400911904	0.5761363636363636	0.20435837665387532	0.2	0.0625	0.8875000000000001	0.4	0.25	1.7750000000000001
repeated_stratified_5x5_internal	rs_00	nested_candidate_grid	C_QKno_structure	"{""expert_counterfactual"": 0.45, ""expert_qk_no_anchor"": 0.4, ""expert_qk_quantum_only"": 0.0, ""expert_structure"": 0.15, ""expert_retrieval"": 0.0}"	71.0	16.0	0.22535211267605634	0.28588276574140054	0.5602272727272728	0.20210757798780282	0.2	0.0625	0.8875000000000001	0.2	0.125	0.8875000000000001
repeated_stratified_5x5_internal	rs_00	nested_candidate_grid	all_lowdim_equalish	"{""expert_counterfactual"": 0.35, ""expert_qk_no_anchor"": 0.3, ""expert_qk_quantum_only"": 0.15, ""expert_structure"": 0.1, ""expert_retrieval"": 0.1}"	71.0	16.0	0.22535211267605634	0.26420551659315433	0.5511363636363636	0.20369696677883833	0.0	0.0	0.0	0.3	0.1875	1.3312499999999998
repeated_stratified_5x5_internal	rs_00	nested_candidate_grid	QKno_heavy	"{""expert_counterfactual"": 0.35, ""expert_qk_no_anchor"": 0.65, ""expert_qk_quantum_only"": 0.0, ""expert_structure"": 0.0, ""expert_retrieval"": 0.0}"	71.0	16.0	0.22535211267605634	0.2566576871824493	0.5375000000000001	0.21980655392652776	0.0	0.0	0.0	0.2	0.125	0.8875000000000001
repeated_stratified_5x5_internal	rs_00	rule_gated_mean_weights	rule	"{""expert_counterfactual"": 0.44754150702426565, ""expert_qk_no_anchor"": 0.345434227330779, ""expert_qk_quantum_only"": 0.09955300127713923, ""expert_structure"": 0.04849936143039592, ""expert_retrieval"": 0.058971902937420176}"												
repeated_stratified_5x5_internal	rs_00	nested_selected_weights	selected	"{""expert_counterfactual"": 0.65, ""expert_qk_no_anchor"": 0.35, ""expert_qk_quantum_only"": 0.0, ""expert_structure"": 0.0, ""expert_retrieval"": 0.0}"												
repeated_stratified_5x5_internal	rs_01	nested_candidate_grid	C_heavy_QKno	"{""expert_counterfactual"": 0.65, ""expert_qk_no_anchor"": 0.35, ""expert_qk_quantum_only"": 0.0, ""expert_structure"": 0.0, ""expert_retrieval"": 0.0}"	71.0	17.0	0.23943661971830985	0.45941806626458004	0.7015250544662309	0.19283899730594933	0.8	0.23529411764705882	3.341176470588236	0.5	0.29411764705882354	2.088235294117647
repeated_stratified_5x5_internal	rs_01	nested_candidate_grid	C_QKno_equal	"{""expert_counterfactual"": 0.5, ""expert_qk_no_anchor"": 0.5, ""expert_qk_quantum_only"": 0.0, ""expert_structure"": 0.0, ""expert_retrieval"": 0.0}"	71.0	17.0	0.23943661971830985	0.4266350637533509	0.6753812636165577	0.2003828341091101	0.6	0.17647058823529413	2.5058823529411764	0.6	0.35294117647058826	2.5058823529411764
repeated_stratified_5x5_internal	rs_01	nested_candidate_grid	QKno_heavy	"{""expert_counterfactual"": 0.35, ""expert_qk_no_anchor"": 0.65, ""expert_qk_quantum_only"": 0.0, ""expert_structure"": 0.0, ""expert_retrieval"": 0.0}"	71.0	17.0	0.23943661971830985	0.4099240945415805	0.630718954248366	0.20981126164115643	0.6	0.17647058823529413	2.5058823529411764	0.3	0.17647058823529413	1.2529411764705882
repeated_stratified_5x5_internal	rs_01	nested_candidate_grid	C_QKno_structure	"{""expert_counterfactual"": 0.45, ""expert_qk_no_anchor"": 0.4, ""expert_qk_quantum_only"": 0.0, ""expert_structure"": 0.15, ""expert_retrieval"": 0.0}"	71.0	17.0	0.23943661971830985	0.37793315438972974	0.6023965141612201	0.204737129192237	0.6	0.17647058823529413	2.5058823529411764	0.5	0.29411764705882354	2.088235294117647
repeated_stratified_5x5_internal	rs_01	nested_candidate_grid	all_lowdim_equalish	"{""expert_counterfactual"": 0.35, ""expert_qk_no_anchor"": 0.3, ""expert_qk_quantum_only"": 0.15, ""expert_structure"": 0.1, ""expert_retrieval"": 0.1}"	71.0	17.0	0.23943661971830985	0.35757710024884737	0.6176470588235294	0.20362714381159597	0.4	0.11764705882352941	1.670588235294118	0.4	0.23529411764705882	1.670588235294118
repeated_stratified_5x5_internal	rs_01	nested_candidate_grid	C_QKquant_equal	"{""expert_counterfactual"": 0.5, ""expert_qk_no_anchor"": 0.0, ""expert_qk_quantum_only"": 0.5, ""expert_structure"": 0.0, ""expert_retrieval"": 0.0}"	71.0	17.0	0.23943661971830985	0.3386051625248503	0.6198257080610021	0.22057820049467602	0.2	0.058823529411764705	0.835294117647059	0.4	0.23529411764705882	1.670588235294118
repeated_stratified_5x5_internal	rs_01	rule_gated_mean_weights	rule	"{""expert_counterfactual"": 0.4561941251596424, ""expert_qk_no_anchor"": 0.35197956577266915, ""expert_qk_quantum_only"": 0.09910600255427843, ""expert_structure"": 0.046998722860791826, ""expert_retrieval"": 0.04572158365261814}"												
repeated_stratified_5x5_internal	rs_01	nested_selected_weights	selected	"{""expert_counterfactual"": 0.65, ""expert_qk_no_anchor"": 0.35, ""expert_qk_quantum_only"": 0.0, ""expert_structure"": 0.0, ""expert_retrieval"": 0.0}"												
repeated_stratified_5x5_internal	rs_02	nested_candidate_grid	C_heavy_QKno	"{""expert_counterfactual"": 0.65, ""expert_qk_no_anchor"": 0.35, ""expert_qk_quantum_only"": 0.0, ""expert_structure"": 0.0, ""expert_retrieval"": 0.0}"	71.0	17.0	0.23943661971830985	0.4218257628164749	0.6993464052287582	0.19233252605079335	0.4	0.11764705882352941	1.670588235294118	0.4	0.23529411764705882	1.670588235294118
repeated_stratified_5x5_internal	rs_02	nested_candidate_grid	C_QKno_structure	"{""expert_counterfactual"": 0.45, ""expert_qk_no_anchor"": 0.4, ""expert_qk_quantum_only"": 0.0, ""expert_structure"": 0.15, ""expert_retrieval"": 0.0}"	71.0	17.0	0.23943661971830985	0.36244569609961125	0.6873638344226579	0.1982673884600547	0.2	0.058823529411764705	0.835294117647059	0.4	0.23529411764705882	1.670588235294118
repeated_stratified_5x5_internal	rs_02	nested_candidate_grid	all_lowdim_equalish	"{""expert_counterfactual"": 0.35, ""expert_qk_no_anchor"": 0.3, ""expert_qk_quantum_only"": 0.15, ""expert_structure"": 0.1, ""expert_retrieval"": 0.1}"	71.0	17.0	0.23943661971830985	0.35201695303810765	0.6808278867102396	0.19444048799751099	0.2	0.058823529411764705	0.835294117647059	0.3	0.17647058823529413	1.2529411764705882
repeated_stratified_5x5_internal	rs_02	nested_candidate_grid	C_QKno_equal	"{""expert_counterfactual"": 0.5, ""expert_qk_no_anchor"": 0.5, ""expert_qk_quantum_only"": 0.0, ""expert_structure"": 0.0, ""expert_retrieval"": 0.0}"	71.0	17.0	0.23943661971830985	0.3490789091055297	0.6579520697167757	0.2015802843125329	0.2	0.058823529411764705	0.835294117647059	0.4	0.23529411764705882	1.670588235294118
repeated_stratified_5x5_internal	rs_02	nested_candidate_grid	C_QKquant_equal	"{""expert_counterfactual"": 0.5, ""expert_qk_no_anchor"": 0.0, ""expert_qk_quantum_only"": 0.5, ""expert_structure"": 0.0, ""expert_retrieval"": 0.0}"	71.0	17.0	0.23943661971830985	0.3432500174926886	0.6612200435729847	0.20530301369231432	0.2	0.058823529411764705	0.835294117647059	0.3	0.17647058823529413	1.2529411764705882
repeated_stratified_5x5_internal	rs_02	nested_candidate_grid	QKno_heavy	"{""expert_counterfactual"": 0.35, ""expert_qk_no_anchor"": 0.65, ""expert_qk_quantum_only"": 0.0, ""expert_structure"": 0.0, ""expert_retrieval"": 0.0}"	71.0	17.0	0.23943661971830985	0.32300067479889694	0.6241830065359477	0.21316601961556936	0.4	0.11764705882352941	1.670588235294118	0.2	0.11764705882352941	0.835294117647059
repeated_stratified_5x5_internal	rs_02	rule_gated_mean_weights	rule	"{""expert_counterfactual"": 0.44999999999999996, ""expert_qk_no_anchor"": 0.3499999999999999, ""expert_qk_quantum_only"": 0.10000000000000002, ""expert_structure"": 0.05000000000000001, ""expert_retrieval"": 0.05000000000000001}"												
repeated_stratified_5x5_internal	rs_02	nested_selected_weights	selected	"{""expert_counterfactual"": 0.65, ""expert_qk_no_anchor"": 0.35, ""expert_qk_quantum_only"": 0.0, ""expert_structure"": 0.0, ""expert_retrieval"": 0.0}"												
repeated_stratified_5x5_internal	rs_03	nested_candidate_grid	C_QKquant_equal	"{""expert_counterfactual"": 0.5, ""expert_qk_no_anchor"": 0.0, ""expert_qk_quantum_only"": 0.5, ""expert_structure"": 0.0, ""expert_retrieval"": 0.0}"	71.0	17.0	0.23943661971830985	0.4935449531157084	0.7069716775599129	0.18987661700717862	0.8	0.23529411764705882	3.341176470588236	0.5	0.29411764705882354	2.088235294117647
repeated_stratified_5x5_internal	rs_03	nested_candidate_grid	all_lowdim_equalish	"{""expert_counterfactual"": 0.35, ""expert_qk_no_anchor"": 0.3, ""expert_qk_quantum_only"": 0.15, ""expert_structure"": 0.1, ""expert_retrieval"": 0.1}"	71.0	17.0	0.23943661971830985	0.4798359511122863	0.7222222222222222	0.190509534007743	0.6	0.17647058823529413	2.5058823529411764	0.6	0.35294117647058826	2.5058823529411764
repeated_stratified_5x5_internal	rs_03	nested_candidate_grid	QKno_heavy	"{""expert_counterfactual"": 0.35, ""expert_qk_no_anchor"": 0.65, ""expert_qk_quantum_only"": 0.0, ""expert_structure"": 0.0, ""expert_retrieval"": 0.0}"	71.0	17.0	0.23943661971830985	0.4518085140573218	0.6917211328976035	0.20972843215997422	0.4	0.11764705882352941	1.670588235294118	0.6	0.35294117647058826	2.5058823529411764
repeated_stratified_5x5_internal	rs_03	nested_candidate_grid	C_QKno_structure	"{""expert_counterfactual"": 0.45, ""expert_qk_no_anchor"": 0.4, ""expert_qk_quantum_only"": 0.0, ""expert_structure"": 0.15, ""expert_retrieval"": 0.0}"	71.0	17.0	0.23943661971830985	0.45093266723391573	0.7004357298474946	0.1999238906185397	0.6	0.17647058823529413	2.5058823529411764	0.5	0.29411764705882354	2.088235294117647
repeated_stratified_5x5_internal	rs_03	nested_candidate_grid	C_heavy_QKno	"{""expert_counterfactual"": 0.65, ""expert_qk_no_anchor"": 0.35, ""expert_qk_quantum_only"": 0.0, ""expert_structure"": 0.0, ""expert_retrieval"": 0.0}"	71.0	17.0	0.23943661971830985	0.447705810014274	0.7058823529411765	0.19518284585372128	0.4	0.11764705882352941	1.670588235294118	0.5	0.29411764705882354	2.088235294117647
repeated_stratified_5x5_internal	rs_03	nested_candidate_grid	C_QKno_equal	"{""expert_counterfactual"": 0.5, ""expert_qk_no_anchor"": 0.5, ""expert_qk_quantum_only"": 0.0, ""expert_structure"": 0.0, ""expert_retrieval"": 0.0}"	71.0	17.0	0.23943661971830985	0.43757726278615616	0.6982570806100219	0.2011654910705328	0.4	0.11764705882352941	1.670588235294118	0.4	0.23529411764705882	1.670588235294118
repeated_stratified_5x5_internal	rs_03	rule_gated_mean_weights	rule	"{""expert_counterfactual"": 0.45309706257982124, ""expert_qk_no_anchor"": 0.35098978288633453, ""expert_qk_quantum_only"": 0.09955300127713923, ""expert_structure"": 0.04849936143039592, ""expert_retrieval"": 0.047860791826309076}"												
repeated_stratified_5x5_internal	rs_03	nested_selected_weights	selected	"{""expert_counterfactual"": 0.5, ""expert_qk_no_anchor"": 0.0, ""expert_qk_quantum_only"": 0.5, ""expert_structure"": 0.0, ""expert_retrieval"": 0.0}"												
repeated_stratified_5x5_internal	rs_04	nested_candidate_grid	C_heavy_QKno	"{""expert_counterfactual"": 0.65, ""expert_qk_no_anchor"": 0.35, ""expert_qk_quantum_only"": 0.0, ""expert_structure"": 0.0, ""expert_retrieval"": 0.0}"	72.0	17.0	0.2361111111111111	0.4075068674690188	0.6374331550802139	0.19737105011867254	0.4	0.11764705882352941	1.6941176470588237	0.4	0.23529411764705882	1.6941176470588237
repeated_stratified_5x5_internal	rs_04	nested_candidate_grid	C_QKquant_equal	"{""expert_counterfactual"": 0.5, ""expert_qk_no_anchor"": 0.0, ""expert_qk_quantum_only"": 0.5, ""expert_structure"": 0.0, ""expert_retrieval"": 0.0}"	72.0	17.0	0.2361111111111111	0.3879423491245678	0.6106951871657754	0.20850958576298934	0.4	0.11764705882352941	1.6941176470588237	0.4	0.23529411764705882	1.6941176470588237
repeated_stratified_5x5_internal	rs_04	nested_candidate_grid	C_QKno_equal	"{""expert_counterfactual"": 0.5, ""expert_qk_no_anchor"": 0.5, ""expert_qk_quantum_only"": 0.0, ""expert_structure"": 0.0, ""expert_retrieval"": 0.0}"	72.0	17.0	0.2361111111111111	0.3532223150157706	0.5818181818181819	0.20942156978374188	0.4	0.11764705882352941	1.6941176470588237	0.3	0.17647058823529413	1.2705882352941176
repeated_stratified_5x5_internal	rs_04	nested_candidate_grid	C_QKno_structure	"{""expert_counterfactual"": 0.45, ""expert_qk_no_anchor"": 0.4, ""expert_qk_quantum_only"": 0.0, ""expert_structure"": 0.15, ""expert_retrieval"": 0.0}"	72.0	17.0	0.2361111111111111	0.3380063889134056	0.562566844919786	0.20824800214171202	0.4	0.11764705882352941	1.6941176470588237	0.3	0.17647058823529413	1.2705882352941176
repeated_stratified_5x5_internal	rs_04	nested_candidate_grid	QKno_heavy	"{""expert_counterfactual"": 0.35, ""expert_qk_no_anchor"": 0.65, ""expert_qk_quantum_only"": 0.0, ""expert_structure"": 0.0, ""expert_retrieval"": 0.0}"	72.0	17.0	0.2361111111111111	0.33229388800135	0.5336898395721925	0.22354799734721936	0.4	0.11764705882352941	1.6941176470588237	0.3	0.17647058823529413	1.2705882352941176
repeated_stratified_5x5_internal	rs_04	nested_candidate_grid	all_lowdim_equalish	"{""expert_counterfactual"": 0.35, ""expert_qk_no_anchor"": 0.3, ""expert_qk_quantum_only"": 0.15, ""expert_structure"": 0.1, ""expert_retrieval"": 0.1}"	72.0	17.0	0.2361111111111111	0.3321937324154246	0.5454545454545454	0.20434433142918554	0.4	0.11764705882352941	1.6941176470588237	0.3	0.17647058823529413	1.2705882352941176
repeated_stratified_5x5_internal	rs_04	rule_gated_mean_weights	rule	"{""expert_counterfactual"": 0.4441176470588235, ""expert_qk_no_anchor"": 0.34411764705882353, ""expert_qk_quantum_only"": 0.1, ""expert_structure"": 0.05, ""expert_retrieval"": 0.061764705882352944}"												
repeated_stratified_5x5_internal	rs_04	nested_selected_weights	selected	"{""expert_counterfactual"": 0.65, ""expert_qk_no_anchor"": 0.35, ""expert_qk_quantum_only"": 0.0, ""expert_structure"": 0.0, ""expert_retrieval"": 0.0}"												
repeated_stratified_5x5_internal	rs_05	nested_candidate_grid	C_QKquant_equal	"{""expert_counterfactual"": 0.5, ""expert_qk_no_anchor"": 0.0, ""expert_qk_quantum_only"": 0.5, ""expert_structure"": 0.0, ""expert_retrieval"": 0.0}"	71.0	16.0	0.22535211267605634	0.25257475974365146	0.525	0.22417518878315632	0.0	0.0	0.0	0.2	0.125	0.8875000000000001
repeated_stratified_5x5_internal	rs_05	nested_candidate_grid	C_heavy_QKno	"{""expert_counterfactual"": 0.65, ""expert_qk_no_anchor"": 0.35, ""expert_qk_quantum_only"": 0.0, ""expert_structure"": 0.0, ""expert_retrieval"": 0.0}"	71.0	16.0	0.22535211267605634	0.2520680604626546	0.5420454545454545	0.21038186648893642	0.2	0.0625	0.8875000000000001	0.3	0.1875	1.3312499999999998
repeated_stratified_5x5_internal	rs_05	nested_candidate_grid	all_lowdim_equalish	"{""expert_counterfactual"": 0.35, ""expert_qk_no_anchor"": 0.3, ""expert_qk_quantum_only"": 0.15, ""expert_structure"": 0.1, ""expert_retrieval"": 0.1}"	71.0	16.0	0.22535211267605634	0.23608465097223316	0.509090909090909	0.2111936609093843	0.0	0.0	0.0	0.2	0.125	0.8875000000000001
repeated_stratified_5x5_internal	rs_05	nested_candidate_grid	C_QKno_structure	"{""expert_counterfactual"": 0.45, ""expert_qk_no_anchor"": 0.4, ""expert_qk_quantum_only"": 0.0, ""expert_structure"": 0.15, ""expert_retrieval"": 0.0}"	71.0	16.0	0.22535211267605634	0.23019557201175614	0.5079545454545454	0.21633141960591398	0.0	0.0	0.0	0.1	0.0625	0.44375000000000003
repeated_stratified_5x5_internal	rs_05	nested_candidate_grid	C_QKno_equal	"{""expert_counterfactual"": 0.5, ""expert_qk_no_anchor"": 0.5, ""expert_qk_quantum_only"": 0.0, ""expert_structure"": 0.0, ""expert_retrieval"": 0.0}"	71.0	16.0	0.22535211267605634	0.2200234910816838	0.48522727272727273	0.22310387545879196	0.0	0.0	0.0	0.1	0.0625	0.44375000000000003
repeated_stratified_5x5_internal	rs_05	nested_candidate_grid	QKno_heavy	"{""expert_counterfactual"": 0.35, ""expert_qk_no_anchor"": 0.65, ""expert_qk_quantum_only"": 0.0, ""expert_structure"": 0.0, ""expert_retrieval"": 0.0}"	71.0	16.0	0.22535211267605634	0.20607644295653132	0.4534090909090909	0.23839828256923867	0.0	0.0	0.0	0.0	0.0	0.0
repeated_stratified_5x5_internal	rs_05	rule_gated_mean_weights	rule	"{""expert_counterfactual"": 0.45309706257982124, ""expert_qk_no_anchor"": 0.35098978288633453, ""expert_qk_quantum_only"": 0.09955300127713923, ""expert_structure"": 0.04849936143039592, ""expert_retrieval"": 0.047860791826309076}"												
repeated_stratified_5x5_internal	rs_05	nested_selected_weights	selected	"{""expert_counterfactual"": 0.5, ""expert_qk_no_anchor"": 0.0, ""expert_qk_quantum_only"": 0.5, ""expert_structure"": 0.0, ""expert_retrieval"": 0.0}"												
repeated_stratified_5x5_internal	rs_06	nested_candidate_grid	C_heavy_QKno	"{""expert_counterfactual"": 0.65, ""expert_qk_no_anchor"": 0.35, ""expert_qk_quantum_only"": 0.0, ""expert_structure"": 0.0, ""expert_retrieval"": 0.0}"	71.0	17.0	0.23943661971830985	0.3591969878266532	0.6339869281045751	0.21235445580952397	0.4	0.11764705882352941	1.670588235294118	0.5	0.29411764705882354	2.088235294117647
repeated_stratified_5x5_internal	rs_06	nested_candidate_grid	C_QKno_equal	"{""expert_counterfactual"": 0.5, ""expert_qk_no_anchor"": 0.5, ""expert_qk_quantum_only"": 0.0, ""expert_structure"": 0.0, ""expert_retrieval"": 0.0}"	71.0	17.0	0.23943661971830985	0.30400920925753566	0.5718954248366013	0.22792266150214596	0.2	0.058823529411764705	0.835294117647059	0.3	0.17647058823529413	1.2529411764705882
repeated_stratified_5x5_internal	rs_06	nested_candidate_grid	C_QKno_structure	"{""expert_counterfactual"": 0.45, ""expert_qk_no_anchor"": 0.4, ""expert_qk_quantum_only"": 0.0, ""expert_structure"": 0.15, ""expert_retrieval"": 0.0}"	71.0	17.0	0.23943661971830985	0.2961392717081703	0.5424836601307189	0.2237523548361026	0.4	0.11764705882352941	1.670588235294118	0.4	0.23529411764705882	1.670588235294118
repeated_stratified_5x5_internal	rs_06	nested_candidate_grid	QKno_heavy	"{""expert_counterfactual"": 0.35, ""expert_qk_no_anchor"": 0.65, ""expert_qk_quantum_only"": 0.0, ""expert_structure"": 0.0, ""expert_retrieval"": 0.0}"	71.0	17.0	0.23943661971830985	0.28164608190384544	0.5435729847494554	0.2468478372932676	0.2	0.058823529411764705	0.835294117647059	0.2	0.11764705882352941	0.835294117647059
repeated_stratified_5x5_internal	rs_06	nested_candidate_grid	C_QKquant_equal	"{""expert_counterfactual"": 0.5, ""expert_qk_no_anchor"": 0.0, ""expert_qk_quantum_only"": 0.5, ""expert_structure"": 0.0, ""expert_retrieval"": 0.0}"	71.0	17.0	0.23943661971830985	0.27493661540191	0.5577342047930284	0.22362678758320964	0.0	0.0	0.0	0.3	0.17647058823529413	1.2529411764705882
repeated_stratified_5x5_internal	rs_06	nested_candidate_grid	all_lowdim_equalish	"{""expert_counterfactual"": 0.35, ""expert_qk_no_anchor"": 0.3, ""expert_qk_quantum_only"": 0.15, ""expert_structure"": 0.1, ""expert_retrieval"": 0.1}"	71.0	17.0	0.23943661971830985	0.2577047600882279	0.5065359477124183	0.220439867992261	0.2	0.058823529411764705	0.835294117647059	0.3	0.17647058823529413	1.2529411764705882
repeated_stratified_5x5_internal	rs_06	rule_gated_mean_weights	rule	"{""expert_counterfactual"": 0.44754150702426565, ""expert_qk_no_anchor"": 0.345434227330779, ""expert_qk_quantum_only"": 0.09955300127713923, ""expert_structure"": 0.04849936143039592, ""expert_retrieval"": 0.05897190293742019}"												
repeated_stratified_5x5_internal	rs_06	nested_selected_weights	selected	"{""expert_counterfactual"": 0.65, ""expert_qk_no_anchor"": 0.35, ""expert_qk_quantum_only"": 0.0, ""expert_structure"": 0.0, ""expert_retrieval"": 0.0}"												
repeated_stratified_5x5_internal	rs_07	nested_candidate_grid	C_heavy_QKno	"{""expert_counterfactual"": 0.65, ""expert_qk_no_anchor"": 0.35, ""expert_qk_quantum_only"": 0.0, ""expert_structure"": 0.0, ""expert_retrieval"": 0.0}"	71.0	17.0	0.23943661971830985	0.38796486957363885	0.6132897603485838	0.2061438315883451	0.4	0.11764705882352941	1.670588235294118	0.4	0.23529411764705882	1.670588235294118
repeated_stratified_5x5_internal	rs_07	nested_candidate_grid	C_QKno_equal	"{""expert_counterfactual"": 0.5, ""expert_qk_no_anchor"": 0.5, ""expert_qk_quantum_only"": 0.0, ""expert_structure"": 0.0, ""expert_retrieval"": 0.0}"	71.0	17.0	0.23943661971830985	0.3707910686086726	0.6078431372549019	0.214907513165392	0.4	0.11764705882352941	1.670588235294118	0.4	0.23529411764705882	1.670588235294118
repeated_stratified_5x5_internal	rs_07	nested_candidate_grid	QKno_heavy	"{""expert_counterfactual"": 0.35, ""expert_qk_no_anchor"": 0.65, ""expert_qk_quantum_only"": 0.0, ""expert_structure"": 0.0, ""expert_retrieval"": 0.0}"	71.0	17.0	0.23943661971830985	0.3439467281014309	0.5740740740740741	0.2261869628239177	0.2	0.058823529411764705	0.835294117647059	0.3	0.17647058823529413	1.2529411764705882
repeated_stratified_5x5_internal	rs_07	nested_candidate_grid	all_lowdim_equalish	"{""expert_counterfactual"": 0.35, ""expert_qk_no_anchor"": 0.3, ""expert_qk_quantum_only"": 0.15, ""expert_structure"": 0.1, ""expert_retrieval"": 0.1}"	71.0	17.0	0.23943661971830985	0.33414882632508086	0.5871459694989106	0.20907881251767294	0.2	0.058823529411764705	0.835294117647059	0.2	0.11764705882352941	0.835294117647059
repeated_stratified_5x5_internal	rs_07	nested_candidate_grid	C_QKquant_equal	"{""expert_counterfactual"": 0.5, ""expert_qk_no_anchor"": 0.0, ""expert_qk_quantum_only"": 0.5, ""expert_structure"": 0.0, ""expert_retrieval"": 0.0}"	71.0	17.0	0.23943661971830985	0.3331555764977388	0.6339869281045751	0.2099913413523874	0.2	0.058823529411764705	0.835294117647059	0.3	0.17647058823529413	1.2529411764705882
repeated_stratified_5x5_internal	rs_07	nested_candidate_grid	C_QKno_structure	"{""expert_counterfactual"": 0.45, ""expert_qk_no_anchor"": 0.4, ""expert_qk_quantum_only"": 0.0, ""expert_structure"": 0.15, ""expert_retrieval"": 0.0}"	71.0	17.0	0.23943661971830985	0.3169487477207958	0.5577342047930284	0.21820271759896115	0.2	0.058823529411764705	0.835294117647059	0.1	0.058823529411764705	0.4176470588235295
repeated_stratified_5x5_internal	rs_07	rule_gated_mean_weights	rule	"{""expert_counterfactual"": 0.45309706257982124, ""expert_qk_no_anchor"": 0.35098978288633453, ""expert_qk_quantum_only"": 0.09955300127713923, ""expert_structure"": 0.04849936143039592, ""expert_retrieval"": 0.04786079182630907}"												
repeated_stratified_5x5_internal	rs_07	nested_selected_weights	selected	"{""expert_counterfactual"": 0.65, ""expert_qk_no_anchor"": 0.35, ""expert_qk_quantum_only"": 0.0, ""expert_structure"": 0.0, ""expert_retrieval"": 0.0}"												
repeated_stratified_5x5_internal	rs_08	nested_candidate_grid	C_heavy_QKno	"{""expert_counterfactual"": 0.65, ""expert_qk_no_anchor"": 0.35, ""expert_qk_quantum_only"": 0.0, ""expert_structure"": 0.0, ""expert_retrieval"": 0.0}"	71.0	17.0	0.23943661971830985	0.5348204017142324	0.7538126361655774	0.18727191580240304	0.6	0.17647058823529413	2.5058823529411764	0.5	0.29411764705882354	2.088235294117647
repeated_stratified_5x5_internal	rs_08	nested_candidate_grid	C_QKquant_equal	"{""expert_counterfactual"": 0.5, ""expert_qk_no_anchor"": 0.0, ""expert_qk_quantum_only"": 0.5, ""expert_structure"": 0.0, ""expert_retrieval"": 0.0}"	71.0	17.0	0.23943661971830985	0.49709704821854683	0.7363834422657953	0.19936050087726612	0.6	0.17647058823529413	2.5058823529411764	0.6	0.35294117647058826	2.5058823529411764
repeated_stratified_5x5_internal	rs_08	nested_candidate_grid	C_QKno_equal	"{""expert_counterfactual"": 0.5, ""expert_qk_no_anchor"": 0.5, ""expert_qk_quantum_only"": 0.0, ""expert_structure"": 0.0, ""expert_retrieval"": 0.0}"	71.0	17.0	0.23943661971830985	0.436117203663877	0.6873638344226579	0.20083295666832085	0.6	0.17647058823529413	2.5058823529411764	0.5	0.29411764705882354	2.088235294117647
repeated_stratified_5x5_internal	rs_08	nested_candidate_grid	all_lowdim_equalish	"{""expert_counterfactual"": 0.35, ""expert_qk_no_anchor"": 0.3, ""expert_qk_quantum_only"": 0.15, ""expert_structure"": 0.1, ""expert_retrieval"": 0.1}"	71.0	17.0	0.23943661971830985	0.4299042953409923	0.6775599128540305	0.1969124801757801	0.4	0.11764705882352941	1.670588235294118	0.4	0.23529411764705882	1.670588235294118
repeated_stratified_5x5_internal	rs_08	nested_candidate_grid	C_QKno_structure	"{""expert_counterfactual"": 0.45, ""expert_qk_no_anchor"": 0.4, ""expert_qk_quantum_only"": 0.0, ""expert_structure"": 0.15, ""expert_retrieval"": 0.0}"	71.0	17.0	0.23943661971830985	0.4255851728164518	0.6851851851851851	0.1986578926079076	0.4	0.11764705882352941	1.670588235294118	0.5	0.29411764705882354	2.088235294117647
repeated_stratified_5x5_internal	rs_08	nested_candidate_grid	QKno_heavy	"{""expert_counterfactual"": 0.35, ""expert_qk_no_anchor"": 0.65, ""expert_qk_quantum_only"": 0.0, ""expert_structure"": 0.0, ""expert_retrieval"": 0.0}"	71.0	17.0	0.23943661971830985	0.3743454360789648	0.6023965141612201	0.21731654243468318	0.4	0.11764705882352941	1.670588235294118	0.4	0.23529411764705882	1.670588235294118
repeated_stratified_5x5_internal	rs_08	rule_gated_mean_weights	rule	"{""expert_counterfactual"": 0.4444444444444444, ""expert_qk_no_anchor"": 0.3444444444444444, ""expert_qk_quantum_only"": 0.10000000000000002, ""expert_structure"": 0.05000000000000001, ""expert_retrieval"": 0.061111111111111116}"												
repeated_stratified_5x5_internal	rs_08	nested_selected_weights	selected	"{""expert_counterfactual"": 0.65, ""expert_qk_no_anchor"": 0.35, ""expert_qk_quantum_only"": 0.0, ""expert_structure"": 0.0, ""expert_retrieval"": 0.0}"												
repeated_stratified_5x5_internal	rs_09	nested_candidate_grid	C_heavy_QKno	"{""expert_counterfactual"": 0.65, ""expert_qk_no_anchor"": 0.35, ""expert_qk_quantum_only"": 0.0, ""expert_structure"": 0.0, ""expert_retrieval"": 0.0}"	72.0	17.0	0.2361111111111111	0.5443926404778352	0.7850267379679144	0.1840450852739751	0.6	0.17647058823529413	2.541176470588235	0.5	0.29411764705882354	2.1176470588235294
repeated_stratified_5x5_internal	rs_09	nested_candidate_grid	C_QKno_equal	"{""expert_counterfactual"": 0.5, ""expert_qk_no_anchor"": 0.5, ""expert_qk_quantum_only"": 0.0, ""expert_structure"": 0.0, ""expert_retrieval"": 0.0}"	72.0	17.0	0.2361111111111111	0.5032420370453753	0.7508021390374331	0.19492301424703018	0.6	0.17647058823529413	2.541176470588235	0.5	0.29411764705882354	2.1176470588235294
repeated_stratified_5x5_internal	rs_09	nested_candidate_grid	C_QKno_structure	"{""expert_counterfactual"": 0.45, ""expert_qk_no_anchor"": 0.4, ""expert_qk_quantum_only"": 0.0, ""expert_structure"": 0.15, ""expert_retrieval"": 0.0}"	72.0	17.0	0.2361111111111111	0.4865708558606215	0.7497326203208556	0.19184545685826493	0.6	0.17647058823529413	2.541176470588235	0.4	0.23529411764705882	1.6941176470588237
repeated_stratified_5x5_internal	rs_09	nested_candidate_grid	all_lowdim_equalish	"{""expert_counterfactual"": 0.35, ""expert_qk_no_anchor"": 0.3, ""expert_qk_quantum_only"": 0.15, ""expert_structure"": 0.1, ""expert_retrieval"": 0.1}"	72.0	17.0	0.2361111111111111	0.48326052513078344	0.7636363636363637	0.1895003709401657	0.6	0.17647058823529413	2.541176470588235	0.4	0.23529411764705882	1.6941176470588237
repeated_stratified_5x5_internal	rs_09	nested_candidate_grid	QKno_heavy	"{""expert_counterfactual"": 0.35, ""expert_qk_no_anchor"": 0.65, ""expert_qk_quantum_only"": 0.0, ""expert_structure"": 0.0, ""expert_retrieval"": 0.0}"	72.0	17.0	0.2361111111111111	0.47325480838538864	0.6994652406417112	0.20839663762415186	0.6	0.17647058823529413	2.541176470588235	0.4	0.23529411764705882	1.6941176470588237
repeated_stratified_5x5_internal	rs_09	nested_candidate_grid	C_QKquant_equal	"{""expert_counterfactual"": 0.5, ""expert_qk_no_anchor"": 0.0, ""expert_qk_quantum_only"": 0.5, ""expert_structure"": 0.0, ""expert_retrieval"": 0.0}"	72.0	17.0	0.2361111111111111	0.383073440439343	0.7262032085561498	0.20326488021303282	0.4	0.11764705882352941	1.6941176470588237	0.4	0.23529411764705882	1.6941176470588237
repeated_stratified_5x5_internal	rs_09	rule_gated_mean_weights	rule	"{""expert_counterfactual"": 0.45327924273157544, ""expert_qk_no_anchor"": 0.3510480054090601, ""expert_qk_quantum_only"": 0.099526707234618, ""expert_structure"": 0.04841108857336038, ""expert_retrieval"": 0.04773495605138608}"												
repeated_stratified_5x5_internal	rs_09	nested_selected_weights	selected	"{""expert_counterfactual"": 0.65, ""expert_qk_no_anchor"": 0.35, ""expert_qk_quantum_only"": 0.0, ""expert_structure"": 0.0, ""expert_retrieval"": 0.0}"												
repeated_stratified_5x5_internal	rs_10	nested_candidate_grid	QKno_heavy	"{""expert_counterfactual"": 0.35, ""expert_qk_no_anchor"": 0.65, ""expert_qk_quantum_only"": 0.0, ""expert_structure"": 0.0, ""expert_retrieval"": 0.0}"	71.0	16.0	0.22535211267605634	0.4330369936502181	0.6227272727272728	0.22491523700939897	0.4	0.125	1.7750000000000001	0.5	0.3125	2.21875
repeated_stratified_5x5_internal	rs_10	nested_candidate_grid	C_heavy_QKno	"{""expert_counterfactual"": 0.65, ""expert_qk_no_anchor"": 0.35, ""expert_qk_quantum_only"": 0.0, ""expert_structure"": 0.0, ""expert_retrieval"": 0.0}"	71.0	16.0	0.22535211267605634	0.43123646437056823	0.6409090909090909	0.20165543524188007	0.6	0.1875	2.6624999999999996	0.5	0.3125	2.21875
repeated_stratified_5x5_internal	rs_10	nested_candidate_grid	C_QKno_equal	"{""expert_counterfactual"": 0.5, ""expert_qk_no_anchor"": 0.5, ""expert_qk_quantum_only"": 0.0, ""expert_structure"": 0.0, ""expert_retrieval"": 0.0}"	71.0	16.0	0.22535211267605634	0.4085521792797814	0.6306818181818182	0.21183542744173028	0.4	0.125	1.7750000000000001	0.5	0.3125	2.21875
repeated_stratified_5x5_internal	rs_10	nested_candidate_grid	all_lowdim_equalish	"{""expert_counterfactual"": 0.35, ""expert_qk_no_anchor"": 0.3, ""expert_qk_quantum_only"": 0.15, ""expert_structure"": 0.1, ""expert_retrieval"": 0.1}"	71.0	16.0	0.22535211267605634	0.4048093065982879	0.6181818181818182	0.20281428171683638	0.6	0.1875	2.6624999999999996	0.5	0.3125	2.21875
repeated_stratified_5x5_internal	rs_10	nested_candidate_grid	C_QKno_structure	"{""expert_counterfactual"": 0.45, ""expert_qk_no_anchor"": 0.4, ""expert_qk_quantum_only"": 0.0, ""expert_structure"": 0.15, ""expert_retrieval"": 0.0}"	71.0	16.0	0.22535211267605634	0.4034504279625785	0.6431818181818181	0.20512234829436332	0.4	0.125	1.7750000000000001	0.4	0.25	1.7750000000000001
repeated_stratified_5x5_internal	rs_10	nested_candidate_grid	C_QKquant_equal	"{""expert_counterfactual"": 0.5, ""expert_qk_no_anchor"": 0.0, ""expert_qk_quantum_only"": 0.5, ""expert_structure"": 0.0, ""expert_retrieval"": 0.0}"	71.0	16.0	0.22535211267605634	0.3616966946945666	0.5852272727272728	0.22632425994127858	0.6	0.1875	2.6624999999999996	0.4	0.25	1.7750000000000001
repeated_stratified_5x5_internal	rs_10	rule_gated_mean_weights	rule	"{""expert_counterfactual"": 0.44722222222222224, ""expert_qk_no_anchor"": 0.34722222222222215, ""expert_qk_quantum_only"": 0.10000000000000002, ""expert_structure"": 0.05555555555555555, ""expert_retrieval"": 0.05000000000000001}"												
repeated_stratified_5x5_internal	rs_10	nested_selected_weights	selected	"{""expert_counterfactual"": 0.35, ""expert_qk_no_anchor"": 0.65, ""expert_qk_quantum_only"": 0.0, ""expert_structure"": 0.0, ""expert_retrieval"": 0.0}"												
repeated_stratified_5x5_internal	rs_11	nested_candidate_grid	C_heavy_QKno	"{""expert_counterfactual"": 0.65, ""expert_qk_no_anchor"": 0.35, ""expert_qk_quantum_only"": 0.0, ""expert_structure"": 0.0, ""expert_retrieval"": 0.0}"	71.0	17.0	0.23943661971830985	0.3274524201138302	0.5980392156862745	0.19904573540751103	0.4	0.11764705882352941	1.670588235294118	0.4	0.23529411764705882	1.670588235294118
repeated_stratified_5x5_internal	rs_11	nested_candidate_grid	C_QKquant_equal	"{""expert_counterfactual"": 0.5, ""expert_qk_no_anchor"": 0.0, ""expert_qk_quantum_only"": 0.5, ""expert_structure"": 0.0, ""expert_retrieval"": 0.0}"	71.0	17.0	0.23943661971830985	0.27279485152432736	0.5348583877995643	0.2085444679777755	0.2	0.058823529411764705	0.835294117647059	0.2	0.11764705882352941	0.835294117647059
repeated_stratified_5x5_internal	rs_11	nested_candidate_grid	C_QKno_equal	"{""expert_counterfactual"": 0.5, ""expert_qk_no_anchor"": 0.5, ""expert_qk_quantum_only"": 0.0, ""expert_structure"": 0.0, ""expert_retrieval"": 0.0}"	71.0	17.0	0.23943661971830985	0.259089525968234	0.5021786492374728	0.2108935045020315	0.2	0.058823529411764705	0.835294117647059	0.3	0.17647058823529413	1.2529411764705882
repeated_stratified_5x5_internal	rs_11	nested_candidate_grid	C_QKno_structure	"{""expert_counterfactual"": 0.45, ""expert_qk_no_anchor"": 0.4, ""expert_qk_quantum_only"": 0.0, ""expert_structure"": 0.15, ""expert_retrieval"": 0.0}"	71.0	17.0	0.23943661971830985	0.2562413012919075	0.49346405228758167	0.21013822036970944	0.2	0.058823529411764705	0.835294117647059	0.3	0.17647058823529413	1.2529411764705882
repeated_stratified_5x5_internal	rs_11	nested_candidate_grid	all_lowdim_equalish	"{""expert_counterfactual"": 0.35, ""expert_qk_no_anchor"": 0.3, ""expert_qk_quantum_only"": 0.15, ""expert_structure"": 0.1, ""expert_retrieval"": 0.1}"	71.0	17.0	0.23943661971830985	0.2302784373395032	0.44008714596949894	0.20766138387467564	0.2	0.058823529411764705	0.835294117647059	0.2	0.11764705882352941	0.835294117647059
repeated_stratified_5x5_internal	rs_11	nested_candidate_grid	QKno_heavy	"{""expert_counterfactual"": 0.35, ""expert_qk_no_anchor"": 0.65, ""expert_qk_quantum_only"": 0.0, ""expert_structure"": 0.0, ""expert_retrieval"": 0.0}"	71.0	17.0	0.23943661971830985	0.20989633448332612	0.4117647058823529	0.22422692857103696	0.0	0.0	0.0	0.2	0.11764705882352941	0.835294117647059
repeated_stratified_5x5_internal	rs_11	rule_gated_mean_weights	rule	"{""expert_counterfactual"": 0.44999999999999996, ""expert_qk_no_anchor"": 0.3499999999999999, ""expert_qk_quantum_only"": 0.10000000000000002, ""expert_structure"": 0.05000000000000001, ""expert_retrieval"": 0.05000000000000001}"												
repeated_stratified_5x5_internal	rs_11	nested_selected_weights	selected	"{""expert_counterfactual"": 0.65, ""expert_qk_no_anchor"": 0.35, ""expert_qk_quantum_only"": 0.0, ""expert_structure"": 0.0, ""expert_retrieval"": 0.0}"												
repeated_stratified_5x5_internal	rs_12	nested_candidate_grid	C_heavy_QKno	"{""expert_counterfactual"": 0.65, ""expert_qk_no_anchor"": 0.35, ""expert_qk_quantum_only"": 0.0, ""expert_structure"": 0.0, ""expert_retrieval"": 0.0}"	71.0	17.0	0.23943661971830985	0.42007289577847723	0.6307189542483661	0.204498581241203	0.6	0.17647058823529413	2.5058823529411764	0.5	0.29411764705882354	2.088235294117647
repeated_stratified_5x5_internal	rs_12	nested_candidate_grid	QKno_heavy	"{""expert_counterfactual"": 0.35, ""expert_qk_no_anchor"": 0.65, ""expert_qk_quantum_only"": 0.0, ""expert_structure"": 0.0, ""expert_retrieval"": 0.0}"	71.0	17.0	0.23943661971830985	0.3912096022613084	0.6045751633986928	0.22426892891112413	0.4	0.11764705882352941	1.670588235294118	0.4	0.23529411764705882	1.670588235294118
repeated_stratified_5x5_internal	rs_12	nested_candidate_grid	C_QKno_equal	"{""expert_counterfactual"": 0.5, ""expert_qk_no_anchor"": 0.5, ""expert_qk_quantum_only"": 0.0, ""expert_structure"": 0.0, ""expert_retrieval"": 0.0}"	71.0	17.0	0.23943661971830985	0.3782991960512444	0.6230936819172114	0.2130328130209907	0.4	0.11764705882352941	1.670588235294118	0.5	0.29411764705882354	2.088235294117647
repeated_stratified_5x5_internal	rs_12	nested_candidate_grid	C_QKquant_equal	"{""expert_counterfactual"": 0.5, ""expert_qk_no_anchor"": 0.0, ""expert_qk_quantum_only"": 0.5, ""expert_structure"": 0.0, ""expert_retrieval"": 0.0}"	71.0	17.0	0.23943661971830985	0.371913199323479	0.537037037037037	0.21854567731011046	0.6	0.17647058823529413	2.5058823529411764	0.4	0.23529411764705882	1.670588235294118
repeated_stratified_5x5_internal	rs_12	nested_candidate_grid	all_lowdim_equalish	"{""expert_counterfactual"": 0.35, ""expert_qk_no_anchor"": 0.3, ""expert_qk_quantum_only"": 0.15, ""expert_structure"": 0.1, ""expert_retrieval"": 0.1}"	71.0	17.0	0.23943661971830985	0.3716720724921969	0.6023965141612201	0.20649873778938793	0.4	0.11764705882352941	1.670588235294118	0.5	0.29411764705882354	2.088235294117647
repeated_stratified_5x5_internal	rs_12	nested_candidate_grid	C_QKno_structure	"{""expert_counterfactual"": 0.45, ""expert_qk_no_anchor"": 0.4, ""expert_qk_quantum_only"": 0.0, ""expert_structure"": 0.15, ""expert_retrieval"": 0.0}"	71.0	17.0	0.23943661971830985	0.34136934040411077	0.6111111111111112	0.21324645205284573	0.4	0.11764705882352941	1.670588235294118	0.4	0.23529411764705882	1.670588235294118
repeated_stratified_5x5_internal	rs_12	rule_gated_mean_weights	rule	"{""expert_counterfactual"": 0.4561941251596424, ""expert_qk_no_anchor"": 0.35197956577266915, ""expert_qk_quantum_only"": 0.09910600255427843, ""expert_structure"": 0.046998722860791826, ""expert_retrieval"": 0.04572158365261814}"												
repeated_stratified_5x5_internal	rs_12	nested_selected_weights	selected	"{""expert_counterfactual"": 0.65, ""expert_qk_no_anchor"": 0.35, ""expert_qk_quantum_only"": 0.0, ""expert_structure"": 0.0, ""expert_retrieval"": 0.0}"												
repeated_stratified_5x5_internal	rs_13	nested_candidate_grid	C_QKquant_equal	"{""expert_counterfactual"": 0.5, ""expert_qk_no_anchor"": 0.0, ""expert_qk_quantum_only"": 0.5, ""expert_structure"": 0.0, ""expert_retrieval"": 0.0}"	71.0	17.0	0.23943661971830985	0.5101287742049667	0.6917211328976034	0.18912099923960413	0.8	0.23529411764705882	3.341176470588236	0.5	0.29411764705882354	2.088235294117647
repeated_stratified_5x5_internal	rs_13	nested_candidate_grid	all_lowdim_equalish	"{""expert_counterfactual"": 0.35, ""expert_qk_no_anchor"": 0.3, ""expert_qk_quantum_only"": 0.15, ""expert_structure"": 0.1, ""expert_retrieval"": 0.1}"	71.0	17.0	0.23943661971830985	0.38621867275912736	0.599128540305011	0.2009816727306132	0.4	0.11764705882352941	1.670588235294118	0.3	0.17647058823529413	1.2529411764705882
repeated_stratified_5x5_internal	rs_13	nested_candidate_grid	C_heavy_QKno	"{""expert_counterfactual"": 0.65, ""expert_qk_no_anchor"": 0.35, ""expert_qk_quantum_only"": 0.0, ""expert_structure"": 0.0, ""expert_retrieval"": 0.0}"	71.0	17.0	0.23943661971830985	0.3642330278114809	0.5969498910675382	0.20635432846115653	0.4	0.11764705882352941	1.670588235294118	0.3	0.17647058823529413	1.2529411764705882
repeated_stratified_5x5_internal	rs_13	nested_candidate_grid	C_QKno_equal	"{""expert_counterfactual"": 0.5, ""expert_qk_no_anchor"": 0.5, ""expert_qk_quantum_only"": 0.0, ""expert_structure"": 0.0, ""expert_retrieval"": 0.0}"	71.0	17.0	0.23943661971830985	0.3612248452870911	0.5588235294117647	0.21682872615402968	0.4	0.11764705882352941	1.670588235294118	0.3	0.17647058823529413	1.2529411764705882
repeated_stratified_5x5_internal	rs_13	nested_candidate_grid	C_QKno_structure	"{""expert_counterfactual"": 0.45, ""expert_qk_no_anchor"": 0.4, ""expert_qk_quantum_only"": 0.0, ""expert_structure"": 0.15, ""expert_retrieval"": 0.0}"	71.0	17.0	0.23943661971830985	0.35658457210532957	0.5413943355119826	0.21696088663919105	0.4	0.11764705882352941	1.670588235294118	0.3	0.17647058823529413	1.2529411764705882
repeated_stratified_5x5_internal	rs_13	nested_candidate_grid	QKno_heavy	"{""expert_counterfactual"": 0.35, ""expert_qk_no_anchor"": 0.65, ""expert_qk_quantum_only"": 0.0, ""expert_structure"": 0.0, ""expert_retrieval"": 0.0}"	71.0	17.0	0.23943661971830985	0.3502328300127449	0.5457516339869282	0.22984380518021988	0.4	0.11764705882352941	1.670588235294118	0.2	0.11764705882352941	0.835294117647059
repeated_stratified_5x5_internal	rs_13	rule_gated_mean_weights	rule	"{""expert_counterfactual"": 0.45309706257982124, ""expert_qk_no_anchor"": 0.35098978288633453, ""expert_qk_quantum_only"": 0.09955300127713923, ""expert_structure"": 0.04849936143039592, ""expert_retrieval"": 0.047860791826309076}"												
repeated_stratified_5x5_internal	rs_13	nested_selected_weights	selected	"{""expert_counterfactual"": 0.5, ""expert_qk_no_anchor"": 0.0, ""expert_qk_quantum_only"": 0.5, ""expert_structure"": 0.0, ""expert_retrieval"": 0.0}"												
repeated_stratified_5x5_internal	rs_14	nested_candidate_grid	C_heavy_QKno	"{""expert_counterfactual"": 0.65, ""expert_qk_no_anchor"": 0.35, ""expert_qk_quantum_only"": 0.0, ""expert_structure"": 0.0, ""expert_retrieval"": 0.0}"	72.0	17.0	0.2361111111111111	0.3967808032425876	0.6502673796791443	0.20283432513434846	0.4	0.11764705882352941	1.6941176470588237	0.4	0.23529411764705882	1.6941176470588237
repeated_stratified_5x5_internal	rs_14	nested_candidate_grid	C_QKno_structure	"{""expert_counterfactual"": 0.45, ""expert_qk_no_anchor"": 0.4, ""expert_qk_quantum_only"": 0.0, ""expert_structure"": 0.15, ""expert_retrieval"": 0.0}"	72.0	17.0	0.2361111111111111	0.351824278547494	0.6203208556149732	0.20768366547598527	0.2	0.058823529411764705	0.8470588235294119	0.3	0.17647058823529413	1.2705882352941176
repeated_stratified_5x5_internal	rs_14	nested_candidate_grid	C_QKno_equal	"{""expert_counterfactual"": 0.5, ""expert_qk_no_anchor"": 0.5, ""expert_qk_quantum_only"": 0.0, ""expert_structure"": 0.0, ""expert_retrieval"": 0.0}"	72.0	17.0	0.2361111111111111	0.3344908750071479	0.6245989304812833	0.20953286743159902	0.2	0.058823529411764705	0.8470588235294119	0.4	0.23529411764705882	1.6941176470588237
repeated_stratified_5x5_internal	rs_14	nested_candidate_grid	QKno_heavy	"{""expert_counterfactual"": 0.35, ""expert_qk_no_anchor"": 0.65, ""expert_qk_quantum_only"": 0.0, ""expert_structure"": 0.0, ""expert_retrieval"": 0.0}"	72.0	17.0	0.2361111111111111	0.3079599711395509	0.6106951871657754	0.21816136448084802	0.2	0.058823529411764705	0.8470588235294119	0.3	0.17647058823529413	1.2705882352941176
repeated_stratified_5x5_internal	rs_14	nested_candidate_grid	all_lowdim_equalish	"{""expert_counterfactual"": 0.35, ""expert_qk_no_anchor"": 0.3, ""expert_qk_quantum_only"": 0.15, ""expert_structure"": 0.1, ""expert_retrieval"": 0.1}"	72.0	17.0	0.2361111111111111	0.3055434185081266	0.6106951871657753	0.2056647364831271	0.2	0.058823529411764705	0.8470588235294119	0.3	0.17647058823529413	1.2705882352941176
repeated_stratified_5x5_internal	rs_14	nested_candidate_grid	C_QKquant_equal	"{""expert_counterfactual"": 0.5, ""expert_qk_no_anchor"": 0.0, ""expert_qk_quantum_only"": 0.5, ""expert_structure"": 0.0, ""expert_retrieval"": 0.0}"	72.0	17.0	0.2361111111111111	0.29629140787027075	0.611764705882353	0.22385875016839524	0.0	0.0	0.0	0.2	0.11764705882352941	0.8470588235294119
repeated_stratified_5x5_internal	rs_14	rule_gated_mean_weights	rule	"{""expert_counterfactual"": 0.45033806626098716, ""expert_qk_no_anchor"": 0.3481068289384719, ""expert_qk_quantum_only"": 0.099526707234618, ""expert_structure"": 0.054293441514536855, ""expert_retrieval"": 0.04773495605138608}"												
repeated_stratified_5x5_internal	rs_14	nested_selected_weights	selected	"{""expert_counterfactual"": 0.65, ""expert_qk_no_anchor"": 0.35, ""expert_qk_quantum_only"": 0.0, ""expert_structure"": 0.0, ""expert_retrieval"": 0.0}"												
repeated_stratified_5x5_internal	rs_15	nested_candidate_grid	C_QKquant_equal	"{""expert_counterfactual"": 0.5, ""expert_qk_no_anchor"": 0.0, ""expert_qk_quantum_only"": 0.5, ""expert_structure"": 0.0, ""expert_retrieval"": 0.0}"	71.0	16.0	0.22535211267605634	0.49727674325900456	0.6840909090909091	0.19585847202006265	0.6	0.1875	2.6624999999999996	0.5	0.3125	2.21875
repeated_stratified_5x5_internal	rs_15	nested_candidate_grid	C_QKno_equal	"{""expert_counterfactual"": 0.5, ""expert_qk_no_anchor"": 0.5, ""expert_qk_quantum_only"": 0.0, ""expert_structure"": 0.0, ""expert_retrieval"": 0.0}"	71.0	16.0	0.22535211267605634	0.48173180164183216	0.7045454545454546	0.185812291508686	0.6	0.1875	2.6624999999999996	0.6	0.375	2.6624999999999996
repeated_stratified_5x5_internal	rs_15	nested_candidate_grid	C_QKno_structure	"{""expert_counterfactual"": 0.45, ""expert_qk_no_anchor"": 0.4, ""expert_qk_quantum_only"": 0.0, ""expert_structure"": 0.15, ""expert_retrieval"": 0.0}"	71.0	16.0	0.22535211267605634	0.4752981391111814	0.7136363636363636	0.18448701063884684	0.4	0.125	1.7750000000000001	0.6	0.375	2.6624999999999996
repeated_stratified_5x5_internal	rs_15	nested_candidate_grid	C_heavy_QKno	"{""expert_counterfactual"": 0.65, ""expert_qk_no_anchor"": 0.35, ""expert_qk_quantum_only"": 0.0, ""expert_structure"": 0.0, ""expert_retrieval"": 0.0}"	71.0	16.0	0.22535211267605634	0.4741836678971395	0.7113636363636364	0.18225538086864568	0.6	0.1875	2.6624999999999996	0.5	0.3125	2.21875
repeated_stratified_5x5_internal	rs_15	nested_candidate_grid	all_lowdim_equalish	"{""expert_counterfactual"": 0.35, ""expert_qk_no_anchor"": 0.3, ""expert_qk_quantum_only"": 0.15, ""expert_structure"": 0.1, ""expert_retrieval"": 0.1}"	71.0	16.0	0.22535211267605634	0.4661081714182694	0.7	0.1827098112085741	0.6	0.1875	2.6624999999999996	0.5	0.3125	2.21875
repeated_stratified_5x5_internal	rs_15	nested_candidate_grid	QKno_heavy	"{""expert_counterfactual"": 0.35, ""expert_qk_no_anchor"": 0.65, ""expert_qk_quantum_only"": 0.0, ""expert_structure"": 0.0, ""expert_retrieval"": 0.0}"	71.0	16.0	0.22535211267605634	0.4621365436876366	0.6943181818181818	0.1911831906035134	0.6	0.1875	2.6624999999999996	0.6	0.375	2.6624999999999996
repeated_stratified_5x5_internal	rs_15	rule_gated_mean_weights	rule	"{""expert_counterfactual"": 0.44754150702426565, ""expert_qk_no_anchor"": 0.345434227330779, ""expert_qk_quantum_only"": 0.09955300127713923, ""expert_structure"": 0.04849936143039592, ""expert_retrieval"": 0.05897190293742019}"												
repeated_stratified_5x5_internal	rs_15	nested_selected_weights	selected	"{""expert_counterfactual"": 0.5, ""expert_qk_no_anchor"": 0.0, ""expert_qk_quantum_only"": 0.5, ""expert_structure"": 0.0, ""expert_retrieval"": 0.0}"												
repeated_stratified_5x5_internal	rs_16	nested_candidate_grid	QKno_heavy	"{""expert_counterfactual"": 0.35, ""expert_qk_no_anchor"": 0.65, ""expert_qk_quantum_only"": 0.0, ""expert_structure"": 0.0, ""expert_retrieval"": 0.0}"	71.0	17.0	0.23943661971830985	0.47384438319842115	0.7352941176470588	0.205701662307882	0.4	0.11764705882352941	1.670588235294118	0.6	0.35294117647058826	2.5058823529411764
repeated_stratified_5x5_internal	rs_16	nested_candidate_grid	C_QKno_equal	"{""expert_counterfactual"": 0.5, ""expert_qk_no_anchor"": 0.5, ""expert_qk_quantum_only"": 0.0, ""expert_structure"": 0.0, ""expert_retrieval"": 0.0}"	71.0	17.0	0.23943661971830985	0.4434553547306508	0.7342047930283224	0.20180776486599794	0.4	0.11764705882352941	1.670588235294118	0.6	0.35294117647058826	2.5058823529411764
repeated_stratified_5x5_internal	rs_16	nested_candidate_grid	all_lowdim_equalish	"{""expert_counterfactual"": 0.35, ""expert_qk_no_anchor"": 0.3, ""expert_qk_quantum_only"": 0.15, ""expert_structure"": 0.1, ""expert_retrieval"": 0.1}"	71.0	17.0	0.23943661971830985	0.43816236236382267	0.7080610021786493	0.19608691634731584	0.4	0.11764705882352941	1.670588235294118	0.4	0.23529411764705882	1.670588235294118
repeated_stratified_5x5_internal	rs_16	nested_candidate_grid	C_QKno_structure	"{""expert_counterfactual"": 0.45, ""expert_qk_no_anchor"": 0.4, ""expert_qk_quantum_only"": 0.0, ""expert_structure"": 0.15, ""expert_retrieval"": 0.0}"	71.0	17.0	0.23943661971830985	0.4139218175117598	0.7145969498910676	0.19905888745361738	0.4	0.11764705882352941	1.670588235294118	0.5	0.29411764705882354	2.088235294117647
repeated_stratified_5x5_internal	rs_16	nested_candidate_grid	C_heavy_QKno	"{""expert_counterfactual"": 0.65, ""expert_qk_no_anchor"": 0.35, ""expert_qk_quantum_only"": 0.0, ""expert_structure"": 0.0, ""expert_retrieval"": 0.0}"	71.0	17.0	0.23943661971830985	0.3820912806453665	0.6884531590413944	0.19993028795122603	0.4	0.11764705882352941	1.670588235294118	0.4	0.23529411764705882	1.670588235294118
repeated_stratified_5x5_internal	rs_16	nested_candidate_grid	C_QKquant_equal	"{""expert_counterfactual"": 0.5, ""expert_qk_no_anchor"": 0.0, ""expert_qk_quantum_only"": 0.5, ""expert_structure"": 0.0, ""expert_retrieval"": 0.0}"	71.0	17.0	0.23943661971830985	0.326879121376302	0.6089324618736385	0.22178642230144857	0.2	0.058823529411764705	0.835294117647059	0.4	0.23529411764705882	1.670588235294118
repeated_stratified_5x5_internal	rs_16	rule_gated_mean_weights	rule	"{""expert_counterfactual"": 0.45309706257982124, ""expert_qk_no_anchor"": 0.35098978288633453, ""expert_qk_quantum_only"": 0.09955300127713923, ""expert_structure"": 0.04849936143039592, ""expert_retrieval"": 0.04786079182630907}"												
repeated_stratified_5x5_internal	rs_16	nested_selected_weights	selected	"{""expert_counterfactual"": 0.35, ""expert_qk_no_anchor"": 0.65, ""expert_qk_quantum_only"": 0.0, ""expert_structure"": 0.0, ""expert_retrieval"": 0.0}"												
repeated_stratified_5x5_internal	rs_17	nested_candidate_grid	C_heavy_QKno	"{""expert_counterfactual"": 0.65, ""expert_qk_no_anchor"": 0.35, ""expert_qk_quantum_only"": 0.0, ""expert_structure"": 0.0, ""expert_retrieval"": 0.0}"	71.0	17.0	0.23943661971830985	0.3706805626078905	0.6187363834422658	0.20137645256381786	0.4	0.11764705882352941	1.670588235294118	0.2	0.11764705882352941	0.835294117647059
repeated_stratified_5x5_internal	rs_17	nested_candidate_grid	C_QKno_equal	"{""expert_counterfactual"": 0.5, ""expert_qk_no_anchor"": 0.5, ""expert_qk_quantum_only"": 0.0, ""expert_structure"": 0.0, ""expert_retrieval"": 0.0}"	71.0	17.0	0.23943661971830985	0.3652593410910588	0.5718954248366013	0.2143496179752369	0.4	0.11764705882352941	1.670588235294118	0.2	0.11764705882352941	0.835294117647059
repeated_stratified_5x5_internal	rs_17	nested_candidate_grid	QKno_heavy	"{""expert_counterfactual"": 0.35, ""expert_qk_no_anchor"": 0.65, ""expert_qk_quantum_only"": 0.0, ""expert_structure"": 0.0, ""expert_retrieval"": 0.0}"	71.0	17.0	0.23943661971830985	0.3438426300683059	0.5272331154684096	0.22996452548091956	0.4	0.11764705882352941	1.670588235294118	0.3	0.17647058823529413	1.2529411764705882
repeated_stratified_5x5_internal	rs_17	nested_candidate_grid	C_QKno_structure	"{""expert_counterfactual"": 0.45, ""expert_qk_no_anchor"": 0.4, ""expert_qk_quantum_only"": 0.0, ""expert_structure"": 0.15, ""expert_retrieval"": 0.0}"	71.0	17.0	0.23943661971830985	0.32971231663143824	0.5522875816993464	0.2118579016184081	0.4	0.11764705882352941	1.670588235294118	0.2	0.11764705882352941	0.835294117647059
repeated_stratified_5x5_internal	rs_17	nested_candidate_grid	all_lowdim_equalish	"{""expert_counterfactual"": 0.35, ""expert_qk_no_anchor"": 0.3, ""expert_qk_quantum_only"": 0.15, ""expert_structure"": 0.1, ""expert_retrieval"": 0.1}"	71.0	17.0	0.23943661971830985	0.32562053707143557	0.5577342047930283	0.20738734562993424	0.2	0.058823529411764705	0.835294117647059	0.2	0.11764705882352941	0.835294117647059
repeated_stratified_5x5_internal	rs_17	nested_candidate_grid	C_QKquant_equal	"{""expert_counterfactual"": 0.5, ""expert_qk_no_anchor"": 0.0, ""expert_qk_quantum_only"": 0.5, ""expert_structure"": 0.0, ""expert_retrieval"": 0.0}"	71.0	17.0	0.23943661971830985	0.31584882812534654	0.6100217864923747	0.21550296623805756	0.2	0.058823529411764705	0.835294117647059	0.3	0.17647058823529413	1.2529411764705882
repeated_stratified_5x5_internal	rs_17	rule_gated_mean_weights	rule	"{""expert_counterfactual"": 0.45309706257982124, ""expert_qk_no_anchor"": 0.35098978288633453, ""expert_qk_quantum_only"": 0.09955300127713923, ""expert_structure"": 0.04849936143039592, ""expert_retrieval"": 0.047860791826309076}"												
repeated_stratified_5x5_internal	rs_17	nested_selected_weights	selected	"{""expert_counterfactual"": 0.65, ""expert_qk_no_anchor"": 0.35, ""expert_qk_quantum_only"": 0.0, ""expert_structure"": 0.0, ""expert_retrieval"": 0.0}"												
repeated_stratified_5x5_internal	rs_18	nested_candidate_grid	C_heavy_QKno	"{""expert_counterfactual"": 0.65, ""expert_qk_no_anchor"": 0.35, ""expert_qk_quantum_only"": 0.0, ""expert_structure"": 0.0, ""expert_retrieval"": 0.0}"	71.0	17.0	0.23943661971830985	0.3480248395445992	0.6383442265795207	0.20699677304668754	0.4	0.11764705882352941	1.670588235294118	0.3	0.17647058823529413	1.2529411764705882
repeated_stratified_5x5_internal	rs_18	nested_candidate_grid	C_QKno_equal	"{""expert_counterfactual"": 0.5, ""expert_qk_no_anchor"": 0.5, ""expert_qk_quantum_only"": 0.0, ""expert_structure"": 0.0, ""expert_retrieval"": 0.0}"	71.0	17.0	0.23943661971830985	0.3050485476729973	0.5871459694989107	0.2194877999697568	0.4	0.11764705882352941	1.670588235294118	0.2	0.11764705882352941	0.835294117647059
repeated_stratified_5x5_internal	rs_18	nested_candidate_grid	C_QKno_structure	"{""expert_counterfactual"": 0.45, ""expert_qk_no_anchor"": 0.4, ""expert_qk_quantum_only"": 0.0, ""expert_structure"": 0.15, ""expert_retrieval"": 0.0}"	71.0	17.0	0.23943661971830985	0.3005933133380006	0.5849673202614378	0.21448808435079805	0.2	0.058823529411764705	0.835294117647059	0.2	0.11764705882352941	0.835294117647059
repeated_stratified_5x5_internal	rs_18	nested_candidate_grid	C_QKquant_equal	"{""expert_counterfactual"": 0.5, ""expert_qk_no_anchor"": 0.0, ""expert_qk_quantum_only"": 0.5, ""expert_structure"": 0.0, ""expert_retrieval"": 0.0}"	71.0	17.0	0.23943661971830985	0.2824110141241855	0.593681917211329	0.21753800079278499	0.0	0.0	0.0	0.3	0.17647058823529413	1.2529411764705882
repeated_stratified_5x5_internal	rs_18	nested_candidate_grid	all_lowdim_equalish	"{""expert_counterfactual"": 0.35, ""expert_qk_no_anchor"": 0.3, ""expert_qk_quantum_only"": 0.15, ""expert_structure"": 0.1, ""expert_retrieval"": 0.1}"	71.0	17.0	0.23943661971830985	0.2786522485947775	0.5904139433551198	0.21026706835899966	0.2	0.058823529411764705	0.835294117647059	0.1	0.058823529411764705	0.4176470588235295
repeated_stratified_5x5_internal	rs_18	nested_candidate_grid	QKno_heavy	"{""expert_counterfactual"": 0.35, ""expert_qk_no_anchor"": 0.65, ""expert_qk_quantum_only"": 0.0, ""expert_structure"": 0.0, ""expert_retrieval"": 0.0}"	71.0	17.0	0.23943661971830985	0.2750922449584728	0.5631808278867102	0.23535825045212927	0.2	0.058823529411764705	0.835294117647059	0.2	0.11764705882352941	0.835294117647059
repeated_stratified_5x5_internal	rs_18	rule_gated_mean_weights	rule	"{""expert_counterfactual"": 0.4444444444444444, ""expert_qk_no_anchor"": 0.3444444444444444, ""expert_qk_quantum_only"": 0.10000000000000002, ""expert_structure"": 0.05000000000000001, ""expert_retrieval"": 0.061111111111111116}"												
repeated_stratified_5x5_internal	rs_18	nested_selected_weights	selected	"{""expert_counterfactual"": 0.65, ""expert_qk_no_anchor"": 0.35, ""expert_qk_quantum_only"": 0.0, ""expert_structure"": 0.0, ""expert_retrieval"": 0.0}"												
repeated_stratified_5x5_internal	rs_19	nested_candidate_grid	C_heavy_QKno	"{""expert_counterfactual"": 0.65, ""expert_qk_no_anchor"": 0.35, ""expert_qk_quantum_only"": 0.0, ""expert_structure"": 0.0, ""expert_retrieval"": 0.0}"	72.0	17.0	0.2361111111111111	0.5384212475005852	0.7229946524064171	0.18652856594453315	0.8	0.23529411764705882	3.3882352941176475	0.5	0.29411764705882354	2.1176470588235294
repeated_stratified_5x5_internal	rs_19	nested_candidate_grid	C_QKno_equal	"{""expert_counterfactual"": 0.5, ""expert_qk_no_anchor"": 0.5, ""expert_qk_quantum_only"": 0.0, ""expert_structure"": 0.0, ""expert_retrieval"": 0.0}"	72.0	17.0	0.2361111111111111	0.48752339994464317	0.7090909090909091	0.19372839302146375	0.6	0.17647058823529413	2.541176470588235	0.5	0.29411764705882354	2.1176470588235294
repeated_stratified_5x5_internal	rs_19	nested_candidate_grid	C_QKno_structure	"{""expert_counterfactual"": 0.45, ""expert_qk_no_anchor"": 0.4, ""expert_qk_quantum_only"": 0.0, ""expert_structure"": 0.15, ""expert_retrieval"": 0.0}"	72.0	17.0	0.2361111111111111	0.456184860211428	0.6598930481283423	0.19641254583344697	0.6	0.17647058823529413	2.541176470588235	0.5	0.29411764705882354	2.1176470588235294
repeated_stratified_5x5_internal	rs_19	nested_candidate_grid	QKno_heavy	"{""expert_counterfactual"": 0.35, ""expert_qk_no_anchor"": 0.65, ""expert_qk_quantum_only"": 0.0, ""expert_structure"": 0.0, ""expert_retrieval"": 0.0}"	72.0	17.0	0.2361111111111111	0.4280502966145223	0.6834224598930482	0.2029950427934698	0.4	0.11764705882352941	1.6941176470588237	0.4	0.23529411764705882	1.6941176470588237
repeated_stratified_5x5_internal	rs_19	nested_candidate_grid	all_lowdim_equalish	"{""expert_counterfactual"": 0.35, ""expert_qk_no_anchor"": 0.3, ""expert_qk_quantum_only"": 0.15, ""expert_structure"": 0.1, ""expert_retrieval"": 0.1}"	72.0	17.0	0.2361111111111111	0.3823845560069993	0.6609625668449197	0.19288421398895736	0.4	0.11764705882352941	1.6941176470588237	0.5	0.29411764705882354	2.1176470588235294
repeated_stratified_5x5_internal	rs_19	nested_candidate_grid	C_QKquant_equal	"{""expert_counterfactual"": 0.5, ""expert_qk_no_anchor"": 0.0, ""expert_qk_quantum_only"": 0.5, ""expert_structure"": 0.0, ""expert_retrieval"": 0.0}"	72.0	17.0	0.2361111111111111	0.3807380745798834	0.6673796791443851	0.20743331169845758	0.2	0.058823529411764705	0.8470588235294119	0.4	0.23529411764705882	1.6941176470588237
repeated_stratified_5x5_internal	rs_19	rule_gated_mean_weights	rule	"{""expert_counterfactual"": 0.45327924273157544, ""expert_qk_no_anchor"": 0.3510480054090601, ""expert_qk_quantum_only"": 0.099526707234618, ""expert_structure"": 0.04841108857336038, ""expert_retrieval"": 0.04773495605138608}"												
repeated_stratified_5x5_internal	rs_19	nested_selected_weights	selected	"{""expert_counterfactual"": 0.65, ""expert_qk_no_anchor"": 0.35, ""expert_qk_quantum_only"": 0.0, ""expert_structure"": 0.0, ""expert_retrieval"": 0.0}"												
repeated_stratified_5x5_internal	rs_20	nested_candidate_grid	C_heavy_QKno	"{""expert_counterfactual"": 0.65, ""expert_qk_no_anchor"": 0.35, ""expert_qk_quantum_only"": 0.0, ""expert_structure"": 0.0, ""expert_retrieval"": 0.0}"	71.0	16.0	0.22535211267605634	0.6452989508576046	0.7420454545454546	0.18832961096458462	0.8	0.25	3.5500000000000003	0.8	0.5	3.5500000000000003
repeated_stratified_5x5_internal	rs_20	nested_candidate_grid	C_QKno_equal	"{""expert_counterfactual"": 0.5, ""expert_qk_no_anchor"": 0.5, ""expert_qk_quantum_only"": 0.0, ""expert_structure"": 0.0, ""expert_retrieval"": 0.0}"	71.0	16.0	0.22535211267605634	0.5253496541839393	0.6954545454545454	0.19870350092273967	0.8	0.25	3.5500000000000003	0.4	0.25	1.7750000000000001
repeated_stratified_5x5_internal	rs_20	nested_candidate_grid	C_QKno_structure	"{""expert_counterfactual"": 0.45, ""expert_qk_no_anchor"": 0.4, ""expert_qk_quantum_only"": 0.0, ""expert_structure"": 0.15, ""expert_retrieval"": 0.0}"	71.0	16.0	0.22535211267605634	0.5191836265756302	0.7079545454545455	0.19558931437684024	0.6	0.1875	2.6624999999999996	0.6	0.375	2.6624999999999996
repeated_stratified_5x5_internal	rs_20	nested_candidate_grid	all_lowdim_equalish	"{""expert_counterfactual"": 0.35, ""expert_qk_no_anchor"": 0.3, ""expert_qk_quantum_only"": 0.15, ""expert_structure"": 0.1, ""expert_retrieval"": 0.1}"	71.0	16.0	0.22535211267605634	0.5176851870902495	0.7193181818181817	0.19109594013275596	0.6	0.1875	2.6624999999999996	0.5	0.3125	2.21875
repeated_stratified_5x5_internal	rs_20	nested_candidate_grid	C_QKquant_equal	"{""expert_counterfactual"": 0.5, ""expert_qk_no_anchor"": 0.0, ""expert_qk_quantum_only"": 0.5, ""expert_structure"": 0.0, ""expert_retrieval"": 0.0}"	71.0	16.0	0.22535211267605634	0.4882864187719689	0.7090909090909091	0.20450486983548893	0.6	0.1875	2.6624999999999996	0.4	0.25	1.7750000000000001
repeated_stratified_5x5_internal	rs_20	nested_candidate_grid	QKno_heavy	"{""expert_counterfactual"": 0.35, ""expert_qk_no_anchor"": 0.65, ""expert_qk_quantum_only"": 0.0, ""expert_structure"": 0.0, ""expert_retrieval"": 0.0}"	71.0	16.0	0.22535211267605634	0.45619921005659037	0.6522727272727273	0.21125566735164977	0.6	0.1875	2.6624999999999996	0.4	0.25	1.7750000000000001
repeated_stratified_5x5_internal	rs_20	rule_gated_mean_weights	rule	"{""expert_counterfactual"": 0.45929118773946365, ""expert_qk_no_anchor"": 0.35296934865900376, ""expert_qk_quantum_only"": 0.09865900383141764, ""expert_structure"": 0.04549808429118774, ""expert_retrieval"": 0.04358237547892721}"												
repeated_stratified_5x5_internal	rs_20	nested_selected_weights	selected	"{""expert_counterfactual"": 0.65, ""expert_qk_no_anchor"": 0.35, ""expert_qk_quantum_only"": 0.0, ""expert_structure"": 0.0, ""expert_retrieval"": 0.0}"												
repeated_stratified_5x5_internal	rs_21	nested_candidate_grid	C_heavy_QKno	"{""expert_counterfactual"": 0.65, ""expert_qk_no_anchor"": 0.35, ""expert_qk_quantum_only"": 0.0, ""expert_structure"": 0.0, ""expert_retrieval"": 0.0}"	71.0	17.0	0.23943661971830985	0.423918277442309	0.6710239651416122	0.19796284950935633	0.6	0.17647058823529413	2.5058823529411764	0.6	0.35294117647058826	2.5058823529411764
repeated_stratified_5x5_internal	rs_21	nested_candidate_grid	C_QKno_equal	"{""expert_counterfactual"": 0.5, ""expert_qk_no_anchor"": 0.5, ""expert_qk_quantum_only"": 0.0, ""expert_structure"": 0.0, ""expert_retrieval"": 0.0}"	71.0	17.0	0.23943661971830985	0.41923677061892717	0.6339869281045752	0.20940692344971296	0.4	0.11764705882352941	1.670588235294118	0.6	0.35294117647058826	2.5058823529411764
repeated_stratified_5x5_internal	rs_21	nested_candidate_grid	QKno_heavy	"{""expert_counterfactual"": 0.35, ""expert_qk_no_anchor"": 0.65, ""expert_qk_quantum_only"": 0.0, ""expert_structure"": 0.0, ""expert_retrieval"": 0.0}"	71.0	17.0	0.23943661971830985	0.38918379355080657	0.6045751633986929	0.22356975727845044	0.8	0.23529411764705882	3.341176470588236	0.4	0.23529411764705882	1.670588235294118
repeated_stratified_5x5_internal	rs_21	nested_candidate_grid	C_QKquant_equal	"{""expert_counterfactual"": 0.5, ""expert_qk_no_anchor"": 0.0, ""expert_qk_quantum_only"": 0.5, ""expert_structure"": 0.0, ""expert_retrieval"": 0.0}"	71.0	17.0	0.23943661971830985	0.34195861947498013	0.667755991285403	0.21228863150716012	0.0	0.0	0.0	0.3	0.17647058823529413	1.2529411764705882
repeated_stratified_5x5_internal	rs_21	nested_candidate_grid	C_QKno_structure	"{""expert_counterfactual"": 0.45, ""expert_qk_no_anchor"": 0.4, ""expert_qk_quantum_only"": 0.0, ""expert_structure"": 0.15, ""expert_retrieval"": 0.0}"	71.0	17.0	0.23943661971830985	0.3357975869263461	0.6111111111111112	0.2101418328800642	0.4	0.11764705882352941	1.670588235294118	0.4	0.23529411764705882	1.670588235294118
repeated_stratified_5x5_internal	rs_21	nested_candidate_grid	all_lowdim_equalish	"{""expert_counterfactual"": 0.35, ""expert_qk_no_anchor"": 0.3, ""expert_qk_quantum_only"": 0.15, ""expert_structure"": 0.1, ""expert_retrieval"": 0.1}"	71.0	17.0	0.23943661971830985	0.31588568722875676	0.5947712418300655	0.2070911476276031	0.2	0.058823529411764705	0.835294117647059	0.4	0.23529411764705882	1.670588235294118
repeated_stratified_5x5_internal	rs_21	rule_gated_mean_weights	rule	"{""expert_counterfactual"": 0.44754150702426565, ""expert_qk_no_anchor"": 0.345434227330779, ""expert_qk_quantum_only"": 0.09955300127713923, ""expert_structure"": 0.04849936143039592, ""expert_retrieval"": 0.05897190293742019}"												
repeated_stratified_5x5_internal	rs_21	nested_selected_weights	selected	"{""expert_counterfactual"": 0.65, ""expert_qk_no_anchor"": 0.35, ""expert_qk_quantum_only"": 0.0, ""expert_structure"": 0.0, ""expert_retrieval"": 0.0}"												
repeated_stratified_5x5_internal	rs_22	nested_candidate_grid	C_QKquant_equal	"{""expert_counterfactual"": 0.5, ""expert_qk_no_anchor"": 0.0, ""expert_qk_quantum_only"": 0.5, ""expert_structure"": 0.0, ""expert_retrieval"": 0.0}"	71.0	17.0	0.23943661971830985	0.3318578426412101	0.607843137254902	0.21944084061661331	0.0	0.0	0.0	0.5	0.29411764705882354	2.088235294117647
repeated_stratified_5x5_internal	rs_22	nested_candidate_grid	C_heavy_QKno	"{""expert_counterfactual"": 0.65, ""expert_qk_no_anchor"": 0.35, ""expert_qk_quantum_only"": 0.0, ""expert_structure"": 0.0, ""expert_retrieval"": 0.0}"	71.0	17.0	0.23943661971830985	0.3285832387964253	0.616557734204793	0.20722516080418946	0.2	0.058823529411764705	0.835294117647059	0.3	0.17647058823529413	1.2529411764705882
repeated_stratified_5x5_internal	rs_22	nested_candidate_grid	C_QKno_equal	"{""expert_counterfactual"": 0.5, ""expert_qk_no_anchor"": 0.5, ""expert_qk_quantum_only"": 0.0, ""expert_structure"": 0.0, ""expert_retrieval"": 0.0}"	71.0	17.0	0.23943661971830985	0.2873674253542456	0.5718954248366013	0.21655424110804503	0.2	0.058823529411764705	0.835294117647059	0.3	0.17647058823529413	1.2529411764705882
repeated_stratified_5x5_internal	rs_22	nested_candidate_grid	QKno_heavy	"{""expert_counterfactual"": 0.35, ""expert_qk_no_anchor"": 0.65, ""expert_qk_quantum_only"": 0.0, ""expert_structure"": 0.0, ""expert_retrieval"": 0.0}"	71.0	17.0	0.23943661971830985	0.2658609830039826	0.5305010893246187	0.22776410664082708	0.2	0.058823529411764705	0.835294117647059	0.3	0.17647058823529413	1.2529411764705882
repeated_stratified_5x5_internal	rs_22	nested_candidate_grid	C_QKno_structure	"{""expert_counterfactual"": 0.45, ""expert_qk_no_anchor"": 0.4, ""expert_qk_quantum_only"": 0.0, ""expert_structure"": 0.15, ""expert_retrieval"": 0.0}"	71.0	17.0	0.23943661971830985	0.26399027629541755	0.5435729847494554	0.21873934181235405	0.2	0.058823529411764705	0.835294117647059	0.1	0.058823529411764705	0.4176470588235295
repeated_stratified_5x5_internal	rs_22	nested_candidate_grid	all_lowdim_equalish	"{""expert_counterfactual"": 0.35, ""expert_qk_no_anchor"": 0.3, ""expert_qk_quantum_only"": 0.15, ""expert_structure"": 0.1, ""expert_retrieval"": 0.1}"	71.0	17.0	0.23943661971830985	0.2605091542624823	0.528322440087146	0.2131655016921682	0.2	0.058823529411764705	0.835294117647059	0.1	0.058823529411764705	0.4176470588235295
repeated_stratified_5x5_internal	rs_22	rule_gated_mean_weights	rule	"{""expert_counterfactual"": 0.45309706257982124, ""expert_qk_no_anchor"": 0.35098978288633453, ""expert_qk_quantum_only"": 0.09955300127713923, ""expert_structure"": 0.04849936143039592, ""expert_retrieval"": 0.047860791826309076}"												
repeated_stratified_5x5_internal	rs_22	nested_selected_weights	selected	"{""expert_counterfactual"": 0.5, ""expert_qk_no_anchor"": 0.0, ""expert_qk_quantum_only"": 0.5, ""expert_structure"": 0.0, ""expert_retrieval"": 0.0}"												
repeated_stratified_5x5_internal	rs_23	nested_candidate_grid	C_QKquant_equal	"{""expert_counterfactual"": 0.5, ""expert_qk_no_anchor"": 0.0, ""expert_qk_quantum_only"": 0.5, ""expert_structure"": 0.0, ""expert_retrieval"": 0.0}"	71.0	17.0	0.23943661971830985	0.3082893021057621	0.5446623093681917	0.22561537443016527	0.2	0.058823529411764705	0.835294117647059	0.3	0.17647058823529413	1.2529411764705882
repeated_stratified_5x5_internal	rs_23	nested_candidate_grid	C_QKno_equal	"{""expert_counterfactual"": 0.5, ""expert_qk_no_anchor"": 0.5, ""expert_qk_quantum_only"": 0.0, ""expert_structure"": 0.0, ""expert_retrieval"": 0.0}"	71.0	17.0	0.23943661971830985	0.304823106690381	0.5381263616557734	0.22496332254958004	0.4	0.11764705882352941	1.670588235294118	0.4	0.23529411764705882	1.670588235294118
repeated_stratified_5x5_internal	rs_23	nested_candidate_grid	C_heavy_QKno	"{""expert_counterfactual"": 0.65, ""expert_qk_no_anchor"": 0.35, ""expert_qk_quantum_only"": 0.0, ""expert_structure"": 0.0, ""expert_retrieval"": 0.0}"	71.0	17.0	0.23943661971830985	0.2957634966970239	0.5664488017429194	0.21329431459971815	0.2	0.058823529411764705	0.835294117647059	0.4	0.23529411764705882	1.670588235294118
repeated_stratified_5x5_internal	rs_23	nested_candidate_grid	QKno_heavy	"{""expert_counterfactual"": 0.35, ""expert_qk_no_anchor"": 0.65, ""expert_qk_quantum_only"": 0.0, ""expert_structure"": 0.0, ""expert_retrieval"": 0.0}"	71.0	17.0	0.23943661971830985	0.289607800015948	0.5010893246187365	0.2391943995606825	0.4	0.11764705882352941	1.670588235294118	0.4	0.23529411764705882	1.670588235294118
repeated_stratified_5x5_internal	rs_23	nested_candidate_grid	all_lowdim_equalish	"{""expert_counterfactual"": 0.35, ""expert_qk_no_anchor"": 0.3, ""expert_qk_quantum_only"": 0.15, ""expert_structure"": 0.1, ""expert_retrieval"": 0.1}"	71.0	17.0	0.23943661971830985	0.2829249398539612	0.5239651416122004	0.2150050146418841	0.2	0.058823529411764705	0.835294117647059	0.4	0.23529411764705882	1.670588235294118
repeated_stratified_5x5_internal	rs_23	nested_candidate_grid	C_QKno_structure	"{""expert_counterfactual"": 0.45, ""expert_qk_no_anchor"": 0.4, ""expert_qk_quantum_only"": 0.0, ""expert_structure"": 0.15, ""expert_retrieval"": 0.0}"	71.0	17.0	0.23943661971830985	0.2776569082886534	0.5272331154684096	0.22166165814707506	0.4	0.11764705882352941	1.670588235294118	0.3	0.17647058823529413	1.2529411764705882
repeated_stratified_5x5_internal	rs_23	rule_gated_mean_weights	rule	"{""expert_counterfactual"": 0.4503192848020434, ""expert_qk_no_anchor"": 0.3482120051085568, ""expert_qk_quantum_only"": 0.09955300127713923, ""expert_structure"": 0.05405491698595147, ""expert_retrieval"": 0.04786079182630907}"												
repeated_stratified_5x5_internal	rs_23	nested_selected_weights	selected	"{""expert_counterfactual"": 0.5, ""expert_qk_no_anchor"": 0.0, ""expert_qk_quantum_only"": 0.5, ""expert_structure"": 0.0, ""expert_retrieval"": 0.0}"												
repeated_stratified_5x5_internal	rs_24	nested_candidate_grid	C_QKno_structure	"{""expert_counterfactual"": 0.45, ""expert_qk_no_anchor"": 0.4, ""expert_qk_quantum_only"": 0.0, ""expert_structure"": 0.15, ""expert_retrieval"": 0.0}"	72.0	17.0	0.2361111111111111	0.44560450700525206	0.6802139037433156	0.19439994714970593	0.6	0.17647058823529413	2.541176470588235	0.6	0.35294117647058826	2.541176470588235
repeated_stratified_5x5_internal	rs_24	nested_candidate_grid	all_lowdim_equalish	"{""expert_counterfactual"": 0.35, ""expert_qk_no_anchor"": 0.3, ""expert_qk_quantum_only"": 0.15, ""expert_structure"": 0.1, ""expert_retrieval"": 0.1}"	72.0	17.0	0.2361111111111111	0.43402672329455805	0.6877005347593583	0.18901086453299623	0.4	0.11764705882352941	1.6941176470588237	0.6	0.35294117647058826	2.541176470588235
repeated_stratified_5x5_internal	rs_24	nested_candidate_grid	C_QKno_equal	"{""expert_counterfactual"": 0.5, ""expert_qk_no_anchor"": 0.5, ""expert_qk_quantum_only"": 0.0, ""expert_structure"": 0.0, ""expert_retrieval"": 0.0}"	72.0	17.0	0.2361111111111111	0.4222122728264597	0.6802139037433156	0.19534432811926003	0.6	0.17647058823529413	2.541176470588235	0.5	0.29411764705882354	2.1176470588235294
repeated_stratified_5x5_internal	rs_24	nested_candidate_grid	QKno_heavy	"{""expert_counterfactual"": 0.35, ""expert_qk_no_anchor"": 0.65, ""expert_qk_quantum_only"": 0.0, ""expert_structure"": 0.0, ""expert_retrieval"": 0.0}"	72.0	17.0	0.2361111111111111	0.4127014083332863	0.6641711229946524	0.2013979679365251	0.6	0.17647058823529413	2.541176470588235	0.5	0.29411764705882354	2.1176470588235294
repeated_stratified_5x5_internal	rs_24	nested_candidate_grid	C_heavy_QKno	"{""expert_counterfactual"": 0.65, ""expert_qk_no_anchor"": 0.35, ""expert_qk_quantum_only"": 0.0, ""expert_structure"": 0.0, ""expert_retrieval"": 0.0}"	72.0	17.0	0.2361111111111111	0.4093395024166632	0.681283422459893	0.19095481400366626	0.6	0.17647058823529413	2.541176470588235	0.4	0.23529411764705882	1.6941176470588237
repeated_stratified_5x5_internal	rs_24	nested_candidate_grid	C_QKquant_equal	"{""expert_counterfactual"": 0.5, ""expert_qk_no_anchor"": 0.0, ""expert_qk_quantum_only"": 0.5, ""expert_structure"": 0.0, ""expert_retrieval"": 0.0}"	72.0	17.0	0.2361111111111111	0.37417331935587517	0.6973262032085562	0.1964917333725448	0.0	0.0	0.0	0.4	0.23529411764705882	1.6941176470588237
repeated_stratified_5x5_internal	rs_24	rule_gated_mean_weights	rule	"{""expert_counterfactual"": 0.4441176470588235, ""expert_qk_no_anchor"": 0.34411764705882353, ""expert_qk_quantum_only"": 0.1, ""expert_structure"": 0.05, ""expert_retrieval"": 0.061764705882352944}"												
repeated_stratified_5x5_internal	rs_24	nested_selected_weights	selected	"{""expert_counterfactual"": 0.45, ""expert_qk_no_anchor"": 0.4, ""expert_qk_quantum_only"": 0.0, ""expert_structure"": 0.15, ""expert_retrieval"": 0.0}"												
hla_stratified_group_5fold	hla_00	nested_candidate_grid	C_QKquant_equal	"{""expert_counterfactual"": 0.5, ""expert_qk_no_anchor"": 0.0, ""expert_qk_quantum_only"": 0.5, ""expert_structure"": 0.0, ""expert_retrieval"": 0.0}"	70.0	19.0	0.2714285714285714	0.47970940212493585	0.6264189886480908	0.2234722298646951	0.6	0.15789473684210525	2.210526315789474	0.5	0.2631578947368421	1.842105263157895
hla_stratified_group_5fold	hla_00	nested_candidate_grid	C_heavy_QKno	"{""expert_counterfactual"": 0.65, ""expert_qk_no_anchor"": 0.35, ""expert_qk_quantum_only"": 0.0, ""expert_structure"": 0.0, ""expert_retrieval"": 0.0}"	70.0	19.0	0.2714285714285714	0.45686984940029846	0.6780185758513932	0.20307647765805284	0.4	0.10526315789473684	1.473684210526316	0.5	0.2631578947368421	1.842105263157895
hla_stratified_group_5fold	hla_00	nested_candidate_grid	C_QKno_structure	"{""expert_counterfactual"": 0.45, ""expert_qk_no_anchor"": 0.4, ""expert_qk_quantum_only"": 0.0, ""expert_structure"": 0.15, ""expert_retrieval"": 0.0}"	70.0	19.0	0.2714285714285714	0.45513156719656916	0.6470588235294118	0.20724827438617802	0.6	0.15789473684210525	2.210526315789474	0.5	0.2631578947368421	1.842105263157895
hla_stratified_group_5fold	hla_00	nested_candidate_grid	C_QKno_equal	"{""expert_counterfactual"": 0.5, ""expert_qk_no_anchor"": 0.5, ""expert_qk_quantum_only"": 0.0, ""expert_structure"": 0.0, ""expert_retrieval"": 0.0}"	70.0	19.0	0.2714285714285714	0.44846041770585343	0.6573787409700722	0.20822612843256755	0.4	0.10526315789473684	1.473684210526316	0.5	0.2631578947368421	1.842105263157895
hla_stratified_group_5fold	hla_00	nested_candidate_grid	all_lowdim_equalish	"{""expert_counterfactual"": 0.35, ""expert_qk_no_anchor"": 0.3, ""expert_qk_quantum_only"": 0.15, ""expert_structure"": 0.1, ""expert_retrieval"": 0.1}"	70.0	19.0	0.2714285714285714	0.44083812424927776	0.6470588235294117	0.20558032878481436	0.4	0.10526315789473684	1.473684210526316	0.4	0.21052631578947367	1.473684210526316
hla_stratified_group_5fold	hla_00	nested_candidate_grid	QKno_heavy	"{""expert_counterfactual"": 0.35, ""expert_qk_no_anchor"": 0.65, ""expert_qk_quantum_only"": 0.0, ""expert_structure"": 0.0, ""expert_retrieval"": 0.0}"	70.0	19.0	0.2714285714285714	0.41375333799440467	0.6233230134158926	0.21567985763514202	0.4	0.10526315789473684	1.473684210526316	0.4	0.21052631578947367	1.473684210526316
hla_stratified_group_5fold	hla_00	rule_gated_mean_weights	rule	"{""expert_counterfactual"": 0.5057471264367818, ""expert_qk_no_anchor"": 0.36781609195402293, ""expert_qk_quantum_only"": 0.09195402298850577, ""expert_structure"": 0.022988505747126443, ""expert_retrieval"": 0.011494252873563222}"												
hla_stratified_group_5fold	hla_00	nested_selected_weights	selected	"{""expert_counterfactual"": 0.5, ""expert_qk_no_anchor"": 0.0, ""expert_qk_quantum_only"": 0.5, ""expert_structure"": 0.0, ""expert_retrieval"": 0.0}"												
hla_stratified_group_5fold	hla_01	nested_candidate_grid	C_heavy_QKno	"{""expert_counterfactual"": 0.65, ""expert_qk_no_anchor"": 0.35, ""expert_qk_quantum_only"": 0.0, ""expert_structure"": 0.0, ""expert_retrieval"": 0.0}"	56.0	11.0	0.19642857142857142	0.40014121645011563	0.5737373737373738	0.19113666857735673	0.6	0.2727272727272727	3.0545454545454547	0.3	0.2727272727272727	1.5272727272727273
hla_stratified_group_5fold	hla_01	nested_candidate_grid	C_QKno_equal	"{""expert_counterfactual"": 0.5, ""expert_qk_no_anchor"": 0.5, ""expert_qk_quantum_only"": 0.0, ""expert_structure"": 0.0, ""expert_retrieval"": 0.0}"	56.0	11.0	0.19642857142857142	0.37864143582937415	0.5797979797979798	0.19449068527097926	0.4	0.18181818181818182	2.0363636363636366	0.3	0.2727272727272727	1.5272727272727273
hla_stratified_group_5fold	hla_01	nested_candidate_grid	QKno_heavy	"{""expert_counterfactual"": 0.35, ""expert_qk_no_anchor"": 0.65, ""expert_qk_quantum_only"": 0.0, ""expert_structure"": 0.0, ""expert_retrieval"": 0.0}"	56.0	11.0	0.19642857142857142	0.346697447462161	0.5616161616161617	0.1998629506559575	0.4	0.18181818181818182	2.0363636363636366	0.3	0.2727272727272727	1.5272727272727273
hla_stratified_group_5fold	hla_01	nested_candidate_grid	C_QKno_structure	"{""expert_counterfactual"": 0.45, ""expert_qk_no_anchor"": 0.4, ""expert_qk_quantum_only"": 0.0, ""expert_structure"": 0.15, ""expert_retrieval"": 0.0}"	56.0	11.0	0.19642857142857142	0.33237124855418443	0.5636363636363636	0.19125494952008157	0.2	0.09090909090909091	1.0181818181818183	0.3	0.2727272727272727	1.5272727272727273
hla_stratified_group_5fold	hla_01	nested_candidate_grid	all_lowdim_equalish	"{""expert_counterfactual"": 0.35, ""expert_qk_no_anchor"": 0.3, ""expert_qk_quantum_only"": 0.15, ""expert_structure"": 0.1, ""expert_retrieval"": 0.1}"	56.0	11.0	0.19642857142857142	0.2747224952426244	0.5272727272727272	0.19057951553253064	0.4	0.18181818181818182	2.0363636363636366	0.3	0.2727272727272727	1.5272727272727273
hla_stratified_group_5fold	hla_01	nested_candidate_grid	C_QKquant_equal	"{""expert_counterfactual"": 0.5, ""expert_qk_no_anchor"": 0.0, ""expert_qk_quantum_only"": 0.5, ""expert_structure"": 0.0, ""expert_retrieval"": 0.0}"	56.0	11.0	0.19642857142857142	0.2545291891041892	0.4888888888888888	0.2238593419203114	0.4	0.18181818181818182	2.0363636363636366	0.3	0.2727272727272727	1.5272727272727273
hla_stratified_group_5fold	hla_01	rule_gated_mean_weights	rule	"{""expert_counterfactual"": 0.5050253259642541, ""expert_qk_no_anchor"": 0.3668928587914878, ""expert_qk_quantum_only"": 0.09208831144851087, ""expert_structure"": 0.024482464864683393, ""expert_retrieval"": 0.01151103893106386}"												
hla_stratified_group_5fold	hla_01	nested_selected_weights	selected	"{""expert_counterfactual"": 0.65, ""expert_qk_no_anchor"": 0.35, ""expert_qk_quantum_only"": 0.0, ""expert_structure"": 0.0, ""expert_retrieval"": 0.0}"												
hla_stratified_group_5fold	hla_02	nested_candidate_grid	C_QKquant_equal	"{""expert_counterfactual"": 0.5, ""expert_qk_no_anchor"": 0.0, ""expert_qk_quantum_only"": 0.5, ""expert_structure"": 0.0, ""expert_retrieval"": 0.0}"	73.0	19.0	0.2602739726027397	0.5328760270414432	0.7251461988304093	0.19709921915956954	0.6	0.15789473684210525	2.305263157894737	0.6	0.3157894736842105	2.305263157894737
hla_stratified_group_5fold	hla_02	nested_candidate_grid	C_heavy_QKno	"{""expert_counterfactual"": 0.65, ""expert_qk_no_anchor"": 0.35, ""expert_qk_quantum_only"": 0.0, ""expert_structure"": 0.0, ""expert_retrieval"": 0.0}"	73.0	19.0	0.2602739726027397	0.5010832261993252	0.6647173489278752	0.20192934096397624	0.6	0.15789473684210525	2.305263157894737	0.5	0.2631578947368421	1.9210526315789476
hla_stratified_group_5fold	hla_02	nested_candidate_grid	all_lowdim_equalish	"{""expert_counterfactual"": 0.35, ""expert_qk_no_anchor"": 0.3, ""expert_qk_quantum_only"": 0.15, ""expert_structure"": 0.1, ""expert_retrieval"": 0.1}"	73.0	19.0	0.2602739726027397	0.4934351073264559	0.6588693957115009	0.19897887523433688	0.8	0.21052631578947367	3.073684210526316	0.6	0.3157894736842105	2.305263157894737
hla_stratified_group_5fold	hla_02	nested_candidate_grid	QKno_heavy	"{""expert_counterfactual"": 0.35, ""expert_qk_no_anchor"": 0.65, ""expert_qk_quantum_only"": 0.0, ""expert_structure"": 0.0, ""expert_retrieval"": 0.0}"	73.0	19.0	0.2602739726027397	0.4388135066672149	0.6267056530214425	0.21132350790824211	0.4	0.10526315789473684	1.536842105263158	0.4	0.21052631578947367	1.536842105263158
hla_stratified_group_5fold	hla_02	nested_candidate_grid	C_QKno_equal	"{""expert_counterfactual"": 0.5, ""expert_qk_no_anchor"": 0.5, ""expert_qk_quantum_only"": 0.0, ""expert_structure"": 0.0, ""expert_retrieval"": 0.0}"	73.0	19.0	0.2602739726027397	0.4372423550698372	0.6393762183235868	0.20570460593962056	0.4	0.10526315789473684	1.536842105263158	0.5	0.2631578947368421	1.9210526315789476
hla_stratified_group_5fold	hla_02	nested_candidate_grid	C_QKno_structure	"{""expert_counterfactual"": 0.45, ""expert_qk_no_anchor"": 0.4, ""expert_qk_quantum_only"": 0.0, ""expert_structure"": 0.15, ""expert_retrieval"": 0.0}"	73.0	19.0	0.2602739726027397	0.41860182560992015	0.6286549707602338	0.20689250758427105	0.2	0.05263157894736842	0.768421052631579	0.4	0.21052631578947367	1.536842105263158
hla_stratified_group_5fold	hla_02	rule_gated_mean_weights	rule	"{""expert_counterfactual"": 0.5057471264367817, ""expert_qk_no_anchor"": 0.367816091954023, ""expert_qk_quantum_only"": 0.09195402298850576, ""expert_structure"": 0.02298850574712644, ""expert_retrieval"": 0.01149425287356322}"												
hla_stratified_group_5fold	hla_02	nested_selected_weights	selected	"{""expert_counterfactual"": 0.5, ""expert_qk_no_anchor"": 0.0, ""expert_qk_quantum_only"": 0.5, ""expert_structure"": 0.0, ""expert_retrieval"": 0.0}"												
hla_stratified_group_5fold	hla_03	nested_candidate_grid	C_QKno_equal	"{""expert_counterfactual"": 0.5, ""expert_qk_no_anchor"": 0.5, ""expert_qk_quantum_only"": 0.0, ""expert_structure"": 0.0, ""expert_retrieval"": 0.0}"	79.0	17.0	0.21518987341772153	0.43302132184194203	0.6214421252371917	0.1852048003128005	0.8	0.23529411764705882	3.7176470588235295	0.5	0.29411764705882354	2.3235294117647056
hla_stratified_group_5fold	hla_03	nested_candidate_grid	C_heavy_QKno	"{""expert_counterfactual"": 0.65, ""expert_qk_no_anchor"": 0.35, ""expert_qk_quantum_only"": 0.0, ""expert_structure"": 0.0, ""expert_retrieval"": 0.0}"	79.0	17.0	0.21518987341772153	0.4299007131708701	0.6755218216318786	0.17551854696910374	0.6	0.17647058823529413	2.788235294117647	0.6	0.35294117647058826	2.788235294117647
hla_stratified_group_5fold	hla_03	nested_candidate_grid	C_QKno_structure	"{""expert_counterfactual"": 0.45, ""expert_qk_no_anchor"": 0.4, ""expert_qk_quantum_only"": 0.0, ""expert_structure"": 0.15, ""expert_retrieval"": 0.0}"	79.0	17.0	0.21518987341772153	0.41999706333847264	0.6072106261859583	0.18619394327723912	0.8	0.23529411764705882	3.7176470588235295	0.5	0.29411764705882354	2.3235294117647056
hla_stratified_group_5fold	hla_03	nested_candidate_grid	QKno_heavy	"{""expert_counterfactual"": 0.35, ""expert_qk_no_anchor"": 0.65, ""expert_qk_quantum_only"": 0.0, ""expert_structure"": 0.0, ""expert_retrieval"": 0.0}"	79.0	17.0	0.21518987341772153	0.4089330738488803	0.6015180265654648	0.19752391953166368	0.6	0.17647058823529413	2.788235294117647	0.5	0.29411764705882354	2.3235294117647056
hla_stratified_group_5fold	hla_03	nested_candidate_grid	all_lowdim_equalish	"{""expert_counterfactual"": 0.35, ""expert_qk_no_anchor"": 0.3, ""expert_qk_quantum_only"": 0.15, ""expert_structure"": 0.1, ""expert_retrieval"": 0.1}"	79.0	17.0	0.21518987341772153	0.35213848300447115	0.594876660341556	0.1870187586314016	0.4	0.11764705882352941	1.8588235294117648	0.4	0.23529411764705882	1.8588235294117648
hla_stratified_group_5fold	hla_03	nested_candidate_grid	C_QKquant_equal	"{""expert_counterfactual"": 0.5, ""expert_qk_no_anchor"": 0.0, ""expert_qk_quantum_only"": 0.5, ""expert_structure"": 0.0, ""expert_retrieval"": 0.0}"	79.0	17.0	0.21518987341772153	0.299593311503203	0.540796963946869	0.20451428526389195	0.6	0.17647058823529413	2.788235294117647	0.3	0.17647058823529413	1.3941176470588235
hla_stratified_group_5fold	hla_03	rule_gated_mean_weights	rule	"{""expert_counterfactual"": 0.5057471264367817, ""expert_qk_no_anchor"": 0.367816091954023, ""expert_qk_quantum_only"": 0.09195402298850576, ""expert_structure"": 0.02298850574712644, ""expert_retrieval"": 0.01149425287356322}"												
hla_stratified_group_5fold	hla_03	nested_selected_weights	selected	"{""expert_counterfactual"": 0.5, ""expert_qk_no_anchor"": 0.5, ""expert_qk_quantum_only"": 0.0, ""expert_structure"": 0.0, ""expert_retrieval"": 0.0}"												
hla_stratified_group_5fold	hla_04	nested_candidate_grid	C_heavy_QKno	"{""expert_counterfactual"": 0.65, ""expert_qk_no_anchor"": 0.35, ""expert_qk_quantum_only"": 0.0, ""expert_structure"": 0.0, ""expert_retrieval"": 0.0}"	78.0	18.0	0.23076923076923078	0.4650549254486269	0.6944444444444444	0.18985552543918818	0.6	0.16666666666666666	2.5999999999999996	0.6	0.3333333333333333	2.5999999999999996
hla_stratified_group_5fold	hla_04	nested_candidate_grid	C_QKno_structure	"{""expert_counterfactual"": 0.45, ""expert_qk_no_anchor"": 0.4, ""expert_qk_quantum_only"": 0.0, ""expert_structure"": 0.15, ""expert_retrieval"": 0.0}"	78.0	18.0	0.23076923076923078	0.43532492902351905	0.6703703703703704	0.19448168463268223	0.6	0.16666666666666666	2.5999999999999996	0.5	0.2777777777777778	2.1666666666666665
hla_stratified_group_5fold	hla_04	nested_candidate_grid	C_QKno_equal	"{""expert_counterfactual"": 0.5, ""expert_qk_no_anchor"": 0.5, ""expert_qk_quantum_only"": 0.0, ""expert_structure"": 0.0, ""expert_retrieval"": 0.0}"	78.0	18.0	0.23076923076923078	0.3986847044905997	0.6462962962962964	0.1982409339652225	0.4	0.1111111111111111	1.7333333333333334	0.4	0.2222222222222222	1.7333333333333334
hla_stratified_group_5fold	hla_04	nested_candidate_grid	all_lowdim_equalish	"{""expert_counterfactual"": 0.35, ""expert_qk_no_anchor"": 0.3, ""expert_qk_quantum_only"": 0.15, ""expert_structure"": 0.1, ""expert_retrieval"": 0.1}"	78.0	18.0	0.23076923076923078	0.3948009741016121	0.6129629629629629	0.19745705874593567	0.4	0.1111111111111111	1.7333333333333334	0.4	0.2222222222222222	1.7333333333333334
hla_stratified_group_5fold	hla_04	nested_candidate_grid	QKno_heavy	"{""expert_counterfactual"": 0.35, ""expert_qk_no_anchor"": 0.65, ""expert_qk_quantum_only"": 0.0, ""expert_structure"": 0.0, ""expert_retrieval"": 0.0}"	78.0	18.0	0.23076923076923078	0.33912231419991884	0.6129629629629629	0.20860845810881384	0.4	0.1111111111111111	1.7333333333333334	0.4	0.2222222222222222	1.7333333333333334
hla_stratified_group_5fold	hla_04	nested_candidate_grid	C_QKquant_equal	"{""expert_counterfactual"": 0.5, ""expert_qk_no_anchor"": 0.0, ""expert_qk_quantum_only"": 0.5, ""expert_structure"": 0.0, ""expert_retrieval"": 0.0}"	78.0	18.0	0.23076923076923078	0.31263510995294663	0.5398148148148149	0.22412845415837027	0.4	0.1111111111111111	1.7333333333333334	0.4	0.2222222222222222	1.7333333333333334
hla_stratified_group_5fold	hla_04	rule_gated_mean_weights	rule	"{""expert_counterfactual"": 0.5057471264367815, ""expert_qk_no_anchor"": 0.36781609195402304, ""expert_qk_quantum_only"": 0.09195402298850576, ""expert_structure"": 0.02298850574712644, ""expert_retrieval"": 0.01149425287356322}"												
hla_stratified_group_5fold	hla_04	nested_selected_weights	selected	"{""expert_counterfactual"": 0.65, ""expert_qk_no_anchor"": 0.35, ""expert_qk_quantum_only"": 0.0, ""expert_structure"": 0.0, ""expert_retrieval"": 0.0}"												
hla_supertype_heldout	super_00	nested_candidate_grid	C_QKquant_equal	"{""expert_counterfactual"": 0.5, ""expert_qk_no_anchor"": 0.0, ""expert_qk_quantum_only"": 0.5, ""expert_structure"": 0.0, ""expert_retrieval"": 0.0}"	84.0	19.0	0.2261904761904762	0.36205850718115395	0.6080971659919028	0.21526582749582146	0.4	0.10526315789473684	1.7684210526315791	0.5	0.2631578947368421	2.2105263157894735
hla_supertype_heldout	super_00	nested_candidate_grid	all_lowdim_equalish	"{""expert_counterfactual"": 0.35, ""expert_qk_no_anchor"": 0.3, ""expert_qk_quantum_only"": 0.15, ""expert_structure"": 0.1, ""expert_retrieval"": 0.1}"	84.0	19.0	0.2261904761904762	0.31895892721428554	0.5587044534412955	0.20851078085340377	0.4	0.10526315789473684	1.7684210526315791	0.3	0.15789473684210525	1.3263157894736841
hla_supertype_heldout	super_00	nested_candidate_grid	C_heavy_QKno	"{""expert_counterfactual"": 0.65, ""expert_qk_no_anchor"": 0.35, ""expert_qk_quantum_only"": 0.0, ""expert_structure"": 0.0, ""expert_retrieval"": 0.0}"	84.0	19.0	0.2261904761904762	0.315056180053057	0.5813765182186234	0.20814140291409317	0.4	0.10526315789473684	1.7684210526315791	0.3	0.15789473684210525	1.3263157894736841
hla_supertype_heldout	super_00	nested_candidate_grid	C_QKno_equal	"{""expert_counterfactual"": 0.5, ""expert_qk_no_anchor"": 0.5, ""expert_qk_quantum_only"": 0.0, ""expert_structure"": 0.0, ""expert_retrieval"": 0.0}"	84.0	19.0	0.2261904761904762	0.2928226825837826	0.5433198380566802	0.21905729472199015	0.6	0.15789473684210525	2.6526315789473682	0.3	0.15789473684210525	1.3263157894736841
hla_supertype_heldout	super_00	nested_candidate_grid	QKno_heavy	"{""expert_counterfactual"": 0.35, ""expert_qk_no_anchor"": 0.65, ""expert_qk_quantum_only"": 0.0, ""expert_structure"": 0.0, ""expert_retrieval"": 0.0}"	84.0	19.0	0.2261904761904762	0.2787385904473424	0.5336032388663967	0.232478973773679	0.2	0.05263157894736842	0.8842105263157896	0.4	0.21052631578947367	1.7684210526315791
hla_supertype_heldout	super_00	nested_candidate_grid	C_QKno_structure	"{""expert_counterfactual"": 0.45, ""expert_qk_no_anchor"": 0.4, ""expert_qk_quantum_only"": 0.0, ""expert_structure"": 0.15, ""expert_retrieval"": 0.0}"	84.0	19.0	0.2261904761904762	0.2594618444779908	0.5214574898785425	0.2163312341108552	0.2	0.05263157894736842	0.8842105263157896	0.2	0.10526315789473684	0.8842105263157896
hla_supertype_heldout	super_00	rule_gated_mean_weights	rule	"{""expert_counterfactual"": 0.5057471264367817, ""expert_qk_no_anchor"": 0.367816091954023, ""expert_qk_quantum_only"": 0.09195402298850576, ""expert_structure"": 0.02298850574712644, ""expert_retrieval"": 0.01149425287356322}"												
hla_supertype_heldout	super_00	nested_selected_weights	selected	"{""expert_counterfactual"": 0.5, ""expert_qk_no_anchor"": 0.0, ""expert_qk_quantum_only"": 0.5, ""expert_structure"": 0.0, ""expert_retrieval"": 0.0}"												
hla_supertype_heldout	super_01	nested_candidate_grid	C_heavy_QKno	"{""expert_counterfactual"": 0.65, ""expert_qk_no_anchor"": 0.35, ""expert_qk_quantum_only"": 0.0, ""expert_structure"": 0.0, ""expert_retrieval"": 0.0}"	56.0	11.0	0.19642857142857142	0.40014121645011563	0.5737373737373738	0.19113666857735673	0.6	0.2727272727272727	3.0545454545454547	0.3	0.2727272727272727	1.5272727272727273
hla_supertype_heldout	super_01	nested_candidate_grid	C_QKno_equal	"{""expert_counterfactual"": 0.5, ""expert_qk_no_anchor"": 0.5, ""expert_qk_quantum_only"": 0.0, ""expert_structure"": 0.0, ""expert_retrieval"": 0.0}"	56.0	11.0	0.19642857142857142	0.37864143582937415	0.5797979797979798	0.19449068527097926	0.4	0.18181818181818182	2.0363636363636366	0.3	0.2727272727272727	1.5272727272727273
hla_supertype_heldout	super_01	nested_candidate_grid	QKno_heavy	"{""expert_counterfactual"": 0.35, ""expert_qk_no_anchor"": 0.65, ""expert_qk_quantum_only"": 0.0, ""expert_structure"": 0.0, ""expert_retrieval"": 0.0}"	56.0	11.0	0.19642857142857142	0.346697447462161	0.5616161616161617	0.19986295065595747	0.4	0.18181818181818182	2.0363636363636366	0.3	0.2727272727272727	1.5272727272727273
hla_supertype_heldout	super_01	nested_candidate_grid	C_QKno_structure	"{""expert_counterfactual"": 0.45, ""expert_qk_no_anchor"": 0.4, ""expert_qk_quantum_only"": 0.0, ""expert_structure"": 0.15, ""expert_retrieval"": 0.0}"	56.0	11.0	0.19642857142857142	0.33237124855418443	0.5636363636363636	0.19125494952008162	0.2	0.09090909090909091	1.0181818181818183	0.3	0.2727272727272727	1.5272727272727273
hla_supertype_heldout	super_01	nested_candidate_grid	all_lowdim_equalish	"{""expert_counterfactual"": 0.35, ""expert_qk_no_anchor"": 0.3, ""expert_qk_quantum_only"": 0.15, ""expert_structure"": 0.1, ""expert_retrieval"": 0.1}"	56.0	11.0	0.19642857142857142	0.2747224952426244	0.5272727272727272	0.19057951553253064	0.4	0.18181818181818182	2.0363636363636366	0.3	0.2727272727272727	1.5272727272727273
hla_supertype_heldout	super_01	nested_candidate_grid	C_QKquant_equal	"{""expert_counterfactual"": 0.5, ""expert_qk_no_anchor"": 0.0, ""expert_qk_quantum_only"": 0.5, ""expert_structure"": 0.0, ""expert_retrieval"": 0.0}"	56.0	11.0	0.19642857142857142	0.2545291891041892	0.4888888888888888	0.2238593419203114	0.4	0.18181818181818182	2.0363636363636366	0.3	0.2727272727272727	1.5272727272727273
hla_supertype_heldout	super_01	rule_gated_mean_weights	rule	"{""expert_counterfactual"": 0.5050253259642541, ""expert_qk_no_anchor"": 0.3668928587914878, ""expert_qk_quantum_only"": 0.09208831144851087, ""expert_structure"": 0.024482464864683393, ""expert_retrieval"": 0.01151103893106386}"												
hla_supertype_heldout	super_01	nested_selected_weights	selected	"{""expert_counterfactual"": 0.65, ""expert_qk_no_anchor"": 0.35, ""expert_qk_quantum_only"": 0.0, ""expert_structure"": 0.0, ""expert_retrieval"": 0.0}"												
hla_supertype_heldout	super_02	nested_candidate_grid	C_heavy_QKno	"{""expert_counterfactual"": 0.65, ""expert_qk_no_anchor"": 0.35, ""expert_qk_quantum_only"": 0.0, ""expert_structure"": 0.0, ""expert_retrieval"": 0.0}"	74.0	20.0	0.2702702702702703	0.5783019921725149	0.737037037037037	0.1977210664403183	0.6	0.15	2.2199999999999998	0.6	0.3	2.2199999999999998
hla_supertype_heldout	super_02	nested_candidate_grid	C_QKno_equal	"{""expert_counterfactual"": 0.5, ""expert_qk_no_anchor"": 0.5, ""expert_qk_quantum_only"": 0.0, ""expert_structure"": 0.0, ""expert_retrieval"": 0.0}"	74.0	20.0	0.2702702702702703	0.5402061486442442	0.6981481481481482	0.20499375476476106	0.8	0.2	2.96	0.4	0.2	1.48
hla_supertype_heldout	super_02	nested_candidate_grid	QKno_heavy	"{""expert_counterfactual"": 0.35, ""expert_qk_no_anchor"": 0.65, ""expert_qk_quantum_only"": 0.0, ""expert_structure"": 0.0, ""expert_retrieval"": 0.0}"	74.0	20.0	0.2702702702702703	0.5165084495457323	0.6648148148148149	0.21435524611849324	0.8	0.2	2.96	0.5	0.25	1.8499999999999999
hla_supertype_heldout	super_02	nested_candidate_grid	C_QKno_structure	"{""expert_counterfactual"": 0.45, ""expert_qk_no_anchor"": 0.4, ""expert_qk_quantum_only"": 0.0, ""expert_structure"": 0.15, ""expert_retrieval"": 0.0}"	74.0	20.0	0.2702702702702703	0.4874952200150333	0.673148148148148	0.2066549502784727	0.6	0.15	2.2199999999999998	0.5	0.25	1.8499999999999999
hla_supertype_heldout	super_02	nested_candidate_grid	all_lowdim_equalish	"{""expert_counterfactual"": 0.35, ""expert_qk_no_anchor"": 0.3, ""expert_qk_quantum_only"": 0.15, ""expert_structure"": 0.1, ""expert_retrieval"": 0.1}"	74.0	20.0	0.2702702702702703	0.44423086543447143	0.6546296296296297	0.20279797723288714	0.6	0.15	2.2199999999999998	0.4	0.2	1.48
hla_supertype_heldout	super_02	nested_candidate_grid	C_QKquant_equal	"{""expert_counterfactual"": 0.5, ""expert_qk_no_anchor"": 0.0, ""expert_qk_quantum_only"": 0.5, ""expert_structure"": 0.0, ""expert_retrieval"": 0.0}"	74.0	20.0	0.2702702702702703	0.40797804037651514	0.6537037037037037	0.20722353611192865	0.4	0.1	1.48	0.3	0.15	1.1099999999999999
hla_supertype_heldout	super_02	rule_gated_mean_weights	rule	"{""expert_counterfactual"": 0.5057471264367815, ""expert_qk_no_anchor"": 0.3678160919540229, ""expert_qk_quantum_only"": 0.09195402298850579, ""expert_structure"": 0.022988505747126447, ""expert_retrieval"": 0.011494252873563223}"												
hla_supertype_heldout	super_02	nested_selected_weights	selected	"{""expert_counterfactual"": 0.65, ""expert_qk_no_anchor"": 0.35, ""expert_qk_quantum_only"": 0.0, ""expert_structure"": 0.0, ""expert_retrieval"": 0.0}"												
hla_supertype_heldout	super_09	nested_candidate_grid	C_QKquant_equal	"{""expert_counterfactual"": 0.5, ""expert_qk_no_anchor"": 0.0, ""expert_qk_quantum_only"": 0.5, ""expert_structure"": 0.0, ""expert_retrieval"": 0.0}"	70.0	19.0	0.2714285714285714	0.47970940212493585	0.6264189886480908	0.2234722298646951	0.6	0.15789473684210525	2.210526315789474	0.5	0.2631578947368421	1.842105263157895
hla_supertype_heldout	super_09	nested_candidate_grid	C_heavy_QKno	"{""expert_counterfactual"": 0.65, ""expert_qk_no_anchor"": 0.35, ""expert_qk_quantum_only"": 0.0, ""expert_structure"": 0.0, ""expert_retrieval"": 0.0}"	70.0	19.0	0.2714285714285714	0.45686984940029846	0.6780185758513932	0.2030764776580529	0.4	0.10526315789473684	1.473684210526316	0.5	0.2631578947368421	1.842105263157895
hla_supertype_heldout	super_09	nested_candidate_grid	C_QKno_structure	"{""expert_counterfactual"": 0.45, ""expert_qk_no_anchor"": 0.4, ""expert_qk_quantum_only"": 0.0, ""expert_structure"": 0.15, ""expert_retrieval"": 0.0}"	70.0	19.0	0.2714285714285714	0.45513156719656916	0.6470588235294118	0.20724827438617802	0.6	0.15789473684210525	2.210526315789474	0.5	0.2631578947368421	1.842105263157895
hla_supertype_heldout	super_09	nested_candidate_grid	C_QKno_equal	"{""expert_counterfactual"": 0.5, ""expert_qk_no_anchor"": 0.5, ""expert_qk_quantum_only"": 0.0, ""expert_structure"": 0.0, ""expert_retrieval"": 0.0}"	70.0	19.0	0.2714285714285714	0.44846041770585343	0.6573787409700722	0.20822612843256755	0.4	0.10526315789473684	1.473684210526316	0.5	0.2631578947368421	1.842105263157895
hla_supertype_heldout	super_09	nested_candidate_grid	all_lowdim_equalish	"{""expert_counterfactual"": 0.35, ""expert_qk_no_anchor"": 0.3, ""expert_qk_quantum_only"": 0.15, ""expert_structure"": 0.1, ""expert_retrieval"": 0.1}"	70.0	19.0	0.2714285714285714	0.44083812424927776	0.6470588235294117	0.20558032878481436	0.4	0.10526315789473684	1.473684210526316	0.4	0.21052631578947367	1.473684210526316
hla_supertype_heldout	super_09	nested_candidate_grid	QKno_heavy	"{""expert_counterfactual"": 0.35, ""expert_qk_no_anchor"": 0.65, ""expert_qk_quantum_only"": 0.0, ""expert_structure"": 0.0, ""expert_retrieval"": 0.0}"	70.0	19.0	0.2714285714285714	0.41375333799440467	0.6233230134158926	0.21567985763514202	0.4	0.10526315789473684	1.473684210526316	0.4	0.21052631578947367	1.473684210526316
hla_supertype_heldout	super_09	rule_gated_mean_weights	rule	"{""expert_counterfactual"": 0.5057471264367818, ""expert_qk_no_anchor"": 0.36781609195402293, ""expert_qk_quantum_only"": 0.09195402298850577, ""expert_structure"": 0.022988505747126443, ""expert_retrieval"": 0.011494252873563222}"												
hla_supertype_heldout	super_09	nested_selected_weights	selected	"{""expert_counterfactual"": 0.5, ""expert_qk_no_anchor"": 0.0, ""expert_qk_quantum_only"": 0.5, ""expert_structure"": 0.0, ""expert_retrieval"": 0.0}"												
near_peptide_cluster_holdout	near_00	nested_candidate_grid	C_heavy_QKno	"{""expert_counterfactual"": 0.65, ""expert_qk_no_anchor"": 0.35, ""expert_qk_quantum_only"": 0.0, ""expert_structure"": 0.0, ""expert_retrieval"": 0.0}"	71.0	17.0	0.23943661971830985	0.3565138787593426	0.5315904139433552	0.20718915412380712	0.4	0.11764705882352941	1.670588235294118	0.4	0.23529411764705882	1.670588235294118
near_peptide_cluster_holdout	near_00	nested_candidate_grid	QKno_heavy	"{""expert_counterfactual"": 0.35, ""expert_qk_no_anchor"": 0.65, ""expert_qk_quantum_only"": 0.0, ""expert_structure"": 0.0, ""expert_retrieval"": 0.0}"	71.0	17.0	0.23943661971830985	0.33821444856454774	0.420479302832244	0.23548715716205243	0.4	0.11764705882352941	1.670588235294118	0.5	0.29411764705882354	2.088235294117647
near_peptide_cluster_holdout	near_00	nested_candidate_grid	C_QKno_structure	"{""expert_counterfactual"": 0.45, ""expert_qk_no_anchor"": 0.4, ""expert_qk_quantum_only"": 0.0, ""expert_structure"": 0.15, ""expert_retrieval"": 0.0}"	71.0	17.0	0.23943661971830985	0.3186554008261388	0.4869281045751634	0.21549914807912643	0.2	0.058823529411764705	0.835294117647059	0.4	0.23529411764705882	1.670588235294118
near_peptide_cluster_holdout	near_00	nested_candidate_grid	C_QKno_equal	"{""expert_counterfactual"": 0.5, ""expert_qk_no_anchor"": 0.5, ""expert_qk_quantum_only"": 0.0, ""expert_structure"": 0.0, ""expert_retrieval"": 0.0}"	71.0	17.0	0.23943661971830985	0.31817033723148724	0.46187363834422657	0.2199269656848589	0.4	0.11764705882352941	1.670588235294118	0.4	0.23529411764705882	1.670588235294118
near_peptide_cluster_holdout	near_00	nested_candidate_grid	all_lowdim_equalish	"{""expert_counterfactual"": 0.35, ""expert_qk_no_anchor"": 0.3, ""expert_qk_quantum_only"": 0.15, ""expert_structure"": 0.1, ""expert_retrieval"": 0.1}"	71.0	17.0	0.23943661971830985	0.3054049982877228	0.4389978213507625	0.2136694217656952	0.4	0.11764705882352941	1.670588235294118	0.4	0.23529411764705882	1.670588235294118
near_peptide_cluster_holdout	near_00	nested_candidate_grid	C_QKquant_equal	"{""expert_counterfactual"": 0.5, ""expert_qk_no_anchor"": 0.0, ""expert_qk_quantum_only"": 0.5, ""expert_structure"": 0.0, ""expert_retrieval"": 0.0}"	71.0	17.0	0.23943661971830985	0.27813398353103236	0.4738562091503268	0.22283193234015	0.2	0.058823529411764705	0.835294117647059	0.2	0.11764705882352941	0.835294117647059
near_peptide_cluster_holdout	near_00	rule_gated_mean_weights	rule	"{""expert_counterfactual"": 0.45309706257982124, ""expert_qk_no_anchor"": 0.35098978288633453, ""expert_qk_quantum_only"": 0.09955300127713923, ""expert_structure"": 0.04849936143039592, ""expert_retrieval"": 0.047860791826309076}"												
near_peptide_cluster_holdout	near_00	nested_selected_weights	selected	"{""expert_counterfactual"": 0.65, ""expert_qk_no_anchor"": 0.35, ""expert_qk_quantum_only"": 0.0, ""expert_structure"": 0.0, ""expert_retrieval"": 0.0}"												
near_peptide_cluster_holdout	near_01	nested_candidate_grid	C_QKno_equal	"{""expert_counterfactual"": 0.5, ""expert_qk_no_anchor"": 0.5, ""expert_qk_quantum_only"": 0.0, ""expert_structure"": 0.0, ""expert_retrieval"": 0.0}"	70.0	16.0	0.22857142857142856	0.4978796463567064	0.6400462962962964	0.2133967661921829	0.8	0.25	3.5000000000000004	0.5	0.3125	2.1875
near_peptide_cluster_holdout	near_01	nested_candidate_grid	C_heavy_QKno	"{""expert_counterfactual"": 0.65, ""expert_qk_no_anchor"": 0.35, ""expert_qk_quantum_only"": 0.0, ""expert_structure"": 0.0, ""expert_retrieval"": 0.0}"	70.0	16.0	0.22857142857142856	0.4960413912448531	0.6550925925925927	0.19823566813295956	0.6	0.1875	2.625	0.5	0.3125	2.1875
near_peptide_cluster_holdout	near_01	nested_candidate_grid	QKno_heavy	"{""expert_counterfactual"": 0.35, ""expert_qk_no_anchor"": 0.65, ""expert_qk_quantum_only"": 0.0, ""expert_structure"": 0.0, ""expert_retrieval"": 0.0}"	70.0	16.0	0.22857142857142856	0.48294315692826617	0.619212962962963	0.23212770501345267	0.8	0.25	3.5000000000000004	0.5	0.3125	2.1875
near_peptide_cluster_holdout	near_01	nested_candidate_grid	C_QKno_structure	"{""expert_counterfactual"": 0.45, ""expert_qk_no_anchor"": 0.4, ""expert_qk_quantum_only"": 0.0, ""expert_structure"": 0.15, ""expert_retrieval"": 0.0}"	70.0	16.0	0.22857142857142856	0.44637168637791697	0.6111111111111112	0.21130678922747623	0.8	0.25	3.5000000000000004	0.5	0.3125	2.1875
near_peptide_cluster_holdout	near_01	nested_candidate_grid	all_lowdim_equalish	"{""expert_counterfactual"": 0.35, ""expert_qk_no_anchor"": 0.3, ""expert_qk_quantum_only"": 0.15, ""expert_structure"": 0.1, ""expert_retrieval"": 0.1}"	70.0	16.0	0.22857142857142856	0.4442605231353207	0.6041666666666667	0.20789311047248332	0.6	0.1875	2.625	0.5	0.3125	2.1875
near_peptide_cluster_holdout	near_01	nested_candidate_grid	C_QKquant_equal	"{""expert_counterfactual"": 0.5, ""expert_qk_no_anchor"": 0.0, ""expert_qk_quantum_only"": 0.5, ""expert_structure"": 0.0, ""expert_retrieval"": 0.0}"	70.0	16.0	0.22857142857142856	0.4228966808864973	0.5914351851851852	0.22117791055786287	0.6	0.1875	2.625	0.5	0.3125	2.1875
near_peptide_cluster_holdout	near_01	rule_gated_mean_weights	rule	"{""expert_counterfactual"": 0.45293405928614644, ""expert_qk_no_anchor"": 0.35093768905021167, ""expert_qk_quantum_only"": 0.09957652752571085, ""expert_structure"": 0.0485783424077435, ""expert_retrieval"": 0.04797338173018755}"												
near_peptide_cluster_holdout	near_01	nested_selected_weights	selected	"{""expert_counterfactual"": 0.5, ""expert_qk_no_anchor"": 0.5, ""expert_qk_quantum_only"": 0.0, ""expert_structure"": 0.0, ""expert_retrieval"": 0.0}"												
near_peptide_cluster_holdout	near_02	nested_candidate_grid	C_heavy_QKno	"{""expert_counterfactual"": 0.65, ""expert_qk_no_anchor"": 0.35, ""expert_qk_quantum_only"": 0.0, ""expert_structure"": 0.0, ""expert_retrieval"": 0.0}"	72.0	17.0	0.2361111111111111	0.46889811729363506	0.6994652406417112	0.1926091374228445	0.6	0.17647058823529413	2.541176470588235	0.4	0.23529411764705882	1.6941176470588237
near_peptide_cluster_holdout	near_02	nested_candidate_grid	C_QKno_equal	"{""expert_counterfactual"": 0.5, ""expert_qk_no_anchor"": 0.5, ""expert_qk_quantum_only"": 0.0, ""expert_structure"": 0.0, ""expert_retrieval"": 0.0}"	72.0	17.0	0.2361111111111111	0.4404122291845098	0.6823529411764706	0.19868957042084368	0.4	0.11764705882352941	1.6941176470588237	0.4	0.23529411764705882	1.6941176470588237
near_peptide_cluster_holdout	near_02	nested_candidate_grid	C_QKno_structure	"{""expert_counterfactual"": 0.45, ""expert_qk_no_anchor"": 0.4, ""expert_qk_quantum_only"": 0.0, ""expert_structure"": 0.15, ""expert_retrieval"": 0.0}"	72.0	17.0	0.2361111111111111	0.41948969224915295	0.66951871657754	0.1978076872714922	0.4	0.11764705882352941	1.6941176470588237	0.3	0.17647058823529413	1.2705882352941176
near_peptide_cluster_holdout	near_02	nested_candidate_grid	all_lowdim_equalish	"{""expert_counterfactual"": 0.35, ""expert_qk_no_anchor"": 0.3, ""expert_qk_quantum_only"": 0.15, ""expert_structure"": 0.1, ""expert_retrieval"": 0.1}"	72.0	17.0	0.2361111111111111	0.40927727216705534	0.6748663101604278	0.19356168801560403	0.6	0.17647058823529413	2.541176470588235	0.4	0.23529411764705882	1.6941176470588237
near_peptide_cluster_holdout	near_02	nested_candidate_grid	QKno_heavy	"{""expert_counterfactual"": 0.35, ""expert_qk_no_anchor"": 0.65, ""expert_qk_quantum_only"": 0.0, ""expert_structure"": 0.0, ""expert_retrieval"": 0.0}"	72.0	17.0	0.2361111111111111	0.39938610341521114	0.6556149732620321	0.20726275257653382	0.4	0.11764705882352941	1.6941176470588237	0.4	0.23529411764705882	1.6941176470588237
near_peptide_cluster_holdout	near_02	nested_candidate_grid	C_QKquant_equal	"{""expert_counterfactual"": 0.5, ""expert_qk_no_anchor"": 0.0, ""expert_qk_quantum_only"": 0.5, ""expert_structure"": 0.0, ""expert_retrieval"": 0.0}"	72.0	17.0	0.2361111111111111	0.3651786391203311	0.6288770053475936	0.2098263335389341	0.6	0.17647058823529413	2.541176470588235	0.3	0.17647058823529413	1.2705882352941176
near_peptide_cluster_holdout	near_02	rule_gated_mean_weights	rule	"{""expert_counterfactual"": 0.4532792427315754, ""expert_qk_no_anchor"": 0.3510480054090601, ""expert_qk_quantum_only"": 0.099526707234618, ""expert_structure"": 0.04841108857336038, ""expert_retrieval"": 0.04773495605138607}"												
near_peptide_cluster_holdout	near_02	nested_selected_weights	selected	"{""expert_counterfactual"": 0.65, ""expert_qk_no_anchor"": 0.35, ""expert_qk_quantum_only"": 0.0, ""expert_structure"": 0.0, ""expert_retrieval"": 0.0}"												
near_peptide_cluster_holdout	near_03	nested_candidate_grid	C_QKno_structure	"{""expert_counterfactual"": 0.45, ""expert_qk_no_anchor"": 0.4, ""expert_qk_quantum_only"": 0.0, ""expert_structure"": 0.15, ""expert_retrieval"": 0.0}"	72.0	17.0	0.2361111111111111	0.34918525555646684	0.6128342245989304	0.20758341983652015	0.4	0.11764705882352941	1.6941176470588237	0.2	0.11764705882352941	0.8470588235294119
near_peptide_cluster_holdout	near_03	nested_candidate_grid	C_heavy_QKno	"{""expert_counterfactual"": 0.65, ""expert_qk_no_anchor"": 0.35, ""expert_qk_quantum_only"": 0.0, ""expert_structure"": 0.0, ""expert_retrieval"": 0.0}"	72.0	17.0	0.2361111111111111	0.3439138447882057	0.6459893048128342	0.20374467749502825	0.2	0.058823529411764705	0.8470588235294119	0.2	0.11764705882352941	0.8470588235294119
near_peptide_cluster_holdout	near_03	nested_candidate_grid	C_QKno_equal	"{""expert_counterfactual"": 0.5, ""expert_qk_no_anchor"": 0.5, ""expert_qk_quantum_only"": 0.0, ""expert_structure"": 0.0, ""expert_retrieval"": 0.0}"	72.0	17.0	0.2361111111111111	0.3283449779152629	0.6149732620320856	0.21185499142959818	0.2	0.058823529411764705	0.8470588235294119	0.2	0.11764705882352941	0.8470588235294119
near_peptide_cluster_holdout	near_03	nested_candidate_grid	all_lowdim_equalish	"{""expert_counterfactual"": 0.35, ""expert_qk_no_anchor"": 0.3, ""expert_qk_quantum_only"": 0.15, ""expert_structure"": 0.1, ""expert_retrieval"": 0.1}"	72.0	17.0	0.2361111111111111	0.327218912603622	0.6106951871657753	0.20589844357040016	0.2	0.058823529411764705	0.8470588235294119	0.2	0.11764705882352941	0.8470588235294119
near_peptide_cluster_holdout	near_03	nested_candidate_grid	QKno_heavy	"{""expert_counterfactual"": 0.35, ""expert_qk_no_anchor"": 0.65, ""expert_qk_quantum_only"": 0.0, ""expert_structure"": 0.0, ""expert_retrieval"": 0.0}"	72.0	17.0	0.2361111111111111	0.32208425129116236	0.5882352941176471	0.22234884060747462	0.2	0.058823529411764705	0.8470588235294119	0.2	0.11764705882352941	0.8470588235294119
near_peptide_cluster_holdout	near_03	nested_candidate_grid	C_QKquant_equal	"{""expert_counterfactual"": 0.5, ""expert_qk_no_anchor"": 0.0, ""expert_qk_quantum_only"": 0.5, ""expert_structure"": 0.0, ""expert_retrieval"": 0.0}"	72.0	17.0	0.2361111111111111	0.31895024783530923	0.639572192513369	0.21921407249243569	0.2	0.058823529411764705	0.8470588235294119	0.3	0.17647058823529413	1.2705882352941176
near_peptide_cluster_holdout	near_03	rule_gated_mean_weights	rule	"{""expert_counterfactual"": 0.45327924273157544, ""expert_qk_no_anchor"": 0.3510480054090601, ""expert_qk_quantum_only"": 0.099526707234618, ""expert_structure"": 0.04841108857336038, ""expert_retrieval"": 0.04773495605138608}"												
near_peptide_cluster_holdout	near_03	nested_selected_weights	selected	"{""expert_counterfactual"": 0.45, ""expert_qk_no_anchor"": 0.4, ""expert_qk_quantum_only"": 0.0, ""expert_structure"": 0.15, ""expert_retrieval"": 0.0}"												
near_peptide_cluster_holdout	near_04	nested_candidate_grid	all_lowdim_equalish	"{""expert_counterfactual"": 0.35, ""expert_qk_no_anchor"": 0.3, ""expert_qk_quantum_only"": 0.15, ""expert_structure"": 0.1, ""expert_retrieval"": 0.1}"	71.0	17.0	0.23943661971830985	0.5571125330664818	0.7429193899782136	0.1862268365908113	0.6	0.17647058823529413	2.5058823529411764	0.6	0.35294117647058826	2.5058823529411764
near_peptide_cluster_holdout	near_04	nested_candidate_grid	C_QKno_equal	"{""expert_counterfactual"": 0.5, ""expert_qk_no_anchor"": 0.5, ""expert_qk_quantum_only"": 0.0, ""expert_structure"": 0.0, ""expert_retrieval"": 0.0}"	71.0	17.0	0.23943661971830985	0.5224789808241357	0.738562091503268	0.19304083555828871	0.6	0.17647058823529413	2.5058823529411764	0.6	0.35294117647058826	2.5058823529411764
near_peptide_cluster_holdout	near_04	nested_candidate_grid	C_heavy_QKno	"{""expert_counterfactual"": 0.65, ""expert_qk_no_anchor"": 0.35, ""expert_qk_quantum_only"": 0.0, ""expert_structure"": 0.0, ""expert_retrieval"": 0.0}"	71.0	17.0	0.23943661971830985	0.5176014586331265	0.7570806100217865	0.1850171367667984	0.6	0.17647058823529413	2.5058823529411764	0.6	0.35294117647058826	2.5058823529411764
near_peptide_cluster_holdout	near_04	nested_candidate_grid	QKno_heavy	"{""expert_counterfactual"": 0.35, ""expert_qk_no_anchor"": 0.65, ""expert_qk_quantum_only"": 0.0, ""expert_structure"": 0.0, ""expert_retrieval"": 0.0}"	71.0	17.0	0.23943661971830985	0.5109564264140117	0.7124183006535948	0.20327003531044904	0.4	0.11764705882352941	1.670588235294118	0.6	0.35294117647058826	2.5058823529411764
near_peptide_cluster_holdout	near_04	nested_candidate_grid	C_QKquant_equal	"{""expert_counterfactual"": 0.5, ""expert_qk_no_anchor"": 0.0, ""expert_qk_quantum_only"": 0.5, ""expert_structure"": 0.0, ""expert_retrieval"": 0.0}"	71.0	17.0	0.23943661971830985	0.48448441230523376	0.7167755991285403	0.18833273044203322	0.6	0.17647058823529413	2.5058823529411764	0.6	0.35294117647058826	2.5058823529411764
near_peptide_cluster_holdout	near_04	nested_candidate_grid	C_QKno_structure	"{""expert_counterfactual"": 0.45, ""expert_qk_no_anchor"": 0.4, ""expert_qk_quantum_only"": 0.0, ""expert_structure"": 0.15, ""expert_retrieval"": 0.0}"	71.0	17.0	0.23943661971830985	0.4831989067383773	0.738562091503268	0.19267646118606802	0.6	0.17647058823529413	2.5058823529411764	0.5	0.29411764705882354	2.088235294117647
near_peptide_cluster_holdout	near_04	rule_gated_mean_weights	rule	"{""expert_counterfactual"": 0.44999999999999996, ""expert_qk_no_anchor"": 0.3499999999999999, ""expert_qk_quantum_only"": 0.10000000000000002, ""expert_structure"": 0.05000000000000001, ""expert_retrieval"": 0.05000000000000001}"												
near_peptide_cluster_holdout	near_04	nested_selected_weights	selected	"{""expert_counterfactual"": 0.35, ""expert_qk_no_anchor"": 0.3, ""expert_qk_quantum_only"": 0.15, ""expert_structure"": 0.1, ""expert_retrieval"": 0.1}"												
exact_peptide_hla_holdout	pmhc_00	nested_candidate_grid	C_heavy_QKno	"{""expert_counterfactual"": 0.65, ""expert_qk_no_anchor"": 0.35, ""expert_qk_quantum_only"": 0.0, ""expert_structure"": 0.0, ""expert_retrieval"": 0.0}"	71.0	17.0	0.23943661971830985	0.4533620508831192	0.6786492374727668	0.20606182241761054	0.4	0.11764705882352941	1.670588235294118	0.6	0.35294117647058826	2.5058823529411764
exact_peptide_hla_holdout	pmhc_00	nested_candidate_grid	C_QKno_equal	"{""expert_counterfactual"": 0.5, ""expert_qk_no_anchor"": 0.5, ""expert_qk_quantum_only"": 0.0, ""expert_structure"": 0.0, ""expert_retrieval"": 0.0}"	71.0	17.0	0.23943661971830985	0.34997280413763393	0.6525054466230937	0.21731819421050244	0.4	0.11764705882352941	1.670588235294118	0.4	0.23529411764705882	1.670588235294118
exact_peptide_hla_holdout	pmhc_00	nested_candidate_grid	C_QKquant_equal	"{""expert_counterfactual"": 0.5, ""expert_qk_no_anchor"": 0.0, ""expert_qk_quantum_only"": 0.5, ""expert_structure"": 0.0, ""expert_retrieval"": 0.0}"	71.0	17.0	0.23943661971830985	0.3085488745325101	0.4923747276688453	0.23560835795667506	0.4	0.11764705882352941	1.670588235294118	0.3	0.17647058823529413	1.2529411764705882
exact_peptide_hla_holdout	pmhc_00	nested_candidate_grid	QKno_heavy	"{""expert_counterfactual"": 0.35, ""expert_qk_no_anchor"": 0.65, ""expert_qk_quantum_only"": 0.0, ""expert_structure"": 0.0, ""expert_retrieval"": 0.0}"	71.0	17.0	0.23943661971830985	0.29155695403904947	0.6100217864923747	0.2307458469589405	0.2	0.058823529411764705	0.835294117647059	0.2	0.11764705882352941	0.835294117647059
exact_peptide_hla_holdout	pmhc_00	nested_candidate_grid	C_QKno_structure	"{""expert_counterfactual"": 0.45, ""expert_qk_no_anchor"": 0.4, ""expert_qk_quantum_only"": 0.0, ""expert_structure"": 0.15, ""expert_retrieval"": 0.0}"	71.0	17.0	0.23943661971830985	0.27619196100014515	0.5718954248366013	0.2179862002725756	0.2	0.058823529411764705	0.835294117647059	0.2	0.11764705882352941	0.835294117647059
exact_peptide_hla_holdout	pmhc_00	nested_candidate_grid	all_lowdim_equalish	"{""expert_counterfactual"": 0.35, ""expert_qk_no_anchor"": 0.3, ""expert_qk_quantum_only"": 0.15, ""expert_structure"": 0.1, ""expert_retrieval"": 0.1}"	71.0	17.0	0.23943661971830985	0.2569409867111934	0.5294117647058824	0.21709929969811528	0.0	0.0	0.0	0.3	0.17647058823529413	1.2529411764705882
exact_peptide_hla_holdout	pmhc_00	rule_gated_mean_weights	rule	"{""expert_counterfactual"": 0.4561941251596424, ""expert_qk_no_anchor"": 0.35197956577266915, ""expert_qk_quantum_only"": 0.09910600255427843, ""expert_structure"": 0.04699872286079183, ""expert_retrieval"": 0.04572158365261814}"												
exact_peptide_hla_holdout	pmhc_00	nested_selected_weights	selected	"{""expert_counterfactual"": 0.65, ""expert_qk_no_anchor"": 0.35, ""expert_qk_quantum_only"": 0.0, ""expert_structure"": 0.0, ""expert_retrieval"": 0.0}"												
exact_peptide_hla_holdout	pmhc_01	nested_candidate_grid	all_lowdim_equalish	"{""expert_counterfactual"": 0.35, ""expert_qk_no_anchor"": 0.3, ""expert_qk_quantum_only"": 0.15, ""expert_structure"": 0.1, ""expert_retrieval"": 0.1}"	71.0	17.0	0.23943661971830985	0.5458930478753006	0.7429193899782135	0.18381599801088122	0.8	0.23529411764705882	3.341176470588236	0.5	0.29411764705882354	2.088235294117647
exact_peptide_hla_holdout	pmhc_01	nested_candidate_grid	C_QKno_structure	"{""expert_counterfactual"": 0.45, ""expert_qk_no_anchor"": 0.4, ""expert_qk_quantum_only"": 0.0, ""expert_structure"": 0.15, ""expert_retrieval"": 0.0}"	71.0	17.0	0.23943661971830985	0.4981324716451287	0.7211328976034858	0.18820381170999256	0.8	0.23529411764705882	3.341176470588236	0.4	0.23529411764705882	1.670588235294118
exact_peptide_hla_holdout	pmhc_01	nested_candidate_grid	C_QKquant_equal	"{""expert_counterfactual"": 0.5, ""expert_qk_no_anchor"": 0.0, ""expert_qk_quantum_only"": 0.5, ""expert_structure"": 0.0, ""expert_retrieval"": 0.0}"	71.0	17.0	0.23943661971830985	0.49714387309183694	0.6840958605664489	0.19763986376112014	0.8	0.23529411764705882	3.341176470588236	0.6	0.35294117647058826	2.5058823529411764
exact_peptide_hla_holdout	pmhc_01	nested_candidate_grid	C_heavy_QKno	"{""expert_counterfactual"": 0.65, ""expert_qk_no_anchor"": 0.35, ""expert_qk_quantum_only"": 0.0, ""expert_structure"": 0.0, ""expert_retrieval"": 0.0}"	71.0	17.0	0.23943661971830985	0.4832454534486431	0.7233115468409586	0.186462733795098	0.6	0.17647058823529413	2.5058823529411764	0.5	0.29411764705882354	2.088235294117647
exact_peptide_hla_holdout	pmhc_01	nested_candidate_grid	C_QKno_equal	"{""expert_counterfactual"": 0.5, ""expert_qk_no_anchor"": 0.5, ""expert_qk_quantum_only"": 0.0, ""expert_structure"": 0.0, ""expert_retrieval"": 0.0}"	71.0	17.0	0.23943661971830985	0.46769814247386765	0.7233115468409586	0.189243637201361	0.6	0.17647058823529413	2.5058823529411764	0.4	0.23529411764705882	1.670588235294118
exact_peptide_hla_holdout	pmhc_01	nested_candidate_grid	QKno_heavy	"{""expert_counterfactual"": 0.35, ""expert_qk_no_anchor"": 0.65, ""expert_qk_quantum_only"": 0.0, ""expert_structure"": 0.0, ""expert_retrieval"": 0.0}"	71.0	17.0	0.23943661971830985	0.4483055180832143	0.7189542483660131	0.19429505636837702	0.6	0.17647058823529413	2.5058823529411764	0.4	0.23529411764705882	1.670588235294118
exact_peptide_hla_holdout	pmhc_01	rule_gated_mean_weights	rule	"{""expert_counterfactual"": 0.4530970625798212, ""expert_qk_no_anchor"": 0.35098978288633453, ""expert_qk_quantum_only"": 0.09955300127713923, ""expert_structure"": 0.04849936143039592, ""expert_retrieval"": 0.04786079182630907}"												
exact_peptide_hla_holdout	pmhc_01	nested_selected_weights	selected	"{""expert_counterfactual"": 0.35, ""expert_qk_no_anchor"": 0.3, ""expert_qk_quantum_only"": 0.15, ""expert_structure"": 0.1, ""expert_retrieval"": 0.1}"												
exact_peptide_hla_holdout	pmhc_02	nested_candidate_grid	C_QKno_structure	"{""expert_counterfactual"": 0.45, ""expert_qk_no_anchor"": 0.4, ""expert_qk_quantum_only"": 0.0, ""expert_structure"": 0.15, ""expert_retrieval"": 0.0}"	71.0	16.0	0.22535211267605634	0.5387466998006865	0.7443181818181819	0.18518187060703384	0.8	0.25	3.5500000000000003	0.8	0.5	3.5500000000000003
exact_peptide_hla_holdout	pmhc_02	nested_candidate_grid	QKno_heavy	"{""expert_counterfactual"": 0.35, ""expert_qk_no_anchor"": 0.65, ""expert_qk_quantum_only"": 0.0, ""expert_structure"": 0.0, ""expert_retrieval"": 0.0}"	71.0	16.0	0.22535211267605634	0.5383053935568516	0.7045454545454546	0.19929968233029524	0.8	0.25	3.5500000000000003	0.7	0.4375	3.1062499999999997
exact_peptide_hla_holdout	pmhc_02	nested_candidate_grid	all_lowdim_equalish	"{""expert_counterfactual"": 0.35, ""expert_qk_no_anchor"": 0.3, ""expert_qk_quantum_only"": 0.15, ""expert_structure"": 0.1, ""expert_retrieval"": 0.1}"	71.0	16.0	0.22535211267605634	0.5380021925966603	0.7284090909090909	0.18139042099891922	0.8	0.25	3.5500000000000003	0.7	0.4375	3.1062499999999997
exact_peptide_hla_holdout	pmhc_02	nested_candidate_grid	C_QKno_equal	"{""expert_counterfactual"": 0.5, ""expert_qk_no_anchor"": 0.5, ""expert_qk_quantum_only"": 0.0, ""expert_structure"": 0.0, ""expert_retrieval"": 0.0}"	71.0	16.0	0.22535211267605634	0.5359160217690193	0.7261363636363636	0.189636339659211	0.8	0.25	3.5500000000000003	0.6	0.375	2.6624999999999996
exact_peptide_hla_holdout	pmhc_02	nested_candidate_grid	C_heavy_QKno	"{""expert_counterfactual"": 0.65, ""expert_qk_no_anchor"": 0.35, ""expert_qk_quantum_only"": 0.0, ""expert_structure"": 0.0, ""expert_retrieval"": 0.0}"	71.0	16.0	0.22535211267605634	0.5169776330493628	0.7386363636363638	0.18256702733257765	0.6	0.1875	2.6624999999999996	0.6	0.375	2.6624999999999996
exact_peptide_hla_holdout	pmhc_02	nested_candidate_grid	C_QKquant_equal	"{""expert_counterfactual"": 0.5, ""expert_qk_no_anchor"": 0.0, ""expert_qk_quantum_only"": 0.5, ""expert_structure"": 0.0, ""expert_retrieval"": 0.0}"	71.0	16.0	0.22535211267605634	0.46413053835836116	0.6840909090909091	0.18884571980769158	0.6	0.1875	2.6624999999999996	0.5	0.3125	2.21875
exact_peptide_hla_holdout	pmhc_02	rule_gated_mean_weights	rule	"{""expert_counterfactual"": 0.4444444444444444, ""expert_qk_no_anchor"": 0.3444444444444444, ""expert_qk_quantum_only"": 0.10000000000000002, ""expert_structure"": 0.05000000000000001, ""expert_retrieval"": 0.061111111111111116}"												
exact_peptide_hla_holdout	pmhc_02	nested_selected_weights	selected	"{""expert_counterfactual"": 0.45, ""expert_qk_no_anchor"": 0.4, ""expert_qk_quantum_only"": 0.0, ""expert_structure"": 0.15, ""expert_retrieval"": 0.0}"												
exact_peptide_hla_holdout	pmhc_03	nested_candidate_grid	C_QKno_equal	"{""expert_counterfactual"": 0.5, ""expert_qk_no_anchor"": 0.5, ""expert_qk_quantum_only"": 0.0, ""expert_structure"": 0.0, ""expert_retrieval"": 0.0}"	72.0	17.0	0.2361111111111111	0.45746094528518644	0.6438502673796791	0.21078407397996507	0.6	0.17647058823529413	2.541176470588235	0.6	0.35294117647058826	2.541176470588235
exact_peptide_hla_holdout	pmhc_03	nested_candidate_grid	C_heavy_QKno	"{""expert_counterfactual"": 0.65, ""expert_qk_no_anchor"": 0.35, ""expert_qk_quantum_only"": 0.0, ""expert_structure"": 0.0, ""expert_retrieval"": 0.0}"	72.0	17.0	0.2361111111111111	0.4566559672259062	0.6641711229946524	0.1986762822539571	0.4	0.11764705882352941	1.6941176470588237	0.6	0.35294117647058826	2.541176470588235
exact_peptide_hla_holdout	pmhc_03	nested_candidate_grid	C_QKno_structure	"{""expert_counterfactual"": 0.45, ""expert_qk_no_anchor"": 0.4, ""expert_qk_quantum_only"": 0.0, ""expert_structure"": 0.15, ""expert_retrieval"": 0.0}"	72.0	17.0	0.2361111111111111	0.4222775769239541	0.6288770053475936	0.2092670870200546	0.4	0.11764705882352941	1.6941176470588237	0.4	0.23529411764705882	1.6941176470588237
exact_peptide_hla_holdout	pmhc_03	nested_candidate_grid	QKno_heavy	"{""expert_counterfactual"": 0.35, ""expert_qk_no_anchor"": 0.65, ""expert_qk_quantum_only"": 0.0, ""expert_structure"": 0.0, ""expert_retrieval"": 0.0}"	72.0	17.0	0.2361111111111111	0.4045410229543176	0.6085561497326204	0.22534100793640516	0.6	0.17647058823529413	2.541176470588235	0.5	0.29411764705882354	2.1176470588235294
exact_peptide_hla_holdout	pmhc_03	nested_candidate_grid	C_QKquant_equal	"{""expert_counterfactual"": 0.5, ""expert_qk_no_anchor"": 0.0, ""expert_qk_quantum_only"": 0.5, ""expert_structure"": 0.0, ""expert_retrieval"": 0.0}"	72.0	17.0	0.2361111111111111	0.3802480750781613	0.611764705882353	0.21992380944582068	0.6	0.17647058823529413	2.541176470588235	0.5	0.29411764705882354	2.1176470588235294
exact_peptide_hla_holdout	pmhc_03	nested_candidate_grid	all_lowdim_equalish	"{""expert_counterfactual"": 0.35, ""expert_qk_no_anchor"": 0.3, ""expert_qk_quantum_only"": 0.15, ""expert_structure"": 0.1, ""expert_retrieval"": 0.1}"	72.0	17.0	0.2361111111111111	0.3785175160149271	0.6096256684491979	0.206140733350128	0.4	0.11764705882352941	1.6941176470588237	0.6	0.35294117647058826	2.541176470588235
exact_peptide_hla_holdout	pmhc_03	rule_gated_mean_weights	rule	"{""expert_counterfactual"": 0.45689655172413796, ""expert_qk_no_anchor"": 0.3502028397565922, ""expert_qk_quantum_only"": 0.09858012170385397, ""expert_structure"": 0.05111561866125761, ""expert_retrieval"": 0.043204868154158214}"												
exact_peptide_hla_holdout	pmhc_03	nested_selected_weights	selected	"{""expert_counterfactual"": 0.5, ""expert_qk_no_anchor"": 0.5, ""expert_qk_quantum_only"": 0.0, ""expert_structure"": 0.0, ""expert_retrieval"": 0.0}"												
exact_peptide_hla_holdout	pmhc_04	nested_candidate_grid	C_heavy_QKno	"{""expert_counterfactual"": 0.65, ""expert_qk_no_anchor"": 0.35, ""expert_qk_quantum_only"": 0.0, ""expert_structure"": 0.0, ""expert_retrieval"": 0.0}"	71.0	17.0	0.23943661971830985	0.23991088713321326	0.48910675381263613	0.21395332858575067	0.0	0.0	0.0	0.1	0.058823529411764705	0.4176470588235295
exact_peptide_hla_holdout	pmhc_04	nested_candidate_grid	C_QKno_structure	"{""expert_counterfactual"": 0.45, ""expert_qk_no_anchor"": 0.4, ""expert_qk_quantum_only"": 0.0, ""expert_structure"": 0.15, ""expert_retrieval"": 0.0}"	71.0	17.0	0.23943661971830985	0.20600319514398022	0.4161220043572985	0.22441666316133763	0.0	0.0	0.0	0.1	0.058823529411764705	0.4176470588235295
exact_peptide_hla_holdout	pmhc_04	nested_candidate_grid	C_QKquant_equal	"{""expert_counterfactual"": 0.5, ""expert_qk_no_anchor"": 0.0, ""expert_qk_quantum_only"": 0.5, ""expert_structure"": 0.0, ""expert_retrieval"": 0.0}"	71.0	17.0	0.23943661971830985	0.2025386543410126	0.4139433551198257	0.23467914751749874	0.0	0.0	0.0	0.0	0.0	0.0
exact_peptide_hla_holdout	pmhc_04	nested_candidate_grid	C_QKno_equal	"{""expert_counterfactual"": 0.5, ""expert_qk_no_anchor"": 0.5, ""expert_qk_quantum_only"": 0.0, ""expert_structure"": 0.0, ""expert_retrieval"": 0.0}"	71.0	17.0	0.23943661971830985	0.19804064690155965	0.39324618736383443	0.23129295663161226	0.0	0.0	0.0	0.0	0.0	0.0
exact_peptide_hla_holdout	pmhc_04	nested_candidate_grid	all_lowdim_equalish	"{""expert_counterfactual"": 0.35, ""expert_qk_no_anchor"": 0.3, ""expert_qk_quantum_only"": 0.15, ""expert_structure"": 0.1, ""expert_retrieval"": 0.1}"	71.0	17.0	0.23943661971830985	0.18704022977512746	0.3562091503267974	0.2245276151225087	0.0	0.0	0.0	0.0	0.0	0.0
exact_peptide_hla_holdout	pmhc_04	nested_candidate_grid	QKno_heavy	"{""expert_counterfactual"": 0.35, ""expert_qk_no_anchor"": 0.65, ""expert_qk_quantum_only"": 0.0, ""expert_structure"": 0.0, ""expert_retrieval"": 0.0}"	71.0	17.0	0.23943661971830985	0.182166027566395	0.3300653594771242	0.2510285792294416	0.0	0.0	0.0	0.0	0.0	0.0
exact_peptide_hla_holdout	pmhc_04	rule_gated_mean_weights	rule	"{""expert_counterfactual"": 0.4444444444444444, ""expert_qk_no_anchor"": 0.3444444444444444, ""expert_qk_quantum_only"": 0.10000000000000002, ""expert_structure"": 0.05000000000000001, ""expert_retrieval"": 0.061111111111111116}"												
exact_peptide_hla_holdout	pmhc_04	nested_selected_weights	selected	"{""expert_counterfactual"": 0.65, ""expert_qk_no_anchor"": 0.35, ""expert_qk_quantum_only"": 0.0, ""expert_structure"": 0.0, ""expert_retrieval"": 0.0}"												
study_heldout	study_00	nested_candidate_grid	C_QKno_equal	"{""expert_counterfactual"": 0.5, ""expert_qk_no_anchor"": 0.5, ""expert_qk_quantum_only"": 0.0, ""expert_structure"": 0.0, ""expert_retrieval"": 0.0}"	80.0	16.0	0.2	0.5833784083631816	0.7861328125	0.17866587614194923	0.8	0.25	4.0	0.6	0.375	2.9999999999999996
study_heldout	study_00	nested_candidate_grid	C_heavy_QKno	"{""expert_counterfactual"": 0.65, ""expert_qk_no_anchor"": 0.35, ""expert_qk_quantum_only"": 0.0, ""expert_structure"": 0.0, ""expert_retrieval"": 0.0}"	80.0	16.0	0.2	0.5757804650168405	0.7939453125	0.16805965940682938	0.8	0.25	4.0	0.6	0.375	2.9999999999999996
study_heldout	study_00	nested_candidate_grid	C_QKno_structure	"{""expert_counterfactual"": 0.45, ""expert_qk_no_anchor"": 0.4, ""expert_qk_quantum_only"": 0.0, ""expert_structure"": 0.15, ""expert_retrieval"": 0.0}"	80.0	16.0	0.2	0.5570893640825836	0.76953125	0.17491684277443537	0.8	0.25	4.0	0.6	0.375	2.9999999999999996
study_heldout	study_00	nested_candidate_grid	QKno_heavy	"{""expert_counterfactual"": 0.35, ""expert_qk_no_anchor"": 0.65, ""expert_qk_quantum_only"": 0.0, ""expert_structure"": 0.0, ""expert_retrieval"": 0.0}"	80.0	16.0	0.2	0.5456984156904638	0.76953125	0.19383285514579546	0.8	0.25	4.0	0.5	0.3125	2.5
study_heldout	study_00	nested_candidate_grid	all_lowdim_equalish	"{""expert_counterfactual"": 0.35, ""expert_qk_no_anchor"": 0.3, ""expert_qk_quantum_only"": 0.15, ""expert_structure"": 0.1, ""expert_retrieval"": 0.1}"	80.0	16.0	0.2	0.4128978997709684	0.72265625	0.182860473580367	0.6	0.1875	2.9999999999999996	0.5	0.3125	2.5
study_heldout	study_00	nested_candidate_grid	C_QKquant_equal	"{""expert_counterfactual"": 0.5, ""expert_qk_no_anchor"": 0.0, ""expert_qk_quantum_only"": 0.5, ""expert_structure"": 0.0, ""expert_retrieval"": 0.0}"	80.0	16.0	0.2	0.27044495214035025	0.564453125	0.21786992075875444	0.2	0.0625	1.0	0.3	0.1875	1.4999999999999998
study_heldout	study_00	rule_gated_mean_weights	rule	"{""expert_counterfactual"": 0.46858237547892717, ""expert_qk_no_anchor"": 0.35593869731800765, ""expert_qk_quantum_only"": 0.09731800766283526, ""expert_structure"": 0.04099616858237548, ""expert_retrieval"": 0.0371647509578544}"												
study_heldout	study_00	nested_selected_weights	selected	"{""expert_counterfactual"": 0.5, ""expert_qk_no_anchor"": 0.5, ""expert_qk_quantum_only"": 0.0, ""expert_structure"": 0.0, ""expert_retrieval"": 0.0}"												
