split_name	fold_id	sample_id	label	model	score
repeated_stratified_5x5_internal	rs_00	CNV0_02425	1	prespecified_equal_weight_C_QK_no_anchor	0.6374641539208544
repeated_stratified_5x5_internal	rs_00	CNV0_02477	1	prespecified_equal_weight_C_QK_no_anchor	0.5941923091858374
repeated_stratified_5x5_internal	rs_00	CNV0_02478	1	prespecified_equal_weight_C_QK_no_anchor	0.37851146146944153
repeated_stratified_5x5_internal	rs_00	CNV0_02479	1	prespecified_equal_weight_C_QK_no_anchor	0.5837277437192294
repeated_stratified_5x5_internal	rs_00	CNV0_02513	0	prespecified_equal_weight_C_QK_no_anchor	0.57168500118671
repeated_stratified_5x5_internal	rs_00	CNV0_02516	0	prespecified_equal_weight_C_QK_no_anchor	0.2608863256898202
repeated_stratified_5x5_internal	rs_00	CNV0_02518	0	prespecified_equal_weight_C_QK_no_anchor	0.5673075521354776
repeated_stratified_5x5_internal	rs_00	CNV0_02544	0	prespecified_equal_weight_C_QK_no_anchor	0.3818848356645836
repeated_stratified_5x5_internal	rs_00	CNV0_02545	1	prespecified_equal_weight_C_QK_no_anchor	0.4523814551412302
repeated_stratified_5x5_internal	rs_00	CNV0_02551	0	prespecified_equal_weight_C_QK_no_anchor	0.27430265326295844
repeated_stratified_5x5_internal	rs_00	CNV0_02555	0	prespecified_equal_weight_C_QK_no_anchor	0.5331739009941856
repeated_stratified_5x5_internal	rs_00	CNV0_02557	0	prespecified_equal_weight_C_QK_no_anchor	0.46791772773481505
repeated_stratified_5x5_internal	rs_00	CNV0_02564	0	prespecified_equal_weight_C_QK_no_anchor	0.30670141636996684
repeated_stratified_5x5_internal	rs_00	CNV0_02568	0	prespecified_equal_weight_C_QK_no_anchor	0.3078220113090627
repeated_stratified_5x5_internal	rs_00	CNV0_02573	0	prespecified_equal_weight_C_QK_no_anchor	0.32033615769841445
repeated_stratified_5x5_internal	rs_00	CNV0_02580	0	prespecified_equal_weight_C_QK_no_anchor	0.47111178105203244
repeated_stratified_5x5_internal	rs_00	CNV0_02581	0	prespecified_equal_weight_C_QK_no_anchor	0.31403286638214445
repeated_stratified_5x5_internal	rs_00	CNV0_02588	0	prespecified_equal_weight_C_QK_no_anchor	0.17236681135862347
repeated_stratified_5x5_internal	rs_00	CNV0_02425	1	prespecified_C_0.5_QK_quantum_0.5	0.6384980635878215
repeated_stratified_5x5_internal	rs_00	CNV0_02477	1	prespecified_C_0.5_QK_quantum_0.5	0.6717772462169409
repeated_stratified_5x5_internal	rs_00	CNV0_02478	1	prespecified_C_0.5_QK_quantum_0.5	0.4901273925305445
repeated_stratified_5x5_internal	rs_00	CNV0_02479	1	prespecified_C_0.5_QK_quantum_0.5	0.4996204234824431
repeated_stratified_5x5_internal	rs_00	CNV0_02513	0	prespecified_C_0.5_QK_quantum_0.5	0.49909566914191594
repeated_stratified_5x5_internal	rs_00	CNV0_02516	0	prespecified_C_0.5_QK_quantum_0.5	0.29358902733384024
repeated_stratified_5x5_internal	rs_00	CNV0_02518	0	prespecified_C_0.5_QK_quantum_0.5	0.5762770025582749
repeated_stratified_5x5_internal	rs_00	CNV0_02544	0	prespecified_C_0.5_QK_quantum_0.5	0.32537178495900726
repeated_stratified_5x5_internal	rs_00	CNV0_02545	1	prespecified_C_0.5_QK_quantum_0.5	0.47735548242688375
repeated_stratified_5x5_internal	rs_00	CNV0_02551	0	prespecified_C_0.5_QK_quantum_0.5	0.3636942273446419
repeated_stratified_5x5_internal	rs_00	CNV0_02555	0	prespecified_C_0.5_QK_quantum_0.5	0.4116664379998659
repeated_stratified_5x5_internal	rs_00	CNV0_02557	0	prespecified_C_0.5_QK_quantum_0.5	0.3986216139117598
repeated_stratified_5x5_internal	rs_00	CNV0_02564	0	prespecified_C_0.5_QK_quantum_0.5	0.42342117005590124
repeated_stratified_5x5_internal	rs_00	CNV0_02568	0	prespecified_C_0.5_QK_quantum_0.5	0.41895913882269176
repeated_stratified_5x5_internal	rs_00	CNV0_02573	0	prespecified_C_0.5_QK_quantum_0.5	0.4046531345294671
repeated_stratified_5x5_internal	rs_00	CNV0_02580	0	prespecified_C_0.5_QK_quantum_0.5	0.45881786253805174
repeated_stratified_5x5_internal	rs_00	CNV0_02581	0	prespecified_C_0.5_QK_quantum_0.5	0.3408311928740887
repeated_stratified_5x5_internal	rs_00	CNV0_02588	0	prespecified_C_0.5_QK_quantum_0.5	0.35454028826148476
repeated_stratified_5x5_internal	rs_00	CNV0_02425	1	nested_learned_gate_C_QK_structure	0.5904505547272771
repeated_stratified_5x5_internal	rs_00	CNV0_02477	1	nested_learned_gate_C_QK_structure	0.5338283633113889
repeated_stratified_5x5_internal	rs_00	CNV0_02478	1	nested_learned_gate_C_QK_structure	0.3786959918731413
repeated_stratified_5x5_internal	rs_00	CNV0_02479	1	nested_learned_gate_C_QK_structure	0.5678948017673829
repeated_stratified_5x5_internal	rs_00	CNV0_02513	0	nested_learned_gate_C_QK_structure	0.549632135184523
repeated_stratified_5x5_internal	rs_00	CNV0_02516	0	nested_learned_gate_C_QK_structure	0.262290730890942
repeated_stratified_5x5_internal	rs_00	CNV0_02518	0	nested_learned_gate_C_QK_structure	0.5494864970877518
repeated_stratified_5x5_internal	rs_00	CNV0_02544	0	nested_learned_gate_C_QK_structure	0.420287767824803
repeated_stratified_5x5_internal	rs_00	CNV0_02545	1	nested_learned_gate_C_QK_structure	0.39900985119527643
repeated_stratified_5x5_internal	rs_00	CNV0_02551	0	nested_learned_gate_C_QK_structure	0.3253783211451773
repeated_stratified_5x5_internal	rs_00	CNV0_02555	0	nested_learned_gate_C_QK_structure	0.5415332690126009
repeated_stratified_5x5_internal	rs_00	CNV0_02557	0	nested_learned_gate_C_QK_structure	0.4132146201990814
repeated_stratified_5x5_internal	rs_00	CNV0_02564	0	nested_learned_gate_C_QK_structure	0.30182198200407534
repeated_stratified_5x5_internal	rs_00	CNV0_02568	0	nested_learned_gate_C_QK_structure	0.3262313509655034
repeated_stratified_5x5_internal	rs_00	CNV0_02573	0	nested_learned_gate_C_QK_structure	0.29029566170369336
repeated_stratified_5x5_internal	rs_00	CNV0_02580	0	nested_learned_gate_C_QK_structure	0.43087993335688807
repeated_stratified_5x5_internal	rs_00	CNV0_02581	0	nested_learned_gate_C_QK_structure	0.340913748373631
repeated_stratified_5x5_internal	rs_00	CNV0_02588	0	nested_learned_gate_C_QK_structure	0.18754933156097842
repeated_stratified_5x5_internal	rs_00	CNV0_02425	1	stacked_calibrated_meta_model_lowdim_only	0.4210033009231288
repeated_stratified_5x5_internal	rs_00	CNV0_02477	1	stacked_calibrated_meta_model_lowdim_only	0.7507896807372515
repeated_stratified_5x5_internal	rs_00	CNV0_02478	1	stacked_calibrated_meta_model_lowdim_only	0.39488269410335164
repeated_stratified_5x5_internal	rs_00	CNV0_02479	1	stacked_calibrated_meta_model_lowdim_only	0.4275042469818014
repeated_stratified_5x5_internal	rs_00	CNV0_02513	0	stacked_calibrated_meta_model_lowdim_only	0.4839143955605998
repeated_stratified_5x5_internal	rs_00	CNV0_02516	0	stacked_calibrated_meta_model_lowdim_only	0.5102327216678789
repeated_stratified_5x5_internal	rs_00	CNV0_02518	0	stacked_calibrated_meta_model_lowdim_only	0.3646659457021749
repeated_stratified_5x5_internal	rs_00	CNV0_02544	0	stacked_calibrated_meta_model_lowdim_only	0.5283807165681703
repeated_stratified_5x5_internal	rs_00	CNV0_02545	1	stacked_calibrated_meta_model_lowdim_only	0.42093089002957934
repeated_stratified_5x5_internal	rs_00	CNV0_02551	0	stacked_calibrated_meta_model_lowdim_only	0.4260274807387199
repeated_stratified_5x5_internal	rs_00	CNV0_02555	0	stacked_calibrated_meta_model_lowdim_only	0.5567504316624088
repeated_stratified_5x5_internal	rs_00	CNV0_02557	0	stacked_calibrated_meta_model_lowdim_only	0.44740475928103507
repeated_stratified_5x5_internal	rs_00	CNV0_02564	0	stacked_calibrated_meta_model_lowdim_only	0.4810406047020716
repeated_stratified_5x5_internal	rs_00	CNV0_02568	0	stacked_calibrated_meta_model_lowdim_only	0.458458039363745
repeated_stratified_5x5_internal	rs_00	CNV0_02573	0	stacked_calibrated_meta_model_lowdim_only	0.42361994651057955
repeated_stratified_5x5_internal	rs_00	CNV0_02580	0	stacked_calibrated_meta_model_lowdim_only	0.4832215187714182
repeated_stratified_5x5_internal	rs_00	CNV0_02581	0	stacked_calibrated_meta_model_lowdim_only	0.4875236389488453
repeated_stratified_5x5_internal	rs_00	CNV0_02588	0	stacked_calibrated_meta_model_lowdim_only	0.4437505513770548
repeated_stratified_5x5_internal	rs_00	CNV0_02425	1	rule_gated_C_QK_structure	0.5909447647789492
repeated_stratified_5x5_internal	rs_00	CNV0_02477	1	rule_gated_C_QK_structure	0.5875878166914005
repeated_stratified_5x5_internal	rs_00	CNV0_02478	1	rule_gated_C_QK_structure	0.3873004691522575
repeated_stratified_5x5_internal	rs_00	CNV0_02479	1	rule_gated_C_QK_structure	0.5334678456286719
repeated_stratified_5x5_internal	rs_00	CNV0_02513	0	rule_gated_C_QK_structure	0.5300744969648874
repeated_stratified_5x5_internal	rs_00	CNV0_02516	0	rule_gated_C_QK_structure	0.2833456243823247
repeated_stratified_5x5_internal	rs_00	CNV0_02518	0	rule_gated_C_QK_structure	0.5395731111439075
repeated_stratified_5x5_internal	rs_00	CNV0_02544	0	rule_gated_C_QK_structure	0.35921293618741545
repeated_stratified_5x5_internal	rs_00	CNV0_02545	1	rule_gated_C_QK_structure	0.43884147977655913
repeated_stratified_5x5_internal	rs_00	CNV0_02551	0	rule_gated_C_QK_structure	0.2869427659526957
repeated_stratified_5x5_internal	rs_00	CNV0_02555	0	rule_gated_C_QK_structure	0.46668372133758385
repeated_stratified_5x5_internal	rs_00	CNV0_02557	0	rule_gated_C_QK_structure	0.4347212563458206
repeated_stratified_5x5_internal	rs_00	CNV0_02564	0	rule_gated_C_QK_structure	0.3213439106819614
repeated_stratified_5x5_internal	rs_00	CNV0_02568	0	rule_gated_C_QK_structure	0.33282275067436473
repeated_stratified_5x5_internal	rs_00	CNV0_02573	0	rule_gated_C_QK_structure	0.32699674057567063
repeated_stratified_5x5_internal	rs_00	CNV0_02580	0	rule_gated_C_QK_structure	0.44497692773887054
repeated_stratified_5x5_internal	rs_00	CNV0_02581	0	rule_gated_C_QK_structure	0.3045397845349924
repeated_stratified_5x5_internal	rs_00	CNV0_02588	0	rule_gated_C_QK_structure	0.2089403406671947
repeated_stratified_5x5_internal	rs_01	CNV0_02396	1	prespecified_equal_weight_C_QK_no_anchor	0.2938928457691451
repeated_stratified_5x5_internal	rs_01	CNV0_02415	0	prespecified_equal_weight_C_QK_no_anchor	0.3503740345454268
repeated_stratified_5x5_internal	rs_01	CNV0_02442	1	prespecified_equal_weight_C_QK_no_anchor	0.5201873736395286
repeated_stratified_5x5_internal	rs_01	CNV0_02452	1	prespecified_equal_weight_C_QK_no_anchor	0.6725596973098511
repeated_stratified_5x5_internal	rs_01	CNV0_02512	0	prespecified_equal_weight_C_QK_no_anchor	0.3340792858113054
repeated_stratified_5x5_internal	rs_01	CNV0_02515	0	prespecified_equal_weight_C_QK_no_anchor	0.5489283582175133
repeated_stratified_5x5_internal	rs_01	CNV0_02517	0	prespecified_equal_weight_C_QK_no_anchor	0.47996612443165176
repeated_stratified_5x5_internal	rs_01	CNV0_02537	0	prespecified_equal_weight_C_QK_no_anchor	0.20851905508710644
repeated_stratified_5x5_internal	rs_01	CNV0_02559	0	prespecified_equal_weight_C_QK_no_anchor	0.5060723926253267
repeated_stratified_5x5_internal	rs_01	CNV0_02561	0	prespecified_equal_weight_C_QK_no_anchor	0.30873275128930555
repeated_stratified_5x5_internal	rs_01	CNV0_02567	0	prespecified_equal_weight_C_QK_no_anchor	0.4692956173677614
repeated_stratified_5x5_internal	rs_01	CNV0_02582	0	prespecified_equal_weight_C_QK_no_anchor	0.5160920849408559
repeated_stratified_5x5_internal	rs_01	CNV0_02583	0	prespecified_equal_weight_C_QK_no_anchor	0.2128211698133521
repeated_stratified_5x5_internal	rs_01	CNV0_02587	0	prespecified_equal_weight_C_QK_no_anchor	0.41793024199993883
repeated_stratified_5x5_internal	rs_01	CNV0_02589	0	prespecified_equal_weight_C_QK_no_anchor	0.33821643744564006
repeated_stratified_5x5_internal	rs_01	CNV0_02594	0	prespecified_equal_weight_C_QK_no_anchor	0.1741651505796716
repeated_stratified_5x5_internal	rs_01	CNV0_02655	0	prespecified_equal_weight_C_QK_no_anchor	0.40483834530133844
repeated_stratified_5x5_internal	rs_01	CNV0_02712	1	prespecified_equal_weight_C_QK_no_anchor	0.4136128923400813
repeated_stratified_5x5_internal	rs_01	CNV0_02396	1	prespecified_C_0.5_QK_quantum_0.5	0.4383732152068551
repeated_stratified_5x5_internal	rs_01	CNV0_02415	0	prespecified_C_0.5_QK_quantum_0.5	0.24160635445231096
repeated_stratified_5x5_internal	rs_01	CNV0_02442	1	prespecified_C_0.5_QK_quantum_0.5	0.5005806656584337
repeated_stratified_5x5_internal	rs_01	CNV0_02452	1	prespecified_C_0.5_QK_quantum_0.5	0.6846781106026989
repeated_stratified_5x5_internal	rs_01	CNV0_02512	0	prespecified_C_0.5_QK_quantum_0.5	0.3729559637053984
repeated_stratified_5x5_internal	rs_01	CNV0_02515	0	prespecified_C_0.5_QK_quantum_0.5	0.5523904719955836
repeated_stratified_5x5_internal	rs_01	CNV0_02517	0	prespecified_C_0.5_QK_quantum_0.5	0.538536410592528
repeated_stratified_5x5_internal	rs_01	CNV0_02537	0	prespecified_C_0.5_QK_quantum_0.5	0.46084094324411606
repeated_stratified_5x5_internal	rs_01	CNV0_02559	0	prespecified_C_0.5_QK_quantum_0.5	0.41769241895729325
repeated_stratified_5x5_internal	rs_01	CNV0_02561	0	prespecified_C_0.5_QK_quantum_0.5	0.47289426876360285
repeated_stratified_5x5_internal	rs_01	CNV0_02567	0	prespecified_C_0.5_QK_quantum_0.5	0.4847364314339868
repeated_stratified_5x5_internal	rs_01	CNV0_02582	0	prespecified_C_0.5_QK_quantum_0.5	0.34776070743388837
repeated_stratified_5x5_internal	rs_01	CNV0_02583	0	prespecified_C_0.5_QK_quantum_0.5	0.208194389815677
repeated_stratified_5x5_internal	rs_01	CNV0_02587	0	prespecified_C_0.5_QK_quantum_0.5	0.34294871545311445
repeated_stratified_5x5_internal	rs_01	CNV0_02589	0	prespecified_C_0.5_QK_quantum_0.5	0.37463955846106856
repeated_stratified_5x5_internal	rs_01	CNV0_02594	0	prespecified_C_0.5_QK_quantum_0.5	0.3773593237197027
repeated_stratified_5x5_internal	rs_01	CNV0_02655	0	prespecified_C_0.5_QK_quantum_0.5	0.4407878528859886
repeated_stratified_5x5_internal	rs_01	CNV0_02712	1	prespecified_C_0.5_QK_quantum_0.5	0.5703505649321898
repeated_stratified_5x5_internal	rs_01	CNV0_02396	1	nested_learned_gate_C_QK_structure	0.27262878041581895
repeated_stratified_5x5_internal	rs_01	CNV0_02415	0	nested_learned_gate_C_QK_structure	0.3339867553126913
repeated_stratified_5x5_internal	rs_01	CNV0_02442	1	nested_learned_gate_C_QK_structure	0.5213907456308942
repeated_stratified_5x5_internal	rs_01	CNV0_02452	1	nested_learned_gate_C_QK_structure	0.624585785980464
repeated_stratified_5x5_internal	rs_01	CNV0_02512	0	nested_learned_gate_C_QK_structure	0.3345900139175255
repeated_stratified_5x5_internal	rs_01	CNV0_02515	0	nested_learned_gate_C_QK_structure	0.4941169070834375
repeated_stratified_5x5_internal	rs_01	CNV0_02517	0	nested_learned_gate_C_QK_structure	0.413211956270747
repeated_stratified_5x5_internal	rs_01	CNV0_02537	0	nested_learned_gate_C_QK_structure	0.2222236581008649
repeated_stratified_5x5_internal	rs_01	CNV0_02559	0	nested_learned_gate_C_QK_structure	0.4813519683625641
repeated_stratified_5x5_internal	rs_01	CNV0_02561	0	nested_learned_gate_C_QK_structure	0.2951442795112548
repeated_stratified_5x5_internal	rs_01	CNV0_02567	0	nested_learned_gate_C_QK_structure	0.3835472159677641
repeated_stratified_5x5_internal	rs_01	CNV0_02582	0	nested_learned_gate_C_QK_structure	0.4690321294119201
repeated_stratified_5x5_internal	rs_01	CNV0_02583	0	nested_learned_gate_C_QK_structure	0.23585394931829928
repeated_stratified_5x5_internal	rs_01	CNV0_02587	0	nested_learned_gate_C_QK_structure	0.3523915009422829
repeated_stratified_5x5_internal	rs_01	CNV0_02589	0	nested_learned_gate_C_QK_structure	0.3340233284463444
repeated_stratified_5x5_internal	rs_01	CNV0_02594	0	nested_learned_gate_C_QK_structure	0.20560736416182052
repeated_stratified_5x5_internal	rs_01	CNV0_02655	0	nested_learned_gate_C_QK_structure	0.40244002521296585
repeated_stratified_5x5_internal	rs_01	CNV0_02712	1	nested_learned_gate_C_QK_structure	0.4525377404396495
repeated_stratified_5x5_internal	rs_01	CNV0_02396	1	stacked_calibrated_meta_model_lowdim_only	0.4141132253141568
repeated_stratified_5x5_internal	rs_01	CNV0_02415	0	stacked_calibrated_meta_model_lowdim_only	0.399672041479857
repeated_stratified_5x5_internal	rs_01	CNV0_02442	1	stacked_calibrated_meta_model_lowdim_only	0.7612577034944699
repeated_stratified_5x5_internal	rs_01	CNV0_02452	1	stacked_calibrated_meta_model_lowdim_only	0.3798327841079986
repeated_stratified_5x5_internal	rs_01	CNV0_02512	0	stacked_calibrated_meta_model_lowdim_only	0.44458851337663907
repeated_stratified_5x5_internal	rs_01	CNV0_02515	0	stacked_calibrated_meta_model_lowdim_only	0.4277485828260218
repeated_stratified_5x5_internal	rs_01	CNV0_02517	0	stacked_calibrated_meta_model_lowdim_only	0.4302598212387242
repeated_stratified_5x5_internal	rs_01	CNV0_02537	0	stacked_calibrated_meta_model_lowdim_only	0.4634967789253462
repeated_stratified_5x5_internal	rs_01	CNV0_02559	0	stacked_calibrated_meta_model_lowdim_only	0.42319520246192005
repeated_stratified_5x5_internal	rs_01	CNV0_02561	0	stacked_calibrated_meta_model_lowdim_only	0.4154801526805444
repeated_stratified_5x5_internal	rs_01	CNV0_02567	0	stacked_calibrated_meta_model_lowdim_only	0.444939357771799
repeated_stratified_5x5_internal	rs_01	CNV0_02582	0	stacked_calibrated_meta_model_lowdim_only	0.4120696881381622
repeated_stratified_5x5_internal	rs_01	CNV0_02583	0	stacked_calibrated_meta_model_lowdim_only	0.4128574521659159
repeated_stratified_5x5_internal	rs_01	CNV0_02587	0	stacked_calibrated_meta_model_lowdim_only	0.42269664639778615
repeated_stratified_5x5_internal	rs_01	CNV0_02589	0	stacked_calibrated_meta_model_lowdim_only	0.39989517801303837
repeated_stratified_5x5_internal	rs_01	CNV0_02594	0	stacked_calibrated_meta_model_lowdim_only	0.4388655137511551
repeated_stratified_5x5_internal	rs_01	CNV0_02655	0	stacked_calibrated_meta_model_lowdim_only	0.384201917906067
repeated_stratified_5x5_internal	rs_01	CNV0_02712	1	stacked_calibrated_meta_model_lowdim_only	0.7581774181236938
repeated_stratified_5x5_internal	rs_01	CNV0_02396	1	rule_gated_C_QK_structure	0.32057000025496224
repeated_stratified_5x5_internal	rs_01	CNV0_02415	0	rule_gated_C_QK_structure	0.33291000290662365
repeated_stratified_5x5_internal	rs_01	CNV0_02442	1	rule_gated_C_QK_structure	0.5101882092911395
repeated_stratified_5x5_internal	rs_01	CNV0_02452	1	rule_gated_C_QK_structure	0.645988359813046
repeated_stratified_5x5_internal	rs_01	CNV0_02512	0	rule_gated_C_QK_structure	0.35403248823204614
repeated_stratified_5x5_internal	rs_01	CNV0_02515	0	rule_gated_C_QK_structure	0.5328720810408427
repeated_stratified_5x5_internal	rs_01	CNV0_02517	0	rule_gated_C_QK_structure	0.4767671814495199
repeated_stratified_5x5_internal	rs_01	CNV0_02537	0	rule_gated_C_QK_structure	0.27299477730463034
repeated_stratified_5x5_internal	rs_01	CNV0_02559	0	rule_gated_C_QK_structure	0.4757971263732125
repeated_stratified_5x5_internal	rs_01	CNV0_02561	0	rule_gated_C_QK_structure	0.3395388170098435
repeated_stratified_5x5_internal	rs_01	CNV0_02567	0	rule_gated_C_QK_structure	0.44924850726509863
repeated_stratified_5x5_internal	rs_01	CNV0_02582	0	rule_gated_C_QK_structure	0.4694581854764485
repeated_stratified_5x5_internal	rs_01	CNV0_02583	0	rule_gated_C_QK_structure	0.2148842943599492
repeated_stratified_5x5_internal	rs_01	CNV0_02587	0	rule_gated_C_QK_structure	0.38865942590379426
repeated_stratified_5x5_internal	rs_01	CNV0_02589	0	rule_gated_C_QK_structure	0.3423597190559897
repeated_stratified_5x5_internal	rs_01	CNV0_02594	0	rule_gated_C_QK_structure	0.2198857311922071
repeated_stratified_5x5_internal	rs_01	CNV0_02655	0	rule_gated_C_QK_structure	0.39555394271051747
repeated_stratified_5x5_internal	rs_01	CNV0_02712	1	rule_gated_C_QK_structure	0.44423066094962527
repeated_stratified_5x5_internal	rs_02	CNV0_02398	1	prespecified_equal_weight_C_QK_no_anchor	0.4400210698971834
repeated_stratified_5x5_internal	rs_02	CNV0_02401	0	prespecified_equal_weight_C_QK_no_anchor	0.4645544002819727
repeated_stratified_5x5_internal	rs_02	CNV0_02416	0	prespecified_equal_weight_C_QK_no_anchor	0.41869712997996605
repeated_stratified_5x5_internal	rs_02	CNV0_02418	0	prespecified_equal_weight_C_QK_no_anchor	0.3855088814595087
repeated_stratified_5x5_internal	rs_02	CNV0_02419	0	prespecified_equal_weight_C_QK_no_anchor	0.44712703377848784
repeated_stratified_5x5_internal	rs_02	CNV0_02421	0	prespecified_equal_weight_C_QK_no_anchor	0.5401386555637007
repeated_stratified_5x5_internal	rs_02	CNV0_02424	1	prespecified_equal_weight_C_QK_no_anchor	0.5442096050327607
repeated_stratified_5x5_internal	rs_02	CNV0_02511	1	prespecified_equal_weight_C_QK_no_anchor	0.5605626845363187
repeated_stratified_5x5_internal	rs_02	CNV0_02538	0	prespecified_equal_weight_C_QK_no_anchor	0.34859571722203786
repeated_stratified_5x5_internal	rs_02	CNV0_02565	0	prespecified_equal_weight_C_QK_no_anchor	0.5229013977447345
repeated_stratified_5x5_internal	rs_02	CNV0_02574	0	prespecified_equal_weight_C_QK_no_anchor	0.43908322009867146
repeated_stratified_5x5_internal	rs_02	CNV0_02577	0	prespecified_equal_weight_C_QK_no_anchor	0.3101606482720592
repeated_stratified_5x5_internal	rs_02	CNV0_02578	0	prespecified_equal_weight_C_QK_no_anchor	0.242140812079767
repeated_stratified_5x5_internal	rs_02	CNV0_02584	0	prespecified_equal_weight_C_QK_no_anchor	0.22841186193529572
repeated_stratified_5x5_internal	rs_02	CNV0_02585	0	prespecified_equal_weight_C_QK_no_anchor	0.36970016358596647
repeated_stratified_5x5_internal	rs_02	CNV0_02681	0	prespecified_equal_weight_C_QK_no_anchor	0.5098623056264688
repeated_stratified_5x5_internal	rs_02	CNV0_02685	0	prespecified_equal_weight_C_QK_no_anchor	0.5269536445980457
repeated_stratified_5x5_internal	rs_02	CNV0_02709	1	prespecified_equal_weight_C_QK_no_anchor	0.3423192674832303
repeated_stratified_5x5_internal	rs_02	CNV0_02398	1	prespecified_C_0.5_QK_quantum_0.5	0.4514759349806614
repeated_stratified_5x5_internal	rs_02	CNV0_02401	0	prespecified_C_0.5_QK_quantum_0.5	0.3202174286760906
repeated_stratified_5x5_internal	rs_02	CNV0_02416	0	prespecified_C_0.5_QK_quantum_0.5	0.3835179461651702
repeated_stratified_5x5_internal	rs_02	CNV0_02418	0	prespecified_C_0.5_QK_quantum_0.5	0.27553463740316164
repeated_stratified_5x5_internal	rs_02	CNV0_02419	0	prespecified_C_0.5_QK_quantum_0.5	0.42716281819720126
repeated_stratified_5x5_internal	rs_02	CNV0_02421	0	prespecified_C_0.5_QK_quantum_0.5	0.39958010246732856
repeated_stratified_5x5_internal	rs_02	CNV0_02424	1	prespecified_C_0.5_QK_quantum_0.5	0.6220842843704504
repeated_stratified_5x5_internal	rs_02	CNV0_02511	1	prespecified_C_0.5_QK_quantum_0.5	0.2333956287732073
repeated_stratified_5x5_internal	rs_02	CNV0_02538	0	prespecified_C_0.5_QK_quantum_0.5	0.5441023395119547
repeated_stratified_5x5_internal	rs_02	CNV0_02565	0	prespecified_C_0.5_QK_quantum_0.5	0.46759039797801366
repeated_stratified_5x5_internal	rs_02	CNV0_02574	0	prespecified_C_0.5_QK_quantum_0.5	0.3294032180981542
repeated_stratified_5x5_internal	rs_02	CNV0_02577	0	prespecified_C_0.5_QK_quantum_0.5	0.26367477036514697
repeated_stratified_5x5_internal	rs_02	CNV0_02578	0	prespecified_C_0.5_QK_quantum_0.5	0.2889200174187591
repeated_stratified_5x5_internal	rs_02	CNV0_02584	0	prespecified_C_0.5_QK_quantum_0.5	0.2842410557441042
repeated_stratified_5x5_internal	rs_02	CNV0_02585	0	prespecified_C_0.5_QK_quantum_0.5	0.38482993205919175
repeated_stratified_5x5_internal	rs_02	CNV0_02681	0	prespecified_C_0.5_QK_quantum_0.5	0.3374924188898743
repeated_stratified_5x5_internal	rs_02	CNV0_02685	0	prespecified_C_0.5_QK_quantum_0.5	0.4062721171825858
repeated_stratified_5x5_internal	rs_02	CNV0_02709	1	prespecified_C_0.5_QK_quantum_0.5	0.5348584793686812
repeated_stratified_5x5_internal	rs_02	CNV0_02398	1	nested_learned_gate_C_QK_structure	0.42775736701094524
repeated_stratified_5x5_internal	rs_02	CNV0_02401	0	nested_learned_gate_C_QK_structure	0.484231701644644
repeated_stratified_5x5_internal	rs_02	CNV0_02416	0	nested_learned_gate_C_QK_structure	0.44286025721294886
repeated_stratified_5x5_internal	rs_02	CNV0_02418	0	nested_learned_gate_C_QK_structure	0.37213651637332723
repeated_stratified_5x5_internal	rs_02	CNV0_02419	0	nested_learned_gate_C_QK_structure	0.46353884695149905
repeated_stratified_5x5_internal	rs_02	CNV0_02421	0	nested_learned_gate_C_QK_structure	0.5475701076880892
repeated_stratified_5x5_internal	rs_02	CNV0_02424	1	nested_learned_gate_C_QK_structure	0.5458024320671168
repeated_stratified_5x5_internal	rs_02	CNV0_02511	1	nested_learned_gate_C_QK_structure	0.4732870198597408
repeated_stratified_5x5_internal	rs_02	CNV0_02538	0	nested_learned_gate_C_QK_structure	0.32587668891763555
repeated_stratified_5x5_internal	rs_02	CNV0_02565	0	nested_learned_gate_C_QK_structure	0.5177570194696104
repeated_stratified_5x5_internal	rs_02	CNV0_02574	0	nested_learned_gate_C_QK_structure	0.3811157711185762
repeated_stratified_5x5_internal	rs_02	CNV0_02577	0	nested_learned_gate_C_QK_structure	0.3064294410132187
repeated_stratified_5x5_internal	rs_02	CNV0_02578	0	nested_learned_gate_C_QK_structure	0.2613115152898888
repeated_stratified_5x5_internal	rs_02	CNV0_02584	0	nested_learned_gate_C_QK_structure	0.23552016306991813
repeated_stratified_5x5_internal	rs_02	CNV0_02585	0	nested_learned_gate_C_QK_structure	0.3170407661876733
repeated_stratified_5x5_internal	rs_02	CNV0_02681	0	nested_learned_gate_C_QK_structure	0.4410525707613847
repeated_stratified_5x5_internal	rs_02	CNV0_02685	0	nested_learned_gate_C_QK_structure	0.48287724956030664
repeated_stratified_5x5_internal	rs_02	CNV0_02709	1	nested_learned_gate_C_QK_structure	0.3815146389983459
repeated_stratified_5x5_internal	rs_02	CNV0_02398	1	stacked_calibrated_meta_model_lowdim_only	0.4301927409085549
repeated_stratified_5x5_internal	rs_02	CNV0_02401	0	stacked_calibrated_meta_model_lowdim_only	0.5884751300040867
repeated_stratified_5x5_internal	rs_02	CNV0_02416	0	stacked_calibrated_meta_model_lowdim_only	0.42739250828872877
repeated_stratified_5x5_internal	rs_02	CNV0_02418	0	stacked_calibrated_meta_model_lowdim_only	0.40574751915041896
repeated_stratified_5x5_internal	rs_02	CNV0_02419	0	stacked_calibrated_meta_model_lowdim_only	0.4417050837682143
repeated_stratified_5x5_internal	rs_02	CNV0_02421	0	stacked_calibrated_meta_model_lowdim_only	0.4386809294947011
repeated_stratified_5x5_internal	rs_02	CNV0_02424	1	stacked_calibrated_meta_model_lowdim_only	0.4632511057504025
repeated_stratified_5x5_internal	rs_02	CNV0_02511	1	stacked_calibrated_meta_model_lowdim_only	0.5284594672331567
repeated_stratified_5x5_internal	rs_02	CNV0_02538	0	stacked_calibrated_meta_model_lowdim_only	0.43435046601007055
repeated_stratified_5x5_internal	rs_02	CNV0_02565	0	stacked_calibrated_meta_model_lowdim_only	0.4589824166731035
repeated_stratified_5x5_internal	rs_02	CNV0_02574	0	stacked_calibrated_meta_model_lowdim_only	0.3884475798817153
repeated_stratified_5x5_internal	rs_02	CNV0_02577	0	stacked_calibrated_meta_model_lowdim_only	0.38682576747933345
repeated_stratified_5x5_internal	rs_02	CNV0_02578	0	stacked_calibrated_meta_model_lowdim_only	0.3799044083999519
repeated_stratified_5x5_internal	rs_02	CNV0_02584	0	stacked_calibrated_meta_model_lowdim_only	0.3741016427449701
repeated_stratified_5x5_internal	rs_02	CNV0_02585	0	stacked_calibrated_meta_model_lowdim_only	0.41262290968118
repeated_stratified_5x5_internal	rs_02	CNV0_02681	0	stacked_calibrated_meta_model_lowdim_only	0.5643140541045116
repeated_stratified_5x5_internal	rs_02	CNV0_02685	0	stacked_calibrated_meta_model_lowdim_only	0.5896989122436627
repeated_stratified_5x5_internal	rs_02	CNV0_02709	1	stacked_calibrated_meta_model_lowdim_only	0.4337910690265602
repeated_stratified_5x5_internal	rs_02	CNV0_02398	1	rule_gated_C_QK_structure	0.42980983920671023
repeated_stratified_5x5_internal	rs_02	CNV0_02401	0	rule_gated_C_QK_structure	0.4381029808790814
repeated_stratified_5x5_internal	rs_02	CNV0_02416	0	rule_gated_C_QK_structure	0.3969029830126987
repeated_stratified_5x5_internal	rs_02	CNV0_02418	0	rule_gated_C_QK_structure	0.3565089226520775
repeated_stratified_5x5_internal	rs_02	CNV0_02419	0	rule_gated_C_QK_structure	0.4322493641089757
repeated_stratified_5x5_internal	rs_02	CNV0_02421	0	rule_gated_C_QK_structure	0.4804297392615199
repeated_stratified_5x5_internal	rs_02	CNV0_02424	1	rule_gated_C_QK_structure	0.5277326063341713
repeated_stratified_5x5_internal	rs_02	CNV0_02511	1	rule_gated_C_QK_structure	0.468865048787668
repeated_stratified_5x5_internal	rs_02	CNV0_02538	0	rule_gated_C_QK_structure	0.38849838200006137
repeated_stratified_5x5_internal	rs_02	CNV0_02565	0	rule_gated_C_QK_structure	0.5025611153605729
repeated_stratified_5x5_internal	rs_02	CNV0_02574	0	rule_gated_C_QK_structure	0.3854037203918853
repeated_stratified_5x5_internal	rs_02	CNV0_02577	0	rule_gated_C_QK_structure	0.29716777556315593
repeated_stratified_5x5_internal	rs_02	CNV0_02578	0	rule_gated_C_QK_structure	0.2504044820248341
repeated_stratified_5x5_internal	rs_02	CNV0_02584	0	rule_gated_C_QK_structure	0.23663901298254436
repeated_stratified_5x5_internal	rs_02	CNV0_02585	0	rule_gated_C_QK_structure	0.37915013237276357
repeated_stratified_5x5_internal	rs_02	CNV0_02681	0	rule_gated_C_QK_structure	0.46071564666203074
repeated_stratified_5x5_internal	rs_02	CNV0_02685	0	rule_gated_C_QK_structure	0.5028601791309475
repeated_stratified_5x5_internal	rs_02	CNV0_02709	1	rule_gated_C_QK_structure	0.3671448700598254
repeated_stratified_5x5_internal	rs_03	CNV0_02405	1	prespecified_equal_weight_C_QK_no_anchor	0.378770774043371
repeated_stratified_5x5_internal	rs_03	CNV0_02411	0	prespecified_equal_weight_C_QK_no_anchor	0.5036820669047872
repeated_stratified_5x5_internal	rs_03	CNV0_02412	0	prespecified_equal_weight_C_QK_no_anchor	0.31392217491045965
repeated_stratified_5x5_internal	rs_03	CNV0_02450	1	prespecified_equal_weight_C_QK_no_anchor	0.6649954595969965
repeated_stratified_5x5_internal	rs_03	CNV0_02453	0	prespecified_equal_weight_C_QK_no_anchor	0.5948228577451027
repeated_stratified_5x5_internal	rs_03	CNV0_02458	0	prespecified_equal_weight_C_QK_no_anchor	0.6405496308300804
repeated_stratified_5x5_internal	rs_03	CNV0_02510	1	prespecified_equal_weight_C_QK_no_anchor	0.5326092162725884
repeated_stratified_5x5_internal	rs_03	CNV0_02514	0	prespecified_equal_weight_C_QK_no_anchor	0.4594343211365875
repeated_stratified_5x5_internal	rs_03	CNV0_02536	0	prespecified_equal_weight_C_QK_no_anchor	0.3892516967313855
repeated_stratified_5x5_internal	rs_03	CNV0_02543	0	prespecified_equal_weight_C_QK_no_anchor	0.6251888526109206
repeated_stratified_5x5_internal	rs_03	CNV0_02550	0	prespecified_equal_weight_C_QK_no_anchor	0.5142518175398907
repeated_stratified_5x5_internal	rs_03	CNV0_02563	0	prespecified_equal_weight_C_QK_no_anchor	0.18117712857253834
repeated_stratified_5x5_internal	rs_03	CNV0_02569	0	prespecified_equal_weight_C_QK_no_anchor	0.3977685323082184
repeated_stratified_5x5_internal	rs_03	CNV0_02572	0	prespecified_equal_weight_C_QK_no_anchor	0.6094227726488995
repeated_stratified_5x5_internal	rs_03	CNV0_02579	0	prespecified_equal_weight_C_QK_no_anchor	0.37340836682378875
repeated_stratified_5x5_internal	rs_03	CNV0_02591	0	prespecified_equal_weight_C_QK_no_anchor	0.24861552843250667
repeated_stratified_5x5_internal	rs_03	CNV0_02592	0	prespecified_equal_weight_C_QK_no_anchor	0.4958146322855017
repeated_stratified_5x5_internal	rs_03	CNV0_02710	1	prespecified_equal_weight_C_QK_no_anchor	0.427017547690557
repeated_stratified_5x5_internal	rs_03	CNV0_02405	1	prespecified_C_0.5_QK_quantum_0.5	0.3015497895869048
repeated_stratified_5x5_internal	rs_03	CNV0_02411	0	prespecified_C_0.5_QK_quantum_0.5	0.6542891279027432
repeated_stratified_5x5_internal	rs_03	CNV0_02412	0	prespecified_C_0.5_QK_quantum_0.5	0.33042646302144507
repeated_stratified_5x5_internal	rs_03	CNV0_02450	1	prespecified_C_0.5_QK_quantum_0.5	0.5785169858317905
repeated_stratified_5x5_internal	rs_03	CNV0_02453	0	prespecified_C_0.5_QK_quantum_0.5	0.584096054489288
repeated_stratified_5x5_internal	rs_03	CNV0_02458	0	prespecified_C_0.5_QK_quantum_0.5	0.50999376713105
repeated_stratified_5x5_internal	rs_03	CNV0_02510	1	prespecified_C_0.5_QK_quantum_0.5	0.5167429794158203
repeated_stratified_5x5_internal	rs_03	CNV0_02514	0	prespecified_C_0.5_QK_quantum_0.5	0.4309748129665868
repeated_stratified_5x5_internal	rs_03	CNV0_02536	0	prespecified_C_0.5_QK_quantum_0.5	0.4102128987109384
repeated_stratified_5x5_internal	rs_03	CNV0_02543	0	prespecified_C_0.5_QK_quantum_0.5	0.4867944151482084
repeated_stratified_5x5_internal	rs_03	CNV0_02550	0	prespecified_C_0.5_QK_quantum_0.5	0.6603702518088587
repeated_stratified_5x5_internal	rs_03	CNV0_02563	0	prespecified_C_0.5_QK_quantum_0.5	0.18892549594668534
repeated_stratified_5x5_internal	rs_03	CNV0_02569	0	prespecified_C_0.5_QK_quantum_0.5	0.5444910113051127
repeated_stratified_5x5_internal	rs_03	CNV0_02572	0	prespecified_C_0.5_QK_quantum_0.5	0.6805947049586702
repeated_stratified_5x5_internal	rs_03	CNV0_02579	0	prespecified_C_0.5_QK_quantum_0.5	0.396961671675603
repeated_stratified_5x5_internal	rs_03	CNV0_02591	0	prespecified_C_0.5_QK_quantum_0.5	0.21238176049726215
repeated_stratified_5x5_internal	rs_03	CNV0_02592	0	prespecified_C_0.5_QK_quantum_0.5	0.47165646813751877
repeated_stratified_5x5_internal	rs_03	CNV0_02710	1	prespecified_C_0.5_QK_quantum_0.5	0.48276404921361893
repeated_stratified_5x5_internal	rs_03	CNV0_02405	1	nested_learned_gate_C_QK_structure	0.3015497895869048
repeated_stratified_5x5_internal	rs_03	CNV0_02411	0	nested_learned_gate_C_QK_structure	0.6542891279027432
repeated_stratified_5x5_internal	rs_03	CNV0_02412	0	nested_learned_gate_C_QK_structure	0.33042646302144507
repeated_stratified_5x5_internal	rs_03	CNV0_02450	1	nested_learned_gate_C_QK_structure	0.5785169858317905
repeated_stratified_5x5_internal	rs_03	CNV0_02453	0	nested_learned_gate_C_QK_structure	0.584096054489288
repeated_stratified_5x5_internal	rs_03	CNV0_02458	0	nested_learned_gate_C_QK_structure	0.50999376713105
repeated_stratified_5x5_internal	rs_03	CNV0_02510	1	nested_learned_gate_C_QK_structure	0.5167429794158203
repeated_stratified_5x5_internal	rs_03	CNV0_02514	0	nested_learned_gate_C_QK_structure	0.4309748129665868
repeated_stratified_5x5_internal	rs_03	CNV0_02536	0	nested_learned_gate_C_QK_structure	0.4102128987109384
repeated_stratified_5x5_internal	rs_03	CNV0_02543	0	nested_learned_gate_C_QK_structure	0.4867944151482084
repeated_stratified_5x5_internal	rs_03	CNV0_02550	0	nested_learned_gate_C_QK_structure	0.6603702518088587
repeated_stratified_5x5_internal	rs_03	CNV0_02563	0	nested_learned_gate_C_QK_structure	0.18892549594668534
repeated_stratified_5x5_internal	rs_03	CNV0_02569	0	nested_learned_gate_C_QK_structure	0.5444910113051127
repeated_stratified_5x5_internal	rs_03	CNV0_02572	0	nested_learned_gate_C_QK_structure	0.6805947049586702
repeated_stratified_5x5_internal	rs_03	CNV0_02579	0	nested_learned_gate_C_QK_structure	0.396961671675603
repeated_stratified_5x5_internal	rs_03	CNV0_02591	0	nested_learned_gate_C_QK_structure	0.21238176049726215
repeated_stratified_5x5_internal	rs_03	CNV0_02592	0	nested_learned_gate_C_QK_structure	0.47165646813751877
repeated_stratified_5x5_internal	rs_03	CNV0_02710	1	nested_learned_gate_C_QK_structure	0.48276404921361893
repeated_stratified_5x5_internal	rs_03	CNV0_02405	1	stacked_calibrated_meta_model_lowdim_only	0.35211103864322724
repeated_stratified_5x5_internal	rs_03	CNV0_02411	0	stacked_calibrated_meta_model_lowdim_only	0.5525623099176074
repeated_stratified_5x5_internal	rs_03	CNV0_02412	0	stacked_calibrated_meta_model_lowdim_only	0.3033595502882191
repeated_stratified_5x5_internal	rs_03	CNV0_02450	1	stacked_calibrated_meta_model_lowdim_only	0.7428501910382099
repeated_stratified_5x5_internal	rs_03	CNV0_02453	0	stacked_calibrated_meta_model_lowdim_only	0.676665793307782
repeated_stratified_5x5_internal	rs_03	CNV0_02458	0	stacked_calibrated_meta_model_lowdim_only	0.48041220893643216
repeated_stratified_5x5_internal	rs_03	CNV0_02510	1	stacked_calibrated_meta_model_lowdim_only	0.514846694235712
repeated_stratified_5x5_internal	rs_03	CNV0_02514	0	stacked_calibrated_meta_model_lowdim_only	0.5031075291552242
repeated_stratified_5x5_internal	rs_03	CNV0_02536	0	stacked_calibrated_meta_model_lowdim_only	0.41783745190323845
repeated_stratified_5x5_internal	rs_03	CNV0_02543	0	stacked_calibrated_meta_model_lowdim_only	0.5960266210381105
repeated_stratified_5x5_internal	rs_03	CNV0_02550	0	stacked_calibrated_meta_model_lowdim_only	0.668330931107895
repeated_stratified_5x5_internal	rs_03	CNV0_02563	0	stacked_calibrated_meta_model_lowdim_only	0.28928021819927413
repeated_stratified_5x5_internal	rs_03	CNV0_02569	0	stacked_calibrated_meta_model_lowdim_only	0.5050114600497188
repeated_stratified_5x5_internal	rs_03	CNV0_02572	0	stacked_calibrated_meta_model_lowdim_only	0.5958274756634977
repeated_stratified_5x5_internal	rs_03	CNV0_02579	0	stacked_calibrated_meta_model_lowdim_only	0.4271330661003204
repeated_stratified_5x5_internal	rs_03	CNV0_02591	0	stacked_calibrated_meta_model_lowdim_only	0.3082529733430353
repeated_stratified_5x5_internal	rs_03	CNV0_02592	0	stacked_calibrated_meta_model_lowdim_only	0.4485329534697864
repeated_stratified_5x5_internal	rs_03	CNV0_02710	1	stacked_calibrated_meta_model_lowdim_only	0.4300294643171154
repeated_stratified_5x5_internal	rs_03	CNV0_02405	1	rule_gated_C_QK_structure	0.35843726880423
repeated_stratified_5x5_internal	rs_03	CNV0_02411	0	rule_gated_C_QK_structure	0.5158894455161122
repeated_stratified_5x5_internal	rs_03	CNV0_02412	0	rule_gated_C_QK_structure	0.321368122546543
repeated_stratified_5x5_internal	rs_03	CNV0_02450	1	rule_gated_C_QK_structure	0.6340796099696446
repeated_stratified_5x5_internal	rs_03	CNV0_02453	0	rule_gated_C_QK_structure	0.5685370290401172
repeated_stratified_5x5_internal	rs_03	CNV0_02458	0	rule_gated_C_QK_structure	0.5855275719357105
repeated_stratified_5x5_internal	rs_03	CNV0_02510	1	rule_gated_C_QK_structure	0.5072929015651477
repeated_stratified_5x5_internal	rs_03	CNV0_02514	0	rule_gated_C_QK_structure	0.43601096735339645
repeated_stratified_5x5_internal	rs_03	CNV0_02536	0	rule_gated_C_QK_structure	0.383898179042095
repeated_stratified_5x5_internal	rs_03	CNV0_02543	0	rule_gated_C_QK_structure	0.5555472468514493
repeated_stratified_5x5_internal	rs_03	CNV0_02550	0	rule_gated_C_QK_structure	0.5148917801855041
repeated_stratified_5x5_internal	rs_03	CNV0_02563	0	rule_gated_C_QK_structure	0.18605908697159013
repeated_stratified_5x5_internal	rs_03	CNV0_02569	0	rule_gated_C_QK_structure	0.4097275585613641
repeated_stratified_5x5_internal	rs_03	CNV0_02572	0	rule_gated_C_QK_structure	0.5895145924205305
repeated_stratified_5x5_internal	rs_03	CNV0_02579	0	rule_gated_C_QK_structure	0.37647227442274056
repeated_stratified_5x5_internal	rs_03	CNV0_02591	0	rule_gated_C_QK_structure	0.2319789213199844
repeated_stratified_5x5_internal	rs_03	CNV0_02592	0	rule_gated_C_QK_structure	0.46583254523039785
repeated_stratified_5x5_internal	rs_03	CNV0_02710	1	rule_gated_C_QK_structure	0.415461091400306
repeated_stratified_5x5_internal	rs_04	CNV0_02413	0	prespecified_equal_weight_C_QK_no_anchor	0.44856423008242385
repeated_stratified_5x5_internal	rs_04	CNV0_02414	0	prespecified_equal_weight_C_QK_no_anchor	0.4812685903146282
repeated_stratified_5x5_internal	rs_04	CNV0_02448	1	prespecified_equal_weight_C_QK_no_anchor	0.5064434649543502
repeated_stratified_5x5_internal	rs_04	CNV0_02460	1	prespecified_equal_weight_C_QK_no_anchor	0.4951728313273935
repeated_stratified_5x5_internal	rs_04	CNV0_02520	0	prespecified_equal_weight_C_QK_no_anchor	0.3139445692686356
repeated_stratified_5x5_internal	rs_04	CNV0_02553	0	prespecified_equal_weight_C_QK_no_anchor	0.3784148555185255
repeated_stratified_5x5_internal	rs_04	CNV0_02556	0	prespecified_equal_weight_C_QK_no_anchor	0.49980971288836257
repeated_stratified_5x5_internal	rs_04	CNV0_02562	0	prespecified_equal_weight_C_QK_no_anchor	0.41312820708155584
repeated_stratified_5x5_internal	rs_04	CNV0_02570	0	prespecified_equal_weight_C_QK_no_anchor	0.27775854143237333
repeated_stratified_5x5_internal	rs_04	CNV0_02571	0	prespecified_equal_weight_C_QK_no_anchor	0.21310175980841548
repeated_stratified_5x5_internal	rs_04	CNV0_02575	0	prespecified_equal_weight_C_QK_no_anchor	0.4592963720607959
repeated_stratified_5x5_internal	rs_04	CNV0_02586	0	prespecified_equal_weight_C_QK_no_anchor	0.4530083634023384
repeated_stratified_5x5_internal	rs_04	CNV0_02590	0	prespecified_equal_weight_C_QK_no_anchor	0.35381448732135645
repeated_stratified_5x5_internal	rs_04	CNV0_02593	0	prespecified_equal_weight_C_QK_no_anchor	0.40579633883696614
repeated_stratified_5x5_internal	rs_04	CNV0_02660	0	prespecified_equal_weight_C_QK_no_anchor	0.2778504920365936
repeated_stratified_5x5_internal	rs_04	CNV0_02708	1	prespecified_equal_weight_C_QK_no_anchor	0.5757225770384811
repeated_stratified_5x5_internal	rs_04	CNV0_02713	1	prespecified_equal_weight_C_QK_no_anchor	0.4051735259040803
repeated_stratified_5x5_internal	rs_04	CNV0_02413	0	prespecified_C_0.5_QK_quantum_0.5	0.5226221951859448
repeated_stratified_5x5_internal	rs_04	CNV0_02414	0	prespecified_C_0.5_QK_quantum_0.5	0.6193113639428883
repeated_stratified_5x5_internal	rs_04	CNV0_02448	1	prespecified_C_0.5_QK_quantum_0.5	0.6114583213596037
repeated_stratified_5x5_internal	rs_04	CNV0_02460	1	prespecified_C_0.5_QK_quantum_0.5	0.4677669691925238
repeated_stratified_5x5_internal	rs_04	CNV0_02520	0	prespecified_C_0.5_QK_quantum_0.5	0.2257722733346181
repeated_stratified_5x5_internal	rs_04	CNV0_02553	0	prespecified_C_0.5_QK_quantum_0.5	0.2818999170074401
repeated_stratified_5x5_internal	rs_04	CNV0_02556	0	prespecified_C_0.5_QK_quantum_0.5	0.48390309330073766
repeated_stratified_5x5_internal	rs_04	CNV0_02562	0	prespecified_C_0.5_QK_quantum_0.5	0.36871455918921914
repeated_stratified_5x5_internal	rs_04	CNV0_02570	0	prespecified_C_0.5_QK_quantum_0.5	0.5029421550418371
repeated_stratified_5x5_internal	rs_04	CNV0_02571	0	prespecified_C_0.5_QK_quantum_0.5	0.19416501282409676
repeated_stratified_5x5_internal	rs_04	CNV0_02575	0	prespecified_C_0.5_QK_quantum_0.5	0.4015922364163371
repeated_stratified_5x5_internal	rs_04	CNV0_02586	0	prespecified_C_0.5_QK_quantum_0.5	0.4017086528250846
repeated_stratified_5x5_internal	rs_04	CNV0_02590	0	prespecified_C_0.5_QK_quantum_0.5	0.32734872781647173
repeated_stratified_5x5_internal	rs_04	CNV0_02593	0	prespecified_C_0.5_QK_quantum_0.5	0.3203129398600781
repeated_stratified_5x5_internal	rs_04	CNV0_02660	0	prespecified_C_0.5_QK_quantum_0.5	0.3891603699547091
repeated_stratified_5x5_internal	rs_04	CNV0_02708	1	prespecified_C_0.5_QK_quantum_0.5	0.4310672926755621
repeated_stratified_5x5_internal	rs_04	CNV0_02713	1	prespecified_C_0.5_QK_quantum_0.5	0.20428960356203268
repeated_stratified_5x5_internal	rs_04	CNV0_02413	0	nested_learned_gate_C_QK_structure	0.44830426566005777
repeated_stratified_5x5_internal	rs_04	CNV0_02414	0	nested_learned_gate_C_QK_structure	0.45370237429834037
repeated_stratified_5x5_internal	rs_04	CNV0_02448	1	nested_learned_gate_C_QK_structure	0.4608886502177008
repeated_stratified_5x5_internal	rs_04	CNV0_02460	1	nested_learned_gate_C_QK_structure	0.5335166017600872
repeated_stratified_5x5_internal	rs_04	CNV0_02520	0	nested_learned_gate_C_QK_structure	0.31846606736648037
repeated_stratified_5x5_internal	rs_04	CNV0_02553	0	nested_learned_gate_C_QK_structure	0.3624391229990594
repeated_stratified_5x5_internal	rs_04	CNV0_02556	0	nested_learned_gate_C_QK_structure	0.45914521845868517
repeated_stratified_5x5_internal	rs_04	CNV0_02562	0	nested_learned_gate_C_QK_structure	0.35292505044257577
repeated_stratified_5x5_internal	rs_04	CNV0_02570	0	nested_learned_gate_C_QK_structure	0.25497543592316885
repeated_stratified_5x5_internal	rs_04	CNV0_02571	0	nested_learned_gate_C_QK_structure	0.24208527295531113
repeated_stratified_5x5_internal	rs_04	CNV0_02575	0	nested_learned_gate_C_QK_structure	0.4184282170924626
repeated_stratified_5x5_internal	rs_04	CNV0_02586	0	nested_learned_gate_C_QK_structure	0.37524676495737064
repeated_stratified_5x5_internal	rs_04	CNV0_02590	0	nested_learned_gate_C_QK_structure	0.33140093053914543
repeated_stratified_5x5_internal	rs_04	CNV0_02593	0	nested_learned_gate_C_QK_structure	0.3970725688116758
repeated_stratified_5x5_internal	rs_04	CNV0_02660	0	nested_learned_gate_C_QK_structure	0.31290037135202536
repeated_stratified_5x5_internal	rs_04	CNV0_02708	1	nested_learned_gate_C_QK_structure	0.4850984586776404
repeated_stratified_5x5_internal	rs_04	CNV0_02713	1	nested_learned_gate_C_QK_structure	0.35942526788320667
repeated_stratified_5x5_internal	rs_04	CNV0_02413	0	stacked_calibrated_meta_model_lowdim_only	0.44954073930070776
repeated_stratified_5x5_internal	rs_04	CNV0_02414	0	stacked_calibrated_meta_model_lowdim_only	0.45569568847561476
repeated_stratified_5x5_internal	rs_04	CNV0_02448	1	stacked_calibrated_meta_model_lowdim_only	0.450256747398595
repeated_stratified_5x5_internal	rs_04	CNV0_02460	1	stacked_calibrated_meta_model_lowdim_only	0.45554215838877515
repeated_stratified_5x5_internal	rs_04	CNV0_02520	0	stacked_calibrated_meta_model_lowdim_only	0.5951111255688641
repeated_stratified_5x5_internal	rs_04	CNV0_02553	0	stacked_calibrated_meta_model_lowdim_only	0.4439730329453563
repeated_stratified_5x5_internal	rs_04	CNV0_02556	0	stacked_calibrated_meta_model_lowdim_only	0.5144744169929867
repeated_stratified_5x5_internal	rs_04	CNV0_02562	0	stacked_calibrated_meta_model_lowdim_only	0.4942888365186736
repeated_stratified_5x5_internal	rs_04	CNV0_02570	0	stacked_calibrated_meta_model_lowdim_only	0.4300614002505881
repeated_stratified_5x5_internal	rs_04	CNV0_02571	0	stacked_calibrated_meta_model_lowdim_only	0.44094447819230415
repeated_stratified_5x5_internal	rs_04	CNV0_02575	0	stacked_calibrated_meta_model_lowdim_only	0.4446383956661048
repeated_stratified_5x5_internal	rs_04	CNV0_02586	0	stacked_calibrated_meta_model_lowdim_only	0.4250004262155289
repeated_stratified_5x5_internal	rs_04	CNV0_02590	0	stacked_calibrated_meta_model_lowdim_only	0.420366963141737
repeated_stratified_5x5_internal	rs_04	CNV0_02593	0	stacked_calibrated_meta_model_lowdim_only	0.44278398413315584
repeated_stratified_5x5_internal	rs_04	CNV0_02660	0	stacked_calibrated_meta_model_lowdim_only	0.5381415428160053
repeated_stratified_5x5_internal	rs_04	CNV0_02708	1	stacked_calibrated_meta_model_lowdim_only	0.4417300766806339
repeated_stratified_5x5_internal	rs_04	CNV0_02713	1	stacked_calibrated_meta_model_lowdim_only	0.5202609462234689
repeated_stratified_5x5_internal	rs_04	CNV0_02413	0	rule_gated_C_QK_structure	0.4544449769639744
repeated_stratified_5x5_internal	rs_04	CNV0_02414	0	rule_gated_C_QK_structure	0.4828157086941076
repeated_stratified_5x5_internal	rs_04	CNV0_02448	1	rule_gated_C_QK_structure	0.49916789307789716
repeated_stratified_5x5_internal	rs_04	CNV0_02460	1	rule_gated_C_QK_structure	0.4851928102861277
repeated_stratified_5x5_internal	rs_04	CNV0_02520	0	rule_gated_C_QK_structure	0.2816923581842955
repeated_stratified_5x5_internal	rs_04	CNV0_02553	0	rule_gated_C_QK_structure	0.3347787235845114
repeated_stratified_5x5_internal	rs_04	CNV0_02556	0	rule_gated_C_QK_structure	0.47768588858071787
repeated_stratified_5x5_internal	rs_04	CNV0_02562	0	rule_gated_C_QK_structure	0.39664006626788867
repeated_stratified_5x5_internal	rs_04	CNV0_02570	0	rule_gated_C_QK_structure	0.31820152831293413
repeated_stratified_5x5_internal	rs_04	CNV0_02571	0	rule_gated_C_QK_structure	0.21288327236701216
repeated_stratified_5x5_internal	rs_04	CNV0_02575	0	rule_gated_C_QK_structure	0.4172520430746152
repeated_stratified_5x5_internal	rs_04	CNV0_02586	0	rule_gated_C_QK_structure	0.42125490084567624
repeated_stratified_5x5_internal	rs_04	CNV0_02590	0	rule_gated_C_QK_structure	0.3451990638271416
repeated_stratified_5x5_internal	rs_04	CNV0_02593	0	rule_gated_C_QK_structure	0.3766321512039608
repeated_stratified_5x5_internal	rs_04	CNV0_02660	0	rule_gated_C_QK_structure	0.3047088271968484
repeated_stratified_5x5_internal	rs_04	CNV0_02708	1	rule_gated_C_QK_structure	0.5186567728426973
repeated_stratified_5x5_internal	rs_04	CNV0_02713	1	rule_gated_C_QK_structure	0.3480786106909067
repeated_stratified_5x5_internal	rs_05	CNV0_02398	1	prespecified_equal_weight_C_QK_no_anchor	0.5109635924309753
repeated_stratified_5x5_internal	rs_05	CNV0_02405	1	prespecified_equal_weight_C_QK_no_anchor	0.5822902427161479
repeated_stratified_5x5_internal	rs_05	CNV0_02412	0	prespecified_equal_weight_C_QK_no_anchor	0.31082890240051225
repeated_stratified_5x5_internal	rs_05	CNV0_02442	1	prespecified_equal_weight_C_QK_no_anchor	0.6582042850944145
repeated_stratified_5x5_internal	rs_05	CNV0_02453	0	prespecified_equal_weight_C_QK_no_anchor	0.537613715217715
repeated_stratified_5x5_internal	rs_05	CNV0_02478	1	prespecified_equal_weight_C_QK_no_anchor	0.6552549758600139
repeated_stratified_5x5_internal	rs_05	CNV0_02512	0	prespecified_equal_weight_C_QK_no_anchor	0.35548064988612416
repeated_stratified_5x5_internal	rs_05	CNV0_02518	0	prespecified_equal_weight_C_QK_no_anchor	0.47447958635864995
repeated_stratified_5x5_internal	rs_05	CNV0_02536	0	prespecified_equal_weight_C_QK_no_anchor	0.3578320936513377
repeated_stratified_5x5_internal	rs_05	CNV0_02557	0	prespecified_equal_weight_C_QK_no_anchor	0.44171206749067427
repeated_stratified_5x5_internal	rs_05	CNV0_02564	0	prespecified_equal_weight_C_QK_no_anchor	0.500514523171343
repeated_stratified_5x5_internal	rs_05	CNV0_02569	0	prespecified_equal_weight_C_QK_no_anchor	0.28238639763795514
repeated_stratified_5x5_internal	rs_05	CNV0_02571	0	prespecified_equal_weight_C_QK_no_anchor	0.4828285002615573
repeated_stratified_5x5_internal	rs_05	CNV0_02573	0	prespecified_equal_weight_C_QK_no_anchor	0.46349076217995694
repeated_stratified_5x5_internal	rs_05	CNV0_02578	0	prespecified_equal_weight_C_QK_no_anchor	0.31424959966137955
repeated_stratified_5x5_internal	rs_05	CNV0_02582	0	prespecified_equal_weight_C_QK_no_anchor	0.44137579910418434
repeated_stratified_5x5_internal	rs_05	CNV0_02681	0	prespecified_equal_weight_C_QK_no_anchor	0.4118650274716652
repeated_stratified_5x5_internal	rs_05	CNV0_02708	1	prespecified_equal_weight_C_QK_no_anchor	0.49451055862860904
repeated_stratified_5x5_internal	rs_05	CNV0_02398	1	prespecified_C_0.5_QK_quantum_0.5	0.43408292892759304
repeated_stratified_5x5_internal	rs_05	CNV0_02405	1	prespecified_C_0.5_QK_quantum_0.5	0.38293635647487
repeated_stratified_5x5_internal	rs_05	CNV0_02412	0	prespecified_C_0.5_QK_quantum_0.5	0.37877961846559804
repeated_stratified_5x5_internal	rs_05	CNV0_02442	1	prespecified_C_0.5_QK_quantum_0.5	0.6295780070498057
repeated_stratified_5x5_internal	rs_05	CNV0_02453	0	prespecified_C_0.5_QK_quantum_0.5	0.5539294031475527
repeated_stratified_5x5_internal	rs_05	CNV0_02478	1	prespecified_C_0.5_QK_quantum_0.5	0.5984105043759859
repeated_stratified_5x5_internal	rs_05	CNV0_02512	0	prespecified_C_0.5_QK_quantum_0.5	0.25764789627888784
repeated_stratified_5x5_internal	rs_05	CNV0_02518	0	prespecified_C_0.5_QK_quantum_0.5	0.6108075802669479
repeated_stratified_5x5_internal	rs_05	CNV0_02536	0	prespecified_C_0.5_QK_quantum_0.5	0.33803265939529814
repeated_stratified_5x5_internal	rs_05	CNV0_02557	0	prespecified_C_0.5_QK_quantum_0.5	0.24544540829962636
repeated_stratified_5x5_internal	rs_05	CNV0_02564	0	prespecified_C_0.5_QK_quantum_0.5	0.3894892583906589
repeated_stratified_5x5_internal	rs_05	CNV0_02569	0	prespecified_C_0.5_QK_quantum_0.5	0.16339181953296628
repeated_stratified_5x5_internal	rs_05	CNV0_02571	0	prespecified_C_0.5_QK_quantum_0.5	0.4436172258173294
repeated_stratified_5x5_internal	rs_05	CNV0_02573	0	prespecified_C_0.5_QK_quantum_0.5	0.42952976787549385
repeated_stratified_5x5_internal	rs_05	CNV0_02578	0	prespecified_C_0.5_QK_quantum_0.5	0.3568335102113875
repeated_stratified_5x5_internal	rs_05	CNV0_02582	0	prespecified_C_0.5_QK_quantum_0.5	0.30267348824239065
repeated_stratified_5x5_internal	rs_05	CNV0_02681	0	prespecified_C_0.5_QK_quantum_0.5	0.1607617894540281
repeated_stratified_5x5_internal	rs_05	CNV0_02708	1	prespecified_C_0.5_QK_quantum_0.5	0.5244311175638657
repeated_stratified_5x5_internal	rs_05	CNV0_02398	1	nested_learned_gate_C_QK_structure	0.43408292892759304
repeated_stratified_5x5_internal	rs_05	CNV0_02405	1	nested_learned_gate_C_QK_structure	0.38293635647487
repeated_stratified_5x5_internal	rs_05	CNV0_02412	0	nested_learned_gate_C_QK_structure	0.37877961846559804
repeated_stratified_5x5_internal	rs_05	CNV0_02442	1	nested_learned_gate_C_QK_structure	0.6295780070498057
repeated_stratified_5x5_internal	rs_05	CNV0_02453	0	nested_learned_gate_C_QK_structure	0.5539294031475527
repeated_stratified_5x5_internal	rs_05	CNV0_02478	1	nested_learned_gate_C_QK_structure	0.5984105043759859
repeated_stratified_5x5_internal	rs_05	CNV0_02512	0	nested_learned_gate_C_QK_structure	0.25764789627888784
repeated_stratified_5x5_internal	rs_05	CNV0_02518	0	nested_learned_gate_C_QK_structure	0.6108075802669479
repeated_stratified_5x5_internal	rs_05	CNV0_02536	0	nested_learned_gate_C_QK_structure	0.33803265939529814
repeated_stratified_5x5_internal	rs_05	CNV0_02557	0	nested_learned_gate_C_QK_structure	0.24544540829962636
repeated_stratified_5x5_internal	rs_05	CNV0_02564	0	nested_learned_gate_C_QK_structure	0.3894892583906589
repeated_stratified_5x5_internal	rs_05	CNV0_02569	0	nested_learned_gate_C_QK_structure	0.16339181953296628
repeated_stratified_5x5_internal	rs_05	CNV0_02571	0	nested_learned_gate_C_QK_structure	0.4436172258173294
repeated_stratified_5x5_internal	rs_05	CNV0_02573	0	nested_learned_gate_C_QK_structure	0.42952976787549385
repeated_stratified_5x5_internal	rs_05	CNV0_02578	0	nested_learned_gate_C_QK_structure	0.3568335102113875
repeated_stratified_5x5_internal	rs_05	CNV0_02582	0	nested_learned_gate_C_QK_structure	0.30267348824239065
repeated_stratified_5x5_internal	rs_05	CNV0_02681	0	nested_learned_gate_C_QK_structure	0.1607617894540281
repeated_stratified_5x5_internal	rs_05	CNV0_02708	1	nested_learned_gate_C_QK_structure	0.5244311175638657
repeated_stratified_5x5_internal	rs_05	CNV0_02398	1	stacked_calibrated_meta_model_lowdim_only	0.403233070063678
repeated_stratified_5x5_internal	rs_05	CNV0_02405	1	stacked_calibrated_meta_model_lowdim_only	0.4091723093230679
repeated_stratified_5x5_internal	rs_05	CNV0_02412	0	stacked_calibrated_meta_model_lowdim_only	0.3439685008756711
repeated_stratified_5x5_internal	rs_05	CNV0_02442	1	stacked_calibrated_meta_model_lowdim_only	0.7665707429607479
repeated_stratified_5x5_internal	rs_05	CNV0_02453	0	stacked_calibrated_meta_model_lowdim_only	0.3970273819294217
repeated_stratified_5x5_internal	rs_05	CNV0_02478	1	stacked_calibrated_meta_model_lowdim_only	0.4165745297741021
repeated_stratified_5x5_internal	rs_05	CNV0_02512	0	stacked_calibrated_meta_model_lowdim_only	0.4998543118723537
repeated_stratified_5x5_internal	rs_05	CNV0_02518	0	stacked_calibrated_meta_model_lowdim_only	0.2783826110402068
repeated_stratified_5x5_internal	rs_05	CNV0_02536	0	stacked_calibrated_meta_model_lowdim_only	0.4958800069132077
repeated_stratified_5x5_internal	rs_05	CNV0_02557	0	stacked_calibrated_meta_model_lowdim_only	0.41550244497956107
repeated_stratified_5x5_internal	rs_05	CNV0_02564	0	stacked_calibrated_meta_model_lowdim_only	0.38996194758314223
repeated_stratified_5x5_internal	rs_05	CNV0_02569	0	stacked_calibrated_meta_model_lowdim_only	0.4041789998649967
repeated_stratified_5x5_internal	rs_05	CNV0_02571	0	stacked_calibrated_meta_model_lowdim_only	0.3759248721702198
repeated_stratified_5x5_internal	rs_05	CNV0_02573	0	stacked_calibrated_meta_model_lowdim_only	0.39283526765069443
repeated_stratified_5x5_internal	rs_05	CNV0_02578	0	stacked_calibrated_meta_model_lowdim_only	0.40731400064823015
repeated_stratified_5x5_internal	rs_05	CNV0_02582	0	stacked_calibrated_meta_model_lowdim_only	0.40795993253321133
repeated_stratified_5x5_internal	rs_05	CNV0_02681	0	stacked_calibrated_meta_model_lowdim_only	0.39997777402442714
repeated_stratified_5x5_internal	rs_05	CNV0_02708	1	stacked_calibrated_meta_model_lowdim_only	0.3932443388410762
repeated_stratified_5x5_internal	rs_05	CNV0_02398	1	rule_gated_C_QK_structure	0.4730149496729381
repeated_stratified_5x5_internal	rs_05	CNV0_02405	1	rule_gated_C_QK_structure	0.5167190249859344
repeated_stratified_5x5_internal	rs_05	CNV0_02412	0	rule_gated_C_QK_structure	0.3255701382699515
repeated_stratified_5x5_internal	rs_05	CNV0_02442	1	rule_gated_C_QK_structure	0.6357783362435047
repeated_stratified_5x5_internal	rs_05	CNV0_02453	0	rule_gated_C_QK_structure	0.5219798148786268
repeated_stratified_5x5_internal	rs_05	CNV0_02478	1	rule_gated_C_QK_structure	0.6104361174694123
repeated_stratified_5x5_internal	rs_05	CNV0_02512	0	rule_gated_C_QK_structure	0.34573381353868393
repeated_stratified_5x5_internal	rs_05	CNV0_02518	0	rule_gated_C_QK_structure	0.48358834999244593
repeated_stratified_5x5_internal	rs_05	CNV0_02536	0	rule_gated_C_QK_structure	0.36142388105507517
repeated_stratified_5x5_internal	rs_05	CNV0_02557	0	rule_gated_C_QK_structure	0.3892863429055291
repeated_stratified_5x5_internal	rs_05	CNV0_02564	0	rule_gated_C_QK_structure	0.4512923107887401
repeated_stratified_5x5_internal	rs_05	CNV0_02569	0	rule_gated_C_QK_structure	0.25207527908960764
repeated_stratified_5x5_internal	rs_05	CNV0_02571	0	rule_gated_C_QK_structure	0.4510137338765366
repeated_stratified_5x5_internal	rs_05	CNV0_02573	0	rule_gated_C_QK_structure	0.4363579001644315
repeated_stratified_5x5_internal	rs_05	CNV0_02578	0	rule_gated_C_QK_structure	0.32106477227398805
repeated_stratified_5x5_internal	rs_05	CNV0_02582	0	rule_gated_C_QK_structure	0.4108418748021359
repeated_stratified_5x5_internal	rs_05	CNV0_02681	0	rule_gated_C_QK_structure	0.34679522398745943
repeated_stratified_5x5_internal	rs_05	CNV0_02708	1	rule_gated_C_QK_structure	0.48061951909684564
repeated_stratified_5x5_internal	rs_06	CNV0_02411	0	prespecified_equal_weight_C_QK_no_anchor	0.48170821824834614
repeated_stratified_5x5_internal	rs_06	CNV0_02415	0	prespecified_equal_weight_C_QK_no_anchor	0.29902613080236395
repeated_stratified_5x5_internal	rs_06	CNV0_02419	0	prespecified_equal_weight_C_QK_no_anchor	0.478170429110374
repeated_stratified_5x5_internal	rs_06	CNV0_02450	1	prespecified_equal_weight_C_QK_no_anchor	0.583778563776653
repeated_stratified_5x5_internal	rs_06	CNV0_02452	1	prespecified_equal_weight_C_QK_no_anchor	0.6293247427047788
repeated_stratified_5x5_internal	rs_06	CNV0_02460	1	prespecified_equal_weight_C_QK_no_anchor	0.44776075152898437
repeated_stratified_5x5_internal	rs_06	CNV0_02520	0	prespecified_equal_weight_C_QK_no_anchor	0.27628975209655715
repeated_stratified_5x5_internal	rs_06	CNV0_02537	0	prespecified_equal_weight_C_QK_no_anchor	0.2630337552326348
repeated_stratified_5x5_internal	rs_06	CNV0_02543	0	prespecified_equal_weight_C_QK_no_anchor	0.4055377251272636
repeated_stratified_5x5_internal	rs_06	CNV0_02553	0	prespecified_equal_weight_C_QK_no_anchor	0.3003294249767513
repeated_stratified_5x5_internal	rs_06	CNV0_02565	0	prespecified_equal_weight_C_QK_no_anchor	0.53901178113916
repeated_stratified_5x5_internal	rs_06	CNV0_02577	0	prespecified_equal_weight_C_QK_no_anchor	0.2230258609390836
repeated_stratified_5x5_internal	rs_06	CNV0_02581	0	prespecified_equal_weight_C_QK_no_anchor	0.36372835207659443
repeated_stratified_5x5_internal	rs_06	CNV0_02585	0	prespecified_equal_weight_C_QK_no_anchor	0.38570572402023384
repeated_stratified_5x5_internal	rs_06	CNV0_02587	0	prespecified_equal_weight_C_QK_no_anchor	0.4018792901166688
repeated_stratified_5x5_internal	rs_06	CNV0_02592	0	prespecified_equal_weight_C_QK_no_anchor	0.33709660449757345
repeated_stratified_5x5_internal	rs_06	CNV0_02655	0	prespecified_equal_weight_C_QK_no_anchor	0.3407557537810103
repeated_stratified_5x5_internal	rs_06	CNV0_02709	1	prespecified_equal_weight_C_QK_no_anchor	0.34504693094496713
repeated_stratified_5x5_internal	rs_06	CNV0_02411	0	prespecified_C_0.5_QK_quantum_0.5	0.5881995997367966
repeated_stratified_5x5_internal	rs_06	CNV0_02415	0	prespecified_C_0.5_QK_quantum_0.5	0.4249895002297896
repeated_stratified_5x5_internal	rs_06	CNV0_02419	0	prespecified_C_0.5_QK_quantum_0.5	0.5722741371989137
repeated_stratified_5x5_internal	rs_06	CNV0_02450	1	prespecified_C_0.5_QK_quantum_0.5	0.6691680972921799
repeated_stratified_5x5_internal	rs_06	CNV0_02452	1	prespecified_C_0.5_QK_quantum_0.5	0.6979205897907068
repeated_stratified_5x5_internal	rs_06	CNV0_02460	1	prespecified_C_0.5_QK_quantum_0.5	0.4153386308325957
repeated_stratified_5x5_internal	rs_06	CNV0_02520	0	prespecified_C_0.5_QK_quantum_0.5	0.328204000006287
repeated_stratified_5x5_internal	rs_06	CNV0_02537	0	prespecified_C_0.5_QK_quantum_0.5	0.3741133047457277
repeated_stratified_5x5_internal	rs_06	CNV0_02543	0	prespecified_C_0.5_QK_quantum_0.5	0.4321949888255487
repeated_stratified_5x5_internal	rs_06	CNV0_02553	0	prespecified_C_0.5_QK_quantum_0.5	0.39762488166666843
repeated_stratified_5x5_internal	rs_06	CNV0_02565	0	prespecified_C_0.5_QK_quantum_0.5	0.6224322848921204
repeated_stratified_5x5_internal	rs_06	CNV0_02577	0	prespecified_C_0.5_QK_quantum_0.5	0.2815558864306544
repeated_stratified_5x5_internal	rs_06	CNV0_02581	0	prespecified_C_0.5_QK_quantum_0.5	0.3306067817636572
repeated_stratified_5x5_internal	rs_06	CNV0_02585	0	prespecified_C_0.5_QK_quantum_0.5	0.4924490305971842
repeated_stratified_5x5_internal	rs_06	CNV0_02587	0	prespecified_C_0.5_QK_quantum_0.5	0.2805270308977287
repeated_stratified_5x5_internal	rs_06	CNV0_02592	0	prespecified_C_0.5_QK_quantum_0.5	0.4232191746788237
repeated_stratified_5x5_internal	rs_06	CNV0_02655	0	prespecified_C_0.5_QK_quantum_0.5	0.4219281866782281
repeated_stratified_5x5_internal	rs_06	CNV0_02709	1	prespecified_C_0.5_QK_quantum_0.5	0.43768326398182744
repeated_stratified_5x5_internal	rs_06	CNV0_02411	0	nested_learned_gate_C_QK_structure	0.45387155888211694
repeated_stratified_5x5_internal	rs_06	CNV0_02415	0	nested_learned_gate_C_QK_structure	0.2994003714448606
repeated_stratified_5x5_internal	rs_06	CNV0_02419	0	nested_learned_gate_C_QK_structure	0.48979133710072786
repeated_stratified_5x5_internal	rs_06	CNV0_02450	1	nested_learned_gate_C_QK_structure	0.5901890440524092
repeated_stratified_5x5_internal	rs_06	CNV0_02452	1	nested_learned_gate_C_QK_structure	0.6008117142190623
repeated_stratified_5x5_internal	rs_06	CNV0_02460	1	nested_learned_gate_C_QK_structure	0.49978636480279326
repeated_stratified_5x5_internal	rs_06	CNV0_02520	0	nested_learned_gate_C_QK_structure	0.2944323813106511
repeated_stratified_5x5_internal	rs_06	CNV0_02537	0	nested_learned_gate_C_QK_structure	0.25710749464965676
repeated_stratified_5x5_internal	rs_06	CNV0_02543	0	nested_learned_gate_C_QK_structure	0.40923533300200887
repeated_stratified_5x5_internal	rs_06	CNV0_02553	0	nested_learned_gate_C_QK_structure	0.33601232434784883
repeated_stratified_5x5_internal	rs_06	CNV0_02565	0	nested_learned_gate_C_QK_structure	0.5175130971487585
repeated_stratified_5x5_internal	rs_06	CNV0_02577	0	nested_learned_gate_C_QK_structure	0.25956854670961294
repeated_stratified_5x5_internal	rs_06	CNV0_02581	0	nested_learned_gate_C_QK_structure	0.357875538519034
repeated_stratified_5x5_internal	rs_06	CNV0_02585	0	nested_learned_gate_C_QK_structure	0.347653058288939
repeated_stratified_5x5_internal	rs_06	CNV0_02587	0	nested_learned_gate_C_QK_structure	0.3737930262895094
repeated_stratified_5x5_internal	rs_06	CNV0_02592	0	nested_learned_gate_C_QK_structure	0.37248745512001996
repeated_stratified_5x5_internal	rs_06	CNV0_02655	0	nested_learned_gate_C_QK_structure	0.34664072332785145
repeated_stratified_5x5_internal	rs_06	CNV0_02709	1	nested_learned_gate_C_QK_structure	0.39070094184836185
repeated_stratified_5x5_internal	rs_06	CNV0_02411	0	stacked_calibrated_meta_model_lowdim_only	0.4242452650624771
repeated_stratified_5x5_internal	rs_06	CNV0_02415	0	stacked_calibrated_meta_model_lowdim_only	0.40929523812951213
repeated_stratified_5x5_internal	rs_06	CNV0_02419	0	stacked_calibrated_meta_model_lowdim_only	0.43899377378336796
repeated_stratified_5x5_internal	rs_06	CNV0_02450	1	stacked_calibrated_meta_model_lowdim_only	0.7764747303453918
repeated_stratified_5x5_internal	rs_06	CNV0_02452	1	stacked_calibrated_meta_model_lowdim_only	0.33038323513683615
repeated_stratified_5x5_internal	rs_06	CNV0_02460	1	stacked_calibrated_meta_model_lowdim_only	0.3819385671765934
repeated_stratified_5x5_internal	rs_06	CNV0_02520	0	stacked_calibrated_meta_model_lowdim_only	0.6147668066401115
repeated_stratified_5x5_internal	rs_06	CNV0_02537	0	stacked_calibrated_meta_model_lowdim_only	0.40959793753793894
repeated_stratified_5x5_internal	rs_06	CNV0_02543	0	stacked_calibrated_meta_model_lowdim_only	0.5788449432017824
repeated_stratified_5x5_internal	rs_06	CNV0_02553	0	stacked_calibrated_meta_model_lowdim_only	0.475354479291346
repeated_stratified_5x5_internal	rs_06	CNV0_02565	0	stacked_calibrated_meta_model_lowdim_only	0.4177258651720731
repeated_stratified_5x5_internal	rs_06	CNV0_02577	0	stacked_calibrated_meta_model_lowdim_only	0.44565497389860714
repeated_stratified_5x5_internal	rs_06	CNV0_02581	0	stacked_calibrated_meta_model_lowdim_only	0.4534251399951161
repeated_stratified_5x5_internal	rs_06	CNV0_02585	0	stacked_calibrated_meta_model_lowdim_only	0.40357596421912073
repeated_stratified_5x5_internal	rs_06	CNV0_02587	0	stacked_calibrated_meta_model_lowdim_only	0.4318093021647477
repeated_stratified_5x5_internal	rs_06	CNV0_02592	0	stacked_calibrated_meta_model_lowdim_only	0.4681947263634805
repeated_stratified_5x5_internal	rs_06	CNV0_02655	0	stacked_calibrated_meta_model_lowdim_only	0.43297685198245534
repeated_stratified_5x5_internal	rs_06	CNV0_02709	1	stacked_calibrated_meta_model_lowdim_only	0.46874168163126073
repeated_stratified_5x5_internal	rs_06	CNV0_02411	0	rule_gated_C_QK_structure	0.48977229761423063
repeated_stratified_5x5_internal	rs_06	CNV0_02415	0	rule_gated_C_QK_structure	0.3321278655459713
repeated_stratified_5x5_internal	rs_06	CNV0_02419	0	rule_gated_C_QK_structure	0.4839934033917582
repeated_stratified_5x5_internal	rs_06	CNV0_02450	1	rule_gated_C_QK_structure	0.5944279563287856
repeated_stratified_5x5_internal	rs_06	CNV0_02452	1	rule_gated_C_QK_structure	0.6199675200030242
repeated_stratified_5x5_internal	rs_06	CNV0_02460	1	rule_gated_C_QK_structure	0.45362040705339735
repeated_stratified_5x5_internal	rs_06	CNV0_02520	0	rule_gated_C_QK_structure	0.2730697063242407
repeated_stratified_5x5_internal	rs_06	CNV0_02537	0	rule_gated_C_QK_structure	0.29507458221657795
repeated_stratified_5x5_internal	rs_06	CNV0_02543	0	rule_gated_C_QK_structure	0.3906428162106262
repeated_stratified_5x5_internal	rs_06	CNV0_02553	0	rule_gated_C_QK_structure	0.3036176369875706
repeated_stratified_5x5_internal	rs_06	CNV0_02565	0	rule_gated_C_QK_structure	0.5438277264777948
repeated_stratified_5x5_internal	rs_06	CNV0_02577	0	rule_gated_C_QK_structure	0.2385489489787491
repeated_stratified_5x5_internal	rs_06	CNV0_02581	0	rule_gated_C_QK_structure	0.3425616505804005
repeated_stratified_5x5_internal	rs_06	CNV0_02585	0	rule_gated_C_QK_structure	0.4070868679065924
repeated_stratified_5x5_internal	rs_06	CNV0_02587	0	rule_gated_C_QK_structure	0.37063527612326774
repeated_stratified_5x5_internal	rs_06	CNV0_02592	0	rule_gated_C_QK_structure	0.3397870698066546
repeated_stratified_5x5_internal	rs_06	CNV0_02655	0	rule_gated_C_QK_structure	0.34598734766532396
repeated_stratified_5x5_internal	rs_06	CNV0_02709	1	rule_gated_C_QK_structure	0.3512396398296976
repeated_stratified_5x5_internal	rs_07	CNV0_02414	0	prespecified_equal_weight_C_QK_no_anchor	0.4577549982357435
repeated_stratified_5x5_internal	rs_07	CNV0_02418	0	prespecified_equal_weight_C_QK_no_anchor	0.33242147202516176
repeated_stratified_5x5_internal	rs_07	CNV0_02424	1	prespecified_equal_weight_C_QK_no_anchor	0.5192832546037445
repeated_stratified_5x5_internal	rs_07	CNV0_02448	1	prespecified_equal_weight_C_QK_no_anchor	0.5510129115670699
repeated_stratified_5x5_internal	rs_07	CNV0_02479	1	prespecified_equal_weight_C_QK_no_anchor	0.6655798915162846
repeated_stratified_5x5_internal	rs_07	CNV0_02513	0	prespecified_equal_weight_C_QK_no_anchor	0.46540463211138333
repeated_stratified_5x5_internal	rs_07	CNV0_02515	0	prespecified_equal_weight_C_QK_no_anchor	0.5443483937644334
repeated_stratified_5x5_internal	rs_07	CNV0_02516	0	prespecified_equal_weight_C_QK_no_anchor	0.4608205949928168
repeated_stratified_5x5_internal	rs_07	CNV0_02551	0	prespecified_equal_weight_C_QK_no_anchor	0.23309446825346003
repeated_stratified_5x5_internal	rs_07	CNV0_02562	0	prespecified_equal_weight_C_QK_no_anchor	0.34392758224738895
repeated_stratified_5x5_internal	rs_07	CNV0_02568	0	prespecified_equal_weight_C_QK_no_anchor	0.23551478335204112
repeated_stratified_5x5_internal	rs_07	CNV0_02574	0	prespecified_equal_weight_C_QK_no_anchor	0.38943220102575204
repeated_stratified_5x5_internal	rs_07	CNV0_02580	0	prespecified_equal_weight_C_QK_no_anchor	0.47665406062517535
repeated_stratified_5x5_internal	rs_07	CNV0_02583	0	prespecified_equal_weight_C_QK_no_anchor	0.3439570184035508
repeated_stratified_5x5_internal	rs_07	CNV0_02588	0	prespecified_equal_weight_C_QK_no_anchor	0.2867363016714741
repeated_stratified_5x5_internal	rs_07	CNV0_02589	0	prespecified_equal_weight_C_QK_no_anchor	0.4113472738417473
repeated_stratified_5x5_internal	rs_07	CNV0_02590	0	prespecified_equal_weight_C_QK_no_anchor	0.3602457479793336
repeated_stratified_5x5_internal	rs_07	CNV0_02712	1	prespecified_equal_weight_C_QK_no_anchor	0.5747391951492622
repeated_stratified_5x5_internal	rs_07	CNV0_02414	0	prespecified_C_0.5_QK_quantum_0.5	0.46451931864717644
repeated_stratified_5x5_internal	rs_07	CNV0_02418	0	prespecified_C_0.5_QK_quantum_0.5	0.4036327938997837
repeated_stratified_5x5_internal	rs_07	CNV0_02424	1	prespecified_C_0.5_QK_quantum_0.5	0.45768882617899265
repeated_stratified_5x5_internal	rs_07	CNV0_02448	1	prespecified_C_0.5_QK_quantum_0.5	0.4648611596252153
repeated_stratified_5x5_internal	rs_07	CNV0_02479	1	prespecified_C_0.5_QK_quantum_0.5	0.45077753287692096
repeated_stratified_5x5_internal	rs_07	CNV0_02513	0	prespecified_C_0.5_QK_quantum_0.5	0.4101460268226884
repeated_stratified_5x5_internal	rs_07	CNV0_02515	0	prespecified_C_0.5_QK_quantum_0.5	0.4727899347056591
repeated_stratified_5x5_internal	rs_07	CNV0_02516	0	prespecified_C_0.5_QK_quantum_0.5	0.20548139725960662
repeated_stratified_5x5_internal	rs_07	CNV0_02551	0	prespecified_C_0.5_QK_quantum_0.5	0.519067630542426
repeated_stratified_5x5_internal	rs_07	CNV0_02562	0	prespecified_C_0.5_QK_quantum_0.5	0.26057083898956857
repeated_stratified_5x5_internal	rs_07	CNV0_02568	0	prespecified_C_0.5_QK_quantum_0.5	0.24677922496355167
repeated_stratified_5x5_internal	rs_07	CNV0_02574	0	prespecified_C_0.5_QK_quantum_0.5	0.3910584831464379
repeated_stratified_5x5_internal	rs_07	CNV0_02580	0	prespecified_C_0.5_QK_quantum_0.5	0.4400196215379622
repeated_stratified_5x5_internal	rs_07	CNV0_02583	0	prespecified_C_0.5_QK_quantum_0.5	0.2837728639831608
repeated_stratified_5x5_internal	rs_07	CNV0_02588	0	prespecified_C_0.5_QK_quantum_0.5	0.33525562707444334
repeated_stratified_5x5_internal	rs_07	CNV0_02589	0	prespecified_C_0.5_QK_quantum_0.5	0.3897829410924807
repeated_stratified_5x5_internal	rs_07	CNV0_02590	0	prespecified_C_0.5_QK_quantum_0.5	0.2577611586378773
repeated_stratified_5x5_internal	rs_07	CNV0_02712	1	prespecified_C_0.5_QK_quantum_0.5	0.5892881340794824
repeated_stratified_5x5_internal	rs_07	CNV0_02414	0	nested_learned_gate_C_QK_structure	0.415086425441325
repeated_stratified_5x5_internal	rs_07	CNV0_02418	0	nested_learned_gate_C_QK_structure	0.32469775014590907
repeated_stratified_5x5_internal	rs_07	CNV0_02424	1	nested_learned_gate_C_QK_structure	0.4740240579087981
repeated_stratified_5x5_internal	rs_07	CNV0_02448	1	nested_learned_gate_C_QK_structure	0.5063786358475556
repeated_stratified_5x5_internal	rs_07	CNV0_02479	1	nested_learned_gate_C_QK_structure	0.6048646574380012
repeated_stratified_5x5_internal	rs_07	CNV0_02513	0	nested_learned_gate_C_QK_structure	0.45639500365814206
repeated_stratified_5x5_internal	rs_07	CNV0_02515	0	nested_learned_gate_C_QK_structure	0.5301505641093958
repeated_stratified_5x5_internal	rs_07	CNV0_02516	0	nested_learned_gate_C_QK_structure	0.4046105103334571
repeated_stratified_5x5_internal	rs_07	CNV0_02551	0	nested_learned_gate_C_QK_structure	0.2613478146696295
repeated_stratified_5x5_internal	rs_07	CNV0_02562	0	nested_learned_gate_C_QK_structure	0.30353276059995693
repeated_stratified_5x5_internal	rs_07	CNV0_02568	0	nested_learned_gate_C_QK_structure	0.2720316937696377
repeated_stratified_5x5_internal	rs_07	CNV0_02574	0	nested_learned_gate_C_QK_structure	0.34485352701568933
repeated_stratified_5x5_internal	rs_07	CNV0_02580	0	nested_learned_gate_C_QK_structure	0.4486638170481585
repeated_stratified_5x5_internal	rs_07	CNV0_02583	0	nested_learned_gate_C_QK_structure	0.3229617422960629
repeated_stratified_5x5_internal	rs_07	CNV0_02588	0	nested_learned_gate_C_QK_structure	0.2819016288144196
repeated_stratified_5x5_internal	rs_07	CNV0_02589	0	nested_learned_gate_C_QK_structure	0.37201909956505375
repeated_stratified_5x5_internal	rs_07	CNV0_02590	0	nested_learned_gate_C_QK_structure	0.35670262252878915
repeated_stratified_5x5_internal	rs_07	CNV0_02712	1	nested_learned_gate_C_QK_structure	0.5340929409375983
repeated_stratified_5x5_internal	rs_07	CNV0_02414	0	stacked_calibrated_meta_model_lowdim_only	0.45769814471287945
repeated_stratified_5x5_internal	rs_07	CNV0_02418	0	stacked_calibrated_meta_model_lowdim_only	0.43205283929428157
repeated_stratified_5x5_internal	rs_07	CNV0_02424	1	stacked_calibrated_meta_model_lowdim_only	0.46175601617156975
repeated_stratified_5x5_internal	rs_07	CNV0_02448	1	stacked_calibrated_meta_model_lowdim_only	0.48096176749173414
repeated_stratified_5x5_internal	rs_07	CNV0_02479	1	stacked_calibrated_meta_model_lowdim_only	0.47018622928538123
repeated_stratified_5x5_internal	rs_07	CNV0_02513	0	stacked_calibrated_meta_model_lowdim_only	0.44057958321427826
repeated_stratified_5x5_internal	rs_07	CNV0_02515	0	stacked_calibrated_meta_model_lowdim_only	0.45614318706217855
repeated_stratified_5x5_internal	rs_07	CNV0_02516	0	stacked_calibrated_meta_model_lowdim_only	0.459743661112291
repeated_stratified_5x5_internal	rs_07	CNV0_02551	0	stacked_calibrated_meta_model_lowdim_only	0.48640129289768347
repeated_stratified_5x5_internal	rs_07	CNV0_02562	0	stacked_calibrated_meta_model_lowdim_only	0.42591958679350794
repeated_stratified_5x5_internal	rs_07	CNV0_02568	0	stacked_calibrated_meta_model_lowdim_only	0.42020608329369047
repeated_stratified_5x5_internal	rs_07	CNV0_02574	0	stacked_calibrated_meta_model_lowdim_only	0.4870405364696162
repeated_stratified_5x5_internal	rs_07	CNV0_02580	0	stacked_calibrated_meta_model_lowdim_only	0.47665162832911706
repeated_stratified_5x5_internal	rs_07	CNV0_02583	0	stacked_calibrated_meta_model_lowdim_only	0.42104885118930685
repeated_stratified_5x5_internal	rs_07	CNV0_02588	0	stacked_calibrated_meta_model_lowdim_only	0.4490480558990585
repeated_stratified_5x5_internal	rs_07	CNV0_02589	0	stacked_calibrated_meta_model_lowdim_only	0.4335516868552349
repeated_stratified_5x5_internal	rs_07	CNV0_02590	0	stacked_calibrated_meta_model_lowdim_only	0.4331331782953853
repeated_stratified_5x5_internal	rs_07	CNV0_02712	1	stacked_calibrated_meta_model_lowdim_only	0.71023223421044
repeated_stratified_5x5_internal	rs_07	CNV0_02414	0	rule_gated_C_QK_structure	0.4417301942871757
repeated_stratified_5x5_internal	rs_07	CNV0_02418	0	rule_gated_C_QK_structure	0.3421976253896874
repeated_stratified_5x5_internal	rs_07	CNV0_02424	1	rule_gated_C_QK_structure	0.4838646838935254
repeated_stratified_5x5_internal	rs_07	CNV0_02448	1	rule_gated_C_QK_structure	0.5037290664074335
repeated_stratified_5x5_internal	rs_07	CNV0_02479	1	rule_gated_C_QK_structure	0.5911465156816972
repeated_stratified_5x5_internal	rs_07	CNV0_02513	0	rule_gated_C_QK_structure	0.4375087336164806
repeated_stratified_5x5_internal	rs_07	CNV0_02515	0	rule_gated_C_QK_structure	0.5066034334955996
repeated_stratified_5x5_internal	rs_07	CNV0_02516	0	rule_gated_C_QK_structure	0.4101913404379827
repeated_stratified_5x5_internal	rs_07	CNV0_02551	0	rule_gated_C_QK_structure	0.28653008405853175
repeated_stratified_5x5_internal	rs_07	CNV0_02562	0	rule_gated_C_QK_structure	0.3234951344796049
repeated_stratified_5x5_internal	rs_07	CNV0_02568	0	rule_gated_C_QK_structure	0.2462527570360196
repeated_stratified_5x5_internal	rs_07	CNV0_02574	0	rule_gated_C_QK_structure	0.36500375339152313
repeated_stratified_5x5_internal	rs_07	CNV0_02580	0	rule_gated_C_QK_structure	0.4408006023997789
repeated_stratified_5x5_internal	rs_07	CNV0_02583	0	rule_gated_C_QK_structure	0.32446473913756363
repeated_stratified_5x5_internal	rs_07	CNV0_02588	0	rule_gated_C_QK_structure	0.2921061160607721
repeated_stratified_5x5_internal	rs_07	CNV0_02589	0	rule_gated_C_QK_structure	0.39556420755176863
repeated_stratified_5x5_internal	rs_07	CNV0_02590	0	rule_gated_C_QK_structure	0.3254337363993692
repeated_stratified_5x5_internal	rs_07	CNV0_02712	1	rule_gated_C_QK_structure	0.559730776700724
repeated_stratified_5x5_internal	rs_08	CNV0_02416	0	prespecified_equal_weight_C_QK_no_anchor	0.49013558937005347
repeated_stratified_5x5_internal	rs_08	CNV0_02421	0	prespecified_equal_weight_C_QK_no_anchor	0.4730068538714471
repeated_stratified_5x5_internal	rs_08	CNV0_02425	1	prespecified_equal_weight_C_QK_no_anchor	0.7123233245927292
repeated_stratified_5x5_internal	rs_08	CNV0_02458	0	prespecified_equal_weight_C_QK_no_anchor	0.5277703168694827
repeated_stratified_5x5_internal	rs_08	CNV0_02510	1	prespecified_equal_weight_C_QK_no_anchor	0.5270431323724107
repeated_stratified_5x5_internal	rs_08	CNV0_02511	1	prespecified_equal_weight_C_QK_no_anchor	0.5708218168776706
repeated_stratified_5x5_internal	rs_08	CNV0_02517	0	prespecified_equal_weight_C_QK_no_anchor	0.474168998788426
repeated_stratified_5x5_internal	rs_08	CNV0_02538	0	prespecified_equal_weight_C_QK_no_anchor	0.32535381521896045
repeated_stratified_5x5_internal	rs_08	CNV0_02545	1	prespecified_equal_weight_C_QK_no_anchor	0.36540136543270074
repeated_stratified_5x5_internal	rs_08	CNV0_02555	0	prespecified_equal_weight_C_QK_no_anchor	0.4550669601424988
repeated_stratified_5x5_internal	rs_08	CNV0_02559	0	prespecified_equal_weight_C_QK_no_anchor	0.4905913215487395
repeated_stratified_5x5_internal	rs_08	CNV0_02561	0	prespecified_equal_weight_C_QK_no_anchor	0.22927542896236142
repeated_stratified_5x5_internal	rs_08	CNV0_02563	0	prespecified_equal_weight_C_QK_no_anchor	0.22418003504532125
repeated_stratified_5x5_internal	rs_08	CNV0_02567	0	prespecified_equal_weight_C_QK_no_anchor	0.284652865234117
repeated_stratified_5x5_internal	rs_08	CNV0_02572	0	prespecified_equal_weight_C_QK_no_anchor	0.5834492091067157
repeated_stratified_5x5_internal	rs_08	CNV0_02584	0	prespecified_equal_weight_C_QK_no_anchor	0.40442824011705975
repeated_stratified_5x5_internal	rs_08	CNV0_02591	0	prespecified_equal_weight_C_QK_no_anchor	0.3174216118101987
repeated_stratified_5x5_internal	rs_08	CNV0_02660	0	prespecified_equal_weight_C_QK_no_anchor	0.4254843141689989
repeated_stratified_5x5_internal	rs_08	CNV0_02416	0	prespecified_C_0.5_QK_quantum_0.5	0.5087466067767699
repeated_stratified_5x5_internal	rs_08	CNV0_02421	0	prespecified_C_0.5_QK_quantum_0.5	0.36312657771526763
repeated_stratified_5x5_internal	rs_08	CNV0_02425	1	prespecified_C_0.5_QK_quantum_0.5	0.6588064287581119
repeated_stratified_5x5_internal	rs_08	CNV0_02458	0	prespecified_C_0.5_QK_quantum_0.5	0.5095364459000262
repeated_stratified_5x5_internal	rs_08	CNV0_02510	1	prespecified_C_0.5_QK_quantum_0.5	0.4640379208692308
repeated_stratified_5x5_internal	rs_08	CNV0_02511	1	prespecified_C_0.5_QK_quantum_0.5	0.3482792134479057
repeated_stratified_5x5_internal	rs_08	CNV0_02517	0	prespecified_C_0.5_QK_quantum_0.5	0.444789596256171
repeated_stratified_5x5_internal	rs_08	CNV0_02538	0	prespecified_C_0.5_QK_quantum_0.5	0.33342818862451146
repeated_stratified_5x5_internal	rs_08	CNV0_02545	1	prespecified_C_0.5_QK_quantum_0.5	0.41962377473103585
repeated_stratified_5x5_internal	rs_08	CNV0_02555	0	prespecified_C_0.5_QK_quantum_0.5	0.5292379176893405
repeated_stratified_5x5_internal	rs_08	CNV0_02559	0	prespecified_C_0.5_QK_quantum_0.5	0.30378664200555594
repeated_stratified_5x5_internal	rs_08	CNV0_02561	0	prespecified_C_0.5_QK_quantum_0.5	0.26850036059728044
repeated_stratified_5x5_internal	rs_08	CNV0_02563	0	prespecified_C_0.5_QK_quantum_0.5	0.24135186442813034
repeated_stratified_5x5_internal	rs_08	CNV0_02567	0	prespecified_C_0.5_QK_quantum_0.5	0.2872305880981963
repeated_stratified_5x5_internal	rs_08	CNV0_02572	0	prespecified_C_0.5_QK_quantum_0.5	0.6651301449426997
repeated_stratified_5x5_internal	rs_08	CNV0_02584	0	prespecified_C_0.5_QK_quantum_0.5	0.49742901594326566
repeated_stratified_5x5_internal	rs_08	CNV0_02591	0	prespecified_C_0.5_QK_quantum_0.5	0.2911972045228933
repeated_stratified_5x5_internal	rs_08	CNV0_02660	0	prespecified_C_0.5_QK_quantum_0.5	0.5006095382913611
repeated_stratified_5x5_internal	rs_08	CNV0_02416	0	nested_learned_gate_C_QK_structure	0.5158555722050292
repeated_stratified_5x5_internal	rs_08	CNV0_02421	0	nested_learned_gate_C_QK_structure	0.4890911477990767
repeated_stratified_5x5_internal	rs_08	CNV0_02425	1	nested_learned_gate_C_QK_structure	0.6620569534859837
repeated_stratified_5x5_internal	rs_08	CNV0_02458	0	nested_learned_gate_C_QK_structure	0.5422800081687288
repeated_stratified_5x5_internal	rs_08	CNV0_02510	1	nested_learned_gate_C_QK_structure	0.4771787349685357
repeated_stratified_5x5_internal	rs_08	CNV0_02511	1	nested_learned_gate_C_QK_structure	0.4627547925275819
repeated_stratified_5x5_internal	rs_08	CNV0_02517	0	nested_learned_gate_C_QK_structure	0.42470107446815897
repeated_stratified_5x5_internal	rs_08	CNV0_02538	0	nested_learned_gate_C_QK_structure	0.30246296700837233
repeated_stratified_5x5_internal	rs_08	CNV0_02545	1	nested_learned_gate_C_QK_structure	0.3056629291830332
repeated_stratified_5x5_internal	rs_08	CNV0_02555	0	nested_learned_gate_C_QK_structure	0.4783799601418214
repeated_stratified_5x5_internal	rs_08	CNV0_02559	0	nested_learned_gate_C_QK_structure	0.4780997926395813
repeated_stratified_5x5_internal	rs_08	CNV0_02561	0	nested_learned_gate_C_QK_structure	0.25429643154394616
repeated_stratified_5x5_internal	rs_08	CNV0_02563	0	nested_learned_gate_C_QK_structure	0.24316621176815548
repeated_stratified_5x5_internal	rs_08	CNV0_02567	0	nested_learned_gate_C_QK_structure	0.2624792562518754
repeated_stratified_5x5_internal	rs_08	CNV0_02572	0	nested_learned_gate_C_QK_structure	0.5430877895301847
repeated_stratified_5x5_internal	rs_08	CNV0_02584	0	nested_learned_gate_C_QK_structure	0.35493293089692585
repeated_stratified_5x5_internal	rs_08	CNV0_02591	0	nested_learned_gate_C_QK_structure	0.26614917475379346
repeated_stratified_5x5_internal	rs_08	CNV0_02660	0	nested_learned_gate_C_QK_structure	0.4041485150210089
repeated_stratified_5x5_internal	rs_08	CNV0_02416	0	stacked_calibrated_meta_model_lowdim_only	0.4688799933401259
repeated_stratified_5x5_internal	rs_08	CNV0_02421	0	stacked_calibrated_meta_model_lowdim_only	0.434548934157333
repeated_stratified_5x5_internal	rs_08	CNV0_02425	1	stacked_calibrated_meta_model_lowdim_only	0.40685801244817826
repeated_stratified_5x5_internal	rs_08	CNV0_02458	0	stacked_calibrated_meta_model_lowdim_only	0.4652719699633884
repeated_stratified_5x5_internal	rs_08	CNV0_02510	1	stacked_calibrated_meta_model_lowdim_only	0.4445741056755127
repeated_stratified_5x5_internal	rs_08	CNV0_02511	1	stacked_calibrated_meta_model_lowdim_only	0.48732749468511277
repeated_stratified_5x5_internal	rs_08	CNV0_02517	0	stacked_calibrated_meta_model_lowdim_only	0.4356943721774496
repeated_stratified_5x5_internal	rs_08	CNV0_02538	0	stacked_calibrated_meta_model_lowdim_only	0.39219950231482187
repeated_stratified_5x5_internal	rs_08	CNV0_02545	1	stacked_calibrated_meta_model_lowdim_only	0.41259081245651746
repeated_stratified_5x5_internal	rs_08	CNV0_02555	0	stacked_calibrated_meta_model_lowdim_only	0.5527329758688136
repeated_stratified_5x5_internal	rs_08	CNV0_02559	0	stacked_calibrated_meta_model_lowdim_only	0.41020237959803774
repeated_stratified_5x5_internal	rs_08	CNV0_02561	0	stacked_calibrated_meta_model_lowdim_only	0.3809028247169831
repeated_stratified_5x5_internal	rs_08	CNV0_02563	0	stacked_calibrated_meta_model_lowdim_only	0.44430661537548105
repeated_stratified_5x5_internal	rs_08	CNV0_02567	0	stacked_calibrated_meta_model_lowdim_only	0.3798629439735157
repeated_stratified_5x5_internal	rs_08	CNV0_02572	0	stacked_calibrated_meta_model_lowdim_only	0.5037924165071015
repeated_stratified_5x5_internal	rs_08	CNV0_02584	0	stacked_calibrated_meta_model_lowdim_only	0.44364156198191657
repeated_stratified_5x5_internal	rs_08	CNV0_02591	0	stacked_calibrated_meta_model_lowdim_only	0.3864045641966883
repeated_stratified_5x5_internal	rs_08	CNV0_02660	0	stacked_calibrated_meta_model_lowdim_only	0.5207602622807693
repeated_stratified_5x5_internal	rs_08	CNV0_02416	0	rule_gated_C_QK_structure	0.4747793273550105
repeated_stratified_5x5_internal	rs_08	CNV0_02421	0	rule_gated_C_QK_structure	0.4289341277458473
repeated_stratified_5x5_internal	rs_08	CNV0_02425	1	rule_gated_C_QK_structure	0.6366052989879988
repeated_stratified_5x5_internal	rs_08	CNV0_02458	0	rule_gated_C_QK_structure	0.5109499800249337
repeated_stratified_5x5_internal	rs_08	CNV0_02510	1	rule_gated_C_QK_structure	0.497135520893638
repeated_stratified_5x5_internal	rs_08	CNV0_02511	1	rule_gated_C_QK_structure	0.49553150324524214
repeated_stratified_5x5_internal	rs_08	CNV0_02517	0	rule_gated_C_QK_structure	0.45253444639378176
repeated_stratified_5x5_internal	rs_08	CNV0_02538	0	rule_gated_C_QK_structure	0.33356329381598554
repeated_stratified_5x5_internal	rs_08	CNV0_02545	1	rule_gated_C_QK_structure	0.3672993465724624
repeated_stratified_5x5_internal	rs_08	CNV0_02555	0	rule_gated_C_QK_structure	0.4325154804944913
repeated_stratified_5x5_internal	rs_08	CNV0_02559	0	rule_gated_C_QK_structure	0.44086161376159266
repeated_stratified_5x5_internal	rs_08	CNV0_02561	0	rule_gated_C_QK_structure	0.24098462522496897
repeated_stratified_5x5_internal	rs_08	CNV0_02563	0	rule_gated_C_QK_structure	0.22087945074383286
repeated_stratified_5x5_internal	rs_08	CNV0_02567	0	rule_gated_C_QK_structure	0.27989061558074
repeated_stratified_5x5_internal	rs_08	CNV0_02572	0	rule_gated_C_QK_structure	0.5640711947215397
repeated_stratified_5x5_internal	rs_08	CNV0_02584	0	rule_gated_C_QK_structure	0.4020926739389267
repeated_stratified_5x5_internal	rs_08	CNV0_02591	0	rule_gated_C_QK_structure	0.2956180054874649
repeated_stratified_5x5_internal	rs_08	CNV0_02660	0	rule_gated_C_QK_structure	0.4252502399356135
repeated_stratified_5x5_internal	rs_09	CNV0_02396	1	prespecified_equal_weight_C_QK_no_anchor	0.3640371027261822
repeated_stratified_5x5_internal	rs_09	CNV0_02401	0	prespecified_equal_weight_C_QK_no_anchor	0.5030700196236422
repeated_stratified_5x5_internal	rs_09	CNV0_02413	0	prespecified_equal_weight_C_QK_no_anchor	0.5365781300794694
repeated_stratified_5x5_internal	rs_09	CNV0_02477	1	prespecified_equal_weight_C_QK_no_anchor	0.556999481056691
repeated_stratified_5x5_internal	rs_09	CNV0_02514	0	prespecified_equal_weight_C_QK_no_anchor	0.44266682746484776
repeated_stratified_5x5_internal	rs_09	CNV0_02544	0	prespecified_equal_weight_C_QK_no_anchor	0.2791250875509412
repeated_stratified_5x5_internal	rs_09	CNV0_02550	0	prespecified_equal_weight_C_QK_no_anchor	0.46993326921036005
repeated_stratified_5x5_internal	rs_09	CNV0_02556	0	prespecified_equal_weight_C_QK_no_anchor	0.4229771936602318
repeated_stratified_5x5_internal	rs_09	CNV0_02570	0	prespecified_equal_weight_C_QK_no_anchor	0.3048505026718027
repeated_stratified_5x5_internal	rs_09	CNV0_02575	0	prespecified_equal_weight_C_QK_no_anchor	0.4542602393938486
repeated_stratified_5x5_internal	rs_09	CNV0_02579	0	prespecified_equal_weight_C_QK_no_anchor	0.28219334891030495
repeated_stratified_5x5_internal	rs_09	CNV0_02586	0	prespecified_equal_weight_C_QK_no_anchor	0.44655964080878713
repeated_stratified_5x5_internal	rs_09	CNV0_02593	0	prespecified_equal_weight_C_QK_no_anchor	0.3988816144743723
repeated_stratified_5x5_internal	rs_09	CNV0_02594	0	prespecified_equal_weight_C_QK_no_anchor	0.26112958934433395
repeated_stratified_5x5_internal	rs_09	CNV0_02685	0	prespecified_equal_weight_C_QK_no_anchor	0.44908794454901735
repeated_stratified_5x5_internal	rs_09	CNV0_02710	1	prespecified_equal_weight_C_QK_no_anchor	0.33200326254721263
repeated_stratified_5x5_internal	rs_09	CNV0_02713	1	prespecified_equal_weight_C_QK_no_anchor	0.452578236942916
repeated_stratified_5x5_internal	rs_09	CNV0_02396	1	prespecified_C_0.5_QK_quantum_0.5	0.3936305495678969
repeated_stratified_5x5_internal	rs_09	CNV0_02401	0	prespecified_C_0.5_QK_quantum_0.5	0.48140985206209275
repeated_stratified_5x5_internal	rs_09	CNV0_02413	0	prespecified_C_0.5_QK_quantum_0.5	0.4256947891745777
repeated_stratified_5x5_internal	rs_09	CNV0_02477	1	prespecified_C_0.5_QK_quantum_0.5	0.696614541155467
repeated_stratified_5x5_internal	rs_09	CNV0_02514	0	prespecified_C_0.5_QK_quantum_0.5	0.49441626981326703
repeated_stratified_5x5_internal	rs_09	CNV0_02544	0	prespecified_C_0.5_QK_quantum_0.5	0.3186340725551355
repeated_stratified_5x5_internal	rs_09	CNV0_02550	0	prespecified_C_0.5_QK_quantum_0.5	0.5697398501910499
repeated_stratified_5x5_internal	rs_09	CNV0_02556	0	prespecified_C_0.5_QK_quantum_0.5	0.3260441124402198
repeated_stratified_5x5_internal	rs_09	CNV0_02570	0	prespecified_C_0.5_QK_quantum_0.5	0.3967682220814973
repeated_stratified_5x5_internal	rs_09	CNV0_02575	0	prespecified_C_0.5_QK_quantum_0.5	0.5872654385939268
repeated_stratified_5x5_internal	rs_09	CNV0_02579	0	prespecified_C_0.5_QK_quantum_0.5	0.27896834568411627
repeated_stratified_5x5_internal	rs_09	CNV0_02586	0	prespecified_C_0.5_QK_quantum_0.5	0.46238698709246595
repeated_stratified_5x5_internal	rs_09	CNV0_02593	0	prespecified_C_0.5_QK_quantum_0.5	0.38657237647412934
repeated_stratified_5x5_internal	rs_09	CNV0_02594	0	prespecified_C_0.5_QK_quantum_0.5	0.39802772240972883
repeated_stratified_5x5_internal	rs_09	CNV0_02685	0	prespecified_C_0.5_QK_quantum_0.5	0.4089777224941661
repeated_stratified_5x5_internal	rs_09	CNV0_02710	1	prespecified_C_0.5_QK_quantum_0.5	0.40334879336771035
repeated_stratified_5x5_internal	rs_09	CNV0_02713	1	prespecified_C_0.5_QK_quantum_0.5	0.2672982586703024
repeated_stratified_5x5_internal	rs_09	CNV0_02396	1	nested_learned_gate_C_QK_structure	0.316267037091737
repeated_stratified_5x5_internal	rs_09	CNV0_02401	0	nested_learned_gate_C_QK_structure	0.5108149006673515
repeated_stratified_5x5_internal	rs_09	CNV0_02413	0	nested_learned_gate_C_QK_structure	0.4769273405917309
repeated_stratified_5x5_internal	rs_09	CNV0_02477	1	nested_learned_gate_C_QK_structure	0.516360993962131
repeated_stratified_5x5_internal	rs_09	CNV0_02514	0	nested_learned_gate_C_QK_structure	0.46132251579052463
repeated_stratified_5x5_internal	rs_09	CNV0_02544	0	nested_learned_gate_C_QK_structure	0.31115632053904607
repeated_stratified_5x5_internal	rs_09	CNV0_02550	0	nested_learned_gate_C_QK_structure	0.4199327345502353
repeated_stratified_5x5_internal	rs_09	CNV0_02556	0	nested_learned_gate_C_QK_structure	0.4237073412144411
repeated_stratified_5x5_internal	rs_09	CNV0_02570	0	nested_learned_gate_C_QK_structure	0.25916593850679326
repeated_stratified_5x5_internal	rs_09	CNV0_02575	0	nested_learned_gate_C_QK_structure	0.4044609130716646
repeated_stratified_5x5_internal	rs_09	CNV0_02579	0	nested_learned_gate_C_QK_structure	0.2514279802928655
repeated_stratified_5x5_internal	rs_09	CNV0_02586	0	nested_learned_gate_C_QK_structure	0.39058891515153377
repeated_stratified_5x5_internal	rs_09	CNV0_02593	0	nested_learned_gate_C_QK_structure	0.3730956443356546
repeated_stratified_5x5_internal	rs_09	CNV0_02594	0	nested_learned_gate_C_QK_structure	0.24486125224825173
repeated_stratified_5x5_internal	rs_09	CNV0_02685	0	nested_learned_gate_C_QK_structure	0.41656898595431646
repeated_stratified_5x5_internal	rs_09	CNV0_02710	1	nested_learned_gate_C_QK_structure	0.35899200558462263
repeated_stratified_5x5_internal	rs_09	CNV0_02713	1	nested_learned_gate_C_QK_structure	0.3849126410043051
repeated_stratified_5x5_internal	rs_09	CNV0_02396	1	stacked_calibrated_meta_model_lowdim_only	0.40817175707260656
repeated_stratified_5x5_internal	rs_09	CNV0_02401	0	stacked_calibrated_meta_model_lowdim_only	0.4658032735774645
repeated_stratified_5x5_internal	rs_09	CNV0_02413	0	stacked_calibrated_meta_model_lowdim_only	0.4606484005938321
repeated_stratified_5x5_internal	rs_09	CNV0_02477	1	stacked_calibrated_meta_model_lowdim_only	0.8035869601606194
repeated_stratified_5x5_internal	rs_09	CNV0_02514	0	stacked_calibrated_meta_model_lowdim_only	0.5230702629124281
repeated_stratified_5x5_internal	rs_09	CNV0_02544	0	stacked_calibrated_meta_model_lowdim_only	0.42130732353283945
repeated_stratified_5x5_internal	rs_09	CNV0_02550	0	stacked_calibrated_meta_model_lowdim_only	0.5507497656559418
repeated_stratified_5x5_internal	rs_09	CNV0_02556	0	stacked_calibrated_meta_model_lowdim_only	0.4946186336621084
repeated_stratified_5x5_internal	rs_09	CNV0_02570	0	stacked_calibrated_meta_model_lowdim_only	0.3939748978795089
repeated_stratified_5x5_internal	rs_09	CNV0_02575	0	stacked_calibrated_meta_model_lowdim_only	0.4602729571206031
repeated_stratified_5x5_internal	rs_09	CNV0_02579	0	stacked_calibrated_meta_model_lowdim_only	0.368283197671273
repeated_stratified_5x5_internal	rs_09	CNV0_02586	0	stacked_calibrated_meta_model_lowdim_only	0.4272160060517533
repeated_stratified_5x5_internal	rs_09	CNV0_02593	0	stacked_calibrated_meta_model_lowdim_only	0.4010752920172036
repeated_stratified_5x5_internal	rs_09	CNV0_02594	0	stacked_calibrated_meta_model_lowdim_only	0.385483863467953
repeated_stratified_5x5_internal	rs_09	CNV0_02685	0	stacked_calibrated_meta_model_lowdim_only	0.4432917029459052
repeated_stratified_5x5_internal	rs_09	CNV0_02710	1	stacked_calibrated_meta_model_lowdim_only	0.3896562532242826
repeated_stratified_5x5_internal	rs_09	CNV0_02713	1	stacked_calibrated_meta_model_lowdim_only	0.4808071202250749
repeated_stratified_5x5_internal	rs_09	CNV0_02396	1	rule_gated_C_QK_structure	0.36421336834657403
repeated_stratified_5x5_internal	rs_09	CNV0_02401	0	rule_gated_C_QK_structure	0.4919729172131331
repeated_stratified_5x5_internal	rs_09	CNV0_02413	0	rule_gated_C_QK_structure	0.487772030792964
repeated_stratified_5x5_internal	rs_09	CNV0_02477	1	rule_gated_C_QK_structure	0.5668223557401585
repeated_stratified_5x5_internal	rs_09	CNV0_02514	0	rule_gated_C_QK_structure	0.436719876533539
repeated_stratified_5x5_internal	rs_09	CNV0_02544	0	rule_gated_C_QK_structure	0.27642766724702794
repeated_stratified_5x5_internal	rs_09	CNV0_02550	0	rule_gated_C_QK_structure	0.46412713979058395
repeated_stratified_5x5_internal	rs_09	CNV0_02556	0	rule_gated_C_QK_structure	0.39567601560020443
repeated_stratified_5x5_internal	rs_09	CNV0_02570	0	rule_gated_C_QK_structure	0.3217909413577659
repeated_stratified_5x5_internal	rs_09	CNV0_02575	0	rule_gated_C_QK_structure	0.45768567696397494
repeated_stratified_5x5_internal	rs_09	CNV0_02579	0	rule_gated_C_QK_structure	0.2871167602710013
repeated_stratified_5x5_internal	rs_09	CNV0_02586	0	rule_gated_C_QK_structure	0.42755089548149505
repeated_stratified_5x5_internal	rs_09	CNV0_02593	0	rule_gated_C_QK_structure	0.37993725458103744
repeated_stratified_5x5_internal	rs_09	CNV0_02594	0	rule_gated_C_QK_structure	0.28746884365665015
repeated_stratified_5x5_internal	rs_09	CNV0_02685	0	rule_gated_C_QK_structure	0.442149770162962
repeated_stratified_5x5_internal	rs_09	CNV0_02710	1	rule_gated_C_QK_structure	0.3392485767747475
repeated_stratified_5x5_internal	rs_09	CNV0_02713	1	rule_gated_C_QK_structure	0.3939770456413164
repeated_stratified_5x5_internal	rs_10	CNV0_02398	1	prespecified_equal_weight_C_QK_no_anchor	0.4129584063499497
repeated_stratified_5x5_internal	rs_10	CNV0_02412	0	prespecified_equal_weight_C_QK_no_anchor	0.3325681297192361
repeated_stratified_5x5_internal	rs_10	CNV0_02415	0	prespecified_equal_weight_C_QK_no_anchor	0.19558651215170275
repeated_stratified_5x5_internal	rs_10	CNV0_02448	1	prespecified_equal_weight_C_QK_no_anchor	0.5798556627255592
repeated_stratified_5x5_internal	rs_10	CNV0_02479	1	prespecified_equal_weight_C_QK_no_anchor	0.6493131728366197
repeated_stratified_5x5_internal	rs_10	CNV0_02512	0	prespecified_equal_weight_C_QK_no_anchor	0.3497250678351323
repeated_stratified_5x5_internal	rs_10	CNV0_02516	0	prespecified_equal_weight_C_QK_no_anchor	0.4746834145169821
repeated_stratified_5x5_internal	rs_10	CNV0_02543	0	prespecified_equal_weight_C_QK_no_anchor	0.44032549224469725
repeated_stratified_5x5_internal	rs_10	CNV0_02555	0	prespecified_equal_weight_C_QK_no_anchor	0.4692514725276843
repeated_stratified_5x5_internal	rs_10	CNV0_02575	0	prespecified_equal_weight_C_QK_no_anchor	0.5481262454919259
repeated_stratified_5x5_internal	rs_10	CNV0_02579	0	prespecified_equal_weight_C_QK_no_anchor	0.42448547768748
repeated_stratified_5x5_internal	rs_10	CNV0_02584	0	prespecified_equal_weight_C_QK_no_anchor	0.3192587663885557
repeated_stratified_5x5_internal	rs_10	CNV0_02585	0	prespecified_equal_weight_C_QK_no_anchor	0.31243496252444836
repeated_stratified_5x5_internal	rs_10	CNV0_02587	0	prespecified_equal_weight_C_QK_no_anchor	0.41025508660725457
repeated_stratified_5x5_internal	rs_10	CNV0_02590	0	prespecified_equal_weight_C_QK_no_anchor	0.41415899909739606
repeated_stratified_5x5_internal	rs_10	CNV0_02655	0	prespecified_equal_weight_C_QK_no_anchor	0.5808209507976595
repeated_stratified_5x5_internal	rs_10	CNV0_02708	1	prespecified_equal_weight_C_QK_no_anchor	0.4994331141066267
repeated_stratified_5x5_internal	rs_10	CNV0_02709	1	prespecified_equal_weight_C_QK_no_anchor	0.2579011429482995
repeated_stratified_5x5_internal	rs_10	CNV0_02398	1	prespecified_C_0.5_QK_quantum_0.5	0.5996153442026273
repeated_stratified_5x5_internal	rs_10	CNV0_02412	0	prespecified_C_0.5_QK_quantum_0.5	0.5624352300921551
repeated_stratified_5x5_internal	rs_10	CNV0_02415	0	prespecified_C_0.5_QK_quantum_0.5	0.3542902942673005
repeated_stratified_5x5_internal	rs_10	CNV0_02448	1	prespecified_C_0.5_QK_quantum_0.5	0.65482368551308
repeated_stratified_5x5_internal	rs_10	CNV0_02479	1	prespecified_C_0.5_QK_quantum_0.5	0.39728433539576813
repeated_stratified_5x5_internal	rs_10	CNV0_02512	0	prespecified_C_0.5_QK_quantum_0.5	0.2685090286153693
repeated_stratified_5x5_internal	rs_10	CNV0_02516	0	prespecified_C_0.5_QK_quantum_0.5	0.27745576747011536
repeated_stratified_5x5_internal	rs_10	CNV0_02543	0	prespecified_C_0.5_QK_quantum_0.5	0.30470714873276794
repeated_stratified_5x5_internal	rs_10	CNV0_02555	0	prespecified_C_0.5_QK_quantum_0.5	0.6228226831672926
repeated_stratified_5x5_internal	rs_10	CNV0_02575	0	prespecified_C_0.5_QK_quantum_0.5	0.4320083818600556
repeated_stratified_5x5_internal	rs_10	CNV0_02579	0	prespecified_C_0.5_QK_quantum_0.5	0.3020532853427539
repeated_stratified_5x5_internal	rs_10	CNV0_02584	0	prespecified_C_0.5_QK_quantum_0.5	0.3609021997046752
repeated_stratified_5x5_internal	rs_10	CNV0_02585	0	prespecified_C_0.5_QK_quantum_0.5	0.4452418745454087
repeated_stratified_5x5_internal	rs_10	CNV0_02587	0	prespecified_C_0.5_QK_quantum_0.5	0.3371779944423485
repeated_stratified_5x5_internal	rs_10	CNV0_02590	0	prespecified_C_0.5_QK_quantum_0.5	0.44353275983571017
repeated_stratified_5x5_internal	rs_10	CNV0_02655	0	prespecified_C_0.5_QK_quantum_0.5	0.3782411935066554
repeated_stratified_5x5_internal	rs_10	CNV0_02708	1	prespecified_C_0.5_QK_quantum_0.5	0.35963446920538844
repeated_stratified_5x5_internal	rs_10	CNV0_02709	1	prespecified_C_0.5_QK_quantum_0.5	0.5248602654013486
repeated_stratified_5x5_internal	rs_10	CNV0_02398	1	nested_learned_gate_C_QK_structure	0.3966622744997702
repeated_stratified_5x5_internal	rs_10	CNV0_02412	0	nested_learned_gate_C_QK_structure	0.33440435406055957
repeated_stratified_5x5_internal	rs_10	CNV0_02415	0	nested_learned_gate_C_QK_structure	0.16919169891431207
repeated_stratified_5x5_internal	rs_10	CNV0_02448	1	nested_learned_gate_C_QK_structure	0.6175874349467452
repeated_stratified_5x5_internal	rs_10	CNV0_02479	1	nested_learned_gate_C_QK_structure	0.6930068912704579
repeated_stratified_5x5_internal	rs_10	CNV0_02512	0	nested_learned_gate_C_QK_structure	0.38854018456811046
repeated_stratified_5x5_internal	rs_10	CNV0_02516	0	nested_learned_gate_C_QK_structure	0.5481379832162001
repeated_stratified_5x5_internal	rs_10	CNV0_02543	0	nested_learned_gate_C_QK_structure	0.4727458517409089
repeated_stratified_5x5_internal	rs_10	CNV0_02555	0	nested_learned_gate_C_QK_structure	0.46184735163542623
repeated_stratified_5x5_internal	rs_10	CNV0_02575	0	nested_learned_gate_C_QK_structure	0.6270010766739186
repeated_stratified_5x5_internal	rs_10	CNV0_02579	0	nested_learned_gate_C_QK_structure	0.47546613603185606
repeated_stratified_5x5_internal	rs_10	CNV0_02584	0	nested_learned_gate_C_QK_structure	0.34348736390865314
repeated_stratified_5x5_internal	rs_10	CNV0_02585	0	nested_learned_gate_C_QK_structure	0.3335132831693096
repeated_stratified_5x5_internal	rs_10	CNV0_02587	0	nested_learned_gate_C_QK_structure	0.459028815122825
repeated_stratified_5x5_internal	rs_10	CNV0_02590	0	nested_learned_gate_C_QK_structure	0.454619255605529
repeated_stratified_5x5_internal	rs_10	CNV0_02655	0	nested_learned_gate_C_QK_structure	0.6232147015207853
repeated_stratified_5x5_internal	rs_10	CNV0_02708	1	nested_learned_gate_C_QK_structure	0.5713422686996673
repeated_stratified_5x5_internal	rs_10	CNV0_02709	1	nested_learned_gate_C_QK_structure	0.20109840343577357
repeated_stratified_5x5_internal	rs_10	CNV0_02398	1	stacked_calibrated_meta_model_lowdim_only	0.3754686038796308
repeated_stratified_5x5_internal	rs_10	CNV0_02412	0	stacked_calibrated_meta_model_lowdim_only	0.2514331231239156
repeated_stratified_5x5_internal	rs_10	CNV0_02415	0	stacked_calibrated_meta_model_lowdim_only	0.3512623490440886
repeated_stratified_5x5_internal	rs_10	CNV0_02448	1	stacked_calibrated_meta_model_lowdim_only	0.40590289294670523
repeated_stratified_5x5_internal	rs_10	CNV0_02479	1	stacked_calibrated_meta_model_lowdim_only	0.464115919453671
repeated_stratified_5x5_internal	rs_10	CNV0_02512	0	stacked_calibrated_meta_model_lowdim_only	0.47380999171981464
repeated_stratified_5x5_internal	rs_10	CNV0_02516	0	stacked_calibrated_meta_model_lowdim_only	0.5117949887485255
repeated_stratified_5x5_internal	rs_10	CNV0_02543	0	stacked_calibrated_meta_model_lowdim_only	0.45475850642636584
repeated_stratified_5x5_internal	rs_10	CNV0_02555	0	stacked_calibrated_meta_model_lowdim_only	0.3688795030323517
repeated_stratified_5x5_internal	rs_10	CNV0_02575	0	stacked_calibrated_meta_model_lowdim_only	0.40257596215180447
repeated_stratified_5x5_internal	rs_10	CNV0_02579	0	stacked_calibrated_meta_model_lowdim_only	0.41233577750479583
repeated_stratified_5x5_internal	rs_10	CNV0_02584	0	stacked_calibrated_meta_model_lowdim_only	0.3591217333727624
repeated_stratified_5x5_internal	rs_10	CNV0_02585	0	stacked_calibrated_meta_model_lowdim_only	0.39046580267433895
repeated_stratified_5x5_internal	rs_10	CNV0_02587	0	stacked_calibrated_meta_model_lowdim_only	0.3976631446731667
repeated_stratified_5x5_internal	rs_10	CNV0_02590	0	stacked_calibrated_meta_model_lowdim_only	0.4636275373443791
repeated_stratified_5x5_internal	rs_10	CNV0_02655	0	stacked_calibrated_meta_model_lowdim_only	0.3400093775813669
repeated_stratified_5x5_internal	rs_10	CNV0_02708	1	stacked_calibrated_meta_model_lowdim_only	0.416782699437541
repeated_stratified_5x5_internal	rs_10	CNV0_02709	1	stacked_calibrated_meta_model_lowdim_only	0.34571149475478885
repeated_stratified_5x5_internal	rs_10	CNV0_02398	1	rule_gated_C_QK_structure	0.43723796343714555
repeated_stratified_5x5_internal	rs_10	CNV0_02412	0	rule_gated_C_QK_structure	0.373729271372892
repeated_stratified_5x5_internal	rs_10	CNV0_02415	0	rule_gated_C_QK_structure	0.24182703045356413
repeated_stratified_5x5_internal	rs_10	CNV0_02448	1	rule_gated_C_QK_structure	0.561643126882921
repeated_stratified_5x5_internal	rs_10	CNV0_02479	1	rule_gated_C_QK_structure	0.5689402059021249
repeated_stratified_5x5_internal	rs_10	CNV0_02512	0	rule_gated_C_QK_structure	0.3401528709216175
repeated_stratified_5x5_internal	rs_10	CNV0_02516	0	rule_gated_C_QK_structure	0.43347492147026523
repeated_stratified_5x5_internal	rs_10	CNV0_02543	0	rule_gated_C_QK_structure	0.38747636010076475
repeated_stratified_5x5_internal	rs_10	CNV0_02555	0	rule_gated_C_QK_structure	0.47031389559432524
repeated_stratified_5x5_internal	rs_10	CNV0_02575	0	rule_gated_C_QK_structure	0.48735733480521326
repeated_stratified_5x5_internal	rs_10	CNV0_02579	0	rule_gated_C_QK_structure	0.3962089258271403
repeated_stratified_5x5_internal	rs_10	CNV0_02584	0	rule_gated_C_QK_structure	0.31478973582018865
repeated_stratified_5x5_internal	rs_10	CNV0_02585	0	rule_gated_C_QK_structure	0.352083298477306
repeated_stratified_5x5_internal	rs_10	CNV0_02587	0	rule_gated_C_QK_structure	0.38697744615393775
repeated_stratified_5x5_internal	rs_10	CNV0_02590	0	rule_gated_C_QK_structure	0.41018380505543856
repeated_stratified_5x5_internal	rs_10	CNV0_02655	0	rule_gated_C_QK_structure	0.5063446947128931
repeated_stratified_5x5_internal	rs_10	CNV0_02708	1	rule_gated_C_QK_structure	0.4484870633458336
repeated_stratified_5x5_internal	rs_10	CNV0_02709	1	rule_gated_C_QK_structure	0.3046041903010139
repeated_stratified_5x5_internal	rs_11	CNV0_02396	1	prespecified_equal_weight_C_QK_no_anchor	0.31387031251937947
repeated_stratified_5x5_internal	rs_11	CNV0_02413	0	prespecified_equal_weight_C_QK_no_anchor	0.504015640604839
repeated_stratified_5x5_internal	rs_11	CNV0_02416	0	prespecified_equal_weight_C_QK_no_anchor	0.44033816230679107
repeated_stratified_5x5_internal	rs_11	CNV0_02425	1	prespecified_equal_weight_C_QK_no_anchor	0.505631344683824
repeated_stratified_5x5_internal	rs_11	CNV0_02453	0	prespecified_equal_weight_C_QK_no_anchor	0.4137978676147595
repeated_stratified_5x5_internal	rs_11	CNV0_02460	1	prespecified_equal_weight_C_QK_no_anchor	0.4550760251460115
repeated_stratified_5x5_internal	rs_11	CNV0_02511	1	prespecified_equal_weight_C_QK_no_anchor	0.5447836173831238
repeated_stratified_5x5_internal	rs_11	CNV0_02515	0	prespecified_equal_weight_C_QK_no_anchor	0.5146122761043832
repeated_stratified_5x5_internal	rs_11	CNV0_02563	0	prespecified_equal_weight_C_QK_no_anchor	0.38186951882623454
repeated_stratified_5x5_internal	rs_11	CNV0_02571	0	prespecified_equal_weight_C_QK_no_anchor	0.29392856370665243
repeated_stratified_5x5_internal	rs_11	CNV0_02574	0	prespecified_equal_weight_C_QK_no_anchor	0.3633562322398395
repeated_stratified_5x5_internal	rs_11	CNV0_02586	0	prespecified_equal_weight_C_QK_no_anchor	0.3844429380130889
repeated_stratified_5x5_internal	rs_11	CNV0_02588	0	prespecified_equal_weight_C_QK_no_anchor	0.17622797951748526
repeated_stratified_5x5_internal	rs_11	CNV0_02589	0	prespecified_equal_weight_C_QK_no_anchor	0.4066785335681514
repeated_stratified_5x5_internal	rs_11	CNV0_02591	0	prespecified_equal_weight_C_QK_no_anchor	0.28718863290015784
repeated_stratified_5x5_internal	rs_11	CNV0_02593	0	prespecified_equal_weight_C_QK_no_anchor	0.4434971496680232
repeated_stratified_5x5_internal	rs_11	CNV0_02594	0	prespecified_equal_weight_C_QK_no_anchor	0.2082092868104189
repeated_stratified_5x5_internal	rs_11	CNV0_02660	0	prespecified_equal_weight_C_QK_no_anchor	0.27875866085742335
repeated_stratified_5x5_internal	rs_11	CNV0_02396	1	prespecified_C_0.5_QK_quantum_0.5	0.42713431865241064
repeated_stratified_5x5_internal	rs_11	CNV0_02413	0	prespecified_C_0.5_QK_quantum_0.5	0.4977892660277751
repeated_stratified_5x5_internal	rs_11	CNV0_02416	0	prespecified_C_0.5_QK_quantum_0.5	0.5221591758411743
repeated_stratified_5x5_internal	rs_11	CNV0_02425	1	prespecified_C_0.5_QK_quantum_0.5	0.4702045289184326
repeated_stratified_5x5_internal	rs_11	CNV0_02453	0	prespecified_C_0.5_QK_quantum_0.5	0.4856027841408045
repeated_stratified_5x5_internal	rs_11	CNV0_02460	1	prespecified_C_0.5_QK_quantum_0.5	0.4354347576604214
repeated_stratified_5x5_internal	rs_11	CNV0_02511	1	prespecified_C_0.5_QK_quantum_0.5	0.4970031550422329
repeated_stratified_5x5_internal	rs_11	CNV0_02515	0	prespecified_C_0.5_QK_quantum_0.5	0.5040720128508382
repeated_stratified_5x5_internal	rs_11	CNV0_02563	0	prespecified_C_0.5_QK_quantum_0.5	0.23642366564338174
repeated_stratified_5x5_internal	rs_11	CNV0_02571	0	prespecified_C_0.5_QK_quantum_0.5	0.26097842555724426
repeated_stratified_5x5_internal	rs_11	CNV0_02574	0	prespecified_C_0.5_QK_quantum_0.5	0.24491729556541522
repeated_stratified_5x5_internal	rs_11	CNV0_02586	0	prespecified_C_0.5_QK_quantum_0.5	0.43380478222351754
repeated_stratified_5x5_internal	rs_11	CNV0_02588	0	prespecified_C_0.5_QK_quantum_0.5	0.19768474844226075
repeated_stratified_5x5_internal	rs_11	CNV0_02589	0	prespecified_C_0.5_QK_quantum_0.5	0.34109161769353236
repeated_stratified_5x5_internal	rs_11	CNV0_02591	0	prespecified_C_0.5_QK_quantum_0.5	0.36118849600777536
repeated_stratified_5x5_internal	rs_11	CNV0_02593	0	prespecified_C_0.5_QK_quantum_0.5	0.3727699824879682
repeated_stratified_5x5_internal	rs_11	CNV0_02594	0	prespecified_C_0.5_QK_quantum_0.5	0.31656679859495634
repeated_stratified_5x5_internal	rs_11	CNV0_02660	0	prespecified_C_0.5_QK_quantum_0.5	0.4203729242499952
repeated_stratified_5x5_internal	rs_11	CNV0_02396	1	nested_learned_gate_C_QK_structure	0.2897901899902462
repeated_stratified_5x5_internal	rs_11	CNV0_02413	0	nested_learned_gate_C_QK_structure	0.47616147252737584
repeated_stratified_5x5_internal	rs_11	CNV0_02416	0	nested_learned_gate_C_QK_structure	0.46881445700610264
repeated_stratified_5x5_internal	rs_11	CNV0_02425	1	nested_learned_gate_C_QK_structure	0.48840583954323724
repeated_stratified_5x5_internal	rs_11	CNV0_02453	0	nested_learned_gate_C_QK_structure	0.364643051182401
repeated_stratified_5x5_internal	rs_11	CNV0_02460	1	nested_learned_gate_C_QK_structure	0.46422560077547936
repeated_stratified_5x5_internal	rs_11	CNV0_02511	1	nested_learned_gate_C_QK_structure	0.5021899203467006
repeated_stratified_5x5_internal	rs_11	CNV0_02515	0	nested_learned_gate_C_QK_structure	0.4679278381229561
repeated_stratified_5x5_internal	rs_11	CNV0_02563	0	nested_learned_gate_C_QK_structure	0.36573950114528875
repeated_stratified_5x5_internal	rs_11	CNV0_02571	0	nested_learned_gate_C_QK_structure	0.29589574990743894
repeated_stratified_5x5_internal	rs_11	CNV0_02574	0	nested_learned_gate_C_QK_structure	0.3066255867315158
repeated_stratified_5x5_internal	rs_11	CNV0_02586	0	nested_learned_gate_C_QK_structure	0.32676384453566226
repeated_stratified_5x5_internal	rs_11	CNV0_02588	0	nested_learned_gate_C_QK_structure	0.19117576743129258
repeated_stratified_5x5_internal	rs_11	CNV0_02589	0	nested_learned_gate_C_QK_structure	0.37813351085422253
repeated_stratified_5x5_internal	rs_11	CNV0_02591	0	nested_learned_gate_C_QK_structure	0.25843493615291
repeated_stratified_5x5_internal	rs_11	CNV0_02593	0	nested_learned_gate_C_QK_structure	0.4073031291962757
repeated_stratified_5x5_internal	rs_11	CNV0_02594	0	nested_learned_gate_C_QK_structure	0.22763229158309983
repeated_stratified_5x5_internal	rs_11	CNV0_02660	0	nested_learned_gate_C_QK_structure	0.3116288117962014
repeated_stratified_5x5_internal	rs_11	CNV0_02396	1	stacked_calibrated_meta_model_lowdim_only	0.37344597243882366
repeated_stratified_5x5_internal	rs_11	CNV0_02413	0	stacked_calibrated_meta_model_lowdim_only	0.3859250586566252
repeated_stratified_5x5_internal	rs_11	CNV0_02416	0	stacked_calibrated_meta_model_lowdim_only	0.4521989787304769
repeated_stratified_5x5_internal	rs_11	CNV0_02425	1	stacked_calibrated_meta_model_lowdim_only	0.4267961229208609
repeated_stratified_5x5_internal	rs_11	CNV0_02453	0	stacked_calibrated_meta_model_lowdim_only	0.3722848954799191
repeated_stratified_5x5_internal	rs_11	CNV0_02460	1	stacked_calibrated_meta_model_lowdim_only	0.4843233566804601
repeated_stratified_5x5_internal	rs_11	CNV0_02511	1	stacked_calibrated_meta_model_lowdim_only	0.355833725793433
repeated_stratified_5x5_internal	rs_11	CNV0_02515	0	stacked_calibrated_meta_model_lowdim_only	0.36911832917114634
repeated_stratified_5x5_internal	rs_11	CNV0_02563	0	stacked_calibrated_meta_model_lowdim_only	0.44980104170375834
repeated_stratified_5x5_internal	rs_11	CNV0_02571	0	stacked_calibrated_meta_model_lowdim_only	0.4738246703034816
repeated_stratified_5x5_internal	rs_11	CNV0_02574	0	stacked_calibrated_meta_model_lowdim_only	0.4141994007495031
repeated_stratified_5x5_internal	rs_11	CNV0_02586	0	stacked_calibrated_meta_model_lowdim_only	0.35636559851057387
repeated_stratified_5x5_internal	rs_11	CNV0_02588	0	stacked_calibrated_meta_model_lowdim_only	0.4659583253921754
repeated_stratified_5x5_internal	rs_11	CNV0_02589	0	stacked_calibrated_meta_model_lowdim_only	0.40104552769288854
repeated_stratified_5x5_internal	rs_11	CNV0_02591	0	stacked_calibrated_meta_model_lowdim_only	0.4154309971324465
repeated_stratified_5x5_internal	rs_11	CNV0_02593	0	stacked_calibrated_meta_model_lowdim_only	0.40062787312599846
repeated_stratified_5x5_internal	rs_11	CNV0_02594	0	stacked_calibrated_meta_model_lowdim_only	0.45012628019500067
repeated_stratified_5x5_internal	rs_11	CNV0_02660	0	stacked_calibrated_meta_model_lowdim_only	0.43469480554110146
repeated_stratified_5x5_internal	rs_11	CNV0_02396	1	rule_gated_C_QK_structure	0.3400409946245003
repeated_stratified_5x5_internal	rs_11	CNV0_02413	0	rule_gated_C_QK_structure	0.48701579366095943
repeated_stratified_5x5_internal	rs_11	CNV0_02416	0	rule_gated_C_QK_structure	0.44425636580579453
repeated_stratified_5x5_internal	rs_11	CNV0_02425	1	rule_gated_C_QK_structure	0.4719685047263419
repeated_stratified_5x5_internal	rs_11	CNV0_02453	0	rule_gated_C_QK_structure	0.42295785170178846
repeated_stratified_5x5_internal	rs_11	CNV0_02460	1	rule_gated_C_QK_structure	0.4361567100335262
repeated_stratified_5x5_internal	rs_11	CNV0_02511	1	rule_gated_C_QK_structure	0.5100375839815197
repeated_stratified_5x5_internal	rs_11	CNV0_02515	0	rule_gated_C_QK_structure	0.49219594842767017
repeated_stratified_5x5_internal	rs_11	CNV0_02563	0	rule_gated_C_QK_structure	0.33681056018451444
repeated_stratified_5x5_internal	rs_11	CNV0_02571	0	rule_gated_C_QK_structure	0.27812273353272526
repeated_stratified_5x5_internal	rs_11	CNV0_02574	0	rule_gated_C_QK_structure	0.31737116727748194
repeated_stratified_5x5_internal	rs_11	CNV0_02586	0	rule_gated_C_QK_structure	0.38212060871583
repeated_stratified_5x5_internal	rs_11	CNV0_02588	0	rule_gated_C_QK_structure	0.19086385823477015
repeated_stratified_5x5_internal	rs_11	CNV0_02589	0	rule_gated_C_QK_structure	0.3848923794789959
repeated_stratified_5x5_internal	rs_11	CNV0_02591	0	rule_gated_C_QK_structure	0.2912622717214285
repeated_stratified_5x5_internal	rs_11	CNV0_02593	0	rule_gated_C_QK_structure	0.4110206787989775
repeated_stratified_5x5_internal	rs_11	CNV0_02594	0	rule_gated_C_QK_structure	0.23882844598109648
repeated_stratified_5x5_internal	rs_11	CNV0_02660	0	rule_gated_C_QK_structure	0.3084010297509051
repeated_stratified_5x5_internal	rs_12	CNV0_02401	0	prespecified_equal_weight_C_QK_no_anchor	0.38096864706781186
repeated_stratified_5x5_internal	rs_12	CNV0_02405	1	prespecified_equal_weight_C_QK_no_anchor	0.4801959487989803
repeated_stratified_5x5_internal	rs_12	CNV0_02419	0	prespecified_equal_weight_C_QK_no_anchor	0.41897203873322025
repeated_stratified_5x5_internal	rs_12	CNV0_02442	1	prespecified_equal_weight_C_QK_no_anchor	0.5083315839040389
repeated_stratified_5x5_internal	rs_12	CNV0_02514	0	prespecified_equal_weight_C_QK_no_anchor	0.5404316710937622
repeated_stratified_5x5_internal	rs_12	CNV0_02517	0	prespecified_equal_weight_C_QK_no_anchor	0.51505257875466
repeated_stratified_5x5_internal	rs_12	CNV0_02537	0	prespecified_equal_weight_C_QK_no_anchor	0.15955536405047496
repeated_stratified_5x5_internal	rs_12	CNV0_02545	1	prespecified_equal_weight_C_QK_no_anchor	0.2671427530696516
repeated_stratified_5x5_internal	rs_12	CNV0_02550	0	prespecified_equal_weight_C_QK_no_anchor	0.2909452804689682
repeated_stratified_5x5_internal	rs_12	CNV0_02557	0	prespecified_equal_weight_C_QK_no_anchor	0.4417478421234542
repeated_stratified_5x5_internal	rs_12	CNV0_02565	0	prespecified_equal_weight_C_QK_no_anchor	0.47315685664187446
repeated_stratified_5x5_internal	rs_12	CNV0_02567	0	prespecified_equal_weight_C_QK_no_anchor	0.5138294558749714
repeated_stratified_5x5_internal	rs_12	CNV0_02572	0	prespecified_equal_weight_C_QK_no_anchor	0.5648716016898826
repeated_stratified_5x5_internal	rs_12	CNV0_02577	0	prespecified_equal_weight_C_QK_no_anchor	0.49554194217114633
repeated_stratified_5x5_internal	rs_12	CNV0_02581	0	prespecified_equal_weight_C_QK_no_anchor	0.20416149857602914
repeated_stratified_5x5_internal	rs_12	CNV0_02583	0	prespecified_equal_weight_C_QK_no_anchor	0.16799245121471007
repeated_stratified_5x5_internal	rs_12	CNV0_02681	0	prespecified_equal_weight_C_QK_no_anchor	0.45017667272668993
repeated_stratified_5x5_internal	rs_12	CNV0_02712	1	prespecified_equal_weight_C_QK_no_anchor	0.44431819905284115
repeated_stratified_5x5_internal	rs_12	CNV0_02401	0	prespecified_C_0.5_QK_quantum_0.5	0.5532085284349394
repeated_stratified_5x5_internal	rs_12	CNV0_02405	1	prespecified_C_0.5_QK_quantum_0.5	0.3052434462070872
repeated_stratified_5x5_internal	rs_12	CNV0_02419	0	prespecified_C_0.5_QK_quantum_0.5	0.3996412410476812
repeated_stratified_5x5_internal	rs_12	CNV0_02442	1	prespecified_C_0.5_QK_quantum_0.5	0.6038237610983979
repeated_stratified_5x5_internal	rs_12	CNV0_02514	0	prespecified_C_0.5_QK_quantum_0.5	0.4031898941180103
repeated_stratified_5x5_internal	rs_12	CNV0_02517	0	prespecified_C_0.5_QK_quantum_0.5	0.42332924995642957
repeated_stratified_5x5_internal	rs_12	CNV0_02537	0	prespecified_C_0.5_QK_quantum_0.5	0.21768457880832556
repeated_stratified_5x5_internal	rs_12	CNV0_02545	1	prespecified_C_0.5_QK_quantum_0.5	0.3938283091573117
repeated_stratified_5x5_internal	rs_12	CNV0_02550	0	prespecified_C_0.5_QK_quantum_0.5	0.5529102671547486
repeated_stratified_5x5_internal	rs_12	CNV0_02557	0	prespecified_C_0.5_QK_quantum_0.5	0.3552246670575305
repeated_stratified_5x5_internal	rs_12	CNV0_02565	0	prespecified_C_0.5_QK_quantum_0.5	0.5424719631971398
repeated_stratified_5x5_internal	rs_12	CNV0_02567	0	prespecified_C_0.5_QK_quantum_0.5	0.3585472512092776
repeated_stratified_5x5_internal	rs_12	CNV0_02572	0	prespecified_C_0.5_QK_quantum_0.5	0.5948422809593814
repeated_stratified_5x5_internal	rs_12	CNV0_02577	0	prespecified_C_0.5_QK_quantum_0.5	0.16436022137139739
repeated_stratified_5x5_internal	rs_12	CNV0_02581	0	prespecified_C_0.5_QK_quantum_0.5	0.22923258829411786
repeated_stratified_5x5_internal	rs_12	CNV0_02583	0	prespecified_C_0.5_QK_quantum_0.5	0.2071737634352464
repeated_stratified_5x5_internal	rs_12	CNV0_02681	0	prespecified_C_0.5_QK_quantum_0.5	0.23709137289804144
repeated_stratified_5x5_internal	rs_12	CNV0_02712	1	prespecified_C_0.5_QK_quantum_0.5	0.505033757532039
repeated_stratified_5x5_internal	rs_12	CNV0_02401	0	nested_learned_gate_C_QK_structure	0.4266530825405754
repeated_stratified_5x5_internal	rs_12	CNV0_02405	1	nested_learned_gate_C_QK_structure	0.4520666187399557
repeated_stratified_5x5_internal	rs_12	CNV0_02419	0	nested_learned_gate_C_QK_structure	0.46310061732322794
repeated_stratified_5x5_internal	rs_12	CNV0_02442	1	nested_learned_gate_C_QK_structure	0.5298996744002178
repeated_stratified_5x5_internal	rs_12	CNV0_02514	0	nested_learned_gate_C_QK_structure	0.5122652194129319
repeated_stratified_5x5_internal	rs_12	CNV0_02517	0	nested_learned_gate_C_QK_structure	0.4543003277151089
repeated_stratified_5x5_internal	rs_12	CNV0_02537	0	nested_learned_gate_C_QK_structure	0.177854935573018
repeated_stratified_5x5_internal	rs_12	CNV0_02545	1	nested_learned_gate_C_QK_structure	0.267154304558871
repeated_stratified_5x5_internal	rs_12	CNV0_02550	0	nested_learned_gate_C_QK_structure	0.30584897569316605
repeated_stratified_5x5_internal	rs_12	CNV0_02557	0	nested_learned_gate_C_QK_structure	0.4301894938634474
repeated_stratified_5x5_internal	rs_12	CNV0_02565	0	nested_learned_gate_C_QK_structure	0.5006959204451829
repeated_stratified_5x5_internal	rs_12	CNV0_02567	0	nested_learned_gate_C_QK_structure	0.4264871052364939
repeated_stratified_5x5_internal	rs_12	CNV0_02572	0	nested_learned_gate_C_QK_structure	0.5164817813483831
repeated_stratified_5x5_internal	rs_12	CNV0_02577	0	nested_learned_gate_C_QK_structure	0.4231089569608499
repeated_stratified_5x5_internal	rs_12	CNV0_02581	0	nested_learned_gate_C_QK_structure	0.2412079612238457
repeated_stratified_5x5_internal	rs_12	CNV0_02583	0	nested_learned_gate_C_QK_structure	0.17551998342220396
repeated_stratified_5x5_internal	rs_12	CNV0_02681	0	nested_learned_gate_C_QK_structure	0.3865720715782357
repeated_stratified_5x5_internal	rs_12	CNV0_02712	1	nested_learned_gate_C_QK_structure	0.477679982193131
repeated_stratified_5x5_internal	rs_12	CNV0_02401	0	stacked_calibrated_meta_model_lowdim_only	0.41496390220305523
repeated_stratified_5x5_internal	rs_12	CNV0_02405	1	stacked_calibrated_meta_model_lowdim_only	0.43113359214467833
repeated_stratified_5x5_internal	rs_12	CNV0_02419	0	stacked_calibrated_meta_model_lowdim_only	0.4325585234726828
repeated_stratified_5x5_internal	rs_12	CNV0_02442	1	stacked_calibrated_meta_model_lowdim_only	0.803847435954802
repeated_stratified_5x5_internal	rs_12	CNV0_02514	0	stacked_calibrated_meta_model_lowdim_only	0.5109429691891746
repeated_stratified_5x5_internal	rs_12	CNV0_02517	0	stacked_calibrated_meta_model_lowdim_only	0.4354166805391181
repeated_stratified_5x5_internal	rs_12	CNV0_02537	0	stacked_calibrated_meta_model_lowdim_only	0.4697840147632902
repeated_stratified_5x5_internal	rs_12	CNV0_02545	1	stacked_calibrated_meta_model_lowdim_only	0.3902606244865319
repeated_stratified_5x5_internal	rs_12	CNV0_02550	0	stacked_calibrated_meta_model_lowdim_only	0.4625593990208994
repeated_stratified_5x5_internal	rs_12	CNV0_02557	0	stacked_calibrated_meta_model_lowdim_only	0.4459249355296276
repeated_stratified_5x5_internal	rs_12	CNV0_02565	0	stacked_calibrated_meta_model_lowdim_only	0.4181648643647883
repeated_stratified_5x5_internal	rs_12	CNV0_02567	0	stacked_calibrated_meta_model_lowdim_only	0.42667570272854094
repeated_stratified_5x5_internal	rs_12	CNV0_02572	0	stacked_calibrated_meta_model_lowdim_only	0.457663348542193
repeated_stratified_5x5_internal	rs_12	CNV0_02577	0	stacked_calibrated_meta_model_lowdim_only	0.44349298173143364
repeated_stratified_5x5_internal	rs_12	CNV0_02581	0	stacked_calibrated_meta_model_lowdim_only	0.4253951383451166
repeated_stratified_5x5_internal	rs_12	CNV0_02583	0	stacked_calibrated_meta_model_lowdim_only	0.39913668700087707
repeated_stratified_5x5_internal	rs_12	CNV0_02681	0	stacked_calibrated_meta_model_lowdim_only	0.4458211564506021
repeated_stratified_5x5_internal	rs_12	CNV0_02712	1	stacked_calibrated_meta_model_lowdim_only	0.7971292228349927
repeated_stratified_5x5_internal	rs_12	CNV0_02401	0	rule_gated_C_QK_structure	0.42003144110604684
repeated_stratified_5x5_internal	rs_12	CNV0_02405	1	rule_gated_C_QK_structure	0.4326183976727006
repeated_stratified_5x5_internal	rs_12	CNV0_02419	0	rule_gated_C_QK_structure	0.4061043198959826
repeated_stratified_5x5_internal	rs_12	CNV0_02442	1	rule_gated_C_QK_structure	0.520518994446991
repeated_stratified_5x5_internal	rs_12	CNV0_02514	0	rule_gated_C_QK_structure	0.4910007062895252
repeated_stratified_5x5_internal	rs_12	CNV0_02517	0	rule_gated_C_QK_structure	0.4758541324410224
repeated_stratified_5x5_internal	rs_12	CNV0_02537	0	rule_gated_C_QK_structure	0.1884095192501955
repeated_stratified_5x5_internal	rs_12	CNV0_02545	1	rule_gated_C_QK_structure	0.29127194532678924
repeated_stratified_5x5_internal	rs_12	CNV0_02550	0	rule_gated_C_QK_structure	0.3341979877194411
repeated_stratified_5x5_internal	rs_12	CNV0_02557	0	rule_gated_C_QK_structure	0.40791895203039963
repeated_stratified_5x5_internal	rs_12	CNV0_02565	0	rule_gated_C_QK_structure	0.4806826791825144
repeated_stratified_5x5_internal	rs_12	CNV0_02567	0	rule_gated_C_QK_structure	0.4588781561920928
repeated_stratified_5x5_internal	rs_12	CNV0_02572	0	rule_gated_C_QK_structure	0.538060742508396
repeated_stratified_5x5_internal	rs_12	CNV0_02577	0	rule_gated_C_QK_structure	0.4090463554921634
repeated_stratified_5x5_internal	rs_12	CNV0_02581	0	rule_gated_C_QK_structure	0.20515875196558472
repeated_stratified_5x5_internal	rs_12	CNV0_02583	0	rule_gated_C_QK_structure	0.18337437136458234
repeated_stratified_5x5_internal	rs_12	CNV0_02681	0	rule_gated_C_QK_structure	0.40263157664896987
repeated_stratified_5x5_internal	rs_12	CNV0_02712	1	rule_gated_C_QK_structure	0.45517725627758376
repeated_stratified_5x5_internal	rs_13	CNV0_02411	0	prespecified_equal_weight_C_QK_no_anchor	0.3984170073554619
repeated_stratified_5x5_internal	rs_13	CNV0_02414	0	prespecified_equal_weight_C_QK_no_anchor	0.3990324445523698
repeated_stratified_5x5_internal	rs_13	CNV0_02418	0	prespecified_equal_weight_C_QK_no_anchor	0.4500899180388567
repeated_stratified_5x5_internal	rs_13	CNV0_02421	0	prespecified_equal_weight_C_QK_no_anchor	0.4500834419711506
repeated_stratified_5x5_internal	rs_13	CNV0_02477	1	prespecified_equal_weight_C_QK_no_anchor	0.4459271921361095
repeated_stratified_5x5_internal	rs_13	CNV0_02478	1	prespecified_equal_weight_C_QK_no_anchor	0.5865241858867005
repeated_stratified_5x5_internal	rs_13	CNV0_02510	1	prespecified_equal_weight_C_QK_no_anchor	0.3808005059753931
repeated_stratified_5x5_internal	rs_13	CNV0_02536	0	prespecified_equal_weight_C_QK_no_anchor	0.3937783223812914
repeated_stratified_5x5_internal	rs_13	CNV0_02538	0	prespecified_equal_weight_C_QK_no_anchor	0.33184032153726006
repeated_stratified_5x5_internal	rs_13	CNV0_02553	0	prespecified_equal_weight_C_QK_no_anchor	0.42106193580573137
repeated_stratified_5x5_internal	rs_13	CNV0_02559	0	prespecified_equal_weight_C_QK_no_anchor	0.4248027714941537
repeated_stratified_5x5_internal	rs_13	CNV0_02562	0	prespecified_equal_weight_C_QK_no_anchor	0.2980406099130775
repeated_stratified_5x5_internal	rs_13	CNV0_02568	0	prespecified_equal_weight_C_QK_no_anchor	0.3554536411287309
repeated_stratified_5x5_internal	rs_13	CNV0_02569	0	prespecified_equal_weight_C_QK_no_anchor	0.24683974786045937
repeated_stratified_5x5_internal	rs_13	CNV0_02578	0	prespecified_equal_weight_C_QK_no_anchor	0.43221997986283944
repeated_stratified_5x5_internal	rs_13	CNV0_02580	0	prespecified_equal_weight_C_QK_no_anchor	0.520392972463627
repeated_stratified_5x5_internal	rs_13	CNV0_02685	0	prespecified_equal_weight_C_QK_no_anchor	0.4903060679237039
repeated_stratified_5x5_internal	rs_13	CNV0_02713	1	prespecified_equal_weight_C_QK_no_anchor	0.36637798075676653
repeated_stratified_5x5_internal	rs_13	CNV0_02411	0	prespecified_C_0.5_QK_quantum_0.5	0.3663677302159909
repeated_stratified_5x5_internal	rs_13	CNV0_02414	0	prespecified_C_0.5_QK_quantum_0.5	0.4048547838014222
repeated_stratified_5x5_internal	rs_13	CNV0_02418	0	prespecified_C_0.5_QK_quantum_0.5	0.31380884072105925
repeated_stratified_5x5_internal	rs_13	CNV0_02421	0	prespecified_C_0.5_QK_quantum_0.5	0.44692476619987165
repeated_stratified_5x5_internal	rs_13	CNV0_02477	1	prespecified_C_0.5_QK_quantum_0.5	0.6063148806261318
repeated_stratified_5x5_internal	rs_13	CNV0_02478	1	prespecified_C_0.5_QK_quantum_0.5	0.5891727111723692
repeated_stratified_5x5_internal	rs_13	CNV0_02510	1	prespecified_C_0.5_QK_quantum_0.5	0.28314414800842813
repeated_stratified_5x5_internal	rs_13	CNV0_02536	0	prespecified_C_0.5_QK_quantum_0.5	0.3933635111435201
repeated_stratified_5x5_internal	rs_13	CNV0_02538	0	prespecified_C_0.5_QK_quantum_0.5	0.4040676369949534
repeated_stratified_5x5_internal	rs_13	CNV0_02553	0	prespecified_C_0.5_QK_quantum_0.5	0.521980506479407
repeated_stratified_5x5_internal	rs_13	CNV0_02559	0	prespecified_C_0.5_QK_quantum_0.5	0.39527560419057933
repeated_stratified_5x5_internal	rs_13	CNV0_02562	0	prespecified_C_0.5_QK_quantum_0.5	0.27108539641958973
repeated_stratified_5x5_internal	rs_13	CNV0_02568	0	prespecified_C_0.5_QK_quantum_0.5	0.40437385442721174
repeated_stratified_5x5_internal	rs_13	CNV0_02569	0	prespecified_C_0.5_QK_quantum_0.5	0.3585958843561296
repeated_stratified_5x5_internal	rs_13	CNV0_02578	0	prespecified_C_0.5_QK_quantum_0.5	0.46941080251870615
repeated_stratified_5x5_internal	rs_13	CNV0_02580	0	prespecified_C_0.5_QK_quantum_0.5	0.346787548030427
repeated_stratified_5x5_internal	rs_13	CNV0_02685	0	prespecified_C_0.5_QK_quantum_0.5	0.4393709598398935
repeated_stratified_5x5_internal	rs_13	CNV0_02713	1	prespecified_C_0.5_QK_quantum_0.5	0.25724163543693146
repeated_stratified_5x5_internal	rs_13	CNV0_02411	0	nested_learned_gate_C_QK_structure	0.3663677302159909
repeated_stratified_5x5_internal	rs_13	CNV0_02414	0	nested_learned_gate_C_QK_structure	0.4048547838014222
repeated_stratified_5x5_internal	rs_13	CNV0_02418	0	nested_learned_gate_C_QK_structure	0.31380884072105925
repeated_stratified_5x5_internal	rs_13	CNV0_02421	0	nested_learned_gate_C_QK_structure	0.44692476619987165
repeated_stratified_5x5_internal	rs_13	CNV0_02477	1	nested_learned_gate_C_QK_structure	0.6063148806261318
repeated_stratified_5x5_internal	rs_13	CNV0_02478	1	nested_learned_gate_C_QK_structure	0.5891727111723692
repeated_stratified_5x5_internal	rs_13	CNV0_02510	1	nested_learned_gate_C_QK_structure	0.28314414800842813
repeated_stratified_5x5_internal	rs_13	CNV0_02536	0	nested_learned_gate_C_QK_structure	0.3933635111435201
repeated_stratified_5x5_internal	rs_13	CNV0_02538	0	nested_learned_gate_C_QK_structure	0.4040676369949534
repeated_stratified_5x5_internal	rs_13	CNV0_02553	0	nested_learned_gate_C_QK_structure	0.521980506479407
repeated_stratified_5x5_internal	rs_13	CNV0_02559	0	nested_learned_gate_C_QK_structure	0.39527560419057933
repeated_stratified_5x5_internal	rs_13	CNV0_02562	0	nested_learned_gate_C_QK_structure	0.27108539641958973
repeated_stratified_5x5_internal	rs_13	CNV0_02568	0	nested_learned_gate_C_QK_structure	0.40437385442721174
repeated_stratified_5x5_internal	rs_13	CNV0_02569	0	nested_learned_gate_C_QK_structure	0.3585958843561296
repeated_stratified_5x5_internal	rs_13	CNV0_02578	0	nested_learned_gate_C_QK_structure	0.46941080251870615
repeated_stratified_5x5_internal	rs_13	CNV0_02580	0	nested_learned_gate_C_QK_structure	0.346787548030427
repeated_stratified_5x5_internal	rs_13	CNV0_02685	0	nested_learned_gate_C_QK_structure	0.4393709598398935
repeated_stratified_5x5_internal	rs_13	CNV0_02713	1	nested_learned_gate_C_QK_structure	0.25724163543693146
repeated_stratified_5x5_internal	rs_13	CNV0_02411	0	stacked_calibrated_meta_model_lowdim_only	0.4292152815968582
repeated_stratified_5x5_internal	rs_13	CNV0_02414	0	stacked_calibrated_meta_model_lowdim_only	0.45573386377377995
repeated_stratified_5x5_internal	rs_13	CNV0_02418	0	stacked_calibrated_meta_model_lowdim_only	0.4281203022753559
repeated_stratified_5x5_internal	rs_13	CNV0_02421	0	stacked_calibrated_meta_model_lowdim_only	0.45947195149372516
repeated_stratified_5x5_internal	rs_13	CNV0_02477	1	stacked_calibrated_meta_model_lowdim_only	0.8010526642714815
repeated_stratified_5x5_internal	rs_13	CNV0_02478	1	stacked_calibrated_meta_model_lowdim_only	0.5063722633705842
repeated_stratified_5x5_internal	rs_13	CNV0_02510	1	stacked_calibrated_meta_model_lowdim_only	0.41229916910981396
repeated_stratified_5x5_internal	rs_13	CNV0_02536	0	stacked_calibrated_meta_model_lowdim_only	0.5025720263159861
repeated_stratified_5x5_internal	rs_13	CNV0_02538	0	stacked_calibrated_meta_model_lowdim_only	0.4460615194274522
repeated_stratified_5x5_internal	rs_13	CNV0_02553	0	stacked_calibrated_meta_model_lowdim_only	0.49485750361493414
repeated_stratified_5x5_internal	rs_13	CNV0_02559	0	stacked_calibrated_meta_model_lowdim_only	0.4327817682215847
repeated_stratified_5x5_internal	rs_13	CNV0_02562	0	stacked_calibrated_meta_model_lowdim_only	0.41206558802278287
repeated_stratified_5x5_internal	rs_13	CNV0_02568	0	stacked_calibrated_meta_model_lowdim_only	0.4515280309156793
repeated_stratified_5x5_internal	rs_13	CNV0_02569	0	stacked_calibrated_meta_model_lowdim_only	0.4361965360269506
repeated_stratified_5x5_internal	rs_13	CNV0_02578	0	stacked_calibrated_meta_model_lowdim_only	0.4607100741524118
repeated_stratified_5x5_internal	rs_13	CNV0_02580	0	stacked_calibrated_meta_model_lowdim_only	0.5308799404383547
repeated_stratified_5x5_internal	rs_13	CNV0_02685	0	stacked_calibrated_meta_model_lowdim_only	0.4530439209233441
repeated_stratified_5x5_internal	rs_13	CNV0_02713	1	stacked_calibrated_meta_model_lowdim_only	0.43911029191701495
repeated_stratified_5x5_internal	rs_13	CNV0_02411	0	rule_gated_C_QK_structure	0.3870662371721427
repeated_stratified_5x5_internal	rs_13	CNV0_02414	0	rule_gated_C_QK_structure	0.39221383714047253
repeated_stratified_5x5_internal	rs_13	CNV0_02418	0	rule_gated_C_QK_structure	0.40852879908936823
repeated_stratified_5x5_internal	rs_13	CNV0_02421	0	rule_gated_C_QK_structure	0.43406344012804177
repeated_stratified_5x5_internal	rs_13	CNV0_02477	1	rule_gated_C_QK_structure	0.46454077763051105
repeated_stratified_5x5_internal	rs_13	CNV0_02478	1	rule_gated_C_QK_structure	0.5639402316305214
repeated_stratified_5x5_internal	rs_13	CNV0_02510	1	rule_gated_C_QK_structure	0.35999506673843895
repeated_stratified_5x5_internal	rs_13	CNV0_02536	0	rule_gated_C_QK_structure	0.3945974876994017
repeated_stratified_5x5_internal	rs_13	CNV0_02538	0	rule_gated_C_QK_structure	0.3492707169818321
repeated_stratified_5x5_internal	rs_13	CNV0_02553	0	rule_gated_C_QK_structure	0.41562216408232444
repeated_stratified_5x5_internal	rs_13	CNV0_02559	0	rule_gated_C_QK_structure	0.4140125976627862
repeated_stratified_5x5_internal	rs_13	CNV0_02562	0	rule_gated_C_QK_structure	0.29795338955764583
repeated_stratified_5x5_internal	rs_13	CNV0_02568	0	rule_gated_C_QK_structure	0.3632419674862877
repeated_stratified_5x5_internal	rs_13	CNV0_02569	0	rule_gated_C_QK_structure	0.26728257775633474
repeated_stratified_5x5_internal	rs_13	CNV0_02578	0	rule_gated_C_QK_structure	0.42929043644526
repeated_stratified_5x5_internal	rs_13	CNV0_02580	0	rule_gated_C_QK_structure	0.45978136935438746
repeated_stratified_5x5_internal	rs_13	CNV0_02685	0	rule_gated_C_QK_structure	0.4727182257283428
repeated_stratified_5x5_internal	rs_13	CNV0_02713	1	rule_gated_C_QK_structure	0.3317077524989517
repeated_stratified_5x5_internal	rs_14	CNV0_02424	1	prespecified_equal_weight_C_QK_no_anchor	0.43546312104248
repeated_stratified_5x5_internal	rs_14	CNV0_02450	1	prespecified_equal_weight_C_QK_no_anchor	0.38150498152840107
repeated_stratified_5x5_internal	rs_14	CNV0_02452	1	prespecified_equal_weight_C_QK_no_anchor	0.6594707393170893
repeated_stratified_5x5_internal	rs_14	CNV0_02458	0	prespecified_equal_weight_C_QK_no_anchor	0.5301452477481163
repeated_stratified_5x5_internal	rs_14	CNV0_02513	0	prespecified_equal_weight_C_QK_no_anchor	0.6349672731520379
repeated_stratified_5x5_internal	rs_14	CNV0_02518	0	prespecified_equal_weight_C_QK_no_anchor	0.38484021805900737
repeated_stratified_5x5_internal	rs_14	CNV0_02520	0	prespecified_equal_weight_C_QK_no_anchor	0.258976588605356
repeated_stratified_5x5_internal	rs_14	CNV0_02544	0	prespecified_equal_weight_C_QK_no_anchor	0.35524193071036736
repeated_stratified_5x5_internal	rs_14	CNV0_02551	0	prespecified_equal_weight_C_QK_no_anchor	0.24690417872122114
repeated_stratified_5x5_internal	rs_14	CNV0_02556	0	prespecified_equal_weight_C_QK_no_anchor	0.36053062481258336
repeated_stratified_5x5_internal	rs_14	CNV0_02561	0	prespecified_equal_weight_C_QK_no_anchor	0.2834336254854427
repeated_stratified_5x5_internal	rs_14	CNV0_02564	0	prespecified_equal_weight_C_QK_no_anchor	0.3404308141880661
repeated_stratified_5x5_internal	rs_14	CNV0_02570	0	prespecified_equal_weight_C_QK_no_anchor	0.40465240192201873
repeated_stratified_5x5_internal	rs_14	CNV0_02573	0	prespecified_equal_weight_C_QK_no_anchor	0.46125534935811763
repeated_stratified_5x5_internal	rs_14	CNV0_02582	0	prespecified_equal_weight_C_QK_no_anchor	0.402860501239432
repeated_stratified_5x5_internal	rs_14	CNV0_02592	0	prespecified_equal_weight_C_QK_no_anchor	0.410247552647252
repeated_stratified_5x5_internal	rs_14	CNV0_02710	1	prespecified_equal_weight_C_QK_no_anchor	0.4576694031570855
repeated_stratified_5x5_internal	rs_14	CNV0_02424	1	prespecified_C_0.5_QK_quantum_0.5	0.4233315861486251
repeated_stratified_5x5_internal	rs_14	CNV0_02450	1	prespecified_C_0.5_QK_quantum_0.5	0.689285889186916
repeated_stratified_5x5_internal	rs_14	CNV0_02452	1	prespecified_C_0.5_QK_quantum_0.5	0.6828408838614501
repeated_stratified_5x5_internal	rs_14	CNV0_02458	0	prespecified_C_0.5_QK_quantum_0.5	0.573615802842021
repeated_stratified_5x5_internal	rs_14	CNV0_02513	0	prespecified_C_0.5_QK_quantum_0.5	0.5152826972034701
repeated_stratified_5x5_internal	rs_14	CNV0_02518	0	prespecified_C_0.5_QK_quantum_0.5	0.4356730452282572
repeated_stratified_5x5_internal	rs_14	CNV0_02520	0	prespecified_C_0.5_QK_quantum_0.5	0.38762435927193106
repeated_stratified_5x5_internal	rs_14	CNV0_02544	0	prespecified_C_0.5_QK_quantum_0.5	0.4090608960896058
repeated_stratified_5x5_internal	rs_14	CNV0_02551	0	prespecified_C_0.5_QK_quantum_0.5	0.32361370059745054
repeated_stratified_5x5_internal	rs_14	CNV0_02556	0	prespecified_C_0.5_QK_quantum_0.5	0.42546530550216455
repeated_stratified_5x5_internal	rs_14	CNV0_02561	0	prespecified_C_0.5_QK_quantum_0.5	0.2996491874451409
repeated_stratified_5x5_internal	rs_14	CNV0_02564	0	prespecified_C_0.5_QK_quantum_0.5	0.35593756862394355
repeated_stratified_5x5_internal	rs_14	CNV0_02570	0	prespecified_C_0.5_QK_quantum_0.5	0.44785178257938496
repeated_stratified_5x5_internal	rs_14	CNV0_02573	0	prespecified_C_0.5_QK_quantum_0.5	0.4123528259199449
repeated_stratified_5x5_internal	rs_14	CNV0_02582	0	prespecified_C_0.5_QK_quantum_0.5	0.34661000642034845
repeated_stratified_5x5_internal	rs_14	CNV0_02592	0	prespecified_C_0.5_QK_quantum_0.5	0.3822612528939566
repeated_stratified_5x5_internal	rs_14	CNV0_02710	1	prespecified_C_0.5_QK_quantum_0.5	0.3984186875783268
repeated_stratified_5x5_internal	rs_14	CNV0_02424	1	nested_learned_gate_C_QK_structure	0.4552143460638871
repeated_stratified_5x5_internal	rs_14	CNV0_02450	1	nested_learned_gate_C_QK_structure	0.4531774887421456
repeated_stratified_5x5_internal	rs_14	CNV0_02452	1	nested_learned_gate_C_QK_structure	0.6197008863834772
repeated_stratified_5x5_internal	rs_14	CNV0_02458	0	nested_learned_gate_C_QK_structure	0.5459543782386072
repeated_stratified_5x5_internal	rs_14	CNV0_02513	0	nested_learned_gate_C_QK_structure	0.6208039714545558
repeated_stratified_5x5_internal	rs_14	CNV0_02518	0	nested_learned_gate_C_QK_structure	0.4296391580334538
repeated_stratified_5x5_internal	rs_14	CNV0_02520	0	nested_learned_gate_C_QK_structure	0.2952900968565406
repeated_stratified_5x5_internal	rs_14	CNV0_02544	0	nested_learned_gate_C_QK_structure	0.3757349295987177
repeated_stratified_5x5_internal	rs_14	CNV0_02551	0	nested_learned_gate_C_QK_structure	0.2886220781778739
repeated_stratified_5x5_internal	rs_14	CNV0_02556	0	nested_learned_gate_C_QK_structure	0.36953450878414756
repeated_stratified_5x5_internal	rs_14	CNV0_02561	0	nested_learned_gate_C_QK_structure	0.29411460349901225
repeated_stratified_5x5_internal	rs_14	CNV0_02564	0	nested_learned_gate_C_QK_structure	0.3639066004766006
repeated_stratified_5x5_internal	rs_14	CNV0_02570	0	nested_learned_gate_C_QK_structure	0.3464593303826017
repeated_stratified_5x5_internal	rs_14	CNV0_02573	0	nested_learned_gate_C_QK_structure	0.425487934302954
repeated_stratified_5x5_internal	rs_14	CNV0_02582	0	nested_learned_gate_C_QK_structure	0.38131328894207656
repeated_stratified_5x5_internal	rs_14	CNV0_02592	0	nested_learned_gate_C_QK_structure	0.41634658443650774
repeated_stratified_5x5_internal	rs_14	CNV0_02710	1	nested_learned_gate_C_QK_structure	0.4636127276844058
repeated_stratified_5x5_internal	rs_14	CNV0_02424	1	stacked_calibrated_meta_model_lowdim_only	0.4199297587272038
repeated_stratified_5x5_internal	rs_14	CNV0_02450	1	stacked_calibrated_meta_model_lowdim_only	0.6537629239551845
repeated_stratified_5x5_internal	rs_14	CNV0_02452	1	stacked_calibrated_meta_model_lowdim_only	0.4234755802167692
repeated_stratified_5x5_internal	rs_14	CNV0_02458	0	stacked_calibrated_meta_model_lowdim_only	0.4341620290286138
repeated_stratified_5x5_internal	rs_14	CNV0_02513	0	stacked_calibrated_meta_model_lowdim_only	0.45217056109185755
repeated_stratified_5x5_internal	rs_14	CNV0_02518	0	stacked_calibrated_meta_model_lowdim_only	0.33948793669353367
repeated_stratified_5x5_internal	rs_14	CNV0_02520	0	stacked_calibrated_meta_model_lowdim_only	0.612231651955466
repeated_stratified_5x5_internal	rs_14	CNV0_02544	0	stacked_calibrated_meta_model_lowdim_only	0.5078853786718301
repeated_stratified_5x5_internal	rs_14	CNV0_02551	0	stacked_calibrated_meta_model_lowdim_only	0.5179363597610462
repeated_stratified_5x5_internal	rs_14	CNV0_02556	0	stacked_calibrated_meta_model_lowdim_only	0.5278217354089313
repeated_stratified_5x5_internal	rs_14	CNV0_02561	0	stacked_calibrated_meta_model_lowdim_only	0.38767260705825707
repeated_stratified_5x5_internal	rs_14	CNV0_02564	0	stacked_calibrated_meta_model_lowdim_only	0.41212935017646224
repeated_stratified_5x5_internal	rs_14	CNV0_02570	0	stacked_calibrated_meta_model_lowdim_only	0.4254036426560483
repeated_stratified_5x5_internal	rs_14	CNV0_02573	0	stacked_calibrated_meta_model_lowdim_only	0.42196824886416884
repeated_stratified_5x5_internal	rs_14	CNV0_02582	0	stacked_calibrated_meta_model_lowdim_only	0.41031285728564526
repeated_stratified_5x5_internal	rs_14	CNV0_02592	0	stacked_calibrated_meta_model_lowdim_only	0.4168568670385379
repeated_stratified_5x5_internal	rs_14	CNV0_02710	1	stacked_calibrated_meta_model_lowdim_only	0.4343549547697285
repeated_stratified_5x5_internal	rs_14	CNV0_02424	1	rule_gated_C_QK_structure	0.4190945553807183
repeated_stratified_5x5_internal	rs_14	CNV0_02450	1	rule_gated_C_QK_structure	0.4471679296679278
repeated_stratified_5x5_internal	rs_14	CNV0_02452	1	rule_gated_C_QK_structure	0.6362203613585686
repeated_stratified_5x5_internal	rs_14	CNV0_02458	0	rule_gated_C_QK_structure	0.5234207200860632
repeated_stratified_5x5_internal	rs_14	CNV0_02513	0	rule_gated_C_QK_structure	0.5798006812097808
repeated_stratified_5x5_internal	rs_14	CNV0_02518	0	rule_gated_C_QK_structure	0.3575221492687987
repeated_stratified_5x5_internal	rs_14	CNV0_02520	0	rule_gated_C_QK_structure	0.2699190068223747
repeated_stratified_5x5_internal	rs_14	CNV0_02544	0	rule_gated_C_QK_structure	0.3436808022211296
repeated_stratified_5x5_internal	rs_14	CNV0_02551	0	rule_gated_C_QK_structure	0.2558990339592062
repeated_stratified_5x5_internal	rs_14	CNV0_02556	0	rule_gated_C_QK_structure	0.3762134954357375
repeated_stratified_5x5_internal	rs_14	CNV0_02561	0	rule_gated_C_QK_structure	0.28347411270987666
repeated_stratified_5x5_internal	rs_14	CNV0_02564	0	rule_gated_C_QK_structure	0.3320710862695715
repeated_stratified_5x5_internal	rs_14	CNV0_02570	0	rule_gated_C_QK_structure	0.40376933491110434
repeated_stratified_5x5_internal	rs_14	CNV0_02573	0	rule_gated_C_QK_structure	0.4351416747544811
repeated_stratified_5x5_internal	rs_14	CNV0_02582	0	rule_gated_C_QK_structure	0.3869833365713787
repeated_stratified_5x5_internal	rs_14	CNV0_02592	0	rule_gated_C_QK_structure	0.38587193763925054
repeated_stratified_5x5_internal	rs_14	CNV0_02710	1	rule_gated_C_QK_structure	0.4225539108033051
repeated_stratified_5x5_internal	rs_15	CNV0_02401	0	prespecified_equal_weight_C_QK_no_anchor	0.46840643210502414
repeated_stratified_5x5_internal	rs_15	CNV0_02405	1	prespecified_equal_weight_C_QK_no_anchor	0.4563859553871501
repeated_stratified_5x5_internal	rs_15	CNV0_02414	0	prespecified_equal_weight_C_QK_no_anchor	0.4316575692683119
repeated_stratified_5x5_internal	rs_15	CNV0_02415	0	prespecified_equal_weight_C_QK_no_anchor	0.49657040086216875
repeated_stratified_5x5_internal	rs_15	CNV0_02416	0	prespecified_equal_weight_C_QK_no_anchor	0.4911393109257727
repeated_stratified_5x5_internal	rs_15	CNV0_02424	1	prespecified_equal_weight_C_QK_no_anchor	0.5674888136346999
repeated_stratified_5x5_internal	rs_15	CNV0_02448	1	prespecified_equal_weight_C_QK_no_anchor	0.44294899690978723
repeated_stratified_5x5_internal	rs_15	CNV0_02460	1	prespecified_equal_weight_C_QK_no_anchor	0.5608417649067424
repeated_stratified_5x5_internal	rs_15	CNV0_02477	1	prespecified_equal_weight_C_QK_no_anchor	0.5096427408554784
repeated_stratified_5x5_internal	rs_15	CNV0_02520	0	prespecified_equal_weight_C_QK_no_anchor	0.2667001330021666
repeated_stratified_5x5_internal	rs_15	CNV0_02543	0	prespecified_equal_weight_C_QK_no_anchor	0.41623090038061333
repeated_stratified_5x5_internal	rs_15	CNV0_02565	0	prespecified_equal_weight_C_QK_no_anchor	0.52630368823643
repeated_stratified_5x5_internal	rs_15	CNV0_02569	0	prespecified_equal_weight_C_QK_no_anchor	0.23175211729440576
repeated_stratified_5x5_internal	rs_15	CNV0_02572	0	prespecified_equal_weight_C_QK_no_anchor	0.45714121357614246
repeated_stratified_5x5_internal	rs_15	CNV0_02580	0	prespecified_equal_weight_C_QK_no_anchor	0.42801468942956666
repeated_stratified_5x5_internal	rs_15	CNV0_02584	0	prespecified_equal_weight_C_QK_no_anchor	0.25777465367668695
repeated_stratified_5x5_internal	rs_15	CNV0_02588	0	prespecified_equal_weight_C_QK_no_anchor	0.2577041621547468
repeated_stratified_5x5_internal	rs_15	CNV0_02660	0	prespecified_equal_weight_C_QK_no_anchor	0.29579937643069965
repeated_stratified_5x5_internal	rs_15	CNV0_02401	0	prespecified_C_0.5_QK_quantum_0.5	0.4205300418456577
repeated_stratified_5x5_internal	rs_15	CNV0_02405	1	prespecified_C_0.5_QK_quantum_0.5	0.30456621294746256
repeated_stratified_5x5_internal	rs_15	CNV0_02414	0	prespecified_C_0.5_QK_quantum_0.5	0.6337385430006874
repeated_stratified_5x5_internal	rs_15	CNV0_02415	0	prespecified_C_0.5_QK_quantum_0.5	0.5531106800031346
repeated_stratified_5x5_internal	rs_15	CNV0_02416	0	prespecified_C_0.5_QK_quantum_0.5	0.46026530230366236
repeated_stratified_5x5_internal	rs_15	CNV0_02424	1	prespecified_C_0.5_QK_quantum_0.5	0.6694536511767
repeated_stratified_5x5_internal	rs_15	CNV0_02448	1	prespecified_C_0.5_QK_quantum_0.5	0.6100520941972459
repeated_stratified_5x5_internal	rs_15	CNV0_02460	1	prespecified_C_0.5_QK_quantum_0.5	0.6242562545151952
repeated_stratified_5x5_internal	rs_15	CNV0_02477	1	prespecified_C_0.5_QK_quantum_0.5	0.5733425530328917
repeated_stratified_5x5_internal	rs_15	CNV0_02520	0	prespecified_C_0.5_QK_quantum_0.5	0.2577619096399685
repeated_stratified_5x5_internal	rs_15	CNV0_02543	0	prespecified_C_0.5_QK_quantum_0.5	0.2546111859574039
repeated_stratified_5x5_internal	rs_15	CNV0_02565	0	prespecified_C_0.5_QK_quantum_0.5	0.5470057053098504
repeated_stratified_5x5_internal	rs_15	CNV0_02569	0	prespecified_C_0.5_QK_quantum_0.5	0.2582014026779599
repeated_stratified_5x5_internal	rs_15	CNV0_02572	0	prespecified_C_0.5_QK_quantum_0.5	0.5768635991734969
repeated_stratified_5x5_internal	rs_15	CNV0_02580	0	prespecified_C_0.5_QK_quantum_0.5	0.45180266341928377
repeated_stratified_5x5_internal	rs_15	CNV0_02584	0	prespecified_C_0.5_QK_quantum_0.5	0.24662555288651533
repeated_stratified_5x5_internal	rs_15	CNV0_02588	0	prespecified_C_0.5_QK_quantum_0.5	0.4365421461961174
repeated_stratified_5x5_internal	rs_15	CNV0_02660	0	prespecified_C_0.5_QK_quantum_0.5	0.31804572132710707
repeated_stratified_5x5_internal	rs_15	CNV0_02401	0	nested_learned_gate_C_QK_structure	0.4205300418456577
repeated_stratified_5x5_internal	rs_15	CNV0_02405	1	nested_learned_gate_C_QK_structure	0.30456621294746256
repeated_stratified_5x5_internal	rs_15	CNV0_02414	0	nested_learned_gate_C_QK_structure	0.6337385430006874
repeated_stratified_5x5_internal	rs_15	CNV0_02415	0	nested_learned_gate_C_QK_structure	0.5531106800031346
repeated_stratified_5x5_internal	rs_15	CNV0_02416	0	nested_learned_gate_C_QK_structure	0.46026530230366236
repeated_stratified_5x5_internal	rs_15	CNV0_02424	1	nested_learned_gate_C_QK_structure	0.6694536511767
repeated_stratified_5x5_internal	rs_15	CNV0_02448	1	nested_learned_gate_C_QK_structure	0.6100520941972459
repeated_stratified_5x5_internal	rs_15	CNV0_02460	1	nested_learned_gate_C_QK_structure	0.6242562545151952
repeated_stratified_5x5_internal	rs_15	CNV0_02477	1	nested_learned_gate_C_QK_structure	0.5733425530328917
repeated_stratified_5x5_internal	rs_15	CNV0_02520	0	nested_learned_gate_C_QK_structure	0.2577619096399685
repeated_stratified_5x5_internal	rs_15	CNV0_02543	0	nested_learned_gate_C_QK_structure	0.2546111859574039
repeated_stratified_5x5_internal	rs_15	CNV0_02565	0	nested_learned_gate_C_QK_structure	0.5470057053098504
repeated_stratified_5x5_internal	rs_15	CNV0_02569	0	nested_learned_gate_C_QK_structure	0.2582014026779599
repeated_stratified_5x5_internal	rs_15	CNV0_02572	0	nested_learned_gate_C_QK_structure	0.5768635991734969
repeated_stratified_5x5_internal	rs_15	CNV0_02580	0	nested_learned_gate_C_QK_structure	0.45180266341928377
repeated_stratified_5x5_internal	rs_15	CNV0_02584	0	nested_learned_gate_C_QK_structure	0.24662555288651533
repeated_stratified_5x5_internal	rs_15	CNV0_02588	0	nested_learned_gate_C_QK_structure	0.4365421461961174
repeated_stratified_5x5_internal	rs_15	CNV0_02660	0	nested_learned_gate_C_QK_structure	0.31804572132710707
repeated_stratified_5x5_internal	rs_15	CNV0_02401	0	stacked_calibrated_meta_model_lowdim_only	0.3958271492804609
repeated_stratified_5x5_internal	rs_15	CNV0_02405	1	stacked_calibrated_meta_model_lowdim_only	0.38628778930480007
repeated_stratified_5x5_internal	rs_15	CNV0_02414	0	stacked_calibrated_meta_model_lowdim_only	0.5029217619752251
repeated_stratified_5x5_internal	rs_15	CNV0_02415	0	stacked_calibrated_meta_model_lowdim_only	0.499962440469904
repeated_stratified_5x5_internal	rs_15	CNV0_02416	0	stacked_calibrated_meta_model_lowdim_only	0.40929919951259497
repeated_stratified_5x5_internal	rs_15	CNV0_02424	1	stacked_calibrated_meta_model_lowdim_only	0.506568443705412
repeated_stratified_5x5_internal	rs_15	CNV0_02448	1	stacked_calibrated_meta_model_lowdim_only	0.4665021262424537
repeated_stratified_5x5_internal	rs_15	CNV0_02460	1	stacked_calibrated_meta_model_lowdim_only	0.37329413869669337
repeated_stratified_5x5_internal	rs_15	CNV0_02477	1	stacked_calibrated_meta_model_lowdim_only	0.8153492585252489
repeated_stratified_5x5_internal	rs_15	CNV0_02520	0	stacked_calibrated_meta_model_lowdim_only	0.5111036219388346
repeated_stratified_5x5_internal	rs_15	CNV0_02543	0	stacked_calibrated_meta_model_lowdim_only	0.5796184406569269
repeated_stratified_5x5_internal	rs_15	CNV0_02565	0	stacked_calibrated_meta_model_lowdim_only	0.46444670689822615
repeated_stratified_5x5_internal	rs_15	CNV0_02569	0	stacked_calibrated_meta_model_lowdim_only	0.3246324358438946
repeated_stratified_5x5_internal	rs_15	CNV0_02572	0	stacked_calibrated_meta_model_lowdim_only	0.4784800963269384
repeated_stratified_5x5_internal	rs_15	CNV0_02580	0	stacked_calibrated_meta_model_lowdim_only	0.4157104974279579
repeated_stratified_5x5_internal	rs_15	CNV0_02584	0	stacked_calibrated_meta_model_lowdim_only	0.3404416956371846
repeated_stratified_5x5_internal	rs_15	CNV0_02588	0	stacked_calibrated_meta_model_lowdim_only	0.3991000992851914
repeated_stratified_5x5_internal	rs_15	CNV0_02660	0	stacked_calibrated_meta_model_lowdim_only	0.5927703142680264
repeated_stratified_5x5_internal	rs_15	CNV0_02401	0	rule_gated_C_QK_structure	0.45720655606918426
repeated_stratified_5x5_internal	rs_15	CNV0_02405	1	rule_gated_C_QK_structure	0.41155980743183107
repeated_stratified_5x5_internal	rs_15	CNV0_02414	0	rule_gated_C_QK_structure	0.4568233815496085
repeated_stratified_5x5_internal	rs_15	CNV0_02415	0	rule_gated_C_QK_structure	0.48988585172074095
repeated_stratified_5x5_internal	rs_15	CNV0_02416	0	rule_gated_C_QK_structure	0.4621951670929951
repeated_stratified_5x5_internal	rs_15	CNV0_02424	1	rule_gated_C_QK_structure	0.5526165460049237
repeated_stratified_5x5_internal	rs_15	CNV0_02448	1	rule_gated_C_QK_structure	0.45529753459870875
repeated_stratified_5x5_internal	rs_15	CNV0_02460	1	rule_gated_C_QK_structure	0.5407807825969537
repeated_stratified_5x5_internal	rs_15	CNV0_02477	1	rule_gated_C_QK_structure	0.5066713163590153
repeated_stratified_5x5_internal	rs_15	CNV0_02520	0	rule_gated_C_QK_structure	0.2479194395647312
repeated_stratified_5x5_internal	rs_15	CNV0_02543	0	rule_gated_C_QK_structure	0.3624017291013787
repeated_stratified_5x5_internal	rs_15	CNV0_02565	0	rule_gated_C_QK_structure	0.5218155913336628
repeated_stratified_5x5_internal	rs_15	CNV0_02569	0	rule_gated_C_QK_structure	0.22945824429284745
repeated_stratified_5x5_internal	rs_15	CNV0_02572	0	rule_gated_C_QK_structure	0.45714689668049313
repeated_stratified_5x5_internal	rs_15	CNV0_02580	0	rule_gated_C_QK_structure	0.41331099626787304
repeated_stratified_5x5_internal	rs_15	CNV0_02584	0	rule_gated_C_QK_structure	0.25704595603499064
repeated_stratified_5x5_internal	rs_15	CNV0_02588	0	rule_gated_C_QK_structure	0.2952728241774114
repeated_stratified_5x5_internal	rs_15	CNV0_02660	0	rule_gated_C_QK_structure	0.3057784852093928
repeated_stratified_5x5_internal	rs_16	CNV0_02412	0	prespecified_equal_weight_C_QK_no_anchor	0.421396286907813
repeated_stratified_5x5_internal	rs_16	CNV0_02418	0	prespecified_equal_weight_C_QK_no_anchor	0.4000849053584123
repeated_stratified_5x5_internal	rs_16	CNV0_02421	0	prespecified_equal_weight_C_QK_no_anchor	0.5027299376560291
repeated_stratified_5x5_internal	rs_16	CNV0_02479	1	prespecified_equal_weight_C_QK_no_anchor	0.6989636568806017
repeated_stratified_5x5_internal	rs_16	CNV0_02513	0	prespecified_equal_weight_C_QK_no_anchor	0.40283169026546106
repeated_stratified_5x5_internal	rs_16	CNV0_02515	0	prespecified_equal_weight_C_QK_no_anchor	0.5564609471146239
repeated_stratified_5x5_internal	rs_16	CNV0_02536	0	prespecified_equal_weight_C_QK_no_anchor	0.32525580069298204
repeated_stratified_5x5_internal	rs_16	CNV0_02553	0	prespecified_equal_weight_C_QK_no_anchor	0.3802977784800817
repeated_stratified_5x5_internal	rs_16	CNV0_02557	0	prespecified_equal_weight_C_QK_no_anchor	0.6330795445163591
repeated_stratified_5x5_internal	rs_16	CNV0_02563	0	prespecified_equal_weight_C_QK_no_anchor	0.21474026056693035
repeated_stratified_5x5_internal	rs_16	CNV0_02570	0	prespecified_equal_weight_C_QK_no_anchor	0.33393488350326983
repeated_stratified_5x5_internal	rs_16	CNV0_02578	0	prespecified_equal_weight_C_QK_no_anchor	0.29945420430463643
repeated_stratified_5x5_internal	rs_16	CNV0_02586	0	prespecified_equal_weight_C_QK_no_anchor	0.3752116906184294
repeated_stratified_5x5_internal	rs_16	CNV0_02587	0	prespecified_equal_weight_C_QK_no_anchor	0.3668573362571799
repeated_stratified_5x5_internal	rs_16	CNV0_02590	0	prespecified_equal_weight_C_QK_no_anchor	0.3121639424883429
repeated_stratified_5x5_internal	rs_16	CNV0_02709	1	prespecified_equal_weight_C_QK_no_anchor	0.3593801468272409
repeated_stratified_5x5_internal	rs_16	CNV0_02710	1	prespecified_equal_weight_C_QK_no_anchor	0.4515364325028758
repeated_stratified_5x5_internal	rs_16	CNV0_02712	1	prespecified_equal_weight_C_QK_no_anchor	0.44453079199379875
repeated_stratified_5x5_internal	rs_16	CNV0_02412	0	prespecified_C_0.5_QK_quantum_0.5	0.3848896046480448
repeated_stratified_5x5_internal	rs_16	CNV0_02418	0	prespecified_C_0.5_QK_quantum_0.5	0.3811020075095036
repeated_stratified_5x5_internal	rs_16	CNV0_02421	0	prespecified_C_0.5_QK_quantum_0.5	0.399458313479916
repeated_stratified_5x5_internal	rs_16	CNV0_02479	1	prespecified_C_0.5_QK_quantum_0.5	0.5884975116309545
repeated_stratified_5x5_internal	rs_16	CNV0_02513	0	prespecified_C_0.5_QK_quantum_0.5	0.3961987533078079
repeated_stratified_5x5_internal	rs_16	CNV0_02515	0	prespecified_C_0.5_QK_quantum_0.5	0.4441214932377087
repeated_stratified_5x5_internal	rs_16	CNV0_02536	0	prespecified_C_0.5_QK_quantum_0.5	0.3246186345567714
repeated_stratified_5x5_internal	rs_16	CNV0_02553	0	prespecified_C_0.5_QK_quantum_0.5	0.3566430193732569
repeated_stratified_5x5_internal	rs_16	CNV0_02557	0	prespecified_C_0.5_QK_quantum_0.5	0.5014546958592203
repeated_stratified_5x5_internal	rs_16	CNV0_02563	0	prespecified_C_0.5_QK_quantum_0.5	0.30387698304586486
repeated_stratified_5x5_internal	rs_16	CNV0_02570	0	prespecified_C_0.5_QK_quantum_0.5	0.5282671664983482
repeated_stratified_5x5_internal	rs_16	CNV0_02578	0	prespecified_C_0.5_QK_quantum_0.5	0.341449462931113
repeated_stratified_5x5_internal	rs_16	CNV0_02586	0	prespecified_C_0.5_QK_quantum_0.5	0.44363613248432265
repeated_stratified_5x5_internal	rs_16	CNV0_02587	0	prespecified_C_0.5_QK_quantum_0.5	0.30531493300143714
repeated_stratified_5x5_internal	rs_16	CNV0_02590	0	prespecified_C_0.5_QK_quantum_0.5	0.3720055572485136
repeated_stratified_5x5_internal	rs_16	CNV0_02709	1	prespecified_C_0.5_QK_quantum_0.5	0.4478159971101182
repeated_stratified_5x5_internal	rs_16	CNV0_02710	1	prespecified_C_0.5_QK_quantum_0.5	0.5093040441698975
repeated_stratified_5x5_internal	rs_16	CNV0_02712	1	prespecified_C_0.5_QK_quantum_0.5	0.6051666988116473
repeated_stratified_5x5_internal	rs_16	CNV0_02412	0	nested_learned_gate_C_QK_structure	0.4142400795404482
repeated_stratified_5x5_internal	rs_16	CNV0_02418	0	nested_learned_gate_C_QK_structure	0.41006939180461943
repeated_stratified_5x5_internal	rs_16	CNV0_02421	0	nested_learned_gate_C_QK_structure	0.4927131614413069
repeated_stratified_5x5_internal	rs_16	CNV0_02479	1	nested_learned_gate_C_QK_structure	0.7528842273007473
repeated_stratified_5x5_internal	rs_16	CNV0_02513	0	nested_learned_gate_C_QK_structure	0.34119853091607355
repeated_stratified_5x5_internal	rs_16	CNV0_02515	0	nested_learned_gate_C_QK_structure	0.5931848761512151
repeated_stratified_5x5_internal	rs_16	CNV0_02536	0	nested_learned_gate_C_QK_structure	0.3339124029598779
repeated_stratified_5x5_internal	rs_16	CNV0_02553	0	nested_learned_gate_C_QK_structure	0.33908284070751404
repeated_stratified_5x5_internal	rs_16	CNV0_02557	0	nested_learned_gate_C_QK_structure	0.6773341387483495
repeated_stratified_5x5_internal	rs_16	CNV0_02563	0	nested_learned_gate_C_QK_structure	0.21066805609019068
repeated_stratified_5x5_internal	rs_16	CNV0_02570	0	nested_learned_gate_C_QK_structure	0.36866847482228365
repeated_stratified_5x5_internal	rs_16	CNV0_02578	0	nested_learned_gate_C_QK_structure	0.27002590339758703
repeated_stratified_5x5_internal	rs_16	CNV0_02586	0	nested_learned_gate_C_QK_structure	0.39687484652251165
repeated_stratified_5x5_internal	rs_16	CNV0_02587	0	nested_learned_gate_C_QK_structure	0.3849542639008665
repeated_stratified_5x5_internal	rs_16	CNV0_02590	0	nested_learned_gate_C_QK_structure	0.29404422320292256
repeated_stratified_5x5_internal	rs_16	CNV0_02709	1	nested_learned_gate_C_QK_structure	0.3273965888836554
repeated_stratified_5x5_internal	rs_16	CNV0_02710	1	nested_learned_gate_C_QK_structure	0.44955053738946044
repeated_stratified_5x5_internal	rs_16	CNV0_02712	1	nested_learned_gate_C_QK_structure	0.4273725606628846
repeated_stratified_5x5_internal	rs_16	CNV0_02412	0	stacked_calibrated_meta_model_lowdim_only	0.39208401183344543
repeated_stratified_5x5_internal	rs_16	CNV0_02418	0	stacked_calibrated_meta_model_lowdim_only	0.40860237988428805
repeated_stratified_5x5_internal	rs_16	CNV0_02421	0	stacked_calibrated_meta_model_lowdim_only	0.4216075343246811
repeated_stratified_5x5_internal	rs_16	CNV0_02479	1	stacked_calibrated_meta_model_lowdim_only	0.5495797185101702
repeated_stratified_5x5_internal	rs_16	CNV0_02513	0	stacked_calibrated_meta_model_lowdim_only	0.39685186669328504
repeated_stratified_5x5_internal	rs_16	CNV0_02515	0	stacked_calibrated_meta_model_lowdim_only	0.5111601697315691
repeated_stratified_5x5_internal	rs_16	CNV0_02536	0	stacked_calibrated_meta_model_lowdim_only	0.41970614127231043
repeated_stratified_5x5_internal	rs_16	CNV0_02553	0	stacked_calibrated_meta_model_lowdim_only	0.4200787326854851
repeated_stratified_5x5_internal	rs_16	CNV0_02557	0	stacked_calibrated_meta_model_lowdim_only	0.5279456613489971
repeated_stratified_5x5_internal	rs_16	CNV0_02563	0	stacked_calibrated_meta_model_lowdim_only	0.39407698113338013
repeated_stratified_5x5_internal	rs_16	CNV0_02570	0	stacked_calibrated_meta_model_lowdim_only	0.48840314663816303
repeated_stratified_5x5_internal	rs_16	CNV0_02578	0	stacked_calibrated_meta_model_lowdim_only	0.3515853399768953
repeated_stratified_5x5_internal	rs_16	CNV0_02586	0	stacked_calibrated_meta_model_lowdim_only	0.44024024146572865
repeated_stratified_5x5_internal	rs_16	CNV0_02587	0	stacked_calibrated_meta_model_lowdim_only	0.4178578071388816
repeated_stratified_5x5_internal	rs_16	CNV0_02590	0	stacked_calibrated_meta_model_lowdim_only	0.4238711187857662
repeated_stratified_5x5_internal	rs_16	CNV0_02709	1	stacked_calibrated_meta_model_lowdim_only	0.3948567313461206
repeated_stratified_5x5_internal	rs_16	CNV0_02710	1	stacked_calibrated_meta_model_lowdim_only	0.44335969025834326
repeated_stratified_5x5_internal	rs_16	CNV0_02712	1	stacked_calibrated_meta_model_lowdim_only	0.5854671214415226
repeated_stratified_5x5_internal	rs_16	CNV0_02412	0	rule_gated_C_QK_structure	0.4048849696462744
repeated_stratified_5x5_internal	rs_16	CNV0_02418	0	rule_gated_C_QK_structure	0.3876503644303671
repeated_stratified_5x5_internal	rs_16	CNV0_02421	0	rule_gated_C_QK_structure	0.456987105657162
repeated_stratified_5x5_internal	rs_16	CNV0_02479	1	rule_gated_C_QK_structure	0.6411491959946476
repeated_stratified_5x5_internal	rs_16	CNV0_02513	0	rule_gated_C_QK_structure	0.40078042664102376
repeated_stratified_5x5_internal	rs_16	CNV0_02515	0	rule_gated_C_QK_structure	0.5177196207861403
repeated_stratified_5x5_internal	rs_16	CNV0_02536	0	rule_gated_C_QK_structure	0.3224513526162377
repeated_stratified_5x5_internal	rs_16	CNV0_02553	0	rule_gated_C_QK_structure	0.34774711758982196
repeated_stratified_5x5_internal	rs_16	CNV0_02557	0	rule_gated_C_QK_structure	0.5684513900931029
repeated_stratified_5x5_internal	rs_16	CNV0_02563	0	rule_gated_C_QK_structure	0.22107886739529076
repeated_stratified_5x5_internal	rs_16	CNV0_02570	0	rule_gated_C_QK_structure	0.36541235686069407
repeated_stratified_5x5_internal	rs_16	CNV0_02578	0	rule_gated_C_QK_structure	0.29730490874337795
repeated_stratified_5x5_internal	rs_16	CNV0_02586	0	rule_gated_C_QK_structure	0.37766840844517385
repeated_stratified_5x5_internal	rs_16	CNV0_02587	0	rule_gated_C_QK_structure	0.34972685106945933
repeated_stratified_5x5_internal	rs_16	CNV0_02590	0	rule_gated_C_QK_structure	0.3198073976986139
repeated_stratified_5x5_internal	rs_16	CNV0_02709	1	rule_gated_C_QK_structure	0.36252833376368643
repeated_stratified_5x5_internal	rs_16	CNV0_02710	1	rule_gated_C_QK_structure	0.4393593025866592
repeated_stratified_5x5_internal	rs_16	CNV0_02712	1	rule_gated_C_QK_structure	0.47017151375176736
repeated_stratified_5x5_internal	rs_17	CNV0_02419	0	prespecified_equal_weight_C_QK_no_anchor	0.42942267804256395
repeated_stratified_5x5_internal	rs_17	CNV0_02442	1	prespecified_equal_weight_C_QK_no_anchor	0.34693871152303357
repeated_stratified_5x5_internal	rs_17	CNV0_02458	0	prespecified_equal_weight_C_QK_no_anchor	0.5558538417423972
repeated_stratified_5x5_internal	rs_17	CNV0_02510	1	prespecified_equal_weight_C_QK_no_anchor	0.43033702153631137
repeated_stratified_5x5_internal	rs_17	CNV0_02517	0	prespecified_equal_weight_C_QK_no_anchor	0.5496552239905576
repeated_stratified_5x5_internal	rs_17	CNV0_02518	0	prespecified_equal_weight_C_QK_no_anchor	0.41101538944341476
repeated_stratified_5x5_internal	rs_17	CNV0_02537	0	prespecified_equal_weight_C_QK_no_anchor	0.4230147742610093
repeated_stratified_5x5_internal	rs_17	CNV0_02538	0	prespecified_equal_weight_C_QK_no_anchor	0.5313780093638892
repeated_stratified_5x5_internal	rs_17	CNV0_02545	1	prespecified_equal_weight_C_QK_no_anchor	0.49293073307337787
repeated_stratified_5x5_internal	rs_17	CNV0_02551	0	prespecified_equal_weight_C_QK_no_anchor	0.2707319584626984
repeated_stratified_5x5_internal	rs_17	CNV0_02561	0	prespecified_equal_weight_C_QK_no_anchor	0.22359136250132652
repeated_stratified_5x5_internal	rs_17	CNV0_02562	0	prespecified_equal_weight_C_QK_no_anchor	0.2857018294310207
repeated_stratified_5x5_internal	rs_17	CNV0_02574	0	prespecified_equal_weight_C_QK_no_anchor	0.2088109483079016
repeated_stratified_5x5_internal	rs_17	CNV0_02577	0	prespecified_equal_weight_C_QK_no_anchor	0.26784183536803174
repeated_stratified_5x5_internal	rs_17	CNV0_02581	0	prespecified_equal_weight_C_QK_no_anchor	0.20516570807599158
repeated_stratified_5x5_internal	rs_17	CNV0_02582	0	prespecified_equal_weight_C_QK_no_anchor	0.20040728444859274
repeated_stratified_5x5_internal	rs_17	CNV0_02655	0	prespecified_equal_weight_C_QK_no_anchor	0.3498705758361916
repeated_stratified_5x5_internal	rs_17	CNV0_02713	1	prespecified_equal_weight_C_QK_no_anchor	0.19432526579443984
repeated_stratified_5x5_internal	rs_17	CNV0_02419	0	prespecified_C_0.5_QK_quantum_0.5	0.28444279088795377
repeated_stratified_5x5_internal	rs_17	CNV0_02442	1	prespecified_C_0.5_QK_quantum_0.5	0.34436211561125496
repeated_stratified_5x5_internal	rs_17	CNV0_02458	0	prespecified_C_0.5_QK_quantum_0.5	0.5354125435982379
repeated_stratified_5x5_internal	rs_17	CNV0_02510	1	prespecified_C_0.5_QK_quantum_0.5	0.25617617722146074
repeated_stratified_5x5_internal	rs_17	CNV0_02517	0	prespecified_C_0.5_QK_quantum_0.5	0.48633294094249596
repeated_stratified_5x5_internal	rs_17	CNV0_02518	0	prespecified_C_0.5_QK_quantum_0.5	0.5112701032415907
repeated_stratified_5x5_internal	rs_17	CNV0_02537	0	prespecified_C_0.5_QK_quantum_0.5	0.4403806269812399
repeated_stratified_5x5_internal	rs_17	CNV0_02538	0	prespecified_C_0.5_QK_quantum_0.5	0.33232692896131777
repeated_stratified_5x5_internal	rs_17	CNV0_02545	1	prespecified_C_0.5_QK_quantum_0.5	0.47560286002427393
repeated_stratified_5x5_internal	rs_17	CNV0_02551	0	prespecified_C_0.5_QK_quantum_0.5	0.2878416715316799
repeated_stratified_5x5_internal	rs_17	CNV0_02561	0	prespecified_C_0.5_QK_quantum_0.5	0.20332334623666662
repeated_stratified_5x5_internal	rs_17	CNV0_02562	0	prespecified_C_0.5_QK_quantum_0.5	0.3643005090783613
repeated_stratified_5x5_internal	rs_17	CNV0_02574	0	prespecified_C_0.5_QK_quantum_0.5	0.2688542164711716
repeated_stratified_5x5_internal	rs_17	CNV0_02577	0	prespecified_C_0.5_QK_quantum_0.5	0.205375458251795
repeated_stratified_5x5_internal	rs_17	CNV0_02581	0	prespecified_C_0.5_QK_quantum_0.5	0.1816598484068141
repeated_stratified_5x5_internal	rs_17	CNV0_02582	0	prespecified_C_0.5_QK_quantum_0.5	0.16958213145575604
repeated_stratified_5x5_internal	rs_17	CNV0_02655	0	prespecified_C_0.5_QK_quantum_0.5	0.3305617298499217
repeated_stratified_5x5_internal	rs_17	CNV0_02713	1	prespecified_C_0.5_QK_quantum_0.5	0.15479119047266895
repeated_stratified_5x5_internal	rs_17	CNV0_02419	0	nested_learned_gate_C_QK_structure	0.4497001826748743
repeated_stratified_5x5_internal	rs_17	CNV0_02442	1	nested_learned_gate_C_QK_structure	0.41684909031315315
repeated_stratified_5x5_internal	rs_17	CNV0_02458	0	nested_learned_gate_C_QK_structure	0.5537780345465465
repeated_stratified_5x5_internal	rs_17	CNV0_02510	1	nested_learned_gate_C_QK_structure	0.4202749370097104
repeated_stratified_5x5_internal	rs_17	CNV0_02517	0	nested_learned_gate_C_QK_structure	0.45960080731468034
repeated_stratified_5x5_internal	rs_17	CNV0_02518	0	nested_learned_gate_C_QK_structure	0.44014911055556755
repeated_stratified_5x5_internal	rs_17	CNV0_02537	0	nested_learned_gate_C_QK_structure	0.3494434842013877
repeated_stratified_5x5_internal	rs_17	CNV0_02538	0	nested_learned_gate_C_QK_structure	0.44266870029784006
repeated_stratified_5x5_internal	rs_17	CNV0_02545	1	nested_learned_gate_C_QK_structure	0.4227817462811624
repeated_stratified_5x5_internal	rs_17	CNV0_02551	0	nested_learned_gate_C_QK_structure	0.3205783186666184
repeated_stratified_5x5_internal	rs_17	CNV0_02561	0	nested_learned_gate_C_QK_structure	0.22258950847089215
repeated_stratified_5x5_internal	rs_17	CNV0_02562	0	nested_learned_gate_C_QK_structure	0.24841154276494265
repeated_stratified_5x5_internal	rs_17	CNV0_02574	0	nested_learned_gate_C_QK_structure	0.2067950071061044
repeated_stratified_5x5_internal	rs_17	CNV0_02577	0	nested_learned_gate_C_QK_structure	0.2708729366519499
repeated_stratified_5x5_internal	rs_17	CNV0_02581	0	nested_learned_gate_C_QK_structure	0.23079748058957816
repeated_stratified_5x5_internal	rs_17	CNV0_02582	0	nested_learned_gate_C_QK_structure	0.22814105757199435
repeated_stratified_5x5_internal	rs_17	CNV0_02655	0	nested_learned_gate_C_QK_structure	0.3622909686971263
repeated_stratified_5x5_internal	rs_17	CNV0_02713	1	nested_learned_gate_C_QK_structure	0.21504198078657671
repeated_stratified_5x5_internal	rs_17	CNV0_02419	0	stacked_calibrated_meta_model_lowdim_only	0.44415581019163075
repeated_stratified_5x5_internal	rs_17	CNV0_02442	1	stacked_calibrated_meta_model_lowdim_only	0.6916057849313063
repeated_stratified_5x5_internal	rs_17	CNV0_02458	0	stacked_calibrated_meta_model_lowdim_only	0.46896395646276123
repeated_stratified_5x5_internal	rs_17	CNV0_02510	1	stacked_calibrated_meta_model_lowdim_only	0.44093984645376805
repeated_stratified_5x5_internal	rs_17	CNV0_02517	0	stacked_calibrated_meta_model_lowdim_only	0.4328814615408053
repeated_stratified_5x5_internal	rs_17	CNV0_02518	0	stacked_calibrated_meta_model_lowdim_only	0.433732538075277
repeated_stratified_5x5_internal	rs_17	CNV0_02537	0	stacked_calibrated_meta_model_lowdim_only	0.47410045553770547
repeated_stratified_5x5_internal	rs_17	CNV0_02538	0	stacked_calibrated_meta_model_lowdim_only	0.41386351139743816
repeated_stratified_5x5_internal	rs_17	CNV0_02545	1	stacked_calibrated_meta_model_lowdim_only	0.4208551393168105
repeated_stratified_5x5_internal	rs_17	CNV0_02551	0	stacked_calibrated_meta_model_lowdim_only	0.5204785473687366
repeated_stratified_5x5_internal	rs_17	CNV0_02561	0	stacked_calibrated_meta_model_lowdim_only	0.4215227765009749
repeated_stratified_5x5_internal	rs_17	CNV0_02562	0	stacked_calibrated_meta_model_lowdim_only	0.4973560799455694
repeated_stratified_5x5_internal	rs_17	CNV0_02574	0	stacked_calibrated_meta_model_lowdim_only	0.42946367009605213
repeated_stratified_5x5_internal	rs_17	CNV0_02577	0	stacked_calibrated_meta_model_lowdim_only	0.42064613073977913
repeated_stratified_5x5_internal	rs_17	CNV0_02581	0	stacked_calibrated_meta_model_lowdim_only	0.4301441015793072
repeated_stratified_5x5_internal	rs_17	CNV0_02582	0	stacked_calibrated_meta_model_lowdim_only	0.39536827656838136
repeated_stratified_5x5_internal	rs_17	CNV0_02655	0	stacked_calibrated_meta_model_lowdim_only	0.3739071914800878
repeated_stratified_5x5_internal	rs_17	CNV0_02713	1	stacked_calibrated_meta_model_lowdim_only	0.395961553873954
repeated_stratified_5x5_internal	rs_17	CNV0_02419	0	rule_gated_C_QK_structure	0.3948172162096245
repeated_stratified_5x5_internal	rs_17	CNV0_02442	1	rule_gated_C_QK_structure	0.3539293876355598
repeated_stratified_5x5_internal	rs_17	CNV0_02458	0	rule_gated_C_QK_structure	0.5324801754340436
repeated_stratified_5x5_internal	rs_17	CNV0_02510	1	rule_gated_C_QK_structure	0.38559580286200457
repeated_stratified_5x5_internal	rs_17	CNV0_02517	0	rule_gated_C_QK_structure	0.5102466749869491
repeated_stratified_5x5_internal	rs_17	CNV0_02518	0	rule_gated_C_QK_structure	0.4168357107808869
repeated_stratified_5x5_internal	rs_17	CNV0_02537	0	rule_gated_C_QK_structure	0.42028006440630383
repeated_stratified_5x5_internal	rs_17	CNV0_02538	0	rule_gated_C_QK_structure	0.47771185990003273
repeated_stratified_5x5_internal	rs_17	CNV0_02545	1	rule_gated_C_QK_structure	0.4685409171736876
repeated_stratified_5x5_internal	rs_17	CNV0_02551	0	rule_gated_C_QK_structure	0.2688363115322002
repeated_stratified_5x5_internal	rs_17	CNV0_02561	0	rule_gated_C_QK_structure	0.22756540551052765
repeated_stratified_5x5_internal	rs_17	CNV0_02562	0	rule_gated_C_QK_structure	0.30517039514861777
repeated_stratified_5x5_internal	rs_17	CNV0_02574	0	rule_gated_C_QK_structure	0.21864358826750685
repeated_stratified_5x5_internal	rs_17	CNV0_02577	0	rule_gated_C_QK_structure	0.2537169279103894
repeated_stratified_5x5_internal	rs_17	CNV0_02581	0	rule_gated_C_QK_structure	0.19642712685951635
repeated_stratified_5x5_internal	rs_17	CNV0_02582	0	rule_gated_C_QK_structure	0.21466080571418372
repeated_stratified_5x5_internal	rs_17	CNV0_02655	0	rule_gated_C_QK_structure	0.33708351824110794
repeated_stratified_5x5_internal	rs_17	CNV0_02713	1	rule_gated_C_QK_structure	0.1847671872729089
repeated_stratified_5x5_internal	rs_18	CNV0_02413	0	prespecified_equal_weight_C_QK_no_anchor	0.32510678244565117
repeated_stratified_5x5_internal	rs_18	CNV0_02425	1	prespecified_equal_weight_C_QK_no_anchor	0.6362748295228144
repeated_stratified_5x5_internal	rs_18	CNV0_02452	1	prespecified_equal_weight_C_QK_no_anchor	0.5582025024644649
repeated_stratified_5x5_internal	rs_18	CNV0_02478	1	prespecified_equal_weight_C_QK_no_anchor	0.5037688438209671
repeated_stratified_5x5_internal	rs_18	CNV0_02512	0	prespecified_equal_weight_C_QK_no_anchor	0.361207390265446
repeated_stratified_5x5_internal	rs_18	CNV0_02516	0	prespecified_equal_weight_C_QK_no_anchor	0.5284240268478757
repeated_stratified_5x5_internal	rs_18	CNV0_02550	0	prespecified_equal_weight_C_QK_no_anchor	0.45066288586571024
repeated_stratified_5x5_internal	rs_18	CNV0_02555	0	prespecified_equal_weight_C_QK_no_anchor	0.48515240630507406
repeated_stratified_5x5_internal	rs_18	CNV0_02556	0	prespecified_equal_weight_C_QK_no_anchor	0.5729615041910661
repeated_stratified_5x5_internal	rs_18	CNV0_02564	0	prespecified_equal_weight_C_QK_no_anchor	0.49791743328146965
repeated_stratified_5x5_internal	rs_18	CNV0_02567	0	prespecified_equal_weight_C_QK_no_anchor	0.4243681729767399
repeated_stratified_5x5_internal	rs_18	CNV0_02568	0	prespecified_equal_weight_C_QK_no_anchor	0.3581799882212287
repeated_stratified_5x5_internal	rs_18	CNV0_02571	0	prespecified_equal_weight_C_QK_no_anchor	0.36175273290746274
repeated_stratified_5x5_internal	rs_18	CNV0_02573	0	prespecified_equal_weight_C_QK_no_anchor	0.37370141310649935
repeated_stratified_5x5_internal	rs_18	CNV0_02591	0	prespecified_equal_weight_C_QK_no_anchor	0.3824236431008047
repeated_stratified_5x5_internal	rs_18	CNV0_02594	0	prespecified_equal_weight_C_QK_no_anchor	0.24276665436156042
repeated_stratified_5x5_internal	rs_18	CNV0_02685	0	prespecified_equal_weight_C_QK_no_anchor	0.516423331200089
repeated_stratified_5x5_internal	rs_18	CNV0_02708	1	prespecified_equal_weight_C_QK_no_anchor	0.4279416543783523
repeated_stratified_5x5_internal	rs_18	CNV0_02413	0	prespecified_C_0.5_QK_quantum_0.5	0.32908360306518514
repeated_stratified_5x5_internal	rs_18	CNV0_02425	1	prespecified_C_0.5_QK_quantum_0.5	0.6551448259286241
repeated_stratified_5x5_internal	rs_18	CNV0_02452	1	prespecified_C_0.5_QK_quantum_0.5	0.5644368319606345
repeated_stratified_5x5_internal	rs_18	CNV0_02478	1	prespecified_C_0.5_QK_quantum_0.5	0.39946097436249783
repeated_stratified_5x5_internal	rs_18	CNV0_02512	0	prespecified_C_0.5_QK_quantum_0.5	0.206683542381103
repeated_stratified_5x5_internal	rs_18	CNV0_02516	0	prespecified_C_0.5_QK_quantum_0.5	0.3127232860830303
repeated_stratified_5x5_internal	rs_18	CNV0_02550	0	prespecified_C_0.5_QK_quantum_0.5	0.5840349391800419
repeated_stratified_5x5_internal	rs_18	CNV0_02555	0	prespecified_C_0.5_QK_quantum_0.5	0.45630015823192044
repeated_stratified_5x5_internal	rs_18	CNV0_02556	0	prespecified_C_0.5_QK_quantum_0.5	0.42465741930525774
repeated_stratified_5x5_internal	rs_18	CNV0_02564	0	prespecified_C_0.5_QK_quantum_0.5	0.48415506288746557
repeated_stratified_5x5_internal	rs_18	CNV0_02567	0	prespecified_C_0.5_QK_quantum_0.5	0.3292733158918577
repeated_stratified_5x5_internal	rs_18	CNV0_02568	0	prespecified_C_0.5_QK_quantum_0.5	0.3763175840273202
repeated_stratified_5x5_internal	rs_18	CNV0_02571	0	prespecified_C_0.5_QK_quantum_0.5	0.3086824635807597
repeated_stratified_5x5_internal	rs_18	CNV0_02573	0	prespecified_C_0.5_QK_quantum_0.5	0.3944613129422885
repeated_stratified_5x5_internal	rs_18	CNV0_02591	0	prespecified_C_0.5_QK_quantum_0.5	0.34002183547641107
repeated_stratified_5x5_internal	rs_18	CNV0_02594	0	prespecified_C_0.5_QK_quantum_0.5	0.4229772534236737
repeated_stratified_5x5_internal	rs_18	CNV0_02685	0	prespecified_C_0.5_QK_quantum_0.5	0.297276079015657
repeated_stratified_5x5_internal	rs_18	CNV0_02708	1	prespecified_C_0.5_QK_quantum_0.5	0.2356682392563918
repeated_stratified_5x5_internal	rs_18	CNV0_02413	0	nested_learned_gate_C_QK_structure	0.3225561086346443
repeated_stratified_5x5_internal	rs_18	CNV0_02425	1	nested_learned_gate_C_QK_structure	0.6062854923043348
repeated_stratified_5x5_internal	rs_18	CNV0_02452	1	nested_learned_gate_C_QK_structure	0.5445679346529207
repeated_stratified_5x5_internal	rs_18	CNV0_02478	1	nested_learned_gate_C_QK_structure	0.48916248430213727
repeated_stratified_5x5_internal	rs_18	CNV0_02512	0	nested_learned_gate_C_QK_structure	0.3521229926266487
repeated_stratified_5x5_internal	rs_18	CNV0_02516	0	nested_learned_gate_C_QK_structure	0.44408911515595995
repeated_stratified_5x5_internal	rs_18	CNV0_02550	0	nested_learned_gate_C_QK_structure	0.43072988756681685
repeated_stratified_5x5_internal	rs_18	CNV0_02555	0	nested_learned_gate_C_QK_structure	0.5085188198869456
repeated_stratified_5x5_internal	rs_18	CNV0_02556	0	nested_learned_gate_C_QK_structure	0.5057052492642639
repeated_stratified_5x5_internal	rs_18	CNV0_02564	0	nested_learned_gate_C_QK_structure	0.4507950228043237
repeated_stratified_5x5_internal	rs_18	CNV0_02567	0	nested_learned_gate_C_QK_structure	0.37633710521065367
repeated_stratified_5x5_internal	rs_18	CNV0_02568	0	nested_learned_gate_C_QK_structure	0.37169456902707754
repeated_stratified_5x5_internal	rs_18	CNV0_02571	0	nested_learned_gate_C_QK_structure	0.3519939380757299
repeated_stratified_5x5_internal	rs_18	CNV0_02573	0	nested_learned_gate_C_QK_structure	0.356648236156595
repeated_stratified_5x5_internal	rs_18	CNV0_02591	0	nested_learned_gate_C_QK_structure	0.3238877160926368
repeated_stratified_5x5_internal	rs_18	CNV0_02594	0	nested_learned_gate_C_QK_structure	0.2626616516559348
repeated_stratified_5x5_internal	rs_18	CNV0_02685	0	nested_learned_gate_C_QK_structure	0.46909310099477647
repeated_stratified_5x5_internal	rs_18	CNV0_02708	1	nested_learned_gate_C_QK_structure	0.3929310908624595
repeated_stratified_5x5_internal	rs_18	CNV0_02413	0	stacked_calibrated_meta_model_lowdim_only	0.38019830679048505
repeated_stratified_5x5_internal	rs_18	CNV0_02425	1	stacked_calibrated_meta_model_lowdim_only	0.27533718257479006
repeated_stratified_5x5_internal	rs_18	CNV0_02452	1	stacked_calibrated_meta_model_lowdim_only	0.25613746374452323
repeated_stratified_5x5_internal	rs_18	CNV0_02478	1	stacked_calibrated_meta_model_lowdim_only	0.4572227472766384
repeated_stratified_5x5_internal	rs_18	CNV0_02512	0	stacked_calibrated_meta_model_lowdim_only	0.46862346882462574
repeated_stratified_5x5_internal	rs_18	CNV0_02516	0	stacked_calibrated_meta_model_lowdim_only	0.4693185526477679
repeated_stratified_5x5_internal	rs_18	CNV0_02550	0	stacked_calibrated_meta_model_lowdim_only	0.48069078333228005
repeated_stratified_5x5_internal	rs_18	CNV0_02555	0	stacked_calibrated_meta_model_lowdim_only	0.532677886222465
repeated_stratified_5x5_internal	rs_18	CNV0_02556	0	stacked_calibrated_meta_model_lowdim_only	0.44686248047277805
repeated_stratified_5x5_internal	rs_18	CNV0_02564	0	stacked_calibrated_meta_model_lowdim_only	0.5072865720591354
repeated_stratified_5x5_internal	rs_18	CNV0_02567	0	stacked_calibrated_meta_model_lowdim_only	0.3901465585768387
repeated_stratified_5x5_internal	rs_18	CNV0_02568	0	stacked_calibrated_meta_model_lowdim_only	0.3898568808679514
repeated_stratified_5x5_internal	rs_18	CNV0_02571	0	stacked_calibrated_meta_model_lowdim_only	0.3921821492627826
repeated_stratified_5x5_internal	rs_18	CNV0_02573	0	stacked_calibrated_meta_model_lowdim_only	0.39321462848258937
repeated_stratified_5x5_internal	rs_18	CNV0_02591	0	stacked_calibrated_meta_model_lowdim_only	0.39173547916349116
repeated_stratified_5x5_internal	rs_18	CNV0_02594	0	stacked_calibrated_meta_model_lowdim_only	0.3922182867968888
repeated_stratified_5x5_internal	rs_18	CNV0_02685	0	stacked_calibrated_meta_model_lowdim_only	0.3736047625595853
repeated_stratified_5x5_internal	rs_18	CNV0_02708	1	stacked_calibrated_meta_model_lowdim_only	0.38915808855041983
repeated_stratified_5x5_internal	rs_18	CNV0_02413	0	rule_gated_C_QK_structure	0.32725219610574374
repeated_stratified_5x5_internal	rs_18	CNV0_02425	1	rule_gated_C_QK_structure	0.5862072238155203
repeated_stratified_5x5_internal	rs_18	CNV0_02452	1	rule_gated_C_QK_structure	0.5429257655044805
repeated_stratified_5x5_internal	rs_18	CNV0_02478	1	rule_gated_C_QK_structure	0.4634197041443586
repeated_stratified_5x5_internal	rs_18	CNV0_02512	0	rule_gated_C_QK_structure	0.34101469425575276
repeated_stratified_5x5_internal	rs_18	CNV0_02516	0	rule_gated_C_QK_structure	0.47991081284445997
repeated_stratified_5x5_internal	rs_18	CNV0_02550	0	rule_gated_C_QK_structure	0.450694595978524
repeated_stratified_5x5_internal	rs_18	CNV0_02555	0	rule_gated_C_QK_structure	0.4390204671456107
repeated_stratified_5x5_internal	rs_18	CNV0_02556	0	rule_gated_C_QK_structure	0.5248082537480059
repeated_stratified_5x5_internal	rs_18	CNV0_02564	0	rule_gated_C_QK_structure	0.4649748673701764
repeated_stratified_5x5_internal	rs_18	CNV0_02567	0	rule_gated_C_QK_structure	0.38754342885618187
repeated_stratified_5x5_internal	rs_18	CNV0_02568	0	rule_gated_C_QK_structure	0.3578808426335401
repeated_stratified_5x5_internal	rs_18	CNV0_02571	0	rule_gated_C_QK_structure	0.3358786313669688
repeated_stratified_5x5_internal	rs_18	CNV0_02573	0	rule_gated_C_QK_structure	0.3659564185502601
repeated_stratified_5x5_internal	rs_18	CNV0_02591	0	rule_gated_C_QK_structure	0.35481361542780615
repeated_stratified_5x5_internal	rs_18	CNV0_02594	0	rule_gated_C_QK_structure	0.28278394158666087
repeated_stratified_5x5_internal	rs_18	CNV0_02685	0	rule_gated_C_QK_structure	0.46584952114468886
repeated_stratified_5x5_internal	rs_18	CNV0_02708	1	rule_gated_C_QK_structure	0.3716212826841093
repeated_stratified_5x5_internal	rs_19	CNV0_02396	1	prespecified_equal_weight_C_QK_no_anchor	0.34079177637437397
repeated_stratified_5x5_internal	rs_19	CNV0_02398	1	prespecified_equal_weight_C_QK_no_anchor	0.5210766440088286
repeated_stratified_5x5_internal	rs_19	CNV0_02411	0	prespecified_equal_weight_C_QK_no_anchor	0.3727851507585932
repeated_stratified_5x5_internal	rs_19	CNV0_02450	1	prespecified_equal_weight_C_QK_no_anchor	0.571047863914731
repeated_stratified_5x5_internal	rs_19	CNV0_02453	0	prespecified_equal_weight_C_QK_no_anchor	0.5306487814930521
repeated_stratified_5x5_internal	rs_19	CNV0_02511	1	prespecified_equal_weight_C_QK_no_anchor	0.5906863205316941
repeated_stratified_5x5_internal	rs_19	CNV0_02514	0	prespecified_equal_weight_C_QK_no_anchor	0.4346616814239782
repeated_stratified_5x5_internal	rs_19	CNV0_02544	0	prespecified_equal_weight_C_QK_no_anchor	0.38514527740580196
repeated_stratified_5x5_internal	rs_19	CNV0_02559	0	prespecified_equal_weight_C_QK_no_anchor	0.4974786963786112
repeated_stratified_5x5_internal	rs_19	CNV0_02575	0	prespecified_equal_weight_C_QK_no_anchor	0.5459181664076754
repeated_stratified_5x5_internal	rs_19	CNV0_02579	0	prespecified_equal_weight_C_QK_no_anchor	0.1868775751109292
repeated_stratified_5x5_internal	rs_19	CNV0_02583	0	prespecified_equal_weight_C_QK_no_anchor	0.3861359292022802
repeated_stratified_5x5_internal	rs_19	CNV0_02585	0	prespecified_equal_weight_C_QK_no_anchor	0.1911361238593171
repeated_stratified_5x5_internal	rs_19	CNV0_02589	0	prespecified_equal_weight_C_QK_no_anchor	0.30077881997983047
repeated_stratified_5x5_internal	rs_19	CNV0_02592	0	prespecified_equal_weight_C_QK_no_anchor	0.3520474791270729
repeated_stratified_5x5_internal	rs_19	CNV0_02593	0	prespecified_equal_weight_C_QK_no_anchor	0.3666416695315956
repeated_stratified_5x5_internal	rs_19	CNV0_02681	0	prespecified_equal_weight_C_QK_no_anchor	0.3152042476611774
repeated_stratified_5x5_internal	rs_19	CNV0_02396	1	prespecified_C_0.5_QK_quantum_0.5	0.49587420718901964
repeated_stratified_5x5_internal	rs_19	CNV0_02398	1	prespecified_C_0.5_QK_quantum_0.5	0.37312534039923545
repeated_stratified_5x5_internal	rs_19	CNV0_02411	0	prespecified_C_0.5_QK_quantum_0.5	0.5964568684597299
repeated_stratified_5x5_internal	rs_19	CNV0_02450	1	prespecified_C_0.5_QK_quantum_0.5	0.44209694901325913
repeated_stratified_5x5_internal	rs_19	CNV0_02453	0	prespecified_C_0.5_QK_quantum_0.5	0.553333468840223
repeated_stratified_5x5_internal	rs_19	CNV0_02511	1	prespecified_C_0.5_QK_quantum_0.5	0.4897401446396889
repeated_stratified_5x5_internal	rs_19	CNV0_02514	0	prespecified_C_0.5_QK_quantum_0.5	0.3789051825755973
repeated_stratified_5x5_internal	rs_19	CNV0_02544	0	prespecified_C_0.5_QK_quantum_0.5	0.47787454046425715
repeated_stratified_5x5_internal	rs_19	CNV0_02559	0	prespecified_C_0.5_QK_quantum_0.5	0.4562702988546389
repeated_stratified_5x5_internal	rs_19	CNV0_02575	0	prespecified_C_0.5_QK_quantum_0.5	0.5832810345841399
repeated_stratified_5x5_internal	rs_19	CNV0_02579	0	prespecified_C_0.5_QK_quantum_0.5	0.14147672603305722
repeated_stratified_5x5_internal	rs_19	CNV0_02583	0	prespecified_C_0.5_QK_quantum_0.5	0.3968979349215983
repeated_stratified_5x5_internal	rs_19	CNV0_02585	0	prespecified_C_0.5_QK_quantum_0.5	0.3710331681692863
repeated_stratified_5x5_internal	rs_19	CNV0_02589	0	prespecified_C_0.5_QK_quantum_0.5	0.21118362615684133
repeated_stratified_5x5_internal	rs_19	CNV0_02592	0	prespecified_C_0.5_QK_quantum_0.5	0.4627016693143019
repeated_stratified_5x5_internal	rs_19	CNV0_02593	0	prespecified_C_0.5_QK_quantum_0.5	0.31747951988119316
repeated_stratified_5x5_internal	rs_19	CNV0_02681	0	prespecified_C_0.5_QK_quantum_0.5	0.19681520954041967
repeated_stratified_5x5_internal	rs_19	CNV0_02396	1	nested_learned_gate_C_QK_structure	0.29599966328487454
repeated_stratified_5x5_internal	rs_19	CNV0_02398	1	nested_learned_gate_C_QK_structure	0.4886525246615781
repeated_stratified_5x5_internal	rs_19	CNV0_02411	0	nested_learned_gate_C_QK_structure	0.37661259751295106
repeated_stratified_5x5_internal	rs_19	CNV0_02450	1	nested_learned_gate_C_QK_structure	0.5723315334248679
repeated_stratified_5x5_internal	rs_19	CNV0_02453	0	nested_learned_gate_C_QK_structure	0.44346043516566047
repeated_stratified_5x5_internal	rs_19	CNV0_02511	1	nested_learned_gate_C_QK_structure	0.5172754710184156
repeated_stratified_5x5_internal	rs_19	CNV0_02514	0	nested_learned_gate_C_QK_structure	0.45590302844484
repeated_stratified_5x5_internal	rs_19	CNV0_02544	0	nested_learned_gate_C_QK_structure	0.3799519915548096
repeated_stratified_5x5_internal	rs_19	CNV0_02559	0	nested_learned_gate_C_QK_structure	0.49478248134138314
repeated_stratified_5x5_internal	rs_19	CNV0_02575	0	nested_learned_gate_C_QK_structure	0.47083281007133976
repeated_stratified_5x5_internal	rs_19	CNV0_02579	0	nested_learned_gate_C_QK_structure	0.17754435139914249
repeated_stratified_5x5_internal	rs_19	CNV0_02583	0	nested_learned_gate_C_QK_structure	0.35394472036346214
repeated_stratified_5x5_internal	rs_19	CNV0_02585	0	nested_learned_gate_C_QK_structure	0.17915202162423333
repeated_stratified_5x5_internal	rs_19	CNV0_02589	0	nested_learned_gate_C_QK_structure	0.2689452732034552
repeated_stratified_5x5_internal	rs_19	CNV0_02592	0	nested_learned_gate_C_QK_structure	0.36124959952215807
repeated_stratified_5x5_internal	rs_19	CNV0_02593	0	nested_learned_gate_C_QK_structure	0.3372135710979124
repeated_stratified_5x5_internal	rs_19	CNV0_02681	0	nested_learned_gate_C_QK_structure	0.2833957622570462
repeated_stratified_5x5_internal	rs_19	CNV0_02396	1	stacked_calibrated_meta_model_lowdim_only	0.4218503474202538
repeated_stratified_5x5_internal	rs_19	CNV0_02398	1	stacked_calibrated_meta_model_lowdim_only	0.41152786216681175
repeated_stratified_5x5_internal	rs_19	CNV0_02411	0	stacked_calibrated_meta_model_lowdim_only	0.43200401217679957
repeated_stratified_5x5_internal	rs_19	CNV0_02450	1	stacked_calibrated_meta_model_lowdim_only	0.7163573510635239
repeated_stratified_5x5_internal	rs_19	CNV0_02453	0	stacked_calibrated_meta_model_lowdim_only	0.5081099108227051
repeated_stratified_5x5_internal	rs_19	CNV0_02511	1	stacked_calibrated_meta_model_lowdim_only	0.5629911223925859
repeated_stratified_5x5_internal	rs_19	CNV0_02514	0	stacked_calibrated_meta_model_lowdim_only	0.45083077853866255
repeated_stratified_5x5_internal	rs_19	CNV0_02544	0	stacked_calibrated_meta_model_lowdim_only	0.5448583110584018
repeated_stratified_5x5_internal	rs_19	CNV0_02559	0	stacked_calibrated_meta_model_lowdim_only	0.4166754868694071
repeated_stratified_5x5_internal	rs_19	CNV0_02575	0	stacked_calibrated_meta_model_lowdim_only	0.48766974722639084
repeated_stratified_5x5_internal	rs_19	CNV0_02579	0	stacked_calibrated_meta_model_lowdim_only	0.3061811828337906
repeated_stratified_5x5_internal	rs_19	CNV0_02583	0	stacked_calibrated_meta_model_lowdim_only	0.4149581486446978
repeated_stratified_5x5_internal	rs_19	CNV0_02585	0	stacked_calibrated_meta_model_lowdim_only	0.3510106244576556
repeated_stratified_5x5_internal	rs_19	CNV0_02589	0	stacked_calibrated_meta_model_lowdim_only	0.35261178860636105
repeated_stratified_5x5_internal	rs_19	CNV0_02592	0	stacked_calibrated_meta_model_lowdim_only	0.41333255353061177
repeated_stratified_5x5_internal	rs_19	CNV0_02593	0	stacked_calibrated_meta_model_lowdim_only	0.39645277826478637
repeated_stratified_5x5_internal	rs_19	CNV0_02681	0	stacked_calibrated_meta_model_lowdim_only	0.380167141748786
repeated_stratified_5x5_internal	rs_19	CNV0_02396	1	rule_gated_C_QK_structure	0.36594769108112807
repeated_stratified_5x5_internal	rs_19	CNV0_02398	1	rule_gated_C_QK_structure	0.4720179057719343
repeated_stratified_5x5_internal	rs_19	CNV0_02411	0	rule_gated_C_QK_structure	0.41217147464860865
repeated_stratified_5x5_internal	rs_19	CNV0_02450	1	rule_gated_C_QK_structure	0.5397721143869117
repeated_stratified_5x5_internal	rs_19	CNV0_02453	0	rule_gated_C_QK_structure	0.514333440500226
repeated_stratified_5x5_internal	rs_19	CNV0_02511	1	rule_gated_C_QK_structure	0.5430868128760125
repeated_stratified_5x5_internal	rs_19	CNV0_02514	0	rule_gated_C_QK_structure	0.41170476132525974
repeated_stratified_5x5_internal	rs_19	CNV0_02544	0	rule_gated_C_QK_structure	0.3826765689280738
repeated_stratified_5x5_internal	rs_19	CNV0_02559	0	rule_gated_C_QK_structure	0.4801009252893818
repeated_stratified_5x5_internal	rs_19	CNV0_02575	0	rule_gated_C_QK_structure	0.520796798475282
repeated_stratified_5x5_internal	rs_19	CNV0_02579	0	rule_gated_C_QK_structure	0.1936167906503624
repeated_stratified_5x5_internal	rs_19	CNV0_02583	0	rule_gated_C_QK_structure	0.37645127603788364
repeated_stratified_5x5_internal	rs_19	CNV0_02585	0	rule_gated_C_QK_structure	0.24156868581913143
repeated_stratified_5x5_internal	rs_19	CNV0_02589	0	rule_gated_C_QK_structure	0.28294159539690594
repeated_stratified_5x5_internal	rs_19	CNV0_02592	0	rule_gated_C_QK_structure	0.362008862681279
repeated_stratified_5x5_internal	rs_19	CNV0_02593	0	rule_gated_C_QK_structure	0.3452871175914886
repeated_stratified_5x5_internal	rs_19	CNV0_02681	0	rule_gated_C_QK_structure	0.2918697254662829
repeated_stratified_5x5_internal	rs_20	CNV0_02405	1	prespecified_equal_weight_C_QK_no_anchor	0.48788580039063256
repeated_stratified_5x5_internal	rs_20	CNV0_02421	0	prespecified_equal_weight_C_QK_no_anchor	0.40604347946983566
repeated_stratified_5x5_internal	rs_20	CNV0_02424	1	prespecified_equal_weight_C_QK_no_anchor	0.5018610453589731
repeated_stratified_5x5_internal	rs_20	CNV0_02477	1	prespecified_equal_weight_C_QK_no_anchor	0.5708701183808477
repeated_stratified_5x5_internal	rs_20	CNV0_02478	1	prespecified_equal_weight_C_QK_no_anchor	0.6061112963563912
repeated_stratified_5x5_internal	rs_20	CNV0_02515	0	prespecified_equal_weight_C_QK_no_anchor	0.5503135919463785
repeated_stratified_5x5_internal	rs_20	CNV0_02516	0	prespecified_equal_weight_C_QK_no_anchor	0.2722860294295182
repeated_stratified_5x5_internal	rs_20	CNV0_02518	0	prespecified_equal_weight_C_QK_no_anchor	0.5071986179728684
repeated_stratified_5x5_internal	rs_20	CNV0_02551	0	prespecified_equal_weight_C_QK_no_anchor	0.2623486975866506
repeated_stratified_5x5_internal	rs_20	CNV0_02553	0	prespecified_equal_weight_C_QK_no_anchor	0.25174376644948937
repeated_stratified_5x5_internal	rs_20	CNV0_02556	0	prespecified_equal_weight_C_QK_no_anchor	0.508354274288042
repeated_stratified_5x5_internal	rs_20	CNV0_02559	0	prespecified_equal_weight_C_QK_no_anchor	0.4800787801764085
repeated_stratified_5x5_internal	rs_20	CNV0_02572	0	prespecified_equal_weight_C_QK_no_anchor	0.42658838726209697
repeated_stratified_5x5_internal	rs_20	CNV0_02577	0	prespecified_equal_weight_C_QK_no_anchor	0.25850792515717685
repeated_stratified_5x5_internal	rs_20	CNV0_02578	0	prespecified_equal_weight_C_QK_no_anchor	0.3052009446741033
repeated_stratified_5x5_internal	rs_20	CNV0_02579	0	prespecified_equal_weight_C_QK_no_anchor	0.2882506185603546
repeated_stratified_5x5_internal	rs_20	CNV0_02594	0	prespecified_equal_weight_C_QK_no_anchor	0.2801606521753383
repeated_stratified_5x5_internal	rs_20	CNV0_02713	1	prespecified_equal_weight_C_QK_no_anchor	0.34506202103446276
repeated_stratified_5x5_internal	rs_20	CNV0_02405	1	prespecified_C_0.5_QK_quantum_0.5	0.2893522819614123
repeated_stratified_5x5_internal	rs_20	CNV0_02421	0	prespecified_C_0.5_QK_quantum_0.5	0.34210058925400966
repeated_stratified_5x5_internal	rs_20	CNV0_02424	1	prespecified_C_0.5_QK_quantum_0.5	0.593925490221282
repeated_stratified_5x5_internal	rs_20	CNV0_02477	1	prespecified_C_0.5_QK_quantum_0.5	0.6086502755459542
repeated_stratified_5x5_internal	rs_20	CNV0_02478	1	prespecified_C_0.5_QK_quantum_0.5	0.6209372266323706
repeated_stratified_5x5_internal	rs_20	CNV0_02515	0	prespecified_C_0.5_QK_quantum_0.5	0.40603063472333123
repeated_stratified_5x5_internal	rs_20	CNV0_02516	0	prespecified_C_0.5_QK_quantum_0.5	0.2948626226136547
repeated_stratified_5x5_internal	rs_20	CNV0_02518	0	prespecified_C_0.5_QK_quantum_0.5	0.6236693741295426
repeated_stratified_5x5_internal	rs_20	CNV0_02551	0	prespecified_C_0.5_QK_quantum_0.5	0.2582868219239984
repeated_stratified_5x5_internal	rs_20	CNV0_02553	0	prespecified_C_0.5_QK_quantum_0.5	0.41967959157026136
repeated_stratified_5x5_internal	rs_20	CNV0_02556	0	prespecified_C_0.5_QK_quantum_0.5	0.4787342386463146
repeated_stratified_5x5_internal	rs_20	CNV0_02559	0	prespecified_C_0.5_QK_quantum_0.5	0.2856567843200511
repeated_stratified_5x5_internal	rs_20	CNV0_02572	0	prespecified_C_0.5_QK_quantum_0.5	0.6057797526957555
repeated_stratified_5x5_internal	rs_20	CNV0_02577	0	prespecified_C_0.5_QK_quantum_0.5	0.18312023450322776
repeated_stratified_5x5_internal	rs_20	CNV0_02578	0	prespecified_C_0.5_QK_quantum_0.5	0.4198466568790345
repeated_stratified_5x5_internal	rs_20	CNV0_02579	0	prespecified_C_0.5_QK_quantum_0.5	0.2928149440169261
repeated_stratified_5x5_internal	rs_20	CNV0_02594	0	prespecified_C_0.5_QK_quantum_0.5	0.4120934294756869
repeated_stratified_5x5_internal	rs_20	CNV0_02713	1	prespecified_C_0.5_QK_quantum_0.5	0.22854116765232033
repeated_stratified_5x5_internal	rs_20	CNV0_02405	1	nested_learned_gate_C_QK_structure	0.48342971960537306
repeated_stratified_5x5_internal	rs_20	CNV0_02421	0	nested_learned_gate_C_QK_structure	0.42830283631820887
repeated_stratified_5x5_internal	rs_20	CNV0_02424	1	nested_learned_gate_C_QK_structure	0.49026659312908794
repeated_stratified_5x5_internal	rs_20	CNV0_02477	1	nested_learned_gate_C_QK_structure	0.5254822443066347
repeated_stratified_5x5_internal	rs_20	CNV0_02478	1	nested_learned_gate_C_QK_structure	0.5707999676279225
repeated_stratified_5x5_internal	rs_20	CNV0_02515	0	nested_learned_gate_C_QK_structure	0.5027158495527193
repeated_stratified_5x5_internal	rs_20	CNV0_02516	0	nested_learned_gate_C_QK_structure	0.25977146025721765
repeated_stratified_5x5_internal	rs_20	CNV0_02518	0	nested_learned_gate_C_QK_structure	0.5087184357851604
repeated_stratified_5x5_internal	rs_20	CNV0_02551	0	nested_learned_gate_C_QK_structure	0.29869659676702903
repeated_stratified_5x5_internal	rs_20	CNV0_02553	0	nested_learned_gate_C_QK_structure	0.27201227351488677
repeated_stratified_5x5_internal	rs_20	CNV0_02556	0	nested_learned_gate_C_QK_structure	0.4711911584510373
repeated_stratified_5x5_internal	rs_20	CNV0_02559	0	nested_learned_gate_C_QK_structure	0.4775427691780828
repeated_stratified_5x5_internal	rs_20	CNV0_02572	0	nested_learned_gate_C_QK_structure	0.4264951948134432
repeated_stratified_5x5_internal	rs_20	CNV0_02577	0	nested_learned_gate_C_QK_structure	0.2630037001943447
repeated_stratified_5x5_internal	rs_20	CNV0_02578	0	nested_learned_gate_C_QK_structure	0.3070607642965803
repeated_stratified_5x5_internal	rs_20	CNV0_02579	0	nested_learned_gate_C_QK_structure	0.27006912086121654
repeated_stratified_5x5_internal	rs_20	CNV0_02594	0	nested_learned_gate_C_QK_structure	0.2764197454867714
repeated_stratified_5x5_internal	rs_20	CNV0_02713	1	nested_learned_gate_C_QK_structure	0.3174785734251787
repeated_stratified_5x5_internal	rs_20	CNV0_02405	1	stacked_calibrated_meta_model_lowdim_only	0.42091763730170917
repeated_stratified_5x5_internal	rs_20	CNV0_02421	0	stacked_calibrated_meta_model_lowdim_only	0.4163600303397795
repeated_stratified_5x5_internal	rs_20	CNV0_02424	1	stacked_calibrated_meta_model_lowdim_only	0.47315818742200344
repeated_stratified_5x5_internal	rs_20	CNV0_02477	1	stacked_calibrated_meta_model_lowdim_only	0.801033776715973
repeated_stratified_5x5_internal	rs_20	CNV0_02478	1	stacked_calibrated_meta_model_lowdim_only	0.5107094365285826
repeated_stratified_5x5_internal	rs_20	CNV0_02515	0	stacked_calibrated_meta_model_lowdim_only	0.44472909165842617
repeated_stratified_5x5_internal	rs_20	CNV0_02516	0	stacked_calibrated_meta_model_lowdim_only	0.7442366189412407
repeated_stratified_5x5_internal	rs_20	CNV0_02518	0	stacked_calibrated_meta_model_lowdim_only	0.3835377129240263
repeated_stratified_5x5_internal	rs_20	CNV0_02551	0	stacked_calibrated_meta_model_lowdim_only	0.38344811378146804
repeated_stratified_5x5_internal	rs_20	CNV0_02553	0	stacked_calibrated_meta_model_lowdim_only	0.40938963370144105
repeated_stratified_5x5_internal	rs_20	CNV0_02556	0	stacked_calibrated_meta_model_lowdim_only	0.4713495165310624
repeated_stratified_5x5_internal	rs_20	CNV0_02559	0	stacked_calibrated_meta_model_lowdim_only	0.4302902552205069
repeated_stratified_5x5_internal	rs_20	CNV0_02572	0	stacked_calibrated_meta_model_lowdim_only	0.49622526628262464
repeated_stratified_5x5_internal	rs_20	CNV0_02577	0	stacked_calibrated_meta_model_lowdim_only	0.3661442224652647
repeated_stratified_5x5_internal	rs_20	CNV0_02578	0	stacked_calibrated_meta_model_lowdim_only	0.4318702273873219
repeated_stratified_5x5_internal	rs_20	CNV0_02579	0	stacked_calibrated_meta_model_lowdim_only	0.4061846927670604
repeated_stratified_5x5_internal	rs_20	CNV0_02594	0	stacked_calibrated_meta_model_lowdim_only	0.43326978388224474
repeated_stratified_5x5_internal	rs_20	CNV0_02713	1	stacked_calibrated_meta_model_lowdim_only	0.7338404387279924
repeated_stratified_5x5_internal	rs_20	CNV0_02405	1	rule_gated_C_QK_structure	0.43340001376856846
repeated_stratified_5x5_internal	rs_20	CNV0_02421	0	rule_gated_C_QK_structure	0.37896558851669443
repeated_stratified_5x5_internal	rs_20	CNV0_02424	1	rule_gated_C_QK_structure	0.49200111534618596
repeated_stratified_5x5_internal	rs_20	CNV0_02477	1	rule_gated_C_QK_structure	0.5595807399603103
repeated_stratified_5x5_internal	rs_20	CNV0_02478	1	rule_gated_C_QK_structure	0.5786031418919612
repeated_stratified_5x5_internal	rs_20	CNV0_02515	0	rule_gated_C_QK_structure	0.49389098051970226
repeated_stratified_5x5_internal	rs_20	CNV0_02516	0	rule_gated_C_QK_structure	0.27889586495760604
repeated_stratified_5x5_internal	rs_20	CNV0_02518	0	rule_gated_C_QK_structure	0.4967892151386935
repeated_stratified_5x5_internal	rs_20	CNV0_02551	0	rule_gated_C_QK_structure	0.2507432090534445
repeated_stratified_5x5_internal	rs_20	CNV0_02553	0	rule_gated_C_QK_structure	0.27833750118085987
repeated_stratified_5x5_internal	rs_20	CNV0_02556	0	rule_gated_C_QK_structure	0.4854227392389063
repeated_stratified_5x5_internal	rs_20	CNV0_02559	0	rule_gated_C_QK_structure	0.4342541778227355
repeated_stratified_5x5_internal	rs_20	CNV0_02572	0	rule_gated_C_QK_structure	0.44427534079420683
repeated_stratified_5x5_internal	rs_20	CNV0_02577	0	rule_gated_C_QK_structure	0.24326219140187036
repeated_stratified_5x5_internal	rs_20	CNV0_02578	0	rule_gated_C_QK_structure	0.33054532970852474
repeated_stratified_5x5_internal	rs_20	CNV0_02579	0	rule_gated_C_QK_structure	0.2983267576921828
repeated_stratified_5x5_internal	rs_20	CNV0_02594	0	rule_gated_C_QK_structure	0.30284832652449833
repeated_stratified_5x5_internal	rs_20	CNV0_02713	1	rule_gated_C_QK_structure	0.3210164687753285
repeated_stratified_5x5_internal	rs_21	CNV0_02396	1	prespecified_equal_weight_C_QK_no_anchor	0.2848312810879876
repeated_stratified_5x5_internal	rs_21	CNV0_02415	0	prespecified_equal_weight_C_QK_no_anchor	0.2749431526253482
repeated_stratified_5x5_internal	rs_21	CNV0_02416	0	prespecified_equal_weight_C_QK_no_anchor	0.41906122227369946
repeated_stratified_5x5_internal	rs_21	CNV0_02425	1	prespecified_equal_weight_C_QK_no_anchor	0.6257571926710012
repeated_stratified_5x5_internal	rs_21	CNV0_02442	1	prespecified_equal_weight_C_QK_no_anchor	0.5345938395737195
repeated_stratified_5x5_internal	rs_21	CNV0_02458	0	prespecified_equal_weight_C_QK_no_anchor	0.4382259933845414
repeated_stratified_5x5_internal	rs_21	CNV0_02537	0	prespecified_equal_weight_C_QK_no_anchor	0.1930067407060284
repeated_stratified_5x5_internal	rs_21	CNV0_02555	0	prespecified_equal_weight_C_QK_no_anchor	0.5036114449563684
repeated_stratified_5x5_internal	rs_21	CNV0_02563	0	prespecified_equal_weight_C_QK_no_anchor	0.2513884088325044
repeated_stratified_5x5_internal	rs_21	CNV0_02570	0	prespecified_equal_weight_C_QK_no_anchor	0.38606357332527064
repeated_stratified_5x5_internal	rs_21	CNV0_02571	0	prespecified_equal_weight_C_QK_no_anchor	0.17225274483935055
repeated_stratified_5x5_internal	rs_21	CNV0_02574	0	prespecified_equal_weight_C_QK_no_anchor	0.24195059046206704
repeated_stratified_5x5_internal	rs_21	CNV0_02575	0	prespecified_equal_weight_C_QK_no_anchor	0.5657424028036451
repeated_stratified_5x5_internal	rs_21	CNV0_02581	0	prespecified_equal_weight_C_QK_no_anchor	0.27818530919643936
repeated_stratified_5x5_internal	rs_21	CNV0_02587	0	prespecified_equal_weight_C_QK_no_anchor	0.4139936600418034
repeated_stratified_5x5_internal	rs_21	CNV0_02591	0	prespecified_equal_weight_C_QK_no_anchor	0.22606793844722878
repeated_stratified_5x5_internal	rs_21	CNV0_02592	0	prespecified_equal_weight_C_QK_no_anchor	0.43051091585823037
repeated_stratified_5x5_internal	rs_21	CNV0_02709	1	prespecified_equal_weight_C_QK_no_anchor	0.4060622950679976
repeated_stratified_5x5_internal	rs_21	CNV0_02396	1	prespecified_C_0.5_QK_quantum_0.5	0.29390738419466367
repeated_stratified_5x5_internal	rs_21	CNV0_02415	0	prespecified_C_0.5_QK_quantum_0.5	0.326338818708104
repeated_stratified_5x5_internal	rs_21	CNV0_02416	0	prespecified_C_0.5_QK_quantum_0.5	0.3986373474901319
repeated_stratified_5x5_internal	rs_21	CNV0_02425	1	prespecified_C_0.5_QK_quantum_0.5	0.6217992915299344
repeated_stratified_5x5_internal	rs_21	CNV0_02442	1	prespecified_C_0.5_QK_quantum_0.5	0.5401307210605961
repeated_stratified_5x5_internal	rs_21	CNV0_02458	0	prespecified_C_0.5_QK_quantum_0.5	0.574325749716843
repeated_stratified_5x5_internal	rs_21	CNV0_02537	0	prespecified_C_0.5_QK_quantum_0.5	0.39315444141215006
repeated_stratified_5x5_internal	rs_21	CNV0_02555	0	prespecified_C_0.5_QK_quantum_0.5	0.466328010973206
repeated_stratified_5x5_internal	rs_21	CNV0_02563	0	prespecified_C_0.5_QK_quantum_0.5	0.2603499806603121
repeated_stratified_5x5_internal	rs_21	CNV0_02570	0	prespecified_C_0.5_QK_quantum_0.5	0.5719836274778296
repeated_stratified_5x5_internal	rs_21	CNV0_02571	0	prespecified_C_0.5_QK_quantum_0.5	0.3289030751742079
repeated_stratified_5x5_internal	rs_21	CNV0_02574	0	prespecified_C_0.5_QK_quantum_0.5	0.3354654834655664
repeated_stratified_5x5_internal	rs_21	CNV0_02575	0	prespecified_C_0.5_QK_quantum_0.5	0.49625159819717923
repeated_stratified_5x5_internal	rs_21	CNV0_02581	0	prespecified_C_0.5_QK_quantum_0.5	0.2893585530069857
repeated_stratified_5x5_internal	rs_21	CNV0_02587	0	prespecified_C_0.5_QK_quantum_0.5	0.2871594548499221
repeated_stratified_5x5_internal	rs_21	CNV0_02591	0	prespecified_C_0.5_QK_quantum_0.5	0.2938863219288265
repeated_stratified_5x5_internal	rs_21	CNV0_02592	0	prespecified_C_0.5_QK_quantum_0.5	0.4932547818810815
repeated_stratified_5x5_internal	rs_21	CNV0_02709	1	prespecified_C_0.5_QK_quantum_0.5	0.6542154053496206
repeated_stratified_5x5_internal	rs_21	CNV0_02396	1	nested_learned_gate_C_QK_structure	0.26923269351820467
repeated_stratified_5x5_internal	rs_21	CNV0_02415	0	nested_learned_gate_C_QK_structure	0.26693288288245276
repeated_stratified_5x5_internal	rs_21	CNV0_02416	0	nested_learned_gate_C_QK_structure	0.4549125977701647
repeated_stratified_5x5_internal	rs_21	CNV0_02425	1	nested_learned_gate_C_QK_structure	0.5935975804440348
repeated_stratified_5x5_internal	rs_21	CNV0_02442	1	nested_learned_gate_C_QK_structure	0.5472743915017803
repeated_stratified_5x5_internal	rs_21	CNV0_02458	0	nested_learned_gate_C_QK_structure	0.4409954691900535
repeated_stratified_5x5_internal	rs_21	CNV0_02537	0	nested_learned_gate_C_QK_structure	0.20924433887497046
repeated_stratified_5x5_internal	rs_21	CNV0_02555	0	nested_learned_gate_C_QK_structure	0.4897700814678293
repeated_stratified_5x5_internal	rs_21	CNV0_02563	0	nested_learned_gate_C_QK_structure	0.26041995702541126
repeated_stratified_5x5_internal	rs_21	CNV0_02570	0	nested_learned_gate_C_QK_structure	0.3366568544246663
repeated_stratified_5x5_internal	rs_21	CNV0_02571	0	nested_learned_gate_C_QK_structure	0.19417140723661275
repeated_stratified_5x5_internal	rs_21	CNV0_02574	0	nested_learned_gate_C_QK_structure	0.24453669420983593
repeated_stratified_5x5_internal	rs_21	CNV0_02575	0	nested_learned_gate_C_QK_structure	0.48528522497477433
repeated_stratified_5x5_internal	rs_21	CNV0_02581	0	nested_learned_gate_C_QK_structure	0.29740542501572287
repeated_stratified_5x5_internal	rs_21	CNV0_02587	0	nested_learned_gate_C_QK_structure	0.35290722785208095
repeated_stratified_5x5_internal	rs_21	CNV0_02591	0	nested_learned_gate_C_QK_structure	0.22121419144696736
repeated_stratified_5x5_internal	rs_21	CNV0_02592	0	nested_learned_gate_C_QK_structure	0.43987659138516755
repeated_stratified_5x5_internal	rs_21	CNV0_02709	1	nested_learned_gate_C_QK_structure	0.4422897030199002
repeated_stratified_5x5_internal	rs_21	CNV0_02396	1	stacked_calibrated_meta_model_lowdim_only	0.40752998783492006
repeated_stratified_5x5_internal	rs_21	CNV0_02415	0	stacked_calibrated_meta_model_lowdim_only	0.3962428738339375
repeated_stratified_5x5_internal	rs_21	CNV0_02416	0	stacked_calibrated_meta_model_lowdim_only	0.4423806112247408
repeated_stratified_5x5_internal	rs_21	CNV0_02425	1	stacked_calibrated_meta_model_lowdim_only	0.40336093036928644
repeated_stratified_5x5_internal	rs_21	CNV0_02442	1	stacked_calibrated_meta_model_lowdim_only	0.7208485256932718
repeated_stratified_5x5_internal	rs_21	CNV0_02458	0	stacked_calibrated_meta_model_lowdim_only	0.4529306988337483
repeated_stratified_5x5_internal	rs_21	CNV0_02537	0	stacked_calibrated_meta_model_lowdim_only	0.4107790995546609
repeated_stratified_5x5_internal	rs_21	CNV0_02555	0	stacked_calibrated_meta_model_lowdim_only	0.587182836973281
repeated_stratified_5x5_internal	rs_21	CNV0_02563	0	stacked_calibrated_meta_model_lowdim_only	0.5107033282438945
repeated_stratified_5x5_internal	rs_21	CNV0_02570	0	stacked_calibrated_meta_model_lowdim_only	0.4708246031468677
repeated_stratified_5x5_internal	rs_21	CNV0_02571	0	stacked_calibrated_meta_model_lowdim_only	0.4249466732380974
repeated_stratified_5x5_internal	rs_21	CNV0_02574	0	stacked_calibrated_meta_model_lowdim_only	0.4349923490295212
repeated_stratified_5x5_internal	rs_21	CNV0_02575	0	stacked_calibrated_meta_model_lowdim_only	0.4880026792352372
repeated_stratified_5x5_internal	rs_21	CNV0_02581	0	stacked_calibrated_meta_model_lowdim_only	0.4334067084672188
repeated_stratified_5x5_internal	rs_21	CNV0_02587	0	stacked_calibrated_meta_model_lowdim_only	0.4362341306634157
repeated_stratified_5x5_internal	rs_21	CNV0_02591	0	stacked_calibrated_meta_model_lowdim_only	0.43064612643670175
repeated_stratified_5x5_internal	rs_21	CNV0_02592	0	stacked_calibrated_meta_model_lowdim_only	0.4734576054896851
repeated_stratified_5x5_internal	rs_21	CNV0_02709	1	stacked_calibrated_meta_model_lowdim_only	0.49307180367054665
repeated_stratified_5x5_internal	rs_21	CNV0_02396	1	rule_gated_C_QK_structure	0.2874056311737134
repeated_stratified_5x5_internal	rs_21	CNV0_02415	0	rule_gated_C_QK_structure	0.2976491989729827
repeated_stratified_5x5_internal	rs_21	CNV0_02416	0	rule_gated_C_QK_structure	0.4032346665183292
repeated_stratified_5x5_internal	rs_21	CNV0_02425	1	rule_gated_C_QK_structure	0.5805608978151373
repeated_stratified_5x5_internal	rs_21	CNV0_02442	1	rule_gated_C_QK_structure	0.5282685736949656
repeated_stratified_5x5_internal	rs_21	CNV0_02458	0	rule_gated_C_QK_structure	0.458520061586921
repeated_stratified_5x5_internal	rs_21	CNV0_02537	0	rule_gated_C_QK_structure	0.2501255613968141
repeated_stratified_5x5_internal	rs_21	CNV0_02555	0	rule_gated_C_QK_structure	0.4550868695029476
repeated_stratified_5x5_internal	rs_21	CNV0_02563	0	rule_gated_C_QK_structure	0.2449921067441406
repeated_stratified_5x5_internal	rs_21	CNV0_02570	0	rule_gated_C_QK_structure	0.41336786342266
repeated_stratified_5x5_internal	rs_21	CNV0_02571	0	rule_gated_C_QK_structure	0.2049797602954025
repeated_stratified_5x5_internal	rs_21	CNV0_02574	0	rule_gated_C_QK_structure	0.2518079044630254
repeated_stratified_5x5_internal	rs_21	CNV0_02575	0	rule_gated_C_QK_structure	0.5179131141676736
repeated_stratified_5x5_internal	rs_21	CNV0_02581	0	rule_gated_C_QK_structure	0.2675141489464631
repeated_stratified_5x5_internal	rs_21	CNV0_02587	0	rule_gated_C_QK_structure	0.3724600275935898
repeated_stratified_5x5_internal	rs_21	CNV0_02591	0	rule_gated_C_QK_structure	0.2306025478118007
repeated_stratified_5x5_internal	rs_21	CNV0_02592	0	rule_gated_C_QK_structure	0.41846850340632874
repeated_stratified_5x5_internal	rs_21	CNV0_02709	1	rule_gated_C_QK_structure	0.4381765936203622
repeated_stratified_5x5_internal	rs_22	CNV0_02401	0	prespecified_equal_weight_C_QK_no_anchor	0.45904990556143854
repeated_stratified_5x5_internal	rs_22	CNV0_02419	0	prespecified_equal_weight_C_QK_no_anchor	0.4151960998711829
repeated_stratified_5x5_internal	rs_22	CNV0_02448	1	prespecified_equal_weight_C_QK_no_anchor	0.6131889703957769
repeated_stratified_5x5_internal	rs_22	CNV0_02450	1	prespecified_equal_weight_C_QK_no_anchor	0.554934487521507
repeated_stratified_5x5_internal	rs_22	CNV0_02452	1	prespecified_equal_weight_C_QK_no_anchor	0.5891253326202948
repeated_stratified_5x5_internal	rs_22	CNV0_02453	0	prespecified_equal_weight_C_QK_no_anchor	0.3632559806068153
repeated_stratified_5x5_internal	rs_22	CNV0_02514	0	prespecified_equal_weight_C_QK_no_anchor	0.3257964530226468
repeated_stratified_5x5_internal	rs_22	CNV0_02520	0	prespecified_equal_weight_C_QK_no_anchor	0.30153391663782786
repeated_stratified_5x5_internal	rs_22	CNV0_02538	0	prespecified_equal_weight_C_QK_no_anchor	0.3604210353958932
repeated_stratified_5x5_internal	rs_22	CNV0_02545	1	prespecified_equal_weight_C_QK_no_anchor	0.23502260279075063
repeated_stratified_5x5_internal	rs_22	CNV0_02564	0	prespecified_equal_weight_C_QK_no_anchor	0.4140410974589589
repeated_stratified_5x5_internal	rs_22	CNV0_02565	0	prespecified_equal_weight_C_QK_no_anchor	0.5353642787984703
repeated_stratified_5x5_internal	rs_22	CNV0_02567	0	prespecified_equal_weight_C_QK_no_anchor	0.2834932703429399
repeated_stratified_5x5_internal	rs_22	CNV0_02569	0	prespecified_equal_weight_C_QK_no_anchor	0.38571085219480716
repeated_stratified_5x5_internal	rs_22	CNV0_02573	0	prespecified_equal_weight_C_QK_no_anchor	0.3399105459294733
repeated_stratified_5x5_internal	rs_22	CNV0_02584	0	prespecified_equal_weight_C_QK_no_anchor	0.39562098497691484
repeated_stratified_5x5_internal	rs_22	CNV0_02589	0	prespecified_equal_weight_C_QK_no_anchor	0.33876717688811064
repeated_stratified_5x5_internal	rs_22	CNV0_02660	0	prespecified_equal_weight_C_QK_no_anchor	0.3197013399692725
repeated_stratified_5x5_internal	rs_22	CNV0_02401	0	prespecified_C_0.5_QK_quantum_0.5	0.5907225634988136
repeated_stratified_5x5_internal	rs_22	CNV0_02419	0	prespecified_C_0.5_QK_quantum_0.5	0.501367664750058
repeated_stratified_5x5_internal	rs_22	CNV0_02448	1	prespecified_C_0.5_QK_quantum_0.5	0.6491641614672359
repeated_stratified_5x5_internal	rs_22	CNV0_02450	1	prespecified_C_0.5_QK_quantum_0.5	0.502718581610396
repeated_stratified_5x5_internal	rs_22	CNV0_02452	1	prespecified_C_0.5_QK_quantum_0.5	0.5232494576680174
repeated_stratified_5x5_internal	rs_22	CNV0_02453	0	prespecified_C_0.5_QK_quantum_0.5	0.4348649251714226
repeated_stratified_5x5_internal	rs_22	CNV0_02514	0	prespecified_C_0.5_QK_quantum_0.5	0.3367574294415339
repeated_stratified_5x5_internal	rs_22	CNV0_02520	0	prespecified_C_0.5_QK_quantum_0.5	0.279731281033868
repeated_stratified_5x5_internal	rs_22	CNV0_02538	0	prespecified_C_0.5_QK_quantum_0.5	0.491975168848509
repeated_stratified_5x5_internal	rs_22	CNV0_02545	1	prespecified_C_0.5_QK_quantum_0.5	0.2769223822659701
repeated_stratified_5x5_internal	rs_22	CNV0_02564	0	prespecified_C_0.5_QK_quantum_0.5	0.4678366153920291
repeated_stratified_5x5_internal	rs_22	CNV0_02565	0	prespecified_C_0.5_QK_quantum_0.5	0.5599453833467614
repeated_stratified_5x5_internal	rs_22	CNV0_02567	0	prespecified_C_0.5_QK_quantum_0.5	0.2913495828555829
repeated_stratified_5x5_internal	rs_22	CNV0_02569	0	prespecified_C_0.5_QK_quantum_0.5	0.4540098107914218
repeated_stratified_5x5_internal	rs_22	CNV0_02573	0	prespecified_C_0.5_QK_quantum_0.5	0.4017408983469138
repeated_stratified_5x5_internal	rs_22	CNV0_02584	0	prespecified_C_0.5_QK_quantum_0.5	0.33699992551924807
repeated_stratified_5x5_internal	rs_22	CNV0_02589	0	prespecified_C_0.5_QK_quantum_0.5	0.3229783584569808
repeated_stratified_5x5_internal	rs_22	CNV0_02660	0	prespecified_C_0.5_QK_quantum_0.5	0.4044044331742709
repeated_stratified_5x5_internal	rs_22	CNV0_02401	0	nested_learned_gate_C_QK_structure	0.5907225634988136
repeated_stratified_5x5_internal	rs_22	CNV0_02419	0	nested_learned_gate_C_QK_structure	0.501367664750058
repeated_stratified_5x5_internal	rs_22	CNV0_02448	1	nested_learned_gate_C_QK_structure	0.6491641614672359
repeated_stratified_5x5_internal	rs_22	CNV0_02450	1	nested_learned_gate_C_QK_structure	0.502718581610396
repeated_stratified_5x5_internal	rs_22	CNV0_02452	1	nested_learned_gate_C_QK_structure	0.5232494576680174
repeated_stratified_5x5_internal	rs_22	CNV0_02453	0	nested_learned_gate_C_QK_structure	0.4348649251714226
repeated_stratified_5x5_internal	rs_22	CNV0_02514	0	nested_learned_gate_C_QK_structure	0.3367574294415339
repeated_stratified_5x5_internal	rs_22	CNV0_02520	0	nested_learned_gate_C_QK_structure	0.279731281033868
repeated_stratified_5x5_internal	rs_22	CNV0_02538	0	nested_learned_gate_C_QK_structure	0.491975168848509
repeated_stratified_5x5_internal	rs_22	CNV0_02545	1	nested_learned_gate_C_QK_structure	0.2769223822659701
repeated_stratified_5x5_internal	rs_22	CNV0_02564	0	nested_learned_gate_C_QK_structure	0.4678366153920291
repeated_stratified_5x5_internal	rs_22	CNV0_02565	0	nested_learned_gate_C_QK_structure	0.5599453833467614
repeated_stratified_5x5_internal	rs_22	CNV0_02567	0	nested_learned_gate_C_QK_structure	0.2913495828555829
repeated_stratified_5x5_internal	rs_22	CNV0_02569	0	nested_learned_gate_C_QK_structure	0.4540098107914218
repeated_stratified_5x5_internal	rs_22	CNV0_02573	0	nested_learned_gate_C_QK_structure	0.4017408983469138
repeated_stratified_5x5_internal	rs_22	CNV0_02584	0	nested_learned_gate_C_QK_structure	0.33699992551924807
repeated_stratified_5x5_internal	rs_22	CNV0_02589	0	nested_learned_gate_C_QK_structure	0.3229783584569808
repeated_stratified_5x5_internal	rs_22	CNV0_02660	0	nested_learned_gate_C_QK_structure	0.4044044331742709
repeated_stratified_5x5_internal	rs_22	CNV0_02401	0	stacked_calibrated_meta_model_lowdim_only	0.3869349189724063
repeated_stratified_5x5_internal	rs_22	CNV0_02419	0	stacked_calibrated_meta_model_lowdim_only	0.3973213431516037
repeated_stratified_5x5_internal	rs_22	CNV0_02448	1	stacked_calibrated_meta_model_lowdim_only	0.4189796063940997
repeated_stratified_5x5_internal	rs_22	CNV0_02450	1	stacked_calibrated_meta_model_lowdim_only	0.7133512487166896
repeated_stratified_5x5_internal	rs_22	CNV0_02452	1	stacked_calibrated_meta_model_lowdim_only	0.30402542839169244
repeated_stratified_5x5_internal	rs_22	CNV0_02453	0	stacked_calibrated_meta_model_lowdim_only	0.4704056799843445
repeated_stratified_5x5_internal	rs_22	CNV0_02514	0	stacked_calibrated_meta_model_lowdim_only	0.5093439090672444
repeated_stratified_5x5_internal	rs_22	CNV0_02520	0	stacked_calibrated_meta_model_lowdim_only	0.6500816589008889
repeated_stratified_5x5_internal	rs_22	CNV0_02538	0	stacked_calibrated_meta_model_lowdim_only	0.38453764397575035
repeated_stratified_5x5_internal	rs_22	CNV0_02545	1	stacked_calibrated_meta_model_lowdim_only	0.37673786871568776
repeated_stratified_5x5_internal	rs_22	CNV0_02564	0	stacked_calibrated_meta_model_lowdim_only	0.4059805681318514
repeated_stratified_5x5_internal	rs_22	CNV0_02565	0	stacked_calibrated_meta_model_lowdim_only	0.37388292459143246
repeated_stratified_5x5_internal	rs_22	CNV0_02567	0	stacked_calibrated_meta_model_lowdim_only	0.38334988884383653
repeated_stratified_5x5_internal	rs_22	CNV0_02569	0	stacked_calibrated_meta_model_lowdim_only	0.42128160312969626
repeated_stratified_5x5_internal	rs_22	CNV0_02573	0	stacked_calibrated_meta_model_lowdim_only	0.37042958043586466
repeated_stratified_5x5_internal	rs_22	CNV0_02584	0	stacked_calibrated_meta_model_lowdim_only	0.40436777679206015
repeated_stratified_5x5_internal	rs_22	CNV0_02589	0	stacked_calibrated_meta_model_lowdim_only	0.370155372152545
repeated_stratified_5x5_internal	rs_22	CNV0_02660	0	stacked_calibrated_meta_model_lowdim_only	0.54500996331683
repeated_stratified_5x5_internal	rs_22	CNV0_02401	0	rule_gated_C_QK_structure	0.4811710669237387
repeated_stratified_5x5_internal	rs_22	CNV0_02419	0	rule_gated_C_QK_structure	0.42635158785772576
repeated_stratified_5x5_internal	rs_22	CNV0_02448	1	rule_gated_C_QK_structure	0.5882502908328872
repeated_stratified_5x5_internal	rs_22	CNV0_02450	1	rule_gated_C_QK_structure	0.5387035444643096
repeated_stratified_5x5_internal	rs_22	CNV0_02452	1	rule_gated_C_QK_structure	0.5609366529884994
repeated_stratified_5x5_internal	rs_22	CNV0_02453	0	rule_gated_C_QK_structure	0.3732197610843913
repeated_stratified_5x5_internal	rs_22	CNV0_02514	0	rule_gated_C_QK_structure	0.3231252753639746
repeated_stratified_5x5_internal	rs_22	CNV0_02520	0	rule_gated_C_QK_structure	0.28085198249463494
repeated_stratified_5x5_internal	rs_22	CNV0_02538	0	rule_gated_C_QK_structure	0.3851554185016658
repeated_stratified_5x5_internal	rs_22	CNV0_02545	1	rule_gated_C_QK_structure	0.2499890130255746
repeated_stratified_5x5_internal	rs_22	CNV0_02564	0	rule_gated_C_QK_structure	0.4097895816272373
repeated_stratified_5x5_internal	rs_22	CNV0_02565	0	rule_gated_C_QK_structure	0.5293795727975358
repeated_stratified_5x5_internal	rs_22	CNV0_02567	0	rule_gated_C_QK_structure	0.28347973071619675
repeated_stratified_5x5_internal	rs_22	CNV0_02569	0	rule_gated_C_QK_structure	0.3813021029200641
repeated_stratified_5x5_internal	rs_22	CNV0_02573	0	rule_gated_C_QK_structure	0.349853619197816
repeated_stratified_5x5_internal	rs_22	CNV0_02584	0	rule_gated_C_QK_structure	0.3663115231309149
repeated_stratified_5x5_internal	rs_22	CNV0_02589	0	rule_gated_C_QK_structure	0.3348173802515863
repeated_stratified_5x5_internal	rs_22	CNV0_02660	0	rule_gated_C_QK_structure	0.3318717097273295
repeated_stratified_5x5_internal	rs_23	CNV0_02412	0	prespecified_equal_weight_C_QK_no_anchor	0.43027915360321733
repeated_stratified_5x5_internal	rs_23	CNV0_02413	0	prespecified_equal_weight_C_QK_no_anchor	0.33331560465214116
repeated_stratified_5x5_internal	rs_23	CNV0_02418	0	prespecified_equal_weight_C_QK_no_anchor	0.44064814431153665
repeated_stratified_5x5_internal	rs_23	CNV0_02479	1	prespecified_equal_weight_C_QK_no_anchor	0.6147072035254871
repeated_stratified_5x5_internal	rs_23	CNV0_02510	1	prespecified_equal_weight_C_QK_no_anchor	0.4091193987301682
repeated_stratified_5x5_internal	rs_23	CNV0_02512	0	prespecified_equal_weight_C_QK_no_anchor	0.3975451884466189
repeated_stratified_5x5_internal	rs_23	CNV0_02517	0	prespecified_equal_weight_C_QK_no_anchor	0.33412771276957753
repeated_stratified_5x5_internal	rs_23	CNV0_02536	0	prespecified_equal_weight_C_QK_no_anchor	0.31903278335313817
repeated_stratified_5x5_internal	rs_23	CNV0_02543	0	prespecified_equal_weight_C_QK_no_anchor	0.506171413163601
repeated_stratified_5x5_internal	rs_23	CNV0_02550	0	prespecified_equal_weight_C_QK_no_anchor	0.41762441034938147
repeated_stratified_5x5_internal	rs_23	CNV0_02562	0	prespecified_equal_weight_C_QK_no_anchor	0.47025415068884296
repeated_stratified_5x5_internal	rs_23	CNV0_02580	0	prespecified_equal_weight_C_QK_no_anchor	0.4890919158073521
repeated_stratified_5x5_internal	rs_23	CNV0_02585	0	prespecified_equal_weight_C_QK_no_anchor	0.3337365085022296
repeated_stratified_5x5_internal	rs_23	CNV0_02590	0	prespecified_equal_weight_C_QK_no_anchor	0.4382546580041218
repeated_stratified_5x5_internal	rs_23	CNV0_02593	0	prespecified_equal_weight_C_QK_no_anchor	0.4525051145713225
repeated_stratified_5x5_internal	rs_23	CNV0_02655	0	prespecified_equal_weight_C_QK_no_anchor	0.4906359516096396
repeated_stratified_5x5_internal	rs_23	CNV0_02708	1	prespecified_equal_weight_C_QK_no_anchor	0.5053757406830717
repeated_stratified_5x5_internal	rs_23	CNV0_02712	1	prespecified_equal_weight_C_QK_no_anchor	0.4944379502902523
repeated_stratified_5x5_internal	rs_23	CNV0_02412	0	prespecified_C_0.5_QK_quantum_0.5	0.43104655349687887
repeated_stratified_5x5_internal	rs_23	CNV0_02413	0	prespecified_C_0.5_QK_quantum_0.5	0.45451241067017173
repeated_stratified_5x5_internal	rs_23	CNV0_02418	0	prespecified_C_0.5_QK_quantum_0.5	0.367900185867646
repeated_stratified_5x5_internal	rs_23	CNV0_02479	1	prespecified_C_0.5_QK_quantum_0.5	0.38297918992611935
repeated_stratified_5x5_internal	rs_23	CNV0_02510	1	prespecified_C_0.5_QK_quantum_0.5	0.36408022217641833
repeated_stratified_5x5_internal	rs_23	CNV0_02512	0	prespecified_C_0.5_QK_quantum_0.5	0.31526902352145403
repeated_stratified_5x5_internal	rs_23	CNV0_02517	0	prespecified_C_0.5_QK_quantum_0.5	0.3349702155162432
repeated_stratified_5x5_internal	rs_23	CNV0_02536	0	prespecified_C_0.5_QK_quantum_0.5	0.3742393837314296
repeated_stratified_5x5_internal	rs_23	CNV0_02543	0	prespecified_C_0.5_QK_quantum_0.5	0.374592280779644
repeated_stratified_5x5_internal	rs_23	CNV0_02550	0	prespecified_C_0.5_QK_quantum_0.5	0.5851104336183253
repeated_stratified_5x5_internal	rs_23	CNV0_02562	0	prespecified_C_0.5_QK_quantum_0.5	0.3265323736524345
repeated_stratified_5x5_internal	rs_23	CNV0_02580	0	prespecified_C_0.5_QK_quantum_0.5	0.33586693238607274
repeated_stratified_5x5_internal	rs_23	CNV0_02585	0	prespecified_C_0.5_QK_quantum_0.5	0.3531898924191542
repeated_stratified_5x5_internal	rs_23	CNV0_02590	0	prespecified_C_0.5_QK_quantum_0.5	0.5049646897947089
repeated_stratified_5x5_internal	rs_23	CNV0_02593	0	prespecified_C_0.5_QK_quantum_0.5	0.40074415013581266
repeated_stratified_5x5_internal	rs_23	CNV0_02655	0	prespecified_C_0.5_QK_quantum_0.5	0.30429007689585064
repeated_stratified_5x5_internal	rs_23	CNV0_02708	1	prespecified_C_0.5_QK_quantum_0.5	0.41863812749429785
repeated_stratified_5x5_internal	rs_23	CNV0_02712	1	prespecified_C_0.5_QK_quantum_0.5	0.5170640499090106
repeated_stratified_5x5_internal	rs_23	CNV0_02412	0	nested_learned_gate_C_QK_structure	0.43104655349687887
repeated_stratified_5x5_internal	rs_23	CNV0_02413	0	nested_learned_gate_C_QK_structure	0.45451241067017173
repeated_stratified_5x5_internal	rs_23	CNV0_02418	0	nested_learned_gate_C_QK_structure	0.367900185867646
repeated_stratified_5x5_internal	rs_23	CNV0_02479	1	nested_learned_gate_C_QK_structure	0.38297918992611935
repeated_stratified_5x5_internal	rs_23	CNV0_02510	1	nested_learned_gate_C_QK_structure	0.36408022217641833
repeated_stratified_5x5_internal	rs_23	CNV0_02512	0	nested_learned_gate_C_QK_structure	0.31526902352145403
repeated_stratified_5x5_internal	rs_23	CNV0_02517	0	nested_learned_gate_C_QK_structure	0.3349702155162432
repeated_stratified_5x5_internal	rs_23	CNV0_02536	0	nested_learned_gate_C_QK_structure	0.3742393837314296
repeated_stratified_5x5_internal	rs_23	CNV0_02543	0	nested_learned_gate_C_QK_structure	0.374592280779644
repeated_stratified_5x5_internal	rs_23	CNV0_02550	0	nested_learned_gate_C_QK_structure	0.5851104336183253
repeated_stratified_5x5_internal	rs_23	CNV0_02562	0	nested_learned_gate_C_QK_structure	0.3265323736524345
repeated_stratified_5x5_internal	rs_23	CNV0_02580	0	nested_learned_gate_C_QK_structure	0.33586693238607274
repeated_stratified_5x5_internal	rs_23	CNV0_02585	0	nested_learned_gate_C_QK_structure	0.3531898924191542
repeated_stratified_5x5_internal	rs_23	CNV0_02590	0	nested_learned_gate_C_QK_structure	0.5049646897947089
repeated_stratified_5x5_internal	rs_23	CNV0_02593	0	nested_learned_gate_C_QK_structure	0.40074415013581266
repeated_stratified_5x5_internal	rs_23	CNV0_02655	0	nested_learned_gate_C_QK_structure	0.30429007689585064
repeated_stratified_5x5_internal	rs_23	CNV0_02708	1	nested_learned_gate_C_QK_structure	0.41863812749429785
repeated_stratified_5x5_internal	rs_23	CNV0_02712	1	nested_learned_gate_C_QK_structure	0.5170640499090106
repeated_stratified_5x5_internal	rs_23	CNV0_02412	0	stacked_calibrated_meta_model_lowdim_only	0.3686223332566648
repeated_stratified_5x5_internal	rs_23	CNV0_02413	0	stacked_calibrated_meta_model_lowdim_only	0.4320700793179184
repeated_stratified_5x5_internal	rs_23	CNV0_02418	0	stacked_calibrated_meta_model_lowdim_only	0.42471474168112666
repeated_stratified_5x5_internal	rs_23	CNV0_02479	1	stacked_calibrated_meta_model_lowdim_only	0.47401784338022396
repeated_stratified_5x5_internal	rs_23	CNV0_02510	1	stacked_calibrated_meta_model_lowdim_only	0.4454989038938956
repeated_stratified_5x5_internal	rs_23	CNV0_02512	0	stacked_calibrated_meta_model_lowdim_only	0.4313939254402164
repeated_stratified_5x5_internal	rs_23	CNV0_02517	0	stacked_calibrated_meta_model_lowdim_only	0.424334926272212
repeated_stratified_5x5_internal	rs_23	CNV0_02536	0	stacked_calibrated_meta_model_lowdim_only	0.4680381570610101
repeated_stratified_5x5_internal	rs_23	CNV0_02543	0	stacked_calibrated_meta_model_lowdim_only	0.4422558085611279
repeated_stratified_5x5_internal	rs_23	CNV0_02550	0	stacked_calibrated_meta_model_lowdim_only	0.4515696599751997
repeated_stratified_5x5_internal	rs_23	CNV0_02562	0	stacked_calibrated_meta_model_lowdim_only	0.4462269712176167
repeated_stratified_5x5_internal	rs_23	CNV0_02580	0	stacked_calibrated_meta_model_lowdim_only	0.44533333804093184
repeated_stratified_5x5_internal	rs_23	CNV0_02585	0	stacked_calibrated_meta_model_lowdim_only	0.41842063483678
repeated_stratified_5x5_internal	rs_23	CNV0_02590	0	stacked_calibrated_meta_model_lowdim_only	0.4233553331872369
repeated_stratified_5x5_internal	rs_23	CNV0_02593	0	stacked_calibrated_meta_model_lowdim_only	0.42756032067867905
repeated_stratified_5x5_internal	rs_23	CNV0_02655	0	stacked_calibrated_meta_model_lowdim_only	0.33752571868142617
repeated_stratified_5x5_internal	rs_23	CNV0_02708	1	stacked_calibrated_meta_model_lowdim_only	0.4419675253240615
repeated_stratified_5x5_internal	rs_23	CNV0_02712	1	stacked_calibrated_meta_model_lowdim_only	0.7150062745235629
repeated_stratified_5x5_internal	rs_23	CNV0_02412	0	rule_gated_C_QK_structure	0.41831494698714466
repeated_stratified_5x5_internal	rs_23	CNV0_02413	0	rule_gated_C_QK_structure	0.35932293978572755
repeated_stratified_5x5_internal	rs_23	CNV0_02418	0	rule_gated_C_QK_structure	0.4093656226812133
repeated_stratified_5x5_internal	rs_23	CNV0_02479	1	rule_gated_C_QK_structure	0.5433876207745255
repeated_stratified_5x5_internal	rs_23	CNV0_02510	1	rule_gated_C_QK_structure	0.39077532912144614
repeated_stratified_5x5_internal	rs_23	CNV0_02512	0	rule_gated_C_QK_structure	0.38704826636549033
repeated_stratified_5x5_internal	rs_23	CNV0_02517	0	rule_gated_C_QK_structure	0.3296447371104694
repeated_stratified_5x5_internal	rs_23	CNV0_02536	0	rule_gated_C_QK_structure	0.33671981253363775
repeated_stratified_5x5_internal	rs_23	CNV0_02543	0	rule_gated_C_QK_structure	0.45078088026031654
repeated_stratified_5x5_internal	rs_23	CNV0_02550	0	rule_gated_C_QK_structure	0.43097436676723233
repeated_stratified_5x5_internal	rs_23	CNV0_02562	0	rule_gated_C_QK_structure	0.4228252825058486
repeated_stratified_5x5_internal	rs_23	CNV0_02580	0	rule_gated_C_QK_structure	0.43049114959937934
repeated_stratified_5x5_internal	rs_23	CNV0_02585	0	rule_gated_C_QK_structure	0.34544003039115606
repeated_stratified_5x5_internal	rs_23	CNV0_02590	0	rule_gated_C_QK_structure	0.4343095548193423
repeated_stratified_5x5_internal	rs_23	CNV0_02593	0	rule_gated_C_QK_structure	0.4251033223022534
repeated_stratified_5x5_internal	rs_23	CNV0_02655	0	rule_gated_C_QK_structure	0.4368448827923739
repeated_stratified_5x5_internal	rs_23	CNV0_02708	1	rule_gated_C_QK_structure	0.4667738465773505
repeated_stratified_5x5_internal	rs_23	CNV0_02712	1	rule_gated_C_QK_structure	0.491455384522401
repeated_stratified_5x5_internal	rs_24	CNV0_02398	1	prespecified_equal_weight_C_QK_no_anchor	0.33054475359416235
repeated_stratified_5x5_internal	rs_24	CNV0_02411	0	prespecified_equal_weight_C_QK_no_anchor	0.3761479946322609
repeated_stratified_5x5_internal	rs_24	CNV0_02414	0	prespecified_equal_weight_C_QK_no_anchor	0.3494409293617343
repeated_stratified_5x5_internal	rs_24	CNV0_02460	1	prespecified_equal_weight_C_QK_no_anchor	0.6528434194180504
repeated_stratified_5x5_internal	rs_24	CNV0_02511	1	prespecified_equal_weight_C_QK_no_anchor	0.4914745030236016
repeated_stratified_5x5_internal	rs_24	CNV0_02513	0	prespecified_equal_weight_C_QK_no_anchor	0.5783642835964871
repeated_stratified_5x5_internal	rs_24	CNV0_02544	0	prespecified_equal_weight_C_QK_no_anchor	0.36220218945492677
repeated_stratified_5x5_internal	rs_24	CNV0_02557	0	prespecified_equal_weight_C_QK_no_anchor	0.578842794189397
repeated_stratified_5x5_internal	rs_24	CNV0_02561	0	prespecified_equal_weight_C_QK_no_anchor	0.22627298934599982
repeated_stratified_5x5_internal	rs_24	CNV0_02568	0	prespecified_equal_weight_C_QK_no_anchor	0.31749149818597955
repeated_stratified_5x5_internal	rs_24	CNV0_02582	0	prespecified_equal_weight_C_QK_no_anchor	0.34797279189623154
repeated_stratified_5x5_internal	rs_24	CNV0_02583	0	prespecified_equal_weight_C_QK_no_anchor	0.31650733912985723
repeated_stratified_5x5_internal	rs_24	CNV0_02586	0	prespecified_equal_weight_C_QK_no_anchor	0.3676903738349938
repeated_stratified_5x5_internal	rs_24	CNV0_02588	0	prespecified_equal_weight_C_QK_no_anchor	0.17374322170108408
repeated_stratified_5x5_internal	rs_24	CNV0_02681	0	prespecified_equal_weight_C_QK_no_anchor	0.4958888924532897
repeated_stratified_5x5_internal	rs_24	CNV0_02685	0	prespecified_equal_weight_C_QK_no_anchor	0.42274318025300367
repeated_stratified_5x5_internal	rs_24	CNV0_02710	1	prespecified_equal_weight_C_QK_no_anchor	0.4141595028810481
repeated_stratified_5x5_internal	rs_24	CNV0_02398	1	prespecified_C_0.5_QK_quantum_0.5	0.2766214126384427
repeated_stratified_5x5_internal	rs_24	CNV0_02411	0	prespecified_C_0.5_QK_quantum_0.5	0.549056838043453
repeated_stratified_5x5_internal	rs_24	CNV0_02414	0	prespecified_C_0.5_QK_quantum_0.5	0.4645288380219351
repeated_stratified_5x5_internal	rs_24	CNV0_02460	1	prespecified_C_0.5_QK_quantum_0.5	0.4764569407414242
repeated_stratified_5x5_internal	rs_24	CNV0_02511	1	prespecified_C_0.5_QK_quantum_0.5	0.4332348136978611
repeated_stratified_5x5_internal	rs_24	CNV0_02513	0	prespecified_C_0.5_QK_quantum_0.5	0.5297142101486678
repeated_stratified_5x5_internal	rs_24	CNV0_02544	0	prespecified_C_0.5_QK_quantum_0.5	0.4675763329327667
repeated_stratified_5x5_internal	rs_24	CNV0_02557	0	prespecified_C_0.5_QK_quantum_0.5	0.43187090639566206
repeated_stratified_5x5_internal	rs_24	CNV0_02561	0	prespecified_C_0.5_QK_quantum_0.5	0.36392384609806305
repeated_stratified_5x5_internal	rs_24	CNV0_02568	0	prespecified_C_0.5_QK_quantum_0.5	0.267001580150675
repeated_stratified_5x5_internal	rs_24	CNV0_02582	0	prespecified_C_0.5_QK_quantum_0.5	0.22956600580481323
repeated_stratified_5x5_internal	rs_24	CNV0_02583	0	prespecified_C_0.5_QK_quantum_0.5	0.28894240761819723
repeated_stratified_5x5_internal	rs_24	CNV0_02586	0	prespecified_C_0.5_QK_quantum_0.5	0.5064117392065519
repeated_stratified_5x5_internal	rs_24	CNV0_02588	0	prespecified_C_0.5_QK_quantum_0.5	0.20796748565622886
repeated_stratified_5x5_internal	rs_24	CNV0_02681	0	prespecified_C_0.5_QK_quantum_0.5	0.278610068429567
repeated_stratified_5x5_internal	rs_24	CNV0_02685	0	prespecified_C_0.5_QK_quantum_0.5	0.4038843664304659
repeated_stratified_5x5_internal	rs_24	CNV0_02710	1	prespecified_C_0.5_QK_quantum_0.5	0.2580519736601053
repeated_stratified_5x5_internal	rs_24	CNV0_02398	1	nested_learned_gate_C_QK_structure	0.3523212395091541
repeated_stratified_5x5_internal	rs_24	CNV0_02411	0	nested_learned_gate_C_QK_structure	0.386321741178177
repeated_stratified_5x5_internal	rs_24	CNV0_02414	0	nested_learned_gate_C_QK_structure	0.3520266947540078
repeated_stratified_5x5_internal	rs_24	CNV0_02460	1	nested_learned_gate_C_QK_structure	0.5942521991477505
repeated_stratified_5x5_internal	rs_24	CNV0_02511	1	nested_learned_gate_C_QK_structure	0.4895575164605032
repeated_stratified_5x5_internal	rs_24	CNV0_02513	0	nested_learned_gate_C_QK_structure	0.5747267873741264
repeated_stratified_5x5_internal	rs_24	CNV0_02544	0	nested_learned_gate_C_QK_structure	0.36033256152092363
repeated_stratified_5x5_internal	rs_24	CNV0_02557	0	nested_learned_gate_C_QK_structure	0.5199314629813381
repeated_stratified_5x5_internal	rs_24	CNV0_02561	0	nested_learned_gate_C_QK_structure	0.2422415629168667
repeated_stratified_5x5_internal	rs_24	CNV0_02568	0	nested_learned_gate_C_QK_structure	0.3276996275294747
repeated_stratified_5x5_internal	rs_24	CNV0_02582	0	nested_learned_gate_C_QK_structure	0.39144104055623385
repeated_stratified_5x5_internal	rs_24	CNV0_02583	0	nested_learned_gate_C_QK_structure	0.3245196859056654
repeated_stratified_5x5_internal	rs_24	CNV0_02586	0	nested_learned_gate_C_QK_structure	0.36455825114572404
repeated_stratified_5x5_internal	rs_24	CNV0_02588	0	nested_learned_gate_C_QK_structure	0.20120862236433912
repeated_stratified_5x5_internal	rs_24	CNV0_02681	0	nested_learned_gate_C_QK_structure	0.45451310431471226
repeated_stratified_5x5_internal	rs_24	CNV0_02685	0	nested_learned_gate_C_QK_structure	0.4605337649939232
repeated_stratified_5x5_internal	rs_24	CNV0_02710	1	nested_learned_gate_C_QK_structure	0.3955920574925737
repeated_stratified_5x5_internal	rs_24	CNV0_02398	1	stacked_calibrated_meta_model_lowdim_only	0.3639193405699601
repeated_stratified_5x5_internal	rs_24	CNV0_02411	0	stacked_calibrated_meta_model_lowdim_only	0.4586870363350683
repeated_stratified_5x5_internal	rs_24	CNV0_02414	0	stacked_calibrated_meta_model_lowdim_only	0.43982815542603454
repeated_stratified_5x5_internal	rs_24	CNV0_02460	1	stacked_calibrated_meta_model_lowdim_only	0.37184066097509627
repeated_stratified_5x5_internal	rs_24	CNV0_02511	1	stacked_calibrated_meta_model_lowdim_only	0.6085099332038041
repeated_stratified_5x5_internal	rs_24	CNV0_02513	0	stacked_calibrated_meta_model_lowdim_only	0.46456152183927474
repeated_stratified_5x5_internal	rs_24	CNV0_02544	0	stacked_calibrated_meta_model_lowdim_only	0.5609719332291739
repeated_stratified_5x5_internal	rs_24	CNV0_02557	0	stacked_calibrated_meta_model_lowdim_only	0.45909837811076476
repeated_stratified_5x5_internal	rs_24	CNV0_02561	0	stacked_calibrated_meta_model_lowdim_only	0.38280735376831615
repeated_stratified_5x5_internal	rs_24	CNV0_02568	0	stacked_calibrated_meta_model_lowdim_only	0.3548114616172481
repeated_stratified_5x5_internal	rs_24	CNV0_02582	0	stacked_calibrated_meta_model_lowdim_only	0.37593889349554016
repeated_stratified_5x5_internal	rs_24	CNV0_02583	0	stacked_calibrated_meta_model_lowdim_only	0.39764072934917566
repeated_stratified_5x5_internal	rs_24	CNV0_02586	0	stacked_calibrated_meta_model_lowdim_only	0.4522481480012408
repeated_stratified_5x5_internal	rs_24	CNV0_02588	0	stacked_calibrated_meta_model_lowdim_only	0.34079089982882643
repeated_stratified_5x5_internal	rs_24	CNV0_02681	0	stacked_calibrated_meta_model_lowdim_only	0.4413013109335035
repeated_stratified_5x5_internal	rs_24	CNV0_02685	0	stacked_calibrated_meta_model_lowdim_only	0.4438183048696519
repeated_stratified_5x5_internal	rs_24	CNV0_02710	1	stacked_calibrated_meta_model_lowdim_only	0.3861288760650504
repeated_stratified_5x5_internal	rs_24	CNV0_02398	1	rule_gated_C_QK_structure	0.31566687782374886
repeated_stratified_5x5_internal	rs_24	CNV0_02411	0	rule_gated_C_QK_structure	0.40600897208652303
repeated_stratified_5x5_internal	rs_24	CNV0_02414	0	rule_gated_C_QK_structure	0.3672541316986471
repeated_stratified_5x5_internal	rs_24	CNV0_02460	1	rule_gated_C_QK_structure	0.5657703800191743
repeated_stratified_5x5_internal	rs_24	CNV0_02511	1	rule_gated_C_QK_structure	0.46007226431775566
repeated_stratified_5x5_internal	rs_24	CNV0_02513	0	rule_gated_C_QK_structure	0.5488441903680287
repeated_stratified_5x5_internal	rs_24	CNV0_02544	0	rule_gated_C_QK_structure	0.36506271093094955
repeated_stratified_5x5_internal	rs_24	CNV0_02557	0	rule_gated_C_QK_structure	0.5140762628718116
repeated_stratified_5x5_internal	rs_24	CNV0_02561	0	rule_gated_C_QK_structure	0.2574962240220694
repeated_stratified_5x5_internal	rs_24	CNV0_02568	0	rule_gated_C_QK_structure	0.30114732965212376
repeated_stratified_5x5_internal	rs_24	CNV0_02582	0	rule_gated_C_QK_structure	0.33125740641206164
repeated_stratified_5x5_internal	rs_24	CNV0_02583	0	rule_gated_C_QK_structure	0.3074523688845761
repeated_stratified_5x5_internal	rs_24	CNV0_02586	0	rule_gated_C_QK_structure	0.3849205589683627
repeated_stratified_5x5_internal	rs_24	CNV0_02588	0	rule_gated_C_QK_structure	0.19006492076606518
repeated_stratified_5x5_internal	rs_24	CNV0_02681	0	rule_gated_C_QK_structure	0.4358684935976272
repeated_stratified_5x5_internal	rs_24	CNV0_02685	0	rule_gated_C_QK_structure	0.42860412482076127
repeated_stratified_5x5_internal	rs_24	CNV0_02710	1	rule_gated_C_QK_structure	0.368626595240623
hla_stratified_group_5fold	hla_00	CNV0_02396	1	prespecified_equal_weight_C_QK_no_anchor	0.32105390650131815
hla_stratified_group_5fold	hla_00	CNV0_02453	0	prespecified_equal_weight_C_QK_no_anchor	0.4231698804949583
hla_stratified_group_5fold	hla_00	CNV0_02545	1	prespecified_equal_weight_C_QK_no_anchor	0.4407172915171146
hla_stratified_group_5fold	hla_00	CNV0_02579	0	prespecified_equal_weight_C_QK_no_anchor	0.22634292323474936
hla_stratified_group_5fold	hla_00	CNV0_02580	0	prespecified_equal_weight_C_QK_no_anchor	0.5298017996521369
hla_stratified_group_5fold	hla_00	CNV0_02581	0	prespecified_equal_weight_C_QK_no_anchor	0.33355981180024896
hla_stratified_group_5fold	hla_00	CNV0_02582	0	prespecified_equal_weight_C_QK_no_anchor	0.525516867092058
hla_stratified_group_5fold	hla_00	CNV0_02583	0	prespecified_equal_weight_C_QK_no_anchor	0.39677392803837597
hla_stratified_group_5fold	hla_00	CNV0_02584	0	prespecified_equal_weight_C_QK_no_anchor	0.37962884322442153
hla_stratified_group_5fold	hla_00	CNV0_02585	0	prespecified_equal_weight_C_QK_no_anchor	0.24975753311325258
hla_stratified_group_5fold	hla_00	CNV0_02586	0	prespecified_equal_weight_C_QK_no_anchor	0.3107202992211613
hla_stratified_group_5fold	hla_00	CNV0_02587	0	prespecified_equal_weight_C_QK_no_anchor	0.367348631303604
hla_stratified_group_5fold	hla_00	CNV0_02588	0	prespecified_equal_weight_C_QK_no_anchor	0.28846872608853014
hla_stratified_group_5fold	hla_00	CNV0_02589	0	prespecified_equal_weight_C_QK_no_anchor	0.4748791910512591
hla_stratified_group_5fold	hla_00	CNV0_02590	0	prespecified_equal_weight_C_QK_no_anchor	0.3585153951150608
hla_stratified_group_5fold	hla_00	CNV0_02591	0	prespecified_equal_weight_C_QK_no_anchor	0.3450117345560769
hla_stratified_group_5fold	hla_00	CNV0_02592	0	prespecified_equal_weight_C_QK_no_anchor	0.30766390392288406
hla_stratified_group_5fold	hla_00	CNV0_02593	0	prespecified_equal_weight_C_QK_no_anchor	0.44298235550733256
hla_stratified_group_5fold	hla_00	CNV0_02594	0	prespecified_equal_weight_C_QK_no_anchor	0.226363051318965
hla_stratified_group_5fold	hla_00	CNV0_02396	1	prespecified_C_0.5_QK_quantum_0.5	0.5111026289518653
hla_stratified_group_5fold	hla_00	CNV0_02453	0	prespecified_C_0.5_QK_quantum_0.5	0.5302341464519096
hla_stratified_group_5fold	hla_00	CNV0_02545	1	prespecified_C_0.5_QK_quantum_0.5	0.49102680964545087
hla_stratified_group_5fold	hla_00	CNV0_02579	0	prespecified_C_0.5_QK_quantum_0.5	0.1599768516247626
hla_stratified_group_5fold	hla_00	CNV0_02580	0	prespecified_C_0.5_QK_quantum_0.5	0.5572804719573026
hla_stratified_group_5fold	hla_00	CNV0_02581	0	prespecified_C_0.5_QK_quantum_0.5	0.2716356368649021
hla_stratified_group_5fold	hla_00	CNV0_02582	0	prespecified_C_0.5_QK_quantum_0.5	0.31940246397012917
hla_stratified_group_5fold	hla_00	CNV0_02583	0	prespecified_C_0.5_QK_quantum_0.5	0.3137524105180798
hla_stratified_group_5fold	hla_00	CNV0_02584	0	prespecified_C_0.5_QK_quantum_0.5	0.2513277957897126
hla_stratified_group_5fold	hla_00	CNV0_02585	0	prespecified_C_0.5_QK_quantum_0.5	0.3869530775829441
hla_stratified_group_5fold	hla_00	CNV0_02586	0	prespecified_C_0.5_QK_quantum_0.5	0.4604487660434368
hla_stratified_group_5fold	hla_00	CNV0_02587	0	prespecified_C_0.5_QK_quantum_0.5	0.3906676737437922
hla_stratified_group_5fold	hla_00	CNV0_02588	0	prespecified_C_0.5_QK_quantum_0.5	0.33641315696157414
hla_stratified_group_5fold	hla_00	CNV0_02589	0	prespecified_C_0.5_QK_quantum_0.5	0.39596205272281776
hla_stratified_group_5fold	hla_00	CNV0_02590	0	prespecified_C_0.5_QK_quantum_0.5	0.3037537127207376
hla_stratified_group_5fold	hla_00	CNV0_02591	0	prespecified_C_0.5_QK_quantum_0.5	0.3266260837094177
hla_stratified_group_5fold	hla_00	CNV0_02592	0	prespecified_C_0.5_QK_quantum_0.5	0.34262138734363334
hla_stratified_group_5fold	hla_00	CNV0_02593	0	prespecified_C_0.5_QK_quantum_0.5	0.4598494993585389
hla_stratified_group_5fold	hla_00	CNV0_02594	0	prespecified_C_0.5_QK_quantum_0.5	0.27151762615458475
hla_stratified_group_5fold	hla_00	CNV0_02396	1	nested_learned_gate_C_QK_structure	0.5111026289518653
hla_stratified_group_5fold	hla_00	CNV0_02453	0	nested_learned_gate_C_QK_structure	0.5302341464519096
hla_stratified_group_5fold	hla_00	CNV0_02545	1	nested_learned_gate_C_QK_structure	0.49102680964545087
hla_stratified_group_5fold	hla_00	CNV0_02579	0	nested_learned_gate_C_QK_structure	0.1599768516247626
hla_stratified_group_5fold	hla_00	CNV0_02580	0	nested_learned_gate_C_QK_structure	0.5572804719573026
hla_stratified_group_5fold	hla_00	CNV0_02581	0	nested_learned_gate_C_QK_structure	0.2716356368649021
hla_stratified_group_5fold	hla_00	CNV0_02582	0	nested_learned_gate_C_QK_structure	0.31940246397012917
hla_stratified_group_5fold	hla_00	CNV0_02583	0	nested_learned_gate_C_QK_structure	0.3137524105180798
hla_stratified_group_5fold	hla_00	CNV0_02584	0	nested_learned_gate_C_QK_structure	0.2513277957897126
hla_stratified_group_5fold	hla_00	CNV0_02585	0	nested_learned_gate_C_QK_structure	0.3869530775829441
hla_stratified_group_5fold	hla_00	CNV0_02586	0	nested_learned_gate_C_QK_structure	0.4604487660434368
hla_stratified_group_5fold	hla_00	CNV0_02587	0	nested_learned_gate_C_QK_structure	0.3906676737437922
hla_stratified_group_5fold	hla_00	CNV0_02588	0	nested_learned_gate_C_QK_structure	0.33641315696157414
hla_stratified_group_5fold	hla_00	CNV0_02589	0	nested_learned_gate_C_QK_structure	0.39596205272281776
hla_stratified_group_5fold	hla_00	CNV0_02590	0	nested_learned_gate_C_QK_structure	0.3037537127207376
hla_stratified_group_5fold	hla_00	CNV0_02591	0	nested_learned_gate_C_QK_structure	0.3266260837094177
hla_stratified_group_5fold	hla_00	CNV0_02592	0	nested_learned_gate_C_QK_structure	0.34262138734363334
hla_stratified_group_5fold	hla_00	CNV0_02593	0	nested_learned_gate_C_QK_structure	0.4598494993585389
hla_stratified_group_5fold	hla_00	CNV0_02594	0	nested_learned_gate_C_QK_structure	0.27151762615458475
hla_stratified_group_5fold	hla_00	CNV0_02396	1	stacked_calibrated_meta_model_lowdim_only	0.6920375615083538
hla_stratified_group_5fold	hla_00	CNV0_02453	0	stacked_calibrated_meta_model_lowdim_only	0.730305667125876
hla_stratified_group_5fold	hla_00	CNV0_02545	1	stacked_calibrated_meta_model_lowdim_only	0.6935777784899292
hla_stratified_group_5fold	hla_00	CNV0_02579	0	stacked_calibrated_meta_model_lowdim_only	0.6368801886083888
hla_stratified_group_5fold	hla_00	CNV0_02580	0	stacked_calibrated_meta_model_lowdim_only	0.7198398545849505
hla_stratified_group_5fold	hla_00	CNV0_02581	0	stacked_calibrated_meta_model_lowdim_only	0.644892054469566
hla_stratified_group_5fold	hla_00	CNV0_02582	0	stacked_calibrated_meta_model_lowdim_only	0.6863395087557439
hla_stratified_group_5fold	hla_00	CNV0_02583	0	stacked_calibrated_meta_model_lowdim_only	0.6672243638765197
hla_stratified_group_5fold	hla_00	CNV0_02584	0	stacked_calibrated_meta_model_lowdim_only	0.6612770675334102
hla_stratified_group_5fold	hla_00	CNV0_02585	0	stacked_calibrated_meta_model_lowdim_only	0.664935565646699
hla_stratified_group_5fold	hla_00	CNV0_02586	0	stacked_calibrated_meta_model_lowdim_only	0.6780970822706812
hla_stratified_group_5fold	hla_00	CNV0_02587	0	stacked_calibrated_meta_model_lowdim_only	0.6702183541317218
hla_stratified_group_5fold	hla_00	CNV0_02588	0	stacked_calibrated_meta_model_lowdim_only	0.6524358226666037
hla_stratified_group_5fold	hla_00	CNV0_02589	0	stacked_calibrated_meta_model_lowdim_only	0.68816042858346
hla_stratified_group_5fold	hla_00	CNV0_02590	0	stacked_calibrated_meta_model_lowdim_only	0.6527487007380897
hla_stratified_group_5fold	hla_00	CNV0_02591	0	stacked_calibrated_meta_model_lowdim_only	0.6623308530170529
hla_stratified_group_5fold	hla_00	CNV0_02592	0	stacked_calibrated_meta_model_lowdim_only	0.6504302523008925
hla_stratified_group_5fold	hla_00	CNV0_02593	0	stacked_calibrated_meta_model_lowdim_only	0.6881465305012384
hla_stratified_group_5fold	hla_00	CNV0_02594	0	stacked_calibrated_meta_model_lowdim_only	0.639072010359513
hla_stratified_group_5fold	hla_00	CNV0_02396	1	rule_gated_C_QK_structure	0.3548415501424704
hla_stratified_group_5fold	hla_00	CNV0_02453	0	rule_gated_C_QK_structure	0.43659080022594354
hla_stratified_group_5fold	hla_00	CNV0_02545	1	rule_gated_C_QK_structure	0.44184835690337076
hla_stratified_group_5fold	hla_00	CNV0_02579	0	rule_gated_C_QK_structure	0.2197753171853629
hla_stratified_group_5fold	hla_00	CNV0_02580	0	rule_gated_C_QK_structure	0.5170156206606882
hla_stratified_group_5fold	hla_00	CNV0_02581	0	rule_gated_C_QK_structure	0.3211877366610164
hla_stratified_group_5fold	hla_00	CNV0_02582	0	rule_gated_C_QK_structure	0.4790746789473175
hla_stratified_group_5fold	hla_00	CNV0_02583	0	rule_gated_C_QK_structure	0.37463857221422975
hla_stratified_group_5fold	hla_00	CNV0_02584	0	rule_gated_C_QK_structure	0.35189291552444935
hla_stratified_group_5fold	hla_00	CNV0_02585	0	rule_gated_C_QK_structure	0.2815086130972453
hla_stratified_group_5fold	hla_00	CNV0_02586	0	rule_gated_C_QK_structure	0.3356258059751397
hla_stratified_group_5fold	hla_00	CNV0_02587	0	rule_gated_C_QK_structure	0.36444178006525424
hla_stratified_group_5fold	hla_00	CNV0_02588	0	rule_gated_C_QK_structure	0.3002404242729246
hla_stratified_group_5fold	hla_00	CNV0_02589	0	rule_gated_C_QK_structure	0.4513910822814581
hla_stratified_group_5fold	hla_00	CNV0_02590	0	rule_gated_C_QK_structure	0.3438097157163523
hla_stratified_group_5fold	hla_00	CNV0_02591	0	rule_gated_C_QK_structure	0.33192180083353884
hla_stratified_group_5fold	hla_00	CNV0_02592	0	rule_gated_C_QK_structure	0.32104388743754864
hla_stratified_group_5fold	hla_00	CNV0_02593	0	rule_gated_C_QK_structure	0.4383597295464416
hla_stratified_group_5fold	hla_00	CNV0_02594	0	rule_gated_C_QK_structure	0.24231642123072325
hla_stratified_group_5fold	hla_01	CNV0_02405	1	prespecified_equal_weight_C_QK_no_anchor	0.4810856607832421
hla_stratified_group_5fold	hla_01	CNV0_02411	0	prespecified_equal_weight_C_QK_no_anchor	0.32715775603261044
hla_stratified_group_5fold	hla_01	CNV0_02412	0	prespecified_equal_weight_C_QK_no_anchor	0.48885590199508205
hla_stratified_group_5fold	hla_01	CNV0_02413	0	prespecified_equal_weight_C_QK_no_anchor	0.2673356516207954
hla_stratified_group_5fold	hla_01	CNV0_02414	0	prespecified_equal_weight_C_QK_no_anchor	0.3239265479751847
hla_stratified_group_5fold	hla_01	CNV0_02415	0	prespecified_equal_weight_C_QK_no_anchor	0.43176038037382714
hla_stratified_group_5fold	hla_01	CNV0_02416	0	prespecified_equal_weight_C_QK_no_anchor	0.34840022326202696
hla_stratified_group_5fold	hla_01	CNV0_02418	0	prespecified_equal_weight_C_QK_no_anchor	0.3751534334187355
hla_stratified_group_5fold	hla_01	CNV0_02419	0	prespecified_equal_weight_C_QK_no_anchor	0.39578241546204207
hla_stratified_group_5fold	hla_01	CNV0_02421	0	prespecified_equal_weight_C_QK_no_anchor	0.369639432729763
hla_stratified_group_5fold	hla_01	CNV0_02424	1	prespecified_equal_weight_C_QK_no_anchor	0.5370048623561495
hla_stratified_group_5fold	hla_01	CNV0_02425	1	prespecified_equal_weight_C_QK_no_anchor	0.7203663715463888
hla_stratified_group_5fold	hla_01	CNV0_02448	1	prespecified_equal_weight_C_QK_no_anchor	0.589021755068329
hla_stratified_group_5fold	hla_01	CNV0_02452	1	prespecified_equal_weight_C_QK_no_anchor	0.4556237020698059
hla_stratified_group_5fold	hla_01	CNV0_02458	0	prespecified_equal_weight_C_QK_no_anchor	0.540111305102958
hla_stratified_group_5fold	hla_01	CNV0_02460	1	prespecified_equal_weight_C_QK_no_anchor	0.6271556452338642
hla_stratified_group_5fold	hla_01	CNV0_02510	1	prespecified_equal_weight_C_QK_no_anchor	0.5225823807859697
hla_stratified_group_5fold	hla_01	CNV0_02513	0	prespecified_equal_weight_C_QK_no_anchor	0.39970900091987127
hla_stratified_group_5fold	hla_01	CNV0_02514	0	prespecified_equal_weight_C_QK_no_anchor	0.3926137339513056
hla_stratified_group_5fold	hla_01	CNV0_02515	0	prespecified_equal_weight_C_QK_no_anchor	0.6131762004901933
hla_stratified_group_5fold	hla_01	CNV0_02517	0	prespecified_equal_weight_C_QK_no_anchor	0.5030768143206371
hla_stratified_group_5fold	hla_01	CNV0_02518	0	prespecified_equal_weight_C_QK_no_anchor	0.3621219374339447
hla_stratified_group_5fold	hla_01	CNV0_02536	0	prespecified_equal_weight_C_QK_no_anchor	0.21006263710288578
hla_stratified_group_5fold	hla_01	CNV0_02537	0	prespecified_equal_weight_C_QK_no_anchor	0.4080759444892151
hla_stratified_group_5fold	hla_01	CNV0_02538	0	prespecified_equal_weight_C_QK_no_anchor	0.5651366024855466
hla_stratified_group_5fold	hla_01	CNV0_02556	0	prespecified_equal_weight_C_QK_no_anchor	0.34772653863027125
hla_stratified_group_5fold	hla_01	CNV0_02557	0	prespecified_equal_weight_C_QK_no_anchor	0.5742247294065601
hla_stratified_group_5fold	hla_01	CNV0_02559	0	prespecified_equal_weight_C_QK_no_anchor	0.5797202199995879
hla_stratified_group_5fold	hla_01	CNV0_02561	0	prespecified_equal_weight_C_QK_no_anchor	0.40025703339692875
hla_stratified_group_5fold	hla_01	CNV0_02565	0	prespecified_equal_weight_C_QK_no_anchor	0.5920723260318361
hla_stratified_group_5fold	hla_01	CNV0_02708	1	prespecified_equal_weight_C_QK_no_anchor	0.3420748203781734
hla_stratified_group_5fold	hla_01	CNV0_02709	1	prespecified_equal_weight_C_QK_no_anchor	0.2940769163002865
hla_stratified_group_5fold	hla_01	CNV0_02710	1	prespecified_equal_weight_C_QK_no_anchor	0.4493120541978861
hla_stratified_group_5fold	hla_01	CNV0_02405	1	prespecified_C_0.5_QK_quantum_0.5	0.54513475276354
hla_stratified_group_5fold	hla_01	CNV0_02411	0	prespecified_C_0.5_QK_quantum_0.5	0.46977612972331706
hla_stratified_group_5fold	hla_01	CNV0_02412	0	prespecified_C_0.5_QK_quantum_0.5	0.5514007820796527
hla_stratified_group_5fold	hla_01	CNV0_02413	0	prespecified_C_0.5_QK_quantum_0.5	0.502368711890878
hla_stratified_group_5fold	hla_01	CNV0_02414	0	prespecified_C_0.5_QK_quantum_0.5	0.48942145076824767
hla_stratified_group_5fold	hla_01	CNV0_02415	0	prespecified_C_0.5_QK_quantum_0.5	0.30252776985252927
hla_stratified_group_5fold	hla_01	CNV0_02416	0	prespecified_C_0.5_QK_quantum_0.5	0.3264307716755003
hla_stratified_group_5fold	hla_01	CNV0_02418	0	prespecified_C_0.5_QK_quantum_0.5	0.5007060091717893
hla_stratified_group_5fold	hla_01	CNV0_02419	0	prespecified_C_0.5_QK_quantum_0.5	0.35072256331826196
hla_stratified_group_5fold	hla_01	CNV0_02421	0	prespecified_C_0.5_QK_quantum_0.5	0.40618998918835425
hla_stratified_group_5fold	hla_01	CNV0_02424	1	prespecified_C_0.5_QK_quantum_0.5	0.4778082217606914
hla_stratified_group_5fold	hla_01	CNV0_02425	1	prespecified_C_0.5_QK_quantum_0.5	0.7158292806628037
hla_stratified_group_5fold	hla_01	CNV0_02448	1	prespecified_C_0.5_QK_quantum_0.5	0.6612106759132578
hla_stratified_group_5fold	hla_01	CNV0_02452	1	prespecified_C_0.5_QK_quantum_0.5	0.6703755568393557
hla_stratified_group_5fold	hla_01	CNV0_02458	0	prespecified_C_0.5_QK_quantum_0.5	0.5629164987601782
hla_stratified_group_5fold	hla_01	CNV0_02460	1	prespecified_C_0.5_QK_quantum_0.5	0.372559313796229
hla_stratified_group_5fold	hla_01	CNV0_02510	1	prespecified_C_0.5_QK_quantum_0.5	0.3501231537785039
hla_stratified_group_5fold	hla_01	CNV0_02513	0	prespecified_C_0.5_QK_quantum_0.5	0.3150468369817227
hla_stratified_group_5fold	hla_01	CNV0_02514	0	prespecified_C_0.5_QK_quantum_0.5	0.4212483476247534
hla_stratified_group_5fold	hla_01	CNV0_02515	0	prespecified_C_0.5_QK_quantum_0.5	0.5636746252986131
hla_stratified_group_5fold	hla_01	CNV0_02517	0	prespecified_C_0.5_QK_quantum_0.5	0.41644334411994854
hla_stratified_group_5fold	hla_01	CNV0_02518	0	prespecified_C_0.5_QK_quantum_0.5	0.3459176820486465
hla_stratified_group_5fold	hla_01	CNV0_02536	0	prespecified_C_0.5_QK_quantum_0.5	0.5236726328600805
hla_stratified_group_5fold	hla_01	CNV0_02537	0	prespecified_C_0.5_QK_quantum_0.5	0.500946840451801
hla_stratified_group_5fold	hla_01	CNV0_02538	0	prespecified_C_0.5_QK_quantum_0.5	0.38906961818527264
hla_stratified_group_5fold	hla_01	CNV0_02556	0	prespecified_C_0.5_QK_quantum_0.5	0.4192553615289083
hla_stratified_group_5fold	hla_01	CNV0_02557	0	prespecified_C_0.5_QK_quantum_0.5	0.6070146416139693
hla_stratified_group_5fold	hla_01	CNV0_02559	0	prespecified_C_0.5_QK_quantum_0.5	0.3254256174680243
hla_stratified_group_5fold	hla_01	CNV0_02561	0	prespecified_C_0.5_QK_quantum_0.5	0.19908953549745625
hla_stratified_group_5fold	hla_01	CNV0_02565	0	prespecified_C_0.5_QK_quantum_0.5	0.449220187762525
hla_stratified_group_5fold	hla_01	CNV0_02708	1	prespecified_C_0.5_QK_quantum_0.5	0.4109060416085515
hla_stratified_group_5fold	hla_01	CNV0_02709	1	prespecified_C_0.5_QK_quantum_0.5	0.3869680679488667
hla_stratified_group_5fold	hla_01	CNV0_02710	1	prespecified_C_0.5_QK_quantum_0.5	0.33672518336590407
hla_stratified_group_5fold	hla_01	CNV0_02405	1	nested_learned_gate_C_QK_structure	0.46433138203509094
hla_stratified_group_5fold	hla_01	CNV0_02411	0	nested_learned_gate_C_QK_structure	0.33014828737929397
hla_stratified_group_5fold	hla_01	CNV0_02412	0	nested_learned_gate_C_QK_structure	0.44487916715675646
hla_stratified_group_5fold	hla_01	CNV0_02413	0	nested_learned_gate_C_QK_structure	0.2753633512104051
hla_stratified_group_5fold	hla_01	CNV0_02414	0	nested_learned_gate_C_QK_structure	0.30265174422388386
hla_stratified_group_5fold	hla_01	CNV0_02415	0	nested_learned_gate_C_QK_structure	0.39130302968188935
hla_stratified_group_5fold	hla_01	CNV0_02416	0	nested_learned_gate_C_QK_structure	0.35050302142785017
hla_stratified_group_5fold	hla_01	CNV0_02418	0	nested_learned_gate_C_QK_structure	0.350284237116078
hla_stratified_group_5fold	hla_01	CNV0_02419	0	nested_learned_gate_C_QK_structure	0.409523682213595
hla_stratified_group_5fold	hla_01	CNV0_02421	0	nested_learned_gate_C_QK_structure	0.38653544320713407
hla_stratified_group_5fold	hla_01	CNV0_02424	1	nested_learned_gate_C_QK_structure	0.5221003479657658
hla_stratified_group_5fold	hla_01	CNV0_02425	1	nested_learned_gate_C_QK_structure	0.677985361573202
hla_stratified_group_5fold	hla_01	CNV0_02448	1	nested_learned_gate_C_QK_structure	0.537288874952945
hla_stratified_group_5fold	hla_01	CNV0_02452	1	nested_learned_gate_C_QK_structure	0.47294714186819486
hla_stratified_group_5fold	hla_01	CNV0_02458	0	nested_learned_gate_C_QK_structure	0.5443223320979624
hla_stratified_group_5fold	hla_01	CNV0_02460	1	nested_learned_gate_C_QK_structure	0.6122289031822905
hla_stratified_group_5fold	hla_01	CNV0_02510	1	nested_learned_gate_C_QK_structure	0.48899692756539037
hla_stratified_group_5fold	hla_01	CNV0_02513	0	nested_learned_gate_C_QK_structure	0.4370722544439977
hla_stratified_group_5fold	hla_01	CNV0_02514	0	nested_learned_gate_C_QK_structure	0.39362628332924865
hla_stratified_group_5fold	hla_01	CNV0_02515	0	nested_learned_gate_C_QK_structure	0.5702830787633006
hla_stratified_group_5fold	hla_01	CNV0_02517	0	nested_learned_gate_C_QK_structure	0.440389717958181
hla_stratified_group_5fold	hla_01	CNV0_02518	0	nested_learned_gate_C_QK_structure	0.40343404305983666
hla_stratified_group_5fold	hla_01	CNV0_02536	0	nested_learned_gate_C_QK_structure	0.24252987629495554
hla_stratified_group_5fold	hla_01	CNV0_02537	0	nested_learned_gate_C_QK_structure	0.36807687540441875
hla_stratified_group_5fold	hla_01	CNV0_02538	0	nested_learned_gate_C_QK_structure	0.49231569936946673
hla_stratified_group_5fold	hla_01	CNV0_02556	0	nested_learned_gate_C_QK_structure	0.3446172410194947
hla_stratified_group_5fold	hla_01	CNV0_02557	0	nested_learned_gate_C_QK_structure	0.5355854893671752
hla_stratified_group_5fold	hla_01	CNV0_02559	0	nested_learned_gate_C_QK_structure	0.5315775264667719
hla_stratified_group_5fold	hla_01	CNV0_02561	0	nested_learned_gate_C_QK_structure	0.36533072064213323
hla_stratified_group_5fold	hla_01	CNV0_02565	0	nested_learned_gate_C_QK_structure	0.54994557842249
hla_stratified_group_5fold	hla_01	CNV0_02708	1	nested_learned_gate_C_QK_structure	0.33206602135765806
hla_stratified_group_5fold	hla_01	CNV0_02709	1	nested_learned_gate_C_QK_structure	0.33138515280758546
hla_stratified_group_5fold	hla_01	CNV0_02710	1	nested_learned_gate_C_QK_structure	0.43010869415849995
hla_stratified_group_5fold	hla_01	CNV0_02405	1	stacked_calibrated_meta_model_lowdim_only	0.809317308435392
hla_stratified_group_5fold	hla_01	CNV0_02411	0	stacked_calibrated_meta_model_lowdim_only	0.8081368472009145
hla_stratified_group_5fold	hla_01	CNV0_02412	0	stacked_calibrated_meta_model_lowdim_only	0.8037608322819884
hla_stratified_group_5fold	hla_01	CNV0_02413	0	stacked_calibrated_meta_model_lowdim_only	0.7940338256573228
hla_stratified_group_5fold	hla_01	CNV0_02414	0	stacked_calibrated_meta_model_lowdim_only	0.7964366166231126
hla_stratified_group_5fold	hla_01	CNV0_02415	0	stacked_calibrated_meta_model_lowdim_only	0.8405744518159833
hla_stratified_group_5fold	hla_01	CNV0_02416	0	stacked_calibrated_meta_model_lowdim_only	0.8425841420633718
hla_stratified_group_5fold	hla_01	CNV0_02418	0	stacked_calibrated_meta_model_lowdim_only	0.8013007985138167
hla_stratified_group_5fold	hla_01	CNV0_02419	0	stacked_calibrated_meta_model_lowdim_only	0.842499571793288
hla_stratified_group_5fold	hla_01	CNV0_02421	0	stacked_calibrated_meta_model_lowdim_only	0.8337092117557322
hla_stratified_group_5fold	hla_01	CNV0_02424	1	stacked_calibrated_meta_model_lowdim_only	0.8304908033938869
hla_stratified_group_5fold	hla_01	CNV0_02425	1	stacked_calibrated_meta_model_lowdim_only	0.802632392728052
hla_stratified_group_5fold	hla_01	CNV0_02448	1	stacked_calibrated_meta_model_lowdim_only	0.7903755292238835
hla_stratified_group_5fold	hla_01	CNV0_02452	1	stacked_calibrated_meta_model_lowdim_only	0.7843336439185239
hla_stratified_group_5fold	hla_01	CNV0_02458	0	stacked_calibrated_meta_model_lowdim_only	0.8200743150983796
hla_stratified_group_5fold	hla_01	CNV0_02460	1	stacked_calibrated_meta_model_lowdim_only	0.9098283885269537
hla_stratified_group_5fold	hla_01	CNV0_02510	1	stacked_calibrated_meta_model_lowdim_only	0.8435786967705607
hla_stratified_group_5fold	hla_01	CNV0_02513	0	stacked_calibrated_meta_model_lowdim_only	0.8486359349333489
hla_stratified_group_5fold	hla_01	CNV0_02514	0	stacked_calibrated_meta_model_lowdim_only	0.8948114523689237
hla_stratified_group_5fold	hla_01	CNV0_02515	0	stacked_calibrated_meta_model_lowdim_only	0.8163815101944754
hla_stratified_group_5fold	hla_01	CNV0_02517	0	stacked_calibrated_meta_model_lowdim_only	0.8244984555188782
hla_stratified_group_5fold	hla_01	CNV0_02518	0	stacked_calibrated_meta_model_lowdim_only	0.6714508623858879
hla_stratified_group_5fold	hla_01	CNV0_02536	0	stacked_calibrated_meta_model_lowdim_only	0.7853124737291716
hla_stratified_group_5fold	hla_01	CNV0_02537	0	stacked_calibrated_meta_model_lowdim_only	0.8044666428461592
hla_stratified_group_5fold	hla_01	CNV0_02538	0	stacked_calibrated_meta_model_lowdim_only	0.8310036739305802
hla_stratified_group_5fold	hla_01	CNV0_02556	0	stacked_calibrated_meta_model_lowdim_only	0.8882367892352864
hla_stratified_group_5fold	hla_01	CNV0_02557	0	stacked_calibrated_meta_model_lowdim_only	0.8064399503155868
hla_stratified_group_5fold	hla_01	CNV0_02559	0	stacked_calibrated_meta_model_lowdim_only	0.8461118403678866
hla_stratified_group_5fold	hla_01	CNV0_02561	0	stacked_calibrated_meta_model_lowdim_only	0.856127439789651
hla_stratified_group_5fold	hla_01	CNV0_02565	0	stacked_calibrated_meta_model_lowdim_only	0.8304283630806045
hla_stratified_group_5fold	hla_01	CNV0_02708	1	stacked_calibrated_meta_model_lowdim_only	0.8210018162207509
hla_stratified_group_5fold	hla_01	CNV0_02709	1	stacked_calibrated_meta_model_lowdim_only	0.8315477354979667
hla_stratified_group_5fold	hla_01	CNV0_02710	1	stacked_calibrated_meta_model_lowdim_only	0.8447293552430118
hla_stratified_group_5fold	hla_01	CNV0_02405	1	rule_gated_C_QK_structure	0.48364971525023237
hla_stratified_group_5fold	hla_01	CNV0_02411	0	rule_gated_C_QK_structure	0.3522866827755034
hla_stratified_group_5fold	hla_01	CNV0_02412	0	rule_gated_C_QK_structure	0.4828020644274179
hla_stratified_group_5fold	hla_01	CNV0_02413	0	rule_gated_C_QK_structure	0.3080839951277729
hla_stratified_group_5fold	hla_01	CNV0_02414	0	rule_gated_C_QK_structure	0.35001843377436725
hla_stratified_group_5fold	hla_01	CNV0_02415	0	rule_gated_C_QK_structure	0.39751695023785516
hla_stratified_group_5fold	hla_01	CNV0_02416	0	rule_gated_C_QK_structure	0.3379080164974988
hla_stratified_group_5fold	hla_01	CNV0_02418	0	rule_gated_C_QK_structure	0.3896207880781189
hla_stratified_group_5fold	hla_01	CNV0_02419	0	rule_gated_C_QK_structure	0.3834461252172435
hla_stratified_group_5fold	hla_01	CNV0_02421	0	rule_gated_C_QK_structure	0.3695781085656625
hla_stratified_group_5fold	hla_01	CNV0_02424	1	rule_gated_C_QK_structure	0.5131029914386319
hla_stratified_group_5fold	hla_01	CNV0_02425	1	rule_gated_C_QK_structure	0.6945057176678451
hla_stratified_group_5fold	hla_01	CNV0_02448	1	rule_gated_C_QK_structure	0.583929900678226
hla_stratified_group_5fold	hla_01	CNV0_02452	1	rule_gated_C_QK_structure	0.4922551433257397
hla_stratified_group_5fold	hla_01	CNV0_02458	0	rule_gated_C_QK_structure	0.5358965756587721
hla_stratified_group_5fold	hla_01	CNV0_02460	1	rule_gated_C_QK_structure	0.5677194444298009
hla_stratified_group_5fold	hla_01	CNV0_02510	1	rule_gated_C_QK_structure	0.47694040766199786
hla_stratified_group_5fold	hla_01	CNV0_02513	0	rule_gated_C_QK_structure	0.38343523358755033
hla_stratified_group_5fold	hla_01	CNV0_02514	0	rule_gated_C_QK_structure	0.3928645951706277
hla_stratified_group_5fold	hla_01	CNV0_02515	0	rule_gated_C_QK_structure	0.5853986828053784
hla_stratified_group_5fold	hla_01	CNV0_02517	0	rule_gated_C_QK_structure	0.4688502917340604
hla_stratified_group_5fold	hla_01	CNV0_02518	0	rule_gated_C_QK_structure	0.34734107569324135
hla_stratified_group_5fold	hla_01	CNV0_02536	0	rule_gated_C_QK_structure	0.2758631012255656
hla_stratified_group_5fold	hla_01	CNV0_02537	0	rule_gated_C_QK_structure	0.4087457031519108
hla_stratified_group_5fold	hla_01	CNV0_02538	0	rule_gated_C_QK_structure	0.5122440353201217
hla_stratified_group_5fold	hla_01	CNV0_02556	0	rule_gated_C_QK_structure	0.3615979778354957
hla_stratified_group_5fold	hla_01	CNV0_02557	0	rule_gated_C_QK_structure	0.5591135122996634
hla_stratified_group_5fold	hla_01	CNV0_02559	0	rule_gated_C_QK_structure	0.5207110716193174
hla_stratified_group_5fold	hla_01	CNV0_02561	0	rule_gated_C_QK_structure	0.34739661502232844
hla_stratified_group_5fold	hla_01	CNV0_02565	0	rule_gated_C_QK_structure	0.554569372301275
hla_stratified_group_5fold	hla_01	CNV0_02708	1	rule_gated_C_QK_structure	0.3510885909215454
hla_stratified_group_5fold	hla_01	CNV0_02709	1	rule_gated_C_QK_structure	0.3099254566484257
hla_stratified_group_5fold	hla_01	CNV0_02710	1	rule_gated_C_QK_structure	0.4152668246387447
hla_stratified_group_5fold	hla_02	CNV0_02398	1	prespecified_equal_weight_C_QK_no_anchor	0.43734788491691945
hla_stratified_group_5fold	hla_02	CNV0_02450	1	prespecified_equal_weight_C_QK_no_anchor	0.5066183422217967
hla_stratified_group_5fold	hla_02	CNV0_02550	0	prespecified_equal_weight_C_QK_no_anchor	0.40602245487293354
hla_stratified_group_5fold	hla_02	CNV0_02551	0	prespecified_equal_weight_C_QK_no_anchor	0.29454191652800804
hla_stratified_group_5fold	hla_02	CNV0_02562	0	prespecified_equal_weight_C_QK_no_anchor	0.45568554910789094
hla_stratified_group_5fold	hla_02	CNV0_02567	0	prespecified_equal_weight_C_QK_no_anchor	0.31932985386909873
hla_stratified_group_5fold	hla_02	CNV0_02568	0	prespecified_equal_weight_C_QK_no_anchor	0.4318879118405415
hla_stratified_group_5fold	hla_02	CNV0_02569	0	prespecified_equal_weight_C_QK_no_anchor	0.2257475764623218
hla_stratified_group_5fold	hla_02	CNV0_02570	0	prespecified_equal_weight_C_QK_no_anchor	0.4220582368523592
hla_stratified_group_5fold	hla_02	CNV0_02571	0	prespecified_equal_weight_C_QK_no_anchor	0.3799372896356882
hla_stratified_group_5fold	hla_02	CNV0_02572	0	prespecified_equal_weight_C_QK_no_anchor	0.607107434789196
hla_stratified_group_5fold	hla_02	CNV0_02573	0	prespecified_equal_weight_C_QK_no_anchor	0.33429125659045617
hla_stratified_group_5fold	hla_02	CNV0_02574	0	prespecified_equal_weight_C_QK_no_anchor	0.4216081923930901
hla_stratified_group_5fold	hla_02	CNV0_02575	0	prespecified_equal_weight_C_QK_no_anchor	0.4273592368702369
hla_stratified_group_5fold	hla_02	CNV0_02577	0	prespecified_equal_weight_C_QK_no_anchor	0.34321005633828316
hla_stratified_group_5fold	hla_02	CNV0_02578	0	prespecified_equal_weight_C_QK_no_anchor	0.4711655368709533
hla_stratified_group_5fold	hla_02	CNV0_02398	1	prespecified_C_0.5_QK_quantum_0.5	0.4836493894367936
hla_stratified_group_5fold	hla_02	CNV0_02450	1	prespecified_C_0.5_QK_quantum_0.5	0.48893655081009574
hla_stratified_group_5fold	hla_02	CNV0_02550	0	prespecified_C_0.5_QK_quantum_0.5	0.6644585164046333
hla_stratified_group_5fold	hla_02	CNV0_02551	0	prespecified_C_0.5_QK_quantum_0.5	0.42062998447893923
hla_stratified_group_5fold	hla_02	CNV0_02562	0	prespecified_C_0.5_QK_quantum_0.5	0.467311373948764
hla_stratified_group_5fold	hla_02	CNV0_02567	0	prespecified_C_0.5_QK_quantum_0.5	0.2827319333919355
hla_stratified_group_5fold	hla_02	CNV0_02568	0	prespecified_C_0.5_QK_quantum_0.5	0.4301003755101598
hla_stratified_group_5fold	hla_02	CNV0_02569	0	prespecified_C_0.5_QK_quantum_0.5	0.33653469695427124
hla_stratified_group_5fold	hla_02	CNV0_02570	0	prespecified_C_0.5_QK_quantum_0.5	0.5879036076419867
hla_stratified_group_5fold	hla_02	CNV0_02571	0	prespecified_C_0.5_QK_quantum_0.5	0.31048637270056545
hla_stratified_group_5fold	hla_02	CNV0_02572	0	prespecified_C_0.5_QK_quantum_0.5	0.6799395536039573
hla_stratified_group_5fold	hla_02	CNV0_02573	0	prespecified_C_0.5_QK_quantum_0.5	0.42370500318550697
hla_stratified_group_5fold	hla_02	CNV0_02574	0	prespecified_C_0.5_QK_quantum_0.5	0.43134716377792925
hla_stratified_group_5fold	hla_02	CNV0_02575	0	prespecified_C_0.5_QK_quantum_0.5	0.3958969355498092
hla_stratified_group_5fold	hla_02	CNV0_02577	0	prespecified_C_0.5_QK_quantum_0.5	0.26866729831234415
hla_stratified_group_5fold	hla_02	CNV0_02578	0	prespecified_C_0.5_QK_quantum_0.5	0.50752698383226
hla_stratified_group_5fold	hla_02	CNV0_02398	1	nested_learned_gate_C_QK_structure	0.4836493894367936
hla_stratified_group_5fold	hla_02	CNV0_02450	1	nested_learned_gate_C_QK_structure	0.48893655081009574
hla_stratified_group_5fold	hla_02	CNV0_02550	0	nested_learned_gate_C_QK_structure	0.6644585164046333
hla_stratified_group_5fold	hla_02	CNV0_02551	0	nested_learned_gate_C_QK_structure	0.42062998447893923
hla_stratified_group_5fold	hla_02	CNV0_02562	0	nested_learned_gate_C_QK_structure	0.467311373948764
hla_stratified_group_5fold	hla_02	CNV0_02567	0	nested_learned_gate_C_QK_structure	0.2827319333919355
hla_stratified_group_5fold	hla_02	CNV0_02568	0	nested_learned_gate_C_QK_structure	0.4301003755101598
hla_stratified_group_5fold	hla_02	CNV0_02569	0	nested_learned_gate_C_QK_structure	0.33653469695427124
hla_stratified_group_5fold	hla_02	CNV0_02570	0	nested_learned_gate_C_QK_structure	0.5879036076419867
hla_stratified_group_5fold	hla_02	CNV0_02571	0	nested_learned_gate_C_QK_structure	0.31048637270056545
hla_stratified_group_5fold	hla_02	CNV0_02572	0	nested_learned_gate_C_QK_structure	0.6799395536039573
hla_stratified_group_5fold	hla_02	CNV0_02573	0	nested_learned_gate_C_QK_structure	0.42370500318550697
hla_stratified_group_5fold	hla_02	CNV0_02574	0	nested_learned_gate_C_QK_structure	0.43134716377792925
hla_stratified_group_5fold	hla_02	CNV0_02575	0	nested_learned_gate_C_QK_structure	0.3958969355498092
hla_stratified_group_5fold	hla_02	CNV0_02577	0	nested_learned_gate_C_QK_structure	0.26866729831234415
hla_stratified_group_5fold	hla_02	CNV0_02578	0	nested_learned_gate_C_QK_structure	0.50752698383226
hla_stratified_group_5fold	hla_02	CNV0_02398	1	stacked_calibrated_meta_model_lowdim_only	0.588867888836681
hla_stratified_group_5fold	hla_02	CNV0_02450	1	stacked_calibrated_meta_model_lowdim_only	0.5741921591706678
hla_stratified_group_5fold	hla_02	CNV0_02550	0	stacked_calibrated_meta_model_lowdim_only	0.7466022153146306
hla_stratified_group_5fold	hla_02	CNV0_02551	0	stacked_calibrated_meta_model_lowdim_only	0.5884112639284177
hla_stratified_group_5fold	hla_02	CNV0_02562	0	stacked_calibrated_meta_model_lowdim_only	0.6612577637271753
hla_stratified_group_5fold	hla_02	CNV0_02567	0	stacked_calibrated_meta_model_lowdim_only	0.5050332178896189
hla_stratified_group_5fold	hla_02	CNV0_02568	0	stacked_calibrated_meta_model_lowdim_only	0.5430464068380539
hla_stratified_group_5fold	hla_02	CNV0_02569	0	stacked_calibrated_meta_model_lowdim_only	0.5128508338988454
hla_stratified_group_5fold	hla_02	CNV0_02570	0	stacked_calibrated_meta_model_lowdim_only	0.6750411888707528
hla_stratified_group_5fold	hla_02	CNV0_02571	0	stacked_calibrated_meta_model_lowdim_only	0.5264238272360199
hla_stratified_group_5fold	hla_02	CNV0_02572	0	stacked_calibrated_meta_model_lowdim_only	0.7099264087799232
hla_stratified_group_5fold	hla_02	CNV0_02573	0	stacked_calibrated_meta_model_lowdim_only	0.5389703488293157
hla_stratified_group_5fold	hla_02	CNV0_02574	0	stacked_calibrated_meta_model_lowdim_only	0.5879199073993803
hla_stratified_group_5fold	hla_02	CNV0_02575	0	stacked_calibrated_meta_model_lowdim_only	0.595888037855114
hla_stratified_group_5fold	hla_02	CNV0_02577	0	stacked_calibrated_meta_model_lowdim_only	0.4847211111278353
hla_stratified_group_5fold	hla_02	CNV0_02578	0	stacked_calibrated_meta_model_lowdim_only	0.6255025099042028
hla_stratified_group_5fold	hla_02	CNV0_02398	1	rule_gated_C_QK_structure	0.4407197389010602
hla_stratified_group_5fold	hla_02	CNV0_02450	1	rule_gated_C_QK_structure	0.49864217333523775
hla_stratified_group_5fold	hla_02	CNV0_02550	0	rule_gated_C_QK_structure	0.4487342801006218
hla_stratified_group_5fold	hla_02	CNV0_02551	0	rule_gated_C_QK_structure	0.32209029929777866
hla_stratified_group_5fold	hla_02	CNV0_02562	0	rule_gated_C_QK_structure	0.4493778496022544
hla_stratified_group_5fold	hla_02	CNV0_02567	0	rule_gated_C_QK_structure	0.3081243030724733
hla_stratified_group_5fold	hla_02	CNV0_02568	0	rule_gated_C_QK_structure	0.4312962263221118
hla_stratified_group_5fold	hla_02	CNV0_02569	0	rule_gated_C_QK_structure	0.2494812758056241
hla_stratified_group_5fold	hla_02	CNV0_02570	0	rule_gated_C_QK_structure	0.4465831198731758
hla_stratified_group_5fold	hla_02	CNV0_02571	0	rule_gated_C_QK_structure	0.358921742851751
hla_stratified_group_5fold	hla_02	CNV0_02572	0	rule_gated_C_QK_structure	0.6028791748690892
hla_stratified_group_5fold	hla_02	CNV0_02573	0	rule_gated_C_QK_structure	0.3548793714145193
hla_stratified_group_5fold	hla_02	CNV0_02574	0	rule_gated_C_QK_structure	0.41075938080708796
hla_stratified_group_5fold	hla_02	CNV0_02575	0	rule_gated_C_QK_structure	0.40688966792129433
hla_stratified_group_5fold	hla_02	CNV0_02577	0	rule_gated_C_QK_structure	0.33256539226193527
hla_stratified_group_5fold	hla_02	CNV0_02578	0	rule_gated_C_QK_structure	0.4688255561998423
hla_stratified_group_5fold	hla_03	CNV0_02442	1	prespecified_equal_weight_C_QK_no_anchor	0.42389927606956546
hla_stratified_group_5fold	hla_03	CNV0_02511	1	prespecified_equal_weight_C_QK_no_anchor	0.5700984901586922
hla_stratified_group_5fold	hla_03	CNV0_02512	0	prespecified_equal_weight_C_QK_no_anchor	0.300150514438855
hla_stratified_group_5fold	hla_03	CNV0_02516	0	prespecified_equal_weight_C_QK_no_anchor	0.47659127068654705
hla_stratified_group_5fold	hla_03	CNV0_02553	0	prespecified_equal_weight_C_QK_no_anchor	0.33877483113711293
hla_stratified_group_5fold	hla_03	CNV0_02555	0	prespecified_equal_weight_C_QK_no_anchor	0.5560078385749094
hla_stratified_group_5fold	hla_03	CNV0_02563	0	prespecified_equal_weight_C_QK_no_anchor	0.27689131103677667
hla_stratified_group_5fold	hla_03	CNV0_02564	0	prespecified_equal_weight_C_QK_no_anchor	0.41202450506399746
hla_stratified_group_5fold	hla_03	CNV0_02712	1	prespecified_equal_weight_C_QK_no_anchor	0.46138394025753793
hla_stratified_group_5fold	hla_03	CNV0_02713	1	prespecified_equal_weight_C_QK_no_anchor	0.44871554684797077
hla_stratified_group_5fold	hla_03	CNV0_02442	1	prespecified_C_0.5_QK_quantum_0.5	0.5563419124550698
hla_stratified_group_5fold	hla_03	CNV0_02511	1	prespecified_C_0.5_QK_quantum_0.5	0.5218658253333405
hla_stratified_group_5fold	hla_03	CNV0_02512	0	prespecified_C_0.5_QK_quantum_0.5	0.20633230612939257
hla_stratified_group_5fold	hla_03	CNV0_02516	0	prespecified_C_0.5_QK_quantum_0.5	0.24395525872305843
hla_stratified_group_5fold	hla_03	CNV0_02553	0	prespecified_C_0.5_QK_quantum_0.5	0.3142446947199842
hla_stratified_group_5fold	hla_03	CNV0_02555	0	prespecified_C_0.5_QK_quantum_0.5	0.6240953962182636
hla_stratified_group_5fold	hla_03	CNV0_02563	0	prespecified_C_0.5_QK_quantum_0.5	0.27928692206689315
hla_stratified_group_5fold	hla_03	CNV0_02564	0	prespecified_C_0.5_QK_quantum_0.5	0.35725109892412305
hla_stratified_group_5fold	hla_03	CNV0_02712	1	prespecified_C_0.5_QK_quantum_0.5	0.47907001437559976
hla_stratified_group_5fold	hla_03	CNV0_02713	1	prespecified_C_0.5_QK_quantum_0.5	0.1743792549116458
hla_stratified_group_5fold	hla_03	CNV0_02442	1	nested_learned_gate_C_QK_structure	0.42389927606956546
hla_stratified_group_5fold	hla_03	CNV0_02511	1	nested_learned_gate_C_QK_structure	0.5700984901586922
hla_stratified_group_5fold	hla_03	CNV0_02512	0	nested_learned_gate_C_QK_structure	0.300150514438855
hla_stratified_group_5fold	hla_03	CNV0_02516	0	nested_learned_gate_C_QK_structure	0.47659127068654705
hla_stratified_group_5fold	hla_03	CNV0_02553	0	nested_learned_gate_C_QK_structure	0.33877483113711293
hla_stratified_group_5fold	hla_03	CNV0_02555	0	nested_learned_gate_C_QK_structure	0.5560078385749094
hla_stratified_group_5fold	hla_03	CNV0_02563	0	nested_learned_gate_C_QK_structure	0.27689131103677667
hla_stratified_group_5fold	hla_03	CNV0_02564	0	nested_learned_gate_C_QK_structure	0.41202450506399746
hla_stratified_group_5fold	hla_03	CNV0_02712	1	nested_learned_gate_C_QK_structure	0.46138394025753793
hla_stratified_group_5fold	hla_03	CNV0_02713	1	nested_learned_gate_C_QK_structure	0.44871554684797077
hla_stratified_group_5fold	hla_03	CNV0_02442	1	stacked_calibrated_meta_model_lowdim_only	0.5908131106241504
hla_stratified_group_5fold	hla_03	CNV0_02511	1	stacked_calibrated_meta_model_lowdim_only	0.5655804997934772
hla_stratified_group_5fold	hla_03	CNV0_02512	0	stacked_calibrated_meta_model_lowdim_only	0.5499166587096261
hla_stratified_group_5fold	hla_03	CNV0_02516	0	stacked_calibrated_meta_model_lowdim_only	0.5813997848324638
hla_stratified_group_5fold	hla_03	CNV0_02553	0	stacked_calibrated_meta_model_lowdim_only	0.590800409237627
hla_stratified_group_5fold	hla_03	CNV0_02555	0	stacked_calibrated_meta_model_lowdim_only	0.5903813836447562
hla_stratified_group_5fold	hla_03	CNV0_02563	0	stacked_calibrated_meta_model_lowdim_only	0.5637701774568916
hla_stratified_group_5fold	hla_03	CNV0_02564	0	stacked_calibrated_meta_model_lowdim_only	0.5822537326506951
hla_stratified_group_5fold	hla_03	CNV0_02712	1	stacked_calibrated_meta_model_lowdim_only	0.5891626905576642
hla_stratified_group_5fold	hla_03	CNV0_02713	1	stacked_calibrated_meta_model_lowdim_only	0.58681396691287
hla_stratified_group_5fold	hla_03	CNV0_02442	1	rule_gated_C_QK_structure	0.44613815231587184
hla_stratified_group_5fold	hla_03	CNV0_02511	1	rule_gated_C_QK_structure	0.5383264482478372
hla_stratified_group_5fold	hla_03	CNV0_02512	0	rule_gated_C_QK_structure	0.278099385866224
hla_stratified_group_5fold	hla_03	CNV0_02516	0	rule_gated_C_QK_structure	0.41696784231291895
hla_stratified_group_5fold	hla_03	CNV0_02553	0	rule_gated_C_QK_structure	0.3302644445210744
hla_stratified_group_5fold	hla_03	CNV0_02555	0	rule_gated_C_QK_structure	0.5481351490807476
hla_stratified_group_5fold	hla_03	CNV0_02563	0	rule_gated_C_QK_structure	0.27553694483981944
hla_stratified_group_5fold	hla_03	CNV0_02564	0	rule_gated_C_QK_structure	0.3925641050963032
hla_stratified_group_5fold	hla_03	CNV0_02712	1	rule_gated_C_QK_structure	0.46098940162687946
hla_stratified_group_5fold	hla_03	CNV0_02713	1	rule_gated_C_QK_structure	0.3821805740500874
hla_stratified_group_5fold	hla_04	CNV0_02401	0	prespecified_equal_weight_C_QK_no_anchor	0.5125848094053488
hla_stratified_group_5fold	hla_04	CNV0_02477	1	prespecified_equal_weight_C_QK_no_anchor	0.5262289026878935
hla_stratified_group_5fold	hla_04	CNV0_02478	1	prespecified_equal_weight_C_QK_no_anchor	0.6529874505263883
hla_stratified_group_5fold	hla_04	CNV0_02479	1	prespecified_equal_weight_C_QK_no_anchor	0.6089293513295038
hla_stratified_group_5fold	hla_04	CNV0_02520	0	prespecified_equal_weight_C_QK_no_anchor	0.32509523506956134
hla_stratified_group_5fold	hla_04	CNV0_02543	0	prespecified_equal_weight_C_QK_no_anchor	0.2877633096050686
hla_stratified_group_5fold	hla_04	CNV0_02544	0	prespecified_equal_weight_C_QK_no_anchor	0.4307276271255639
hla_stratified_group_5fold	hla_04	CNV0_02655	0	prespecified_equal_weight_C_QK_no_anchor	0.4087185268901183
hla_stratified_group_5fold	hla_04	CNV0_02660	0	prespecified_equal_weight_C_QK_no_anchor	0.32711888736266337
hla_stratified_group_5fold	hla_04	CNV0_02681	0	prespecified_equal_weight_C_QK_no_anchor	0.48696486774352477
hla_stratified_group_5fold	hla_04	CNV0_02685	0	prespecified_equal_weight_C_QK_no_anchor	0.4248357049500637
hla_stratified_group_5fold	hla_04	CNV0_02401	0	prespecified_C_0.5_QK_quantum_0.5	0.5570460908877257
hla_stratified_group_5fold	hla_04	CNV0_02477	1	prespecified_C_0.5_QK_quantum_0.5	0.661086391734485
hla_stratified_group_5fold	hla_04	CNV0_02478	1	prespecified_C_0.5_QK_quantum_0.5	0.6795950592682481
hla_stratified_group_5fold	hla_04	CNV0_02479	1	prespecified_C_0.5_QK_quantum_0.5	0.6002541316603571
hla_stratified_group_5fold	hla_04	CNV0_02520	0	prespecified_C_0.5_QK_quantum_0.5	0.26466068390974273
hla_stratified_group_5fold	hla_04	CNV0_02543	0	prespecified_C_0.5_QK_quantum_0.5	0.27652093700113684
hla_stratified_group_5fold	hla_04	CNV0_02544	0	prespecified_C_0.5_QK_quantum_0.5	0.4998643723018287
hla_stratified_group_5fold	hla_04	CNV0_02655	0	prespecified_C_0.5_QK_quantum_0.5	0.5405722388755164
hla_stratified_group_5fold	hla_04	CNV0_02660	0	prespecified_C_0.5_QK_quantum_0.5	0.35184843903686247
hla_stratified_group_5fold	hla_04	CNV0_02681	0	prespecified_C_0.5_QK_quantum_0.5	0.24613443412720226
hla_stratified_group_5fold	hla_04	CNV0_02685	0	prespecified_C_0.5_QK_quantum_0.5	0.40416885803811853
hla_stratified_group_5fold	hla_04	CNV0_02401	0	nested_learned_gate_C_QK_structure	0.5197208676075553
hla_stratified_group_5fold	hla_04	CNV0_02477	1	nested_learned_gate_C_QK_structure	0.4820543780953399
hla_stratified_group_5fold	hla_04	CNV0_02478	1	nested_learned_gate_C_QK_structure	0.6051781654731189
hla_stratified_group_5fold	hla_04	CNV0_02479	1	nested_learned_gate_C_QK_structure	0.5819445569909073
hla_stratified_group_5fold	hla_04	CNV0_02520	0	nested_learned_gate_C_QK_structure	0.3374936434570558
hla_stratified_group_5fold	hla_04	CNV0_02543	0	nested_learned_gate_C_QK_structure	0.2986594761830478
hla_stratified_group_5fold	hla_04	CNV0_02544	0	nested_learned_gate_C_QK_structure	0.4406248477832205
hla_stratified_group_5fold	hla_04	CNV0_02655	0	nested_learned_gate_C_QK_structure	0.4176399202481441
hla_stratified_group_5fold	hla_04	CNV0_02660	0	nested_learned_gate_C_QK_structure	0.35662290059538104
hla_stratified_group_5fold	hla_04	CNV0_02681	0	nested_learned_gate_C_QK_structure	0.4274922090358121
hla_stratified_group_5fold	hla_04	CNV0_02685	0	nested_learned_gate_C_QK_structure	0.4299734102095841
hla_stratified_group_5fold	hla_04	CNV0_02401	0	stacked_calibrated_meta_model_lowdim_only	0.8382569503601756
hla_stratified_group_5fold	hla_04	CNV0_02477	1	stacked_calibrated_meta_model_lowdim_only	0.7909680539157588
hla_stratified_group_5fold	hla_04	CNV0_02478	1	stacked_calibrated_meta_model_lowdim_only	0.7700674823560486
hla_stratified_group_5fold	hla_04	CNV0_02479	1	stacked_calibrated_meta_model_lowdim_only	0.7891178241422567
hla_stratified_group_5fold	hla_04	CNV0_02520	0	stacked_calibrated_meta_model_lowdim_only	0.7603148139149886
hla_stratified_group_5fold	hla_04	CNV0_02543	0	stacked_calibrated_meta_model_lowdim_only	0.8141755882327166
hla_stratified_group_5fold	hla_04	CNV0_02544	0	stacked_calibrated_meta_model_lowdim_only	0.8292419990700829
hla_stratified_group_5fold	hla_04	CNV0_02655	0	stacked_calibrated_meta_model_lowdim_only	0.743287624287123
hla_stratified_group_5fold	hla_04	CNV0_02660	0	stacked_calibrated_meta_model_lowdim_only	0.8239749848487118
hla_stratified_group_5fold	hla_04	CNV0_02681	0	stacked_calibrated_meta_model_lowdim_only	0.8216565561281484
hla_stratified_group_5fold	hla_04	CNV0_02685	0	stacked_calibrated_meta_model_lowdim_only	0.830452678978436
hla_stratified_group_5fold	hla_04	CNV0_02401	0	rule_gated_C_QK_structure	0.5197950489156431
hla_stratified_group_5fold	hla_04	CNV0_02477	1	rule_gated_C_QK_structure	0.5341637156636959
hla_stratified_group_5fold	hla_04	CNV0_02478	1	rule_gated_C_QK_structure	0.6387128847534276
hla_stratified_group_5fold	hla_04	CNV0_02479	1	rule_gated_C_QK_structure	0.5944208852619522
hla_stratified_group_5fold	hla_04	CNV0_02520	0	rule_gated_C_QK_structure	0.3112179597147364
hla_stratified_group_5fold	hla_04	CNV0_02543	0	rule_gated_C_QK_structure	0.2876459613550258
hla_stratified_group_5fold	hla_04	CNV0_02544	0	rule_gated_C_QK_structure	0.44343048772050153
hla_stratified_group_5fold	hla_04	CNV0_02655	0	rule_gated_C_QK_structure	0.4351735913702323
hla_stratified_group_5fold	hla_04	CNV0_02660	0	rule_gated_C_QK_structure	0.3417264767100912
hla_stratified_group_5fold	hla_04	CNV0_02681	0	rule_gated_C_QK_structure	0.42612346472890317
hla_stratified_group_5fold	hla_04	CNV0_02685	0	rule_gated_C_QK_structure	0.4245408893823301
hla_supertype_heldout	super_00	CNV0_02401	0	prespecified_equal_weight_C_QK_no_anchor	0.5867405954571993
hla_supertype_heldout	super_00	CNV0_02478	1	prespecified_equal_weight_C_QK_no_anchor	0.5668735786974255
hla_supertype_heldout	super_00	CNV0_02479	1	prespecified_equal_weight_C_QK_no_anchor	0.6756280659600638
hla_supertype_heldout	super_00	CNV0_02681	0	prespecified_equal_weight_C_QK_no_anchor	0.5142929570892485
hla_supertype_heldout	super_00	CNV0_02685	0	prespecified_equal_weight_C_QK_no_anchor	0.5460878389295735
hla_supertype_heldout	super_00	CNV0_02401	0	prespecified_C_0.5_QK_quantum_0.5	0.423160931351372
hla_supertype_heldout	super_00	CNV0_02478	1	prespecified_C_0.5_QK_quantum_0.5	0.6798783567317835
hla_supertype_heldout	super_00	CNV0_02479	1	prespecified_C_0.5_QK_quantum_0.5	0.5808075514239537
hla_supertype_heldout	super_00	CNV0_02681	0	prespecified_C_0.5_QK_quantum_0.5	0.30842132024482305
hla_supertype_heldout	super_00	CNV0_02685	0	prespecified_C_0.5_QK_quantum_0.5	0.39727536765839944
hla_supertype_heldout	super_00	CNV0_02401	0	nested_learned_gate_C_QK_structure	0.423160931351372
hla_supertype_heldout	super_00	CNV0_02478	1	nested_learned_gate_C_QK_structure	0.6798783567317835
hla_supertype_heldout	super_00	CNV0_02479	1	nested_learned_gate_C_QK_structure	0.5808075514239537
hla_supertype_heldout	super_00	CNV0_02681	0	nested_learned_gate_C_QK_structure	0.30842132024482305
hla_supertype_heldout	super_00	CNV0_02685	0	nested_learned_gate_C_QK_structure	0.39727536765839944
hla_supertype_heldout	super_00	CNV0_02401	0	stacked_calibrated_meta_model_lowdim_only	0.7500563155666059
hla_supertype_heldout	super_00	CNV0_02478	1	stacked_calibrated_meta_model_lowdim_only	0.7067878152041074
hla_supertype_heldout	super_00	CNV0_02479	1	stacked_calibrated_meta_model_lowdim_only	0.7061968037225889
hla_supertype_heldout	super_00	CNV0_02681	0	stacked_calibrated_meta_model_lowdim_only	0.7612390209199736
hla_supertype_heldout	super_00	CNV0_02685	0	stacked_calibrated_meta_model_lowdim_only	0.7443996842600017
hla_supertype_heldout	super_00	CNV0_02401	0	rule_gated_C_QK_structure	0.5467834694013063
hla_supertype_heldout	super_00	CNV0_02478	1	rule_gated_C_QK_structure	0.574645647559152
hla_supertype_heldout	super_00	CNV0_02479	1	rule_gated_C_QK_structure	0.6394265442604362
hla_supertype_heldout	super_00	CNV0_02681	0	rule_gated_C_QK_structure	0.45889584812120393
hla_supertype_heldout	super_00	CNV0_02685	0	rule_gated_C_QK_structure	0.508526879861054
hla_supertype_heldout	super_01	CNV0_02405	1	prespecified_equal_weight_C_QK_no_anchor	0.4810856607832421
hla_supertype_heldout	super_01	CNV0_02411	0	prespecified_equal_weight_C_QK_no_anchor	0.32715775603261044
hla_supertype_heldout	super_01	CNV0_02412	0	prespecified_equal_weight_C_QK_no_anchor	0.48885590199508205
hla_supertype_heldout	super_01	CNV0_02413	0	prespecified_equal_weight_C_QK_no_anchor	0.2673356516207954
hla_supertype_heldout	super_01	CNV0_02414	0	prespecified_equal_weight_C_QK_no_anchor	0.3239265479751847
hla_supertype_heldout	super_01	CNV0_02415	0	prespecified_equal_weight_C_QK_no_anchor	0.43176038037382714
hla_supertype_heldout	super_01	CNV0_02416	0	prespecified_equal_weight_C_QK_no_anchor	0.34840022326202696
hla_supertype_heldout	super_01	CNV0_02418	0	prespecified_equal_weight_C_QK_no_anchor	0.3751534334187355
hla_supertype_heldout	super_01	CNV0_02419	0	prespecified_equal_weight_C_QK_no_anchor	0.39578241546204207
hla_supertype_heldout	super_01	CNV0_02421	0	prespecified_equal_weight_C_QK_no_anchor	0.369639432729763
hla_supertype_heldout	super_01	CNV0_02424	1	prespecified_equal_weight_C_QK_no_anchor	0.5370048623561495
hla_supertype_heldout	super_01	CNV0_02425	1	prespecified_equal_weight_C_QK_no_anchor	0.7203663715463888
hla_supertype_heldout	super_01	CNV0_02448	1	prespecified_equal_weight_C_QK_no_anchor	0.589021755068329
hla_supertype_heldout	super_01	CNV0_02452	1	prespecified_equal_weight_C_QK_no_anchor	0.4556237020698059
hla_supertype_heldout	super_01	CNV0_02458	0	prespecified_equal_weight_C_QK_no_anchor	0.540111305102958
hla_supertype_heldout	super_01	CNV0_02460	1	prespecified_equal_weight_C_QK_no_anchor	0.6271556452338642
hla_supertype_heldout	super_01	CNV0_02510	1	prespecified_equal_weight_C_QK_no_anchor	0.5225823807859697
hla_supertype_heldout	super_01	CNV0_02513	0	prespecified_equal_weight_C_QK_no_anchor	0.3997090009198712
hla_supertype_heldout	super_01	CNV0_02514	0	prespecified_equal_weight_C_QK_no_anchor	0.3926137339513056
hla_supertype_heldout	super_01	CNV0_02515	0	prespecified_equal_weight_C_QK_no_anchor	0.6131762004901933
hla_supertype_heldout	super_01	CNV0_02517	0	prespecified_equal_weight_C_QK_no_anchor	0.5030768143206371
hla_supertype_heldout	super_01	CNV0_02518	0	prespecified_equal_weight_C_QK_no_anchor	0.36212193743394466
hla_supertype_heldout	super_01	CNV0_02536	0	prespecified_equal_weight_C_QK_no_anchor	0.21006263710288578
hla_supertype_heldout	super_01	CNV0_02537	0	prespecified_equal_weight_C_QK_no_anchor	0.4080759444892151
hla_supertype_heldout	super_01	CNV0_02538	0	prespecified_equal_weight_C_QK_no_anchor	0.5651366024855466
hla_supertype_heldout	super_01	CNV0_02556	0	prespecified_equal_weight_C_QK_no_anchor	0.34772653863027125
hla_supertype_heldout	super_01	CNV0_02557	0	prespecified_equal_weight_C_QK_no_anchor	0.5742247294065601
hla_supertype_heldout	super_01	CNV0_02559	0	prespecified_equal_weight_C_QK_no_anchor	0.5797202199995879
hla_supertype_heldout	super_01	CNV0_02561	0	prespecified_equal_weight_C_QK_no_anchor	0.40025703339692875
hla_supertype_heldout	super_01	CNV0_02565	0	prespecified_equal_weight_C_QK_no_anchor	0.5920723260318361
hla_supertype_heldout	super_01	CNV0_02708	1	prespecified_equal_weight_C_QK_no_anchor	0.3420748203781734
hla_supertype_heldout	super_01	CNV0_02709	1	prespecified_equal_weight_C_QK_no_anchor	0.2940769163002865
hla_supertype_heldout	super_01	CNV0_02710	1	prespecified_equal_weight_C_QK_no_anchor	0.4493120541978861
hla_supertype_heldout	super_01	CNV0_02405	1	prespecified_C_0.5_QK_quantum_0.5	0.54513475276354
hla_supertype_heldout	super_01	CNV0_02411	0	prespecified_C_0.5_QK_quantum_0.5	0.46977612972331706
hla_supertype_heldout	super_01	CNV0_02412	0	prespecified_C_0.5_QK_quantum_0.5	0.5514007820796527
hla_supertype_heldout	super_01	CNV0_02413	0	prespecified_C_0.5_QK_quantum_0.5	0.502368711890878
hla_supertype_heldout	super_01	CNV0_02414	0	prespecified_C_0.5_QK_quantum_0.5	0.48942145076824767
hla_supertype_heldout	super_01	CNV0_02415	0	prespecified_C_0.5_QK_quantum_0.5	0.30252776985252927
hla_supertype_heldout	super_01	CNV0_02416	0	prespecified_C_0.5_QK_quantum_0.5	0.3264307716755003
hla_supertype_heldout	super_01	CNV0_02418	0	prespecified_C_0.5_QK_quantum_0.5	0.5007060091717893
hla_supertype_heldout	super_01	CNV0_02419	0	prespecified_C_0.5_QK_quantum_0.5	0.35072256331826196
hla_supertype_heldout	super_01	CNV0_02421	0	prespecified_C_0.5_QK_quantum_0.5	0.40618998918835425
hla_supertype_heldout	super_01	CNV0_02424	1	prespecified_C_0.5_QK_quantum_0.5	0.4778082217606914
hla_supertype_heldout	super_01	CNV0_02425	1	prespecified_C_0.5_QK_quantum_0.5	0.7158292806628037
hla_supertype_heldout	super_01	CNV0_02448	1	prespecified_C_0.5_QK_quantum_0.5	0.6612106759132578
hla_supertype_heldout	super_01	CNV0_02452	1	prespecified_C_0.5_QK_quantum_0.5	0.6703755568393557
hla_supertype_heldout	super_01	CNV0_02458	0	prespecified_C_0.5_QK_quantum_0.5	0.5629164987601782
hla_supertype_heldout	super_01	CNV0_02460	1	prespecified_C_0.5_QK_quantum_0.5	0.372559313796229
hla_supertype_heldout	super_01	CNV0_02510	1	prespecified_C_0.5_QK_quantum_0.5	0.3501231537785039
hla_supertype_heldout	super_01	CNV0_02513	0	prespecified_C_0.5_QK_quantum_0.5	0.31504683698172264
hla_supertype_heldout	super_01	CNV0_02514	0	prespecified_C_0.5_QK_quantum_0.5	0.4212483476247534
hla_supertype_heldout	super_01	CNV0_02515	0	prespecified_C_0.5_QK_quantum_0.5	0.5636746252986131
hla_supertype_heldout	super_01	CNV0_02517	0	prespecified_C_0.5_QK_quantum_0.5	0.41644334411994854
hla_supertype_heldout	super_01	CNV0_02518	0	prespecified_C_0.5_QK_quantum_0.5	0.3459176820486464
hla_supertype_heldout	super_01	CNV0_02536	0	prespecified_C_0.5_QK_quantum_0.5	0.5236726328600805
hla_supertype_heldout	super_01	CNV0_02537	0	prespecified_C_0.5_QK_quantum_0.5	0.500946840451801
hla_supertype_heldout	super_01	CNV0_02538	0	prespecified_C_0.5_QK_quantum_0.5	0.38906961818527264
hla_supertype_heldout	super_01	CNV0_02556	0	prespecified_C_0.5_QK_quantum_0.5	0.4192553615289083
hla_supertype_heldout	super_01	CNV0_02557	0	prespecified_C_0.5_QK_quantum_0.5	0.6070146416139695
hla_supertype_heldout	super_01	CNV0_02559	0	prespecified_C_0.5_QK_quantum_0.5	0.3254256174680243
hla_supertype_heldout	super_01	CNV0_02561	0	prespecified_C_0.5_QK_quantum_0.5	0.19908953549745625
hla_supertype_heldout	super_01	CNV0_02565	0	prespecified_C_0.5_QK_quantum_0.5	0.44922018776252504
hla_supertype_heldout	super_01	CNV0_02708	1	prespecified_C_0.5_QK_quantum_0.5	0.4109060416085515
hla_supertype_heldout	super_01	CNV0_02709	1	prespecified_C_0.5_QK_quantum_0.5	0.3869680679488667
hla_supertype_heldout	super_01	CNV0_02710	1	prespecified_C_0.5_QK_quantum_0.5	0.33672518336590407
hla_supertype_heldout	super_01	CNV0_02405	1	nested_learned_gate_C_QK_structure	0.46433138203509094
hla_supertype_heldout	super_01	CNV0_02411	0	nested_learned_gate_C_QK_structure	0.33014828737929397
hla_supertype_heldout	super_01	CNV0_02412	0	nested_learned_gate_C_QK_structure	0.44487916715675646
hla_supertype_heldout	super_01	CNV0_02413	0	nested_learned_gate_C_QK_structure	0.2753633512104051
hla_supertype_heldout	super_01	CNV0_02414	0	nested_learned_gate_C_QK_structure	0.30265174422388386
hla_supertype_heldout	super_01	CNV0_02415	0	nested_learned_gate_C_QK_structure	0.39130302968188935
hla_supertype_heldout	super_01	CNV0_02416	0	nested_learned_gate_C_QK_structure	0.35050302142785017
hla_supertype_heldout	super_01	CNV0_02418	0	nested_learned_gate_C_QK_structure	0.350284237116078
hla_supertype_heldout	super_01	CNV0_02419	0	nested_learned_gate_C_QK_structure	0.409523682213595
hla_supertype_heldout	super_01	CNV0_02421	0	nested_learned_gate_C_QK_structure	0.38653544320713407
hla_supertype_heldout	super_01	CNV0_02424	1	nested_learned_gate_C_QK_structure	0.5221003479657658
hla_supertype_heldout	super_01	CNV0_02425	1	nested_learned_gate_C_QK_structure	0.677985361573202
hla_supertype_heldout	super_01	CNV0_02448	1	nested_learned_gate_C_QK_structure	0.537288874952945
hla_supertype_heldout	super_01	CNV0_02452	1	nested_learned_gate_C_QK_structure	0.47294714186819486
hla_supertype_heldout	super_01	CNV0_02458	0	nested_learned_gate_C_QK_structure	0.5443223320979624
hla_supertype_heldout	super_01	CNV0_02460	1	nested_learned_gate_C_QK_structure	0.6122289031822905
hla_supertype_heldout	super_01	CNV0_02510	1	nested_learned_gate_C_QK_structure	0.48899692756539037
hla_supertype_heldout	super_01	CNV0_02513	0	nested_learned_gate_C_QK_structure	0.43707225444399767
hla_supertype_heldout	super_01	CNV0_02514	0	nested_learned_gate_C_QK_structure	0.39362628332924865
hla_supertype_heldout	super_01	CNV0_02515	0	nested_learned_gate_C_QK_structure	0.5702830787633004
hla_supertype_heldout	super_01	CNV0_02517	0	nested_learned_gate_C_QK_structure	0.440389717958181
hla_supertype_heldout	super_01	CNV0_02518	0	nested_learned_gate_C_QK_structure	0.4034340430598366
hla_supertype_heldout	super_01	CNV0_02536	0	nested_learned_gate_C_QK_structure	0.24252987629495554
hla_supertype_heldout	super_01	CNV0_02537	0	nested_learned_gate_C_QK_structure	0.36807687540441875
hla_supertype_heldout	super_01	CNV0_02538	0	nested_learned_gate_C_QK_structure	0.49231569936946673
hla_supertype_heldout	super_01	CNV0_02556	0	nested_learned_gate_C_QK_structure	0.3446172410194947
hla_supertype_heldout	super_01	CNV0_02557	0	nested_learned_gate_C_QK_structure	0.5355854893671753
hla_supertype_heldout	super_01	CNV0_02559	0	nested_learned_gate_C_QK_structure	0.5315775264667719
hla_supertype_heldout	super_01	CNV0_02561	0	nested_learned_gate_C_QK_structure	0.36533072064213323
hla_supertype_heldout	super_01	CNV0_02565	0	nested_learned_gate_C_QK_structure	0.5499455784224901
hla_supertype_heldout	super_01	CNV0_02708	1	nested_learned_gate_C_QK_structure	0.33206602135765806
hla_supertype_heldout	super_01	CNV0_02709	1	nested_learned_gate_C_QK_structure	0.33138515280758546
hla_supertype_heldout	super_01	CNV0_02710	1	nested_learned_gate_C_QK_structure	0.43010869415849995
hla_supertype_heldout	super_01	CNV0_02405	1	stacked_calibrated_meta_model_lowdim_only	0.809317308437237
hla_supertype_heldout	super_01	CNV0_02411	0	stacked_calibrated_meta_model_lowdim_only	0.8081368472033416
hla_supertype_heldout	super_01	CNV0_02412	0	stacked_calibrated_meta_model_lowdim_only	0.8037608322833627
hla_supertype_heldout	super_01	CNV0_02413	0	stacked_calibrated_meta_model_lowdim_only	0.7940338256594097
hla_supertype_heldout	super_01	CNV0_02414	0	stacked_calibrated_meta_model_lowdim_only	0.7964366166256875
hla_supertype_heldout	super_01	CNV0_02415	0	stacked_calibrated_meta_model_lowdim_only	0.8405744518180045
hla_supertype_heldout	super_01	CNV0_02416	0	stacked_calibrated_meta_model_lowdim_only	0.8425841420651018
hla_supertype_heldout	super_01	CNV0_02418	0	stacked_calibrated_meta_model_lowdim_only	0.8013007985159606
hla_supertype_heldout	super_01	CNV0_02419	0	stacked_calibrated_meta_model_lowdim_only	0.8424995717949058
hla_supertype_heldout	super_01	CNV0_02421	0	stacked_calibrated_meta_model_lowdim_only	0.8337092117571223
hla_supertype_heldout	super_01	CNV0_02424	1	stacked_calibrated_meta_model_lowdim_only	0.830490803395154
hla_supertype_heldout	super_01	CNV0_02425	1	stacked_calibrated_meta_model_lowdim_only	0.8026323927282256
hla_supertype_heldout	super_01	CNV0_02448	1	stacked_calibrated_meta_model_lowdim_only	0.7903755292251664
hla_supertype_heldout	super_01	CNV0_02452	1	stacked_calibrated_meta_model_lowdim_only	0.7843336439202233
hla_supertype_heldout	super_01	CNV0_02458	0	stacked_calibrated_meta_model_lowdim_only	0.8200743150998377
hla_supertype_heldout	super_01	CNV0_02460	1	stacked_calibrated_meta_model_lowdim_only	0.9098283885281582
hla_supertype_heldout	super_01	CNV0_02510	1	stacked_calibrated_meta_model_lowdim_only	0.8435786967719107
hla_supertype_heldout	super_01	CNV0_02513	0	stacked_calibrated_meta_model_lowdim_only	0.8486359349346293
hla_supertype_heldout	super_01	CNV0_02514	0	stacked_calibrated_meta_model_lowdim_only	0.8948114523709262
hla_supertype_heldout	super_01	CNV0_02515	0	stacked_calibrated_meta_model_lowdim_only	0.8163815101955835
hla_supertype_heldout	super_01	CNV0_02517	0	stacked_calibrated_meta_model_lowdim_only	0.8244984555205496
hla_supertype_heldout	super_01	CNV0_02518	0	stacked_calibrated_meta_model_lowdim_only	0.6714508623860898
hla_supertype_heldout	super_01	CNV0_02536	0	stacked_calibrated_meta_model_lowdim_only	0.7853124737319539
hla_supertype_heldout	super_01	CNV0_02537	0	stacked_calibrated_meta_model_lowdim_only	0.8044666428476502
hla_supertype_heldout	super_01	CNV0_02538	0	stacked_calibrated_meta_model_lowdim_only	0.8310036739320213
hla_supertype_heldout	super_01	CNV0_02556	0	stacked_calibrated_meta_model_lowdim_only	0.8882367892378406
hla_supertype_heldout	super_01	CNV0_02557	0	stacked_calibrated_meta_model_lowdim_only	0.8064399503163416
hla_supertype_heldout	super_01	CNV0_02559	0	stacked_calibrated_meta_model_lowdim_only	0.8461118403695225
hla_supertype_heldout	super_01	CNV0_02561	0	stacked_calibrated_meta_model_lowdim_only	0.8561274397908929
hla_supertype_heldout	super_01	CNV0_02565	0	stacked_calibrated_meta_model_lowdim_only	0.8304283630824119
hla_supertype_heldout	super_01	CNV0_02708	1	stacked_calibrated_meta_model_lowdim_only	0.8210018162231401
hla_supertype_heldout	super_01	CNV0_02709	1	stacked_calibrated_meta_model_lowdim_only	0.8315477354995063
hla_supertype_heldout	super_01	CNV0_02710	1	stacked_calibrated_meta_model_lowdim_only	0.8447293552442601
hla_supertype_heldout	super_01	CNV0_02405	1	rule_gated_C_QK_structure	0.4836497152502323
hla_supertype_heldout	super_01	CNV0_02411	0	rule_gated_C_QK_structure	0.3522866827755034
hla_supertype_heldout	super_01	CNV0_02412	0	rule_gated_C_QK_structure	0.4828020644274179
hla_supertype_heldout	super_01	CNV0_02413	0	rule_gated_C_QK_structure	0.3080839951277729
hla_supertype_heldout	super_01	CNV0_02414	0	rule_gated_C_QK_structure	0.35001843377436725
hla_supertype_heldout	super_01	CNV0_02415	0	rule_gated_C_QK_structure	0.39751695023785516
hla_supertype_heldout	super_01	CNV0_02416	0	rule_gated_C_QK_structure	0.3379080164974988
hla_supertype_heldout	super_01	CNV0_02418	0	rule_gated_C_QK_structure	0.3896207880781189
hla_supertype_heldout	super_01	CNV0_02419	0	rule_gated_C_QK_structure	0.3834461252172435
hla_supertype_heldout	super_01	CNV0_02421	0	rule_gated_C_QK_structure	0.3695781085656625
hla_supertype_heldout	super_01	CNV0_02424	1	rule_gated_C_QK_structure	0.5131029914386319
hla_supertype_heldout	super_01	CNV0_02425	1	rule_gated_C_QK_structure	0.6945057176678451
hla_supertype_heldout	super_01	CNV0_02448	1	rule_gated_C_QK_structure	0.583929900678226
hla_supertype_heldout	super_01	CNV0_02452	1	rule_gated_C_QK_structure	0.4922551433257397
hla_supertype_heldout	super_01	CNV0_02458	0	rule_gated_C_QK_structure	0.5358965756587721
hla_supertype_heldout	super_01	CNV0_02460	1	rule_gated_C_QK_structure	0.5677194444298009
hla_supertype_heldout	super_01	CNV0_02510	1	rule_gated_C_QK_structure	0.47694040766199786
hla_supertype_heldout	super_01	CNV0_02513	0	rule_gated_C_QK_structure	0.3834352335875503
hla_supertype_heldout	super_01	CNV0_02514	0	rule_gated_C_QK_structure	0.3928645951706277
hla_supertype_heldout	super_01	CNV0_02515	0	rule_gated_C_QK_structure	0.5853986828053784
hla_supertype_heldout	super_01	CNV0_02517	0	rule_gated_C_QK_structure	0.4688502917340604
hla_supertype_heldout	super_01	CNV0_02518	0	rule_gated_C_QK_structure	0.3473410756932413
hla_supertype_heldout	super_01	CNV0_02536	0	rule_gated_C_QK_structure	0.2758631012255656
hla_supertype_heldout	super_01	CNV0_02537	0	rule_gated_C_QK_structure	0.4087457031519108
hla_supertype_heldout	super_01	CNV0_02538	0	rule_gated_C_QK_structure	0.5122440353201217
hla_supertype_heldout	super_01	CNV0_02556	0	rule_gated_C_QK_structure	0.3615979778354957
hla_supertype_heldout	super_01	CNV0_02557	0	rule_gated_C_QK_structure	0.5591135122996636
hla_supertype_heldout	super_01	CNV0_02559	0	rule_gated_C_QK_structure	0.5207110716193174
hla_supertype_heldout	super_01	CNV0_02561	0	rule_gated_C_QK_structure	0.34739661502232844
hla_supertype_heldout	super_01	CNV0_02565	0	rule_gated_C_QK_structure	0.5545693723012751
hla_supertype_heldout	super_01	CNV0_02708	1	rule_gated_C_QK_structure	0.3510885909215454
hla_supertype_heldout	super_01	CNV0_02709	1	rule_gated_C_QK_structure	0.3099254566484257
hla_supertype_heldout	super_01	CNV0_02710	1	rule_gated_C_QK_structure	0.4152668246387447
hla_supertype_heldout	super_02	CNV0_02398	1	prespecified_equal_weight_C_QK_no_anchor	0.4872804896599444
hla_supertype_heldout	super_02	CNV0_02550	0	prespecified_equal_weight_C_QK_no_anchor	0.3840275006956989
hla_supertype_heldout	super_02	CNV0_02551	0	prespecified_equal_weight_C_QK_no_anchor	0.33137441909490273
hla_supertype_heldout	super_02	CNV0_02562	0	prespecified_equal_weight_C_QK_no_anchor	0.29731426059142174
hla_supertype_heldout	super_02	CNV0_02567	0	prespecified_equal_weight_C_QK_no_anchor	0.4202931958555244
hla_supertype_heldout	super_02	CNV0_02568	0	prespecified_equal_weight_C_QK_no_anchor	0.42625904745773774
hla_supertype_heldout	super_02	CNV0_02569	0	prespecified_equal_weight_C_QK_no_anchor	0.19009586719972144
hla_supertype_heldout	super_02	CNV0_02570	0	prespecified_equal_weight_C_QK_no_anchor	0.31634166634243155
hla_supertype_heldout	super_02	CNV0_02571	0	prespecified_equal_weight_C_QK_no_anchor	0.32729438574915065
hla_supertype_heldout	super_02	CNV0_02572	0	prespecified_equal_weight_C_QK_no_anchor	0.4819461801414988
hla_supertype_heldout	super_02	CNV0_02573	0	prespecified_equal_weight_C_QK_no_anchor	0.3937431615278737
hla_supertype_heldout	super_02	CNV0_02574	0	prespecified_equal_weight_C_QK_no_anchor	0.39967593121645806
hla_supertype_heldout	super_02	CNV0_02575	0	prespecified_equal_weight_C_QK_no_anchor	0.5125301244879646
hla_supertype_heldout	super_02	CNV0_02577	0	prespecified_equal_weight_C_QK_no_anchor	0.3521234625017069
hla_supertype_heldout	super_02	CNV0_02578	0	prespecified_equal_weight_C_QK_no_anchor	0.34234392878326125
hla_supertype_heldout	super_02	CNV0_02398	1	prespecified_C_0.5_QK_quantum_0.5	0.4183236484617361
hla_supertype_heldout	super_02	CNV0_02550	0	prespecified_C_0.5_QK_quantum_0.5	0.6065064178081965
hla_supertype_heldout	super_02	CNV0_02551	0	prespecified_C_0.5_QK_quantum_0.5	0.5074181972813424
hla_supertype_heldout	super_02	CNV0_02562	0	prespecified_C_0.5_QK_quantum_0.5	0.3576290822536691
hla_supertype_heldout	super_02	CNV0_02567	0	prespecified_C_0.5_QK_quantum_0.5	0.32044562648957187
hla_supertype_heldout	super_02	CNV0_02568	0	prespecified_C_0.5_QK_quantum_0.5	0.4536648972948872
hla_supertype_heldout	super_02	CNV0_02569	0	prespecified_C_0.5_QK_quantum_0.5	0.19132160771019907
hla_supertype_heldout	super_02	CNV0_02570	0	prespecified_C_0.5_QK_quantum_0.5	0.5477300594377318
hla_supertype_heldout	super_02	CNV0_02571	0	prespecified_C_0.5_QK_quantum_0.5	0.4396618484004899
hla_supertype_heldout	super_02	CNV0_02572	0	prespecified_C_0.5_QK_quantum_0.5	0.6716569697342425
hla_supertype_heldout	super_02	CNV0_02573	0	prespecified_C_0.5_QK_quantum_0.5	0.4073309449537883
hla_supertype_heldout	super_02	CNV0_02574	0	prespecified_C_0.5_QK_quantum_0.5	0.36382175036451225
hla_supertype_heldout	super_02	CNV0_02575	0	prespecified_C_0.5_QK_quantum_0.5	0.49488950363034373
hla_supertype_heldout	super_02	CNV0_02577	0	prespecified_C_0.5_QK_quantum_0.5	0.24933653341310594
hla_supertype_heldout	super_02	CNV0_02578	0	prespecified_C_0.5_QK_quantum_0.5	0.41609723194038817
hla_supertype_heldout	super_02	CNV0_02398	1	nested_learned_gate_C_QK_structure	0.4632504853034995
hla_supertype_heldout	super_02	CNV0_02550	0	nested_learned_gate_C_QK_structure	0.3781449555162049
hla_supertype_heldout	super_02	CNV0_02551	0	nested_learned_gate_C_QK_structure	0.36257087853736747
hla_supertype_heldout	super_02	CNV0_02562	0	nested_learned_gate_C_QK_structure	0.2771128481303414
hla_supertype_heldout	super_02	CNV0_02567	0	nested_learned_gate_C_QK_structure	0.3664485492586608
hla_supertype_heldout	super_02	CNV0_02568	0	nested_learned_gate_C_QK_structure	0.4401717989787257
hla_supertype_heldout	super_02	CNV0_02569	0	nested_learned_gate_C_QK_structure	0.20927069114035166
hla_supertype_heldout	super_02	CNV0_02570	0	nested_learned_gate_C_QK_structure	0.29920331084281016
hla_supertype_heldout	super_02	CNV0_02571	0	nested_learned_gate_C_QK_structure	0.3125573322647067
hla_supertype_heldout	super_02	CNV0_02572	0	nested_learned_gate_C_QK_structure	0.4885064108549956
hla_supertype_heldout	super_02	CNV0_02573	0	nested_learned_gate_C_QK_structure	0.3887724913217132
hla_supertype_heldout	super_02	CNV0_02574	0	nested_learned_gate_C_QK_structure	0.3636554808417992
hla_supertype_heldout	super_02	CNV0_02575	0	nested_learned_gate_C_QK_structure	0.43153746217825284
hla_supertype_heldout	super_02	CNV0_02577	0	nested_learned_gate_C_QK_structure	0.35711413989893426
hla_supertype_heldout	super_02	CNV0_02578	0	nested_learned_gate_C_QK_structure	0.34267168468672693
hla_supertype_heldout	super_02	CNV0_02398	1	stacked_calibrated_meta_model_lowdim_only	0.8265309789432331
hla_supertype_heldout	super_02	CNV0_02550	0	stacked_calibrated_meta_model_lowdim_only	0.8840584519817565
hla_supertype_heldout	super_02	CNV0_02551	0	stacked_calibrated_meta_model_lowdim_only	0.8697591686419216
hla_supertype_heldout	super_02	CNV0_02562	0	stacked_calibrated_meta_model_lowdim_only	0.8494014853745396
hla_supertype_heldout	super_02	CNV0_02567	0	stacked_calibrated_meta_model_lowdim_only	0.8214583567805325
hla_supertype_heldout	super_02	CNV0_02568	0	stacked_calibrated_meta_model_lowdim_only	0.8161557173024828
hla_supertype_heldout	super_02	CNV0_02569	0	stacked_calibrated_meta_model_lowdim_only	0.7700027164915043
hla_supertype_heldout	super_02	CNV0_02570	0	stacked_calibrated_meta_model_lowdim_only	0.8224848574284276
hla_supertype_heldout	super_02	CNV0_02571	0	stacked_calibrated_meta_model_lowdim_only	0.8172197850261329
hla_supertype_heldout	super_02	CNV0_02572	0	stacked_calibrated_meta_model_lowdim_only	0.8522613639845329
hla_supertype_heldout	super_02	CNV0_02573	0	stacked_calibrated_meta_model_lowdim_only	0.8108371044354035
hla_supertype_heldout	super_02	CNV0_02574	0	stacked_calibrated_meta_model_lowdim_only	0.8198573495162411
hla_supertype_heldout	super_02	CNV0_02575	0	stacked_calibrated_meta_model_lowdim_only	0.845287819488858
hla_supertype_heldout	super_02	CNV0_02577	0	stacked_calibrated_meta_model_lowdim_only	0.7954628583479352
hla_supertype_heldout	super_02	CNV0_02578	0	stacked_calibrated_meta_model_lowdim_only	0.8032109986713157
hla_supertype_heldout	super_02	CNV0_02398	1	rule_gated_C_QK_structure	0.46521056342301814
hla_supertype_heldout	super_02	CNV0_02550	0	rule_gated_C_QK_structure	0.42045551000948816
hla_supertype_heldout	super_02	CNV0_02551	0	rule_gated_C_QK_structure	0.36505954174469085
hla_supertype_heldout	super_02	CNV0_02562	0	rule_gated_C_QK_structure	0.30856649127791447
hla_supertype_heldout	super_02	CNV0_02567	0	rule_gated_C_QK_structure	0.38750584912507086
hla_supertype_heldout	super_02	CNV0_02568	0	rule_gated_C_QK_structure	0.43026384715494276
hla_supertype_heldout	super_02	CNV0_02569	0	rule_gated_C_QK_structure	0.19481291757368413
hla_supertype_heldout	super_02	CNV0_02570	0	rule_gated_C_QK_structure	0.3576223214927093
hla_supertype_heldout	super_02	CNV0_02571	0	rule_gated_C_QK_structure	0.3420780025420803
hla_supertype_heldout	super_02	CNV0_02572	0	rule_gated_C_QK_structure	0.5102074198928495
hla_supertype_heldout	super_02	CNV0_02573	0	rule_gated_C_QK_structure	0.39217939066508545
hla_supertype_heldout	super_02	CNV0_02574	0	rule_gated_C_QK_structure	0.3806387610802328
hla_supertype_heldout	super_02	CNV0_02575	0	rule_gated_C_QK_structure	0.48829704461556644
hla_supertype_heldout	super_02	CNV0_02577	0	rule_gated_C_QK_structure	0.33288185094290224
hla_supertype_heldout	super_02	CNV0_02578	0	rule_gated_C_QK_structure	0.3574299498443521
hla_supertype_heldout	super_09	CNV0_02396	1	prespecified_equal_weight_C_QK_no_anchor	0.32105390650131815
hla_supertype_heldout	super_09	CNV0_02453	0	prespecified_equal_weight_C_QK_no_anchor	0.4231698804949583
hla_supertype_heldout	super_09	CNV0_02545	1	prespecified_equal_weight_C_QK_no_anchor	0.4407172915171146
hla_supertype_heldout	super_09	CNV0_02579	0	prespecified_equal_weight_C_QK_no_anchor	0.22634292323474936
hla_supertype_heldout	super_09	CNV0_02580	0	prespecified_equal_weight_C_QK_no_anchor	0.5298017996521369
hla_supertype_heldout	super_09	CNV0_02581	0	prespecified_equal_weight_C_QK_no_anchor	0.333559811800249
hla_supertype_heldout	super_09	CNV0_02582	0	prespecified_equal_weight_C_QK_no_anchor	0.525516867092058
hla_supertype_heldout	super_09	CNV0_02583	0	prespecified_equal_weight_C_QK_no_anchor	0.39677392803837597
hla_supertype_heldout	super_09	CNV0_02584	0	prespecified_equal_weight_C_QK_no_anchor	0.3796288432244215
hla_supertype_heldout	super_09	CNV0_02585	0	prespecified_equal_weight_C_QK_no_anchor	0.24975753311325258
hla_supertype_heldout	super_09	CNV0_02586	0	prespecified_equal_weight_C_QK_no_anchor	0.3107202992211613
hla_supertype_heldout	super_09	CNV0_02587	0	prespecified_equal_weight_C_QK_no_anchor	0.36734863130360396
hla_supertype_heldout	super_09	CNV0_02588	0	prespecified_equal_weight_C_QK_no_anchor	0.28846872608853014
hla_supertype_heldout	super_09	CNV0_02589	0	prespecified_equal_weight_C_QK_no_anchor	0.4748791910512591
hla_supertype_heldout	super_09	CNV0_02590	0	prespecified_equal_weight_C_QK_no_anchor	0.3585153951150608
hla_supertype_heldout	super_09	CNV0_02591	0	prespecified_equal_weight_C_QK_no_anchor	0.3450117345560769
hla_supertype_heldout	super_09	CNV0_02592	0	prespecified_equal_weight_C_QK_no_anchor	0.307663903922884
hla_supertype_heldout	super_09	CNV0_02593	0	prespecified_equal_weight_C_QK_no_anchor	0.44298235550733256
hla_supertype_heldout	super_09	CNV0_02594	0	prespecified_equal_weight_C_QK_no_anchor	0.226363051318965
hla_supertype_heldout	super_09	CNV0_02396	1	prespecified_C_0.5_QK_quantum_0.5	0.5111026289518653
hla_supertype_heldout	super_09	CNV0_02453	0	prespecified_C_0.5_QK_quantum_0.5	0.5302341464519096
hla_supertype_heldout	super_09	CNV0_02545	1	prespecified_C_0.5_QK_quantum_0.5	0.49102680964545087
hla_supertype_heldout	super_09	CNV0_02579	0	prespecified_C_0.5_QK_quantum_0.5	0.1599768516247626
hla_supertype_heldout	super_09	CNV0_02580	0	prespecified_C_0.5_QK_quantum_0.5	0.5572804719573026
hla_supertype_heldout	super_09	CNV0_02581	0	prespecified_C_0.5_QK_quantum_0.5	0.2716356368649021
hla_supertype_heldout	super_09	CNV0_02582	0	prespecified_C_0.5_QK_quantum_0.5	0.31940246397012917
hla_supertype_heldout	super_09	CNV0_02583	0	prespecified_C_0.5_QK_quantum_0.5	0.3137524105180798
hla_supertype_heldout	super_09	CNV0_02584	0	prespecified_C_0.5_QK_quantum_0.5	0.2513277957897126
hla_supertype_heldout	super_09	CNV0_02585	0	prespecified_C_0.5_QK_quantum_0.5	0.3869530775829441
hla_supertype_heldout	super_09	CNV0_02586	0	prespecified_C_0.5_QK_quantum_0.5	0.46044876604343676
hla_supertype_heldout	super_09	CNV0_02587	0	prespecified_C_0.5_QK_quantum_0.5	0.3906676737437922
hla_supertype_heldout	super_09	CNV0_02588	0	prespecified_C_0.5_QK_quantum_0.5	0.33641315696157414
hla_supertype_heldout	super_09	CNV0_02589	0	prespecified_C_0.5_QK_quantum_0.5	0.39596205272281776
hla_supertype_heldout	super_09	CNV0_02590	0	prespecified_C_0.5_QK_quantum_0.5	0.3037537127207376
hla_supertype_heldout	super_09	CNV0_02591	0	prespecified_C_0.5_QK_quantum_0.5	0.3266260837094177
hla_supertype_heldout	super_09	CNV0_02592	0	prespecified_C_0.5_QK_quantum_0.5	0.34262138734363334
hla_supertype_heldout	super_09	CNV0_02593	0	prespecified_C_0.5_QK_quantum_0.5	0.4598494993585389
hla_supertype_heldout	super_09	CNV0_02594	0	prespecified_C_0.5_QK_quantum_0.5	0.27151762615458475
hla_supertype_heldout	super_09	CNV0_02396	1	nested_learned_gate_C_QK_structure	0.5111026289518653
hla_supertype_heldout	super_09	CNV0_02453	0	nested_learned_gate_C_QK_structure	0.5302341464519096
hla_supertype_heldout	super_09	CNV0_02545	1	nested_learned_gate_C_QK_structure	0.49102680964545087
hla_supertype_heldout	super_09	CNV0_02579	0	nested_learned_gate_C_QK_structure	0.1599768516247626
hla_supertype_heldout	super_09	CNV0_02580	0	nested_learned_gate_C_QK_structure	0.5572804719573026
hla_supertype_heldout	super_09	CNV0_02581	0	nested_learned_gate_C_QK_structure	0.2716356368649021
hla_supertype_heldout	super_09	CNV0_02582	0	nested_learned_gate_C_QK_structure	0.31940246397012917
hla_supertype_heldout	super_09	CNV0_02583	0	nested_learned_gate_C_QK_structure	0.3137524105180798
hla_supertype_heldout	super_09	CNV0_02584	0	nested_learned_gate_C_QK_structure	0.2513277957897126
hla_supertype_heldout	super_09	CNV0_02585	0	nested_learned_gate_C_QK_structure	0.3869530775829441
hla_supertype_heldout	super_09	CNV0_02586	0	nested_learned_gate_C_QK_structure	0.46044876604343676
hla_supertype_heldout	super_09	CNV0_02587	0	nested_learned_gate_C_QK_structure	0.3906676737437922
hla_supertype_heldout	super_09	CNV0_02588	0	nested_learned_gate_C_QK_structure	0.33641315696157414
hla_supertype_heldout	super_09	CNV0_02589	0	nested_learned_gate_C_QK_structure	0.39596205272281776
hla_supertype_heldout	super_09	CNV0_02590	0	nested_learned_gate_C_QK_structure	0.3037537127207376
hla_supertype_heldout	super_09	CNV0_02591	0	nested_learned_gate_C_QK_structure	0.3266260837094177
hla_supertype_heldout	super_09	CNV0_02592	0	nested_learned_gate_C_QK_structure	0.34262138734363334
hla_supertype_heldout	super_09	CNV0_02593	0	nested_learned_gate_C_QK_structure	0.4598494993585389
hla_supertype_heldout	super_09	CNV0_02594	0	nested_learned_gate_C_QK_structure	0.27151762615458475
hla_supertype_heldout	super_09	CNV0_02396	1	stacked_calibrated_meta_model_lowdim_only	0.6920375615083706
hla_supertype_heldout	super_09	CNV0_02453	0	stacked_calibrated_meta_model_lowdim_only	0.7303056671258985
hla_supertype_heldout	super_09	CNV0_02545	1	stacked_calibrated_meta_model_lowdim_only	0.6935777784899445
hla_supertype_heldout	super_09	CNV0_02579	0	stacked_calibrated_meta_model_lowdim_only	0.6368801886084143
hla_supertype_heldout	super_09	CNV0_02580	0	stacked_calibrated_meta_model_lowdim_only	0.7198398545849601
hla_supertype_heldout	super_09	CNV0_02581	0	stacked_calibrated_meta_model_lowdim_only	0.6448920544695882
hla_supertype_heldout	super_09	CNV0_02582	0	stacked_calibrated_meta_model_lowdim_only	0.6863395087557587
hla_supertype_heldout	super_09	CNV0_02583	0	stacked_calibrated_meta_model_lowdim_only	0.6672243638765396
hla_supertype_heldout	super_09	CNV0_02584	0	stacked_calibrated_meta_model_lowdim_only	0.6612770675334309
hla_supertype_heldout	super_09	CNV0_02585	0	stacked_calibrated_meta_model_lowdim_only	0.6649355656467216
hla_supertype_heldout	super_09	CNV0_02586	0	stacked_calibrated_meta_model_lowdim_only	0.6780970822706998
hla_supertype_heldout	super_09	CNV0_02587	0	stacked_calibrated_meta_model_lowdim_only	0.6702183541317417
hla_supertype_heldout	super_09	CNV0_02588	0	stacked_calibrated_meta_model_lowdim_only	0.652435822666626
hla_supertype_heldout	super_09	CNV0_02589	0	stacked_calibrated_meta_model_lowdim_only	0.6881604285834759
hla_supertype_heldout	super_09	CNV0_02590	0	stacked_calibrated_meta_model_lowdim_only	0.6527487007381108
hla_supertype_heldout	super_09	CNV0_02591	0	stacked_calibrated_meta_model_lowdim_only	0.6623308530170737
hla_supertype_heldout	super_09	CNV0_02592	0	stacked_calibrated_meta_model_lowdim_only	0.6504302523009134
hla_supertype_heldout	super_09	CNV0_02593	0	stacked_calibrated_meta_model_lowdim_only	0.6881465305012546
hla_supertype_heldout	super_09	CNV0_02594	0	stacked_calibrated_meta_model_lowdim_only	0.6390720103595374
hla_supertype_heldout	super_09	CNV0_02396	1	rule_gated_C_QK_structure	0.3548415501424704
hla_supertype_heldout	super_09	CNV0_02453	0	rule_gated_C_QK_structure	0.43659080022594354
hla_supertype_heldout	super_09	CNV0_02545	1	rule_gated_C_QK_structure	0.44184835690337076
hla_supertype_heldout	super_09	CNV0_02579	0	rule_gated_C_QK_structure	0.2197753171853629
hla_supertype_heldout	super_09	CNV0_02580	0	rule_gated_C_QK_structure	0.5170156206606882
hla_supertype_heldout	super_09	CNV0_02581	0	rule_gated_C_QK_structure	0.3211877366610164
hla_supertype_heldout	super_09	CNV0_02582	0	rule_gated_C_QK_structure	0.4790746789473175
hla_supertype_heldout	super_09	CNV0_02583	0	rule_gated_C_QK_structure	0.37463857221422975
hla_supertype_heldout	super_09	CNV0_02584	0	rule_gated_C_QK_structure	0.35189291552444935
hla_supertype_heldout	super_09	CNV0_02585	0	rule_gated_C_QK_structure	0.2815086130972453
hla_supertype_heldout	super_09	CNV0_02586	0	rule_gated_C_QK_structure	0.3356258059751397
hla_supertype_heldout	super_09	CNV0_02587	0	rule_gated_C_QK_structure	0.36444178006525424
hla_supertype_heldout	super_09	CNV0_02588	0	rule_gated_C_QK_structure	0.3002404242729246
hla_supertype_heldout	super_09	CNV0_02589	0	rule_gated_C_QK_structure	0.4513910822814581
hla_supertype_heldout	super_09	CNV0_02590	0	rule_gated_C_QK_structure	0.3438097157163523
hla_supertype_heldout	super_09	CNV0_02591	0	rule_gated_C_QK_structure	0.33192180083353884
hla_supertype_heldout	super_09	CNV0_02592	0	rule_gated_C_QK_structure	0.3210438874375486
hla_supertype_heldout	super_09	CNV0_02593	0	rule_gated_C_QK_structure	0.4383597295464416
hla_supertype_heldout	super_09	CNV0_02594	0	rule_gated_C_QK_structure	0.24231642123072325
near_peptide_cluster_holdout	near_00	CNV0_02398	1	prespecified_equal_weight_C_QK_no_anchor	0.39259426290563104
near_peptide_cluster_holdout	near_00	CNV0_02442	1	prespecified_equal_weight_C_QK_no_anchor	0.6282748119869236
near_peptide_cluster_holdout	near_00	CNV0_02448	1	prespecified_equal_weight_C_QK_no_anchor	0.4136316594148036
near_peptide_cluster_holdout	near_00	CNV0_02479	1	prespecified_equal_weight_C_QK_no_anchor	0.4868518335249304
near_peptide_cluster_holdout	near_00	CNV0_02513	0	prespecified_equal_weight_C_QK_no_anchor	0.4023685576482501
near_peptide_cluster_holdout	near_00	CNV0_02518	0	prespecified_equal_weight_C_QK_no_anchor	0.5399401317084886
near_peptide_cluster_holdout	near_00	CNV0_02536	0	prespecified_equal_weight_C_QK_no_anchor	0.3324757180749186
near_peptide_cluster_holdout	near_00	CNV0_02544	0	prespecified_equal_weight_C_QK_no_anchor	0.42820051728031644
near_peptide_cluster_holdout	near_00	CNV0_02551	0	prespecified_equal_weight_C_QK_no_anchor	0.2437390219795373
near_peptide_cluster_holdout	near_00	CNV0_02555	0	prespecified_equal_weight_C_QK_no_anchor	0.6494287977624236
near_peptide_cluster_holdout	near_00	CNV0_02556	0	prespecified_equal_weight_C_QK_no_anchor	0.4595270951201959
near_peptide_cluster_holdout	near_00	CNV0_02562	0	prespecified_equal_weight_C_QK_no_anchor	0.2914502122983538
near_peptide_cluster_holdout	near_00	CNV0_02564	0	prespecified_equal_weight_C_QK_no_anchor	0.42509896730315616
near_peptide_cluster_holdout	near_00	CNV0_02579	0	prespecified_equal_weight_C_QK_no_anchor	0.20066797063750844
near_peptide_cluster_holdout	near_00	CNV0_02581	0	prespecified_equal_weight_C_QK_no_anchor	0.3124298142286132
near_peptide_cluster_holdout	near_00	CNV0_02584	0	prespecified_equal_weight_C_QK_no_anchor	0.29813502934833247
near_peptide_cluster_holdout	near_00	CNV0_02592	0	prespecified_equal_weight_C_QK_no_anchor	0.41574664337307826
near_peptide_cluster_holdout	near_00	CNV0_02594	0	prespecified_equal_weight_C_QK_no_anchor	0.34595729502142564
near_peptide_cluster_holdout	near_00	CNV0_02398	1	prespecified_C_0.5_QK_quantum_0.5	0.32911147158781046
near_peptide_cluster_holdout	near_00	CNV0_02442	1	prespecified_C_0.5_QK_quantum_0.5	0.5871869642229997
near_peptide_cluster_holdout	near_00	CNV0_02448	1	prespecified_C_0.5_QK_quantum_0.5	0.5642471753045333
near_peptide_cluster_holdout	near_00	CNV0_02479	1	prespecified_C_0.5_QK_quantum_0.5	0.3789156025442485
near_peptide_cluster_holdout	near_00	CNV0_02513	0	prespecified_C_0.5_QK_quantum_0.5	0.4192934084233109
near_peptide_cluster_holdout	near_00	CNV0_02518	0	prespecified_C_0.5_QK_quantum_0.5	0.5546741414472109
near_peptide_cluster_holdout	near_00	CNV0_02536	0	prespecified_C_0.5_QK_quantum_0.5	0.354438641907567
near_peptide_cluster_holdout	near_00	CNV0_02544	0	prespecified_C_0.5_QK_quantum_0.5	0.5753688320165639
near_peptide_cluster_holdout	near_00	CNV0_02551	0	prespecified_C_0.5_QK_quantum_0.5	0.4254126706714185
near_peptide_cluster_holdout	near_00	CNV0_02555	0	prespecified_C_0.5_QK_quantum_0.5	0.5250942831534728
near_peptide_cluster_holdout	near_00	CNV0_02556	0	prespecified_C_0.5_QK_quantum_0.5	0.42717964641630934
near_peptide_cluster_holdout	near_00	CNV0_02562	0	prespecified_C_0.5_QK_quantum_0.5	0.36156171867436004
near_peptide_cluster_holdout	near_00	CNV0_02564	0	prespecified_C_0.5_QK_quantum_0.5	0.3293399265471659
near_peptide_cluster_holdout	near_00	CNV0_02579	0	prespecified_C_0.5_QK_quantum_0.5	0.17075583678988504
near_peptide_cluster_holdout	near_00	CNV0_02581	0	prespecified_C_0.5_QK_quantum_0.5	0.2849018842922806
near_peptide_cluster_holdout	near_00	CNV0_02584	0	prespecified_C_0.5_QK_quantum_0.5	0.23873442678626555
near_peptide_cluster_holdout	near_00	CNV0_02592	0	prespecified_C_0.5_QK_quantum_0.5	0.40808566599964957
near_peptide_cluster_holdout	near_00	CNV0_02594	0	prespecified_C_0.5_QK_quantum_0.5	0.31023930360679036
near_peptide_cluster_holdout	near_00	CNV0_02398	1	nested_learned_gate_C_QK_structure	0.40464549169918057
near_peptide_cluster_holdout	near_00	CNV0_02442	1	nested_learned_gate_C_QK_structure	0.6153729252315144
near_peptide_cluster_holdout	near_00	CNV0_02448	1	nested_learned_gate_C_QK_structure	0.42696904506486877
near_peptide_cluster_holdout	near_00	CNV0_02479	1	nested_learned_gate_C_QK_structure	0.5008482658144242
near_peptide_cluster_holdout	near_00	CNV0_02513	0	nested_learned_gate_C_QK_structure	0.4426056996878598
near_peptide_cluster_holdout	near_00	CNV0_02518	0	nested_learned_gate_C_QK_structure	0.5203960535799479
near_peptide_cluster_holdout	near_00	CNV0_02536	0	nested_learned_gate_C_QK_structure	0.313322453633895
near_peptide_cluster_holdout	near_00	CNV0_02544	0	nested_learned_gate_C_QK_structure	0.43724075319604777
near_peptide_cluster_holdout	near_00	CNV0_02551	0	nested_learned_gate_C_QK_structure	0.2860005804871402
near_peptide_cluster_holdout	near_00	CNV0_02555	0	nested_learned_gate_C_QK_structure	0.6239246810634949
near_peptide_cluster_holdout	near_00	CNV0_02556	0	nested_learned_gate_C_QK_structure	0.4302164519468138
near_peptide_cluster_holdout	near_00	CNV0_02562	0	nested_learned_gate_C_QK_structure	0.2650063756699996
near_peptide_cluster_holdout	near_00	CNV0_02564	0	nested_learned_gate_C_QK_structure	0.4108184926143792
near_peptide_cluster_holdout	near_00	CNV0_02579	0	nested_learned_gate_C_QK_structure	0.20281932965287716
near_peptide_cluster_holdout	near_00	CNV0_02581	0	nested_learned_gate_C_QK_structure	0.3381801722165967
near_peptide_cluster_holdout	near_00	CNV0_02584	0	nested_learned_gate_C_QK_structure	0.28485360596128095
near_peptide_cluster_holdout	near_00	CNV0_02592	0	nested_learned_gate_C_QK_structure	0.4056825507628288
near_peptide_cluster_holdout	near_00	CNV0_02594	0	nested_learned_gate_C_QK_structure	0.35639727168940827
near_peptide_cluster_holdout	near_00	CNV0_02398	1	stacked_calibrated_meta_model_lowdim_only	0.4648587036701049
near_peptide_cluster_holdout	near_00	CNV0_02442	1	stacked_calibrated_meta_model_lowdim_only	0.7124803572383402
near_peptide_cluster_holdout	near_00	CNV0_02448	1	stacked_calibrated_meta_model_lowdim_only	0.4359937525452924
near_peptide_cluster_holdout	near_00	CNV0_02479	1	stacked_calibrated_meta_model_lowdim_only	0.5190726215232753
near_peptide_cluster_holdout	near_00	CNV0_02513	0	stacked_calibrated_meta_model_lowdim_only	0.47661800151414957
near_peptide_cluster_holdout	near_00	CNV0_02518	0	stacked_calibrated_meta_model_lowdim_only	0.3100457561624837
near_peptide_cluster_holdout	near_00	CNV0_02536	0	stacked_calibrated_meta_model_lowdim_only	0.48867752912876633
near_peptide_cluster_holdout	near_00	CNV0_02544	0	stacked_calibrated_meta_model_lowdim_only	0.49326906450859137
near_peptide_cluster_holdout	near_00	CNV0_02551	0	stacked_calibrated_meta_model_lowdim_only	0.5145007709811555
near_peptide_cluster_holdout	near_00	CNV0_02555	0	stacked_calibrated_meta_model_lowdim_only	0.48558477419612167
near_peptide_cluster_holdout	near_00	CNV0_02556	0	stacked_calibrated_meta_model_lowdim_only	0.4781650143144091
near_peptide_cluster_holdout	near_00	CNV0_02562	0	stacked_calibrated_meta_model_lowdim_only	0.47527962388714484
near_peptide_cluster_holdout	near_00	CNV0_02564	0	stacked_calibrated_meta_model_lowdim_only	0.5100907863592238
near_peptide_cluster_holdout	near_00	CNV0_02579	0	stacked_calibrated_meta_model_lowdim_only	0.4665253454261679
near_peptide_cluster_holdout	near_00	CNV0_02581	0	stacked_calibrated_meta_model_lowdim_only	0.4749827836228628
near_peptide_cluster_holdout	near_00	CNV0_02584	0	stacked_calibrated_meta_model_lowdim_only	0.45097176796370714
near_peptide_cluster_holdout	near_00	CNV0_02592	0	stacked_calibrated_meta_model_lowdim_only	0.436242457268213
near_peptide_cluster_holdout	near_00	CNV0_02594	0	stacked_calibrated_meta_model_lowdim_only	0.4806250390301276
near_peptide_cluster_holdout	near_00	CNV0_02398	1	rule_gated_C_QK_structure	0.3655171559452237
near_peptide_cluster_holdout	near_00	CNV0_02442	1	rule_gated_C_QK_structure	0.604771178783951
near_peptide_cluster_holdout	near_00	CNV0_02448	1	rule_gated_C_QK_structure	0.42322379638221047
near_peptide_cluster_holdout	near_00	CNV0_02479	1	rule_gated_C_QK_structure	0.4499101627219371
near_peptide_cluster_holdout	near_00	CNV0_02513	0	rule_gated_C_QK_structure	0.40174151452164025
near_peptide_cluster_holdout	near_00	CNV0_02518	0	rule_gated_C_QK_structure	0.5158866856579537
near_peptide_cluster_holdout	near_00	CNV0_02536	0	rule_gated_C_QK_structure	0.34617914058650434
near_peptide_cluster_holdout	near_00	CNV0_02544	0	rule_gated_C_QK_structure	0.4402744855338658
near_peptide_cluster_holdout	near_00	CNV0_02551	0	rule_gated_C_QK_structure	0.2771326606137418
near_peptide_cluster_holdout	near_00	CNV0_02555	0	rule_gated_C_QK_structure	0.5718286212345579
near_peptide_cluster_holdout	near_00	CNV0_02556	0	rule_gated_C_QK_structure	0.44306727640047844
near_peptide_cluster_holdout	near_00	CNV0_02562	0	rule_gated_C_QK_structure	0.30819415282029866
near_peptide_cluster_holdout	near_00	CNV0_02564	0	rule_gated_C_QK_structure	0.3848578323260073
near_peptide_cluster_holdout	near_00	CNV0_02579	0	rule_gated_C_QK_structure	0.2076397577935227
near_peptide_cluster_holdout	near_00	CNV0_02581	0	rule_gated_C_QK_structure	0.29690871077579917
near_peptide_cluster_holdout	near_00	CNV0_02584	0	rule_gated_C_QK_structure	0.2804119440834997
near_peptide_cluster_holdout	near_00	CNV0_02592	0	rule_gated_C_QK_structure	0.39212251118159036
near_peptide_cluster_holdout	near_00	CNV0_02594	0	rule_gated_C_QK_structure	0.32804240576229404
near_peptide_cluster_holdout	near_01	CNV0_02396	1	prespecified_equal_weight_C_QK_no_anchor	0.2639678527814829
near_peptide_cluster_holdout	near_01	CNV0_02401	0	prespecified_equal_weight_C_QK_no_anchor	0.4730210336372808
near_peptide_cluster_holdout	near_01	CNV0_02405	1	prespecified_equal_weight_C_QK_no_anchor	0.3809413159521224
near_peptide_cluster_holdout	near_01	CNV0_02412	0	prespecified_equal_weight_C_QK_no_anchor	0.2900157858568324
near_peptide_cluster_holdout	near_01	CNV0_02413	0	prespecified_equal_weight_C_QK_no_anchor	0.39757359178154816
near_peptide_cluster_holdout	near_01	CNV0_02416	0	prespecified_equal_weight_C_QK_no_anchor	0.48710186060086036
near_peptide_cluster_holdout	near_01	CNV0_02418	0	prespecified_equal_weight_C_QK_no_anchor	0.3632380856832586
near_peptide_cluster_holdout	near_01	CNV0_02450	1	prespecified_equal_weight_C_QK_no_anchor	0.5996571422095793
near_peptide_cluster_holdout	near_01	CNV0_02452	1	prespecified_equal_weight_C_QK_no_anchor	0.6367371766631988
near_peptide_cluster_holdout	near_01	CNV0_02511	1	prespecified_equal_weight_C_QK_no_anchor	0.5542921946992615
near_peptide_cluster_holdout	near_01	CNV0_02514	0	prespecified_equal_weight_C_QK_no_anchor	0.42438248550115887
near_peptide_cluster_holdout	near_01	CNV0_02553	0	prespecified_equal_weight_C_QK_no_anchor	0.4119433742986037
near_peptide_cluster_holdout	near_01	CNV0_02563	0	prespecified_equal_weight_C_QK_no_anchor	0.25498275090213235
near_peptide_cluster_holdout	near_01	CNV0_02571	0	prespecified_equal_weight_C_QK_no_anchor	0.35485207951187314
near_peptide_cluster_holdout	near_01	CNV0_02586	0	prespecified_equal_weight_C_QK_no_anchor	0.32116438151659277
near_peptide_cluster_holdout	near_01	CNV0_02591	0	prespecified_equal_weight_C_QK_no_anchor	0.21933913038953762
near_peptide_cluster_holdout	near_01	CNV0_02593	0	prespecified_equal_weight_C_QK_no_anchor	0.30272401035133345
near_peptide_cluster_holdout	near_01	CNV0_02681	0	prespecified_equal_weight_C_QK_no_anchor	0.22336493374672062
near_peptide_cluster_holdout	near_01	CNV0_02685	0	prespecified_equal_weight_C_QK_no_anchor	0.3830285791666682
near_peptide_cluster_holdout	near_01	CNV0_02396	1	prespecified_C_0.5_QK_quantum_0.5	0.4323425285629016
near_peptide_cluster_holdout	near_01	CNV0_02401	0	prespecified_C_0.5_QK_quantum_0.5	0.6021199317239796
near_peptide_cluster_holdout	near_01	CNV0_02405	1	prespecified_C_0.5_QK_quantum_0.5	0.27870106798228184
near_peptide_cluster_holdout	near_01	CNV0_02412	0	prespecified_C_0.5_QK_quantum_0.5	0.4779348493567971
near_peptide_cluster_holdout	near_01	CNV0_02413	0	prespecified_C_0.5_QK_quantum_0.5	0.48810848232026466
near_peptide_cluster_holdout	near_01	CNV0_02416	0	prespecified_C_0.5_QK_quantum_0.5	0.5225472164231839
near_peptide_cluster_holdout	near_01	CNV0_02418	0	prespecified_C_0.5_QK_quantum_0.5	0.4093786442147934
near_peptide_cluster_holdout	near_01	CNV0_02450	1	prespecified_C_0.5_QK_quantum_0.5	0.6152379531916794
near_peptide_cluster_holdout	near_01	CNV0_02452	1	prespecified_C_0.5_QK_quantum_0.5	0.5873185095138992
near_peptide_cluster_holdout	near_01	CNV0_02511	1	prespecified_C_0.5_QK_quantum_0.5	0.5552196147463454
near_peptide_cluster_holdout	near_01	CNV0_02514	0	prespecified_C_0.5_QK_quantum_0.5	0.3662907644873319
near_peptide_cluster_holdout	near_01	CNV0_02553	0	prespecified_C_0.5_QK_quantum_0.5	0.541061655845254
near_peptide_cluster_holdout	near_01	CNV0_02563	0	prespecified_C_0.5_QK_quantum_0.5	0.20769731396369404
near_peptide_cluster_holdout	near_01	CNV0_02571	0	prespecified_C_0.5_QK_quantum_0.5	0.40623747715876224
near_peptide_cluster_holdout	near_01	CNV0_02586	0	prespecified_C_0.5_QK_quantum_0.5	0.2690974762923417
near_peptide_cluster_holdout	near_01	CNV0_02591	0	prespecified_C_0.5_QK_quantum_0.5	0.32391753454221245
near_peptide_cluster_holdout	near_01	CNV0_02593	0	prespecified_C_0.5_QK_quantum_0.5	0.320654107082569
near_peptide_cluster_holdout	near_01	CNV0_02681	0	prespecified_C_0.5_QK_quantum_0.5	0.18891618086863451
near_peptide_cluster_holdout	near_01	CNV0_02685	0	prespecified_C_0.5_QK_quantum_0.5	0.4229471000616488
near_peptide_cluster_holdout	near_01	CNV0_02396	1	nested_learned_gate_C_QK_structure	0.2639678527814829
near_peptide_cluster_holdout	near_01	CNV0_02401	0	nested_learned_gate_C_QK_structure	0.4730210336372808
near_peptide_cluster_holdout	near_01	CNV0_02405	1	nested_learned_gate_C_QK_structure	0.3809413159521224
near_peptide_cluster_holdout	near_01	CNV0_02412	0	nested_learned_gate_C_QK_structure	0.2900157858568324
near_peptide_cluster_holdout	near_01	CNV0_02413	0	nested_learned_gate_C_QK_structure	0.39757359178154816
near_peptide_cluster_holdout	near_01	CNV0_02416	0	nested_learned_gate_C_QK_structure	0.48710186060086036
near_peptide_cluster_holdout	near_01	CNV0_02418	0	nested_learned_gate_C_QK_structure	0.3632380856832586
near_peptide_cluster_holdout	near_01	CNV0_02450	1	nested_learned_gate_C_QK_structure	0.5996571422095793
near_peptide_cluster_holdout	near_01	CNV0_02452	1	nested_learned_gate_C_QK_structure	0.6367371766631988
near_peptide_cluster_holdout	near_01	CNV0_02511	1	nested_learned_gate_C_QK_structure	0.5542921946992615
near_peptide_cluster_holdout	near_01	CNV0_02514	0	nested_learned_gate_C_QK_structure	0.42438248550115887
near_peptide_cluster_holdout	near_01	CNV0_02553	0	nested_learned_gate_C_QK_structure	0.4119433742986037
near_peptide_cluster_holdout	near_01	CNV0_02563	0	nested_learned_gate_C_QK_structure	0.25498275090213235
near_peptide_cluster_holdout	near_01	CNV0_02571	0	nested_learned_gate_C_QK_structure	0.35485207951187314
near_peptide_cluster_holdout	near_01	CNV0_02586	0	nested_learned_gate_C_QK_structure	0.32116438151659277
near_peptide_cluster_holdout	near_01	CNV0_02591	0	nested_learned_gate_C_QK_structure	0.21933913038953762
near_peptide_cluster_holdout	near_01	CNV0_02593	0	nested_learned_gate_C_QK_structure	0.30272401035133345
near_peptide_cluster_holdout	near_01	CNV0_02681	0	nested_learned_gate_C_QK_structure	0.22336493374672062
near_peptide_cluster_holdout	near_01	CNV0_02685	0	nested_learned_gate_C_QK_structure	0.3830285791666682
near_peptide_cluster_holdout	near_01	CNV0_02396	1	stacked_calibrated_meta_model_lowdim_only	0.3988695266983029
near_peptide_cluster_holdout	near_01	CNV0_02401	0	stacked_calibrated_meta_model_lowdim_only	0.6506725150824553
near_peptide_cluster_holdout	near_01	CNV0_02405	1	stacked_calibrated_meta_model_lowdim_only	0.40791505112550747
near_peptide_cluster_holdout	near_01	CNV0_02412	0	stacked_calibrated_meta_model_lowdim_only	0.41717746387514665
near_peptide_cluster_holdout	near_01	CNV0_02413	0	stacked_calibrated_meta_model_lowdim_only	0.4387555728404793
near_peptide_cluster_holdout	near_01	CNV0_02416	0	stacked_calibrated_meta_model_lowdim_only	0.46393971177138055
near_peptide_cluster_holdout	near_01	CNV0_02418	0	stacked_calibrated_meta_model_lowdim_only	0.4164106870614334
near_peptide_cluster_holdout	near_01	CNV0_02450	1	stacked_calibrated_meta_model_lowdim_only	0.649858314887233
near_peptide_cluster_holdout	near_01	CNV0_02452	1	stacked_calibrated_meta_model_lowdim_only	0.4474501331617737
near_peptide_cluster_holdout	near_01	CNV0_02511	1	stacked_calibrated_meta_model_lowdim_only	0.563645670824166
near_peptide_cluster_holdout	near_01	CNV0_02514	0	stacked_calibrated_meta_model_lowdim_only	0.48255454952330323
near_peptide_cluster_holdout	near_01	CNV0_02553	0	stacked_calibrated_meta_model_lowdim_only	0.5900412653143102
near_peptide_cluster_holdout	near_01	CNV0_02563	0	stacked_calibrated_meta_model_lowdim_only	0.5810442093201693
near_peptide_cluster_holdout	near_01	CNV0_02571	0	stacked_calibrated_meta_model_lowdim_only	0.4273603505059442
near_peptide_cluster_holdout	near_01	CNV0_02586	0	stacked_calibrated_meta_model_lowdim_only	0.42868281674075803
near_peptide_cluster_holdout	near_01	CNV0_02591	0	stacked_calibrated_meta_model_lowdim_only	0.41439522143264995
near_peptide_cluster_holdout	near_01	CNV0_02593	0	stacked_calibrated_meta_model_lowdim_only	0.41060036001942557
near_peptide_cluster_holdout	near_01	CNV0_02681	0	stacked_calibrated_meta_model_lowdim_only	0.606033800087863
near_peptide_cluster_holdout	near_01	CNV0_02685	0	stacked_calibrated_meta_model_lowdim_only	0.6379092069351929
near_peptide_cluster_holdout	near_01	CNV0_02396	1	rule_gated_C_QK_structure	0.29378464170567287
near_peptide_cluster_holdout	near_01	CNV0_02401	0	rule_gated_C_QK_structure	0.4887739109292055
near_peptide_cluster_holdout	near_01	CNV0_02405	1	rule_gated_C_QK_structure	0.36128697954711264
near_peptide_cluster_holdout	near_01	CNV0_02412	0	rule_gated_C_QK_structure	0.33519802684206196
near_peptide_cluster_holdout	near_01	CNV0_02413	0	rule_gated_C_QK_structure	0.4052100239914641
near_peptide_cluster_holdout	near_01	CNV0_02416	0	rule_gated_C_QK_structure	0.48048044901980913
near_peptide_cluster_holdout	near_01	CNV0_02418	0	rule_gated_C_QK_structure	0.3673486463482698
near_peptide_cluster_holdout	near_01	CNV0_02450	1	rule_gated_C_QK_structure	0.590947482934797
near_peptide_cluster_holdout	near_01	CNV0_02452	1	rule_gated_C_QK_structure	0.5994239214113364
near_peptide_cluster_holdout	near_01	CNV0_02511	1	rule_gated_C_QK_structure	0.5273148441489525
near_peptide_cluster_holdout	near_01	CNV0_02514	0	rule_gated_C_QK_structure	0.399129335284123
near_peptide_cluster_holdout	near_01	CNV0_02553	0	rule_gated_C_QK_structure	0.4123532164976506
near_peptide_cluster_holdout	near_01	CNV0_02563	0	rule_gated_C_QK_structure	0.23750788316006122
near_peptide_cluster_holdout	near_01	CNV0_02571	0	rule_gated_C_QK_structure	0.34948948247585715
near_peptide_cluster_holdout	near_01	CNV0_02586	0	rule_gated_C_QK_structure	0.29833010264421056
near_peptide_cluster_holdout	near_01	CNV0_02591	0	rule_gated_C_QK_structure	0.23753103344014379
near_peptide_cluster_holdout	near_01	CNV0_02593	0	rule_gated_C_QK_structure	0.3026265793428894
near_peptide_cluster_holdout	near_01	CNV0_02681	0	rule_gated_C_QK_structure	0.2307972566237465
near_peptide_cluster_holdout	near_01	CNV0_02685	0	rule_gated_C_QK_structure	0.39260234549736583
near_peptide_cluster_holdout	near_02	CNV0_02415	0	prespecified_equal_weight_C_QK_no_anchor	0.18513564826122392
near_peptide_cluster_holdout	near_02	CNV0_02510	1	prespecified_equal_weight_C_QK_no_anchor	0.4173233162585839
near_peptide_cluster_holdout	near_02	CNV0_02512	0	prespecified_equal_weight_C_QK_no_anchor	0.32994867058488353
near_peptide_cluster_holdout	near_02	CNV0_02515	0	prespecified_equal_weight_C_QK_no_anchor	0.6092411246617881
near_peptide_cluster_holdout	near_02	CNV0_02545	1	prespecified_equal_weight_C_QK_no_anchor	0.38600705434026594
near_peptide_cluster_holdout	near_02	CNV0_02557	0	prespecified_equal_weight_C_QK_no_anchor	0.565061398410428
near_peptide_cluster_holdout	near_02	CNV0_02561	0	prespecified_equal_weight_C_QK_no_anchor	0.22301408969667635
near_peptide_cluster_holdout	near_02	CNV0_02569	0	prespecified_equal_weight_C_QK_no_anchor	0.3370504479237763
near_peptide_cluster_holdout	near_02	CNV0_02572	0	prespecified_equal_weight_C_QK_no_anchor	0.48174745743590186
near_peptide_cluster_holdout	near_02	CNV0_02574	0	prespecified_equal_weight_C_QK_no_anchor	0.18484722884712113
near_peptide_cluster_holdout	near_02	CNV0_02580	0	prespecified_equal_weight_C_QK_no_anchor	0.5794947013737836
near_peptide_cluster_holdout	near_02	CNV0_02582	0	prespecified_equal_weight_C_QK_no_anchor	0.4936844885230999
near_peptide_cluster_holdout	near_02	CNV0_02583	0	prespecified_equal_weight_C_QK_no_anchor	0.2024616374797942
near_peptide_cluster_holdout	near_02	CNV0_02585	0	prespecified_equal_weight_C_QK_no_anchor	0.3297602147673288
near_peptide_cluster_holdout	near_02	CNV0_02590	0	prespecified_equal_weight_C_QK_no_anchor	0.502503708857012
near_peptide_cluster_holdout	near_02	CNV0_02709	1	prespecified_equal_weight_C_QK_no_anchor	0.30070784941112816
near_peptide_cluster_holdout	near_02	CNV0_02712	1	prespecified_equal_weight_C_QK_no_anchor	0.36833830444180576
near_peptide_cluster_holdout	near_02	CNV0_02415	0	prespecified_C_0.5_QK_quantum_0.5	0.28754809041696483
near_peptide_cluster_holdout	near_02	CNV0_02510	1	prespecified_C_0.5_QK_quantum_0.5	0.33177068139853716
near_peptide_cluster_holdout	near_02	CNV0_02512	0	prespecified_C_0.5_QK_quantum_0.5	0.21061780348344986
near_peptide_cluster_holdout	near_02	CNV0_02515	0	prespecified_C_0.5_QK_quantum_0.5	0.5273170169992345
near_peptide_cluster_holdout	near_02	CNV0_02545	1	prespecified_C_0.5_QK_quantum_0.5	0.5556338099961455
near_peptide_cluster_holdout	near_02	CNV0_02557	0	prespecified_C_0.5_QK_quantum_0.5	0.5050481304294744
near_peptide_cluster_holdout	near_02	CNV0_02561	0	prespecified_C_0.5_QK_quantum_0.5	0.29955799828759694
near_peptide_cluster_holdout	near_02	CNV0_02569	0	prespecified_C_0.5_QK_quantum_0.5	0.4455978681195811
near_peptide_cluster_holdout	near_02	CNV0_02572	0	prespecified_C_0.5_QK_quantum_0.5	0.6333326567628415
near_peptide_cluster_holdout	near_02	CNV0_02574	0	prespecified_C_0.5_QK_quantum_0.5	0.2920046402441838
near_peptide_cluster_holdout	near_02	CNV0_02580	0	prespecified_C_0.5_QK_quantum_0.5	0.45911240022828514
near_peptide_cluster_holdout	near_02	CNV0_02582	0	prespecified_C_0.5_QK_quantum_0.5	0.2910944987178306
near_peptide_cluster_holdout	near_02	CNV0_02583	0	prespecified_C_0.5_QK_quantum_0.5	0.24718669363499926
near_peptide_cluster_holdout	near_02	CNV0_02585	0	prespecified_C_0.5_QK_quantum_0.5	0.4216421184034875
near_peptide_cluster_holdout	near_02	CNV0_02590	0	prespecified_C_0.5_QK_quantum_0.5	0.42012812452717396
near_peptide_cluster_holdout	near_02	CNV0_02709	1	prespecified_C_0.5_QK_quantum_0.5	0.5973403311035925
near_peptide_cluster_holdout	near_02	CNV0_02712	1	prespecified_C_0.5_QK_quantum_0.5	0.5964154611831187
near_peptide_cluster_holdout	near_02	CNV0_02415	0	nested_learned_gate_C_QK_structure	0.21179900776157545
near_peptide_cluster_holdout	near_02	CNV0_02510	1	nested_learned_gate_C_QK_structure	0.3947225810673418
near_peptide_cluster_holdout	near_02	CNV0_02512	0	nested_learned_gate_C_QK_structure	0.31364560106240036
near_peptide_cluster_holdout	near_02	CNV0_02515	0	nested_learned_gate_C_QK_structure	0.5484175656587333
near_peptide_cluster_holdout	near_02	CNV0_02545	1	nested_learned_gate_C_QK_structure	0.35111579360028383
near_peptide_cluster_holdout	near_02	CNV0_02557	0	nested_learned_gate_C_QK_structure	0.5261720790419082
near_peptide_cluster_holdout	near_02	CNV0_02561	0	nested_learned_gate_C_QK_structure	0.24890076043632708
near_peptide_cluster_holdout	near_02	CNV0_02569	0	nested_learned_gate_C_QK_structure	0.3048967632131795
near_peptide_cluster_holdout	near_02	CNV0_02572	0	nested_learned_gate_C_QK_structure	0.45472578735621677
near_peptide_cluster_holdout	near_02	CNV0_02574	0	nested_learned_gate_C_QK_structure	0.20217709451708427
near_peptide_cluster_holdout	near_02	CNV0_02580	0	nested_learned_gate_C_QK_structure	0.550832269967152
near_peptide_cluster_holdout	near_02	CNV0_02582	0	nested_learned_gate_C_QK_structure	0.43909166930493815
near_peptide_cluster_holdout	near_02	CNV0_02583	0	nested_learned_gate_C_QK_structure	0.2111812680069783
near_peptide_cluster_holdout	near_02	CNV0_02585	0	nested_learned_gate_C_QK_structure	0.3051098709990476
near_peptide_cluster_holdout	near_02	CNV0_02590	0	nested_learned_gate_C_QK_structure	0.47486878298334656
near_peptide_cluster_holdout	near_02	CNV0_02709	1	nested_learned_gate_C_QK_structure	0.3374962696941701
near_peptide_cluster_holdout	near_02	CNV0_02712	1	nested_learned_gate_C_QK_structure	0.40748728781490273
near_peptide_cluster_holdout	near_02	CNV0_02415	0	stacked_calibrated_meta_model_lowdim_only	0.374938436741519
near_peptide_cluster_holdout	near_02	CNV0_02510	1	stacked_calibrated_meta_model_lowdim_only	0.41619994530351295
near_peptide_cluster_holdout	near_02	CNV0_02512	0	stacked_calibrated_meta_model_lowdim_only	0.4744416469131567
near_peptide_cluster_holdout	near_02	CNV0_02515	0	stacked_calibrated_meta_model_lowdim_only	0.4976527379679832
near_peptide_cluster_holdout	near_02	CNV0_02545	1	stacked_calibrated_meta_model_lowdim_only	0.456957183331887
near_peptide_cluster_holdout	near_02	CNV0_02557	0	stacked_calibrated_meta_model_lowdim_only	0.4728249436350568
near_peptide_cluster_holdout	near_02	CNV0_02561	0	stacked_calibrated_meta_model_lowdim_only	0.36231141216392165
near_peptide_cluster_holdout	near_02	CNV0_02569	0	stacked_calibrated_meta_model_lowdim_only	0.42587636658230693
near_peptide_cluster_holdout	near_02	CNV0_02572	0	stacked_calibrated_meta_model_lowdim_only	0.5031359037073038
near_peptide_cluster_holdout	near_02	CNV0_02574	0	stacked_calibrated_meta_model_lowdim_only	0.36125301130472337
near_peptide_cluster_holdout	near_02	CNV0_02580	0	stacked_calibrated_meta_model_lowdim_only	0.46650612429616267
near_peptide_cluster_holdout	near_02	CNV0_02582	0	stacked_calibrated_meta_model_lowdim_only	0.44018702248049524
near_peptide_cluster_holdout	near_02	CNV0_02583	0	stacked_calibrated_meta_model_lowdim_only	0.35365774737264355
near_peptide_cluster_holdout	near_02	CNV0_02585	0	stacked_calibrated_meta_model_lowdim_only	0.4283926585776606
near_peptide_cluster_holdout	near_02	CNV0_02590	0	stacked_calibrated_meta_model_lowdim_only	0.44671302578799493
near_peptide_cluster_holdout	near_02	CNV0_02709	1	stacked_calibrated_meta_model_lowdim_only	0.45583560588949135
near_peptide_cluster_holdout	near_02	CNV0_02712	1	stacked_calibrated_meta_model_lowdim_only	0.6458142393241222
near_peptide_cluster_holdout	near_02	CNV0_02415	0	rule_gated_C_QK_structure	0.22052504132603531
near_peptide_cluster_holdout	near_02	CNV0_02510	1	rule_gated_C_QK_structure	0.38538329686722017
near_peptide_cluster_holdout	near_02	CNV0_02512	0	rule_gated_C_QK_structure	0.31124065796398576
near_peptide_cluster_holdout	near_02	CNV0_02515	0	rule_gated_C_QK_structure	0.567510762189976
near_peptide_cluster_holdout	near_02	CNV0_02545	1	rule_gated_C_QK_structure	0.4045276234078841
near_peptide_cluster_holdout	near_02	CNV0_02557	0	rule_gated_C_QK_structure	0.5266404611903582
near_peptide_cluster_holdout	near_02	CNV0_02561	0	rule_gated_C_QK_structure	0.24288886646327446
near_peptide_cluster_holdout	near_02	CNV0_02569	0	rule_gated_C_QK_structure	0.34970189810846253
near_peptide_cluster_holdout	near_02	CNV0_02572	0	rule_gated_C_QK_structure	0.4801021940890977
near_peptide_cluster_holdout	near_02	CNV0_02574	0	rule_gated_C_QK_structure	0.20854362176088403
near_peptide_cluster_holdout	near_02	CNV0_02580	0	rule_gated_C_QK_structure	0.5200157273197443
near_peptide_cluster_holdout	near_02	CNV0_02582	0	rule_gated_C_QK_structure	0.4414652588154386
near_peptide_cluster_holdout	near_02	CNV0_02583	0	rule_gated_C_QK_structure	0.2121677258128745
near_peptide_cluster_holdout	near_02	CNV0_02585	0	rule_gated_C_QK_structure	0.35411614020455623
near_peptide_cluster_holdout	near_02	CNV0_02590	0	rule_gated_C_QK_structure	0.46418714833569313
near_peptide_cluster_holdout	near_02	CNV0_02709	1	rule_gated_C_QK_structure	0.347613026076673
near_peptide_cluster_holdout	near_02	CNV0_02712	1	rule_gated_C_QK_structure	0.4107576738711047
near_peptide_cluster_holdout	near_03	CNV0_02414	0	prespecified_equal_weight_C_QK_no_anchor	0.3801766600328417
near_peptide_cluster_holdout	near_03	CNV0_02421	0	prespecified_equal_weight_C_QK_no_anchor	0.3291865165199814
near_peptide_cluster_holdout	near_03	CNV0_02425	1	prespecified_equal_weight_C_QK_no_anchor	0.5288799259926605
near_peptide_cluster_holdout	near_03	CNV0_02460	1	prespecified_equal_weight_C_QK_no_anchor	0.5015621636986454
near_peptide_cluster_holdout	near_03	CNV0_02477	1	prespecified_equal_weight_C_QK_no_anchor	0.3581365152286486
near_peptide_cluster_holdout	near_03	CNV0_02516	0	prespecified_equal_weight_C_QK_no_anchor	0.2878385672132738
near_peptide_cluster_holdout	near_03	CNV0_02517	0	prespecified_equal_weight_C_QK_no_anchor	0.42581172233766285
near_peptide_cluster_holdout	near_03	CNV0_02537	0	prespecified_equal_weight_C_QK_no_anchor	0.3011782426738837
near_peptide_cluster_holdout	near_03	CNV0_02538	0	prespecified_equal_weight_C_QK_no_anchor	0.3899114172883046
near_peptide_cluster_holdout	near_03	CNV0_02565	0	prespecified_equal_weight_C_QK_no_anchor	0.5417235095157455
near_peptide_cluster_holdout	near_03	CNV0_02568	0	prespecified_equal_weight_C_QK_no_anchor	0.3367452094679445
near_peptide_cluster_holdout	near_03	CNV0_02570	0	prespecified_equal_weight_C_QK_no_anchor	0.31085511473140964
near_peptide_cluster_holdout	near_03	CNV0_02573	0	prespecified_equal_weight_C_QK_no_anchor	0.23901996107691986
near_peptide_cluster_holdout	near_03	CNV0_02578	0	prespecified_equal_weight_C_QK_no_anchor	0.4002697136632998
near_peptide_cluster_holdout	near_03	CNV0_02587	0	prespecified_equal_weight_C_QK_no_anchor	0.417464215786819
near_peptide_cluster_holdout	near_03	CNV0_02660	0	prespecified_equal_weight_C_QK_no_anchor	0.34806647719446215
near_peptide_cluster_holdout	near_03	CNV0_02710	1	prespecified_equal_weight_C_QK_no_anchor	0.492438470491677
near_peptide_cluster_holdout	near_03	CNV0_02414	0	prespecified_C_0.5_QK_quantum_0.5	0.3668410224321764
near_peptide_cluster_holdout	near_03	CNV0_02421	0	prespecified_C_0.5_QK_quantum_0.5	0.2820498728818589
near_peptide_cluster_holdout	near_03	CNV0_02425	1	prespecified_C_0.5_QK_quantum_0.5	0.5272888198836494
near_peptide_cluster_holdout	near_03	CNV0_02460	1	prespecified_C_0.5_QK_quantum_0.5	0.4399326483775685
near_peptide_cluster_holdout	near_03	CNV0_02477	1	prespecified_C_0.5_QK_quantum_0.5	0.5393776850072323
near_peptide_cluster_holdout	near_03	CNV0_02516	0	prespecified_C_0.5_QK_quantum_0.5	0.24524847238180922
near_peptide_cluster_holdout	near_03	CNV0_02517	0	prespecified_C_0.5_QK_quantum_0.5	0.3092973565149424
near_peptide_cluster_holdout	near_03	CNV0_02537	0	prespecified_C_0.5_QK_quantum_0.5	0.2656659226260514
near_peptide_cluster_holdout	near_03	CNV0_02538	0	prespecified_C_0.5_QK_quantum_0.5	0.3473050541233861
near_peptide_cluster_holdout	near_03	CNV0_02565	0	prespecified_C_0.5_QK_quantum_0.5	0.4905429879146032
near_peptide_cluster_holdout	near_03	CNV0_02568	0	prespecified_C_0.5_QK_quantum_0.5	0.38542426078861114
near_peptide_cluster_holdout	near_03	CNV0_02570	0	prespecified_C_0.5_QK_quantum_0.5	0.4799302380619986
near_peptide_cluster_holdout	near_03	CNV0_02573	0	prespecified_C_0.5_QK_quantum_0.5	0.27634283529191705
near_peptide_cluster_holdout	near_03	CNV0_02578	0	prespecified_C_0.5_QK_quantum_0.5	0.46527746188331914
near_peptide_cluster_holdout	near_03	CNV0_02587	0	prespecified_C_0.5_QK_quantum_0.5	0.3419309591775106
near_peptide_cluster_holdout	near_03	CNV0_02660	0	prespecified_C_0.5_QK_quantum_0.5	0.41308081519214984
near_peptide_cluster_holdout	near_03	CNV0_02710	1	prespecified_C_0.5_QK_quantum_0.5	0.4562881112251568
near_peptide_cluster_holdout	near_03	CNV0_02414	0	nested_learned_gate_C_QK_structure	0.3995759120696474
near_peptide_cluster_holdout	near_03	CNV0_02421	0	nested_learned_gate_C_QK_structure	0.3189916194057238
near_peptide_cluster_holdout	near_03	CNV0_02425	1	nested_learned_gate_C_QK_structure	0.4793856944828951
near_peptide_cluster_holdout	near_03	CNV0_02460	1	nested_learned_gate_C_QK_structure	0.4635628682568085
near_peptide_cluster_holdout	near_03	CNV0_02477	1	nested_learned_gate_C_QK_structure	0.33541987931648337
near_peptide_cluster_holdout	near_03	CNV0_02516	0	nested_learned_gate_C_QK_structure	0.34201272626153145
near_peptide_cluster_holdout	near_03	CNV0_02517	0	nested_learned_gate_C_QK_structure	0.38785635705871435
near_peptide_cluster_holdout	near_03	CNV0_02537	0	nested_learned_gate_C_QK_structure	0.30987643135902243
near_peptide_cluster_holdout	near_03	CNV0_02538	0	nested_learned_gate_C_QK_structure	0.3836866812985691
near_peptide_cluster_holdout	near_03	CNV0_02565	0	nested_learned_gate_C_QK_structure	0.5618387262140344
near_peptide_cluster_holdout	near_03	CNV0_02568	0	nested_learned_gate_C_QK_structure	0.3495938724169697
near_peptide_cluster_holdout	near_03	CNV0_02570	0	nested_learned_gate_C_QK_structure	0.3361069447203053
near_peptide_cluster_holdout	near_03	CNV0_02573	0	nested_learned_gate_C_QK_structure	0.23604322486941398
near_peptide_cluster_holdout	near_03	CNV0_02578	0	nested_learned_gate_C_QK_structure	0.40860632783531736
near_peptide_cluster_holdout	near_03	CNV0_02587	0	nested_learned_gate_C_QK_structure	0.42641713076213983
near_peptide_cluster_holdout	near_03	CNV0_02660	0	nested_learned_gate_C_QK_structure	0.3846514860846094
near_peptide_cluster_holdout	near_03	CNV0_02710	1	nested_learned_gate_C_QK_structure	0.4630977044594406
near_peptide_cluster_holdout	near_03	CNV0_02414	0	stacked_calibrated_meta_model_lowdim_only	0.42786105151270126
near_peptide_cluster_holdout	near_03	CNV0_02421	0	stacked_calibrated_meta_model_lowdim_only	0.39229304736776854
near_peptide_cluster_holdout	near_03	CNV0_02425	1	stacked_calibrated_meta_model_lowdim_only	0.4666136283469486
near_peptide_cluster_holdout	near_03	CNV0_02460	1	stacked_calibrated_meta_model_lowdim_only	0.4499164881395837
near_peptide_cluster_holdout	near_03	CNV0_02477	1	stacked_calibrated_meta_model_lowdim_only	0.836081533022907
near_peptide_cluster_holdout	near_03	CNV0_02516	0	stacked_calibrated_meta_model_lowdim_only	0.46889035715121724
near_peptide_cluster_holdout	near_03	CNV0_02517	0	stacked_calibrated_meta_model_lowdim_only	0.4314186517149465
near_peptide_cluster_holdout	near_03	CNV0_02537	0	stacked_calibrated_meta_model_lowdim_only	0.3811556993501026
near_peptide_cluster_holdout	near_03	CNV0_02538	0	stacked_calibrated_meta_model_lowdim_only	0.4093323024557743
near_peptide_cluster_holdout	near_03	CNV0_02565	0	stacked_calibrated_meta_model_lowdim_only	0.47815586287428663
near_peptide_cluster_holdout	near_03	CNV0_02568	0	stacked_calibrated_meta_model_lowdim_only	0.40786979650993693
near_peptide_cluster_holdout	near_03	CNV0_02570	0	stacked_calibrated_meta_model_lowdim_only	0.4651254223934969
near_peptide_cluster_holdout	near_03	CNV0_02573	0	stacked_calibrated_meta_model_lowdim_only	0.3709876078481735
near_peptide_cluster_holdout	near_03	CNV0_02578	0	stacked_calibrated_meta_model_lowdim_only	0.44965714163162734
near_peptide_cluster_holdout	near_03	CNV0_02587	0	stacked_calibrated_meta_model_lowdim_only	0.44217960619579644
near_peptide_cluster_holdout	near_03	CNV0_02660	0	stacked_calibrated_meta_model_lowdim_only	0.5199475332228257
near_peptide_cluster_holdout	near_03	CNV0_02710	1	stacked_calibrated_meta_model_lowdim_only	0.4376290428802356
near_peptide_cluster_holdout	near_03	CNV0_02414	0	rule_gated_C_QK_structure	0.37748995584493855
near_peptide_cluster_holdout	near_03	CNV0_02421	0	rule_gated_C_QK_structure	0.3083469664394602
near_peptide_cluster_holdout	near_03	CNV0_02425	1	rule_gated_C_QK_structure	0.4983292057740965
near_peptide_cluster_holdout	near_03	CNV0_02460	1	rule_gated_C_QK_structure	0.4633204534654469
near_peptide_cluster_holdout	near_03	CNV0_02477	1	rule_gated_C_QK_structure	0.3847987270206192
near_peptide_cluster_holdout	near_03	CNV0_02516	0	rule_gated_C_QK_structure	0.301431134165303
near_peptide_cluster_holdout	near_03	CNV0_02517	0	rule_gated_C_QK_structure	0.3832620161502319
near_peptide_cluster_holdout	near_03	CNV0_02537	0	rule_gated_C_QK_structure	0.2978697821629319
near_peptide_cluster_holdout	near_03	CNV0_02538	0	rule_gated_C_QK_structure	0.37161828685777265
near_peptide_cluster_holdout	near_03	CNV0_02565	0	rule_gated_C_QK_structure	0.5244922994926745
near_peptide_cluster_holdout	near_03	CNV0_02568	0	rule_gated_C_QK_structure	0.3413847452281387
near_peptide_cluster_holdout	near_03	CNV0_02570	0	rule_gated_C_QK_structure	0.34738052340091247
near_peptide_cluster_holdout	near_03	CNV0_02573	0	rule_gated_C_QK_structure	0.23937465025100535
near_peptide_cluster_holdout	near_03	CNV0_02578	0	rule_gated_C_QK_structure	0.4039921827090956
near_peptide_cluster_holdout	near_03	CNV0_02587	0	rule_gated_C_QK_structure	0.3951933868837463
near_peptide_cluster_holdout	near_03	CNV0_02660	0	rule_gated_C_QK_structure	0.3568617222102334
near_peptide_cluster_holdout	near_03	CNV0_02710	1	rule_gated_C_QK_structure	0.4628567135301026
near_peptide_cluster_holdout	near_04	CNV0_02411	0	prespecified_equal_weight_C_QK_no_anchor	0.4096546760112296
near_peptide_cluster_holdout	near_04	CNV0_02419	0	prespecified_equal_weight_C_QK_no_anchor	0.3989938880895682
near_peptide_cluster_holdout	near_04	CNV0_02424	1	prespecified_equal_weight_C_QK_no_anchor	0.5759521558616687
near_peptide_cluster_holdout	near_04	CNV0_02453	0	prespecified_equal_weight_C_QK_no_anchor	0.4829023666029346
near_peptide_cluster_holdout	near_04	CNV0_02458	0	prespecified_equal_weight_C_QK_no_anchor	0.6016968270286694
near_peptide_cluster_holdout	near_04	CNV0_02478	1	prespecified_equal_weight_C_QK_no_anchor	0.6215388250300526
near_peptide_cluster_holdout	near_04	CNV0_02520	0	prespecified_equal_weight_C_QK_no_anchor	0.4014319186714401
near_peptide_cluster_holdout	near_04	CNV0_02543	0	prespecified_equal_weight_C_QK_no_anchor	0.5104079222499445
near_peptide_cluster_holdout	near_04	CNV0_02550	0	prespecified_equal_weight_C_QK_no_anchor	0.41067739222894883
near_peptide_cluster_holdout	near_04	CNV0_02559	0	prespecified_equal_weight_C_QK_no_anchor	0.3693881644495028
near_peptide_cluster_holdout	near_04	CNV0_02567	0	prespecified_equal_weight_C_QK_no_anchor	0.29984070000095214
near_peptide_cluster_holdout	near_04	CNV0_02575	0	prespecified_equal_weight_C_QK_no_anchor	0.49726797134570444
near_peptide_cluster_holdout	near_04	CNV0_02577	0	prespecified_equal_weight_C_QK_no_anchor	0.26591349246353735
near_peptide_cluster_holdout	near_04	CNV0_02588	0	prespecified_equal_weight_C_QK_no_anchor	0.2431582386371208
near_peptide_cluster_holdout	near_04	CNV0_02589	0	prespecified_equal_weight_C_QK_no_anchor	0.46511194864390015
near_peptide_cluster_holdout	near_04	CNV0_02655	0	prespecified_equal_weight_C_QK_no_anchor	0.5501870826068621
near_peptide_cluster_holdout	near_04	CNV0_02708	1	prespecified_equal_weight_C_QK_no_anchor	0.5009891602835816
near_peptide_cluster_holdout	near_04	CNV0_02713	1	prespecified_equal_weight_C_QK_no_anchor	0.3642207743168753
near_peptide_cluster_holdout	near_04	CNV0_02411	0	prespecified_C_0.5_QK_quantum_0.5	0.4160853096794767
near_peptide_cluster_holdout	near_04	CNV0_02419	0	prespecified_C_0.5_QK_quantum_0.5	0.40365596222654315
near_peptide_cluster_holdout	near_04	CNV0_02424	1	prespecified_C_0.5_QK_quantum_0.5	0.5970634212614206
near_peptide_cluster_holdout	near_04	CNV0_02453	0	prespecified_C_0.5_QK_quantum_0.5	0.5072081492745198
near_peptide_cluster_holdout	near_04	CNV0_02458	0	prespecified_C_0.5_QK_quantum_0.5	0.5596776268973707
near_peptide_cluster_holdout	near_04	CNV0_02478	1	prespecified_C_0.5_QK_quantum_0.5	0.5643178294396409
near_peptide_cluster_holdout	near_04	CNV0_02520	0	prespecified_C_0.5_QK_quantum_0.5	0.24827158804983768
near_peptide_cluster_holdout	near_04	CNV0_02543	0	prespecified_C_0.5_QK_quantum_0.5	0.3922641213202861
near_peptide_cluster_holdout	near_04	CNV0_02550	0	prespecified_C_0.5_QK_quantum_0.5	0.49481556640638014
near_peptide_cluster_holdout	near_04	CNV0_02559	0	prespecified_C_0.5_QK_quantum_0.5	0.3945820065429812
near_peptide_cluster_holdout	near_04	CNV0_02567	0	prespecified_C_0.5_QK_quantum_0.5	0.300184226714998
near_peptide_cluster_holdout	near_04	CNV0_02575	0	prespecified_C_0.5_QK_quantum_0.5	0.47729639500918
near_peptide_cluster_holdout	near_04	CNV0_02577	0	prespecified_C_0.5_QK_quantum_0.5	0.21581919226046603
near_peptide_cluster_holdout	near_04	CNV0_02588	0	prespecified_C_0.5_QK_quantum_0.5	0.42504797214525225
near_peptide_cluster_holdout	near_04	CNV0_02589	0	prespecified_C_0.5_QK_quantum_0.5	0.4083286011378452
near_peptide_cluster_holdout	near_04	CNV0_02655	0	prespecified_C_0.5_QK_quantum_0.5	0.5704820039729567
near_peptide_cluster_holdout	near_04	CNV0_02708	1	prespecified_C_0.5_QK_quantum_0.5	0.4206062822734029
near_peptide_cluster_holdout	near_04	CNV0_02713	1	prespecified_C_0.5_QK_quantum_0.5	0.19789692770017914
near_peptide_cluster_holdout	near_04	CNV0_02411	0	nested_learned_gate_C_QK_structure	0.4043225964044242
near_peptide_cluster_holdout	near_04	CNV0_02419	0	nested_learned_gate_C_QK_structure	0.3723278610388178
near_peptide_cluster_holdout	near_04	CNV0_02424	1	nested_learned_gate_C_QK_structure	0.5200471850528376
near_peptide_cluster_holdout	near_04	CNV0_02453	0	nested_learned_gate_C_QK_structure	0.4750348791506712
near_peptide_cluster_holdout	near_04	CNV0_02458	0	nested_learned_gate_C_QK_structure	0.5526007335717379
near_peptide_cluster_holdout	near_04	CNV0_02478	1	nested_learned_gate_C_QK_structure	0.5547193194243061
near_peptide_cluster_holdout	near_04	CNV0_02520	0	nested_learned_gate_C_QK_structure	0.2983313237130106
near_peptide_cluster_holdout	near_04	CNV0_02543	0	nested_learned_gate_C_QK_structure	0.433843069051699
near_peptide_cluster_holdout	near_04	CNV0_02550	0	nested_learned_gate_C_QK_structure	0.40000529037893606
near_peptide_cluster_holdout	near_04	CNV0_02559	0	nested_learned_gate_C_QK_structure	0.3675302941494083
near_peptide_cluster_holdout	near_04	CNV0_02567	0	nested_learned_gate_C_QK_structure	0.2874359492572688
near_peptide_cluster_holdout	near_04	CNV0_02575	0	nested_learned_gate_C_QK_structure	0.4596613229577269
near_peptide_cluster_holdout	near_04	CNV0_02577	0	nested_learned_gate_C_QK_structure	0.24976630274033465
near_peptide_cluster_holdout	near_04	CNV0_02588	0	nested_learned_gate_C_QK_structure	0.2936068733894061
near_peptide_cluster_holdout	near_04	CNV0_02589	0	nested_learned_gate_C_QK_structure	0.43194384851176715
near_peptide_cluster_holdout	near_04	CNV0_02655	0	nested_learned_gate_C_QK_structure	0.5051458269763035
near_peptide_cluster_holdout	near_04	CNV0_02708	1	nested_learned_gate_C_QK_structure	0.4656776302778058
near_peptide_cluster_holdout	near_04	CNV0_02713	1	nested_learned_gate_C_QK_structure	0.30791052332286695
near_peptide_cluster_holdout	near_04	CNV0_02411	0	stacked_calibrated_meta_model_lowdim_only	0.4141758321624634
near_peptide_cluster_holdout	near_04	CNV0_02419	0	stacked_calibrated_meta_model_lowdim_only	0.4033881206774147
near_peptide_cluster_holdout	near_04	CNV0_02424	1	stacked_calibrated_meta_model_lowdim_only	0.5001163012761929
near_peptide_cluster_holdout	near_04	CNV0_02453	0	stacked_calibrated_meta_model_lowdim_only	0.5111887702577401
near_peptide_cluster_holdout	near_04	CNV0_02458	0	stacked_calibrated_meta_model_lowdim_only	0.49652814192894695
near_peptide_cluster_holdout	near_04	CNV0_02478	1	stacked_calibrated_meta_model_lowdim_only	0.5492676945758154
near_peptide_cluster_holdout	near_04	CNV0_02520	0	stacked_calibrated_meta_model_lowdim_only	0.4728450741567656
near_peptide_cluster_holdout	near_04	CNV0_02543	0	stacked_calibrated_meta_model_lowdim_only	0.4967968690964245
near_peptide_cluster_holdout	near_04	CNV0_02550	0	stacked_calibrated_meta_model_lowdim_only	0.49221530690804577
near_peptide_cluster_holdout	near_04	CNV0_02559	0	stacked_calibrated_meta_model_lowdim_only	0.3974282371760008
near_peptide_cluster_holdout	near_04	CNV0_02567	0	stacked_calibrated_meta_model_lowdim_only	0.3612171528780125
near_peptide_cluster_holdout	near_04	CNV0_02575	0	stacked_calibrated_meta_model_lowdim_only	0.4659485877580827
near_peptide_cluster_holdout	near_04	CNV0_02577	0	stacked_calibrated_meta_model_lowdim_only	0.34339189766433664
near_peptide_cluster_holdout	near_04	CNV0_02588	0	stacked_calibrated_meta_model_lowdim_only	0.40425876420960116
near_peptide_cluster_holdout	near_04	CNV0_02589	0	stacked_calibrated_meta_model_lowdim_only	0.4389316894120077
near_peptide_cluster_holdout	near_04	CNV0_02655	0	stacked_calibrated_meta_model_lowdim_only	0.4590644436653813
near_peptide_cluster_holdout	near_04	CNV0_02708	1	stacked_calibrated_meta_model_lowdim_only	0.46260115729104967
near_peptide_cluster_holdout	near_04	CNV0_02713	1	stacked_calibrated_meta_model_lowdim_only	0.42323546515824456
near_peptide_cluster_holdout	near_04	CNV0_02411	0	rule_gated_C_QK_structure	0.40356073594500724
near_peptide_cluster_holdout	near_04	CNV0_02419	0	rule_gated_C_QK_structure	0.39161297484206004
near_peptide_cluster_holdout	near_04	CNV0_02424	1	rule_gated_C_QK_structure	0.544150759443706
near_peptide_cluster_holdout	near_04	CNV0_02453	0	rule_gated_C_QK_structure	0.4705901413331658
near_peptide_cluster_holdout	near_04	CNV0_02458	0	rule_gated_C_QK_structure	0.568612583061225
near_peptide_cluster_holdout	near_04	CNV0_02478	1	rule_gated_C_QK_structure	0.5777561222247277
near_peptide_cluster_holdout	near_04	CNV0_02520	0	rule_gated_C_QK_structure	0.338561760280456
near_peptide_cluster_holdout	near_04	CNV0_02543	0	rule_gated_C_QK_structure	0.4595892049376629
near_peptide_cluster_holdout	near_04	CNV0_02550	0	rule_gated_C_QK_structure	0.4049409930739288
near_peptide_cluster_holdout	near_04	CNV0_02559	0	rule_gated_C_QK_structure	0.37414064911037503
near_peptide_cluster_holdout	near_04	CNV0_02567	0	rule_gated_C_QK_structure	0.2938790362176476
near_peptide_cluster_holdout	near_04	CNV0_02575	0	rule_gated_C_QK_structure	0.46775760237933783
near_peptide_cluster_holdout	near_04	CNV0_02577	0	rule_gated_C_QK_structure	0.2547001724451527
near_peptide_cluster_holdout	near_04	CNV0_02588	0	rule_gated_C_QK_structure	0.28022955196749577
near_peptide_cluster_holdout	near_04	CNV0_02589	0	rule_gated_C_QK_structure	0.4381445132901347
near_peptide_cluster_holdout	near_04	CNV0_02655	0	rule_gated_C_QK_structure	0.5248020606438376
near_peptide_cluster_holdout	near_04	CNV0_02708	1	rule_gated_C_QK_structure	0.4683966095670251
near_peptide_cluster_holdout	near_04	CNV0_02713	1	rule_gated_C_QK_structure	0.3196690536162131
exact_peptide_hla_holdout	pmhc_00	CNV0_02412	0	prespecified_equal_weight_C_QK_no_anchor	0.47975151733654586
exact_peptide_hla_holdout	pmhc_00	CNV0_02419	0	prespecified_equal_weight_C_QK_no_anchor	0.4367383368117611
exact_peptide_hla_holdout	pmhc_00	CNV0_02442	1	prespecified_equal_weight_C_QK_no_anchor	0.5616707881177513
exact_peptide_hla_holdout	pmhc_00	CNV0_02452	1	prespecified_equal_weight_C_QK_no_anchor	0.6629301261628608
exact_peptide_hla_holdout	pmhc_00	CNV0_02477	1	prespecified_equal_weight_C_QK_no_anchor	0.530030837127568
exact_peptide_hla_holdout	pmhc_00	CNV0_02537	0	prespecified_equal_weight_C_QK_no_anchor	0.2684395249583128
exact_peptide_hla_holdout	pmhc_00	CNV0_02543	0	prespecified_equal_weight_C_QK_no_anchor	0.48541807232387457
exact_peptide_hla_holdout	pmhc_00	CNV0_02545	1	prespecified_equal_weight_C_QK_no_anchor	0.26247103196488314
exact_peptide_hla_holdout	pmhc_00	CNV0_02550	0	prespecified_equal_weight_C_QK_no_anchor	0.4750836166293183
exact_peptide_hla_holdout	pmhc_00	CNV0_02562	0	prespecified_equal_weight_C_QK_no_anchor	0.36164103959175653
exact_peptide_hla_holdout	pmhc_00	CNV0_02567	0	prespecified_equal_weight_C_QK_no_anchor	0.4617474227244306
exact_peptide_hla_holdout	pmhc_00	CNV0_02569	0	prespecified_equal_weight_C_QK_no_anchor	0.3422354550681642
exact_peptide_hla_holdout	pmhc_00	CNV0_02571	0	prespecified_equal_weight_C_QK_no_anchor	0.3364707965075894
exact_peptide_hla_holdout	pmhc_00	CNV0_02574	0	prespecified_equal_weight_C_QK_no_anchor	0.2676449472674324
exact_peptide_hla_holdout	pmhc_00	CNV0_02580	0	prespecified_equal_weight_C_QK_no_anchor	0.532338360498286
exact_peptide_hla_holdout	pmhc_00	CNV0_02584	0	prespecified_equal_weight_C_QK_no_anchor	0.28673194218361275
exact_peptide_hla_holdout	pmhc_00	CNV0_02591	0	prespecified_equal_weight_C_QK_no_anchor	0.25281079092437825
exact_peptide_hla_holdout	pmhc_00	CNV0_02681	0	prespecified_equal_weight_C_QK_no_anchor	0.5528406955439735
exact_peptide_hla_holdout	pmhc_00	CNV0_02412	0	prespecified_C_0.5_QK_quantum_0.5	0.584111571396821
exact_peptide_hla_holdout	pmhc_00	CNV0_02419	0	prespecified_C_0.5_QK_quantum_0.5	0.43342353681443774
exact_peptide_hla_holdout	pmhc_00	CNV0_02442	1	prespecified_C_0.5_QK_quantum_0.5	0.6551455034989503
exact_peptide_hla_holdout	pmhc_00	CNV0_02452	1	prespecified_C_0.5_QK_quantum_0.5	0.6052074393627926
exact_peptide_hla_holdout	pmhc_00	CNV0_02477	1	prespecified_C_0.5_QK_quantum_0.5	0.6946548427971903
exact_peptide_hla_holdout	pmhc_00	CNV0_02537	0	prespecified_C_0.5_QK_quantum_0.5	0.4088040228115768
exact_peptide_hla_holdout	pmhc_00	CNV0_02543	0	prespecified_C_0.5_QK_quantum_0.5	0.35962184069639536
exact_peptide_hla_holdout	pmhc_00	CNV0_02545	1	prespecified_C_0.5_QK_quantum_0.5	0.4320237137937831
exact_peptide_hla_holdout	pmhc_00	CNV0_02550	0	prespecified_C_0.5_QK_quantum_0.5	0.5735726126867512
exact_peptide_hla_holdout	pmhc_00	CNV0_02562	0	prespecified_C_0.5_QK_quantum_0.5	0.18696659365427437
exact_peptide_hla_holdout	pmhc_00	CNV0_02567	0	prespecified_C_0.5_QK_quantum_0.5	0.49652520777160136
exact_peptide_hla_holdout	pmhc_00	CNV0_02569	0	prespecified_C_0.5_QK_quantum_0.5	0.42183217236829207
exact_peptide_hla_holdout	pmhc_00	CNV0_02571	0	prespecified_C_0.5_QK_quantum_0.5	0.4661064207773006
exact_peptide_hla_holdout	pmhc_00	CNV0_02574	0	prespecified_C_0.5_QK_quantum_0.5	0.3194875820844869
exact_peptide_hla_holdout	pmhc_00	CNV0_02580	0	prespecified_C_0.5_QK_quantum_0.5	0.4656614491580907
exact_peptide_hla_holdout	pmhc_00	CNV0_02584	0	prespecified_C_0.5_QK_quantum_0.5	0.34142466091309376
exact_peptide_hla_holdout	pmhc_00	CNV0_02591	0	prespecified_C_0.5_QK_quantum_0.5	0.3222675954333629
exact_peptide_hla_holdout	pmhc_00	CNV0_02681	0	prespecified_C_0.5_QK_quantum_0.5	0.3677161611034535
exact_peptide_hla_holdout	pmhc_00	CNV0_02412	0	nested_learned_gate_C_QK_structure	0.465999480793194
exact_peptide_hla_holdout	pmhc_00	CNV0_02419	0	nested_learned_gate_C_QK_structure	0.46453398964510784
exact_peptide_hla_holdout	pmhc_00	CNV0_02442	1	nested_learned_gate_C_QK_structure	0.5688192943590027
exact_peptide_hla_holdout	pmhc_00	CNV0_02452	1	nested_learned_gate_C_QK_structure	0.6108701680363187
exact_peptide_hla_holdout	pmhc_00	CNV0_02477	1	nested_learned_gate_C_QK_structure	0.5040823268851065
exact_peptide_hla_holdout	pmhc_00	CNV0_02537	0	nested_learned_gate_C_QK_structure	0.25683550498349167
exact_peptide_hla_holdout	pmhc_00	CNV0_02543	0	nested_learned_gate_C_QK_structure	0.46376917173982796
exact_peptide_hla_holdout	pmhc_00	CNV0_02545	1	nested_learned_gate_C_QK_structure	0.2610783412115029
exact_peptide_hla_holdout	pmhc_00	CNV0_02550	0	nested_learned_gate_C_QK_structure	0.4532305437054507
exact_peptide_hla_holdout	pmhc_00	CNV0_02562	0	nested_learned_gate_C_QK_structure	0.3003296821274092
exact_peptide_hla_holdout	pmhc_00	CNV0_02567	0	nested_learned_gate_C_QK_structure	0.3960583931406222
exact_peptide_hla_holdout	pmhc_00	CNV0_02569	0	nested_learned_gate_C_QK_structure	0.33099380485772006
exact_peptide_hla_holdout	pmhc_00	CNV0_02571	0	nested_learned_gate_C_QK_structure	0.32670106618207206
exact_peptide_hla_holdout	pmhc_00	CNV0_02574	0	nested_learned_gate_C_QK_structure	0.2501975727179716
exact_peptide_hla_holdout	pmhc_00	CNV0_02580	0	nested_learned_gate_C_QK_structure	0.4853201258328504
exact_peptide_hla_holdout	pmhc_00	CNV0_02584	0	nested_learned_gate_C_QK_structure	0.28271610628101407
exact_peptide_hla_holdout	pmhc_00	CNV0_02591	0	nested_learned_gate_C_QK_structure	0.2333564895210537
exact_peptide_hla_holdout	pmhc_00	CNV0_02681	0	nested_learned_gate_C_QK_structure	0.46447365168432175
exact_peptide_hla_holdout	pmhc_00	CNV0_02412	0	stacked_calibrated_meta_model_lowdim_only	0.39354365226402654
exact_peptide_hla_holdout	pmhc_00	CNV0_02419	0	stacked_calibrated_meta_model_lowdim_only	0.4398603402571581
exact_peptide_hla_holdout	pmhc_00	CNV0_02442	1	stacked_calibrated_meta_model_lowdim_only	0.7988469636551648
exact_peptide_hla_holdout	pmhc_00	CNV0_02452	1	stacked_calibrated_meta_model_lowdim_only	0.40178861130167565
exact_peptide_hla_holdout	pmhc_00	CNV0_02477	1	stacked_calibrated_meta_model_lowdim_only	0.7644235868820449
exact_peptide_hla_holdout	pmhc_00	CNV0_02537	0	stacked_calibrated_meta_model_lowdim_only	0.4240287629365357
exact_peptide_hla_holdout	pmhc_00	CNV0_02543	0	stacked_calibrated_meta_model_lowdim_only	0.5771915446707526
exact_peptide_hla_holdout	pmhc_00	CNV0_02545	1	stacked_calibrated_meta_model_lowdim_only	0.367571250917459
exact_peptide_hla_holdout	pmhc_00	CNV0_02550	0	stacked_calibrated_meta_model_lowdim_only	0.4607719344427443
exact_peptide_hla_holdout	pmhc_00	CNV0_02562	0	stacked_calibrated_meta_model_lowdim_only	0.4690886879068362
exact_peptide_hla_holdout	pmhc_00	CNV0_02567	0	stacked_calibrated_meta_model_lowdim_only	0.39636010376611935
exact_peptide_hla_holdout	pmhc_00	CNV0_02569	0	stacked_calibrated_meta_model_lowdim_only	0.39625901584503265
exact_peptide_hla_holdout	pmhc_00	CNV0_02571	0	stacked_calibrated_meta_model_lowdim_only	0.38686151049322864
exact_peptide_hla_holdout	pmhc_00	CNV0_02574	0	stacked_calibrated_meta_model_lowdim_only	0.4122742797606914
exact_peptide_hla_holdout	pmhc_00	CNV0_02580	0	stacked_calibrated_meta_model_lowdim_only	0.5134468250701615
exact_peptide_hla_holdout	pmhc_00	CNV0_02584	0	stacked_calibrated_meta_model_lowdim_only	0.42998992294807487
exact_peptide_hla_holdout	pmhc_00	CNV0_02591	0	stacked_calibrated_meta_model_lowdim_only	0.4138836723965655
exact_peptide_hla_holdout	pmhc_00	CNV0_02681	0	stacked_calibrated_meta_model_lowdim_only	0.4373065314912779
exact_peptide_hla_holdout	pmhc_00	CNV0_02412	0	rule_gated_C_QK_structure	0.48510886200169373
exact_peptide_hla_holdout	pmhc_00	CNV0_02419	0	rule_gated_C_QK_structure	0.42252221838186926
exact_peptide_hla_holdout	pmhc_00	CNV0_02442	1	rule_gated_C_QK_structure	0.5680691810758308
exact_peptide_hla_holdout	pmhc_00	CNV0_02452	1	rule_gated_C_QK_structure	0.6215452435655352
exact_peptide_hla_holdout	pmhc_00	CNV0_02477	1	rule_gated_C_QK_structure	0.5475978567714477
exact_peptide_hla_holdout	pmhc_00	CNV0_02537	0	rule_gated_C_QK_structure	0.30758143354640727
exact_peptide_hla_holdout	pmhc_00	CNV0_02543	0	rule_gated_C_QK_structure	0.43260724251014654
exact_peptide_hla_holdout	pmhc_00	CNV0_02545	1	rule_gated_C_QK_structure	0.29662862873528334
exact_peptide_hla_holdout	pmhc_00	CNV0_02550	0	rule_gated_C_QK_structure	0.4712715245377158
exact_peptide_hla_holdout	pmhc_00	CNV0_02562	0	rule_gated_C_QK_structure	0.3262215604768057
exact_peptide_hla_holdout	pmhc_00	CNV0_02567	0	rule_gated_C_QK_structure	0.44324259105629893
exact_peptide_hla_holdout	pmhc_00	CNV0_02569	0	rule_gated_C_QK_structure	0.3474055920642929
exact_peptide_hla_holdout	pmhc_00	CNV0_02571	0	rule_gated_C_QK_structure	0.3529590189199914
exact_peptide_hla_holdout	pmhc_00	CNV0_02574	0	rule_gated_C_QK_structure	0.2737989490794108
exact_peptide_hla_holdout	pmhc_00	CNV0_02580	0	rule_gated_C_QK_structure	0.4946132628363986
exact_peptide_hla_holdout	pmhc_00	CNV0_02584	0	rule_gated_C_QK_structure	0.285778791177292
exact_peptide_hla_holdout	pmhc_00	CNV0_02591	0	rule_gated_C_QK_structure	0.25890119723559835
exact_peptide_hla_holdout	pmhc_00	CNV0_02681	0	rule_gated_C_QK_structure	0.4912758031399879
exact_peptide_hla_holdout	pmhc_01	CNV0_02401	0	prespecified_equal_weight_C_QK_no_anchor	0.36750429248811545
exact_peptide_hla_holdout	pmhc_01	CNV0_02411	0	prespecified_equal_weight_C_QK_no_anchor	0.46249471942502585
exact_peptide_hla_holdout	pmhc_01	CNV0_02418	0	prespecified_equal_weight_C_QK_no_anchor	0.32550558222254666
exact_peptide_hla_holdout	pmhc_01	CNV0_02424	1	prespecified_equal_weight_C_QK_no_anchor	0.5241810849780489
exact_peptide_hla_holdout	pmhc_01	CNV0_02453	0	prespecified_equal_weight_C_QK_no_anchor	0.4610450733765402
exact_peptide_hla_holdout	pmhc_01	CNV0_02458	0	prespecified_equal_weight_C_QK_no_anchor	0.5862187143830289
exact_peptide_hla_holdout	pmhc_01	CNV0_02538	0	prespecified_equal_weight_C_QK_no_anchor	0.4357763717303532
exact_peptide_hla_holdout	pmhc_01	CNV0_02544	0	prespecified_equal_weight_C_QK_no_anchor	0.42676357385062136
exact_peptide_hla_holdout	pmhc_01	CNV0_02565	0	prespecified_equal_weight_C_QK_no_anchor	0.537181765578798
exact_peptide_hla_holdout	pmhc_01	CNV0_02570	0	prespecified_equal_weight_C_QK_no_anchor	0.3125078400959529
exact_peptide_hla_holdout	pmhc_01	CNV0_02575	0	prespecified_equal_weight_C_QK_no_anchor	0.5304863276619258
exact_peptide_hla_holdout	pmhc_01	CNV0_02577	0	prespecified_equal_weight_C_QK_no_anchor	0.30101119716999025
exact_peptide_hla_holdout	pmhc_01	CNV0_02581	0	prespecified_equal_weight_C_QK_no_anchor	0.26982196523547913
exact_peptide_hla_holdout	pmhc_01	CNV0_02592	0	prespecified_equal_weight_C_QK_no_anchor	0.5843519154817975
exact_peptide_hla_holdout	pmhc_01	CNV0_02685	0	prespecified_equal_weight_C_QK_no_anchor	0.48388094667447057
exact_peptide_hla_holdout	pmhc_01	CNV0_02709	1	prespecified_equal_weight_C_QK_no_anchor	0.4005448286551373
exact_peptide_hla_holdout	pmhc_01	CNV0_02712	1	prespecified_equal_weight_C_QK_no_anchor	0.5637087886038941
exact_peptide_hla_holdout	pmhc_01	CNV0_02713	1	prespecified_equal_weight_C_QK_no_anchor	0.5592071966222318
exact_peptide_hla_holdout	pmhc_01	CNV0_02401	0	prespecified_C_0.5_QK_quantum_0.5	0.3107372583036758
exact_peptide_hla_holdout	pmhc_01	CNV0_02411	0	prespecified_C_0.5_QK_quantum_0.5	0.37358914050531605
exact_peptide_hla_holdout	pmhc_01	CNV0_02418	0	prespecified_C_0.5_QK_quantum_0.5	0.262288209301759
exact_peptide_hla_holdout	pmhc_01	CNV0_02424	1	prespecified_C_0.5_QK_quantum_0.5	0.5735300400467986
exact_peptide_hla_holdout	pmhc_01	CNV0_02453	0	prespecified_C_0.5_QK_quantum_0.5	0.4798113532700603
exact_peptide_hla_holdout	pmhc_01	CNV0_02458	0	prespecified_C_0.5_QK_quantum_0.5	0.512860012728235
exact_peptide_hla_holdout	pmhc_01	CNV0_02538	0	prespecified_C_0.5_QK_quantum_0.5	0.4156136863701552
exact_peptide_hla_holdout	pmhc_01	CNV0_02544	0	prespecified_C_0.5_QK_quantum_0.5	0.3244602299112124
exact_peptide_hla_holdout	pmhc_01	CNV0_02565	0	prespecified_C_0.5_QK_quantum_0.5	0.4494068352894116
exact_peptide_hla_holdout	pmhc_01	CNV0_02570	0	prespecified_C_0.5_QK_quantum_0.5	0.505168129713689
exact_peptide_hla_holdout	pmhc_01	CNV0_02575	0	prespecified_C_0.5_QK_quantum_0.5	0.4645134395241591
exact_peptide_hla_holdout	pmhc_01	CNV0_02577	0	prespecified_C_0.5_QK_quantum_0.5	0.3288759937964678
exact_peptide_hla_holdout	pmhc_01	CNV0_02581	0	prespecified_C_0.5_QK_quantum_0.5	0.2672638329921236
exact_peptide_hla_holdout	pmhc_01	CNV0_02592	0	prespecified_C_0.5_QK_quantum_0.5	0.5797097680475596
exact_peptide_hla_holdout	pmhc_01	CNV0_02685	0	prespecified_C_0.5_QK_quantum_0.5	0.34503973137447635
exact_peptide_hla_holdout	pmhc_01	CNV0_02709	1	prespecified_C_0.5_QK_quantum_0.5	0.6239657700142262
exact_peptide_hla_holdout	pmhc_01	CNV0_02712	1	prespecified_C_0.5_QK_quantum_0.5	0.6885302216725937
exact_peptide_hla_holdout	pmhc_01	CNV0_02713	1	prespecified_C_0.5_QK_quantum_0.5	0.3098439960576991
exact_peptide_hla_holdout	pmhc_01	CNV0_02401	0	nested_learned_gate_C_QK_structure	0.36028789825434687
exact_peptide_hla_holdout	pmhc_01	CNV0_02411	0	nested_learned_gate_C_QK_structure	0.4199085585937476
exact_peptide_hla_holdout	pmhc_01	CNV0_02418	0	nested_learned_gate_C_QK_structure	0.3142540672695945
exact_peptide_hla_holdout	pmhc_01	CNV0_02424	1	nested_learned_gate_C_QK_structure	0.4817344456455841
exact_peptide_hla_holdout	pmhc_01	CNV0_02453	0	nested_learned_gate_C_QK_structure	0.4558301084051328
exact_peptide_hla_holdout	pmhc_01	CNV0_02458	0	nested_learned_gate_C_QK_structure	0.5337634280895875
exact_peptide_hla_holdout	pmhc_01	CNV0_02538	0	nested_learned_gate_C_QK_structure	0.4356529207355959
exact_peptide_hla_holdout	pmhc_01	CNV0_02544	0	nested_learned_gate_C_QK_structure	0.3580866862692842
exact_peptide_hla_holdout	pmhc_01	CNV0_02565	0	nested_learned_gate_C_QK_structure	0.4927803946137985
exact_peptide_hla_holdout	pmhc_01	CNV0_02570	0	nested_learned_gate_C_QK_structure	0.3727808347918982
exact_peptide_hla_holdout	pmhc_01	CNV0_02575	0	nested_learned_gate_C_QK_structure	0.486378314031477
exact_peptide_hla_holdout	pmhc_01	CNV0_02577	0	nested_learned_gate_C_QK_structure	0.3109439169776646
exact_peptide_hla_holdout	pmhc_01	CNV0_02581	0	nested_learned_gate_C_QK_structure	0.24842134674950178
exact_peptide_hla_holdout	pmhc_01	CNV0_02592	0	nested_learned_gate_C_QK_structure	0.5240002617013303
exact_peptide_hla_holdout	pmhc_01	CNV0_02685	0	nested_learned_gate_C_QK_structure	0.45713859384968114
exact_peptide_hla_holdout	pmhc_01	CNV0_02709	1	nested_learned_gate_C_QK_structure	0.4271750624042872
exact_peptide_hla_holdout	pmhc_01	CNV0_02712	1	nested_learned_gate_C_QK_structure	0.5360208358950378
exact_peptide_hla_holdout	pmhc_01	CNV0_02713	1	nested_learned_gate_C_QK_structure	0.45732763975023627
exact_peptide_hla_holdout	pmhc_01	CNV0_02401	0	stacked_calibrated_meta_model_lowdim_only	0.3958933921724673
exact_peptide_hla_holdout	pmhc_01	CNV0_02411	0	stacked_calibrated_meta_model_lowdim_only	0.44136190134342623
exact_peptide_hla_holdout	pmhc_01	CNV0_02418	0	stacked_calibrated_meta_model_lowdim_only	0.3840972937726785
exact_peptide_hla_holdout	pmhc_01	CNV0_02424	1	stacked_calibrated_meta_model_lowdim_only	0.47325860230736194
exact_peptide_hla_holdout	pmhc_01	CNV0_02453	0	stacked_calibrated_meta_model_lowdim_only	0.5113812334722818
exact_peptide_hla_holdout	pmhc_01	CNV0_02458	0	stacked_calibrated_meta_model_lowdim_only	0.509494258181687
exact_peptide_hla_holdout	pmhc_01	CNV0_02538	0	stacked_calibrated_meta_model_lowdim_only	0.4759266754246102
exact_peptide_hla_holdout	pmhc_01	CNV0_02544	0	stacked_calibrated_meta_model_lowdim_only	0.5083161937386197
exact_peptide_hla_holdout	pmhc_01	CNV0_02565	0	stacked_calibrated_meta_model_lowdim_only	0.48696225391537057
exact_peptide_hla_holdout	pmhc_01	CNV0_02570	0	stacked_calibrated_meta_model_lowdim_only	0.4559611777009582
exact_peptide_hla_holdout	pmhc_01	CNV0_02575	0	stacked_calibrated_meta_model_lowdim_only	0.49959044785600276
exact_peptide_hla_holdout	pmhc_01	CNV0_02577	0	stacked_calibrated_meta_model_lowdim_only	0.3932727053104811
exact_peptide_hla_holdout	pmhc_01	CNV0_02581	0	stacked_calibrated_meta_model_lowdim_only	0.3371592414256342
exact_peptide_hla_holdout	pmhc_01	CNV0_02592	0	stacked_calibrated_meta_model_lowdim_only	0.49778187118498834
exact_peptide_hla_holdout	pmhc_01	CNV0_02685	0	stacked_calibrated_meta_model_lowdim_only	0.4707784306523294
exact_peptide_hla_holdout	pmhc_01	CNV0_02709	1	stacked_calibrated_meta_model_lowdim_only	0.4610466049160807
exact_peptide_hla_holdout	pmhc_01	CNV0_02712	1	stacked_calibrated_meta_model_lowdim_only	0.7415711755522283
exact_peptide_hla_holdout	pmhc_01	CNV0_02713	1	stacked_calibrated_meta_model_lowdim_only	0.5808112385974207
exact_peptide_hla_holdout	pmhc_01	CNV0_02401	0	rule_gated_C_QK_structure	0.36713314416953147
exact_peptide_hla_holdout	pmhc_01	CNV0_02411	0	rule_gated_C_QK_structure	0.43367931355032413
exact_peptide_hla_holdout	pmhc_01	CNV0_02418	0	rule_gated_C_QK_structure	0.3156381816343128
exact_peptide_hla_holdout	pmhc_01	CNV0_02424	1	rule_gated_C_QK_structure	0.501943408263668
exact_peptide_hla_holdout	pmhc_01	CNV0_02453	0	rule_gated_C_QK_structure	0.45426783669239157
exact_peptide_hla_holdout	pmhc_01	CNV0_02458	0	rule_gated_C_QK_structure	0.5519270332459437
exact_peptide_hla_holdout	pmhc_01	CNV0_02538	0	rule_gated_C_QK_structure	0.4272437850737628
exact_peptide_hla_holdout	pmhc_01	CNV0_02544	0	rule_gated_C_QK_structure	0.38533984271728416
exact_peptide_hla_holdout	pmhc_01	CNV0_02565	0	rule_gated_C_QK_structure	0.5085113304779113
exact_peptide_hla_holdout	pmhc_01	CNV0_02570	0	rule_gated_C_QK_structure	0.34600301855927784
exact_peptide_hla_holdout	pmhc_01	CNV0_02575	0	rule_gated_C_QK_structure	0.4910899128143894
exact_peptide_hla_holdout	pmhc_01	CNV0_02577	0	rule_gated_C_QK_structure	0.3066525539622322
exact_peptide_hla_holdout	pmhc_01	CNV0_02581	0	rule_gated_C_QK_structure	0.26152158630464006
exact_peptide_hla_holdout	pmhc_01	CNV0_02592	0	rule_gated_C_QK_structure	0.5496177470974802
exact_peptide_hla_holdout	pmhc_01	CNV0_02685	0	rule_gated_C_QK_structure	0.4565257520716218
exact_peptide_hla_holdout	pmhc_01	CNV0_02709	1	rule_gated_C_QK_structure	0.42719973765972424
exact_peptide_hla_holdout	pmhc_01	CNV0_02712	1	rule_gated_C_QK_structure	0.5747540405968417
exact_peptide_hla_holdout	pmhc_01	CNV0_02713	1	rule_gated_C_QK_structure	0.47915866426539644
exact_peptide_hla_holdout	pmhc_02	CNV0_02398	1	prespecified_equal_weight_C_QK_no_anchor	0.29225695155446496
exact_peptide_hla_holdout	pmhc_02	CNV0_02414	0	prespecified_equal_weight_C_QK_no_anchor	0.3715165181328868
exact_peptide_hla_holdout	pmhc_02	CNV0_02416	0	prespecified_equal_weight_C_QK_no_anchor	0.36839416168199585
exact_peptide_hla_holdout	pmhc_02	CNV0_02460	1	prespecified_equal_weight_C_QK_no_anchor	0.443590101489966
exact_peptide_hla_holdout	pmhc_02	CNV0_02510	1	prespecified_equal_weight_C_QK_no_anchor	0.3763969807148189
exact_peptide_hla_holdout	pmhc_02	CNV0_02515	0	prespecified_equal_weight_C_QK_no_anchor	0.345032694005013
exact_peptide_hla_holdout	pmhc_02	CNV0_02516	0	prespecified_equal_weight_C_QK_no_anchor	0.29095709923851665
exact_peptide_hla_holdout	pmhc_02	CNV0_02556	0	prespecified_equal_weight_C_QK_no_anchor	0.3851558274342341
exact_peptide_hla_holdout	pmhc_02	CNV0_02559	0	prespecified_equal_weight_C_QK_no_anchor	0.5222062859302825
exact_peptide_hla_holdout	pmhc_02	CNV0_02564	0	prespecified_equal_weight_C_QK_no_anchor	0.4281581882751003
exact_peptide_hla_holdout	pmhc_02	CNV0_02568	0	prespecified_equal_weight_C_QK_no_anchor	0.282781810361345
exact_peptide_hla_holdout	pmhc_02	CNV0_02579	0	prespecified_equal_weight_C_QK_no_anchor	0.17294163724667688
exact_peptide_hla_holdout	pmhc_02	CNV0_02585	0	prespecified_equal_weight_C_QK_no_anchor	0.3883724911515063
exact_peptide_hla_holdout	pmhc_02	CNV0_02587	0	prespecified_equal_weight_C_QK_no_anchor	0.39316164085056626
exact_peptide_hla_holdout	pmhc_02	CNV0_02593	0	prespecified_equal_weight_C_QK_no_anchor	0.459284323788892
exact_peptide_hla_holdout	pmhc_02	CNV0_02660	0	prespecified_equal_weight_C_QK_no_anchor	0.39759371745737515
exact_peptide_hla_holdout	pmhc_02	CNV0_02708	1	prespecified_equal_weight_C_QK_no_anchor	0.5423495568131759
exact_peptide_hla_holdout	pmhc_02	CNV0_02710	1	prespecified_equal_weight_C_QK_no_anchor	0.47219467884882216
exact_peptide_hla_holdout	pmhc_02	CNV0_02398	1	prespecified_C_0.5_QK_quantum_0.5	0.3395540710667141
exact_peptide_hla_holdout	pmhc_02	CNV0_02414	0	prespecified_C_0.5_QK_quantum_0.5	0.46448618911210116
exact_peptide_hla_holdout	pmhc_02	CNV0_02416	0	prespecified_C_0.5_QK_quantum_0.5	0.4989427494403915
exact_peptide_hla_holdout	pmhc_02	CNV0_02460	1	prespecified_C_0.5_QK_quantum_0.5	0.37501449109761786
exact_peptide_hla_holdout	pmhc_02	CNV0_02510	1	prespecified_C_0.5_QK_quantum_0.5	0.3931402761385624
exact_peptide_hla_holdout	pmhc_02	CNV0_02515	0	prespecified_C_0.5_QK_quantum_0.5	0.4747034779622129
exact_peptide_hla_holdout	pmhc_02	CNV0_02516	0	prespecified_C_0.5_QK_quantum_0.5	0.22779843493570512
exact_peptide_hla_holdout	pmhc_02	CNV0_02556	0	prespecified_C_0.5_QK_quantum_0.5	0.31444275472075206
exact_peptide_hla_holdout	pmhc_02	CNV0_02559	0	prespecified_C_0.5_QK_quantum_0.5	0.48219249184691015
exact_peptide_hla_holdout	pmhc_02	CNV0_02564	0	prespecified_C_0.5_QK_quantum_0.5	0.4616557779750519
exact_peptide_hla_holdout	pmhc_02	CNV0_02568	0	prespecified_C_0.5_QK_quantum_0.5	0.36553899128536843
exact_peptide_hla_holdout	pmhc_02	CNV0_02579	0	prespecified_C_0.5_QK_quantum_0.5	0.28705831491038014
exact_peptide_hla_holdout	pmhc_02	CNV0_02585	0	prespecified_C_0.5_QK_quantum_0.5	0.4229221929584477
exact_peptide_hla_holdout	pmhc_02	CNV0_02587	0	prespecified_C_0.5_QK_quantum_0.5	0.2197240183888644
exact_peptide_hla_holdout	pmhc_02	CNV0_02593	0	prespecified_C_0.5_QK_quantum_0.5	0.32146221652335816
exact_peptide_hla_holdout	pmhc_02	CNV0_02660	0	prespecified_C_0.5_QK_quantum_0.5	0.485674542211189
exact_peptide_hla_holdout	pmhc_02	CNV0_02708	1	prespecified_C_0.5_QK_quantum_0.5	0.5196239746097986
exact_peptide_hla_holdout	pmhc_02	CNV0_02710	1	prespecified_C_0.5_QK_quantum_0.5	0.3528248131749061
exact_peptide_hla_holdout	pmhc_02	CNV0_02398	1	nested_learned_gate_C_QK_structure	0.32428137276688423
exact_peptide_hla_holdout	pmhc_02	CNV0_02414	0	nested_learned_gate_C_QK_structure	0.3725623567259334
exact_peptide_hla_holdout	pmhc_02	CNV0_02416	0	nested_learned_gate_C_QK_structure	0.3649562795449838
exact_peptide_hla_holdout	pmhc_02	CNV0_02460	1	nested_learned_gate_C_QK_structure	0.4323893428529132
exact_peptide_hla_holdout	pmhc_02	CNV0_02510	1	nested_learned_gate_C_QK_structure	0.401949692079875
exact_peptide_hla_holdout	pmhc_02	CNV0_02515	0	nested_learned_gate_C_QK_structure	0.3595298922448267
exact_peptide_hla_holdout	pmhc_02	CNV0_02516	0	nested_learned_gate_C_QK_structure	0.3379721746921833
exact_peptide_hla_holdout	pmhc_02	CNV0_02556	0	nested_learned_gate_C_QK_structure	0.3985077676984552
exact_peptide_hla_holdout	pmhc_02	CNV0_02559	0	nested_learned_gate_C_QK_structure	0.5133117987578995
exact_peptide_hla_holdout	pmhc_02	CNV0_02564	0	nested_learned_gate_C_QK_structure	0.40138877304989246
exact_peptide_hla_holdout	pmhc_02	CNV0_02568	0	nested_learned_gate_C_QK_structure	0.29640118819606665
exact_peptide_hla_holdout	pmhc_02	CNV0_02579	0	nested_learned_gate_C_QK_structure	0.24165940125433483
exact_peptide_hla_holdout	pmhc_02	CNV0_02585	0	nested_learned_gate_C_QK_structure	0.4305047154302259
exact_peptide_hla_holdout	pmhc_02	CNV0_02587	0	nested_learned_gate_C_QK_structure	0.4111631788231634
exact_peptide_hla_holdout	pmhc_02	CNV0_02593	0	nested_learned_gate_C_QK_structure	0.4312984533396006
exact_peptide_hla_holdout	pmhc_02	CNV0_02660	0	nested_learned_gate_C_QK_structure	0.43088140840068284
exact_peptide_hla_holdout	pmhc_02	CNV0_02708	1	nested_learned_gate_C_QK_structure	0.5141223243389779
exact_peptide_hla_holdout	pmhc_02	CNV0_02710	1	nested_learned_gate_C_QK_structure	0.442788565361109
exact_peptide_hla_holdout	pmhc_02	CNV0_02398	1	stacked_calibrated_meta_model_lowdim_only	0.31967551845105896
exact_peptide_hla_holdout	pmhc_02	CNV0_02414	0	stacked_calibrated_meta_model_lowdim_only	0.4220978065503119
exact_peptide_hla_holdout	pmhc_02	CNV0_02416	0	stacked_calibrated_meta_model_lowdim_only	0.35001466774994505
exact_peptide_hla_holdout	pmhc_02	CNV0_02460	1	stacked_calibrated_meta_model_lowdim_only	0.25671035574247136
exact_peptide_hla_holdout	pmhc_02	CNV0_02510	1	stacked_calibrated_meta_model_lowdim_only	0.3633693477855038
exact_peptide_hla_holdout	pmhc_02	CNV0_02515	0	stacked_calibrated_meta_model_lowdim_only	0.36155364724186845
exact_peptide_hla_holdout	pmhc_02	CNV0_02516	0	stacked_calibrated_meta_model_lowdim_only	0.4574603281409276
exact_peptide_hla_holdout	pmhc_02	CNV0_02556	0	stacked_calibrated_meta_model_lowdim_only	0.38396568083536764
exact_peptide_hla_holdout	pmhc_02	CNV0_02559	0	stacked_calibrated_meta_model_lowdim_only	0.4419383292199477
exact_peptide_hla_holdout	pmhc_02	CNV0_02564	0	stacked_calibrated_meta_model_lowdim_only	0.387231622177826
exact_peptide_hla_holdout	pmhc_02	CNV0_02568	0	stacked_calibrated_meta_model_lowdim_only	0.2999798752584964
exact_peptide_hla_holdout	pmhc_02	CNV0_02579	0	stacked_calibrated_meta_model_lowdim_only	0.3353807585787481
exact_peptide_hla_holdout	pmhc_02	CNV0_02585	0	stacked_calibrated_meta_model_lowdim_only	0.46407757866330607
exact_peptide_hla_holdout	pmhc_02	CNV0_02587	0	stacked_calibrated_meta_model_lowdim_only	0.36749306780283
exact_peptide_hla_holdout	pmhc_02	CNV0_02593	0	stacked_calibrated_meta_model_lowdim_only	0.3760448944086665
exact_peptide_hla_holdout	pmhc_02	CNV0_02660	0	stacked_calibrated_meta_model_lowdim_only	0.5603306400014364
exact_peptide_hla_holdout	pmhc_02	CNV0_02708	1	stacked_calibrated_meta_model_lowdim_only	0.5134177479733256
exact_peptide_hla_holdout	pmhc_02	CNV0_02710	1	stacked_calibrated_meta_model_lowdim_only	0.35582213985648886
exact_peptide_hla_holdout	pmhc_02	CNV0_02398	1	rule_gated_C_QK_structure	0.3019321552448663
exact_peptide_hla_holdout	pmhc_02	CNV0_02414	0	rule_gated_C_QK_structure	0.3840712098055195
exact_peptide_hla_holdout	pmhc_02	CNV0_02416	0	rule_gated_C_QK_structure	0.38497577714258846
exact_peptide_hla_holdout	pmhc_02	CNV0_02460	1	rule_gated_C_QK_structure	0.43806318363984936
exact_peptide_hla_holdout	pmhc_02	CNV0_02510	1	rule_gated_C_QK_structure	0.37896293924819396
exact_peptide_hla_holdout	pmhc_02	CNV0_02515	0	rule_gated_C_QK_structure	0.36800458261332264
exact_peptide_hla_holdout	pmhc_02	CNV0_02516	0	rule_gated_C_QK_structure	0.2978435792067704
exact_peptide_hla_holdout	pmhc_02	CNV0_02556	0	rule_gated_C_QK_structure	0.36714804013842706
exact_peptide_hla_holdout	pmhc_02	CNV0_02559	0	rule_gated_C_QK_structure	0.49662475515887616
exact_peptide_hla_holdout	pmhc_02	CNV0_02564	0	rule_gated_C_QK_structure	0.41158473959026765
exact_peptide_hla_holdout	pmhc_02	CNV0_02568	0	rule_gated_C_QK_structure	0.2958398299314036
exact_peptide_hla_holdout	pmhc_02	CNV0_02579	0	rule_gated_C_QK_structure	0.21795615638665986
exact_peptide_hla_holdout	pmhc_02	CNV0_02585	0	rule_gated_C_QK_structure	0.4009148949582191
exact_peptide_hla_holdout	pmhc_02	CNV0_02587	0	rule_gated_C_QK_structure	0.3551738721547265
exact_peptide_hla_holdout	pmhc_02	CNV0_02593	0	rule_gated_C_QK_structure	0.4094122287882712
exact_peptide_hla_holdout	pmhc_02	CNV0_02660	0	rule_gated_C_QK_structure	0.4076069662845334
exact_peptide_hla_holdout	pmhc_02	CNV0_02708	1	rule_gated_C_QK_structure	0.5155365236137925
exact_peptide_hla_holdout	pmhc_02	CNV0_02710	1	rule_gated_C_QK_structure	0.42595165312215777
exact_peptide_hla_holdout	pmhc_03	CNV0_02405	1	prespecified_equal_weight_C_QK_no_anchor	0.5267652852050793
exact_peptide_hla_holdout	pmhc_03	CNV0_02421	0	prespecified_equal_weight_C_QK_no_anchor	0.6416937122736477
exact_peptide_hla_holdout	pmhc_03	CNV0_02450	1	prespecified_equal_weight_C_QK_no_anchor	0.5861844360029782
exact_peptide_hla_holdout	pmhc_03	CNV0_02478	1	prespecified_equal_weight_C_QK_no_anchor	0.6097842655279544
exact_peptide_hla_holdout	pmhc_03	CNV0_02511	1	prespecified_equal_weight_C_QK_no_anchor	0.559083974624075
exact_peptide_hla_holdout	pmhc_03	CNV0_02512	0	prespecified_equal_weight_C_QK_no_anchor	0.309397190373984
exact_peptide_hla_holdout	pmhc_03	CNV0_02513	0	prespecified_equal_weight_C_QK_no_anchor	0.4793497023697062
exact_peptide_hla_holdout	pmhc_03	CNV0_02514	0	prespecified_equal_weight_C_QK_no_anchor	0.3421080736718497
exact_peptide_hla_holdout	pmhc_03	CNV0_02517	0	prespecified_equal_weight_C_QK_no_anchor	0.3740281009777212
exact_peptide_hla_holdout	pmhc_03	CNV0_02536	0	prespecified_equal_weight_C_QK_no_anchor	0.2844564910169245
exact_peptide_hla_holdout	pmhc_03	CNV0_02555	0	prespecified_equal_weight_C_QK_no_anchor	0.5157266805925744
exact_peptide_hla_holdout	pmhc_03	CNV0_02563	0	prespecified_equal_weight_C_QK_no_anchor	0.2428995600656916
exact_peptide_hla_holdout	pmhc_03	CNV0_02573	0	prespecified_equal_weight_C_QK_no_anchor	0.4141606934773565
exact_peptide_hla_holdout	pmhc_03	CNV0_02578	0	prespecified_equal_weight_C_QK_no_anchor	0.45552205754892033
exact_peptide_hla_holdout	pmhc_03	CNV0_02583	0	prespecified_equal_weight_C_QK_no_anchor	0.28788833718577606
exact_peptide_hla_holdout	pmhc_03	CNV0_02594	0	prespecified_equal_weight_C_QK_no_anchor	0.2804212188089358
exact_peptide_hla_holdout	pmhc_03	CNV0_02655	0	prespecified_equal_weight_C_QK_no_anchor	0.5422051614127952
exact_peptide_hla_holdout	pmhc_03	CNV0_02405	1	prespecified_C_0.5_QK_quantum_0.5	0.4541260562299344
exact_peptide_hla_holdout	pmhc_03	CNV0_02421	0	prespecified_C_0.5_QK_quantum_0.5	0.4167836968566863
exact_peptide_hla_holdout	pmhc_03	CNV0_02450	1	prespecified_C_0.5_QK_quantum_0.5	0.6746562586653657
exact_peptide_hla_holdout	pmhc_03	CNV0_02478	1	prespecified_C_0.5_QK_quantum_0.5	0.4321141296209733
exact_peptide_hla_holdout	pmhc_03	CNV0_02511	1	prespecified_C_0.5_QK_quantum_0.5	0.5095029548197495
exact_peptide_hla_holdout	pmhc_03	CNV0_02512	0	prespecified_C_0.5_QK_quantum_0.5	0.2660854061247597
exact_peptide_hla_holdout	pmhc_03	CNV0_02513	0	prespecified_C_0.5_QK_quantum_0.5	0.7070718815049464
exact_peptide_hla_holdout	pmhc_03	CNV0_02514	0	prespecified_C_0.5_QK_quantum_0.5	0.32583453357805886
exact_peptide_hla_holdout	pmhc_03	CNV0_02517	0	prespecified_C_0.5_QK_quantum_0.5	0.26047628443245846
exact_peptide_hla_holdout	pmhc_03	CNV0_02536	0	prespecified_C_0.5_QK_quantum_0.5	0.397936851453065
exact_peptide_hla_holdout	pmhc_03	CNV0_02555	0	prespecified_C_0.5_QK_quantum_0.5	0.4008875949316155
exact_peptide_hla_holdout	pmhc_03	CNV0_02563	0	prespecified_C_0.5_QK_quantum_0.5	0.20483522663879597
exact_peptide_hla_holdout	pmhc_03	CNV0_02573	0	prespecified_C_0.5_QK_quantum_0.5	0.3929578399821675
exact_peptide_hla_holdout	pmhc_03	CNV0_02578	0	prespecified_C_0.5_QK_quantum_0.5	0.5587513522114744
exact_peptide_hla_holdout	pmhc_03	CNV0_02583	0	prespecified_C_0.5_QK_quantum_0.5	0.26401922895514035
exact_peptide_hla_holdout	pmhc_03	CNV0_02594	0	prespecified_C_0.5_QK_quantum_0.5	0.350392111707612
exact_peptide_hla_holdout	pmhc_03	CNV0_02655	0	prespecified_C_0.5_QK_quantum_0.5	0.563668120875162
exact_peptide_hla_holdout	pmhc_03	CNV0_02405	1	nested_learned_gate_C_QK_structure	0.5267652852050793
exact_peptide_hla_holdout	pmhc_03	CNV0_02421	0	nested_learned_gate_C_QK_structure	0.6416937122736477
exact_peptide_hla_holdout	pmhc_03	CNV0_02450	1	nested_learned_gate_C_QK_structure	0.5861844360029782
exact_peptide_hla_holdout	pmhc_03	CNV0_02478	1	nested_learned_gate_C_QK_structure	0.6097842655279544
exact_peptide_hla_holdout	pmhc_03	CNV0_02511	1	nested_learned_gate_C_QK_structure	0.559083974624075
exact_peptide_hla_holdout	pmhc_03	CNV0_02512	0	nested_learned_gate_C_QK_structure	0.309397190373984
exact_peptide_hla_holdout	pmhc_03	CNV0_02513	0	nested_learned_gate_C_QK_structure	0.4793497023697062
exact_peptide_hla_holdout	pmhc_03	CNV0_02514	0	nested_learned_gate_C_QK_structure	0.3421080736718497
exact_peptide_hla_holdout	pmhc_03	CNV0_02517	0	nested_learned_gate_C_QK_structure	0.3740281009777212
exact_peptide_hla_holdout	pmhc_03	CNV0_02536	0	nested_learned_gate_C_QK_structure	0.2844564910169245
exact_peptide_hla_holdout	pmhc_03	CNV0_02555	0	nested_learned_gate_C_QK_structure	0.5157266805925744
exact_peptide_hla_holdout	pmhc_03	CNV0_02563	0	nested_learned_gate_C_QK_structure	0.2428995600656916
exact_peptide_hla_holdout	pmhc_03	CNV0_02573	0	nested_learned_gate_C_QK_structure	0.4141606934773565
exact_peptide_hla_holdout	pmhc_03	CNV0_02578	0	nested_learned_gate_C_QK_structure	0.45552205754892033
exact_peptide_hla_holdout	pmhc_03	CNV0_02583	0	nested_learned_gate_C_QK_structure	0.28788833718577606
exact_peptide_hla_holdout	pmhc_03	CNV0_02594	0	nested_learned_gate_C_QK_structure	0.2804212188089358
exact_peptide_hla_holdout	pmhc_03	CNV0_02655	0	nested_learned_gate_C_QK_structure	0.5422051614127952
exact_peptide_hla_holdout	pmhc_03	CNV0_02405	1	stacked_calibrated_meta_model_lowdim_only	0.45538588574955097
exact_peptide_hla_holdout	pmhc_03	CNV0_02421	0	stacked_calibrated_meta_model_lowdim_only	0.5018602716348841
exact_peptide_hla_holdout	pmhc_03	CNV0_02450	1	stacked_calibrated_meta_model_lowdim_only	0.6789788438699157
exact_peptide_hla_holdout	pmhc_03	CNV0_02478	1	stacked_calibrated_meta_model_lowdim_only	0.47103731548516736
exact_peptide_hla_holdout	pmhc_03	CNV0_02511	1	stacked_calibrated_meta_model_lowdim_only	0.6566477297148355
exact_peptide_hla_holdout	pmhc_03	CNV0_02512	0	stacked_calibrated_meta_model_lowdim_only	0.6072504704533284
exact_peptide_hla_holdout	pmhc_03	CNV0_02513	0	stacked_calibrated_meta_model_lowdim_only	0.48475766567747514
exact_peptide_hla_holdout	pmhc_03	CNV0_02514	0	stacked_calibrated_meta_model_lowdim_only	0.42724062494838333
exact_peptide_hla_holdout	pmhc_03	CNV0_02517	0	stacked_calibrated_meta_model_lowdim_only	0.4292122452175232
exact_peptide_hla_holdout	pmhc_03	CNV0_02536	0	stacked_calibrated_meta_model_lowdim_only	0.4575121894197696
exact_peptide_hla_holdout	pmhc_03	CNV0_02555	0	stacked_calibrated_meta_model_lowdim_only	0.48220516196324537
exact_peptide_hla_holdout	pmhc_03	CNV0_02563	0	stacked_calibrated_meta_model_lowdim_only	0.4134744257817429
exact_peptide_hla_holdout	pmhc_03	CNV0_02573	0	stacked_calibrated_meta_model_lowdim_only	0.4293589406954075
exact_peptide_hla_holdout	pmhc_03	CNV0_02578	0	stacked_calibrated_meta_model_lowdim_only	0.45858304773634617
exact_peptide_hla_holdout	pmhc_03	CNV0_02583	0	stacked_calibrated_meta_model_lowdim_only	0.4148810257771905
exact_peptide_hla_holdout	pmhc_03	CNV0_02594	0	stacked_calibrated_meta_model_lowdim_only	0.42872245896588745
exact_peptide_hla_holdout	pmhc_03	CNV0_02655	0	stacked_calibrated_meta_model_lowdim_only	0.39593882967557126
exact_peptide_hla_holdout	pmhc_03	CNV0_02405	1	rule_gated_C_QK_structure	0.49785290944623384
exact_peptide_hla_holdout	pmhc_03	CNV0_02421	0	rule_gated_C_QK_structure	0.5624237586989544
exact_peptide_hla_holdout	pmhc_03	CNV0_02450	1	rule_gated_C_QK_structure	0.5943923330915969
exact_peptide_hla_holdout	pmhc_03	CNV0_02478	1	rule_gated_C_QK_structure	0.547235484677791
exact_peptide_hla_holdout	pmhc_03	CNV0_02511	1	rule_gated_C_QK_structure	0.5315684098354028
exact_peptide_hla_holdout	pmhc_03	CNV0_02512	0	rule_gated_C_QK_structure	0.30398176194043497
exact_peptide_hla_holdout	pmhc_03	CNV0_02513	0	rule_gated_C_QK_structure	0.5103824957361808
exact_peptide_hla_holdout	pmhc_03	CNV0_02514	0	rule_gated_C_QK_structure	0.3332262359214314
exact_peptide_hla_holdout	pmhc_03	CNV0_02517	0	rule_gated_C_QK_structure	0.34568078760936727
exact_peptide_hla_holdout	pmhc_03	CNV0_02536	0	rule_gated_C_QK_structure	0.319133999028168
exact_peptide_hla_holdout	pmhc_03	CNV0_02555	0	rule_gated_C_QK_structure	0.4535535584324937
exact_peptide_hla_holdout	pmhc_03	CNV0_02563	0	rule_gated_C_QK_structure	0.2298091002858752
exact_peptide_hla_holdout	pmhc_03	CNV0_02573	0	rule_gated_C_QK_structure	0.39970212338094363
exact_peptide_hla_holdout	pmhc_03	CNV0_02578	0	rule_gated_C_QK_structure	0.463012227863952
exact_peptide_hla_holdout	pmhc_03	CNV0_02583	0	rule_gated_C_QK_structure	0.2831697959420357
exact_peptide_hla_holdout	pmhc_03	CNV0_02594	0	rule_gated_C_QK_structure	0.2970909937603229
exact_peptide_hla_holdout	pmhc_03	CNV0_02655	0	rule_gated_C_QK_structure	0.5108049244060462
exact_peptide_hla_holdout	pmhc_04	CNV0_02396	1	prespecified_equal_weight_C_QK_no_anchor	0.2777549066053866
exact_peptide_hla_holdout	pmhc_04	CNV0_02413	0	prespecified_equal_weight_C_QK_no_anchor	0.41844114326166043
exact_peptide_hla_holdout	pmhc_04	CNV0_02415	0	prespecified_equal_weight_C_QK_no_anchor	0.27177072982064054
exact_peptide_hla_holdout	pmhc_04	CNV0_02425	1	prespecified_equal_weight_C_QK_no_anchor	0.6875203669778331
exact_peptide_hla_holdout	pmhc_04	CNV0_02448	1	prespecified_equal_weight_C_QK_no_anchor	0.6335801073941483
exact_peptide_hla_holdout	pmhc_04	CNV0_02479	1	prespecified_equal_weight_C_QK_no_anchor	0.6211222428366585
exact_peptide_hla_holdout	pmhc_04	CNV0_02518	0	prespecified_equal_weight_C_QK_no_anchor	0.4454212406709252
exact_peptide_hla_holdout	pmhc_04	CNV0_02520	0	prespecified_equal_weight_C_QK_no_anchor	0.2694135171381006
exact_peptide_hla_holdout	pmhc_04	CNV0_02551	0	prespecified_equal_weight_C_QK_no_anchor	0.27153361854912544
exact_peptide_hla_holdout	pmhc_04	CNV0_02553	0	prespecified_equal_weight_C_QK_no_anchor	0.2900078701736655
exact_peptide_hla_holdout	pmhc_04	CNV0_02557	0	prespecified_equal_weight_C_QK_no_anchor	0.5298204237103947
exact_peptide_hla_holdout	pmhc_04	CNV0_02561	0	prespecified_equal_weight_C_QK_no_anchor	0.2825868926037962
exact_peptide_hla_holdout	pmhc_04	CNV0_02572	0	prespecified_equal_weight_C_QK_no_anchor	0.5977330428543421
exact_peptide_hla_holdout	pmhc_04	CNV0_02582	0	prespecified_equal_weight_C_QK_no_anchor	0.521384391992205
exact_peptide_hla_holdout	pmhc_04	CNV0_02586	0	prespecified_equal_weight_C_QK_no_anchor	0.17590920143785183
exact_peptide_hla_holdout	pmhc_04	CNV0_02588	0	prespecified_equal_weight_C_QK_no_anchor	0.18584137408611412
exact_peptide_hla_holdout	pmhc_04	CNV0_02589	0	prespecified_equal_weight_C_QK_no_anchor	0.32912498286891134
exact_peptide_hla_holdout	pmhc_04	CNV0_02590	0	prespecified_equal_weight_C_QK_no_anchor	0.4655885518980356
exact_peptide_hla_holdout	pmhc_04	CNV0_02396	1	prespecified_C_0.5_QK_quantum_0.5	0.36180723666670145
exact_peptide_hla_holdout	pmhc_04	CNV0_02413	0	prespecified_C_0.5_QK_quantum_0.5	0.42893321812790014
exact_peptide_hla_holdout	pmhc_04	CNV0_02415	0	prespecified_C_0.5_QK_quantum_0.5	0.40044825061608424
exact_peptide_hla_holdout	pmhc_04	CNV0_02425	1	prespecified_C_0.5_QK_quantum_0.5	0.6077785568284574
exact_peptide_hla_holdout	pmhc_04	CNV0_02448	1	prespecified_C_0.5_QK_quantum_0.5	0.5773036532838838
exact_peptide_hla_holdout	pmhc_04	CNV0_02479	1	prespecified_C_0.5_QK_quantum_0.5	0.42400907812152144
exact_peptide_hla_holdout	pmhc_04	CNV0_02518	0	prespecified_C_0.5_QK_quantum_0.5	0.5032919514669438
exact_peptide_hla_holdout	pmhc_04	CNV0_02520	0	prespecified_C_0.5_QK_quantum_0.5	0.2531882513097473
exact_peptide_hla_holdout	pmhc_04	CNV0_02551	0	prespecified_C_0.5_QK_quantum_0.5	0.41912964516668305
exact_peptide_hla_holdout	pmhc_04	CNV0_02553	0	prespecified_C_0.5_QK_quantum_0.5	0.3575500344376332
exact_peptide_hla_holdout	pmhc_04	CNV0_02557	0	prespecified_C_0.5_QK_quantum_0.5	0.35613932594812703
exact_peptide_hla_holdout	pmhc_04	CNV0_02561	0	prespecified_C_0.5_QK_quantum_0.5	0.456739550896345
exact_peptide_hla_holdout	pmhc_04	CNV0_02572	0	prespecified_C_0.5_QK_quantum_0.5	0.6625972433855527
exact_peptide_hla_holdout	pmhc_04	CNV0_02582	0	prespecified_C_0.5_QK_quantum_0.5	0.4013613851571839
exact_peptide_hla_holdout	pmhc_04	CNV0_02586	0	prespecified_C_0.5_QK_quantum_0.5	0.33412545325777543
exact_peptide_hla_holdout	pmhc_04	CNV0_02588	0	prespecified_C_0.5_QK_quantum_0.5	0.14712375626542556
exact_peptide_hla_holdout	pmhc_04	CNV0_02589	0	prespecified_C_0.5_QK_quantum_0.5	0.26743058836554995
exact_peptide_hla_holdout	pmhc_04	CNV0_02590	0	prespecified_C_0.5_QK_quantum_0.5	0.40474052662426185
exact_peptide_hla_holdout	pmhc_04	CNV0_02396	1	nested_learned_gate_C_QK_structure	0.2593991526809921
exact_peptide_hla_holdout	pmhc_04	CNV0_02413	0	nested_learned_gate_C_QK_structure	0.40626042037255894
exact_peptide_hla_holdout	pmhc_04	CNV0_02415	0	nested_learned_gate_C_QK_structure	0.26754178175377086
exact_peptide_hla_holdout	pmhc_04	CNV0_02425	1	nested_learned_gate_C_QK_structure	0.6540278511292997
exact_peptide_hla_holdout	pmhc_04	CNV0_02448	1	nested_learned_gate_C_QK_structure	0.5834343842071898
exact_peptide_hla_holdout	pmhc_04	CNV0_02479	1	nested_learned_gate_C_QK_structure	0.6048865004401867
exact_peptide_hla_holdout	pmhc_04	CNV0_02518	0	nested_learned_gate_C_QK_structure	0.4570412075061287
exact_peptide_hla_holdout	pmhc_04	CNV0_02520	0	nested_learned_gate_C_QK_structure	0.2753357875798351
exact_peptide_hla_holdout	pmhc_04	CNV0_02551	0	nested_learned_gate_C_QK_structure	0.3091965532238646
exact_peptide_hla_holdout	pmhc_04	CNV0_02553	0	nested_learned_gate_C_QK_structure	0.3122444173024899
exact_peptide_hla_holdout	pmhc_04	CNV0_02557	0	nested_learned_gate_C_QK_structure	0.4701770308145239
exact_peptide_hla_holdout	pmhc_04	CNV0_02561	0	nested_learned_gate_C_QK_structure	0.2757991814034822
exact_peptide_hla_holdout	pmhc_04	CNV0_02572	0	nested_learned_gate_C_QK_structure	0.5524076200046988
exact_peptide_hla_holdout	pmhc_04	CNV0_02582	0	nested_learned_gate_C_QK_structure	0.4792576299397311
exact_peptide_hla_holdout	pmhc_04	CNV0_02586	0	nested_learned_gate_C_QK_structure	0.20147283956095277
exact_peptide_hla_holdout	pmhc_04	CNV0_02588	0	nested_learned_gate_C_QK_structure	0.1877400074234043
exact_peptide_hla_holdout	pmhc_04	CNV0_02589	0	nested_learned_gate_C_QK_structure	0.3322878581122023
exact_peptide_hla_holdout	pmhc_04	CNV0_02590	0	nested_learned_gate_C_QK_structure	0.4136957216069088
exact_peptide_hla_holdout	pmhc_04	CNV0_02396	1	stacked_calibrated_meta_model_lowdim_only	0.4129343782728333
exact_peptide_hla_holdout	pmhc_04	CNV0_02413	0	stacked_calibrated_meta_model_lowdim_only	0.4288354001921379
exact_peptide_hla_holdout	pmhc_04	CNV0_02415	0	stacked_calibrated_meta_model_lowdim_only	0.4298241858784491
exact_peptide_hla_holdout	pmhc_04	CNV0_02425	1	stacked_calibrated_meta_model_lowdim_only	0.2213081341491594
exact_peptide_hla_holdout	pmhc_04	CNV0_02448	1	stacked_calibrated_meta_model_lowdim_only	0.29019294745988244
exact_peptide_hla_holdout	pmhc_04	CNV0_02479	1	stacked_calibrated_meta_model_lowdim_only	0.46365132255401564
exact_peptide_hla_holdout	pmhc_04	CNV0_02518	0	stacked_calibrated_meta_model_lowdim_only	0.2834333447311965
exact_peptide_hla_holdout	pmhc_04	CNV0_02520	0	stacked_calibrated_meta_model_lowdim_only	0.606754784747591
exact_peptide_hla_holdout	pmhc_04	CNV0_02551	0	stacked_calibrated_meta_model_lowdim_only	0.557741854761046
exact_peptide_hla_holdout	pmhc_04	CNV0_02553	0	stacked_calibrated_meta_model_lowdim_only	0.4955879270222997
exact_peptide_hla_holdout	pmhc_04	CNV0_02557	0	stacked_calibrated_meta_model_lowdim_only	0.3473134414046088
exact_peptide_hla_holdout	pmhc_04	CNV0_02561	0	stacked_calibrated_meta_model_lowdim_only	0.3878673449317191
exact_peptide_hla_holdout	pmhc_04	CNV0_02572	0	stacked_calibrated_meta_model_lowdim_only	0.2580505777623154
exact_peptide_hla_holdout	pmhc_04	CNV0_02582	0	stacked_calibrated_meta_model_lowdim_only	0.3510009831157744
exact_peptide_hla_holdout	pmhc_04	CNV0_02586	0	stacked_calibrated_meta_model_lowdim_only	0.4880432876087185
exact_peptide_hla_holdout	pmhc_04	CNV0_02588	0	stacked_calibrated_meta_model_lowdim_only	0.5276856304413285
exact_peptide_hla_holdout	pmhc_04	CNV0_02589	0	stacked_calibrated_meta_model_lowdim_only	0.49330739966841497
exact_peptide_hla_holdout	pmhc_04	CNV0_02590	0	stacked_calibrated_meta_model_lowdim_only	0.37124749231979925
exact_peptide_hla_holdout	pmhc_04	CNV0_02396	1	rule_gated_C_QK_structure	0.29785540582729714
exact_peptide_hla_holdout	pmhc_04	CNV0_02413	0	rule_gated_C_QK_structure	0.4130344132529285
exact_peptide_hla_holdout	pmhc_04	CNV0_02415	0	rule_gated_C_QK_structure	0.3056980826758992
exact_peptide_hla_holdout	pmhc_04	CNV0_02425	1	rule_gated_C_QK_structure	0.607123973185505
exact_peptide_hla_holdout	pmhc_04	CNV0_02448	1	rule_gated_C_QK_structure	0.5839087286761954
exact_peptide_hla_holdout	pmhc_04	CNV0_02479	1	rule_gated_C_QK_structure	0.5571747764243141
exact_peptide_hla_holdout	pmhc_04	CNV0_02518	0	rule_gated_C_QK_structure	0.4395183620391815
exact_peptide_hla_holdout	pmhc_04	CNV0_02520	0	rule_gated_C_QK_structure	0.25766513725414525
exact_peptide_hla_holdout	pmhc_04	CNV0_02551	0	rule_gated_C_QK_structure	0.2995960939330316
exact_peptide_hla_holdout	pmhc_04	CNV0_02553	0	rule_gated_C_QK_structure	0.2927156164983779
exact_peptide_hla_holdout	pmhc_04	CNV0_02557	0	rule_gated_C_QK_structure	0.4695702513044477
exact_peptide_hla_holdout	pmhc_04	CNV0_02561	0	rule_gated_C_QK_structure	0.31514126652388896
exact_peptide_hla_holdout	pmhc_04	CNV0_02572	0	rule_gated_C_QK_structure	0.5714157121639493
exact_peptide_hla_holdout	pmhc_04	CNV0_02582	0	rule_gated_C_QK_structure	0.4848890166649475
exact_peptide_hla_holdout	pmhc_04	CNV0_02586	0	rule_gated_C_QK_structure	0.21420654260799743
exact_peptide_hla_holdout	pmhc_04	CNV0_02588	0	rule_gated_C_QK_structure	0.18580927078945317
exact_peptide_hla_holdout	pmhc_04	CNV0_02589	0	rule_gated_C_QK_structure	0.31193116841193647
exact_peptide_hla_holdout	pmhc_04	CNV0_02590	0	rule_gated_C_QK_structure	0.4412280031907368
study_heldout	study_00	CNV0_02655	0	prespecified_equal_weight_C_QK_no_anchor	0.42465379430067896
study_heldout	study_00	CNV0_02660	0	prespecified_equal_weight_C_QK_no_anchor	0.407635040658884
study_heldout	study_00	CNV0_02681	0	prespecified_equal_weight_C_QK_no_anchor	0.4605091237415744
study_heldout	study_00	CNV0_02685	0	prespecified_equal_weight_C_QK_no_anchor	0.44238701786000345
study_heldout	study_00	CNV0_02708	1	prespecified_equal_weight_C_QK_no_anchor	0.3928696090220596
study_heldout	study_00	CNV0_02709	1	prespecified_equal_weight_C_QK_no_anchor	0.302995689233472
study_heldout	study_00	CNV0_02710	1	prespecified_equal_weight_C_QK_no_anchor	0.4002308440164203
study_heldout	study_00	CNV0_02712	1	prespecified_equal_weight_C_QK_no_anchor	0.567896693272836
study_heldout	study_00	CNV0_02713	1	prespecified_equal_weight_C_QK_no_anchor	0.3740027717814578
study_heldout	study_00	CNV0_02655	0	prespecified_C_0.5_QK_quantum_0.5	0.37322713635424054
study_heldout	study_00	CNV0_02660	0	prespecified_C_0.5_QK_quantum_0.5	0.4685224830810282
study_heldout	study_00	CNV0_02681	0	prespecified_C_0.5_QK_quantum_0.5	0.4027180725959011
study_heldout	study_00	CNV0_02685	0	prespecified_C_0.5_QK_quantum_0.5	0.5386520862820913
study_heldout	study_00	CNV0_02708	1	prespecified_C_0.5_QK_quantum_0.5	0.301237307622783
study_heldout	study_00	CNV0_02709	1	prespecified_C_0.5_QK_quantum_0.5	0.3993108035018592
study_heldout	study_00	CNV0_02710	1	prespecified_C_0.5_QK_quantum_0.5	0.3064616161595145
study_heldout	study_00	CNV0_02712	1	prespecified_C_0.5_QK_quantum_0.5	0.5796054884811241
study_heldout	study_00	CNV0_02713	1	prespecified_C_0.5_QK_quantum_0.5	0.262960749817668
study_heldout	study_00	CNV0_02655	0	nested_learned_gate_C_QK_structure	0.42465379430067896
study_heldout	study_00	CNV0_02660	0	nested_learned_gate_C_QK_structure	0.407635040658884
study_heldout	study_00	CNV0_02681	0	nested_learned_gate_C_QK_structure	0.4605091237415744
study_heldout	study_00	CNV0_02685	0	nested_learned_gate_C_QK_structure	0.44238701786000345
study_heldout	study_00	CNV0_02708	1	nested_learned_gate_C_QK_structure	0.3928696090220596
study_heldout	study_00	CNV0_02709	1	nested_learned_gate_C_QK_structure	0.302995689233472
study_heldout	study_00	CNV0_02710	1	nested_learned_gate_C_QK_structure	0.4002308440164203
study_heldout	study_00	CNV0_02712	1	nested_learned_gate_C_QK_structure	0.567896693272836
study_heldout	study_00	CNV0_02713	1	nested_learned_gate_C_QK_structure	0.3740027717814578
study_heldout	study_00	CNV0_02655	0	stacked_calibrated_meta_model_lowdim_only	0.6279007831711608
study_heldout	study_00	CNV0_02660	0	stacked_calibrated_meta_model_lowdim_only	0.6839731465529333
study_heldout	study_00	CNV0_02681	0	stacked_calibrated_meta_model_lowdim_only	0.4395464893893401
study_heldout	study_00	CNV0_02685	0	stacked_calibrated_meta_model_lowdim_only	0.3971931472854427
study_heldout	study_00	CNV0_02708	1	stacked_calibrated_meta_model_lowdim_only	0.4263508203535868
study_heldout	study_00	CNV0_02709	1	stacked_calibrated_meta_model_lowdim_only	0.34014861010704545
study_heldout	study_00	CNV0_02710	1	stacked_calibrated_meta_model_lowdim_only	0.41496278320091823
study_heldout	study_00	CNV0_02712	1	stacked_calibrated_meta_model_lowdim_only	0.729752839545176
study_heldout	study_00	CNV0_02713	1	stacked_calibrated_meta_model_lowdim_only	0.6068593749276602
study_heldout	study_00	CNV0_02655	0	rule_gated_C_QK_structure	0.4082144776212735
study_heldout	study_00	CNV0_02660	0	rule_gated_C_QK_structure	0.41998978290570127
study_heldout	study_00	CNV0_02681	0	rule_gated_C_QK_structure	0.43936776086271184
study_heldout	study_00	CNV0_02685	0	rule_gated_C_QK_structure	0.4659291578244296
study_heldout	study_00	CNV0_02708	1	rule_gated_C_QK_structure	0.3599509002795386
study_heldout	study_00	CNV0_02709	1	rule_gated_C_QK_structure	0.3095085030729482
study_heldout	study_00	CNV0_02710	1	rule_gated_C_QK_structure	0.3646839441083399
study_heldout	study_00	CNV0_02712	1	rule_gated_C_QK_structure	0.558342572346388
study_heldout	study_00	CNV0_02713	1	rule_gated_C_QK_structure	0.3393587767543071
