sampleId	gene	TPM
GTEx_thyroid_donor_0000	TG	12000.0
GTEx_thyroid_donor_0001	TG	8779.0
GTEx_thyroid_donor_0002	TG	869.4
GTEx_thyroid_donor_0003	TG	4356.0
GTEx_thyroid_donor_0004	TG	5976.0
GTEx_thyroid_donor_0005	TG	7860.0
GTEx_thyroid_donor_0006	TG	9227.0
GTEx_thyroid_donor_0007	TG	7169.0
GTEx_thyroid_donor_0008	TG	7892.0
GTEx_thyroid_donor_0009	TG	5087.0
GTEx_thyroid_donor_0010	TG	9014.0
GTEx_thyroid_donor_0011	TG	9013.0
GTEx_thyroid_donor_0012	TG	6114.0
GTEx_thyroid_donor_0013	TG	6351.0
GTEx_thyroid_donor_0014	TG	7658.0
GTEx_thyroid_donor_0015	TG	9025.0
GTEx_thyroid_donor_0016	TG	6417.0
GTEx_thyroid_donor_0017	TG	8305.0
GTEx_thyroid_donor_0018	TG	10050.0
GTEx_thyroid_donor_0019	TG	5830.0
GTEx_thyroid_donor_0020	TG	5451.0
GTEx_thyroid_donor_0021	TG	8119.0
GTEx_thyroid_donor_0022	TG	9142.0
GTEx_thyroid_donor_0023	TG	13770.0
GTEx_thyroid_donor_0024	TG	1500.0
GTEx_thyroid_donor_0025	TG	8784.0
GTEx_thyroid_donor_0026	TG	6459.0
GTEx_thyroid_donor_0027	TG	9900.0
GTEx_thyroid_donor_0028	TG	5227.0
GTEx_thyroid_donor_0029	TG	2337.0
GTEx_thyroid_donor_0030	TG	8240.0
GTEx_thyroid_donor_0031	TG	9672.0
GTEx_thyroid_donor_0032	TG	9235.0
GTEx_thyroid_donor_0033	TG	7412.0
GTEx_thyroid_donor_0034	TG	5166.0
GTEx_thyroid_donor_0035	TG	7689.0
GTEx_thyroid_donor_0036	TG	8439.0
GTEx_thyroid_donor_0037	TG	4911.0
GTEx_thyroid_donor_0038	TG	5781.0
GTEx_thyroid_donor_0039	TG	13820.0
GTEx_thyroid_donor_0040	TG	2124.0
GTEx_thyroid_donor_0041	TG	3012.0
GTEx_thyroid_donor_0042	TG	17500.0
GTEx_thyroid_donor_0043	TG	6809.0
GTEx_thyroid_donor_0044	TG	10230.0
GTEx_thyroid_donor_0045	TG	9876.0
GTEx_thyroid_donor_0046	TG	3227.0
GTEx_thyroid_donor_0047	TG	9055.0
GTEx_thyroid_donor_0048	TG	1888.0
GTEx_thyroid_donor_0049	TG	14410.0
GTEx_thyroid_donor_0050	TG	11620.0
GTEx_thyroid_donor_0051	TG	8286.0
GTEx_thyroid_donor_0052	TG	5071.0
GTEx_thyroid_donor_0053	TG	1953.0
GTEx_thyroid_donor_0054	TG	7813.0
GTEx_thyroid_donor_0055	TG	8005.0
GTEx_thyroid_donor_0056	TG	9791.0
GTEx_thyroid_donor_0057	TG	6182.0
GTEx_thyroid_donor_0058	TG	8006.0
GTEx_thyroid_donor_0059	TG	3447.0
GTEx_thyroid_donor_0060	TG	7759.0
GTEx_thyroid_donor_0061	TG	17140.0
GTEx_thyroid_donor_0062	TG	3818.0
GTEx_thyroid_donor_0063	TG	5373.0
GTEx_thyroid_donor_0064	TG	7748.0
GTEx_thyroid_donor_0065	TG	10490.0
GTEx_thyroid_donor_0066	TG	6399.0
GTEx_thyroid_donor_0067	TG	6965.0
GTEx_thyroid_donor_0068	TG	8161.0
GTEx_thyroid_donor_0069	TG	13590.0
GTEx_thyroid_donor_0070	TG	9246.0
GTEx_thyroid_donor_0071	TG	4648.0
GTEx_thyroid_donor_0072	TG	7915.0
GTEx_thyroid_donor_0073	TG	7087.0
GTEx_thyroid_donor_0074	TG	5232.0
GTEx_thyroid_donor_0075	TG	10880.0
GTEx_thyroid_donor_0076	TG	8904.0
GTEx_thyroid_donor_0077	TG	11050.0
GTEx_thyroid_donor_0078	TG	12840.0
GTEx_thyroid_donor_0079	TG	6519.0
GTEx_thyroid_donor_0080	TG	7998.0
GTEx_thyroid_donor_0081	TG	11830.0
GTEx_thyroid_donor_0082	TG	8144.0
GTEx_thyroid_donor_0083	TG	11300.0
GTEx_thyroid_donor_0084	TG	8140.0
GTEx_thyroid_donor_0085	TG	2835.0
GTEx_thyroid_donor_0086	TG	6826.0
GTEx_thyroid_donor_0087	TG	9781.0
GTEx_thyroid_donor_0088	TG	11730.0
GTEx_thyroid_donor_0089	TG	10660.0
GTEx_thyroid_donor_0090	TG	7930.0
GTEx_thyroid_donor_0091	TG	5298.0
GTEx_thyroid_donor_0092	TG	4545.0
GTEx_thyroid_donor_0093	TG	4110.0
GTEx_thyroid_donor_0094	TG	11860.0
GTEx_thyroid_donor_0095	TG	6064.0
GTEx_thyroid_donor_0096	TG	15930.0
GTEx_thyroid_donor_0097	TG	4954.0
GTEx_thyroid_donor_0098	TG	6384.0
GTEx_thyroid_donor_0099	TG	11820.0
GTEx_thyroid_donor_0100	TG	3300.0
GTEx_thyroid_donor_0101	TG	2482.0
GTEx_thyroid_donor_0102	TG	7683.0
GTEx_thyroid_donor_0103	TG	6476.0
GTEx_thyroid_donor_0104	TG	8482.0
GTEx_thyroid_donor_0105	TG	4620.0
GTEx_thyroid_donor_0106	TG	3744.0
GTEx_thyroid_donor_0107	TG	4476.0
GTEx_thyroid_donor_0108	TG	12950.0
GTEx_thyroid_donor_0109	TG	6740.0
GTEx_thyroid_donor_0110	TG	7575.0
GTEx_thyroid_donor_0111	TG	5980.0
GTEx_thyroid_donor_0112	TG	7494.0
GTEx_thyroid_donor_0113	TG	8265.0
GTEx_thyroid_donor_0114	TG	9618.0
GTEx_thyroid_donor_0115	TG	5775.0
GTEx_thyroid_donor_0116	TG	8050.0
GTEx_thyroid_donor_0117	TG	2173.0
GTEx_thyroid_donor_0118	TG	7114.0
GTEx_thyroid_donor_0119	TG	5671.0
GTEx_thyroid_donor_0120	TG	9170.0
GTEx_thyroid_donor_0121	TG	9784.0
GTEx_thyroid_donor_0122	TG	15400.0
GTEx_thyroid_donor_0123	TG	2549.0
GTEx_thyroid_donor_0124	TG	17990.0
GTEx_thyroid_donor_0125	TG	7886.0
GTEx_thyroid_donor_0126	TG	2241.0
GTEx_thyroid_donor_0127	TG	3444.0
GTEx_thyroid_donor_0128	TG	7734.0
GTEx_thyroid_donor_0129	TG	14340.0
GTEx_thyroid_donor_0130	TG	2038.0
GTEx_thyroid_donor_0131	TG	6565.0
GTEx_thyroid_donor_0132	TG	12590.0
GTEx_thyroid_donor_0133	TG	2563.0
GTEx_thyroid_donor_0134	TG	4949.0
GTEx_thyroid_donor_0135	TG	5268.0
GTEx_thyroid_donor_0136	TG	8999.0
GTEx_thyroid_donor_0137	TG	5235.0
GTEx_thyroid_donor_0138	TG	5218.0
GTEx_thyroid_donor_0139	TG	4343.0
GTEx_thyroid_donor_0140	TG	8044.0
GTEx_thyroid_donor_0141	TG	10760.0
GTEx_thyroid_donor_0142	TG	5847.0
GTEx_thyroid_donor_0143	TG	5201.0
GTEx_thyroid_donor_0144	TG	10270.0
GTEx_thyroid_donor_0145	TG	4550.0
GTEx_thyroid_donor_0146	TG	3499.0
GTEx_thyroid_donor_0147	TG	10130.0
GTEx_thyroid_donor_0148	TG	5474.0
GTEx_thyroid_donor_0149	TG	3689.0
GTEx_thyroid_donor_0150	TG	2123.0
GTEx_thyroid_donor_0151	TG	4708.0
GTEx_thyroid_donor_0152	TG	2830.0
GTEx_thyroid_donor_0153	TG	6055.0
GTEx_thyroid_donor_0154	TG	13410.0
GTEx_thyroid_donor_0155	TG	3596.0
GTEx_thyroid_donor_0156	TG	11530.0
GTEx_thyroid_donor_0157	TG	8850.0
GTEx_thyroid_donor_0158	TG	6324.0
GTEx_thyroid_donor_0159	TG	5163.0
GTEx_thyroid_donor_0160	TG	7952.0
GTEx_thyroid_donor_0161	TG	3479.0
GTEx_thyroid_donor_0162	TG	3157.0
GTEx_thyroid_donor_0163	TG	6562.0
GTEx_thyroid_donor_0164	TG	2300.0
GTEx_thyroid_donor_0165	TG	2853.0
GTEx_thyroid_donor_0166	TG	11000.0
GTEx_thyroid_donor_0167	TG	10510.0
GTEx_thyroid_donor_0168	TG	1539.0
GTEx_thyroid_donor_0169	TG	8984.0
GTEx_thyroid_donor_0170	TG	6311.0
GTEx_thyroid_donor_0171	TG	19230.0
GTEx_thyroid_donor_0172	TG	5622.0
GTEx_thyroid_donor_0173	TG	10370.0
GTEx_thyroid_donor_0174	TG	10850.0
GTEx_thyroid_donor_0175	TG	6561.0
GTEx_thyroid_donor_0176	TG	6061.0
GTEx_thyroid_donor_0177	TG	3856.0
GTEx_thyroid_donor_0178	TG	4032.0
GTEx_thyroid_donor_0179	TG	2541.0
GTEx_thyroid_donor_0180	TG	8853.0
GTEx_thyroid_donor_0181	TG	9673.0
GTEx_thyroid_donor_0182	TG	9863.0
GTEx_thyroid_donor_0183	TG	7282.0
GTEx_thyroid_donor_0184	TG	6886.0
GTEx_thyroid_donor_0185	TG	13750.0
GTEx_thyroid_donor_0186	TG	8847.0
GTEx_thyroid_donor_0187	TG	9055.0
GTEx_thyroid_donor_0188	TG	7120.0
GTEx_thyroid_donor_0189	TG	9694.0
GTEx_thyroid_donor_0190	TG	8153.0
GTEx_thyroid_donor_0191	TG	4836.0
GTEx_thyroid_donor_0192	TG	9887.0
GTEx_thyroid_donor_0193	TG	6174.0
GTEx_thyroid_donor_0194	TG	6821.0
GTEx_thyroid_donor_0195	TG	24140.0
GTEx_thyroid_donor_0196	TG	2760.0
GTEx_thyroid_donor_0197	TG	5877.0
GTEx_thyroid_donor_0198	TG	4129.0
GTEx_thyroid_donor_0199	TG	11090.0
GTEx_thyroid_donor_0200	TG	6185.0
GTEx_thyroid_donor_0201	TG	10570.0
GTEx_thyroid_donor_0202	TG	2830.0
GTEx_thyroid_donor_0203	TG	10530.0
GTEx_thyroid_donor_0204	TG	5198.0
GTEx_thyroid_donor_0205	TG	5653.0
GTEx_thyroid_donor_0206	TG	8400.0
GTEx_thyroid_donor_0207	TG	4043.0
GTEx_thyroid_donor_0208	TG	9090.0
GTEx_thyroid_donor_0209	TG	11720.0
GTEx_thyroid_donor_0210	TG	8372.0
GTEx_thyroid_donor_0211	TG	1097.0
GTEx_thyroid_donor_0212	TG	3115.0
GTEx_thyroid_donor_0213	TG	8037.0
GTEx_thyroid_donor_0214	TG	6666.0
GTEx_thyroid_donor_0215	TG	8294.0
GTEx_thyroid_donor_0216	TG	4014.0
GTEx_thyroid_donor_0217	TG	12550.0
GTEx_thyroid_donor_0218	TG	7694.0
GTEx_thyroid_donor_0219	TG	3914.0
GTEx_thyroid_donor_0220	TG	6191.0
GTEx_thyroid_donor_0221	TG	1592.0
GTEx_thyroid_donor_0222	TG	8392.0
GTEx_thyroid_donor_0223	TG	7877.0
GTEx_thyroid_donor_0224	TG	4413.0
GTEx_thyroid_donor_0225	TG	3635.0
GTEx_thyroid_donor_0226	TG	5276.0
GTEx_thyroid_donor_0227	TG	6783.0
GTEx_thyroid_donor_0228	TG	4177.0
GTEx_thyroid_donor_0229	TG	9288.0
GTEx_thyroid_donor_0230	TG	12260.0
GTEx_thyroid_donor_0231	TG	11530.0
GTEx_thyroid_donor_0232	TG	5376.0
GTEx_thyroid_donor_0233	TG	7074.0
GTEx_thyroid_donor_0234	TG	5169.0
GTEx_thyroid_donor_0235	TG	8824.0
GTEx_thyroid_donor_0236	TG	6828.0
GTEx_thyroid_donor_0237	TG	8362.0
GTEx_thyroid_donor_0238	TG	8838.0
GTEx_thyroid_donor_0239	TG	6707.0
GTEx_thyroid_donor_0240	TG	8046.0
GTEx_thyroid_donor_0241	TG	8895.0
GTEx_thyroid_donor_0242	TG	5447.0
GTEx_thyroid_donor_0243	TG	5038.0
GTEx_thyroid_donor_0244	TG	6025.0
GTEx_thyroid_donor_0245	TG	8732.0
GTEx_thyroid_donor_0246	TG	6760.0
GTEx_thyroid_donor_0247	TG	14770.0
GTEx_thyroid_donor_0248	TG	4169.0
GTEx_thyroid_donor_0249	TG	11690.0
GTEx_thyroid_donor_0250	TG	5348.0
GTEx_thyroid_donor_0251	TG	18840.0
GTEx_thyroid_donor_0252	TG	4780.0
GTEx_thyroid_donor_0253	TG	17350.0
GTEx_thyroid_donor_0254	TG	4715.0
GTEx_thyroid_donor_0255	TG	12940.0
GTEx_thyroid_donor_0256	TG	8163.0
GTEx_thyroid_donor_0257	TG	13000.0
GTEx_thyroid_donor_0258	TG	10920.0
GTEx_thyroid_donor_0259	TG	8548.0
GTEx_thyroid_donor_0260	TG	3258.0
GTEx_thyroid_donor_0261	TG	6903.0
GTEx_thyroid_donor_0262	TG	2022.0
GTEx_thyroid_donor_0263	TG	10060.0
GTEx_thyroid_donor_0264	TG	14120.0
GTEx_thyroid_donor_0265	TG	11140.0
GTEx_thyroid_donor_0266	TG	11610.0
GTEx_thyroid_donor_0267	TG	5073.0
GTEx_thyroid_donor_0268	TG	4296.0
GTEx_thyroid_donor_0269	TG	2938.0
GTEx_thyroid_donor_0270	TG	10530.0
GTEx_thyroid_donor_0271	TG	12050.0
GTEx_thyroid_donor_0272	TG	6343.0
GTEx_thyroid_donor_0273	TG	6516.0
GTEx_thyroid_donor_0274	TG	5386.0
GTEx_thyroid_donor_0275	TG	9270.0
GTEx_thyroid_donor_0276	TG	5671.0
GTEx_thyroid_donor_0277	TG	4849.0
GTEx_thyroid_donor_0278	TG	14600.0
GTEx_thyroid_donor_0279	TG	3977.0
GTEx_thyroid_donor_0280	TG	6851.0
GTEx_thyroid_donor_0281	TG	12840.0
GTEx_thyroid_donor_0282	TG	5063.0
GTEx_thyroid_donor_0283	TG	6973.0
GTEx_thyroid_donor_0284	TG	5977.0
GTEx_thyroid_donor_0285	TG	3809.0
GTEx_thyroid_donor_0286	TG	8797.0
GTEx_thyroid_donor_0287	TG	3903.0
GTEx_thyroid_donor_0288	TG	5270.0
GTEx_thyroid_donor_0289	TG	8342.0
GTEx_thyroid_donor_0290	TG	7367.0
GTEx_thyroid_donor_0291	TG	2934.0
GTEx_thyroid_donor_0292	TG	5738.0
GTEx_thyroid_donor_0293	TG	8472.0
GTEx_thyroid_donor_0294	TG	4578.0
GTEx_thyroid_donor_0295	TG	9271.0
GTEx_thyroid_donor_0296	TG	4421.0
GTEx_thyroid_donor_0297	TG	7416.0
GTEx_thyroid_donor_0298	TG	5394.0
GTEx_thyroid_donor_0299	TG	12620.0
GTEx_thyroid_donor_0300	TG	5215.0
GTEx_thyroid_donor_0301	TG	7851.0
GTEx_thyroid_donor_0302	TG	11290.0
GTEx_thyroid_donor_0303	TG	5927.0
GTEx_thyroid_donor_0304	TG	4089.0
GTEx_thyroid_donor_0305	TG	9641.0
GTEx_thyroid_donor_0306	TG	8000.0
GTEx_thyroid_donor_0307	TG	7791.0
GTEx_thyroid_donor_0308	TG	3743.0
GTEx_thyroid_donor_0309	TG	8954.0
GTEx_thyroid_donor_0310	TG	12950.0
GTEx_thyroid_donor_0311	TG	4043.0
GTEx_thyroid_donor_0312	TG	4841.0
GTEx_thyroid_donor_0313	TG	15350.0
GTEx_thyroid_donor_0314	TG	7848.0
GTEx_thyroid_donor_0315	TG	10630.0
GTEx_thyroid_donor_0316	TG	706.0
GTEx_thyroid_donor_0317	TG	10500.0
GTEx_thyroid_donor_0318	TG	4575.0
GTEx_thyroid_donor_0319	TG	12280.0
GTEx_thyroid_donor_0320	TG	3277.0
GTEx_thyroid_donor_0321	TG	4378.0
GTEx_thyroid_donor_0322	TG	9919.0
GTEx_thyroid_donor_0323	TG	6165.0
GTEx_thyroid_donor_0324	TG	12190.0
GTEx_thyroid_donor_0325	TG	3328.0
GTEx_thyroid_donor_0326	TG	2563.0
GTEx_thyroid_donor_0327	TG	6273.0
GTEx_thyroid_donor_0328	TG	7891.0
GTEx_thyroid_donor_0329	TG	11100.0
GTEx_thyroid_donor_0330	TG	8873.0
GTEx_thyroid_donor_0331	TG	4887.0
GTEx_thyroid_donor_0332	TG	11050.0
GTEx_thyroid_donor_0333	TG	5317.0
GTEx_thyroid_donor_0334	TG	6984.0
GTEx_thyroid_donor_0335	TG	5761.0
GTEx_thyroid_donor_0336	TG	6501.0
GTEx_thyroid_donor_0337	TG	9577.0
GTEx_thyroid_donor_0338	TG	5931.0
GTEx_thyroid_donor_0339	TG	8700.0
GTEx_thyroid_donor_0340	TG	3688.0
GTEx_thyroid_donor_0341	TG	8798.0
GTEx_thyroid_donor_0342	TG	6860.0
GTEx_thyroid_donor_0343	TG	12060.0
GTEx_thyroid_donor_0344	TG	5502.0
GTEx_thyroid_donor_0345	TG	18100.0
GTEx_thyroid_donor_0346	TG	8015.0
GTEx_thyroid_donor_0347	TG	4921.0
GTEx_thyroid_donor_0348	TG	14360.0
GTEx_thyroid_donor_0349	TG	5482.0
GTEx_thyroid_donor_0350	TG	10450.0
GTEx_thyroid_donor_0351	TG	9017.0
GTEx_thyroid_donor_0352	TG	7480.0
GTEx_thyroid_donor_0353	TG	5765.0
GTEx_thyroid_donor_0354	TG	7182.0
GTEx_thyroid_donor_0355	TG	4086.0
GTEx_thyroid_donor_0356	TG	7901.0
GTEx_thyroid_donor_0357	TG	11230.0
GTEx_thyroid_donor_0358	TG	15780.0
GTEx_thyroid_donor_0359	TG	1156.0
GTEx_thyroid_donor_0360	TG	13710.0
GTEx_thyroid_donor_0361	TG	6939.0
GTEx_thyroid_donor_0362	TG	2402.0
GTEx_thyroid_donor_0363	TG	6913.0
GTEx_thyroid_donor_0364	TG	6427.0
GTEx_thyroid_donor_0365	TG	7881.0
GTEx_thyroid_donor_0366	TG	16370.0
GTEx_thyroid_donor_0367	TG	9948.0
GTEx_thyroid_donor_0368	TG	10470.0
GTEx_thyroid_donor_0369	TG	8545.0
GTEx_thyroid_donor_0370	TG	5274.0
GTEx_thyroid_donor_0371	TG	13390.0
GTEx_thyroid_donor_0372	TG	8095.0
GTEx_thyroid_donor_0373	TG	5531.0
GTEx_thyroid_donor_0374	TG	5875.0
GTEx_thyroid_donor_0375	TG	10510.0
GTEx_thyroid_donor_0376	TG	9958.0
GTEx_thyroid_donor_0377	TG	6511.0
GTEx_thyroid_donor_0378	TG	2990.0
GTEx_thyroid_donor_0379	TG	10690.0
GTEx_thyroid_donor_0380	TG	7760.0
GTEx_thyroid_donor_0381	TG	3196.0
GTEx_thyroid_donor_0382	TG	2047.0
GTEx_thyroid_donor_0383	TG	7302.0
GTEx_thyroid_donor_0384	TG	9391.0
GTEx_thyroid_donor_0385	TG	4457.0
GTEx_thyroid_donor_0386	TG	17200.0
GTEx_thyroid_donor_0387	TG	13030.0
GTEx_thyroid_donor_0388	TG	5303.0
GTEx_thyroid_donor_0389	TG	5227.0
GTEx_thyroid_donor_0390	TG	4421.0
GTEx_thyroid_donor_0391	TG	12230.0
GTEx_thyroid_donor_0392	TG	5407.0
GTEx_thyroid_donor_0393	TG	2214.0
GTEx_thyroid_donor_0394	TG	4177.0
GTEx_thyroid_donor_0395	TG	17580.0
GTEx_thyroid_donor_0396	TG	3086.0
GTEx_thyroid_donor_0397	TG	8541.0
GTEx_thyroid_donor_0398	TG	3535.0
GTEx_thyroid_donor_0399	TG	18540.0
GTEx_thyroid_donor_0400	TG	6438.0
GTEx_thyroid_donor_0401	TG	9015.0
GTEx_thyroid_donor_0402	TG	10940.0
GTEx_thyroid_donor_0403	TG	6306.0
GTEx_thyroid_donor_0404	TG	9550.0
GTEx_thyroid_donor_0405	TG	17070.0
GTEx_thyroid_donor_0406	TG	338.2
GTEx_thyroid_donor_0407	TG	4352.0
GTEx_thyroid_donor_0408	TG	7621.0
GTEx_thyroid_donor_0409	TG	3104.0
GTEx_thyroid_donor_0410	TG	7422.0
GTEx_thyroid_donor_0411	TG	9836.0
GTEx_thyroid_donor_0412	TG	7916.0
GTEx_thyroid_donor_0413	TG	9268.0
GTEx_thyroid_donor_0414	TG	6811.0
GTEx_thyroid_donor_0415	TG	13270.0
GTEx_thyroid_donor_0416	TG	10740.0
GTEx_thyroid_donor_0417	TG	11410.0
GTEx_thyroid_donor_0418	TG	2215.0
GTEx_thyroid_donor_0419	TG	5007.0
GTEx_thyroid_donor_0420	TG	15940.0
GTEx_thyroid_donor_0421	TG	6998.0
GTEx_thyroid_donor_0422	TG	3512.0
GTEx_thyroid_donor_0423	TG	6948.0
GTEx_thyroid_donor_0424	TG	3323.0
GTEx_thyroid_donor_0425	TG	12160.0
GTEx_thyroid_donor_0426	TG	4568.0
GTEx_thyroid_donor_0427	TG	3444.0
GTEx_thyroid_donor_0428	TG	4705.0
GTEx_thyroid_donor_0429	TG	5673.0
GTEx_thyroid_donor_0430	TG	9175.0
GTEx_thyroid_donor_0431	TG	7740.0
GTEx_thyroid_donor_0432	TG	6958.0
GTEx_thyroid_donor_0433	TG	14590.0
GTEx_thyroid_donor_0434	TG	12730.0
GTEx_thyroid_donor_0435	TG	13730.0
GTEx_thyroid_donor_0436	TG	7923.0
GTEx_thyroid_donor_0437	TG	2352.0
GTEx_thyroid_donor_0438	TG	7691.0
GTEx_thyroid_donor_0439	TG	3366.0
GTEx_thyroid_donor_0440	TG	6446.0
GTEx_thyroid_donor_0441	TG	9901.0
GTEx_thyroid_donor_0442	TG	13400.0
GTEx_thyroid_donor_0443	TG	5959.0
GTEx_thyroid_donor_0444	TG	8821.0
GTEx_thyroid_donor_0445	TG	6965.0
GTEx_thyroid_donor_0446	TG	4549.0
GTEx_thyroid_donor_0447	TG	11350.0
GTEx_thyroid_donor_0448	TG	7666.0
GTEx_thyroid_donor_0449	TG	9559.0
GTEx_thyroid_donor_0450	TG	1954.0
GTEx_thyroid_donor_0451	TG	3712.0
GTEx_thyroid_donor_0452	TG	7254.0
GTEx_thyroid_donor_0453	TG	2215.0
GTEx_thyroid_donor_0454	TG	7654.0
GTEx_thyroid_donor_0455	TG	6801.0
GTEx_thyroid_donor_0456	TG	7627.0
GTEx_thyroid_donor_0457	TG	8158.0
GTEx_thyroid_donor_0458	TG	13980.0
GTEx_thyroid_donor_0459	TG	6598.0
GTEx_thyroid_donor_0460	TG	5383.0
GTEx_thyroid_donor_0461	TG	5199.0
GTEx_thyroid_donor_0462	TG	1134.0
GTEx_thyroid_donor_0463	TG	5688.0
GTEx_thyroid_donor_0464	TG	4141.0
GTEx_thyroid_donor_0465	TG	4196.0
GTEx_thyroid_donor_0466	TG	11190.0
GTEx_thyroid_donor_0467	TG	4336.0
GTEx_thyroid_donor_0468	TG	4925.0
GTEx_thyroid_donor_0469	TG	5689.0
GTEx_thyroid_donor_0470	TG	8276.0
GTEx_thyroid_donor_0471	TG	90.69
GTEx_thyroid_donor_0472	TG	13970.0
GTEx_thyroid_donor_0473	TG	7281.0
GTEx_thyroid_donor_0474	TG	10870.0
GTEx_thyroid_donor_0475	TG	7692.0
GTEx_thyroid_donor_0476	TG	4524.0
GTEx_thyroid_donor_0477	TG	5137.0
GTEx_thyroid_donor_0478	TG	6795.0
GTEx_thyroid_donor_0479	TG	5839.0
GTEx_thyroid_donor_0480	TG	7527.0
GTEx_thyroid_donor_0481	TG	11510.0
GTEx_thyroid_donor_0482	TG	4735.0
GTEx_thyroid_donor_0483	TG	3720.0
GTEx_thyroid_donor_0484	TG	4757.0
GTEx_thyroid_donor_0485	TG	7795.0
GTEx_thyroid_donor_0486	TG	13470.0
GTEx_thyroid_donor_0487	TG	9420.0
GTEx_thyroid_donor_0488	TG	2247.0
GTEx_thyroid_donor_0489	TG	9244.0
GTEx_thyroid_donor_0490	TG	5682.0
GTEx_thyroid_donor_0491	TG	10360.0
GTEx_thyroid_donor_0492	TG	7317.0
GTEx_thyroid_donor_0493	TG	5127.0
GTEx_thyroid_donor_0494	TG	7825.0
GTEx_thyroid_donor_0495	TG	5985.0
GTEx_thyroid_donor_0496	TG	4582.0
GTEx_thyroid_donor_0497	TG	6284.0
GTEx_thyroid_donor_0498	TG	4630.0
GTEx_thyroid_donor_0499	TG	6845.0
GTEx_thyroid_donor_0500	TG	2859.0
GTEx_thyroid_donor_0501	TG	13260.0
GTEx_thyroid_donor_0502	TG	7480.0
GTEx_thyroid_donor_0503	TG	5224.0
GTEx_thyroid_donor_0504	TG	8352.0
GTEx_thyroid_donor_0505	TG	7776.0
GTEx_thyroid_donor_0506	TG	6650.0
GTEx_thyroid_donor_0507	TG	8487.0
GTEx_thyroid_donor_0508	TG	8491.0
GTEx_thyroid_donor_0509	TG	3026.0
GTEx_thyroid_donor_0510	TG	984.8
GTEx_thyroid_donor_0511	TG	11460.0
GTEx_thyroid_donor_0512	TG	4976.0
GTEx_thyroid_donor_0513	TG	8413.0
GTEx_thyroid_donor_0514	TG	8345.0
GTEx_thyroid_donor_0515	TG	3801.0
GTEx_thyroid_donor_0516	TG	7873.0
GTEx_thyroid_donor_0517	TG	3110.0
GTEx_thyroid_donor_0518	TG	2089.0
GTEx_thyroid_donor_0519	TG	12800.0
GTEx_thyroid_donor_0520	TG	5923.0
GTEx_thyroid_donor_0521	TG	4425.0
GTEx_thyroid_donor_0522	TG	3738.0
GTEx_thyroid_donor_0523	TG	15030.0
GTEx_thyroid_donor_0524	TG	11350.0
GTEx_thyroid_donor_0525	TG	4316.0
GTEx_thyroid_donor_0526	TG	7646.0
GTEx_thyroid_donor_0527	TG	5151.0
GTEx_thyroid_donor_0528	TG	12250.0
GTEx_thyroid_donor_0529	TG	6507.0
GTEx_thyroid_donor_0530	TG	16970.0
GTEx_thyroid_donor_0531	TG	9705.0
GTEx_thyroid_donor_0532	TG	13380.0
GTEx_thyroid_donor_0533	TG	10100.0
GTEx_thyroid_donor_0534	TG	9607.0
GTEx_thyroid_donor_0535	TG	17990.0
GTEx_thyroid_donor_0536	TG	8174.0
GTEx_thyroid_donor_0537	TG	8480.0
GTEx_thyroid_donor_0538	TG	1409.0
GTEx_thyroid_donor_0539	TG	6092.0
GTEx_thyroid_donor_0540	TG	3205.0
GTEx_thyroid_donor_0541	TG	8264.0
GTEx_thyroid_donor_0542	TG	7626.0
GTEx_thyroid_donor_0543	TG	11820.0
GTEx_thyroid_donor_0544	TG	7358.0
GTEx_thyroid_donor_0545	TG	10320.0
GTEx_thyroid_donor_0546	TG	11910.0
GTEx_thyroid_donor_0547	TG	2888.0
GTEx_thyroid_donor_0548	TG	10090.0
GTEx_thyroid_donor_0549	TG	10710.0
GTEx_thyroid_donor_0550	TG	6793.0
GTEx_thyroid_donor_0551	TG	4317.0
GTEx_thyroid_donor_0552	TG	8635.0
GTEx_thyroid_donor_0553	TG	2168.0
GTEx_thyroid_donor_0554	TG	9424.0
GTEx_thyroid_donor_0555	TG	9196.0
GTEx_thyroid_donor_0556	TG	7650.0
GTEx_thyroid_donor_0557	TG	11870.0
GTEx_thyroid_donor_0558	TG	10930.0
GTEx_thyroid_donor_0559	TG	12840.0
GTEx_thyroid_donor_0560	TG	10910.0
GTEx_thyroid_donor_0561	TG	12220.0
GTEx_thyroid_donor_0562	TG	11180.0
GTEx_thyroid_donor_0563	TG	2172.0
GTEx_thyroid_donor_0564	TG	4442.0
GTEx_thyroid_donor_0565	TG	6006.0
GTEx_thyroid_donor_0566	TG	10320.0
GTEx_thyroid_donor_0567	TG	6732.0
GTEx_thyroid_donor_0568	TG	12540.0
GTEx_thyroid_donor_0569	TG	13260.0
GTEx_thyroid_donor_0570	TG	5597.0
GTEx_thyroid_donor_0571	TG	4302.0
GTEx_thyroid_donor_0572	TG	2867.0
GTEx_thyroid_donor_0573	TG	7949.0
GTEx_thyroid_donor_0574	TG	6446.0
GTEx_thyroid_donor_0575	TG	3036.0
GTEx_thyroid_donor_0576	TG	6227.0
GTEx_thyroid_donor_0577	TG	8585.0
GTEx_thyroid_donor_0578	TG	3274.0
GTEx_thyroid_donor_0579	TG	7782.0
GTEx_thyroid_donor_0580	TG	6454.0
GTEx_thyroid_donor_0581	TG	9122.0
GTEx_thyroid_donor_0582	TG	16360.0
GTEx_thyroid_donor_0583	TG	8657.0
GTEx_thyroid_donor_0584	TG	5582.0
GTEx_thyroid_donor_0585	TG	7703.0
GTEx_thyroid_donor_0586	TG	10820.0
GTEx_thyroid_donor_0587	TG	1836.0
GTEx_thyroid_donor_0588	TG	9727.0
GTEx_thyroid_donor_0589	TG	0.5938
GTEx_thyroid_donor_0590	TG	10250.0
GTEx_thyroid_donor_0591	TG	11650.0
GTEx_thyroid_donor_0592	TG	4655.0
GTEx_thyroid_donor_0593	TG	5779.0
GTEx_thyroid_donor_0594	TG	9291.0
GTEx_thyroid_donor_0595	TG	7568.0
GTEx_thyroid_donor_0596	TG	13670.0
GTEx_thyroid_donor_0597	TG	3430.0
GTEx_thyroid_donor_0598	TG	5851.0
GTEx_thyroid_donor_0599	TG	14960.0
GTEx_thyroid_donor_0600	TG	6513.0
GTEx_thyroid_donor_0601	TG	8333.0
GTEx_thyroid_donor_0602	TG	13850.0
GTEx_thyroid_donor_0603	TG	6497.0
GTEx_thyroid_donor_0604	TG	2389.0
GTEx_thyroid_donor_0605	TG	10150.0
GTEx_thyroid_donor_0606	TG	6482.0
GTEx_thyroid_donor_0607	TG	3373.0
GTEx_thyroid_donor_0608	TG	10220.0
GTEx_thyroid_donor_0609	TG	13890.0
GTEx_thyroid_donor_0610	TG	4585.0
GTEx_thyroid_donor_0611	TG	4763.0
GTEx_thyroid_donor_0612	TG	6923.0
GTEx_thyroid_donor_0613	TG	8191.0
GTEx_thyroid_donor_0614	TG	6010.0
GTEx_thyroid_donor_0615	TG	6894.0
GTEx_thyroid_donor_0616	TG	7932.0
GTEx_thyroid_donor_0617	TG	3869.0
GTEx_thyroid_donor_0618	TG	4074.0
GTEx_thyroid_donor_0619	TG	12110.0
GTEx_thyroid_donor_0620	TG	6666.0
GTEx_thyroid_donor_0621	TG	10230.0
GTEx_thyroid_donor_0622	TG	6615.0
GTEx_thyroid_donor_0623	TG	3980.0
GTEx_thyroid_donor_0624	TG	14300.0
GTEx_thyroid_donor_0625	TG	11630.0
GTEx_thyroid_donor_0626	TG	8832.0
GTEx_thyroid_donor_0627	TG	8542.0
GTEx_thyroid_donor_0628	TG	8558.0
GTEx_thyroid_donor_0629	TG	6648.0
GTEx_thyroid_donor_0630	TG	6055.0
GTEx_thyroid_donor_0631	TG	4391.0
GTEx_thyroid_donor_0632	TG	6553.0
GTEx_thyroid_donor_0633	TG	9137.0
GTEx_thyroid_donor_0634	TG	12020.0
GTEx_thyroid_donor_0635	TG	7631.0
GTEx_thyroid_donor_0636	TG	9262.0
GTEx_thyroid_donor_0637	TG	3806.0
GTEx_thyroid_donor_0638	TG	11050.0
GTEx_thyroid_donor_0639	TG	5486.0
GTEx_thyroid_donor_0640	TG	13540.0
GTEx_thyroid_donor_0641	TG	4298.0
GTEx_thyroid_donor_0642	TG	4518.0
GTEx_thyroid_donor_0643	TG	13660.0
GTEx_thyroid_donor_0644	TG	14060.0
GTEx_thyroid_donor_0645	TG	6923.0
GTEx_thyroid_donor_0646	TG	12470.0
GTEx_thyroid_donor_0647	TG	10640.0
GTEx_thyroid_donor_0648	TG	6855.0
GTEx_thyroid_donor_0649	TG	5949.0
GTEx_thyroid_donor_0650	TG	2339.0
GTEx_thyroid_donor_0651	TG	12990.0
GTEx_thyroid_donor_0652	TG	8027.0
GTEx_thyroid_donor_0000	TPO	1930.0
GTEx_thyroid_donor_0001	TPO	1186.0
GTEx_thyroid_donor_0002	TPO	136.4
GTEx_thyroid_donor_0003	TPO	1531.0
GTEx_thyroid_donor_0004	TPO	1682.0
GTEx_thyroid_donor_0005	TPO	1553.0
GTEx_thyroid_donor_0006	TPO	2394.0
GTEx_thyroid_donor_0007	TPO	492.9
GTEx_thyroid_donor_0008	TPO	940.1
GTEx_thyroid_donor_0009	TPO	2613.0
GTEx_thyroid_donor_0010	TPO	1060.0
GTEx_thyroid_donor_0011	TPO	1214.0
GTEx_thyroid_donor_0012	TPO	1916.0
GTEx_thyroid_donor_0013	TPO	1587.0
GTEx_thyroid_donor_0014	TPO	1530.0
GTEx_thyroid_donor_0015	TPO	2368.0
GTEx_thyroid_donor_0016	TPO	873.9
GTEx_thyroid_donor_0017	TPO	1180.0
GTEx_thyroid_donor_0018	TPO	2329.0
GTEx_thyroid_donor_0019	TPO	749.9
GTEx_thyroid_donor_0020	TPO	241.4
GTEx_thyroid_donor_0021	TPO	2236.0
GTEx_thyroid_donor_0022	TPO	1007.0
GTEx_thyroid_donor_0023	TPO	2545.0
GTEx_thyroid_donor_0024	TPO	116.4
GTEx_thyroid_donor_0025	TPO	2491.0
GTEx_thyroid_donor_0026	TPO	690.6
GTEx_thyroid_donor_0027	TPO	1398.0
GTEx_thyroid_donor_0028	TPO	1035.0
GTEx_thyroid_donor_0029	TPO	426.7
GTEx_thyroid_donor_0030	TPO	837.2
GTEx_thyroid_donor_0031	TPO	1144.0
GTEx_thyroid_donor_0032	TPO	1295.0
GTEx_thyroid_donor_0033	TPO	1810.0
GTEx_thyroid_donor_0034	TPO	1258.0
GTEx_thyroid_donor_0035	TPO	1765.0
GTEx_thyroid_donor_0036	TPO	1417.0
GTEx_thyroid_donor_0037	TPO	854.1
GTEx_thyroid_donor_0038	TPO	627.8
GTEx_thyroid_donor_0039	TPO	3485.0
GTEx_thyroid_donor_0040	TPO	332.7
GTEx_thyroid_donor_0041	TPO	985.8
GTEx_thyroid_donor_0042	TPO	4283.0
GTEx_thyroid_donor_0043	TPO	726.6
GTEx_thyroid_donor_0044	TPO	710.3
GTEx_thyroid_donor_0045	TPO	1214.0
GTEx_thyroid_donor_0046	TPO	182.2
GTEx_thyroid_donor_0047	TPO	715.1
GTEx_thyroid_donor_0048	TPO	237.5
GTEx_thyroid_donor_0049	TPO	2326.0
GTEx_thyroid_donor_0050	TPO	1240.0
GTEx_thyroid_donor_0051	TPO	783.1
GTEx_thyroid_donor_0052	TPO	415.3
GTEx_thyroid_donor_0053	TPO	109.2
GTEx_thyroid_donor_0054	TPO	1423.0
GTEx_thyroid_donor_0055	TPO	3357.0
GTEx_thyroid_donor_0056	TPO	3040.0
GTEx_thyroid_donor_0057	TPO	2103.0
GTEx_thyroid_donor_0058	TPO	909.2
GTEx_thyroid_donor_0059	TPO	379.9
GTEx_thyroid_donor_0060	TPO	720.6
GTEx_thyroid_donor_0061	TPO	1724.0
GTEx_thyroid_donor_0062	TPO	843.5
GTEx_thyroid_donor_0063	TPO	832.4
GTEx_thyroid_donor_0064	TPO	2197.0
GTEx_thyroid_donor_0065	TPO	1167.0
GTEx_thyroid_donor_0066	TPO	1446.0
GTEx_thyroid_donor_0067	TPO	1627.0
GTEx_thyroid_donor_0068	TPO	1645.0
GTEx_thyroid_donor_0069	TPO	2437.0
GTEx_thyroid_donor_0070	TPO	817.4
GTEx_thyroid_donor_0071	TPO	1226.0
GTEx_thyroid_donor_0072	TPO	1403.0
GTEx_thyroid_donor_0073	TPO	3686.0
GTEx_thyroid_donor_0074	TPO	1123.0
GTEx_thyroid_donor_0075	TPO	1352.0
GTEx_thyroid_donor_0076	TPO	1136.0
GTEx_thyroid_donor_0077	TPO	2353.0
GTEx_thyroid_donor_0078	TPO	2412.0
GTEx_thyroid_donor_0079	TPO	1349.0
GTEx_thyroid_donor_0080	TPO	706.7
GTEx_thyroid_donor_0081	TPO	774.2
GTEx_thyroid_donor_0082	TPO	1820.0
GTEx_thyroid_donor_0083	TPO	2962.0
GTEx_thyroid_donor_0084	TPO	1292.0
GTEx_thyroid_donor_0085	TPO	343.5
GTEx_thyroid_donor_0086	TPO	766.1
GTEx_thyroid_donor_0087	TPO	1282.0
GTEx_thyroid_donor_0088	TPO	995.2
GTEx_thyroid_donor_0089	TPO	2706.0
GTEx_thyroid_donor_0090	TPO	1197.0
GTEx_thyroid_donor_0091	TPO	935.5
GTEx_thyroid_donor_0092	TPO	736.9
GTEx_thyroid_donor_0093	TPO	2454.0
GTEx_thyroid_donor_0094	TPO	2905.0
GTEx_thyroid_donor_0095	TPO	1954.0
GTEx_thyroid_donor_0096	TPO	1854.0
GTEx_thyroid_donor_0097	TPO	1378.0
GTEx_thyroid_donor_0098	TPO	1143.0
GTEx_thyroid_donor_0099	TPO	1335.0
GTEx_thyroid_donor_0100	TPO	2165.0
GTEx_thyroid_donor_0101	TPO	111.7
GTEx_thyroid_donor_0102	TPO	1150.0
GTEx_thyroid_donor_0103	TPO	1217.0
GTEx_thyroid_donor_0104	TPO	2161.0
GTEx_thyroid_donor_0105	TPO	2547.0
GTEx_thyroid_donor_0106	TPO	255.6
GTEx_thyroid_donor_0107	TPO	1561.0
GTEx_thyroid_donor_0108	TPO	3141.0
GTEx_thyroid_donor_0109	TPO	1855.0
GTEx_thyroid_donor_0110	TPO	1446.0
GTEx_thyroid_donor_0111	TPO	446.6
GTEx_thyroid_donor_0112	TPO	863.5
GTEx_thyroid_donor_0113	TPO	685.1
GTEx_thyroid_donor_0114	TPO	1378.0
GTEx_thyroid_donor_0115	TPO	823.3
GTEx_thyroid_donor_0116	TPO	673.9
GTEx_thyroid_donor_0117	TPO	747.3
GTEx_thyroid_donor_0118	TPO	2581.0
GTEx_thyroid_donor_0119	TPO	838.9
GTEx_thyroid_donor_0120	TPO	1174.0
GTEx_thyroid_donor_0121	TPO	2772.0
GTEx_thyroid_donor_0122	TPO	1071.0
GTEx_thyroid_donor_0123	TPO	357.9
GTEx_thyroid_donor_0124	TPO	916.4
GTEx_thyroid_donor_0125	TPO	2951.0
GTEx_thyroid_donor_0126	TPO	400.2
GTEx_thyroid_donor_0127	TPO	170.1
GTEx_thyroid_donor_0128	TPO	1353.0
GTEx_thyroid_donor_0129	TPO	2450.0
GTEx_thyroid_donor_0130	TPO	364.7
GTEx_thyroid_donor_0131	TPO	2287.0
GTEx_thyroid_donor_0132	TPO	1476.0
GTEx_thyroid_donor_0133	TPO	751.5
GTEx_thyroid_donor_0134	TPO	809.1
GTEx_thyroid_donor_0135	TPO	535.3
GTEx_thyroid_donor_0136	TPO	1919.0
GTEx_thyroid_donor_0137	TPO	1808.0
GTEx_thyroid_donor_0138	TPO	747.7
GTEx_thyroid_donor_0139	TPO	1825.0
GTEx_thyroid_donor_0140	TPO	626.2
GTEx_thyroid_donor_0141	TPO	986.6
GTEx_thyroid_donor_0142	TPO	1618.0
GTEx_thyroid_donor_0143	TPO	1895.0
GTEx_thyroid_donor_0144	TPO	3446.0
GTEx_thyroid_donor_0145	TPO	921.7
GTEx_thyroid_donor_0146	TPO	783.8
GTEx_thyroid_donor_0147	TPO	1022.0
GTEx_thyroid_donor_0148	TPO	1132.0
GTEx_thyroid_donor_0149	TPO	338.9
GTEx_thyroid_donor_0150	TPO	288.7
GTEx_thyroid_donor_0151	TPO	1531.0
GTEx_thyroid_donor_0152	TPO	246.1
GTEx_thyroid_donor_0153	TPO	199.3
GTEx_thyroid_donor_0154	TPO	1109.0
GTEx_thyroid_donor_0155	TPO	299.8
GTEx_thyroid_donor_0156	TPO	1447.0
GTEx_thyroid_donor_0157	TPO	3150.0
GTEx_thyroid_donor_0158	TPO	1046.0
GTEx_thyroid_donor_0159	TPO	1341.0
GTEx_thyroid_donor_0160	TPO	1032.0
GTEx_thyroid_donor_0161	TPO	1176.0
GTEx_thyroid_donor_0162	TPO	1223.0
GTEx_thyroid_donor_0163	TPO	1352.0
GTEx_thyroid_donor_0164	TPO	283.4
GTEx_thyroid_donor_0165	TPO	420.1
GTEx_thyroid_donor_0166	TPO	3022.0
GTEx_thyroid_donor_0167	TPO	1130.0
GTEx_thyroid_donor_0168	TPO	330.8
GTEx_thyroid_donor_0169	TPO	2018.0
GTEx_thyroid_donor_0170	TPO	4442.0
GTEx_thyroid_donor_0171	TPO	5161.0
GTEx_thyroid_donor_0172	TPO	917.4
GTEx_thyroid_donor_0173	TPO	1885.0
GTEx_thyroid_donor_0174	TPO	4528.0
GTEx_thyroid_donor_0175	TPO	2655.0
GTEx_thyroid_donor_0176	TPO	1878.0
GTEx_thyroid_donor_0177	TPO	769.3
GTEx_thyroid_donor_0178	TPO	218.9
GTEx_thyroid_donor_0179	TPO	787.8
GTEx_thyroid_donor_0180	TPO	1987.0
GTEx_thyroid_donor_0181	TPO	1575.0
GTEx_thyroid_donor_0182	TPO	2719.0
GTEx_thyroid_donor_0183	TPO	1244.0
GTEx_thyroid_donor_0184	TPO	1379.0
GTEx_thyroid_donor_0185	TPO	5232.0
GTEx_thyroid_donor_0186	TPO	1831.0
GTEx_thyroid_donor_0187	TPO	1446.0
GTEx_thyroid_donor_0188	TPO	846.0
GTEx_thyroid_donor_0189	TPO	1542.0
GTEx_thyroid_donor_0190	TPO	904.9
GTEx_thyroid_donor_0191	TPO	2321.0
GTEx_thyroid_donor_0192	TPO	1735.0
GTEx_thyroid_donor_0193	TPO	359.0
GTEx_thyroid_donor_0194	TPO	1673.0
GTEx_thyroid_donor_0195	TPO	4928.0
GTEx_thyroid_donor_0196	TPO	495.2
GTEx_thyroid_donor_0197	TPO	2146.0
GTEx_thyroid_donor_0198	TPO	874.8
GTEx_thyroid_donor_0199	TPO	654.5
GTEx_thyroid_donor_0200	TPO	3762.0
GTEx_thyroid_donor_0201	TPO	1850.0
GTEx_thyroid_donor_0202	TPO	174.7
GTEx_thyroid_donor_0203	TPO	943.1
GTEx_thyroid_donor_0204	TPO	1090.0
GTEx_thyroid_donor_0205	TPO	1341.0
GTEx_thyroid_donor_0206	TPO	2212.0
GTEx_thyroid_donor_0207	TPO	1174.0
GTEx_thyroid_donor_0208	TPO	5115.0
GTEx_thyroid_donor_0209	TPO	1790.0
GTEx_thyroid_donor_0210	TPO	1182.0
GTEx_thyroid_donor_0211	TPO	331.5
GTEx_thyroid_donor_0212	TPO	397.4
GTEx_thyroid_donor_0213	TPO	2742.0
GTEx_thyroid_donor_0214	TPO	311.6
GTEx_thyroid_donor_0215	TPO	1555.0
GTEx_thyroid_donor_0216	TPO	1327.0
GTEx_thyroid_donor_0217	TPO	441.7
GTEx_thyroid_donor_0218	TPO	1105.0
GTEx_thyroid_donor_0219	TPO	934.8
GTEx_thyroid_donor_0220	TPO	1029.0
GTEx_thyroid_donor_0221	TPO	103.9
GTEx_thyroid_donor_0222	TPO	2243.0
GTEx_thyroid_donor_0223	TPO	853.4
GTEx_thyroid_donor_0224	TPO	1106.0
GTEx_thyroid_donor_0225	TPO	208.5
GTEx_thyroid_donor_0226	TPO	2721.0
GTEx_thyroid_donor_0227	TPO	993.1
GTEx_thyroid_donor_0228	TPO	621.6
GTEx_thyroid_donor_0229	TPO	1134.0
GTEx_thyroid_donor_0230	TPO	1369.0
GTEx_thyroid_donor_0231	TPO	2339.0
GTEx_thyroid_donor_0232	TPO	1180.0
GTEx_thyroid_donor_0233	TPO	1141.0
GTEx_thyroid_donor_0234	TPO	691.2
GTEx_thyroid_donor_0235	TPO	1032.0
GTEx_thyroid_donor_0236	TPO	826.5
GTEx_thyroid_donor_0237	TPO	1004.0
GTEx_thyroid_donor_0238	TPO	1338.0
GTEx_thyroid_donor_0239	TPO	1175.0
GTEx_thyroid_donor_0240	TPO	589.1
GTEx_thyroid_donor_0241	TPO	996.8
GTEx_thyroid_donor_0242	TPO	1540.0
GTEx_thyroid_donor_0243	TPO	2214.0
GTEx_thyroid_donor_0244	TPO	1957.0
GTEx_thyroid_donor_0245	TPO	1275.0
GTEx_thyroid_donor_0246	TPO	4146.0
GTEx_thyroid_donor_0247	TPO	1819.0
GTEx_thyroid_donor_0248	TPO	628.2
GTEx_thyroid_donor_0249	TPO	1069.0
GTEx_thyroid_donor_0250	TPO	1743.0
GTEx_thyroid_donor_0251	TPO	4488.0
GTEx_thyroid_donor_0252	TPO	470.0
GTEx_thyroid_donor_0253	TPO	1226.0
GTEx_thyroid_donor_0254	TPO	865.5
GTEx_thyroid_donor_0255	TPO	2956.0
GTEx_thyroid_donor_0256	TPO	984.8
GTEx_thyroid_donor_0257	TPO	5357.0
GTEx_thyroid_donor_0258	TPO	1283.0
GTEx_thyroid_donor_0259	TPO	545.1
GTEx_thyroid_donor_0260	TPO	567.3
GTEx_thyroid_donor_0261	TPO	634.9
GTEx_thyroid_donor_0262	TPO	567.8
GTEx_thyroid_donor_0263	TPO	643.4
GTEx_thyroid_donor_0264	TPO	4536.0
GTEx_thyroid_donor_0265	TPO	2485.0
GTEx_thyroid_donor_0266	TPO	1102.0
GTEx_thyroid_donor_0267	TPO	1073.0
GTEx_thyroid_donor_0268	TPO	1202.0
GTEx_thyroid_donor_0269	TPO	166.2
GTEx_thyroid_donor_0270	TPO	1212.0
GTEx_thyroid_donor_0271	TPO	824.7
GTEx_thyroid_donor_0272	TPO	493.2
GTEx_thyroid_donor_0273	TPO	1253.0
GTEx_thyroid_donor_0274	TPO	1325.0
GTEx_thyroid_donor_0275	TPO	2872.0
GTEx_thyroid_donor_0276	TPO	802.0
GTEx_thyroid_donor_0277	TPO	578.3
GTEx_thyroid_donor_0278	TPO	1484.0
GTEx_thyroid_donor_0279	TPO	554.2
GTEx_thyroid_donor_0280	TPO	610.8
GTEx_thyroid_donor_0281	TPO	1669.0
GTEx_thyroid_donor_0282	TPO	384.8
GTEx_thyroid_donor_0283	TPO	908.6
GTEx_thyroid_donor_0284	TPO	1386.0
GTEx_thyroid_donor_0285	TPO	359.6
GTEx_thyroid_donor_0286	TPO	345.9
GTEx_thyroid_donor_0287	TPO	768.9
GTEx_thyroid_donor_0288	TPO	616.7
GTEx_thyroid_donor_0289	TPO	781.2
GTEx_thyroid_donor_0290	TPO	1104.0
GTEx_thyroid_donor_0291	TPO	784.8
GTEx_thyroid_donor_0292	TPO	808.2
GTEx_thyroid_donor_0293	TPO	2275.0
GTEx_thyroid_donor_0294	TPO	937.8
GTEx_thyroid_donor_0295	TPO	1674.0
GTEx_thyroid_donor_0296	TPO	516.4
GTEx_thyroid_donor_0297	TPO	1115.0
GTEx_thyroid_donor_0298	TPO	1676.0
GTEx_thyroid_donor_0299	TPO	3475.0
GTEx_thyroid_donor_0300	TPO	553.5
GTEx_thyroid_donor_0301	TPO	1737.0
GTEx_thyroid_donor_0302	TPO	1194.0
GTEx_thyroid_donor_0303	TPO	1001.0
GTEx_thyroid_donor_0304	TPO	1013.0
GTEx_thyroid_donor_0305	TPO	1042.0
GTEx_thyroid_donor_0306	TPO	1474.0
GTEx_thyroid_donor_0307	TPO	670.7
GTEx_thyroid_donor_0308	TPO	357.4
GTEx_thyroid_donor_0309	TPO	983.5
GTEx_thyroid_donor_0310	TPO	2944.0
GTEx_thyroid_donor_0311	TPO	1757.0
GTEx_thyroid_donor_0312	TPO	1402.0
GTEx_thyroid_donor_0313	TPO	2981.0
GTEx_thyroid_donor_0314	TPO	770.5
GTEx_thyroid_donor_0315	TPO	1177.0
GTEx_thyroid_donor_0316	TPO	454.7
GTEx_thyroid_donor_0317	TPO	1344.0
GTEx_thyroid_donor_0318	TPO	226.9
GTEx_thyroid_donor_0319	TPO	884.7
GTEx_thyroid_donor_0320	TPO	461.4
GTEx_thyroid_donor_0321	TPO	691.2
GTEx_thyroid_donor_0322	TPO	492.4
GTEx_thyroid_donor_0323	TPO	1168.0
GTEx_thyroid_donor_0324	TPO	3497.0
GTEx_thyroid_donor_0325	TPO	753.3
GTEx_thyroid_donor_0326	TPO	1591.0
GTEx_thyroid_donor_0327	TPO	237.6
GTEx_thyroid_donor_0328	TPO	1260.0
GTEx_thyroid_donor_0329	TPO	2237.0
GTEx_thyroid_donor_0330	TPO	1743.0
GTEx_thyroid_donor_0331	TPO	1242.0
GTEx_thyroid_donor_0332	TPO	1450.0
GTEx_thyroid_donor_0333	TPO	950.2
GTEx_thyroid_donor_0334	TPO	1421.0
GTEx_thyroid_donor_0335	TPO	1242.0
GTEx_thyroid_donor_0336	TPO	2719.0
GTEx_thyroid_donor_0337	TPO	1757.0
GTEx_thyroid_donor_0338	TPO	361.1
GTEx_thyroid_donor_0339	TPO	2356.0
GTEx_thyroid_donor_0340	TPO	1106.0
GTEx_thyroid_donor_0341	TPO	1201.0
GTEx_thyroid_donor_0342	TPO	956.5
GTEx_thyroid_donor_0343	TPO	1387.0
GTEx_thyroid_donor_0344	TPO	2118.0
GTEx_thyroid_donor_0345	TPO	3748.0
GTEx_thyroid_donor_0346	TPO	1494.0
GTEx_thyroid_donor_0347	TPO	1010.0
GTEx_thyroid_donor_0348	TPO	3415.0
GTEx_thyroid_donor_0349	TPO	673.6
GTEx_thyroid_donor_0350	TPO	2483.0
GTEx_thyroid_donor_0351	TPO	1588.0
GTEx_thyroid_donor_0352	TPO	622.1
GTEx_thyroid_donor_0353	TPO	627.1
GTEx_thyroid_donor_0354	TPO	839.4
GTEx_thyroid_donor_0355	TPO	1155.0
GTEx_thyroid_donor_0356	TPO	2859.0
GTEx_thyroid_donor_0357	TPO	2128.0
GTEx_thyroid_donor_0358	TPO	992.9
GTEx_thyroid_donor_0359	TPO	517.2
GTEx_thyroid_donor_0360	TPO	2766.0
GTEx_thyroid_donor_0361	TPO	1188.0
GTEx_thyroid_donor_0362	TPO	638.6
GTEx_thyroid_donor_0363	TPO	612.2
GTEx_thyroid_donor_0364	TPO	2158.0
GTEx_thyroid_donor_0365	TPO	752.6
GTEx_thyroid_donor_0366	TPO	1175.0
GTEx_thyroid_donor_0367	TPO	1230.0
GTEx_thyroid_donor_0368	TPO	1901.0
GTEx_thyroid_donor_0369	TPO	1402.0
GTEx_thyroid_donor_0370	TPO	870.4
GTEx_thyroid_donor_0371	TPO	1026.0
GTEx_thyroid_donor_0372	TPO	814.9
GTEx_thyroid_donor_0373	TPO	456.9
GTEx_thyroid_donor_0374	TPO	764.5
GTEx_thyroid_donor_0375	TPO	921.6
GTEx_thyroid_donor_0376	TPO	1203.0
GTEx_thyroid_donor_0377	TPO	1851.0
GTEx_thyroid_donor_0378	TPO	868.2
GTEx_thyroid_donor_0379	TPO	666.5
GTEx_thyroid_donor_0380	TPO	4750.0
GTEx_thyroid_donor_0381	TPO	2170.0
GTEx_thyroid_donor_0382	TPO	681.4
GTEx_thyroid_donor_0383	TPO	1337.0
GTEx_thyroid_donor_0384	TPO	1468.0
GTEx_thyroid_donor_0385	TPO	1713.0
GTEx_thyroid_donor_0386	TPO	3533.0
GTEx_thyroid_donor_0387	TPO	1986.0
GTEx_thyroid_donor_0388	TPO	1108.0
GTEx_thyroid_donor_0389	TPO	1462.0
GTEx_thyroid_donor_0390	TPO	718.2
GTEx_thyroid_donor_0391	TPO	979.8
GTEx_thyroid_donor_0392	TPO	866.5
GTEx_thyroid_donor_0393	TPO	843.4
GTEx_thyroid_donor_0394	TPO	404.9
GTEx_thyroid_donor_0395	TPO	2077.0
GTEx_thyroid_donor_0396	TPO	1630.0
GTEx_thyroid_donor_0397	TPO	1063.0
GTEx_thyroid_donor_0398	TPO	325.2
GTEx_thyroid_donor_0399	TPO	5014.0
GTEx_thyroid_donor_0400	TPO	1239.0
GTEx_thyroid_donor_0401	TPO	1512.0
GTEx_thyroid_donor_0402	TPO	2656.0
GTEx_thyroid_donor_0403	TPO	830.3
GTEx_thyroid_donor_0404	TPO	665.6
GTEx_thyroid_donor_0405	TPO	2127.0
GTEx_thyroid_donor_0406	TPO	114.2
GTEx_thyroid_donor_0407	TPO	1319.0
GTEx_thyroid_donor_0408	TPO	1311.0
GTEx_thyroid_donor_0409	TPO	641.8
GTEx_thyroid_donor_0410	TPO	1637.0
GTEx_thyroid_donor_0411	TPO	1945.0
GTEx_thyroid_donor_0412	TPO	1589.0
GTEx_thyroid_donor_0413	TPO	935.6
GTEx_thyroid_donor_0414	TPO	711.1
GTEx_thyroid_donor_0415	TPO	3061.0
GTEx_thyroid_donor_0416	TPO	2326.0
GTEx_thyroid_donor_0417	TPO	881.2
GTEx_thyroid_donor_0418	TPO	1381.0
GTEx_thyroid_donor_0419	TPO	1492.0
GTEx_thyroid_donor_0420	TPO	3083.0
GTEx_thyroid_donor_0421	TPO	2887.0
GTEx_thyroid_donor_0422	TPO	687.2
GTEx_thyroid_donor_0423	TPO	656.3
GTEx_thyroid_donor_0424	TPO	636.7
GTEx_thyroid_donor_0425	TPO	2317.0
GTEx_thyroid_donor_0426	TPO	708.1
GTEx_thyroid_donor_0427	TPO	673.0
GTEx_thyroid_donor_0428	TPO	607.1
GTEx_thyroid_donor_0429	TPO	653.1
GTEx_thyroid_donor_0430	TPO	1073.0
GTEx_thyroid_donor_0431	TPO	3572.0
GTEx_thyroid_donor_0432	TPO	2366.0
GTEx_thyroid_donor_0433	TPO	2619.0
GTEx_thyroid_donor_0434	TPO	928.5
GTEx_thyroid_donor_0435	TPO	2196.0
GTEx_thyroid_donor_0436	TPO	2177.0
GTEx_thyroid_donor_0437	TPO	438.6
GTEx_thyroid_donor_0438	TPO	460.2
GTEx_thyroid_donor_0439	TPO	930.3
GTEx_thyroid_donor_0440	TPO	2000.0
GTEx_thyroid_donor_0441	TPO	816.2
GTEx_thyroid_donor_0442	TPO	2234.0
GTEx_thyroid_donor_0443	TPO	558.8
GTEx_thyroid_donor_0444	TPO	2436.0
GTEx_thyroid_donor_0445	TPO	2064.0
GTEx_thyroid_donor_0446	TPO	1645.0
GTEx_thyroid_donor_0447	TPO	735.1
GTEx_thyroid_donor_0448	TPO	1982.0
GTEx_thyroid_donor_0449	TPO	1339.0
GTEx_thyroid_donor_0450	TPO	116.9
GTEx_thyroid_donor_0451	TPO	1162.0
GTEx_thyroid_donor_0452	TPO	2321.0
GTEx_thyroid_donor_0453	TPO	496.6
GTEx_thyroid_donor_0454	TPO	640.7
GTEx_thyroid_donor_0455	TPO	523.3
GTEx_thyroid_donor_0456	TPO	2723.0
GTEx_thyroid_donor_0457	TPO	1947.0
GTEx_thyroid_donor_0458	TPO	1481.0
GTEx_thyroid_donor_0459	TPO	840.6
GTEx_thyroid_donor_0460	TPO	399.6
GTEx_thyroid_donor_0461	TPO	1390.0
GTEx_thyroid_donor_0462	TPO	446.4
GTEx_thyroid_donor_0463	TPO	950.0
GTEx_thyroid_donor_0464	TPO	734.3
GTEx_thyroid_donor_0465	TPO	317.6
GTEx_thyroid_donor_0466	TPO	1616.0
GTEx_thyroid_donor_0467	TPO	467.8
GTEx_thyroid_donor_0468	TPO	1853.0
GTEx_thyroid_donor_0469	TPO	1034.0
GTEx_thyroid_donor_0470	TPO	2038.0
GTEx_thyroid_donor_0471	TPO	18.22
GTEx_thyroid_donor_0472	TPO	2218.0
GTEx_thyroid_donor_0473	TPO	2649.0
GTEx_thyroid_donor_0474	TPO	600.4
GTEx_thyroid_donor_0475	TPO	1022.0
GTEx_thyroid_donor_0476	TPO	430.2
GTEx_thyroid_donor_0477	TPO	1760.0
GTEx_thyroid_donor_0478	TPO	1745.0
GTEx_thyroid_donor_0479	TPO	451.1
GTEx_thyroid_donor_0480	TPO	1001.0
GTEx_thyroid_donor_0481	TPO	1156.0
GTEx_thyroid_donor_0482	TPO	891.2
GTEx_thyroid_donor_0483	TPO	1546.0
GTEx_thyroid_donor_0484	TPO	1848.0
GTEx_thyroid_donor_0485	TPO	3073.0
GTEx_thyroid_donor_0486	TPO	2704.0
GTEx_thyroid_donor_0487	TPO	383.3
GTEx_thyroid_donor_0488	TPO	2373.0
GTEx_thyroid_donor_0489	TPO	2769.0
GTEx_thyroid_donor_0490	TPO	2877.0
GTEx_thyroid_donor_0491	TPO	1039.0
GTEx_thyroid_donor_0492	TPO	722.2
GTEx_thyroid_donor_0493	TPO	1227.0
GTEx_thyroid_donor_0494	TPO	2576.0
GTEx_thyroid_donor_0495	TPO	338.7
GTEx_thyroid_donor_0496	TPO	892.6
GTEx_thyroid_donor_0497	TPO	1806.0
GTEx_thyroid_donor_0498	TPO	1896.0
GTEx_thyroid_donor_0499	TPO	1483.0
GTEx_thyroid_donor_0500	TPO	386.4
GTEx_thyroid_donor_0501	TPO	1073.0
GTEx_thyroid_donor_0502	TPO	2483.0
GTEx_thyroid_donor_0503	TPO	404.1
GTEx_thyroid_donor_0504	TPO	2011.0
GTEx_thyroid_donor_0505	TPO	1245.0
GTEx_thyroid_donor_0506	TPO	349.3
GTEx_thyroid_donor_0507	TPO	2310.0
GTEx_thyroid_donor_0508	TPO	448.2
GTEx_thyroid_donor_0509	TPO	1370.0
GTEx_thyroid_donor_0510	TPO	292.4
GTEx_thyroid_donor_0511	TPO	3341.0
GTEx_thyroid_donor_0512	TPO	499.7
GTEx_thyroid_donor_0513	TPO	772.8
GTEx_thyroid_donor_0514	TPO	297.3
GTEx_thyroid_donor_0515	TPO	359.4
GTEx_thyroid_donor_0516	TPO	3530.0
GTEx_thyroid_donor_0517	TPO	90.54
GTEx_thyroid_donor_0518	TPO	1458.0
GTEx_thyroid_donor_0519	TPO	1625.0
GTEx_thyroid_donor_0520	TPO	1358.0
GTEx_thyroid_donor_0521	TPO	1267.0
GTEx_thyroid_donor_0522	TPO	525.3
GTEx_thyroid_donor_0523	TPO	3585.0
GTEx_thyroid_donor_0524	TPO	538.1
GTEx_thyroid_donor_0525	TPO	568.6
GTEx_thyroid_donor_0526	TPO	2413.0
GTEx_thyroid_donor_0527	TPO	450.7
GTEx_thyroid_donor_0528	TPO	1094.0
GTEx_thyroid_donor_0529	TPO	939.1
GTEx_thyroid_donor_0530	TPO	2145.0
GTEx_thyroid_donor_0531	TPO	1987.0
GTEx_thyroid_donor_0532	TPO	1067.0
GTEx_thyroid_donor_0533	TPO	2720.0
GTEx_thyroid_donor_0534	TPO	1071.0
GTEx_thyroid_donor_0535	TPO	3913.0
GTEx_thyroid_donor_0536	TPO	5395.0
GTEx_thyroid_donor_0537	TPO	3043.0
GTEx_thyroid_donor_0538	TPO	282.2
GTEx_thyroid_donor_0539	TPO	608.3
GTEx_thyroid_donor_0540	TPO	508.4
GTEx_thyroid_donor_0541	TPO	2045.0
GTEx_thyroid_donor_0542	TPO	1287.0
GTEx_thyroid_donor_0543	TPO	871.8
GTEx_thyroid_donor_0544	TPO	2474.0
GTEx_thyroid_donor_0545	TPO	1554.0
GTEx_thyroid_donor_0546	TPO	3743.0
GTEx_thyroid_donor_0547	TPO	206.9
GTEx_thyroid_donor_0548	TPO	1244.0
GTEx_thyroid_donor_0549	TPO	1092.0
GTEx_thyroid_donor_0550	TPO	417.5
GTEx_thyroid_donor_0551	TPO	1244.0
GTEx_thyroid_donor_0552	TPO	341.7
GTEx_thyroid_donor_0553	TPO	663.7
GTEx_thyroid_donor_0554	TPO	1092.0
GTEx_thyroid_donor_0555	TPO	1280.0
GTEx_thyroid_donor_0556	TPO	1824.0
GTEx_thyroid_donor_0557	TPO	3409.0
GTEx_thyroid_donor_0558	TPO	930.3
GTEx_thyroid_donor_0559	TPO	1935.0
GTEx_thyroid_donor_0560	TPO	970.0
GTEx_thyroid_donor_0561	TPO	1445.0
GTEx_thyroid_donor_0562	TPO	685.5
GTEx_thyroid_donor_0563	TPO	597.0
GTEx_thyroid_donor_0564	TPO	1310.0
GTEx_thyroid_donor_0565	TPO	924.6
GTEx_thyroid_donor_0566	TPO	1673.0
GTEx_thyroid_donor_0567	TPO	3110.0
GTEx_thyroid_donor_0568	TPO	2402.0
GTEx_thyroid_donor_0569	TPO	2618.0
GTEx_thyroid_donor_0570	TPO	1149.0
GTEx_thyroid_donor_0571	TPO	212.9
GTEx_thyroid_donor_0572	TPO	394.1
GTEx_thyroid_donor_0573	TPO	1344.0
GTEx_thyroid_donor_0574	TPO	2884.0
GTEx_thyroid_donor_0575	TPO	343.3
GTEx_thyroid_donor_0576	TPO	814.1
GTEx_thyroid_donor_0577	TPO	1396.0
GTEx_thyroid_donor_0578	TPO	599.4
GTEx_thyroid_donor_0579	TPO	776.9
GTEx_thyroid_donor_0580	TPO	1676.0
GTEx_thyroid_donor_0581	TPO	1897.0
GTEx_thyroid_donor_0582	TPO	2171.0
GTEx_thyroid_donor_0583	TPO	832.3
GTEx_thyroid_donor_0584	TPO	511.8
GTEx_thyroid_donor_0585	TPO	2458.0
GTEx_thyroid_donor_0586	TPO	4081.0
GTEx_thyroid_donor_0587	TPO	418.4
GTEx_thyroid_donor_0588	TPO	593.8
GTEx_thyroid_donor_0589	TPO	2.821
GTEx_thyroid_donor_0590	TPO	689.1
GTEx_thyroid_donor_0591	TPO	2396.0
GTEx_thyroid_donor_0592	TPO	1141.0
GTEx_thyroid_donor_0593	TPO	1337.0
GTEx_thyroid_donor_0594	TPO	3366.0
GTEx_thyroid_donor_0595	TPO	691.6
GTEx_thyroid_donor_0596	TPO	2011.0
GTEx_thyroid_donor_0597	TPO	176.3
GTEx_thyroid_donor_0598	TPO	1529.0
GTEx_thyroid_donor_0599	TPO	5981.0
GTEx_thyroid_donor_0600	TPO	1267.0
GTEx_thyroid_donor_0601	TPO	1487.0
GTEx_thyroid_donor_0602	TPO	2168.0
GTEx_thyroid_donor_0603	TPO	3627.0
GTEx_thyroid_donor_0604	TPO	410.4
GTEx_thyroid_donor_0605	TPO	2181.0
GTEx_thyroid_donor_0606	TPO	450.6
GTEx_thyroid_donor_0607	TPO	230.6
GTEx_thyroid_donor_0608	TPO	3121.0
GTEx_thyroid_donor_0609	TPO	1788.0
GTEx_thyroid_donor_0610	TPO	595.0
GTEx_thyroid_donor_0611	TPO	924.4
GTEx_thyroid_donor_0612	TPO	548.0
GTEx_thyroid_donor_0613	TPO	1101.0
GTEx_thyroid_donor_0614	TPO	423.3
GTEx_thyroid_donor_0615	TPO	1277.0
GTEx_thyroid_donor_0616	TPO	909.8
GTEx_thyroid_donor_0617	TPO	383.8
GTEx_thyroid_donor_0618	TPO	768.4
GTEx_thyroid_donor_0619	TPO	1741.0
GTEx_thyroid_donor_0620	TPO	1219.0
GTEx_thyroid_donor_0621	TPO	1753.0
GTEx_thyroid_donor_0622	TPO	1202.0
GTEx_thyroid_donor_0623	TPO	1417.0
GTEx_thyroid_donor_0624	TPO	3179.0
GTEx_thyroid_donor_0625	TPO	2409.0
GTEx_thyroid_donor_0626	TPO	1095.0
GTEx_thyroid_donor_0627	TPO	676.9
GTEx_thyroid_donor_0628	TPO	2322.0
GTEx_thyroid_donor_0629	TPO	1017.0
GTEx_thyroid_donor_0630	TPO	1566.0
GTEx_thyroid_donor_0631	TPO	670.5
GTEx_thyroid_donor_0632	TPO	917.4
GTEx_thyroid_donor_0633	TPO	3327.0
GTEx_thyroid_donor_0634	TPO	2894.0
GTEx_thyroid_donor_0635	TPO	1162.0
GTEx_thyroid_donor_0636	TPO	2832.0
GTEx_thyroid_donor_0637	TPO	3192.0
GTEx_thyroid_donor_0638	TPO	1958.0
GTEx_thyroid_donor_0639	TPO	756.8
GTEx_thyroid_donor_0640	TPO	860.8
GTEx_thyroid_donor_0641	TPO	320.9
GTEx_thyroid_donor_0642	TPO	394.2
GTEx_thyroid_donor_0643	TPO	3015.0
GTEx_thyroid_donor_0644	TPO	1475.0
GTEx_thyroid_donor_0645	TPO	580.0
GTEx_thyroid_donor_0646	TPO	2105.0
GTEx_thyroid_donor_0647	TPO	528.1
GTEx_thyroid_donor_0648	TPO	1155.0
GTEx_thyroid_donor_0649	TPO	500.5
GTEx_thyroid_donor_0650	TPO	733.8
GTEx_thyroid_donor_0651	TPO	2889.0
GTEx_thyroid_donor_0652	TPO	1850.0
GTEx_thyroid_donor_0000	TSHR	204.4
GTEx_thyroid_donor_0001	TSHR	193.9
GTEx_thyroid_donor_0002	TSHR	47.99
GTEx_thyroid_donor_0003	TSHR	137.9
GTEx_thyroid_donor_0004	TSHR	180.7
GTEx_thyroid_donor_0005	TSHR	261.2
GTEx_thyroid_donor_0006	TSHR	264.2
GTEx_thyroid_donor_0007	TSHR	213.2
GTEx_thyroid_donor_0008	TSHR	198.9
GTEx_thyroid_donor_0009	TSHR	399.8
GTEx_thyroid_donor_0010	TSHR	283.0
GTEx_thyroid_donor_0011	TSHR	178.6
GTEx_thyroid_donor_0012	TSHR	186.3
GTEx_thyroid_donor_0013	TSHR	166.0
GTEx_thyroid_donor_0014	TSHR	332.9
GTEx_thyroid_donor_0015	TSHR	293.3
GTEx_thyroid_donor_0016	TSHR	149.4
GTEx_thyroid_donor_0017	TSHR	261.7
GTEx_thyroid_donor_0018	TSHR	164.4
GTEx_thyroid_donor_0019	TSHR	172.7
GTEx_thyroid_donor_0020	TSHR	61.43
GTEx_thyroid_donor_0021	TSHR	152.8
GTEx_thyroid_donor_0022	TSHR	307.8
GTEx_thyroid_donor_0023	TSHR	332.1
GTEx_thyroid_donor_0024	TSHR	45.4
GTEx_thyroid_donor_0025	TSHR	185.5
GTEx_thyroid_donor_0026	TSHR	192.6
GTEx_thyroid_donor_0027	TSHR	247.2
GTEx_thyroid_donor_0028	TSHR	229.2
GTEx_thyroid_donor_0029	TSHR	159.1
GTEx_thyroid_donor_0030	TSHR	205.2
GTEx_thyroid_donor_0031	TSHR	314.3
GTEx_thyroid_donor_0032	TSHR	166.6
GTEx_thyroid_donor_0033	TSHR	228.9
GTEx_thyroid_donor_0034	TSHR	222.9
GTEx_thyroid_donor_0035	TSHR	182.3
GTEx_thyroid_donor_0036	TSHR	305.2
GTEx_thyroid_donor_0037	TSHR	317.9
GTEx_thyroid_donor_0038	TSHR	230.5
GTEx_thyroid_donor_0039	TSHR	281.5
GTEx_thyroid_donor_0040	TSHR	32.7
GTEx_thyroid_donor_0041	TSHR	102.5
GTEx_thyroid_donor_0042	TSHR	263.4
GTEx_thyroid_donor_0043	TSHR	126.4
GTEx_thyroid_donor_0044	TSHR	232.0
GTEx_thyroid_donor_0045	TSHR	130.7
GTEx_thyroid_donor_0046	TSHR	197.0
GTEx_thyroid_donor_0047	TSHR	317.2
GTEx_thyroid_donor_0048	TSHR	131.8
GTEx_thyroid_donor_0049	TSHR	292.6
GTEx_thyroid_donor_0050	TSHR	215.4
GTEx_thyroid_donor_0051	TSHR	269.3
GTEx_thyroid_donor_0052	TSHR	159.4
GTEx_thyroid_donor_0053	TSHR	88.01
GTEx_thyroid_donor_0054	TSHR	156.6
GTEx_thyroid_donor_0055	TSHR	149.5
GTEx_thyroid_donor_0056	TSHR	235.5
GTEx_thyroid_donor_0057	TSHR	266.6
GTEx_thyroid_donor_0058	TSHR	251.2
GTEx_thyroid_donor_0059	TSHR	120.1
GTEx_thyroid_donor_0060	TSHR	171.8
GTEx_thyroid_donor_0061	TSHR	271.4
GTEx_thyroid_donor_0062	TSHR	107.8
GTEx_thyroid_donor_0063	TSHR	243.1
GTEx_thyroid_donor_0064	TSHR	165.4
GTEx_thyroid_donor_0065	TSHR	231.1
GTEx_thyroid_donor_0066	TSHR	184.9
GTEx_thyroid_donor_0067	TSHR	232.4
GTEx_thyroid_donor_0068	TSHR	178.6
GTEx_thyroid_donor_0069	TSHR	298.5
GTEx_thyroid_donor_0070	TSHR	149.0
GTEx_thyroid_donor_0071	TSHR	31.59
GTEx_thyroid_donor_0072	TSHR	229.8
GTEx_thyroid_donor_0073	TSHR	267.6
GTEx_thyroid_donor_0074	TSHR	160.2
GTEx_thyroid_donor_0075	TSHR	163.7
GTEx_thyroid_donor_0076	TSHR	238.8
GTEx_thyroid_donor_0077	TSHR	307.1
GTEx_thyroid_donor_0078	TSHR	220.3
GTEx_thyroid_donor_0079	TSHR	170.4
GTEx_thyroid_donor_0080	TSHR	164.3
GTEx_thyroid_donor_0081	TSHR	156.9
GTEx_thyroid_donor_0082	TSHR	177.1
GTEx_thyroid_donor_0083	TSHR	130.5
GTEx_thyroid_donor_0084	TSHR	171.9
GTEx_thyroid_donor_0085	TSHR	185.8
GTEx_thyroid_donor_0086	TSHR	198.9
GTEx_thyroid_donor_0087	TSHR	224.1
GTEx_thyroid_donor_0088	TSHR	345.4
GTEx_thyroid_donor_0089	TSHR	203.7
GTEx_thyroid_donor_0090	TSHR	294.7
GTEx_thyroid_donor_0091	TSHR	243.0
GTEx_thyroid_donor_0092	TSHR	180.2
GTEx_thyroid_donor_0093	TSHR	90.9
GTEx_thyroid_donor_0094	TSHR	201.1
GTEx_thyroid_donor_0095	TSHR	270.4
GTEx_thyroid_donor_0096	TSHR	228.0
GTEx_thyroid_donor_0097	TSHR	127.8
GTEx_thyroid_donor_0098	TSHR	215.7
GTEx_thyroid_donor_0099	TSHR	194.3
GTEx_thyroid_donor_0100	TSHR	104.0
GTEx_thyroid_donor_0101	TSHR	119.6
GTEx_thyroid_donor_0102	TSHR	186.8
GTEx_thyroid_donor_0103	TSHR	230.1
GTEx_thyroid_donor_0104	TSHR	158.4
GTEx_thyroid_donor_0105	TSHR	282.9
GTEx_thyroid_donor_0106	TSHR	153.8
GTEx_thyroid_donor_0107	TSHR	195.4
GTEx_thyroid_donor_0108	TSHR	168.2
GTEx_thyroid_donor_0109	TSHR	189.4
GTEx_thyroid_donor_0110	TSHR	174.9
GTEx_thyroid_donor_0111	TSHR	199.0
GTEx_thyroid_donor_0112	TSHR	183.2
GTEx_thyroid_donor_0113	TSHR	169.6
GTEx_thyroid_donor_0114	TSHR	202.7
GTEx_thyroid_donor_0115	TSHR	237.9
GTEx_thyroid_donor_0116	TSHR	209.3
GTEx_thyroid_donor_0117	TSHR	56.5
GTEx_thyroid_donor_0118	TSHR	360.0
GTEx_thyroid_donor_0119	TSHR	229.9
GTEx_thyroid_donor_0120	TSHR	138.5
GTEx_thyroid_donor_0121	TSHR	134.8
GTEx_thyroid_donor_0122	TSHR	231.9
GTEx_thyroid_donor_0123	TSHR	138.7
GTEx_thyroid_donor_0124	TSHR	171.3
GTEx_thyroid_donor_0125	TSHR	219.0
GTEx_thyroid_donor_0126	TSHR	104.1
GTEx_thyroid_donor_0127	TSHR	128.8
GTEx_thyroid_donor_0128	TSHR	242.8
GTEx_thyroid_donor_0129	TSHR	350.9
GTEx_thyroid_donor_0130	TSHR	160.9
GTEx_thyroid_donor_0131	TSHR	196.0
GTEx_thyroid_donor_0132	TSHR	281.7
GTEx_thyroid_donor_0133	TSHR	228.8
GTEx_thyroid_donor_0134	TSHR	287.6
GTEx_thyroid_donor_0135	TSHR	184.8
GTEx_thyroid_donor_0136	TSHR	359.3
GTEx_thyroid_donor_0137	TSHR	145.4
GTEx_thyroid_donor_0138	TSHR	117.2
GTEx_thyroid_donor_0139	TSHR	148.5
GTEx_thyroid_donor_0140	TSHR	267.5
GTEx_thyroid_donor_0141	TSHR	214.8
GTEx_thyroid_donor_0142	TSHR	92.42
GTEx_thyroid_donor_0143	TSHR	224.8
GTEx_thyroid_donor_0144	TSHR	239.8
GTEx_thyroid_donor_0145	TSHR	223.5
GTEx_thyroid_donor_0146	TSHR	245.1
GTEx_thyroid_donor_0147	TSHR	378.2
GTEx_thyroid_donor_0148	TSHR	196.2
GTEx_thyroid_donor_0149	TSHR	171.3
GTEx_thyroid_donor_0150	TSHR	235.0
GTEx_thyroid_donor_0151	TSHR	159.0
GTEx_thyroid_donor_0152	TSHR	179.2
GTEx_thyroid_donor_0153	TSHR	182.0
GTEx_thyroid_donor_0154	TSHR	309.7
GTEx_thyroid_donor_0155	TSHR	120.5
GTEx_thyroid_donor_0156	TSHR	315.5
GTEx_thyroid_donor_0157	TSHR	268.2
GTEx_thyroid_donor_0158	TSHR	187.7
GTEx_thyroid_donor_0159	TSHR	93.08
GTEx_thyroid_donor_0160	TSHR	264.8
GTEx_thyroid_donor_0161	TSHR	123.3
GTEx_thyroid_donor_0162	TSHR	242.6
GTEx_thyroid_donor_0163	TSHR	144.4
GTEx_thyroid_donor_0164	TSHR	191.1
GTEx_thyroid_donor_0165	TSHR	150.4
GTEx_thyroid_donor_0166	TSHR	217.7
GTEx_thyroid_donor_0167	TSHR	247.4
GTEx_thyroid_donor_0168	TSHR	41.07
GTEx_thyroid_donor_0169	TSHR	264.0
GTEx_thyroid_donor_0170	TSHR	236.1
GTEx_thyroid_donor_0171	TSHR	239.7
GTEx_thyroid_donor_0172	TSHR	116.3
GTEx_thyroid_donor_0173	TSHR	274.0
GTEx_thyroid_donor_0174	TSHR	244.7
GTEx_thyroid_donor_0175	TSHR	237.6
GTEx_thyroid_donor_0176	TSHR	94.71
GTEx_thyroid_donor_0177	TSHR	94.8
GTEx_thyroid_donor_0178	TSHR	156.6
GTEx_thyroid_donor_0179	TSHR	130.0
GTEx_thyroid_donor_0180	TSHR	250.5
GTEx_thyroid_donor_0181	TSHR	193.6
GTEx_thyroid_donor_0182	TSHR	266.2
GTEx_thyroid_donor_0183	TSHR	241.3
GTEx_thyroid_donor_0184	TSHR	185.3
GTEx_thyroid_donor_0185	TSHR	191.8
GTEx_thyroid_donor_0186	TSHR	156.6
GTEx_thyroid_donor_0187	TSHR	266.1
GTEx_thyroid_donor_0188	TSHR	172.0
GTEx_thyroid_donor_0189	TSHR	166.3
GTEx_thyroid_donor_0190	TSHR	91.05
GTEx_thyroid_donor_0191	TSHR	223.9
GTEx_thyroid_donor_0192	TSHR	216.0
GTEx_thyroid_donor_0193	TSHR	150.6
GTEx_thyroid_donor_0194	TSHR	179.3
GTEx_thyroid_donor_0195	TSHR	353.7
GTEx_thyroid_donor_0196	TSHR	101.4
GTEx_thyroid_donor_0197	TSHR	146.7
GTEx_thyroid_donor_0198	TSHR	115.3
GTEx_thyroid_donor_0199	TSHR	103.6
GTEx_thyroid_donor_0200	TSHR	197.5
GTEx_thyroid_donor_0201	TSHR	270.0
GTEx_thyroid_donor_0202	TSHR	147.7
GTEx_thyroid_donor_0203	TSHR	225.0
GTEx_thyroid_donor_0204	TSHR	167.7
GTEx_thyroid_donor_0205	TSHR	163.2
GTEx_thyroid_donor_0206	TSHR	262.6
GTEx_thyroid_donor_0207	TSHR	123.4
GTEx_thyroid_donor_0208	TSHR	207.9
GTEx_thyroid_donor_0209	TSHR	287.2
GTEx_thyroid_donor_0210	TSHR	249.4
GTEx_thyroid_donor_0211	TSHR	99.54
GTEx_thyroid_donor_0212	TSHR	92.51
GTEx_thyroid_donor_0213	TSHR	246.6
GTEx_thyroid_donor_0214	TSHR	164.8
GTEx_thyroid_donor_0215	TSHR	205.2
GTEx_thyroid_donor_0216	TSHR	282.3
GTEx_thyroid_donor_0217	TSHR	128.4
GTEx_thyroid_donor_0218	TSHR	218.7
GTEx_thyroid_donor_0219	TSHR	83.16
GTEx_thyroid_donor_0220	TSHR	168.0
GTEx_thyroid_donor_0221	TSHR	120.1
GTEx_thyroid_donor_0222	TSHR	181.2
GTEx_thyroid_donor_0223	TSHR	232.6
GTEx_thyroid_donor_0224	TSHR	179.4
GTEx_thyroid_donor_0225	TSHR	69.64
GTEx_thyroid_donor_0226	TSHR	186.4
GTEx_thyroid_donor_0227	TSHR	151.3
GTEx_thyroid_donor_0228	TSHR	104.9
GTEx_thyroid_donor_0229	TSHR	332.4
GTEx_thyroid_donor_0230	TSHR	167.3
GTEx_thyroid_donor_0231	TSHR	369.3
GTEx_thyroid_donor_0232	TSHR	172.4
GTEx_thyroid_donor_0233	TSHR	239.5
GTEx_thyroid_donor_0234	TSHR	114.3
GTEx_thyroid_donor_0235	TSHR	191.0
GTEx_thyroid_donor_0236	TSHR	151.0
GTEx_thyroid_donor_0237	TSHR	228.9
GTEx_thyroid_donor_0238	TSHR	235.4
GTEx_thyroid_donor_0239	TSHR	234.8
GTEx_thyroid_donor_0240	TSHR	208.9
GTEx_thyroid_donor_0241	TSHR	195.4
GTEx_thyroid_donor_0242	TSHR	152.3
GTEx_thyroid_donor_0243	TSHR	186.7
GTEx_thyroid_donor_0244	TSHR	242.2
GTEx_thyroid_donor_0245	TSHR	232.0
GTEx_thyroid_donor_0246	TSHR	334.3
GTEx_thyroid_donor_0247	TSHR	251.9
GTEx_thyroid_donor_0248	TSHR	215.8
GTEx_thyroid_donor_0249	TSHR	229.0
GTEx_thyroid_donor_0250	TSHR	106.3
GTEx_thyroid_donor_0251	TSHR	255.6
GTEx_thyroid_donor_0252	TSHR	128.5
GTEx_thyroid_donor_0253	TSHR	244.9
GTEx_thyroid_donor_0254	TSHR	250.1
GTEx_thyroid_donor_0255	TSHR	231.2
GTEx_thyroid_donor_0256	TSHR	243.8
GTEx_thyroid_donor_0257	TSHR	274.1
GTEx_thyroid_donor_0258	TSHR	356.8
GTEx_thyroid_donor_0259	TSHR	166.1
GTEx_thyroid_donor_0260	TSHR	76.05
GTEx_thyroid_donor_0261	TSHR	268.2
GTEx_thyroid_donor_0262	TSHR	229.5
GTEx_thyroid_donor_0263	TSHR	246.5
GTEx_thyroid_donor_0264	TSHR	323.8
GTEx_thyroid_donor_0265	TSHR	241.9
GTEx_thyroid_donor_0266	TSHR	212.8
GTEx_thyroid_donor_0267	TSHR	147.2
GTEx_thyroid_donor_0268	TSHR	119.7
GTEx_thyroid_donor_0269	TSHR	144.3
GTEx_thyroid_donor_0270	TSHR	277.4
GTEx_thyroid_donor_0271	TSHR	190.9
GTEx_thyroid_donor_0272	TSHR	127.4
GTEx_thyroid_donor_0273	TSHR	245.8
GTEx_thyroid_donor_0274	TSHR	208.7
GTEx_thyroid_donor_0275	TSHR	130.4
GTEx_thyroid_donor_0276	TSHR	118.0
GTEx_thyroid_donor_0277	TSHR	140.4
GTEx_thyroid_donor_0278	TSHR	314.9
GTEx_thyroid_donor_0279	TSHR	76.02
GTEx_thyroid_donor_0280	TSHR	238.3
GTEx_thyroid_donor_0281	TSHR	247.5
GTEx_thyroid_donor_0282	TSHR	189.9
GTEx_thyroid_donor_0283	TSHR	146.6
GTEx_thyroid_donor_0284	TSHR	132.4
GTEx_thyroid_donor_0285	TSHR	65.84
GTEx_thyroid_donor_0286	TSHR	151.8
GTEx_thyroid_donor_0287	TSHR	165.2
GTEx_thyroid_donor_0288	TSHR	123.6
GTEx_thyroid_donor_0289	TSHR	240.7
GTEx_thyroid_donor_0290	TSHR	230.5
GTEx_thyroid_donor_0291	TSHR	143.3
GTEx_thyroid_donor_0292	TSHR	334.8
GTEx_thyroid_donor_0293	TSHR	232.2
GTEx_thyroid_donor_0294	TSHR	171.9
GTEx_thyroid_donor_0295	TSHR	279.0
GTEx_thyroid_donor_0296	TSHR	70.67
GTEx_thyroid_donor_0297	TSHR	149.9
GTEx_thyroid_donor_0298	TSHR	187.7
GTEx_thyroid_donor_0299	TSHR	271.7
GTEx_thyroid_donor_0300	TSHR	173.6
GTEx_thyroid_donor_0301	TSHR	216.6
GTEx_thyroid_donor_0302	TSHR	238.3
GTEx_thyroid_donor_0303	TSHR	119.6
GTEx_thyroid_donor_0304	TSHR	179.3
GTEx_thyroid_donor_0305	TSHR	200.3
GTEx_thyroid_donor_0306	TSHR	163.3
GTEx_thyroid_donor_0307	TSHR	246.6
GTEx_thyroid_donor_0308	TSHR	162.8
GTEx_thyroid_donor_0309	TSHR	223.4
GTEx_thyroid_donor_0310	TSHR	196.0
GTEx_thyroid_donor_0311	TSHR	165.0
GTEx_thyroid_donor_0312	TSHR	221.3
GTEx_thyroid_donor_0313	TSHR	326.6
GTEx_thyroid_donor_0314	TSHR	198.4
GTEx_thyroid_donor_0315	TSHR	204.9
GTEx_thyroid_donor_0316	TSHR	44.25
GTEx_thyroid_donor_0317	TSHR	234.0
GTEx_thyroid_donor_0318	TSHR	142.0
GTEx_thyroid_donor_0319	TSHR	179.9
GTEx_thyroid_donor_0320	TSHR	134.8
GTEx_thyroid_donor_0321	TSHR	114.6
GTEx_thyroid_donor_0322	TSHR	247.9
GTEx_thyroid_donor_0323	TSHR	236.4
GTEx_thyroid_donor_0324	TSHR	246.0
GTEx_thyroid_donor_0325	TSHR	148.8
GTEx_thyroid_donor_0326	TSHR	66.56
GTEx_thyroid_donor_0327	TSHR	169.5
GTEx_thyroid_donor_0328	TSHR	213.6
GTEx_thyroid_donor_0329	TSHR	233.3
GTEx_thyroid_donor_0330	TSHR	246.9
GTEx_thyroid_donor_0331	TSHR	252.5
GTEx_thyroid_donor_0332	TSHR	166.9
GTEx_thyroid_donor_0333	TSHR	230.1
GTEx_thyroid_donor_0334	TSHR	206.8
GTEx_thyroid_donor_0335	TSHR	219.6
GTEx_thyroid_donor_0336	TSHR	236.0
GTEx_thyroid_donor_0337	TSHR	286.1
GTEx_thyroid_donor_0338	TSHR	211.2
GTEx_thyroid_donor_0339	TSHR	176.1
GTEx_thyroid_donor_0340	TSHR	229.9
GTEx_thyroid_donor_0341	TSHR	288.6
GTEx_thyroid_donor_0342	TSHR	159.9
GTEx_thyroid_donor_0343	TSHR	263.3
GTEx_thyroid_donor_0344	TSHR	210.3
GTEx_thyroid_donor_0345	TSHR	274.8
GTEx_thyroid_donor_0346	TSHR	223.8
GTEx_thyroid_donor_0347	TSHR	160.0
GTEx_thyroid_donor_0348	TSHR	269.3
GTEx_thyroid_donor_0349	TSHR	194.7
GTEx_thyroid_donor_0350	TSHR	262.1
GTEx_thyroid_donor_0351	TSHR	216.0
GTEx_thyroid_donor_0352	TSHR	228.6
GTEx_thyroid_donor_0353	TSHR	214.1
GTEx_thyroid_donor_0354	TSHR	182.3
GTEx_thyroid_donor_0355	TSHR	265.1
GTEx_thyroid_donor_0356	TSHR	229.3
GTEx_thyroid_donor_0357	TSHR	365.0
GTEx_thyroid_donor_0358	TSHR	223.7
GTEx_thyroid_donor_0359	TSHR	63.22
GTEx_thyroid_donor_0360	TSHR	282.8
GTEx_thyroid_donor_0361	TSHR	167.2
GTEx_thyroid_donor_0362	TSHR	213.1
GTEx_thyroid_donor_0363	TSHR	157.5
GTEx_thyroid_donor_0364	TSHR	106.4
GTEx_thyroid_donor_0365	TSHR	142.8
GTEx_thyroid_donor_0366	TSHR	353.9
GTEx_thyroid_donor_0367	TSHR	195.6
GTEx_thyroid_donor_0368	TSHR	291.4
GTEx_thyroid_donor_0369	TSHR	151.4
GTEx_thyroid_donor_0370	TSHR	182.3
GTEx_thyroid_donor_0371	TSHR	229.3
GTEx_thyroid_donor_0372	TSHR	222.1
GTEx_thyroid_donor_0373	TSHR	220.0
GTEx_thyroid_donor_0374	TSHR	172.9
GTEx_thyroid_donor_0375	TSHR	255.7
GTEx_thyroid_donor_0376	TSHR	288.6
GTEx_thyroid_donor_0377	TSHR	141.5
GTEx_thyroid_donor_0378	TSHR	171.9
GTEx_thyroid_donor_0379	TSHR	240.5
GTEx_thyroid_donor_0380	TSHR	301.1
GTEx_thyroid_donor_0381	TSHR	124.4
GTEx_thyroid_donor_0382	TSHR	87.34
GTEx_thyroid_donor_0383	TSHR	268.2
GTEx_thyroid_donor_0384	TSHR	237.7
GTEx_thyroid_donor_0385	TSHR	163.4
GTEx_thyroid_donor_0386	TSHR	203.0
GTEx_thyroid_donor_0387	TSHR	235.4
GTEx_thyroid_donor_0388	TSHR	285.4
GTEx_thyroid_donor_0389	TSHR	148.0
GTEx_thyroid_donor_0390	TSHR	120.9
GTEx_thyroid_donor_0391	TSHR	324.4
GTEx_thyroid_donor_0392	TSHR	159.4
GTEx_thyroid_donor_0393	TSHR	78.5
GTEx_thyroid_donor_0394	TSHR	190.5
GTEx_thyroid_donor_0395	TSHR	224.1
GTEx_thyroid_donor_0396	TSHR	127.6
GTEx_thyroid_donor_0397	TSHR	304.6
GTEx_thyroid_donor_0398	TSHR	115.8
GTEx_thyroid_donor_0399	TSHR	280.2
GTEx_thyroid_donor_0400	TSHR	291.9
GTEx_thyroid_donor_0401	TSHR	170.8
GTEx_thyroid_donor_0402	TSHR	228.5
GTEx_thyroid_donor_0403	TSHR	170.4
GTEx_thyroid_donor_0404	TSHR	240.8
GTEx_thyroid_donor_0405	TSHR	249.2
GTEx_thyroid_donor_0406	TSHR	8.376
GTEx_thyroid_donor_0407	TSHR	121.3
GTEx_thyroid_donor_0408	TSHR	119.2
GTEx_thyroid_donor_0409	TSHR	140.3
GTEx_thyroid_donor_0410	TSHR	179.7
GTEx_thyroid_donor_0411	TSHR	227.9
GTEx_thyroid_donor_0412	TSHR	247.2
GTEx_thyroid_donor_0413	TSHR	382.7
GTEx_thyroid_donor_0414	TSHR	200.5
GTEx_thyroid_donor_0415	TSHR	173.3
GTEx_thyroid_donor_0416	TSHR	188.3
GTEx_thyroid_donor_0417	TSHR	270.5
GTEx_thyroid_donor_0418	TSHR	101.4
GTEx_thyroid_donor_0419	TSHR	120.8
GTEx_thyroid_donor_0420	TSHR	348.2
GTEx_thyroid_donor_0421	TSHR	303.5
GTEx_thyroid_donor_0422	TSHR	120.8
GTEx_thyroid_donor_0423	TSHR	94.02
GTEx_thyroid_donor_0424	TSHR	150.7
GTEx_thyroid_donor_0425	TSHR	346.4
GTEx_thyroid_donor_0426	TSHR	102.1
GTEx_thyroid_donor_0427	TSHR	169.7
GTEx_thyroid_donor_0428	TSHR	208.4
GTEx_thyroid_donor_0429	TSHR	94.07
GTEx_thyroid_donor_0430	TSHR	161.7
GTEx_thyroid_donor_0431	TSHR	321.8
GTEx_thyroid_donor_0432	TSHR	214.0
GTEx_thyroid_donor_0433	TSHR	257.3
GTEx_thyroid_donor_0434	TSHR	177.6
GTEx_thyroid_donor_0435	TSHR	329.7
GTEx_thyroid_donor_0436	TSHR	172.9
GTEx_thyroid_donor_0437	TSHR	147.7
GTEx_thyroid_donor_0438	TSHR	179.2
GTEx_thyroid_donor_0439	TSHR	127.3
GTEx_thyroid_donor_0440	TSHR	169.6
GTEx_thyroid_donor_0441	TSHR	197.5
GTEx_thyroid_donor_0442	TSHR	322.8
GTEx_thyroid_donor_0443	TSHR	160.3
GTEx_thyroid_donor_0444	TSHR	298.5
GTEx_thyroid_donor_0445	TSHR	286.4
GTEx_thyroid_donor_0446	TSHR	193.1
GTEx_thyroid_donor_0447	TSHR	195.2
GTEx_thyroid_donor_0448	TSHR	274.2
GTEx_thyroid_donor_0449	TSHR	176.5
GTEx_thyroid_donor_0450	TSHR	60.15
GTEx_thyroid_donor_0451	TSHR	231.0
GTEx_thyroid_donor_0452	TSHR	193.4
GTEx_thyroid_donor_0453	TSHR	176.9
GTEx_thyroid_donor_0454	TSHR	266.5
GTEx_thyroid_donor_0455	TSHR	264.9
GTEx_thyroid_donor_0456	TSHR	266.1
GTEx_thyroid_donor_0457	TSHR	204.1
GTEx_thyroid_donor_0458	TSHR	376.3
GTEx_thyroid_donor_0459	TSHR	195.0
GTEx_thyroid_donor_0460	TSHR	213.7
GTEx_thyroid_donor_0461	TSHR	164.5
GTEx_thyroid_donor_0462	TSHR	139.1
GTEx_thyroid_donor_0463	TSHR	268.7
GTEx_thyroid_donor_0464	TSHR	159.7
GTEx_thyroid_donor_0465	TSHR	140.6
GTEx_thyroid_donor_0466	TSHR	246.7
GTEx_thyroid_donor_0467	TSHR	166.0
GTEx_thyroid_donor_0468	TSHR	212.5
GTEx_thyroid_donor_0469	TSHR	176.6
GTEx_thyroid_donor_0470	TSHR	223.3
GTEx_thyroid_donor_0471	TSHR	6.768
GTEx_thyroid_donor_0472	TSHR	207.6
GTEx_thyroid_donor_0473	TSHR	196.1
GTEx_thyroid_donor_0474	TSHR	208.5
GTEx_thyroid_donor_0475	TSHR	373.9
GTEx_thyroid_donor_0476	TSHR	159.3
GTEx_thyroid_donor_0477	TSHR	121.9
GTEx_thyroid_donor_0478	TSHR	193.6
GTEx_thyroid_donor_0479	TSHR	147.4
GTEx_thyroid_donor_0480	TSHR	98.91
GTEx_thyroid_donor_0481	TSHR	235.4
GTEx_thyroid_donor_0482	TSHR	184.6
GTEx_thyroid_donor_0483	TSHR	277.9
GTEx_thyroid_donor_0484	TSHR	196.4
GTEx_thyroid_donor_0485	TSHR	244.4
GTEx_thyroid_donor_0486	TSHR	203.0
GTEx_thyroid_donor_0487	TSHR	157.0
GTEx_thyroid_donor_0488	TSHR	254.2
GTEx_thyroid_donor_0489	TSHR	204.8
GTEx_thyroid_donor_0490	TSHR	213.3
GTEx_thyroid_donor_0491	TSHR	215.5
GTEx_thyroid_donor_0492	TSHR	250.7
GTEx_thyroid_donor_0493	TSHR	191.7
GTEx_thyroid_donor_0494	TSHR	153.1
GTEx_thyroid_donor_0495	TSHR	108.1
GTEx_thyroid_donor_0496	TSHR	189.0
GTEx_thyroid_donor_0497	TSHR	177.2
GTEx_thyroid_donor_0498	TSHR	139.5
GTEx_thyroid_donor_0499	TSHR	192.7
GTEx_thyroid_donor_0500	TSHR	338.8
GTEx_thyroid_donor_0501	TSHR	305.4
GTEx_thyroid_donor_0502	TSHR	173.7
GTEx_thyroid_donor_0503	TSHR	177.5
GTEx_thyroid_donor_0504	TSHR	279.0
GTEx_thyroid_donor_0505	TSHR	275.5
GTEx_thyroid_donor_0506	TSHR	143.8
GTEx_thyroid_donor_0507	TSHR	243.4
GTEx_thyroid_donor_0508	TSHR	334.6
GTEx_thyroid_donor_0509	TSHR	120.5
GTEx_thyroid_donor_0510	TSHR	167.0
GTEx_thyroid_donor_0511	TSHR	273.4
GTEx_thyroid_donor_0512	TSHR	218.6
GTEx_thyroid_donor_0513	TSHR	244.9
GTEx_thyroid_donor_0514	TSHR	156.8
GTEx_thyroid_donor_0515	TSHR	110.4
GTEx_thyroid_donor_0516	TSHR	252.7
GTEx_thyroid_donor_0517	TSHR	180.9
GTEx_thyroid_donor_0518	TSHR	81.13
GTEx_thyroid_donor_0519	TSHR	252.2
GTEx_thyroid_donor_0520	TSHR	186.4
GTEx_thyroid_donor_0521	TSHR	283.8
GTEx_thyroid_donor_0522	TSHR	161.5
GTEx_thyroid_donor_0523	TSHR	246.6
GTEx_thyroid_donor_0524	TSHR	241.8
GTEx_thyroid_donor_0525	TSHR	180.5
GTEx_thyroid_donor_0526	TSHR	153.0
GTEx_thyroid_donor_0527	TSHR	240.1
GTEx_thyroid_donor_0528	TSHR	475.7
GTEx_thyroid_donor_0529	TSHR	199.1
GTEx_thyroid_donor_0530	TSHR	221.2
GTEx_thyroid_donor_0531	TSHR	181.4
GTEx_thyroid_donor_0532	TSHR	335.3
GTEx_thyroid_donor_0533	TSHR	322.9
GTEx_thyroid_donor_0534	TSHR	239.5
GTEx_thyroid_donor_0535	TSHR	321.9
GTEx_thyroid_donor_0536	TSHR	289.9
GTEx_thyroid_donor_0537	TSHR	229.5
GTEx_thyroid_donor_0538	TSHR	85.45
GTEx_thyroid_donor_0539	TSHR	202.8
GTEx_thyroid_donor_0540	TSHR	93.13
GTEx_thyroid_donor_0541	TSHR	195.6
GTEx_thyroid_donor_0542	TSHR	327.3
GTEx_thyroid_donor_0543	TSHR	403.4
GTEx_thyroid_donor_0544	TSHR	276.0
GTEx_thyroid_donor_0545	TSHR	285.9
GTEx_thyroid_donor_0546	TSHR	442.1
GTEx_thyroid_donor_0547	TSHR	174.0
GTEx_thyroid_donor_0548	TSHR	157.2
GTEx_thyroid_donor_0549	TSHR	400.5
GTEx_thyroid_donor_0550	TSHR	173.0
GTEx_thyroid_donor_0551	TSHR	118.8
GTEx_thyroid_donor_0552	TSHR	179.2
GTEx_thyroid_donor_0553	TSHR	95.43
GTEx_thyroid_donor_0554	TSHR	237.8
GTEx_thyroid_donor_0555	TSHR	282.8
GTEx_thyroid_donor_0556	TSHR	166.6
GTEx_thyroid_donor_0557	TSHR	262.4
GTEx_thyroid_donor_0558	TSHR	244.5
GTEx_thyroid_donor_0559	TSHR	224.2
GTEx_thyroid_donor_0560	TSHR	212.9
GTEx_thyroid_donor_0561	TSHR	310.5
GTEx_thyroid_donor_0562	TSHR	196.3
GTEx_thyroid_donor_0563	TSHR	121.6
GTEx_thyroid_donor_0564	TSHR	206.7
GTEx_thyroid_donor_0565	TSHR	239.0
GTEx_thyroid_donor_0566	TSHR	180.1
GTEx_thyroid_donor_0567	TSHR	243.2
GTEx_thyroid_donor_0568	TSHR	165.2
GTEx_thyroid_donor_0569	TSHR	280.6
GTEx_thyroid_donor_0570	TSHR	337.4
GTEx_thyroid_donor_0571	TSHR	211.5
GTEx_thyroid_donor_0572	TSHR	134.0
GTEx_thyroid_donor_0573	TSHR	194.5
GTEx_thyroid_donor_0574	TSHR	290.9
GTEx_thyroid_donor_0575	TSHR	150.2
GTEx_thyroid_donor_0576	TSHR	248.2
GTEx_thyroid_donor_0577	TSHR	271.7
GTEx_thyroid_donor_0578	TSHR	224.7
GTEx_thyroid_donor_0579	TSHR	204.0
GTEx_thyroid_donor_0580	TSHR	202.9
GTEx_thyroid_donor_0581	TSHR	303.0
GTEx_thyroid_donor_0582	TSHR	244.6
GTEx_thyroid_donor_0583	TSHR	325.3
GTEx_thyroid_donor_0584	TSHR	214.6
GTEx_thyroid_donor_0585	TSHR	174.0
GTEx_thyroid_donor_0586	TSHR	265.4
GTEx_thyroid_donor_0587	TSHR	111.3
GTEx_thyroid_donor_0588	TSHR	233.2
GTEx_thyroid_donor_0589	TSHR	0.1466
GTEx_thyroid_donor_0590	TSHR	194.8
GTEx_thyroid_donor_0591	TSHR	290.8
GTEx_thyroid_donor_0592	TSHR	158.8
GTEx_thyroid_donor_0593	TSHR	189.4
GTEx_thyroid_donor_0594	TSHR	180.5
GTEx_thyroid_donor_0595	TSHR	200.0
GTEx_thyroid_donor_0596	TSHR	258.6
GTEx_thyroid_donor_0597	TSHR	196.2
GTEx_thyroid_donor_0598	TSHR	267.3
GTEx_thyroid_donor_0599	TSHR	317.7
GTEx_thyroid_donor_0600	TSHR	270.9
GTEx_thyroid_donor_0601	TSHR	124.6
GTEx_thyroid_donor_0602	TSHR	285.7
GTEx_thyroid_donor_0603	TSHR	228.3
GTEx_thyroid_donor_0604	TSHR	97.89
GTEx_thyroid_donor_0605	TSHR	211.9
GTEx_thyroid_donor_0606	TSHR	217.9
GTEx_thyroid_donor_0607	TSHR	173.8
GTEx_thyroid_donor_0608	TSHR	217.1
GTEx_thyroid_donor_0609	TSHR	309.5
GTEx_thyroid_donor_0610	TSHR	129.4
GTEx_thyroid_donor_0611	TSHR	157.1
GTEx_thyroid_donor_0612	TSHR	121.0
GTEx_thyroid_donor_0613	TSHR	217.6
GTEx_thyroid_donor_0614	TSHR	172.9
GTEx_thyroid_donor_0615	TSHR	340.7
GTEx_thyroid_donor_0616	TSHR	208.7
GTEx_thyroid_donor_0617	TSHR	181.5
GTEx_thyroid_donor_0618	TSHR	76.7
GTEx_thyroid_donor_0619	TSHR	202.4
GTEx_thyroid_donor_0620	TSHR	151.1
GTEx_thyroid_donor_0621	TSHR	150.1
GTEx_thyroid_donor_0622	TSHR	220.8
GTEx_thyroid_donor_0623	TSHR	51.39
GTEx_thyroid_donor_0624	TSHR	175.9
GTEx_thyroid_donor_0625	TSHR	202.0
GTEx_thyroid_donor_0626	TSHR	197.5
GTEx_thyroid_donor_0627	TSHR	181.2
GTEx_thyroid_donor_0628	TSHR	180.2
GTEx_thyroid_donor_0629	TSHR	268.4
GTEx_thyroid_donor_0630	TSHR	134.6
GTEx_thyroid_donor_0631	TSHR	147.9
GTEx_thyroid_donor_0632	TSHR	172.2
GTEx_thyroid_donor_0633	TSHR	244.2
GTEx_thyroid_donor_0634	TSHR	201.3
GTEx_thyroid_donor_0635	TSHR	274.0
GTEx_thyroid_donor_0636	TSHR	229.9
GTEx_thyroid_donor_0637	TSHR	229.0
GTEx_thyroid_donor_0638	TSHR	139.1
GTEx_thyroid_donor_0639	TSHR	165.9
GTEx_thyroid_donor_0640	TSHR	160.9
GTEx_thyroid_donor_0641	TSHR	157.2
GTEx_thyroid_donor_0642	TSHR	198.3
GTEx_thyroid_donor_0643	TSHR	198.8
GTEx_thyroid_donor_0644	TSHR	196.5
GTEx_thyroid_donor_0645	TSHR	183.2
GTEx_thyroid_donor_0646	TSHR	174.2
GTEx_thyroid_donor_0647	TSHR	171.3
GTEx_thyroid_donor_0648	TSHR	245.8
GTEx_thyroid_donor_0649	TSHR	216.9
GTEx_thyroid_donor_0650	TSHR	55.58
GTEx_thyroid_donor_0651	TSHR	275.8
GTEx_thyroid_donor_0652	TSHR	158.0
GTEx_thyroid_donor_0000	SLC5A5	0.8575
GTEx_thyroid_donor_0001	SLC5A5	6.727
GTEx_thyroid_donor_0002	SLC5A5	0.2995
GTEx_thyroid_donor_0003	SLC5A5	6.883
GTEx_thyroid_donor_0004	SLC5A5	1.533
GTEx_thyroid_donor_0005	SLC5A5	9.491
GTEx_thyroid_donor_0006	SLC5A5	24.56
GTEx_thyroid_donor_0007	SLC5A5	2.061
GTEx_thyroid_donor_0008	SLC5A5	73.98
GTEx_thyroid_donor_0009	SLC5A5	8.938
GTEx_thyroid_donor_0010	SLC5A5	13.59
GTEx_thyroid_donor_0011	SLC5A5	2.43
GTEx_thyroid_donor_0012	SLC5A5	5.97
GTEx_thyroid_donor_0013	SLC5A5	38.49
GTEx_thyroid_donor_0014	SLC5A5	28.89
GTEx_thyroid_donor_0015	SLC5A5	25.76
GTEx_thyroid_donor_0016	SLC5A5	2.127
GTEx_thyroid_donor_0017	SLC5A5	20.53
GTEx_thyroid_donor_0018	SLC5A5	0.4264
GTEx_thyroid_donor_0019	SLC5A5	14.16
GTEx_thyroid_donor_0020	SLC5A5	0.5978
GTEx_thyroid_donor_0021	SLC5A5	1.356
GTEx_thyroid_donor_0022	SLC5A5	1.98
GTEx_thyroid_donor_0023	SLC5A5	0.03448
GTEx_thyroid_donor_0024	SLC5A5	4.413
GTEx_thyroid_donor_0025	SLC5A5	13.35
GTEx_thyroid_donor_0026	SLC5A5	0.2946
GTEx_thyroid_donor_0027	SLC5A5	2.375
GTEx_thyroid_donor_0028	SLC5A5	56.72
GTEx_thyroid_donor_0029	SLC5A5	29.83
GTEx_thyroid_donor_0030	SLC5A5	1.399
GTEx_thyroid_donor_0031	SLC5A5	16.45
GTEx_thyroid_donor_0032	SLC5A5	2.353
GTEx_thyroid_donor_0033	SLC5A5	5.148
GTEx_thyroid_donor_0034	SLC5A5	30.38
GTEx_thyroid_donor_0035	SLC5A5	0.3135
GTEx_thyroid_donor_0036	SLC5A5	30.53
GTEx_thyroid_donor_0037	SLC5A5	2.439
GTEx_thyroid_donor_0038	SLC5A5	3.37
GTEx_thyroid_donor_0039	SLC5A5	3.131
GTEx_thyroid_donor_0040	SLC5A5	3.91
GTEx_thyroid_donor_0041	SLC5A5	39.89
GTEx_thyroid_donor_0042	SLC5A5	0.1066
GTEx_thyroid_donor_0043	SLC5A5	5.445
GTEx_thyroid_donor_0044	SLC5A5	7.985
GTEx_thyroid_donor_0045	SLC5A5	31.55
GTEx_thyroid_donor_0046	SLC5A5	0.8846
GTEx_thyroid_donor_0047	SLC5A5	18.08
GTEx_thyroid_donor_0048	SLC5A5	0.8696
GTEx_thyroid_donor_0049	SLC5A5	0.4027
GTEx_thyroid_donor_0050	SLC5A5	5.974
GTEx_thyroid_donor_0051	SLC5A5	5.912
GTEx_thyroid_donor_0052	SLC5A5	12.9
GTEx_thyroid_donor_0053	SLC5A5	1.257
GTEx_thyroid_donor_0054	SLC5A5	1.782
GTEx_thyroid_donor_0055	SLC5A5	125.2
GTEx_thyroid_donor_0056	SLC5A5	1.162
GTEx_thyroid_donor_0057	SLC5A5	5.17
GTEx_thyroid_donor_0058	SLC5A5	3.987
GTEx_thyroid_donor_0059	SLC5A5	6.971
GTEx_thyroid_donor_0060	SLC5A5	3.524
GTEx_thyroid_donor_0061	SLC5A5	1.675
GTEx_thyroid_donor_0062	SLC5A5	1.236
GTEx_thyroid_donor_0063	SLC5A5	86.84
GTEx_thyroid_donor_0064	SLC5A5	0.0529
GTEx_thyroid_donor_0065	SLC5A5	43.95
GTEx_thyroid_donor_0066	SLC5A5	1.329
GTEx_thyroid_donor_0067	SLC5A5	0.3021
GTEx_thyroid_donor_0068	SLC5A5	2.747
GTEx_thyroid_donor_0069	SLC5A5	9.266
GTEx_thyroid_donor_0070	SLC5A5	6.275
GTEx_thyroid_donor_0071	SLC5A5	1.463
GTEx_thyroid_donor_0072	SLC5A5	54.45
GTEx_thyroid_donor_0073	SLC5A5	160.7
GTEx_thyroid_donor_0074	SLC5A5	23.04
GTEx_thyroid_donor_0075	SLC5A5	53.45
GTEx_thyroid_donor_0076	SLC5A5	25.07
GTEx_thyroid_donor_0077	SLC5A5	31.63
GTEx_thyroid_donor_0078	SLC5A5	0.1261
GTEx_thyroid_donor_0079	SLC5A5	65.89
GTEx_thyroid_donor_0080	SLC5A5	2.141
GTEx_thyroid_donor_0081	SLC5A5	2.411
GTEx_thyroid_donor_0082	SLC5A5	1.856
GTEx_thyroid_donor_0083	SLC5A5	1.822
GTEx_thyroid_donor_0084	SLC5A5	0.5861
GTEx_thyroid_donor_0085	SLC5A5	3.991
GTEx_thyroid_donor_0086	SLC5A5	21.45
GTEx_thyroid_donor_0087	SLC5A5	40.74
GTEx_thyroid_donor_0088	SLC5A5	2.893
GTEx_thyroid_donor_0089	SLC5A5	0.5161
GTEx_thyroid_donor_0090	SLC5A5	202.1
GTEx_thyroid_donor_0091	SLC5A5	1.07
GTEx_thyroid_donor_0092	SLC5A5	73.86
GTEx_thyroid_donor_0093	SLC5A5	0.9276
GTEx_thyroid_donor_0094	SLC5A5	34.56
GTEx_thyroid_donor_0095	SLC5A5	2.097
GTEx_thyroid_donor_0096	SLC5A5	11.96
GTEx_thyroid_donor_0097	SLC5A5	2.396
GTEx_thyroid_donor_0098	SLC5A5	23.1
GTEx_thyroid_donor_0099	SLC5A5	7.855
GTEx_thyroid_donor_0100	SLC5A5	0.6345
GTEx_thyroid_donor_0101	SLC5A5	2.83
GTEx_thyroid_donor_0102	SLC5A5	1.407
GTEx_thyroid_donor_0103	SLC5A5	2.487
GTEx_thyroid_donor_0104	SLC5A5	4.227
GTEx_thyroid_donor_0105	SLC5A5	84.57
GTEx_thyroid_donor_0106	SLC5A5	0.7106
GTEx_thyroid_donor_0107	SLC5A5	46.72
GTEx_thyroid_donor_0108	SLC5A5	3.443
GTEx_thyroid_donor_0109	SLC5A5	1.981
GTEx_thyroid_donor_0110	SLC5A5	1.177
GTEx_thyroid_donor_0111	SLC5A5	4.033
GTEx_thyroid_donor_0112	SLC5A5	0.8569
GTEx_thyroid_donor_0113	SLC5A5	4.103
GTEx_thyroid_donor_0114	SLC5A5	71.2
GTEx_thyroid_donor_0115	SLC5A5	25.22
GTEx_thyroid_donor_0116	SLC5A5	5.754
GTEx_thyroid_donor_0117	SLC5A5	0.3771
GTEx_thyroid_donor_0118	SLC5A5	8.374
GTEx_thyroid_donor_0119	SLC5A5	19.54
GTEx_thyroid_donor_0120	SLC5A5	0.3003
GTEx_thyroid_donor_0121	SLC5A5	4.872
GTEx_thyroid_donor_0122	SLC5A5	0.425
GTEx_thyroid_donor_0123	SLC5A5	1.515
GTEx_thyroid_donor_0124	SLC5A5	1.417
GTEx_thyroid_donor_0125	SLC5A5	1.123
GTEx_thyroid_donor_0126	SLC5A5	5.386
GTEx_thyroid_donor_0127	SLC5A5	3.527
GTEx_thyroid_donor_0128	SLC5A5	0.4492
GTEx_thyroid_donor_0129	SLC5A5	17.59
GTEx_thyroid_donor_0130	SLC5A5	2.14
GTEx_thyroid_donor_0131	SLC5A5	7.81
GTEx_thyroid_donor_0132	SLC5A5	54.78
GTEx_thyroid_donor_0133	SLC5A5	1.898
GTEx_thyroid_donor_0134	SLC5A5	18.69
GTEx_thyroid_donor_0135	SLC5A5	1.027
GTEx_thyroid_donor_0136	SLC5A5	15.21
GTEx_thyroid_donor_0137	SLC5A5	1.836
GTEx_thyroid_donor_0138	SLC5A5	7.339
GTEx_thyroid_donor_0139	SLC5A5	5.547
GTEx_thyroid_donor_0140	SLC5A5	18.63
GTEx_thyroid_donor_0141	SLC5A5	0.5694
GTEx_thyroid_donor_0142	SLC5A5	5.059
GTEx_thyroid_donor_0143	SLC5A5	106.4
GTEx_thyroid_donor_0144	SLC5A5	0.2895
GTEx_thyroid_donor_0145	SLC5A5	6.884
GTEx_thyroid_donor_0146	SLC5A5	1.748
GTEx_thyroid_donor_0147	SLC5A5	34.75
GTEx_thyroid_donor_0148	SLC5A5	15.06
GTEx_thyroid_donor_0149	SLC5A5	4.736
GTEx_thyroid_donor_0150	SLC5A5	20.08
GTEx_thyroid_donor_0151	SLC5A5	0.2027
GTEx_thyroid_donor_0152	SLC5A5	1.183
GTEx_thyroid_donor_0153	SLC5A5	1.437
GTEx_thyroid_donor_0154	SLC5A5	45.17
GTEx_thyroid_donor_0155	SLC5A5	2.349
GTEx_thyroid_donor_0156	SLC5A5	44.57
GTEx_thyroid_donor_0157	SLC5A5	5.647
GTEx_thyroid_donor_0158	SLC5A5	12.39
GTEx_thyroid_donor_0159	SLC5A5	2.391
GTEx_thyroid_donor_0160	SLC5A5	3.424
GTEx_thyroid_donor_0161	SLC5A5	1.445
GTEx_thyroid_donor_0162	SLC5A5	6.059
GTEx_thyroid_donor_0163	SLC5A5	0.7426
GTEx_thyroid_donor_0164	SLC5A5	46.8
GTEx_thyroid_donor_0165	SLC5A5	1.39
GTEx_thyroid_donor_0166	SLC5A5	21.76
GTEx_thyroid_donor_0167	SLC5A5	32.29
GTEx_thyroid_donor_0168	SLC5A5	2.31
GTEx_thyroid_donor_0169	SLC5A5	0.7338
GTEx_thyroid_donor_0170	SLC5A5	97.8
GTEx_thyroid_donor_0171	SLC5A5	0.1938
GTEx_thyroid_donor_0172	SLC5A5	0.8271
GTEx_thyroid_donor_0173	SLC5A5	0.6311
GTEx_thyroid_donor_0174	SLC5A5	6.233
GTEx_thyroid_donor_0175	SLC5A5	25.32
GTEx_thyroid_donor_0176	SLC5A5	13.49
GTEx_thyroid_donor_0177	SLC5A5	24.88
GTEx_thyroid_donor_0178	SLC5A5	9.723
GTEx_thyroid_donor_0179	SLC5A5	2.249
GTEx_thyroid_donor_0180	SLC5A5	2.186
GTEx_thyroid_donor_0181	SLC5A5	1.493
GTEx_thyroid_donor_0182	SLC5A5	25.19
GTEx_thyroid_donor_0183	SLC5A5	4.812
GTEx_thyroid_donor_0184	SLC5A5	1.22
GTEx_thyroid_donor_0185	SLC5A5	90.41
GTEx_thyroid_donor_0186	SLC5A5	4.858
GTEx_thyroid_donor_0187	SLC5A5	19.38
GTEx_thyroid_donor_0188	SLC5A5	0.276
GTEx_thyroid_donor_0189	SLC5A5	7.726
GTEx_thyroid_donor_0190	SLC5A5	1.287
GTEx_thyroid_donor_0191	SLC5A5	36.07
GTEx_thyroid_donor_0192	SLC5A5	0.7373
GTEx_thyroid_donor_0193	SLC5A5	0.8138
GTEx_thyroid_donor_0194	SLC5A5	9.097
GTEx_thyroid_donor_0195	SLC5A5	0.79
GTEx_thyroid_donor_0196	SLC5A5	41.86
GTEx_thyroid_donor_0197	SLC5A5	4.073
GTEx_thyroid_donor_0198	SLC5A5	0.7285
GTEx_thyroid_donor_0199	SLC5A5	2.024
GTEx_thyroid_donor_0200	SLC5A5	5.265
GTEx_thyroid_donor_0201	SLC5A5	180.2
GTEx_thyroid_donor_0202	SLC5A5	0.3189
GTEx_thyroid_donor_0203	SLC5A5	2.02
GTEx_thyroid_donor_0204	SLC5A5	4.269
GTEx_thyroid_donor_0205	SLC5A5	3.186
GTEx_thyroid_donor_0206	SLC5A5	0.33
GTEx_thyroid_donor_0207	SLC5A5	7.706
GTEx_thyroid_donor_0208	SLC5A5	254.6
GTEx_thyroid_donor_0209	SLC5A5	65.95
GTEx_thyroid_donor_0210	SLC5A5	45.37
GTEx_thyroid_donor_0211	SLC5A5	18.66
GTEx_thyroid_donor_0212	SLC5A5	1.164
GTEx_thyroid_donor_0213	SLC5A5	0.7124
GTEx_thyroid_donor_0214	SLC5A5	0.2609
GTEx_thyroid_donor_0215	SLC5A5	16.89
GTEx_thyroid_donor_0216	SLC5A5	2.73
GTEx_thyroid_donor_0217	SLC5A5	3.267
GTEx_thyroid_donor_0218	SLC5A5	6.007
GTEx_thyroid_donor_0219	SLC5A5	30.37
GTEx_thyroid_donor_0220	SLC5A5	2.365
GTEx_thyroid_donor_0221	SLC5A5	14.9
GTEx_thyroid_donor_0222	SLC5A5	1.956
GTEx_thyroid_donor_0223	SLC5A5	13.18
GTEx_thyroid_donor_0224	SLC5A5	0.7135
GTEx_thyroid_donor_0225	SLC5A5	1.626
GTEx_thyroid_donor_0226	SLC5A5	16.65
GTEx_thyroid_donor_0227	SLC5A5	338.6
GTEx_thyroid_donor_0228	SLC5A5	7.684
GTEx_thyroid_donor_0229	SLC5A5	1.871
GTEx_thyroid_donor_0230	SLC5A5	9.424
GTEx_thyroid_donor_0231	SLC5A5	35.77
GTEx_thyroid_donor_0232	SLC5A5	24.54
GTEx_thyroid_donor_0233	SLC5A5	8.051
GTEx_thyroid_donor_0234	SLC5A5	0.9718
GTEx_thyroid_donor_0235	SLC5A5	1.032
GTEx_thyroid_donor_0236	SLC5A5	0.5055
GTEx_thyroid_donor_0237	SLC5A5	13.65
GTEx_thyroid_donor_0238	SLC5A5	0.4837
GTEx_thyroid_donor_0239	SLC5A5	0.1321
GTEx_thyroid_donor_0240	SLC5A5	13.58
GTEx_thyroid_donor_0241	SLC5A5	20.91
GTEx_thyroid_donor_0242	SLC5A5	1.561
GTEx_thyroid_donor_0243	SLC5A5	1.398
GTEx_thyroid_donor_0244	SLC5A5	1.099
GTEx_thyroid_donor_0245	SLC5A5	3.019
GTEx_thyroid_donor_0246	SLC5A5	54.31
GTEx_thyroid_donor_0247	SLC5A5	15.59
GTEx_thyroid_donor_0248	SLC5A5	84.05
GTEx_thyroid_donor_0249	SLC5A5	0.6963
GTEx_thyroid_donor_0250	SLC5A5	0.9013
GTEx_thyroid_donor_0251	SLC5A5	0.1704
GTEx_thyroid_donor_0252	SLC5A5	38.71
GTEx_thyroid_donor_0253	SLC5A5	2.575
GTEx_thyroid_donor_0254	SLC5A5	0.9793
GTEx_thyroid_donor_0255	SLC5A5	1.366
GTEx_thyroid_donor_0256	SLC5A5	14.05
GTEx_thyroid_donor_0257	SLC5A5	6.624
GTEx_thyroid_donor_0258	SLC5A5	17.5
GTEx_thyroid_donor_0259	SLC5A5	2.996
GTEx_thyroid_donor_0260	SLC5A5	28.07
GTEx_thyroid_donor_0261	SLC5A5	32.39
GTEx_thyroid_donor_0262	SLC5A5	38.82
GTEx_thyroid_donor_0263	SLC5A5	46.78
GTEx_thyroid_donor_0264	SLC5A5	5.951
GTEx_thyroid_donor_0265	SLC5A5	1.097
GTEx_thyroid_donor_0266	SLC5A5	52.84
GTEx_thyroid_donor_0267	SLC5A5	1.536
GTEx_thyroid_donor_0268	SLC5A5	8.495
GTEx_thyroid_donor_0269	SLC5A5	1.037
GTEx_thyroid_donor_0270	SLC5A5	94.54
GTEx_thyroid_donor_0271	SLC5A5	9.216
GTEx_thyroid_donor_0272	SLC5A5	9.96
GTEx_thyroid_donor_0273	SLC5A5	1.712
GTEx_thyroid_donor_0274	SLC5A5	6.789
GTEx_thyroid_donor_0275	SLC5A5	14.87
GTEx_thyroid_donor_0276	SLC5A5	3.266
GTEx_thyroid_donor_0277	SLC5A5	1.059
GTEx_thyroid_donor_0278	SLC5A5	98.22
GTEx_thyroid_donor_0279	SLC5A5	39.13
GTEx_thyroid_donor_0280	SLC5A5	0.6876
GTEx_thyroid_donor_0281	SLC5A5	1.965
GTEx_thyroid_donor_0282	SLC5A5	11.16
GTEx_thyroid_donor_0283	SLC5A5	11.42
GTEx_thyroid_donor_0284	SLC5A5	0.362
GTEx_thyroid_donor_0285	SLC5A5	11.6
GTEx_thyroid_donor_0286	SLC5A5	1.712
GTEx_thyroid_donor_0287	SLC5A5	18.49
GTEx_thyroid_donor_0288	SLC5A5	21.3
GTEx_thyroid_donor_0289	SLC5A5	10.8
GTEx_thyroid_donor_0290	SLC5A5	30.87
GTEx_thyroid_donor_0291	SLC5A5	3.649
GTEx_thyroid_donor_0292	SLC5A5	1.605
GTEx_thyroid_donor_0293	SLC5A5	101.5
GTEx_thyroid_donor_0294	SLC5A5	21.63
GTEx_thyroid_donor_0295	SLC5A5	77.12
GTEx_thyroid_donor_0296	SLC5A5	0.58
GTEx_thyroid_donor_0297	SLC5A5	1.704
GTEx_thyroid_donor_0298	SLC5A5	51.51
GTEx_thyroid_donor_0299	SLC5A5	95.36
GTEx_thyroid_donor_0300	SLC5A5	4.84
GTEx_thyroid_donor_0301	SLC5A5	35.96
GTEx_thyroid_donor_0302	SLC5A5	1.448
GTEx_thyroid_donor_0303	SLC5A5	0.3752
GTEx_thyroid_donor_0304	SLC5A5	3.368
GTEx_thyroid_donor_0305	SLC5A5	4.782
GTEx_thyroid_donor_0306	SLC5A5	0.4072
GTEx_thyroid_donor_0307	SLC5A5	10.83
GTEx_thyroid_donor_0308	SLC5A5	0.8301
GTEx_thyroid_donor_0309	SLC5A5	113.2
GTEx_thyroid_donor_0310	SLC5A5	4.915
GTEx_thyroid_donor_0311	SLC5A5	40.12
GTEx_thyroid_donor_0312	SLC5A5	27.65
GTEx_thyroid_donor_0313	SLC5A5	2.111
GTEx_thyroid_donor_0314	SLC5A5	2.41
GTEx_thyroid_donor_0315	SLC5A5	41.66
GTEx_thyroid_donor_0316	SLC5A5	0.0
GTEx_thyroid_donor_0317	SLC5A5	3.676
GTEx_thyroid_donor_0318	SLC5A5	8.923
GTEx_thyroid_donor_0319	SLC5A5	1.438
GTEx_thyroid_donor_0320	SLC5A5	10.03
GTEx_thyroid_donor_0321	SLC5A5	0.3025
GTEx_thyroid_donor_0322	SLC5A5	3.491
GTEx_thyroid_donor_0323	SLC5A5	3.74
GTEx_thyroid_donor_0324	SLC5A5	6.248
GTEx_thyroid_donor_0325	SLC5A5	15.61
GTEx_thyroid_donor_0326	SLC5A5	6.065
GTEx_thyroid_donor_0327	SLC5A5	0.5823
GTEx_thyroid_donor_0328	SLC5A5	0.9275
GTEx_thyroid_donor_0329	SLC5A5	25.57
GTEx_thyroid_donor_0330	SLC5A5	326.6
GTEx_thyroid_donor_0331	SLC5A5	6.794
GTEx_thyroid_donor_0332	SLC5A5	0.3382
GTEx_thyroid_donor_0333	SLC5A5	27.91
GTEx_thyroid_donor_0334	SLC5A5	0.4275
GTEx_thyroid_donor_0335	SLC5A5	12.44
GTEx_thyroid_donor_0336	SLC5A5	17.15
GTEx_thyroid_donor_0337	SLC5A5	5.669
GTEx_thyroid_donor_0338	SLC5A5	5.671
GTEx_thyroid_donor_0339	SLC5A5	1.187
GTEx_thyroid_donor_0340	SLC5A5	0.5889
GTEx_thyroid_donor_0341	SLC5A5	6.386
GTEx_thyroid_donor_0342	SLC5A5	4.899
GTEx_thyroid_donor_0343	SLC5A5	5.814
GTEx_thyroid_donor_0344	SLC5A5	2.986
GTEx_thyroid_donor_0345	SLC5A5	0.447
GTEx_thyroid_donor_0346	SLC5A5	184.3
GTEx_thyroid_donor_0347	SLC5A5	1.535
GTEx_thyroid_donor_0348	SLC5A5	20.4
GTEx_thyroid_donor_0349	SLC5A5	25.11
GTEx_thyroid_donor_0350	SLC5A5	30.28
GTEx_thyroid_donor_0351	SLC5A5	29.53
GTEx_thyroid_donor_0352	SLC5A5	8.951
GTEx_thyroid_donor_0353	SLC5A5	45.23
GTEx_thyroid_donor_0354	SLC5A5	17.11
GTEx_thyroid_donor_0355	SLC5A5	5.385
GTEx_thyroid_donor_0356	SLC5A5	0.4177
GTEx_thyroid_donor_0357	SLC5A5	1.042
GTEx_thyroid_donor_0358	SLC5A5	8.599
GTEx_thyroid_donor_0359	SLC5A5	34.74
GTEx_thyroid_donor_0360	SLC5A5	8.161
GTEx_thyroid_donor_0361	SLC5A5	3.624
GTEx_thyroid_donor_0362	SLC5A5	2.274
GTEx_thyroid_donor_0363	SLC5A5	2.765
GTEx_thyroid_donor_0364	SLC5A5	3.701
GTEx_thyroid_donor_0365	SLC5A5	7.041
GTEx_thyroid_donor_0366	SLC5A5	2.793
GTEx_thyroid_donor_0367	SLC5A5	0.3885
GTEx_thyroid_donor_0368	SLC5A5	10.59
GTEx_thyroid_donor_0369	SLC5A5	16.75
GTEx_thyroid_donor_0370	SLC5A5	28.9
GTEx_thyroid_donor_0371	SLC5A5	5.793
GTEx_thyroid_donor_0372	SLC5A5	3.784
GTEx_thyroid_donor_0373	SLC5A5	7.553
GTEx_thyroid_donor_0374	SLC5A5	62.22
GTEx_thyroid_donor_0375	SLC5A5	15.91
GTEx_thyroid_donor_0376	SLC5A5	4.553
GTEx_thyroid_donor_0377	SLC5A5	0.8184
GTEx_thyroid_donor_0378	SLC5A5	166.7
GTEx_thyroid_donor_0379	SLC5A5	27.07
GTEx_thyroid_donor_0380	SLC5A5	3.821
GTEx_thyroid_donor_0381	SLC5A5	36.49
GTEx_thyroid_donor_0382	SLC5A5	22.23
GTEx_thyroid_donor_0383	SLC5A5	0.4059
GTEx_thyroid_donor_0384	SLC5A5	9.771
GTEx_thyroid_donor_0385	SLC5A5	5.635
GTEx_thyroid_donor_0386	SLC5A5	1.022
GTEx_thyroid_donor_0387	SLC5A5	1.219
GTEx_thyroid_donor_0388	SLC5A5	46.67
GTEx_thyroid_donor_0389	SLC5A5	0.4059
GTEx_thyroid_donor_0390	SLC5A5	1.978
GTEx_thyroid_donor_0391	SLC5A5	22.38
GTEx_thyroid_donor_0392	SLC5A5	0.4088
GTEx_thyroid_donor_0393	SLC5A5	1.573
GTEx_thyroid_donor_0394	SLC5A5	0.5315
GTEx_thyroid_donor_0395	SLC5A5	0.5595
GTEx_thyroid_donor_0396	SLC5A5	251.5
GTEx_thyroid_donor_0397	SLC5A5	1.926
GTEx_thyroid_donor_0398	SLC5A5	3.603
GTEx_thyroid_donor_0399	SLC5A5	2.202
GTEx_thyroid_donor_0400	SLC5A5	3.822
GTEx_thyroid_donor_0401	SLC5A5	15.73
GTEx_thyroid_donor_0402	SLC5A5	1.135
GTEx_thyroid_donor_0403	SLC5A5	25.22
GTEx_thyroid_donor_0404	SLC5A5	5.192
GTEx_thyroid_donor_0405	SLC5A5	15.32
GTEx_thyroid_donor_0406	SLC5A5	0.9891
GTEx_thyroid_donor_0407	SLC5A5	0.5805
GTEx_thyroid_donor_0408	SLC5A5	1.301
GTEx_thyroid_donor_0409	SLC5A5	0.9125
GTEx_thyroid_donor_0410	SLC5A5	17.25
GTEx_thyroid_donor_0411	SLC5A5	6.844
GTEx_thyroid_donor_0412	SLC5A5	2.317
GTEx_thyroid_donor_0413	SLC5A5	6.353
GTEx_thyroid_donor_0414	SLC5A5	34.93
GTEx_thyroid_donor_0415	SLC5A5	0.1341
GTEx_thyroid_donor_0416	SLC5A5	0.8572
GTEx_thyroid_donor_0417	SLC5A5	9.561
GTEx_thyroid_donor_0418	SLC5A5	4.914
GTEx_thyroid_donor_0419	SLC5A5	0.2523
GTEx_thyroid_donor_0420	SLC5A5	2.521
GTEx_thyroid_donor_0421	SLC5A5	203.2
GTEx_thyroid_donor_0422	SLC5A5	14.02
GTEx_thyroid_donor_0423	SLC5A5	3.1
GTEx_thyroid_donor_0424	SLC5A5	15.81
GTEx_thyroid_donor_0425	SLC5A5	5.806
GTEx_thyroid_donor_0426	SLC5A5	4.92
GTEx_thyroid_donor_0427	SLC5A5	26.32
GTEx_thyroid_donor_0428	SLC5A5	0.4346
GTEx_thyroid_donor_0429	SLC5A5	13.76
GTEx_thyroid_donor_0430	SLC5A5	42.7
GTEx_thyroid_donor_0431	SLC5A5	2.076
GTEx_thyroid_donor_0432	SLC5A5	11.99
GTEx_thyroid_donor_0433	SLC5A5	2.737
GTEx_thyroid_donor_0434	SLC5A5	4.643
GTEx_thyroid_donor_0435	SLC5A5	270.5
GTEx_thyroid_donor_0436	SLC5A5	1.159
GTEx_thyroid_donor_0437	SLC5A5	4.57
GTEx_thyroid_donor_0438	SLC5A5	1.174
GTEx_thyroid_donor_0439	SLC5A5	0.4002
GTEx_thyroid_donor_0440	SLC5A5	12.95
GTEx_thyroid_donor_0441	SLC5A5	18.4
GTEx_thyroid_donor_0442	SLC5A5	53.31
GTEx_thyroid_donor_0443	SLC5A5	0.2621
GTEx_thyroid_donor_0444	SLC5A5	7.723
GTEx_thyroid_donor_0445	SLC5A5	3.368
GTEx_thyroid_donor_0446	SLC5A5	122.2
GTEx_thyroid_donor_0447	SLC5A5	4.324
GTEx_thyroid_donor_0448	SLC5A5	54.18
GTEx_thyroid_donor_0449	SLC5A5	0.6714
GTEx_thyroid_donor_0450	SLC5A5	0.6115
GTEx_thyroid_donor_0451	SLC5A5	3.284
GTEx_thyroid_donor_0452	SLC5A5	3.906
GTEx_thyroid_donor_0453	SLC5A5	6.696
GTEx_thyroid_donor_0454	SLC5A5	4.563
GTEx_thyroid_donor_0455	SLC5A5	18.94
GTEx_thyroid_donor_0456	SLC5A5	2.09
GTEx_thyroid_donor_0457	SLC5A5	60.02
GTEx_thyroid_donor_0458	SLC5A5	169.5
GTEx_thyroid_donor_0459	SLC5A5	2.246
GTEx_thyroid_donor_0460	SLC5A5	4.318
GTEx_thyroid_donor_0461	SLC5A5	2.029
GTEx_thyroid_donor_0462	SLC5A5	13.1
GTEx_thyroid_donor_0463	SLC5A5	36.53
GTEx_thyroid_donor_0464	SLC5A5	7.503
GTEx_thyroid_donor_0465	SLC5A5	1.312
GTEx_thyroid_donor_0466	SLC5A5	2.786
GTEx_thyroid_donor_0467	SLC5A5	20.92
GTEx_thyroid_donor_0468	SLC5A5	18.22
GTEx_thyroid_donor_0469	SLC5A5	0.8117
GTEx_thyroid_donor_0470	SLC5A5	48.21
GTEx_thyroid_donor_0471	SLC5A5	0.4042
GTEx_thyroid_donor_0472	SLC5A5	0.4398
GTEx_thyroid_donor_0473	SLC5A5	276.3
GTEx_thyroid_donor_0474	SLC5A5	0.9552
GTEx_thyroid_donor_0475	SLC5A5	3.285
GTEx_thyroid_donor_0476	SLC5A5	0.6808
GTEx_thyroid_donor_0477	SLC5A5	1.046
GTEx_thyroid_donor_0478	SLC5A5	3.417
GTEx_thyroid_donor_0479	SLC5A5	0.1828
GTEx_thyroid_donor_0480	SLC5A5	3.022
GTEx_thyroid_donor_0481	SLC5A5	16.06
GTEx_thyroid_donor_0482	SLC5A5	0.3314
GTEx_thyroid_donor_0483	SLC5A5	1.944
GTEx_thyroid_donor_0484	SLC5A5	1.021
GTEx_thyroid_donor_0485	SLC5A5	29.85
GTEx_thyroid_donor_0486	SLC5A5	39.22
GTEx_thyroid_donor_0487	SLC5A5	2.6
GTEx_thyroid_donor_0488	SLC5A5	0.64
GTEx_thyroid_donor_0489	SLC5A5	2.762
GTEx_thyroid_donor_0490	SLC5A5	15.34
GTEx_thyroid_donor_0491	SLC5A5	432.1
GTEx_thyroid_donor_0492	SLC5A5	76.04
GTEx_thyroid_donor_0493	SLC5A5	6.77
GTEx_thyroid_donor_0494	SLC5A5	7.33
GTEx_thyroid_donor_0495	SLC5A5	3.836
GTEx_thyroid_donor_0496	SLC5A5	2.748
GTEx_thyroid_donor_0497	SLC5A5	297.3
GTEx_thyroid_donor_0498	SLC5A5	3.498
GTEx_thyroid_donor_0499	SLC5A5	1.517
GTEx_thyroid_donor_0500	SLC5A5	0.9494
GTEx_thyroid_donor_0501	SLC5A5	8.637
GTEx_thyroid_donor_0502	SLC5A5	116.2
GTEx_thyroid_donor_0503	SLC5A5	1.082
GTEx_thyroid_donor_0504	SLC5A5	31.94
GTEx_thyroid_donor_0505	SLC5A5	46.99
GTEx_thyroid_donor_0506	SLC5A5	0.9952
GTEx_thyroid_donor_0507	SLC5A5	98.29
GTEx_thyroid_donor_0508	SLC5A5	28.47
GTEx_thyroid_donor_0509	SLC5A5	2.511
GTEx_thyroid_donor_0510	SLC5A5	5.731
GTEx_thyroid_donor_0511	SLC5A5	9.252
GTEx_thyroid_donor_0512	SLC5A5	4.489
GTEx_thyroid_donor_0513	SLC5A5	17.47
GTEx_thyroid_donor_0514	SLC5A5	8.602
GTEx_thyroid_donor_0515	SLC5A5	3.861
GTEx_thyroid_donor_0516	SLC5A5	13.11
GTEx_thyroid_donor_0517	SLC5A5	0.8876
GTEx_thyroid_donor_0518	SLC5A5	17.85
GTEx_thyroid_donor_0519	SLC5A5	28.53
GTEx_thyroid_donor_0520	SLC5A5	0.6091
GTEx_thyroid_donor_0521	SLC5A5	32.43
GTEx_thyroid_donor_0522	SLC5A5	4.209
GTEx_thyroid_donor_0523	SLC5A5	5.547
GTEx_thyroid_donor_0524	SLC5A5	44.3
GTEx_thyroid_donor_0525	SLC5A5	2.111
GTEx_thyroid_donor_0526	SLC5A5	7.035
GTEx_thyroid_donor_0527	SLC5A5	22.74
GTEx_thyroid_donor_0528	SLC5A5	14.7
GTEx_thyroid_donor_0529	SLC5A5	4.32
GTEx_thyroid_donor_0530	SLC5A5	1.538
GTEx_thyroid_donor_0531	SLC5A5	2.971
GTEx_thyroid_donor_0532	SLC5A5	7.721
GTEx_thyroid_donor_0533	SLC5A5	1.43
GTEx_thyroid_donor_0534	SLC5A5	7.018
GTEx_thyroid_donor_0535	SLC5A5	0.4189
GTEx_thyroid_donor_0536	SLC5A5	24.06
GTEx_thyroid_donor_0537	SLC5A5	1.797
GTEx_thyroid_donor_0538	SLC5A5	0.6856
GTEx_thyroid_donor_0539	SLC5A5	6.979
GTEx_thyroid_donor_0540	SLC5A5	3.097
GTEx_thyroid_donor_0541	SLC5A5	0.7061
GTEx_thyroid_donor_0542	SLC5A5	18.19
GTEx_thyroid_donor_0543	SLC5A5	9.087
GTEx_thyroid_donor_0544	SLC5A5	1.874
GTEx_thyroid_donor_0545	SLC5A5	0.9245
GTEx_thyroid_donor_0546	SLC5A5	78.85
GTEx_thyroid_donor_0547	SLC5A5	1.048
GTEx_thyroid_donor_0548	SLC5A5	0.5598
GTEx_thyroid_donor_0549	SLC5A5	24.57
GTEx_thyroid_donor_0550	SLC5A5	1.145
GTEx_thyroid_donor_0551	SLC5A5	0.2624
GTEx_thyroid_donor_0552	SLC5A5	1.259
GTEx_thyroid_donor_0553	SLC5A5	0.7156
GTEx_thyroid_donor_0554	SLC5A5	9.307
GTEx_thyroid_donor_0555	SLC5A5	35.82
GTEx_thyroid_donor_0556	SLC5A5	30.91
GTEx_thyroid_donor_0557	SLC5A5	3.366
GTEx_thyroid_donor_0558	SLC5A5	2.349
GTEx_thyroid_donor_0559	SLC5A5	9.968
GTEx_thyroid_donor_0560	SLC5A5	12.53
GTEx_thyroid_donor_0561	SLC5A5	56.73
GTEx_thyroid_donor_0562	SLC5A5	5.583
GTEx_thyroid_donor_0563	SLC5A5	0.8959
GTEx_thyroid_donor_0564	SLC5A5	45.55
GTEx_thyroid_donor_0565	SLC5A5	38.17
GTEx_thyroid_donor_0566	SLC5A5	4.862
GTEx_thyroid_donor_0567	SLC5A5	2.766
GTEx_thyroid_donor_0568	SLC5A5	5.813
GTEx_thyroid_donor_0569	SLC5A5	4.78
GTEx_thyroid_donor_0570	SLC5A5	1.731
GTEx_thyroid_donor_0571	SLC5A5	4.273
GTEx_thyroid_donor_0572	SLC5A5	3.094
GTEx_thyroid_donor_0573	SLC5A5	1.794
GTEx_thyroid_donor_0574	SLC5A5	2.514
GTEx_thyroid_donor_0575	SLC5A5	0.8213
GTEx_thyroid_donor_0576	SLC5A5	0.8123
GTEx_thyroid_donor_0577	SLC5A5	0.5731
GTEx_thyroid_donor_0578	SLC5A5	1.433
GTEx_thyroid_donor_0579	SLC5A5	2.481
GTEx_thyroid_donor_0580	SLC5A5	14.73
GTEx_thyroid_donor_0581	SLC5A5	31.39
GTEx_thyroid_donor_0582	SLC5A5	8.803
GTEx_thyroid_donor_0583	SLC5A5	2.944
GTEx_thyroid_donor_0584	SLC5A5	7.511
GTEx_thyroid_donor_0585	SLC5A5	3.455
GTEx_thyroid_donor_0586	SLC5A5	45.46
GTEx_thyroid_donor_0587	SLC5A5	1.724
GTEx_thyroid_donor_0588	SLC5A5	5.686
GTEx_thyroid_donor_0589	SLC5A5	0.04819
GTEx_thyroid_donor_0590	SLC5A5	19.7
GTEx_thyroid_donor_0591	SLC5A5	2.201
GTEx_thyroid_donor_0592	SLC5A5	1.71
GTEx_thyroid_donor_0593	SLC5A5	3.742
GTEx_thyroid_donor_0594	SLC5A5	0.647
GTEx_thyroid_donor_0595	SLC5A5	2.011
GTEx_thyroid_donor_0596	SLC5A5	2.534
GTEx_thyroid_donor_0597	SLC5A5	2.474
GTEx_thyroid_donor_0598	SLC5A5	5.195
GTEx_thyroid_donor_0599	SLC5A5	1.325
GTEx_thyroid_donor_0600	SLC5A5	2.0
GTEx_thyroid_donor_0601	SLC5A5	11.82
GTEx_thyroid_donor_0602	SLC5A5	1.102
GTEx_thyroid_donor_0603	SLC5A5	14.39
GTEx_thyroid_donor_0604	SLC5A5	20.47
GTEx_thyroid_donor_0605	SLC5A5	0.05183
GTEx_thyroid_donor_0606	SLC5A5	7.219
GTEx_thyroid_donor_0607	SLC5A5	25.66
GTEx_thyroid_donor_0608	SLC5A5	0.5927
GTEx_thyroid_donor_0609	SLC5A5	4.51
GTEx_thyroid_donor_0610	SLC5A5	1.509
GTEx_thyroid_donor_0611	SLC5A5	2.02
GTEx_thyroid_donor_0612	SLC5A5	5.73
GTEx_thyroid_donor_0613	SLC5A5	8.903
GTEx_thyroid_donor_0614	SLC5A5	5.849
GTEx_thyroid_donor_0615	SLC5A5	25.13
GTEx_thyroid_donor_0616	SLC5A5	0.6206
GTEx_thyroid_donor_0617	SLC5A5	37.32
GTEx_thyroid_donor_0618	SLC5A5	0.9634
GTEx_thyroid_donor_0619	SLC5A5	1.534
GTEx_thyroid_donor_0620	SLC5A5	1.902
GTEx_thyroid_donor_0621	SLC5A5	1.145
GTEx_thyroid_donor_0622	SLC5A5	2.838
GTEx_thyroid_donor_0623	SLC5A5	1.247
GTEx_thyroid_donor_0624	SLC5A5	1.242
GTEx_thyroid_donor_0625	SLC5A5	1.589
GTEx_thyroid_donor_0626	SLC5A5	2.256
GTEx_thyroid_donor_0627	SLC5A5	0.5575
GTEx_thyroid_donor_0628	SLC5A5	0.4495
GTEx_thyroid_donor_0629	SLC5A5	0.5004
GTEx_thyroid_donor_0630	SLC5A5	1.259
GTEx_thyroid_donor_0631	SLC5A5	1.213
GTEx_thyroid_donor_0632	SLC5A5	1.011
GTEx_thyroid_donor_0633	SLC5A5	3.055
GTEx_thyroid_donor_0634	SLC5A5	2.394
GTEx_thyroid_donor_0635	SLC5A5	49.48
GTEx_thyroid_donor_0636	SLC5A5	44.84
GTEx_thyroid_donor_0637	SLC5A5	123.3
GTEx_thyroid_donor_0638	SLC5A5	2.527
GTEx_thyroid_donor_0639	SLC5A5	6.829
GTEx_thyroid_donor_0640	SLC5A5	0.2429
GTEx_thyroid_donor_0641	SLC5A5	17.13
GTEx_thyroid_donor_0642	SLC5A5	1.381
GTEx_thyroid_donor_0643	SLC5A5	7.684
GTEx_thyroid_donor_0644	SLC5A5	39.87
GTEx_thyroid_donor_0645	SLC5A5	8.189
GTEx_thyroid_donor_0646	SLC5A5	2.909
GTEx_thyroid_donor_0647	SLC5A5	5.56
GTEx_thyroid_donor_0648	SLC5A5	2.209
GTEx_thyroid_donor_0649	SLC5A5	1.545
GTEx_thyroid_donor_0650	SLC5A5	5.345
GTEx_thyroid_donor_0651	SLC5A5	0.2693
GTEx_thyroid_donor_0652	SLC5A5	5.103
GTEx_thyroid_donor_0000	INS	0.0
GTEx_thyroid_donor_0001	INS	0.3765
GTEx_thyroid_donor_0002	INS	0.4089
GTEx_thyroid_donor_0003	INS	0.0646
GTEx_thyroid_donor_0004	INS	0.1087
GTEx_thyroid_donor_0005	INS	0.3252
GTEx_thyroid_donor_0006	INS	0.0
GTEx_thyroid_donor_0007	INS	0.0
GTEx_thyroid_donor_0008	INS	2.659
GTEx_thyroid_donor_0009	INS	0.2523
GTEx_thyroid_donor_0010	INS	1.322
GTEx_thyroid_donor_0011	INS	0.5506
GTEx_thyroid_donor_0012	INS	0.1454
GTEx_thyroid_donor_0013	INS	0.2763
GTEx_thyroid_donor_0014	INS	0.1732
GTEx_thyroid_donor_0015	INS	0.2268
GTEx_thyroid_donor_0016	INS	0.6125
GTEx_thyroid_donor_0017	INS	0.0
GTEx_thyroid_donor_0018	INS	0.0
GTEx_thyroid_donor_0019	INS	0.0
GTEx_thyroid_donor_0020	INS	0.6198
GTEx_thyroid_donor_0021	INS	0.7864
GTEx_thyroid_donor_0022	INS	0.0
GTEx_thyroid_donor_0023	INS	1.112
GTEx_thyroid_donor_0024	INS	1.761
GTEx_thyroid_donor_0025	INS	0.05835
GTEx_thyroid_donor_0026	INS	0.5431
GTEx_thyroid_donor_0027	INS	0.0
GTEx_thyroid_donor_0028	INS	0.1235
GTEx_thyroid_donor_0029	INS	0.9181
GTEx_thyroid_donor_0030	INS	3.102
GTEx_thyroid_donor_0031	INS	0.9739
GTEx_thyroid_donor_0032	INS	0.0
GTEx_thyroid_donor_0033	INS	0.1868
GTEx_thyroid_donor_0034	INS	0.1061
GTEx_thyroid_donor_0035	INS	0.08498
GTEx_thyroid_donor_0036	INS	0.3534
GTEx_thyroid_donor_0037	INS	1.753
GTEx_thyroid_donor_0038	INS	0.5823
GTEx_thyroid_donor_0039	INS	0.0
GTEx_thyroid_donor_0040	INS	0.0
GTEx_thyroid_donor_0041	INS	0.6293
GTEx_thyroid_donor_0042	INS	0.0
GTEx_thyroid_donor_0043	INS	0.0
GTEx_thyroid_donor_0044	INS	0.06536
GTEx_thyroid_donor_0045	INS	0.0
GTEx_thyroid_donor_0046	INS	0.0
GTEx_thyroid_donor_0047	INS	0.0
GTEx_thyroid_donor_0048	INS	0.0
GTEx_thyroid_donor_0049	INS	0.0
GTEx_thyroid_donor_0050	INS	0.0
GTEx_thyroid_donor_0051	INS	16.58
GTEx_thyroid_donor_0052	INS	0.09085
GTEx_thyroid_donor_0053	INS	0.8691
GTEx_thyroid_donor_0054	INS	1.816
GTEx_thyroid_donor_0055	INS	0.1253
GTEx_thyroid_donor_0056	INS	0.0
GTEx_thyroid_donor_0057	INS	1.187
GTEx_thyroid_donor_0058	INS	1.358
GTEx_thyroid_donor_0059	INS	0.787
GTEx_thyroid_donor_0060	INS	0.0
GTEx_thyroid_donor_0061	INS	0.3415
GTEx_thyroid_donor_0062	INS	0.0
GTEx_thyroid_donor_0063	INS	0.1089
GTEx_thyroid_donor_0064	INS	0.0
GTEx_thyroid_donor_0065	INS	0.0
GTEx_thyroid_donor_0066	INS	0.7562
GTEx_thyroid_donor_0067	INS	0.0
GTEx_thyroid_donor_0068	INS	1.524
GTEx_thyroid_donor_0069	INS	0.1665
GTEx_thyroid_donor_0070	INS	0.2001
GTEx_thyroid_donor_0071	INS	0.7043
GTEx_thyroid_donor_0072	INS	0.0
GTEx_thyroid_donor_0073	INS	0.3417
GTEx_thyroid_donor_0074	INS	6.673
GTEx_thyroid_donor_0075	INS	0.6668
GTEx_thyroid_donor_0076	INS	0.0
GTEx_thyroid_donor_0077	INS	0.07913
GTEx_thyroid_donor_0078	INS	0.0
GTEx_thyroid_donor_0079	INS	0.0
GTEx_thyroid_donor_0080	INS	0.0
GTEx_thyroid_donor_0081	INS	1.228
GTEx_thyroid_donor_0082	INS	0.1426
GTEx_thyroid_donor_0083	INS	0.0
GTEx_thyroid_donor_0084	INS	0.0
GTEx_thyroid_donor_0085	INS	0.6472
GTEx_thyroid_donor_0086	INS	0.0
GTEx_thyroid_donor_0087	INS	0.0
GTEx_thyroid_donor_0088	INS	0.0
GTEx_thyroid_donor_0089	INS	0.05406
GTEx_thyroid_donor_0090	INS	0.0
GTEx_thyroid_donor_0091	INS	0.0
GTEx_thyroid_donor_0092	INS	0.0
GTEx_thyroid_donor_0093	INS	0.3109
GTEx_thyroid_donor_0094	INS	0.732
GTEx_thyroid_donor_0095	INS	0.0
GTEx_thyroid_donor_0096	INS	0.0
GTEx_thyroid_donor_0097	INS	0.0
GTEx_thyroid_donor_0098	INS	0.0
GTEx_thyroid_donor_0099	INS	0.1545
GTEx_thyroid_donor_0100	INS	0.0
GTEx_thyroid_donor_0101	INS	0.1069
GTEx_thyroid_donor_0102	INS	0.2161
GTEx_thyroid_donor_0103	INS	0.0
GTEx_thyroid_donor_0104	INS	0.0
GTEx_thyroid_donor_0105	INS	0.0
GTEx_thyroid_donor_0106	INS	0.0
GTEx_thyroid_donor_0107	INS	0.1775
GTEx_thyroid_donor_0108	INS	0.115
GTEx_thyroid_donor_0109	INS	0.9806
GTEx_thyroid_donor_0110	INS	0.2308
GTEx_thyroid_donor_0111	INS	0.1951
GTEx_thyroid_donor_0112	INS	0.0
GTEx_thyroid_donor_0113	INS	0.6285
GTEx_thyroid_donor_0114	INS	0.1259
GTEx_thyroid_donor_0115	INS	0.0
GTEx_thyroid_donor_0116	INS	0.1819
GTEx_thyroid_donor_0117	INS	0.0
GTEx_thyroid_donor_0118	INS	0.0
GTEx_thyroid_donor_0119	INS	0.2935
GTEx_thyroid_donor_0120	INS	0.2214
GTEx_thyroid_donor_0121	INS	0.05877
GTEx_thyroid_donor_0122	INS	0.6079
GTEx_thyroid_donor_0123	INS	0.261
GTEx_thyroid_donor_0124	INS	0.0
GTEx_thyroid_donor_0125	INS	0.1362
GTEx_thyroid_donor_0126	INS	0.0
GTEx_thyroid_donor_0127	INS	0.5717
GTEx_thyroid_donor_0128	INS	0.3067
GTEx_thyroid_donor_0129	INS	0.0
GTEx_thyroid_donor_0130	INS	0.4794
GTEx_thyroid_donor_0131	INS	0.0
GTEx_thyroid_donor_0132	INS	0.2874
GTEx_thyroid_donor_0133	INS	0.0
GTEx_thyroid_donor_0134	INS	0.0
GTEx_thyroid_donor_0135	INS	0.3889
GTEx_thyroid_donor_0136	INS	0.3429
GTEx_thyroid_donor_0137	INS	4.636
GTEx_thyroid_donor_0138	INS	0.06491
GTEx_thyroid_donor_0139	INS	0.3626
GTEx_thyroid_donor_0140	INS	0.7215
GTEx_thyroid_donor_0141	INS	0.492
GTEx_thyroid_donor_0142	INS	0.0
GTEx_thyroid_donor_0143	INS	0.3556
GTEx_thyroid_donor_0144	INS	0.116
GTEx_thyroid_donor_0145	INS	0.1674
GTEx_thyroid_donor_0146	INS	0.2217
GTEx_thyroid_donor_0147	INS	6.289
GTEx_thyroid_donor_0148	INS	0.1724
GTEx_thyroid_donor_0149	INS	0.2669
GTEx_thyroid_donor_0150	INS	0.4073
GTEx_thyroid_donor_0151	INS	0.3337
GTEx_thyroid_donor_0152	INS	0.6898
GTEx_thyroid_donor_0153	INS	0.1765
GTEx_thyroid_donor_0154	INS	0.3547
GTEx_thyroid_donor_0155	INS	0.549
GTEx_thyroid_donor_0156	INS	34.44
GTEx_thyroid_donor_0157	INS	0.0
GTEx_thyroid_donor_0158	INS	0.0
GTEx_thyroid_donor_0159	INS	0.9466
GTEx_thyroid_donor_0160	INS	0.0
GTEx_thyroid_donor_0161	INS	0.0
GTEx_thyroid_donor_0162	INS	0.0
GTEx_thyroid_donor_0163	INS	0.08148
GTEx_thyroid_donor_0164	INS	0.1312
GTEx_thyroid_donor_0165	INS	0.1507
GTEx_thyroid_donor_0166	INS	0.06166
GTEx_thyroid_donor_0167	INS	0.1214
GTEx_thyroid_donor_0168	INS	0.0
GTEx_thyroid_donor_0169	INS	0.161
GTEx_thyroid_donor_0170	INS	0.5706
GTEx_thyroid_donor_0171	INS	0.4762
GTEx_thyroid_donor_0172	INS	0.1466
GTEx_thyroid_donor_0173	INS	0.9694
GTEx_thyroid_donor_0174	INS	0.1246
GTEx_thyroid_donor_0175	INS	0.1541
GTEx_thyroid_donor_0176	INS	7.408
GTEx_thyroid_donor_0177	INS	0.4297
GTEx_thyroid_donor_0178	INS	0.4831
GTEx_thyroid_donor_0179	INS	0.1264
GTEx_thyroid_donor_0180	INS	0.1326
GTEx_thyroid_donor_0181	INS	0.5194
GTEx_thyroid_donor_0182	INS	0.0
GTEx_thyroid_donor_0183	INS	0.3758
GTEx_thyroid_donor_0184	INS	0.1703
GTEx_thyroid_donor_0185	INS	0.0
GTEx_thyroid_donor_0186	INS	0.0
GTEx_thyroid_donor_0187	INS	0.1479
GTEx_thyroid_donor_0188	INS	0.318
GTEx_thyroid_donor_0189	INS	1.222
GTEx_thyroid_donor_0190	INS	0.1395
GTEx_thyroid_donor_0191	INS	0.6151
GTEx_thyroid_donor_0192	INS	0.2192
GTEx_thyroid_donor_0193	INS	0.0
GTEx_thyroid_donor_0194	INS	0.0
GTEx_thyroid_donor_0195	INS	0.0
GTEx_thyroid_donor_0196	INS	0.209
GTEx_thyroid_donor_0197	INS	0.0
GTEx_thyroid_donor_0198	INS	0.1138
GTEx_thyroid_donor_0199	INS	0.0
GTEx_thyroid_donor_0200	INS	0.0
GTEx_thyroid_donor_0201	INS	0.1643
GTEx_thyroid_donor_0202	INS	0.3834
GTEx_thyroid_donor_0203	INS	0.0
GTEx_thyroid_donor_0204	INS	0.0
GTEx_thyroid_donor_0205	INS	0.1266
GTEx_thyroid_donor_0206	INS	0.0
GTEx_thyroid_donor_0207	INS	0.0
GTEx_thyroid_donor_0208	INS	0.3369
GTEx_thyroid_donor_0209	INS	0.0
GTEx_thyroid_donor_0210	INS	0.3202
GTEx_thyroid_donor_0211	INS	0.138
GTEx_thyroid_donor_0212	INS	0.0
GTEx_thyroid_donor_0213	INS	0.09119
GTEx_thyroid_donor_0214	INS	0.0
GTEx_thyroid_donor_0215	INS	0.1302
GTEx_thyroid_donor_0216	INS	0.1463
GTEx_thyroid_donor_0217	INS	0.3291
GTEx_thyroid_donor_0218	INS	0.0
GTEx_thyroid_donor_0219	INS	0.1484
GTEx_thyroid_donor_0220	INS	0.1443
GTEx_thyroid_donor_0221	INS	0.06859
GTEx_thyroid_donor_0222	INS	0.2625
GTEx_thyroid_donor_0223	INS	0.1371
GTEx_thyroid_donor_0224	INS	0.0
GTEx_thyroid_donor_0225	INS	0.0
GTEx_thyroid_donor_0226	INS	0.0556
GTEx_thyroid_donor_0227	INS	0.2967
GTEx_thyroid_donor_0228	INS	0.1584
GTEx_thyroid_donor_0229	INS	0.678
GTEx_thyroid_donor_0230	INS	0.231
GTEx_thyroid_donor_0231	INS	0.4152
GTEx_thyroid_donor_0232	INS	0.1243
GTEx_thyroid_donor_0233	INS	0.4881
GTEx_thyroid_donor_0234	INS	0.0
GTEx_thyroid_donor_0235	INS	0.7606
GTEx_thyroid_donor_0236	INS	2.548
GTEx_thyroid_donor_0237	INS	0.8506
GTEx_thyroid_donor_0238	INS	0.0
GTEx_thyroid_donor_0239	INS	1.545
GTEx_thyroid_donor_0240	INS	0.1069
GTEx_thyroid_donor_0241	INS	9.362
GTEx_thyroid_donor_0242	INS	0.8699
GTEx_thyroid_donor_0243	INS	0.0
GTEx_thyroid_donor_0244	INS	0.2301
GTEx_thyroid_donor_0245	INS	0.0
GTEx_thyroid_donor_0246	INS	0.1984
GTEx_thyroid_donor_0247	INS	0.1838
GTEx_thyroid_donor_0248	INS	0.0
GTEx_thyroid_donor_0249	INS	0.1167
GTEx_thyroid_donor_0250	INS	0.0
GTEx_thyroid_donor_0251	INS	0.05609
GTEx_thyroid_donor_0252	INS	2.19
GTEx_thyroid_donor_0253	INS	0.2552
GTEx_thyroid_donor_0254	INS	0.7521
GTEx_thyroid_donor_0255	INS	0.2314
GTEx_thyroid_donor_0256	INS	0.09817
GTEx_thyroid_donor_0257	INS	0.0
GTEx_thyroid_donor_0258	INS	1.036
GTEx_thyroid_donor_0259	INS	0.1402
GTEx_thyroid_donor_0260	INS	0.118
GTEx_thyroid_donor_0261	INS	0.0
GTEx_thyroid_donor_0262	INS	0.1573
GTEx_thyroid_donor_0263	INS	0.06277
GTEx_thyroid_donor_0264	INS	0.2432
GTEx_thyroid_donor_0265	INS	0.0
GTEx_thyroid_donor_0266	INS	0.1509
GTEx_thyroid_donor_0267	INS	0.131
GTEx_thyroid_donor_0268	INS	0.333
GTEx_thyroid_donor_0269	INS	0.0
GTEx_thyroid_donor_0270	INS	0.1785
GTEx_thyroid_donor_0271	INS	0.1787
GTEx_thyroid_donor_0272	INS	0.1862
GTEx_thyroid_donor_0273	INS	0.2818
GTEx_thyroid_donor_0274	INS	0.2038
GTEx_thyroid_donor_0275	INS	0.2488
GTEx_thyroid_donor_0276	INS	0.5672
GTEx_thyroid_donor_0277	INS	0.0
GTEx_thyroid_donor_0278	INS	0.07977
GTEx_thyroid_donor_0279	INS	1.803
GTEx_thyroid_donor_0280	INS	0.1565
GTEx_thyroid_donor_0281	INS	0.3527
GTEx_thyroid_donor_0282	INS	0.3653
GTEx_thyroid_donor_0283	INS	0.6196
GTEx_thyroid_donor_0284	INS	0.1517
GTEx_thyroid_donor_0285	INS	0.0
GTEx_thyroid_donor_0286	INS	0.06802
GTEx_thyroid_donor_0287	INS	0.0
GTEx_thyroid_donor_0288	INS	0.0
GTEx_thyroid_donor_0289	INS	0.0
GTEx_thyroid_donor_0290	INS	0.0
GTEx_thyroid_donor_0291	INS	1.42
GTEx_thyroid_donor_0292	INS	0.1946
GTEx_thyroid_donor_0293	INS	0.2534
GTEx_thyroid_donor_0294	INS	0.0
GTEx_thyroid_donor_0295	INS	0.0
GTEx_thyroid_donor_0296	INS	0.0
GTEx_thyroid_donor_0297	INS	0.0
GTEx_thyroid_donor_0298	INS	0.6545
GTEx_thyroid_donor_0299	INS	3.316
GTEx_thyroid_donor_0300	INS	0.06719
GTEx_thyroid_donor_0301	INS	0.0
GTEx_thyroid_donor_0302	INS	0.5023
GTEx_thyroid_donor_0303	INS	0.0
GTEx_thyroid_donor_0304	INS	0.09916
GTEx_thyroid_donor_0305	INS	0.5615
GTEx_thyroid_donor_0306	INS	0.0
GTEx_thyroid_donor_0307	INS	0.0
GTEx_thyroid_donor_0308	INS	0.1063
GTEx_thyroid_donor_0309	INS	0.7507
GTEx_thyroid_donor_0310	INS	0.1738
GTEx_thyroid_donor_0311	INS	0.05413
GTEx_thyroid_donor_0312	INS	0.4919
GTEx_thyroid_donor_0313	INS	0.5259
GTEx_thyroid_donor_0314	INS	0.2251
GTEx_thyroid_donor_0315	INS	0.1339
GTEx_thyroid_donor_0316	INS	0.0
GTEx_thyroid_donor_0317	INS	0.2871
GTEx_thyroid_donor_0318	INS	0.2581
GTEx_thyroid_donor_0319	INS	0.5212
GTEx_thyroid_donor_0320	INS	4.461
GTEx_thyroid_donor_0321	INS	4.264
GTEx_thyroid_donor_0322	INS	0.0
GTEx_thyroid_donor_0323	INS	0.0
GTEx_thyroid_donor_0324	INS	0.9654
GTEx_thyroid_donor_0325	INS	0.1474
GTEx_thyroid_donor_0326	INS	0.6472
GTEx_thyroid_donor_0327	INS	1.342
GTEx_thyroid_donor_0328	INS	0.4204
GTEx_thyroid_donor_0329	INS	0.0
GTEx_thyroid_donor_0330	INS	0.0
GTEx_thyroid_donor_0331	INS	2.243
GTEx_thyroid_donor_0332	INS	0.0
GTEx_thyroid_donor_0333	INS	0.3331
GTEx_thyroid_donor_0334	INS	0.0
GTEx_thyroid_donor_0335	INS	0.4851
GTEx_thyroid_donor_0336	INS	0.0
GTEx_thyroid_donor_0337	INS	0.0
GTEx_thyroid_donor_0338	INS	0.0
GTEx_thyroid_donor_0339	INS	0.0
GTEx_thyroid_donor_0340	INS	0.0
GTEx_thyroid_donor_0341	INS	0.0
GTEx_thyroid_donor_0342	INS	0.4498
GTEx_thyroid_donor_0343	INS	0.1835
GTEx_thyroid_donor_0344	INS	0.0
GTEx_thyroid_donor_0345	INS	0.0
GTEx_thyroid_donor_0346	INS	0.0
GTEx_thyroid_donor_0347	INS	0.0
GTEx_thyroid_donor_0348	INS	0.0
GTEx_thyroid_donor_0349	INS	0.0
GTEx_thyroid_donor_0350	INS	0.0
GTEx_thyroid_donor_0351	INS	0.9968
GTEx_thyroid_donor_0352	INS	0.0
GTEx_thyroid_donor_0353	INS	0.743
GTEx_thyroid_donor_0354	INS	0.0
GTEx_thyroid_donor_0355	INS	0.1168
GTEx_thyroid_donor_0356	INS	0.0
GTEx_thyroid_donor_0357	INS	0.0
GTEx_thyroid_donor_0358	INS	0.0
GTEx_thyroid_donor_0359	INS	0.0
GTEx_thyroid_donor_0360	INS	0.0
GTEx_thyroid_donor_0361	INS	0.0
GTEx_thyroid_donor_0362	INS	0.0
GTEx_thyroid_donor_0363	INS	0.09036
GTEx_thyroid_donor_0364	INS	0.0
GTEx_thyroid_donor_0365	INS	0.2677
GTEx_thyroid_donor_0366	INS	0.0
GTEx_thyroid_donor_0367	INS	0.1432
GTEx_thyroid_donor_0368	INS	0.1342
GTEx_thyroid_donor_0369	INS	0.0
GTEx_thyroid_donor_0370	INS	0.0
GTEx_thyroid_donor_0371	INS	0.0
GTEx_thyroid_donor_0372	INS	0.1011
GTEx_thyroid_donor_0373	INS	0.0
GTEx_thyroid_donor_0374	INS	0.0
GTEx_thyroid_donor_0375	INS	0.0
GTEx_thyroid_donor_0376	INS	0.0
GTEx_thyroid_donor_0377	INS	0.1323
GTEx_thyroid_donor_0378	INS	0.0
GTEx_thyroid_donor_0379	INS	0.5949
GTEx_thyroid_donor_0380	INS	0.0
GTEx_thyroid_donor_0381	INS	0.3983
GTEx_thyroid_donor_0382	INS	0.5136
GTEx_thyroid_donor_0383	INS	0.0
GTEx_thyroid_donor_0384	INS	0.0
GTEx_thyroid_donor_0385	INS	0.4306
GTEx_thyroid_donor_0386	INS	0.2957
GTEx_thyroid_donor_0387	INS	0.0
GTEx_thyroid_donor_0388	INS	0.3717
GTEx_thyroid_donor_0389	INS	0.0
GTEx_thyroid_donor_0390	INS	0.1614
GTEx_thyroid_donor_0391	INS	0.0
GTEx_thyroid_donor_0392	INS	0.0
GTEx_thyroid_donor_0393	INS	0.1272
GTEx_thyroid_donor_0394	INS	1.896
GTEx_thyroid_donor_0395	INS	0.1595
GTEx_thyroid_donor_0396	INS	0.1188
GTEx_thyroid_donor_0397	INS	1.252
GTEx_thyroid_donor_0398	INS	0.2947
GTEx_thyroid_donor_0399	INS	0.0
GTEx_thyroid_donor_0400	INS	0.1087
GTEx_thyroid_donor_0401	INS	0.0
GTEx_thyroid_donor_0402	INS	0.0
GTEx_thyroid_donor_0403	INS	0.06221
GTEx_thyroid_donor_0404	INS	0.0
GTEx_thyroid_donor_0405	INS	0.7795
GTEx_thyroid_donor_0406	INS	0.07726
GTEx_thyroid_donor_0407	INS	0.4458
GTEx_thyroid_donor_0408	INS	0.3949
GTEx_thyroid_donor_0409	INS	0.09449
GTEx_thyroid_donor_0410	INS	0.0
GTEx_thyroid_donor_0411	INS	0.7138
GTEx_thyroid_donor_0412	INS	1.924
GTEx_thyroid_donor_0413	INS	0.0
GTEx_thyroid_donor_0414	INS	0.0
GTEx_thyroid_donor_0415	INS	0.2059
GTEx_thyroid_donor_0416	INS	0.8619
GTEx_thyroid_donor_0417	INS	0.0
GTEx_thyroid_donor_0418	INS	0.0
GTEx_thyroid_donor_0419	INS	0.0
GTEx_thyroid_donor_0420	INS	0.0
GTEx_thyroid_donor_0421	INS	0.0
GTEx_thyroid_donor_0422	INS	0.0
GTEx_thyroid_donor_0423	INS	0.0
GTEx_thyroid_donor_0424	INS	0.0
GTEx_thyroid_donor_0425	INS	0.0
GTEx_thyroid_donor_0426	INS	0.0
GTEx_thyroid_donor_0427	INS	0.05071
GTEx_thyroid_donor_0428	INS	0.0
GTEx_thyroid_donor_0429	INS	0.3832
GTEx_thyroid_donor_0430	INS	0.0
GTEx_thyroid_donor_0431	INS	0.0
GTEx_thyroid_donor_0432	INS	0.0
GTEx_thyroid_donor_0433	INS	0.7333
GTEx_thyroid_donor_0434	INS	0.0
GTEx_thyroid_donor_0435	INS	0.0
GTEx_thyroid_donor_0436	INS	0.0
GTEx_thyroid_donor_0437	INS	0.0
GTEx_thyroid_donor_0438	INS	0.0
GTEx_thyroid_donor_0439	INS	0.0
GTEx_thyroid_donor_0440	INS	0.2494
GTEx_thyroid_donor_0441	INS	0.0
GTEx_thyroid_donor_0442	INS	0.0
GTEx_thyroid_donor_0443	INS	0.0
GTEx_thyroid_donor_0444	INS	0.0
GTEx_thyroid_donor_0445	INS	0.0
GTEx_thyroid_donor_0446	INS	0.0
GTEx_thyroid_donor_0447	INS	0.5087
GTEx_thyroid_donor_0448	INS	1.52
GTEx_thyroid_donor_0449	INS	0.0
GTEx_thyroid_donor_0450	INS	0.9075
GTEx_thyroid_donor_0451	INS	0.0
GTEx_thyroid_donor_0452	INS	0.0
GTEx_thyroid_donor_0453	INS	0.0
GTEx_thyroid_donor_0454	INS	1.482
GTEx_thyroid_donor_0455	INS	0.7188
GTEx_thyroid_donor_0456	INS	0.8271
GTEx_thyroid_donor_0457	INS	1.408
GTEx_thyroid_donor_0458	INS	0.4523
GTEx_thyroid_donor_0459	INS	0.0
GTEx_thyroid_donor_0460	INS	0.439
GTEx_thyroid_donor_0461	INS	0.04871
GTEx_thyroid_donor_0462	INS	0.0
GTEx_thyroid_donor_0463	INS	0.0
GTEx_thyroid_donor_0464	INS	0.05369
GTEx_thyroid_donor_0465	INS	0.0
GTEx_thyroid_donor_0466	INS	0.2485
GTEx_thyroid_donor_0467	INS	1.518
GTEx_thyroid_donor_0468	INS	0.0
GTEx_thyroid_donor_0469	INS	0.2494
GTEx_thyroid_donor_0470	INS	0.0
GTEx_thyroid_donor_0471	INS	0.0
GTEx_thyroid_donor_0472	INS	0.0
GTEx_thyroid_donor_0473	INS	0.5681
GTEx_thyroid_donor_0474	INS	0.0
GTEx_thyroid_donor_0475	INS	0.0
GTEx_thyroid_donor_0476	INS	0.0
GTEx_thyroid_donor_0477	INS	0.1555
GTEx_thyroid_donor_0478	INS	1.024
GTEx_thyroid_donor_0479	INS	0.0
GTEx_thyroid_donor_0480	INS	0.483
GTEx_thyroid_donor_0481	INS	0.0
GTEx_thyroid_donor_0482	INS	0.0
GTEx_thyroid_donor_0483	INS	0.0
GTEx_thyroid_donor_0484	INS	0.0
GTEx_thyroid_donor_0485	INS	0.0
GTEx_thyroid_donor_0486	INS	1.938
GTEx_thyroid_donor_0487	INS	0.1863
GTEx_thyroid_donor_0488	INS	0.0
GTEx_thyroid_donor_0489	INS	0.0
GTEx_thyroid_donor_0490	INS	0.08246
GTEx_thyroid_donor_0491	INS	0.0
GTEx_thyroid_donor_0492	INS	1.459
GTEx_thyroid_donor_0493	INS	0.0
GTEx_thyroid_donor_0494	INS	0.0
GTEx_thyroid_donor_0495	INS	0.0
GTEx_thyroid_donor_0496	INS	0.0
GTEx_thyroid_donor_0497	INS	0.1205
GTEx_thyroid_donor_0498	INS	0.0
GTEx_thyroid_donor_0499	INS	0.0
GTEx_thyroid_donor_0500	INS	0.589
GTEx_thyroid_donor_0501	INS	0.04012
GTEx_thyroid_donor_0502	INS	0.0
GTEx_thyroid_donor_0503	INS	0.0
GTEx_thyroid_donor_0504	INS	0.0
GTEx_thyroid_donor_0505	INS	3.086
GTEx_thyroid_donor_0506	INS	0.3528
GTEx_thyroid_donor_0507	INS	0.174
GTEx_thyroid_donor_0508	INS	0.0
GTEx_thyroid_donor_0509	INS	0.0
GTEx_thyroid_donor_0510	INS	0.0
GTEx_thyroid_donor_0511	INS	1.528
GTEx_thyroid_donor_0512	INS	0.0
GTEx_thyroid_donor_0513	INS	0.05858
GTEx_thyroid_donor_0514	INS	0.0
GTEx_thyroid_donor_0515	INS	0.0
GTEx_thyroid_donor_0516	INS	0.0
GTEx_thyroid_donor_0517	INS	0.0
GTEx_thyroid_donor_0518	INS	0.0
GTEx_thyroid_donor_0519	INS	0.1044
GTEx_thyroid_donor_0520	INS	0.06683
GTEx_thyroid_donor_0521	INS	0.0
GTEx_thyroid_donor_0522	INS	0.0
GTEx_thyroid_donor_0523	INS	0.0
GTEx_thyroid_donor_0524	INS	0.0
GTEx_thyroid_donor_0525	INS	0.0
GTEx_thyroid_donor_0526	INS	3.487
GTEx_thyroid_donor_0527	INS	0.0
GTEx_thyroid_donor_0528	INS	0.0
GTEx_thyroid_donor_0529	INS	0.4611
GTEx_thyroid_donor_0530	INS	0.1575
GTEx_thyroid_donor_0531	INS	0.0
GTEx_thyroid_donor_0532	INS	0.5512
GTEx_thyroid_donor_0533	INS	0.6278
GTEx_thyroid_donor_0534	INS	0.0
GTEx_thyroid_donor_0535	INS	0.1347
GTEx_thyroid_donor_0536	INS	0.0
GTEx_thyroid_donor_0537	INS	0.0
GTEx_thyroid_donor_0538	INS	0.0
GTEx_thyroid_donor_0539	INS	0.0
GTEx_thyroid_donor_0540	INS	0.0
GTEx_thyroid_donor_0541	INS	0.1808
GTEx_thyroid_donor_0542	INS	0.0
GTEx_thyroid_donor_0543	INS	0.0
GTEx_thyroid_donor_0544	INS	0.3478
GTEx_thyroid_donor_0545	INS	0.5979
GTEx_thyroid_donor_0546	INS	1.788
GTEx_thyroid_donor_0547	INS	1.191
GTEx_thyroid_donor_0548	INS	0.0
GTEx_thyroid_donor_0549	INS	0.2711
GTEx_thyroid_donor_0550	INS	0.464
GTEx_thyroid_donor_0551	INS	0.4534
GTEx_thyroid_donor_0552	INS	0.0
GTEx_thyroid_donor_0553	INS	0.06466
GTEx_thyroid_donor_0554	INS	0.1963
GTEx_thyroid_donor_0555	INS	0.0
GTEx_thyroid_donor_0556	INS	0.0
GTEx_thyroid_donor_0557	INS	0.09486
GTEx_thyroid_donor_0558	INS	0.2627
GTEx_thyroid_donor_0559	INS	0.1025
GTEx_thyroid_donor_0560	INS	0.7145
GTEx_thyroid_donor_0561	INS	0.2137
GTEx_thyroid_donor_0562	INS	0.04603
GTEx_thyroid_donor_0563	INS	0.9048
GTEx_thyroid_donor_0564	INS	0.0
GTEx_thyroid_donor_0565	INS	0.6469
GTEx_thyroid_donor_0566	INS	0.2724
GTEx_thyroid_donor_0567	INS	0.2524
GTEx_thyroid_donor_0568	INS	0.07925
GTEx_thyroid_donor_0569	INS	0.0
GTEx_thyroid_donor_0570	INS	0.1057
GTEx_thyroid_donor_0571	INS	0.3596
GTEx_thyroid_donor_0572	INS	0.3033
GTEx_thyroid_donor_0573	INS	0.0
GTEx_thyroid_donor_0574	INS	0.3248
GTEx_thyroid_donor_0575	INS	0.5161
GTEx_thyroid_donor_0576	INS	0.0
GTEx_thyroid_donor_0577	INS	1.056
GTEx_thyroid_donor_0578	INS	0.0
GTEx_thyroid_donor_0579	INS	0.5335
GTEx_thyroid_donor_0580	INS	0.0
GTEx_thyroid_donor_0581	INS	0.1818
GTEx_thyroid_donor_0582	INS	0.0
GTEx_thyroid_donor_0583	INS	0.1317
GTEx_thyroid_donor_0584	INS	1.813
GTEx_thyroid_donor_0585	INS	0.0
GTEx_thyroid_donor_0586	INS	0.1662
GTEx_thyroid_donor_0587	INS	2.842
GTEx_thyroid_donor_0588	INS	2.88
GTEx_thyroid_donor_0589	INS	0.9438
GTEx_thyroid_donor_0590	INS	1.503
GTEx_thyroid_donor_0591	INS	1.822
GTEx_thyroid_donor_0592	INS	0.5254
GTEx_thyroid_donor_0593	INS	2.061
GTEx_thyroid_donor_0594	INS	0.5559
GTEx_thyroid_donor_0595	INS	0.0
GTEx_thyroid_donor_0596	INS	0.1517
GTEx_thyroid_donor_0597	INS	0.563
GTEx_thyroid_donor_0598	INS	1.308
GTEx_thyroid_donor_0599	INS	39.79
GTEx_thyroid_donor_0600	INS	0.3452
GTEx_thyroid_donor_0601	INS	0.8005
GTEx_thyroid_donor_0602	INS	0.0
GTEx_thyroid_donor_0603	INS	0.0
GTEx_thyroid_donor_0604	INS	0.2201
GTEx_thyroid_donor_0605	INS	0.273
GTEx_thyroid_donor_0606	INS	0.09152
GTEx_thyroid_donor_0607	INS	0.1766
GTEx_thyroid_donor_0608	INS	0.0
GTEx_thyroid_donor_0609	INS	0.0
GTEx_thyroid_donor_0610	INS	1.752
GTEx_thyroid_donor_0611	INS	0.8783
GTEx_thyroid_donor_0612	INS	0.4376
GTEx_thyroid_donor_0613	INS	0.7494
GTEx_thyroid_donor_0614	INS	0.0
GTEx_thyroid_donor_0615	INS	0.0
GTEx_thyroid_donor_0616	INS	0.0
GTEx_thyroid_donor_0617	INS	0.0
GTEx_thyroid_donor_0618	INS	0.6457
GTEx_thyroid_donor_0619	INS	0.2034
GTEx_thyroid_donor_0620	INS	0.0
GTEx_thyroid_donor_0621	INS	1.998
GTEx_thyroid_donor_0622	INS	0.8632
GTEx_thyroid_donor_0623	INS	0.6612
GTEx_thyroid_donor_0624	INS	0.6261
GTEx_thyroid_donor_0625	INS	0.5548
GTEx_thyroid_donor_0626	INS	1.023
GTEx_thyroid_donor_0627	INS	1.049
GTEx_thyroid_donor_0628	INS	0.2526
GTEx_thyroid_donor_0629	INS	0.2745
GTEx_thyroid_donor_0630	INS	0.06012
GTEx_thyroid_donor_0631	INS	0.0
GTEx_thyroid_donor_0632	INS	0.1434
GTEx_thyroid_donor_0633	INS	0.0
GTEx_thyroid_donor_0634	INS	0.7478
GTEx_thyroid_donor_0635	INS	0.5234
GTEx_thyroid_donor_0636	INS	0.3764
GTEx_thyroid_donor_0637	INS	0.0
GTEx_thyroid_donor_0638	INS	0.0
GTEx_thyroid_donor_0639	INS	0.1793
GTEx_thyroid_donor_0640	INS	0.1975
GTEx_thyroid_donor_0641	INS	0.7995
GTEx_thyroid_donor_0642	INS	0.0
GTEx_thyroid_donor_0643	INS	0.1304
GTEx_thyroid_donor_0644	INS	0.0
GTEx_thyroid_donor_0645	INS	0.0
GTEx_thyroid_donor_0646	INS	0.0
GTEx_thyroid_donor_0647	INS	0.0
GTEx_thyroid_donor_0648	INS	0.5937
GTEx_thyroid_donor_0649	INS	0.4935
GTEx_thyroid_donor_0650	INS	0.0
GTEx_thyroid_donor_0651	INS	0.0
GTEx_thyroid_donor_0652	INS	0.0
GTEx_thyroid_donor_0000	GAD2	0.0
GTEx_thyroid_donor_0001	GAD2	0.0
GTEx_thyroid_donor_0002	GAD2	0.0
GTEx_thyroid_donor_0003	GAD2	0.02448
GTEx_thyroid_donor_0004	GAD2	0.0
GTEx_thyroid_donor_0005	GAD2	0.0
GTEx_thyroid_donor_0006	GAD2	0.01952
GTEx_thyroid_donor_0007	GAD2	0.0
GTEx_thyroid_donor_0008	GAD2	0.02399
GTEx_thyroid_donor_0009	GAD2	0.0
GTEx_thyroid_donor_0010	GAD2	0.0
GTEx_thyroid_donor_0011	GAD2	0.0
GTEx_thyroid_donor_0012	GAD2	0.00918
GTEx_thyroid_donor_0013	GAD2	0.0
GTEx_thyroid_donor_0014	GAD2	0.0
GTEx_thyroid_donor_0015	GAD2	0.0
GTEx_thyroid_donor_0016	GAD2	0.0
GTEx_thyroid_donor_0017	GAD2	0.0
GTEx_thyroid_donor_0018	GAD2	0.01306
GTEx_thyroid_donor_0019	GAD2	0.0346
GTEx_thyroid_donor_0020	GAD2	0.0174
GTEx_thyroid_donor_0021	GAD2	0.01104
GTEx_thyroid_donor_0022	GAD2	0.0
GTEx_thyroid_donor_0023	GAD2	0.0
GTEx_thyroid_donor_0024	GAD2	0.01348
GTEx_thyroid_donor_0025	GAD2	0.01474
GTEx_thyroid_donor_0026	GAD2	0.0
GTEx_thyroid_donor_0027	GAD2	0.0
GTEx_thyroid_donor_0028	GAD2	0.0
GTEx_thyroid_donor_0029	GAD2	0.0
GTEx_thyroid_donor_0030	GAD2	0.0
GTEx_thyroid_donor_0031	GAD2	0.06624
GTEx_thyroid_donor_0032	GAD2	0.0
GTEx_thyroid_donor_0033	GAD2	0.02359
GTEx_thyroid_donor_0034	GAD2	0.0
GTEx_thyroid_donor_0035	GAD2	0.01073
GTEx_thyroid_donor_0036	GAD2	0.0248
GTEx_thyroid_donor_0037	GAD2	0.02013
GTEx_thyroid_donor_0038	GAD2	0.02451
GTEx_thyroid_donor_0039	GAD2	0.05625
GTEx_thyroid_donor_0040	GAD2	0.0
GTEx_thyroid_donor_0041	GAD2	0.01766
GTEx_thyroid_donor_0042	GAD2	0.0
GTEx_thyroid_donor_0043	GAD2	0.0089
GTEx_thyroid_donor_0044	GAD2	0.0
GTEx_thyroid_donor_0045	GAD2	0.0
GTEx_thyroid_donor_0046	GAD2	0.03613
GTEx_thyroid_donor_0047	GAD2	0.1342
GTEx_thyroid_donor_0048	GAD2	0.01557
GTEx_thyroid_donor_0049	GAD2	0.00808
GTEx_thyroid_donor_0050	GAD2	0.04747
GTEx_thyroid_donor_0051	GAD2	0.01052
GTEx_thyroid_donor_0052	GAD2	0.02295
GTEx_thyroid_donor_0053	GAD2	0.0
GTEx_thyroid_donor_0054	GAD2	0.0
GTEx_thyroid_donor_0055	GAD2	0.0
GTEx_thyroid_donor_0056	GAD2	0.00777
GTEx_thyroid_donor_0057	GAD2	0.0
GTEx_thyroid_donor_0058	GAD2	0.0
GTEx_thyroid_donor_0059	GAD2	0.0
GTEx_thyroid_donor_0060	GAD2	0.02011
GTEx_thyroid_donor_0061	GAD2	0.0
GTEx_thyroid_donor_0062	GAD2	0.0
GTEx_thyroid_donor_0063	GAD2	0.0
GTEx_thyroid_donor_0064	GAD2	0.02053
GTEx_thyroid_donor_0065	GAD2	0.0393
GTEx_thyroid_donor_0066	GAD2	0.0191
GTEx_thyroid_donor_0067	GAD2	0.01954
GTEx_thyroid_donor_0068	GAD2	0.00837
GTEx_thyroid_donor_0069	GAD2	0.1262
GTEx_thyroid_donor_0070	GAD2	0.00632
GTEx_thyroid_donor_0071	GAD2	0.02542
GTEx_thyroid_donor_0072	GAD2	0.01433
GTEx_thyroid_donor_0073	GAD2	0.0
GTEx_thyroid_donor_0074	GAD2	0.02363
GTEx_thyroid_donor_0075	GAD2	0.0
GTEx_thyroid_donor_0076	GAD2	0.01411
GTEx_thyroid_donor_0077	GAD2	0.00999
GTEx_thyroid_donor_0078	GAD2	0.03388
GTEx_thyroid_donor_0079	GAD2	0.0
GTEx_thyroid_donor_0080	GAD2	0.01673
GTEx_thyroid_donor_0081	GAD2	0.0
GTEx_thyroid_donor_0082	GAD2	0.01801
GTEx_thyroid_donor_0083	GAD2	0.1538
GTEx_thyroid_donor_0084	GAD2	0.0
GTEx_thyroid_donor_0085	GAD2	0.0
GTEx_thyroid_donor_0086	GAD2	0.03103
GTEx_thyroid_donor_0087	GAD2	0.0
GTEx_thyroid_donor_0088	GAD2	0.02842
GTEx_thyroid_donor_0089	GAD2	0.00683
GTEx_thyroid_donor_0090	GAD2	0.01615
GTEx_thyroid_donor_0091	GAD2	0.04791
GTEx_thyroid_donor_0092	GAD2	0.0573
GTEx_thyroid_donor_0093	GAD2	0.0
GTEx_thyroid_donor_0094	GAD2	0.0
GTEx_thyroid_donor_0095	GAD2	0.0237
GTEx_thyroid_donor_0096	GAD2	0.0
GTEx_thyroid_donor_0097	GAD2	0.01335
GTEx_thyroid_donor_0098	GAD2	0.0
GTEx_thyroid_donor_0099	GAD2	0.01301
GTEx_thyroid_donor_0100	GAD2	0.01679
GTEx_thyroid_donor_0101	GAD2	0.027
GTEx_thyroid_donor_0102	GAD2	0.0
GTEx_thyroid_donor_0103	GAD2	0.0
GTEx_thyroid_donor_0104	GAD2	0.00661
GTEx_thyroid_donor_0105	GAD2	0.01859
GTEx_thyroid_donor_0106	GAD2	0.0846
GTEx_thyroid_donor_0107	GAD2	0.0
GTEx_thyroid_donor_0108	GAD2	0.04357
GTEx_thyroid_donor_0109	GAD2	0.0
GTEx_thyroid_donor_0110	GAD2	0.0
GTEx_thyroid_donor_0111	GAD2	0.0
GTEx_thyroid_donor_0112	GAD2	0.0
GTEx_thyroid_donor_0113	GAD2	0.03969
GTEx_thyroid_donor_0114	GAD2	0.07951
GTEx_thyroid_donor_0115	GAD2	0.09137
GTEx_thyroid_donor_0116	GAD2	0.0
GTEx_thyroid_donor_0117	GAD2	0.03443
GTEx_thyroid_donor_0118	GAD2	0.04534
GTEx_thyroid_donor_0119	GAD2	0.07413
GTEx_thyroid_donor_0120	GAD2	0.01398
GTEx_thyroid_donor_0121	GAD2	0.0
GTEx_thyroid_donor_0122	GAD2	0.0
GTEx_thyroid_donor_0123	GAD2	0.0
GTEx_thyroid_donor_0124	GAD2	0.03486
GTEx_thyroid_donor_0125	GAD2	0.0
GTEx_thyroid_donor_0126	GAD2	0.0
GTEx_thyroid_donor_0127	GAD2	0.02063
GTEx_thyroid_donor_0128	GAD2	0.01937
GTEx_thyroid_donor_0129	GAD2	0.0
GTEx_thyroid_donor_0130	GAD2	0.0
GTEx_thyroid_donor_0131	GAD2	0.0
GTEx_thyroid_donor_0132	GAD2	0.01815
GTEx_thyroid_donor_0133	GAD2	0.03862
GTEx_thyroid_donor_0134	GAD2	0.0
GTEx_thyroid_donor_0135	GAD2	0.0
GTEx_thyroid_donor_0136	GAD2	0.02165
GTEx_thyroid_donor_0137	GAD2	0.01362
GTEx_thyroid_donor_0138	GAD2	0.0164
GTEx_thyroid_donor_0139	GAD2	0.0458
GTEx_thyroid_donor_0140	GAD2	0.01139
GTEx_thyroid_donor_0141	GAD2	0.02071
GTEx_thyroid_donor_0142	GAD2	0.0
GTEx_thyroid_donor_0143	GAD2	0.0
GTEx_thyroid_donor_0144	GAD2	0.0
GTEx_thyroid_donor_0145	GAD2	0.04229
GTEx_thyroid_donor_0146	GAD2	0.01866
GTEx_thyroid_donor_0147	GAD2	0.01891
GTEx_thyroid_donor_0148	GAD2	0.0
GTEx_thyroid_donor_0149	GAD2	0.00843
GTEx_thyroid_donor_0150	GAD2	0.04115
GTEx_thyroid_donor_0151	GAD2	0.00843
GTEx_thyroid_donor_0152	GAD2	0.03485
GTEx_thyroid_donor_0153	GAD2	0.0
GTEx_thyroid_donor_0154	GAD2	0.0
GTEx_thyroid_donor_0155	GAD2	0.0
GTEx_thyroid_donor_0156	GAD2	0.03016
GTEx_thyroid_donor_0157	GAD2	0.0
GTEx_thyroid_donor_0158	GAD2	0.01073
GTEx_thyroid_donor_0159	GAD2	0.01708
GTEx_thyroid_donor_0160	GAD2	0.0
GTEx_thyroid_donor_0161	GAD2	0.05753
GTEx_thyroid_donor_0162	GAD2	0.0
GTEx_thyroid_donor_0163	GAD2	0.0
GTEx_thyroid_donor_0164	GAD2	0.0
GTEx_thyroid_donor_0165	GAD2	0.0
GTEx_thyroid_donor_0166	GAD2	0.0
GTEx_thyroid_donor_0167	GAD2	0.03067
GTEx_thyroid_donor_0168	GAD2	0.01563
GTEx_thyroid_donor_0169	GAD2	0.0
GTEx_thyroid_donor_0170	GAD2	0.00554
GTEx_thyroid_donor_0171	GAD2	0.0
GTEx_thyroid_donor_0172	GAD2	0.01852
GTEx_thyroid_donor_0173	GAD2	0.02226
GTEx_thyroid_donor_0174	GAD2	0.0
GTEx_thyroid_donor_0175	GAD2	0.0
GTEx_thyroid_donor_0176	GAD2	0.0
GTEx_thyroid_donor_0177	GAD2	0.01357
GTEx_thyroid_donor_0178	GAD2	0.0
GTEx_thyroid_donor_0179	GAD2	0.0
GTEx_thyroid_donor_0180	GAD2	0.03349
GTEx_thyroid_donor_0181	GAD2	0.0
GTEx_thyroid_donor_0182	GAD2	0.01343
GTEx_thyroid_donor_0183	GAD2	0.0
GTEx_thyroid_donor_0184	GAD2	0.02151
GTEx_thyroid_donor_0185	GAD2	0.01746
GTEx_thyroid_donor_0186	GAD2	0.01059
GTEx_thyroid_donor_0187	GAD2	0.0
GTEx_thyroid_donor_0188	GAD2	0.0
GTEx_thyroid_donor_0189	GAD2	0.0
GTEx_thyroid_donor_0190	GAD2	0.0
GTEx_thyroid_donor_0191	GAD2	0.01195
GTEx_thyroid_donor_0192	GAD2	0.0
GTEx_thyroid_donor_0193	GAD2	0.01316
GTEx_thyroid_donor_0194	GAD2	0.01061
GTEx_thyroid_donor_0195	GAD2	0.03832
GTEx_thyroid_donor_0196	GAD2	0.0
GTEx_thyroid_donor_0197	GAD2	0.02044
GTEx_thyroid_donor_0198	GAD2	0.0
GTEx_thyroid_donor_0199	GAD2	0.0187
GTEx_thyroid_donor_0200	GAD2	0.00931
GTEx_thyroid_donor_0201	GAD2	0.04151
GTEx_thyroid_donor_0202	GAD2	0.0
GTEx_thyroid_donor_0203	GAD2	0.06355
GTEx_thyroid_donor_0204	GAD2	0.00903
GTEx_thyroid_donor_0205	GAD2	0.0
GTEx_thyroid_donor_0206	GAD2	0.0
GTEx_thyroid_donor_0207	GAD2	0.04362
GTEx_thyroid_donor_0208	GAD2	0.01418
GTEx_thyroid_donor_0209	GAD2	0.0
GTEx_thyroid_donor_0210	GAD2	0.0
GTEx_thyroid_donor_0211	GAD2	0.05231
GTEx_thyroid_donor_0212	GAD2	0.03946
GTEx_thyroid_donor_0213	GAD2	0.03455
GTEx_thyroid_donor_0214	GAD2	0.0
GTEx_thyroid_donor_0215	GAD2	0.01644
GTEx_thyroid_donor_0216	GAD2	0.0
GTEx_thyroid_donor_0217	GAD2	0.02078
GTEx_thyroid_donor_0218	GAD2	0.2355
GTEx_thyroid_donor_0219	GAD2	0.0
GTEx_thyroid_donor_0220	GAD2	0.0
GTEx_thyroid_donor_0221	GAD2	0.0
GTEx_thyroid_donor_0222	GAD2	0.01105
GTEx_thyroid_donor_0223	GAD2	0.0
GTEx_thyroid_donor_0224	GAD2	0.02076
GTEx_thyroid_donor_0225	GAD2	0.02704
GTEx_thyroid_donor_0226	GAD2	0.0
GTEx_thyroid_donor_0227	GAD2	0.0
GTEx_thyroid_donor_0228	GAD2	0.0
GTEx_thyroid_donor_0229	GAD2	0.02447
GTEx_thyroid_donor_0230	GAD2	0.0
GTEx_thyroid_donor_0231	GAD2	0.02622
GTEx_thyroid_donor_0232	GAD2	0.0157
GTEx_thyroid_donor_0233	GAD2	0.08221
GTEx_thyroid_donor_0234	GAD2	0.01203
GTEx_thyroid_donor_0235	GAD2	0.09607
GTEx_thyroid_donor_0236	GAD2	0.0
GTEx_thyroid_donor_0237	GAD2	0.0
GTEx_thyroid_donor_0238	GAD2	0.0
GTEx_thyroid_donor_0239	GAD2	0.01183
GTEx_thyroid_donor_0240	GAD2	0.0
GTEx_thyroid_donor_0241	GAD2	0.0
GTEx_thyroid_donor_0242	GAD2	0.04395
GTEx_thyroid_donor_0243	GAD2	0.0
GTEx_thyroid_donor_0244	GAD2	0.0
GTEx_thyroid_donor_0245	GAD2	0.02679
GTEx_thyroid_donor_0246	GAD2	0.0
GTEx_thyroid_donor_0247	GAD2	0.01548
GTEx_thyroid_donor_0248	GAD2	0.0
GTEx_thyroid_donor_0249	GAD2	0.0
GTEx_thyroid_donor_0250	GAD2	0.0
GTEx_thyroid_donor_0251	GAD2	0.00708
GTEx_thyroid_donor_0252	GAD2	0.02911
GTEx_thyroid_donor_0253	GAD2	0.0
GTEx_thyroid_donor_0254	GAD2	0.0
GTEx_thyroid_donor_0255	GAD2	0.0
GTEx_thyroid_donor_0256	GAD2	0.0
GTEx_thyroid_donor_0257	GAD2	0.00953
GTEx_thyroid_donor_0258	GAD2	0.0
GTEx_thyroid_donor_0259	GAD2	0.1416
GTEx_thyroid_donor_0260	GAD2	0.00745
GTEx_thyroid_donor_0261	GAD2	0.0
GTEx_thyroid_donor_0262	GAD2	0.0
GTEx_thyroid_donor_0263	GAD2	0.02379
GTEx_thyroid_donor_0264	GAD2	0.03072
GTEx_thyroid_donor_0265	GAD2	0.0399
GTEx_thyroid_donor_0266	GAD2	0.0
GTEx_thyroid_donor_0267	GAD2	0.0
GTEx_thyroid_donor_0268	GAD2	0.00601
GTEx_thyroid_donor_0269	GAD2	0.0
GTEx_thyroid_donor_0270	GAD2	0.02255
GTEx_thyroid_donor_0271	GAD2	0.00752
GTEx_thyroid_donor_0272	GAD2	0.01176
GTEx_thyroid_donor_0273	GAD2	0.0
GTEx_thyroid_donor_0274	GAD2	0.01287
GTEx_thyroid_donor_0275	GAD2	0.01257
GTEx_thyroid_donor_0276	GAD2	0.00478
GTEx_thyroid_donor_0277	GAD2	0.00532
GTEx_thyroid_donor_0278	GAD2	0.0
GTEx_thyroid_donor_0279	GAD2	0.0198
GTEx_thyroid_donor_0280	GAD2	0.0
GTEx_thyroid_donor_0281	GAD2	0.01485
GTEx_thyroid_donor_0282	GAD2	0.01845
GTEx_thyroid_donor_0283	GAD2	0.00522
GTEx_thyroid_donor_0284	GAD2	0.04789
GTEx_thyroid_donor_0285	GAD2	0.01563
GTEx_thyroid_donor_0286	GAD2	0.03437
GTEx_thyroid_donor_0287	GAD2	0.0
GTEx_thyroid_donor_0288	GAD2	0.0093
GTEx_thyroid_donor_0289	GAD2	0.03431
GTEx_thyroid_donor_0290	GAD2	0.0
GTEx_thyroid_donor_0291	GAD2	0.01435
GTEx_thyroid_donor_0292	GAD2	0.05531
GTEx_thyroid_donor_0293	GAD2	0.03201
GTEx_thyroid_donor_0294	GAD2	0.0
GTEx_thyroid_donor_0295	GAD2	0.0
GTEx_thyroid_donor_0296	GAD2	0.03246
GTEx_thyroid_donor_0297	GAD2	0.01771
GTEx_thyroid_donor_0298	GAD2	0.01945
GTEx_thyroid_donor_0299	GAD2	0.03942
GTEx_thyroid_donor_0300	GAD2	0.04243
GTEx_thyroid_donor_0301	GAD2	0.0
GTEx_thyroid_donor_0302	GAD2	0.01813
GTEx_thyroid_donor_0303	GAD2	0.07279
GTEx_thyroid_donor_0304	GAD2	0.01252
GTEx_thyroid_donor_0305	GAD2	0.01773
GTEx_thyroid_donor_0306	GAD2	0.0
GTEx_thyroid_donor_0307	GAD2	0.0
GTEx_thyroid_donor_0308	GAD2	0.01342
GTEx_thyroid_donor_0309	GAD2	0.0
GTEx_thyroid_donor_0310	GAD2	0.01463
GTEx_thyroid_donor_0311	GAD2	0.0
GTEx_thyroid_donor_0312	GAD2	0.04518
GTEx_thyroid_donor_0313	GAD2	0.02214
GTEx_thyroid_donor_0314	GAD2	0.01896
GTEx_thyroid_donor_0315	GAD2	0.06764
GTEx_thyroid_donor_0316	GAD2	0.0122
GTEx_thyroid_donor_0317	GAD2	0.00907
GTEx_thyroid_donor_0318	GAD2	0.01086
GTEx_thyroid_donor_0319	GAD2	0.01881
GTEx_thyroid_donor_0320	GAD2	0.02372
GTEx_thyroid_donor_0321	GAD2	0.2071
GTEx_thyroid_donor_0322	GAD2	0.1021
GTEx_thyroid_donor_0323	GAD2	0.0
GTEx_thyroid_donor_0324	GAD2	0.01435
GTEx_thyroid_donor_0325	GAD2	0.08377
GTEx_thyroid_donor_0326	GAD2	0.0
GTEx_thyroid_donor_0327	GAD2	0.0
GTEx_thyroid_donor_0328	GAD2	0.0
GTEx_thyroid_donor_0329	GAD2	0.01403
GTEx_thyroid_donor_0330	GAD2	0.0
GTEx_thyroid_donor_0331	GAD2	0.0
GTEx_thyroid_donor_0332	GAD2	0.0
GTEx_thyroid_donor_0333	GAD2	0.0
GTEx_thyroid_donor_0334	GAD2	0.0
GTEx_thyroid_donor_0335	GAD2	0.01532
GTEx_thyroid_donor_0336	GAD2	0.04299
GTEx_thyroid_donor_0337	GAD2	0.0
GTEx_thyroid_donor_0338	GAD2	0.0197
GTEx_thyroid_donor_0339	GAD2	0.0
GTEx_thyroid_donor_0340	GAD2	0.0
GTEx_thyroid_donor_0341	GAD2	0.2017
GTEx_thyroid_donor_0342	GAD2	0.00379
GTEx_thyroid_donor_0343	GAD2	0.1854
GTEx_thyroid_donor_0344	GAD2	0.01602
GTEx_thyroid_donor_0345	GAD2	0.0669
GTEx_thyroid_donor_0346	GAD2	0.0
GTEx_thyroid_donor_0347	GAD2	0.0
GTEx_thyroid_donor_0348	GAD2	0.0
GTEx_thyroid_donor_0349	GAD2	0.01625
GTEx_thyroid_donor_0350	GAD2	0.0
GTEx_thyroid_donor_0351	GAD2	0.02098
GTEx_thyroid_donor_0352	GAD2	0.01192
GTEx_thyroid_donor_0353	GAD2	0.0
GTEx_thyroid_donor_0354	GAD2	0.0509
GTEx_thyroid_donor_0355	GAD2	0.0
GTEx_thyroid_donor_0356	GAD2	0.0
GTEx_thyroid_donor_0357	GAD2	0.0
GTEx_thyroid_donor_0358	GAD2	0.0
GTEx_thyroid_donor_0359	GAD2	0.0
GTEx_thyroid_donor_0360	GAD2	0.02765
GTEx_thyroid_donor_0361	GAD2	0.0
GTEx_thyroid_donor_0362	GAD2	0.0
GTEx_thyroid_donor_0363	GAD2	0.0
GTEx_thyroid_donor_0364	GAD2	0.01773
GTEx_thyroid_donor_0365	GAD2	0.284
GTEx_thyroid_donor_0366	GAD2	0.01153
GTEx_thyroid_donor_0367	GAD2	0.07235
GTEx_thyroid_donor_0368	GAD2	0.01695
GTEx_thyroid_donor_0369	GAD2	0.0
GTEx_thyroid_donor_0370	GAD2	0.01528
GTEx_thyroid_donor_0371	GAD2	0.01495
GTEx_thyroid_donor_0372	GAD2	0.01277
GTEx_thyroid_donor_0373	GAD2	0.0
GTEx_thyroid_donor_0374	GAD2	0.02715
GTEx_thyroid_donor_0375	GAD2	0.03239
GTEx_thyroid_donor_0376	GAD2	0.1565
GTEx_thyroid_donor_0377	GAD2	0.04178
GTEx_thyroid_donor_0378	GAD2	0.0
GTEx_thyroid_donor_0379	GAD2	0.0
GTEx_thyroid_donor_0380	GAD2	0.0
GTEx_thyroid_donor_0381	GAD2	0.01677
GTEx_thyroid_donor_0382	GAD2	0.0059
GTEx_thyroid_donor_0383	GAD2	0.0
GTEx_thyroid_donor_0384	GAD2	0.0
GTEx_thyroid_donor_0385	GAD2	0.0
GTEx_thyroid_donor_0386	GAD2	0.0
GTEx_thyroid_donor_0387	GAD2	0.0
GTEx_thyroid_donor_0388	GAD2	0.00671
GTEx_thyroid_donor_0389	GAD2	0.0
GTEx_thyroid_donor_0390	GAD2	0.0
GTEx_thyroid_donor_0391	GAD2	0.01533
GTEx_thyroid_donor_0392	GAD2	0.0
GTEx_thyroid_donor_0393	GAD2	0.04819
GTEx_thyroid_donor_0394	GAD2	0.0
GTEx_thyroid_donor_0395	GAD2	0.0
GTEx_thyroid_donor_0396	GAD2	0.015
GTEx_thyroid_donor_0397	GAD2	0.01375
GTEx_thyroid_donor_0398	GAD2	0.0
GTEx_thyroid_donor_0399	GAD2	0.0
GTEx_thyroid_donor_0400	GAD2	0.0
GTEx_thyroid_donor_0401	GAD2	0.0
GTEx_thyroid_donor_0402	GAD2	0.0
GTEx_thyroid_donor_0403	GAD2	0.0
GTEx_thyroid_donor_0404	GAD2	0.01158
GTEx_thyroid_donor_0405	GAD2	0.01231
GTEx_thyroid_donor_0406	GAD2	0.00976
GTEx_thyroid_donor_0407	GAD2	0.0
GTEx_thyroid_donor_0408	GAD2	0.0
GTEx_thyroid_donor_0409	GAD2	0.00597
GTEx_thyroid_donor_0410	GAD2	0.0
GTEx_thyroid_donor_0411	GAD2	0.0
GTEx_thyroid_donor_0412	GAD2	0.01215
GTEx_thyroid_donor_0413	GAD2	0.02647
GTEx_thyroid_donor_0414	GAD2	0.0
GTEx_thyroid_donor_0415	GAD2	0.0
GTEx_thyroid_donor_0416	GAD2	0.0
GTEx_thyroid_donor_0417	GAD2	0.0
GTEx_thyroid_donor_0418	GAD2	0.0
GTEx_thyroid_donor_0419	GAD2	0.0
GTEx_thyroid_donor_0420	GAD2	0.0
GTEx_thyroid_donor_0421	GAD2	0.0
GTEx_thyroid_donor_0422	GAD2	0.0
GTEx_thyroid_donor_0423	GAD2	0.03839
GTEx_thyroid_donor_0424	GAD2	0.0
GTEx_thyroid_donor_0425	GAD2	0.0
GTEx_thyroid_donor_0426	GAD2	0.0
GTEx_thyroid_donor_0427	GAD2	0.00641
GTEx_thyroid_donor_0428	GAD2	0.0
GTEx_thyroid_donor_0429	GAD2	0.0
GTEx_thyroid_donor_0430	GAD2	0.0
GTEx_thyroid_donor_0431	GAD2	0.0
GTEx_thyroid_donor_0432	GAD2	0.0
GTEx_thyroid_donor_0433	GAD2	0.0
GTEx_thyroid_donor_0434	GAD2	0.0
GTEx_thyroid_donor_0435	GAD2	0.0
GTEx_thyroid_donor_0436	GAD2	0.0
GTEx_thyroid_donor_0437	GAD2	0.0
GTEx_thyroid_donor_0438	GAD2	0.0
GTEx_thyroid_donor_0439	GAD2	0.06656
GTEx_thyroid_donor_0440	GAD2	0.0
GTEx_thyroid_donor_0441	GAD2	0.0
GTEx_thyroid_donor_0442	GAD2	0.02778
GTEx_thyroid_donor_0443	GAD2	0.01173
GTEx_thyroid_donor_0444	GAD2	0.0
GTEx_thyroid_donor_0445	GAD2	0.05561
GTEx_thyroid_donor_0446	GAD2	0.0
GTEx_thyroid_donor_0447	GAD2	0.0
GTEx_thyroid_donor_0448	GAD2	0.0
GTEx_thyroid_donor_0449	GAD2	0.0
GTEx_thyroid_donor_0450	GAD2	0.0
GTEx_thyroid_donor_0451	GAD2	0.0
GTEx_thyroid_donor_0452	GAD2	0.0
GTEx_thyroid_donor_0453	GAD2	0.0
GTEx_thyroid_donor_0454	GAD2	0.0
GTEx_thyroid_donor_0455	GAD2	0.0
GTEx_thyroid_donor_0456	GAD2	0.01229
GTEx_thyroid_donor_0457	GAD2	0.0
GTEx_thyroid_donor_0458	GAD2	0.0
GTEx_thyroid_donor_0459	GAD2	0.0
GTEx_thyroid_donor_0460	GAD2	0.0
GTEx_thyroid_donor_0461	GAD2	0.0
GTEx_thyroid_donor_0462	GAD2	0.01281
GTEx_thyroid_donor_0463	GAD2	0.0
GTEx_thyroid_donor_0464	GAD2	0.0
GTEx_thyroid_donor_0465	GAD2	0.0
GTEx_thyroid_donor_0466	GAD2	0.0
GTEx_thyroid_donor_0467	GAD2	0.05162
GTEx_thyroid_donor_0468	GAD2	0.08818
GTEx_thyroid_donor_0469	GAD2	0.0
GTEx_thyroid_donor_0470	GAD2	0.02393
GTEx_thyroid_donor_0471	GAD2	0.1438
GTEx_thyroid_donor_0472	GAD2	0.0
GTEx_thyroid_donor_0473	GAD2	0.00957
GTEx_thyroid_donor_0474	GAD2	0.01986
GTEx_thyroid_donor_0475	GAD2	0.03414
GTEx_thyroid_donor_0476	GAD2	0.1294
GTEx_thyroid_donor_0477	GAD2	0.01309
GTEx_thyroid_donor_0478	GAD2	0.03078
GTEx_thyroid_donor_0479	GAD2	0.0
GTEx_thyroid_donor_0480	GAD2	0.0
GTEx_thyroid_donor_0481	GAD2	0.0
GTEx_thyroid_donor_0482	GAD2	0.00742
GTEx_thyroid_donor_0483	GAD2	0.04403
GTEx_thyroid_donor_0484	GAD2	0.04245
GTEx_thyroid_donor_0485	GAD2	0.0
GTEx_thyroid_donor_0486	GAD2	0.04195
GTEx_thyroid_donor_0487	GAD2	0.04705
GTEx_thyroid_donor_0488	GAD2	0.2523
GTEx_thyroid_donor_0489	GAD2	0.0999
GTEx_thyroid_donor_0490	GAD2	0.125
GTEx_thyroid_donor_0491	GAD2	0.1178
GTEx_thyroid_donor_0492	GAD2	0.08813
GTEx_thyroid_donor_0493	GAD2	0.03133
GTEx_thyroid_donor_0494	GAD2	0.04437
GTEx_thyroid_donor_0495	GAD2	0.1198
GTEx_thyroid_donor_0496	GAD2	0.0
GTEx_thyroid_donor_0497	GAD2	0.02029
GTEx_thyroid_donor_0498	GAD2	0.03689
GTEx_thyroid_donor_0499	GAD2	0.01558
GTEx_thyroid_donor_0500	GAD2	0.04251
GTEx_thyroid_donor_0501	GAD2	0.0
GTEx_thyroid_donor_0502	GAD2	0.0
GTEx_thyroid_donor_0503	GAD2	0.04061
GTEx_thyroid_donor_0504	GAD2	0.05069
GTEx_thyroid_donor_0505	GAD2	0.07086
GTEx_thyroid_donor_0506	GAD2	0.03565
GTEx_thyroid_donor_0507	GAD2	0.01099
GTEx_thyroid_donor_0508	GAD2	0.04195
GTEx_thyroid_donor_0509	GAD2	0.07693
GTEx_thyroid_donor_0510	GAD2	0.03041
GTEx_thyroid_donor_0511	GAD2	0.0193
GTEx_thyroid_donor_0512	GAD2	0.09702
GTEx_thyroid_donor_0513	GAD2	0.0148
GTEx_thyroid_donor_0514	GAD2	0.03688
GTEx_thyroid_donor_0515	GAD2	0.01464
GTEx_thyroid_donor_0516	GAD2	0.05856
GTEx_thyroid_donor_0517	GAD2	0.09116
GTEx_thyroid_donor_0518	GAD2	0.07521
GTEx_thyroid_donor_0519	GAD2	0.0
GTEx_thyroid_donor_0520	GAD2	0.0
GTEx_thyroid_donor_0521	GAD2	0.01677
GTEx_thyroid_donor_0522	GAD2	0.01521
GTEx_thyroid_donor_0523	GAD2	0.01227
GTEx_thyroid_donor_0524	GAD2	0.1175
GTEx_thyroid_donor_0525	GAD2	0.0
GTEx_thyroid_donor_0526	GAD2	0.0
GTEx_thyroid_donor_0527	GAD2	0.03379
GTEx_thyroid_donor_0528	GAD2	0.02445
GTEx_thyroid_donor_0529	GAD2	0.0
GTEx_thyroid_donor_0530	GAD2	0.2188
GTEx_thyroid_donor_0531	GAD2	0.191
GTEx_thyroid_donor_0532	GAD2	0.1392
GTEx_thyroid_donor_0533	GAD2	0.02974
GTEx_thyroid_donor_0534	GAD2	0.06119
GTEx_thyroid_donor_0535	GAD2	0.07371
GTEx_thyroid_donor_0536	GAD2	0.00679
GTEx_thyroid_donor_0537	GAD2	0.0
GTEx_thyroid_donor_0538	GAD2	0.00407
GTEx_thyroid_donor_0539	GAD2	0.03693
GTEx_thyroid_donor_0540	GAD2	0.3154
GTEx_thyroid_donor_0541	GAD2	0.0
GTEx_thyroid_donor_0542	GAD2	0.0559
GTEx_thyroid_donor_0543	GAD2	0.0
GTEx_thyroid_donor_0544	GAD2	0.0
GTEx_thyroid_donor_0545	GAD2	0.01888
GTEx_thyroid_donor_0546	GAD2	0.1552
GTEx_thyroid_donor_0547	GAD2	0.0
GTEx_thyroid_donor_0548	GAD2	0.0044
GTEx_thyroid_donor_0549	GAD2	0.03424
GTEx_thyroid_donor_0550	GAD2	0.01465
GTEx_thyroid_donor_0551	GAD2	0.0
GTEx_thyroid_donor_0552	GAD2	0.0
GTEx_thyroid_donor_0553	GAD2	0.0
GTEx_thyroid_donor_0554	GAD2	0.0062
GTEx_thyroid_donor_0555	GAD2	0.0
GTEx_thyroid_donor_0556	GAD2	0.0
GTEx_thyroid_donor_0557	GAD2	0.02396
GTEx_thyroid_donor_0558	GAD2	0.0
GTEx_thyroid_donor_0559	GAD2	0.03885
GTEx_thyroid_donor_0560	GAD2	0.00902
GTEx_thyroid_donor_0561	GAD2	0.02699
GTEx_thyroid_donor_0562	GAD2	0.02325
GTEx_thyroid_donor_0563	GAD2	0.0
GTEx_thyroid_donor_0564	GAD2	0.06142
GTEx_thyroid_donor_0565	GAD2	0.02228
GTEx_thyroid_donor_0566	GAD2	0.0172
GTEx_thyroid_donor_0567	GAD2	0.04782
GTEx_thyroid_donor_0568	GAD2	0.005
GTEx_thyroid_donor_0569	GAD2	0.00634
GTEx_thyroid_donor_0570	GAD2	0.0
GTEx_thyroid_donor_0571	GAD2	0.03407
GTEx_thyroid_donor_0572	GAD2	0.01916
GTEx_thyroid_donor_0573	GAD2	0.03141
GTEx_thyroid_donor_0574	GAD2	0.0
GTEx_thyroid_donor_0575	GAD2	0.04346
GTEx_thyroid_donor_0576	GAD2	0.0155
GTEx_thyroid_donor_0577	GAD2	0.03812
GTEx_thyroid_donor_0578	GAD2	0.0
GTEx_thyroid_donor_0579	GAD2	0.0
GTEx_thyroid_donor_0580	GAD2	0.02162
GTEx_thyroid_donor_0581	GAD2	0.04594
GTEx_thyroid_donor_0582	GAD2	0.01898
GTEx_thyroid_donor_0583	GAD2	0.01663
GTEx_thyroid_donor_0584	GAD2	0.0
GTEx_thyroid_donor_0585	GAD2	0.0
GTEx_thyroid_donor_0586	GAD2	0.0
GTEx_thyroid_donor_0587	GAD2	0.0
GTEx_thyroid_donor_0588	GAD2	0.01775
GTEx_thyroid_donor_0589	GAD2	0.0
GTEx_thyroid_donor_0590	GAD2	0.0
GTEx_thyroid_donor_0591	GAD2	0.0
GTEx_thyroid_donor_0592	GAD2	0.00948
GTEx_thyroid_donor_0593	GAD2	0.00566
GTEx_thyroid_donor_0594	GAD2	0.0
GTEx_thyroid_donor_0595	GAD2	0.0
GTEx_thyroid_donor_0596	GAD2	0.0
GTEx_thyroid_donor_0597	GAD2	0.01778
GTEx_thyroid_donor_0598	GAD2	0.0
GTEx_thyroid_donor_0599	GAD2	0.01205
GTEx_thyroid_donor_0600	GAD2	0.00671
GTEx_thyroid_donor_0601	GAD2	0.0
GTEx_thyroid_donor_0602	GAD2	0.00879
GTEx_thyroid_donor_0603	GAD2	0.0
GTEx_thyroid_donor_0604	GAD2	0.01853
GTEx_thyroid_donor_0605	GAD2	0.0
GTEx_thyroid_donor_0606	GAD2	0.01156
GTEx_thyroid_donor_0607	GAD2	0.0
GTEx_thyroid_donor_0608	GAD2	0.0
GTEx_thyroid_donor_0609	GAD2	0.02401
GTEx_thyroid_donor_0610	GAD2	0.02603
GTEx_thyroid_donor_0611	GAD2	0.03328
GTEx_thyroid_donor_0612	GAD2	0.01842
GTEx_thyroid_donor_0613	GAD2	0.0
GTEx_thyroid_donor_0614	GAD2	0.01356
GTEx_thyroid_donor_0615	GAD2	0.0
GTEx_thyroid_donor_0616	GAD2	0.00737
GTEx_thyroid_donor_0617	GAD2	0.1171
GTEx_thyroid_donor_0618	GAD2	0.0
GTEx_thyroid_donor_0619	GAD2	0.01285
GTEx_thyroid_donor_0620	GAD2	0.1538
GTEx_thyroid_donor_0621	GAD2	0.03028
GTEx_thyroid_donor_0622	GAD2	0.03354
GTEx_thyroid_donor_0623	GAD2	0.0
GTEx_thyroid_donor_0624	GAD2	0.0
GTEx_thyroid_donor_0625	GAD2	0.01401
GTEx_thyroid_donor_0626	GAD2	0.01361
GTEx_thyroid_donor_0627	GAD2	0.00662
GTEx_thyroid_donor_0628	GAD2	0.00638
GTEx_thyroid_donor_0629	GAD2	0.02427
GTEx_thyroid_donor_0630	GAD2	0.00759
GTEx_thyroid_donor_0631	GAD2	0.02911
GTEx_thyroid_donor_0632	GAD2	0.0
GTEx_thyroid_donor_0633	GAD2	0.0
GTEx_thyroid_donor_0634	GAD2	0.0
GTEx_thyroid_donor_0635	GAD2	0.01653
GTEx_thyroid_donor_0636	GAD2	0.02377
GTEx_thyroid_donor_0637	GAD2	0.02977
GTEx_thyroid_donor_0638	GAD2	0.07415
GTEx_thyroid_donor_0639	GAD2	0.0
GTEx_thyroid_donor_0640	GAD2	0.00832
GTEx_thyroid_donor_0641	GAD2	0.0
GTEx_thyroid_donor_0642	GAD2	0.04121
GTEx_thyroid_donor_0643	GAD2	0.0
GTEx_thyroid_donor_0644	GAD2	0.0
GTEx_thyroid_donor_0645	GAD2	0.0
GTEx_thyroid_donor_0646	GAD2	0.0
GTEx_thyroid_donor_0647	GAD2	0.0
GTEx_thyroid_donor_0648	GAD2	0.01071
GTEx_thyroid_donor_0649	GAD2	0.0
GTEx_thyroid_donor_0650	GAD2	0.02915
GTEx_thyroid_donor_0651	GAD2	0.0
GTEx_thyroid_donor_0652	GAD2	0.01712
GTEx_thyroid_donor_0000	MOG	0.04289
GTEx_thyroid_donor_0001	MOG	0.03451
GTEx_thyroid_donor_0002	MOG	0.01405
GTEx_thyroid_donor_0003	MOG	0.0
GTEx_thyroid_donor_0004	MOG	0.0
GTEx_thyroid_donor_0005	MOG	0.04471
GTEx_thyroid_donor_0006	MOG	0.2125
GTEx_thyroid_donor_0007	MOG	0.07463
GTEx_thyroid_donor_0008	MOG	0.02611
GTEx_thyroid_donor_0009	MOG	0.03469
GTEx_thyroid_donor_0010	MOG	0.04543
GTEx_thyroid_donor_0011	MOG	0.0
GTEx_thyroid_donor_0012	MOG	0.05996
GTEx_thyroid_donor_0013	MOG	0.1519
GTEx_thyroid_donor_0014	MOG	0.02382
GTEx_thyroid_donor_0015	MOG	0.01559
GTEx_thyroid_donor_0016	MOG	0.04812
GTEx_thyroid_donor_0017	MOG	0.07936
GTEx_thyroid_donor_0018	MOG	0.0711
GTEx_thyroid_donor_0019	MOG	0.1055
GTEx_thyroid_donor_0020	MOG	0.01894
GTEx_thyroid_donor_0021	MOG	0.02403
GTEx_thyroid_donor_0022	MOG	0.05928
GTEx_thyroid_donor_0023	MOG	0.04369
GTEx_thyroid_donor_0024	MOG	0.05871
GTEx_thyroid_donor_0025	MOG	0.0
GTEx_thyroid_donor_0026	MOG	0.0
GTEx_thyroid_donor_0027	MOG	0.01881
GTEx_thyroid_donor_0028	MOG	0.1019
GTEx_thyroid_donor_0029	MOG	0.04455
GTEx_thyroid_donor_0030	MOG	0.2007
GTEx_thyroid_donor_0031	MOG	0.2472
GTEx_thyroid_donor_0032	MOG	0.02085
GTEx_thyroid_donor_0033	MOG	0.0
GTEx_thyroid_donor_0034	MOG	0.3794
GTEx_thyroid_donor_0035	MOG	0.07011
GTEx_thyroid_donor_0036	MOG	0.0324
GTEx_thyroid_donor_0037	MOG	0.08767
GTEx_thyroid_donor_0038	MOG	0.2135
GTEx_thyroid_donor_0039	MOG	0.1225
GTEx_thyroid_donor_0040	MOG	0.06023
GTEx_thyroid_donor_0041	MOG	0.0769
GTEx_thyroid_donor_0042	MOG	0.06755
GTEx_thyroid_donor_0043	MOG	0.0
GTEx_thyroid_donor_0044	MOG	0.01797
GTEx_thyroid_donor_0045	MOG	0.07652
GTEx_thyroid_donor_0046	MOG	0.09833
GTEx_thyroid_donor_0047	MOG	0.04871
GTEx_thyroid_donor_0048	MOG	0.1356
GTEx_thyroid_donor_0049	MOG	0.1408
GTEx_thyroid_donor_0050	MOG	0.1808
GTEx_thyroid_donor_0051	MOG	0.09164
GTEx_thyroid_donor_0052	MOG	0.2623
GTEx_thyroid_donor_0053	MOG	0.09957
GTEx_thyroid_donor_0054	MOG	0.08687
GTEx_thyroid_donor_0055	MOG	0.0
GTEx_thyroid_donor_0056	MOG	0.05076
GTEx_thyroid_donor_0057	MOG	0.02332
GTEx_thyroid_donor_0058	MOG	0.09829
GTEx_thyroid_donor_0059	MOG	0.01967
GTEx_thyroid_donor_0060	MOG	0.08755
GTEx_thyroid_donor_0061	MOG	0.0
GTEx_thyroid_donor_0062	MOG	0.1072
GTEx_thyroid_donor_0063	MOG	0.02996
GTEx_thyroid_donor_0064	MOG	0.1564
GTEx_thyroid_donor_0065	MOG	0.1069
GTEx_thyroid_donor_0066	MOG	0.104
GTEx_thyroid_donor_0067	MOG	0.04254
GTEx_thyroid_donor_0068	MOG	0.0
GTEx_thyroid_donor_0069	MOG	0.1144
GTEx_thyroid_donor_0070	MOG	0.04127
GTEx_thyroid_donor_0071	MOG	0.06917
GTEx_thyroid_donor_0072	MOG	0.0
GTEx_thyroid_donor_0073	MOG	0.05872
GTEx_thyroid_donor_0074	MOG	0.04288
GTEx_thyroid_donor_0075	MOG	0.06112
GTEx_thyroid_donor_0076	MOG	0.03071
GTEx_thyroid_donor_0077	MOG	0.08704
GTEx_thyroid_donor_0078	MOG	0.0
GTEx_thyroid_donor_0079	MOG	0.09301
GTEx_thyroid_donor_0080	MOG	0.03642
GTEx_thyroid_donor_0081	MOG	0.0
GTEx_thyroid_donor_0082	MOG	0.0392
GTEx_thyroid_donor_0083	MOG	0.4053
GTEx_thyroid_donor_0084	MOG	0.06752
GTEx_thyroid_donor_0085	MOG	0.04449
GTEx_thyroid_donor_0086	MOG	0.1351
GTEx_thyroid_donor_0087	MOG	0.08231
GTEx_thyroid_donor_0088	MOG	0.06188
GTEx_thyroid_donor_0089	MOG	0.0
GTEx_thyroid_donor_0090	MOG	0.123
GTEx_thyroid_donor_0091	MOG	0.02086
GTEx_thyroid_donor_0092	MOG	0.0
GTEx_thyroid_donor_0093	MOG	0.04274
GTEx_thyroid_donor_0094	MOG	0.0
GTEx_thyroid_donor_0095	MOG	0.1548
GTEx_thyroid_donor_0096	MOG	0.1541
GTEx_thyroid_donor_0097	MOG	0.1162
GTEx_thyroid_donor_0098	MOG	0.05333
GTEx_thyroid_donor_0099	MOG	0.1416
GTEx_thyroid_donor_0100	MOG	0.1096
GTEx_thyroid_donor_0101	MOG	0.1176
GTEx_thyroid_donor_0102	MOG	0.07429
GTEx_thyroid_donor_0103	MOG	0.09952
GTEx_thyroid_donor_0104	MOG	0.1152
GTEx_thyroid_donor_0105	MOG	0.1214
GTEx_thyroid_donor_0106	MOG	0.06139
GTEx_thyroid_donor_0107	MOG	0.04882
GTEx_thyroid_donor_0108	MOG	0.1265
GTEx_thyroid_donor_0109	MOG	0.06223
GTEx_thyroid_donor_0110	MOG	0.0
GTEx_thyroid_donor_0111	MOG	0.02683
GTEx_thyroid_donor_0112	MOG	0.06931
GTEx_thyroid_donor_0113	MOG	0.07201
GTEx_thyroid_donor_0114	MOG	0.3982
GTEx_thyroid_donor_0115	MOG	0.0
GTEx_thyroid_donor_0116	MOG	0.02501
GTEx_thyroid_donor_0117	MOG	0.04684
GTEx_thyroid_donor_0118	MOG	0.1481
GTEx_thyroid_donor_0119	MOG	1.13
GTEx_thyroid_donor_0120	MOG	0.09132
GTEx_thyroid_donor_0121	MOG	0.0
GTEx_thyroid_donor_0122	MOG	0.03714
GTEx_thyroid_donor_0123	MOG	0.03588
GTEx_thyroid_donor_0124	MOG	0.0
GTEx_thyroid_donor_0125	MOG	0.0
GTEx_thyroid_donor_0126	MOG	0.0
GTEx_thyroid_donor_0127	MOG	0.04492
GTEx_thyroid_donor_0128	MOG	0.0
GTEx_thyroid_donor_0129	MOG	0.03263
GTEx_thyroid_donor_0130	MOG	0.07532
GTEx_thyroid_donor_0131	MOG	0.1525
GTEx_thyroid_donor_0132	MOG	0.07902
GTEx_thyroid_donor_0133	MOG	0.2355
GTEx_thyroid_donor_0134	MOG	0.07176
GTEx_thyroid_donor_0135	MOG	0.0
GTEx_thyroid_donor_0136	MOG	0.02357
GTEx_thyroid_donor_0137	MOG	0.1334
GTEx_thyroid_donor_0138	MOG	0.1428
GTEx_thyroid_donor_0139	MOG	0.04985
GTEx_thyroid_donor_0140	MOG	0.0496
GTEx_thyroid_donor_0141	MOG	0.496
GTEx_thyroid_donor_0142	MOG	0.01919
GTEx_thyroid_donor_0143	MOG	0.1222
GTEx_thyroid_donor_0144	MOG	0.0
GTEx_thyroid_donor_0145	MOG	0.0
GTEx_thyroid_donor_0146	MOG	0.04063
GTEx_thyroid_donor_0147	MOG	0.0
GTEx_thyroid_donor_0148	MOG	0.0948
GTEx_thyroid_donor_0149	MOG	0.01835
GTEx_thyroid_donor_0150	MOG	0.0448
GTEx_thyroid_donor_0151	MOG	0.1285
GTEx_thyroid_donor_0152	MOG	0.1138
GTEx_thyroid_donor_0153	MOG	0.2185
GTEx_thyroid_donor_0154	MOG	0.01625
GTEx_thyroid_donor_0155	MOG	0.151
GTEx_thyroid_donor_0156	MOG	0.0
GTEx_thyroid_donor_0157	MOG	0.131
GTEx_thyroid_donor_0158	MOG	0.03503
GTEx_thyroid_donor_0159	MOG	0.03718
GTEx_thyroid_donor_0160	MOG	0.01157
GTEx_thyroid_donor_0161	MOG	0.2035
GTEx_thyroid_donor_0162	MOG	0.09598
GTEx_thyroid_donor_0163	MOG	0.1568
GTEx_thyroid_donor_0164	MOG	0.03609
GTEx_thyroid_donor_0165	MOG	0.02072
GTEx_thyroid_donor_0166	MOG	0.03391
GTEx_thyroid_donor_0167	MOG	0.08346
GTEx_thyroid_donor_0168	MOG	0.3403
GTEx_thyroid_donor_0169	MOG	0.0
GTEx_thyroid_donor_0170	MOG	0.08449
GTEx_thyroid_donor_0171	MOG	0.0
GTEx_thyroid_donor_0172	MOG	0.04031
GTEx_thyroid_donor_0173	MOG	0.0
GTEx_thyroid_donor_0174	MOG	0.03427
GTEx_thyroid_donor_0175	MOG	0.02119
GTEx_thyroid_donor_0176	MOG	0.0
GTEx_thyroid_donor_0177	MOG	0.02954
GTEx_thyroid_donor_0178	MOG	0.08302
GTEx_thyroid_donor_0179	MOG	0.3128
GTEx_thyroid_donor_0180	MOG	0.03646
GTEx_thyroid_donor_0181	MOG	0.1071
GTEx_thyroid_donor_0182	MOG	0.1462
GTEx_thyroid_donor_0183	MOG	0.04134
GTEx_thyroid_donor_0184	MOG	0.04683
GTEx_thyroid_donor_0185	MOG	0.05703
GTEx_thyroid_donor_0186	MOG	0.03458
GTEx_thyroid_donor_0187	MOG	0.04067
GTEx_thyroid_donor_0188	MOG	0.0583
GTEx_thyroid_donor_0189	MOG	0.1792
GTEx_thyroid_donor_0190	MOG	0.2878
GTEx_thyroid_donor_0191	MOG	0.02602
GTEx_thyroid_donor_0192	MOG	0.09042
GTEx_thyroid_donor_0193	MOG	0.1432
GTEx_thyroid_donor_0194	MOG	0.1848
GTEx_thyroid_donor_0195	MOG	0.08342
GTEx_thyroid_donor_0196	MOG	0.09193
GTEx_thyroid_donor_0197	MOG	0.0
GTEx_thyroid_donor_0198	MOG	0.03129
GTEx_thyroid_donor_0199	MOG	0.05427
GTEx_thyroid_donor_0200	MOG	0.04055
GTEx_thyroid_donor_0201	MOG	0.04519
GTEx_thyroid_donor_0202	MOG	0.0
GTEx_thyroid_donor_0203	MOG	0.05535
GTEx_thyroid_donor_0204	MOG	0.03934
GTEx_thyroid_donor_0205	MOG	0.06961
GTEx_thyroid_donor_0206	MOG	0.09292
GTEx_thyroid_donor_0207	MOG	0.03165
GTEx_thyroid_donor_0208	MOG	0.1235
GTEx_thyroid_donor_0209	MOG	0.0
GTEx_thyroid_donor_0210	MOG	0.0
GTEx_thyroid_donor_0211	MOG	0.03796
GTEx_thyroid_donor_0212	MOG	0.1432
GTEx_thyroid_donor_0213	MOG	0.3385
GTEx_thyroid_donor_0214	MOG	0.08816
GTEx_thyroid_donor_0215	MOG	0.07158
GTEx_thyroid_donor_0216	MOG	0.1475
GTEx_thyroid_donor_0217	MOG	0.0
GTEx_thyroid_donor_0218	MOG	0.0641
GTEx_thyroid_donor_0219	MOG	0.08162
GTEx_thyroid_donor_0220	MOG	0.07937
GTEx_thyroid_donor_0221	MOG	0.03772
GTEx_thyroid_donor_0222	MOG	0.2406
GTEx_thyroid_donor_0223	MOG	0.03771
GTEx_thyroid_donor_0224	MOG	0.2939
GTEx_thyroid_donor_0225	MOG	1.383
GTEx_thyroid_donor_0226	MOG	0.06115
GTEx_thyroid_donor_0227	MOG	0.0
GTEx_thyroid_donor_0228	MOG	0.0
GTEx_thyroid_donor_0229	MOG	0.2131
GTEx_thyroid_donor_0230	MOG	0.03176
GTEx_thyroid_donor_0231	MOG	0.3996
GTEx_thyroid_donor_0232	MOG	0.06838
GTEx_thyroid_donor_0233	MOG	0.1119
GTEx_thyroid_donor_0234	MOG	0.1572
GTEx_thyroid_donor_0235	MOG	0.3137
GTEx_thyroid_donor_0236	MOG	0.1201
GTEx_thyroid_donor_0237	MOG	0.1715
GTEx_thyroid_donor_0238	MOG	0.04087
GTEx_thyroid_donor_0239	MOG	0.0515
GTEx_thyroid_donor_0240	MOG	0.08822
GTEx_thyroid_donor_0241	MOG	0.03011
GTEx_thyroid_donor_0242	MOG	0.06379
GTEx_thyroid_donor_0243	MOG	0.01703
GTEx_thyroid_donor_0244	MOG	0.0
GTEx_thyroid_donor_0245	MOG	0.05832
GTEx_thyroid_donor_0246	MOG	0.02728
GTEx_thyroid_donor_0247	MOG	0.0
GTEx_thyroid_donor_0248	MOG	0.09177
GTEx_thyroid_donor_0249	MOG	0.01604
GTEx_thyroid_donor_0250	MOG	0.04615
GTEx_thyroid_donor_0251	MOG	0.2314
GTEx_thyroid_donor_0252	MOG	0.06338
GTEx_thyroid_donor_0253	MOG	0.03508
GTEx_thyroid_donor_0254	MOG	0.0
GTEx_thyroid_donor_0255	MOG	0.0
GTEx_thyroid_donor_0256	MOG	0.0
GTEx_thyroid_donor_0257	MOG	0.07263
GTEx_thyroid_donor_0258	MOG	0.0
GTEx_thyroid_donor_0259	MOG	0.07709
GTEx_thyroid_donor_0260	MOG	0.1785
GTEx_thyroid_donor_0261	MOG	0.01658
GTEx_thyroid_donor_0262	MOG	0.02884
GTEx_thyroid_donor_0263	MOG	0.2417
GTEx_thyroid_donor_0264	MOG	0.06689
GTEx_thyroid_donor_0265	MOG	0.01737
GTEx_thyroid_donor_0266	MOG	0.0
GTEx_thyroid_donor_0267	MOG	0.07207
GTEx_thyroid_donor_0268	MOG	0.09156
GTEx_thyroid_donor_0269	MOG	0.3517
GTEx_thyroid_donor_0270	MOG	0.3437
GTEx_thyroid_donor_0271	MOG	0.09827
GTEx_thyroid_donor_0272	MOG	0.2304
GTEx_thyroid_donor_0273	MOG	0.0
GTEx_thyroid_donor_0274	MOG	0.0
GTEx_thyroid_donor_0275	MOG	0.05474
GTEx_thyroid_donor_0276	MOG	0.07278
GTEx_thyroid_donor_0277	MOG	0.02314
GTEx_thyroid_donor_0278	MOG	0.08774
GTEx_thyroid_donor_0279	MOG	0.02155
GTEx_thyroid_donor_0280	MOG	0.04303
GTEx_thyroid_donor_0281	MOG	0.097
GTEx_thyroid_donor_0282	MOG	0.04018
GTEx_thyroid_donor_0283	MOG	0.04543
GTEx_thyroid_donor_0284	MOG	0.0
GTEx_thyroid_donor_0285	MOG	0.1021
GTEx_thyroid_donor_0286	MOG	0.05611
GTEx_thyroid_donor_0287	MOG	0.03952
GTEx_thyroid_donor_0288	MOG	0.04049
GTEx_thyroid_donor_0289	MOG	0.01868
GTEx_thyroid_donor_0290	MOG	0.0
GTEx_thyroid_donor_0291	MOG	0.07812
GTEx_thyroid_donor_0292	MOG	0.1204
GTEx_thyroid_donor_0293	MOG	0.01742
GTEx_thyroid_donor_0294	MOG	0.03678
GTEx_thyroid_donor_0295	MOG	0.04844
GTEx_thyroid_donor_0296	MOG	0.1272
GTEx_thyroid_donor_0297	MOG	0.1157
GTEx_thyroid_donor_0298	MOG	0.06352
GTEx_thyroid_donor_0299	MOG	0.08583
GTEx_thyroid_donor_0300	MOG	0.0739
GTEx_thyroid_donor_0301	MOG	0.0
GTEx_thyroid_donor_0302	MOG	0.1776
GTEx_thyroid_donor_0303	MOG	0.1902
GTEx_thyroid_donor_0304	MOG	0.1363
GTEx_thyroid_donor_0305	MOG	0.0386
GTEx_thyroid_donor_0306	MOG	0.02867
GTEx_thyroid_donor_0307	MOG	0.06492
GTEx_thyroid_donor_0308	MOG	0.08765
GTEx_thyroid_donor_0309	MOG	0.1622
GTEx_thyroid_donor_0310	MOG	0.0
GTEx_thyroid_donor_0311	MOG	0.02977
GTEx_thyroid_donor_0312	MOG	0.2213
GTEx_thyroid_donor_0313	MOG	0.1446
GTEx_thyroid_donor_0314	MOG	0.0
GTEx_thyroid_donor_0315	MOG	0.2393
GTEx_thyroid_donor_0316	MOG	0.0
GTEx_thyroid_donor_0317	MOG	0.01974
GTEx_thyroid_donor_0318	MOG	0.4494
GTEx_thyroid_donor_0319	MOG	0.02047
GTEx_thyroid_donor_0320	MOG	0.09038
GTEx_thyroid_donor_0321	MOG	0.5186
GTEx_thyroid_donor_0322	MOG	0.1212
GTEx_thyroid_donor_0323	MOG	0.0
GTEx_thyroid_donor_0324	MOG	0.1405
GTEx_thyroid_donor_0325	MOG	0.2229
GTEx_thyroid_donor_0326	MOG	0.0
GTEx_thyroid_donor_0327	MOG	0.0
GTEx_thyroid_donor_0328	MOG	0.0
GTEx_thyroid_donor_0329	MOG	0.1527
GTEx_thyroid_donor_0330	MOG	0.09108
GTEx_thyroid_donor_0331	MOG	0.0514
GTEx_thyroid_donor_0332	MOG	0.06593
GTEx_thyroid_donor_0333	MOG	0.06106
GTEx_thyroid_donor_0334	MOG	0.08553
GTEx_thyroid_donor_0335	MOG	0.0
GTEx_thyroid_donor_0336	MOG	0.0312
GTEx_thyroid_donor_0337	MOG	0.0
GTEx_thyroid_donor_0338	MOG	0.0429
GTEx_thyroid_donor_0339	MOG	0.05248
GTEx_thyroid_donor_0340	MOG	0.0
GTEx_thyroid_donor_0341	MOG	0.2509
GTEx_thyroid_donor_0342	MOG	0.03298
GTEx_thyroid_donor_0343	MOG	0.1009
GTEx_thyroid_donor_0344	MOG	0.01743
GTEx_thyroid_donor_0345	MOG	0.0
GTEx_thyroid_donor_0346	MOG	0.0
GTEx_thyroid_donor_0347	MOG	0.0
GTEx_thyroid_donor_0348	MOG	0.03555
GTEx_thyroid_donor_0349	MOG	0.1769
GTEx_thyroid_donor_0350	MOG	0.04245
GTEx_thyroid_donor_0351	MOG	0.0
GTEx_thyroid_donor_0352	MOG	0.06489
GTEx_thyroid_donor_0353	MOG	0.05448
GTEx_thyroid_donor_0354	MOG	0.2032
GTEx_thyroid_donor_0355	MOG	0.0
GTEx_thyroid_donor_0356	MOG	0.01764
GTEx_thyroid_donor_0357	MOG	0.05827
GTEx_thyroid_donor_0358	MOG	0.03982
GTEx_thyroid_donor_0359	MOG	0.0
GTEx_thyroid_donor_0360	MOG	0.0301
GTEx_thyroid_donor_0361	MOG	0.0
GTEx_thyroid_donor_0362	MOG	0.0
GTEx_thyroid_donor_0363	MOG	0.969
GTEx_thyroid_donor_0364	MOG	0.0193
GTEx_thyroid_donor_0365	MOG	0.4712
GTEx_thyroid_donor_0366	MOG	0.05021
GTEx_thyroid_donor_0367	MOG	0.315
GTEx_thyroid_donor_0368	MOG	0.1292
GTEx_thyroid_donor_0369	MOG	0.07302
GTEx_thyroid_donor_0370	MOG	0.01664
GTEx_thyroid_donor_0371	MOG	0.2116
GTEx_thyroid_donor_0372	MOG	0.5003
GTEx_thyroid_donor_0373	MOG	0.1091
GTEx_thyroid_donor_0374	MOG	0.08867
GTEx_thyroid_donor_0375	MOG	0.1058
GTEx_thyroid_donor_0376	MOG	0.3862
GTEx_thyroid_donor_0377	MOG	0.1637
GTEx_thyroid_donor_0378	MOG	0.1109
GTEx_thyroid_donor_0379	MOG	0.03635
GTEx_thyroid_donor_0380	MOG	0.0
GTEx_thyroid_donor_0381	MOG	13.6
GTEx_thyroid_donor_0382	MOG	0.0
GTEx_thyroid_donor_0383	MOG	0.0
GTEx_thyroid_donor_0384	MOG	0.06985
GTEx_thyroid_donor_0385	MOG	0.04736
GTEx_thyroid_donor_0386	MOG	0.04378
GTEx_thyroid_donor_0387	MOG	0.0
GTEx_thyroid_donor_0388	MOG	0.05841
GTEx_thyroid_donor_0389	MOG	0.07913
GTEx_thyroid_donor_0390	MOG	0.0
GTEx_thyroid_donor_0391	MOG	0.217
GTEx_thyroid_donor_0392	MOG	0.02726
GTEx_thyroid_donor_0393	MOG	0.4197
GTEx_thyroid_donor_0394	MOG	0.1521
GTEx_thyroid_donor_0395	MOG	0.0
GTEx_thyroid_donor_0396	MOG	0.0
GTEx_thyroid_donor_0397	MOG	0.01497
GTEx_thyroid_donor_0398	MOG	0.0
GTEx_thyroid_donor_0399	MOG	0.0496
GTEx_thyroid_donor_0400	MOG	0.08969
GTEx_thyroid_donor_0401	MOG	0.132
GTEx_thyroid_donor_0402	MOG	0.07016
GTEx_thyroid_donor_0403	MOG	0.2053
GTEx_thyroid_donor_0404	MOG	0.02521
GTEx_thyroid_donor_0405	MOG	0.0
GTEx_thyroid_donor_0406	MOG	0.06373
GTEx_thyroid_donor_0407	MOG	0.04458
GTEx_thyroid_donor_0408	MOG	0.03949
GTEx_thyroid_donor_0409	MOG	0.0
GTEx_thyroid_donor_0410	MOG	0.0
GTEx_thyroid_donor_0411	MOG	0.01227
GTEx_thyroid_donor_0412	MOG	0.02645
GTEx_thyroid_donor_0413	MOG	0.03843
GTEx_thyroid_donor_0414	MOG	0.1011
GTEx_thyroid_donor_0415	MOG	0.0
GTEx_thyroid_donor_0416	MOG	0.0395
GTEx_thyroid_donor_0417	MOG	0.05648
GTEx_thyroid_donor_0418	MOG	0.0
GTEx_thyroid_donor_0419	MOG	0.4068
GTEx_thyroid_donor_0420	MOG	0.0726
GTEx_thyroid_donor_0421	MOG	0.06222
GTEx_thyroid_donor_0422	MOG	0.0
GTEx_thyroid_donor_0423	MOG	0.1463
GTEx_thyroid_donor_0424	MOG	0.0
GTEx_thyroid_donor_0425	MOG	0.0
GTEx_thyroid_donor_0426	MOG	0.19
GTEx_thyroid_donor_0427	MOG	0.0
GTEx_thyroid_donor_0428	MOG	0.05507
GTEx_thyroid_donor_0429	MOG	0.1932
GTEx_thyroid_donor_0430	MOG	0.4113
GTEx_thyroid_donor_0431	MOG	0.05946
GTEx_thyroid_donor_0432	MOG	0.02384
GTEx_thyroid_donor_0433	MOG	0.0
GTEx_thyroid_donor_0434	MOG	0.02603
GTEx_thyroid_donor_0435	MOG	0.0
GTEx_thyroid_donor_0436	MOG	0.0
GTEx_thyroid_donor_0437	MOG	0.03553
GTEx_thyroid_donor_0438	MOG	0.01458
GTEx_thyroid_donor_0439	MOG	0.1087
GTEx_thyroid_donor_0440	MOG	0.0
GTEx_thyroid_donor_0441	MOG	0.09874
GTEx_thyroid_donor_0442	MOG	0.08065
GTEx_thyroid_donor_0443	MOG	0.02555
GTEx_thyroid_donor_0444	MOG	0.04743
GTEx_thyroid_donor_0445	MOG	0.03027
GTEx_thyroid_donor_0446	MOG	0.08944
GTEx_thyroid_donor_0447	MOG	0.0
GTEx_thyroid_donor_0448	MOG	0.01742
GTEx_thyroid_donor_0449	MOG	0.03957
GTEx_thyroid_donor_0450	MOG	0.02627
GTEx_thyroid_donor_0451	MOG	0.0658
GTEx_thyroid_donor_0452	MOG	0.05076
GTEx_thyroid_donor_0453	MOG	0.0713
GTEx_thyroid_donor_0454	MOG	0.05094
GTEx_thyroid_donor_0455	MOG	0.02824
GTEx_thyroid_donor_0456	MOG	0.01338
GTEx_thyroid_donor_0457	MOG	0.06732
GTEx_thyroid_donor_0458	MOG	0.04145
GTEx_thyroid_donor_0459	MOG	0.06831
GTEx_thyroid_donor_0460	MOG	0.0
GTEx_thyroid_donor_0461	MOG	0.04018
GTEx_thyroid_donor_0462	MOG	0.02789
GTEx_thyroid_donor_0463	MOG	0.0
GTEx_thyroid_donor_0464	MOG	0.0
GTEx_thyroid_donor_0465	MOG	0.05421
GTEx_thyroid_donor_0466	MOG	0.0
GTEx_thyroid_donor_0467	MOG	0.5138
GTEx_thyroid_donor_0468	MOG	0.2432
GTEx_thyroid_donor_0469	MOG	0.0
GTEx_thyroid_donor_0470	MOG	0.1823
GTEx_thyroid_donor_0471	MOG	0.2419
GTEx_thyroid_donor_0472	MOG	0.06193
GTEx_thyroid_donor_0473	MOG	0.04166
GTEx_thyroid_donor_0474	MOG	0.2162
GTEx_thyroid_donor_0475	MOG	0.1611
GTEx_thyroid_donor_0476	MOG	0.2465
GTEx_thyroid_donor_0477	MOG	0.5843
GTEx_thyroid_donor_0478	MOG	0.2279
GTEx_thyroid_donor_0479	MOG	0.0
GTEx_thyroid_donor_0480	MOG	0.08854
GTEx_thyroid_donor_0481	MOG	0.1083
GTEx_thyroid_donor_0482	MOG	0.1131
GTEx_thyroid_donor_0483	MOG	0.02876
GTEx_thyroid_donor_0484	MOG	0.2509
GTEx_thyroid_donor_0485	MOG	0.03919
GTEx_thyroid_donor_0486	MOG	0.09134
GTEx_thyroid_donor_0487	MOG	0.1366
GTEx_thyroid_donor_0488	MOG	0.4971
GTEx_thyroid_donor_0489	MOG	0.2175
GTEx_thyroid_donor_0490	MOG	0.136
GTEx_thyroid_donor_0491	MOG	0.5291
GTEx_thyroid_donor_0492	MOG	0.3489
GTEx_thyroid_donor_0493	MOG	0.2388
GTEx_thyroid_donor_0494	MOG	0.207
GTEx_thyroid_donor_0495	MOG	0.07449
GTEx_thyroid_donor_0496	MOG	0.0
GTEx_thyroid_donor_0497	MOG	0.03314
GTEx_thyroid_donor_0498	MOG	0.1124
GTEx_thyroid_donor_0499	MOG	0.1131
GTEx_thyroid_donor_0500	MOG	0.162
GTEx_thyroid_donor_0501	MOG	0.2317
GTEx_thyroid_donor_0502	MOG	0.0
GTEx_thyroid_donor_0503	MOG	0.04421
GTEx_thyroid_donor_0504	MOG	0.309
GTEx_thyroid_donor_0505	MOG	1.157
GTEx_thyroid_donor_0506	MOG	0.0388
GTEx_thyroid_donor_0507	MOG	0.0
GTEx_thyroid_donor_0508	MOG	0.2283
GTEx_thyroid_donor_0509	MOG	1.005
GTEx_thyroid_donor_0510	MOG	0.2207
GTEx_thyroid_donor_0511	MOG	0.0
GTEx_thyroid_donor_0512	MOG	0.7091
GTEx_thyroid_donor_0513	MOG	0.1128
GTEx_thyroid_donor_0514	MOG	0.02007
GTEx_thyroid_donor_0515	MOG	0.2072
GTEx_thyroid_donor_0516	MOG	0.6375
GTEx_thyroid_donor_0517	MOG	0.2316
GTEx_thyroid_donor_0518	MOG	0.1365
GTEx_thyroid_donor_0519	MOG	0.287
GTEx_thyroid_donor_0520	MOG	0.2573
GTEx_thyroid_donor_0521	MOG	0.06087
GTEx_thyroid_donor_0522	MOG	0.53
GTEx_thyroid_donor_0523	MOG	0.06681
GTEx_thyroid_donor_0524	MOG	0.5115
GTEx_thyroid_donor_0525	MOG	0.3181
GTEx_thyroid_donor_0526	MOG	0.0
GTEx_thyroid_donor_0527	MOG	0.09196
GTEx_thyroid_donor_0528	MOG	0.1597
GTEx_thyroid_donor_0529	MOG	0.0
GTEx_thyroid_donor_0530	MOG	1.299
GTEx_thyroid_donor_0531	MOG	0.5909
GTEx_thyroid_donor_0532	MOG	0.3583
GTEx_thyroid_donor_0533	MOG	0.1942
GTEx_thyroid_donor_0534	MOG	0.1832
GTEx_thyroid_donor_0535	MOG	0.1481
GTEx_thyroid_donor_0536	MOG	0.05173
GTEx_thyroid_donor_0537	MOG	0.0756
GTEx_thyroid_donor_0538	MOG	0.08865
GTEx_thyroid_donor_0539	MOG	0.1608
GTEx_thyroid_donor_0540	MOG	0.8502
GTEx_thyroid_donor_0541	MOG	0.0
GTEx_thyroid_donor_0542	MOG	0.01217
GTEx_thyroid_donor_0543	MOG	0.01631
GTEx_thyroid_donor_0544	MOG	0.0
GTEx_thyroid_donor_0545	MOG	0.0411
GTEx_thyroid_donor_0546	MOG	0.6759
GTEx_thyroid_donor_0547	MOG	0.01819
GTEx_thyroid_donor_0548	MOG	0.00958
GTEx_thyroid_donor_0549	MOG	0.1193
GTEx_thyroid_donor_0550	MOG	0.1276
GTEx_thyroid_donor_0551	MOG	0.0
GTEx_thyroid_donor_0552	MOG	0.02703
GTEx_thyroid_donor_0553	MOG	0.1422
GTEx_thyroid_donor_0554	MOG	0.02699
GTEx_thyroid_donor_0555	MOG	0.0
GTEx_thyroid_donor_0556	MOG	0.0
GTEx_thyroid_donor_0557	MOG	0.1043
GTEx_thyroid_donor_0558	MOG	0.05779
GTEx_thyroid_donor_0559	MOG	0.08459
GTEx_thyroid_donor_0560	MOG	0.09824
GTEx_thyroid_donor_0561	MOG	0.05876
GTEx_thyroid_donor_0562	MOG	0.02531
GTEx_thyroid_donor_0563	MOG	0.2022
GTEx_thyroid_donor_0564	MOG	0.08358
GTEx_thyroid_donor_0565	MOG	0.2102
GTEx_thyroid_donor_0566	MOG	0.3558
GTEx_thyroid_donor_0567	MOG	0.1967
GTEx_thyroid_donor_0568	MOG	0.1417
GTEx_thyroid_donor_0569	MOG	0.04139
GTEx_thyroid_donor_0570	MOG	0.05812
GTEx_thyroid_donor_0571	MOG	0.07417
GTEx_thyroid_donor_0572	MOG	0.2502
GTEx_thyroid_donor_0573	MOG	0.171
GTEx_thyroid_donor_0574	MOG	0.1637
GTEx_thyroid_donor_0575	MOG	0.3075
GTEx_thyroid_donor_0576	MOG	0.06749
GTEx_thyroid_donor_0577	MOG	0.166
GTEx_thyroid_donor_0578	MOG	0.1413
GTEx_thyroid_donor_0579	MOG	0.04192
GTEx_thyroid_donor_0580	MOG	0.1648
GTEx_thyroid_donor_0581	MOG	0.175
GTEx_thyroid_donor_0582	MOG	0.1446
GTEx_thyroid_donor_0583	MOG	0.05432
GTEx_thyroid_donor_0584	MOG	0.01558
GTEx_thyroid_donor_0585	MOG	0.071
GTEx_thyroid_donor_0586	MOG	0.0457
GTEx_thyroid_donor_0587	MOG	0.0
GTEx_thyroid_donor_0588	MOG	0.03863
GTEx_thyroid_donor_0589	MOG	0.03053
GTEx_thyroid_donor_0590	MOG	0.3099
GTEx_thyroid_donor_0591	MOG	0.0
GTEx_thyroid_donor_0592	MOG	0.04128
GTEx_thyroid_donor_0593	MOG	0.04927
GTEx_thyroid_donor_0594	MOG	0.05559
GTEx_thyroid_donor_0595	MOG	0.0
GTEx_thyroid_donor_0596	MOG	0.0
GTEx_thyroid_donor_0597	MOG	0.0
GTEx_thyroid_donor_0598	MOG	0.02665
GTEx_thyroid_donor_0599	MOG	0.01312
GTEx_thyroid_donor_0600	MOG	0.05842
GTEx_thyroid_donor_0601	MOG	0.02001
GTEx_thyroid_donor_0602	MOG	0.01913
GTEx_thyroid_donor_0603	MOG	0.0
GTEx_thyroid_donor_0604	MOG	0.04035
GTEx_thyroid_donor_0605	MOG	0.00938
GTEx_thyroid_donor_0606	MOG	0.1007
GTEx_thyroid_donor_0607	MOG	0.0
GTEx_thyroid_donor_0608	MOG	0.1541
GTEx_thyroid_donor_0609	MOG	0.05227
GTEx_thyroid_donor_0610	MOG	0.17
GTEx_thyroid_donor_0611	MOG	0.2174
GTEx_thyroid_donor_0612	MOG	0.04011
GTEx_thyroid_donor_0613	MOG	0.0
GTEx_thyroid_donor_0614	MOG	0.4577
GTEx_thyroid_donor_0615	MOG	0.06756
GTEx_thyroid_donor_0616	MOG	0.01605
GTEx_thyroid_donor_0617	MOG	0.538
GTEx_thyroid_donor_0618	MOG	0.08878
GTEx_thyroid_donor_0619	MOG	0.02797
GTEx_thyroid_donor_0620	MOG	0.3794
GTEx_thyroid_donor_0621	MOG	0.3736
GTEx_thyroid_donor_0622	MOG	0.05477
GTEx_thyroid_donor_0623	MOG	0.02797
GTEx_thyroid_donor_0624	MOG	0.03689
GTEx_thyroid_donor_0625	MOG	0.01526
GTEx_thyroid_donor_0626	MOG	0.1185
GTEx_thyroid_donor_0627	MOG	0.1153
GTEx_thyroid_donor_0628	MOG	0.02779
GTEx_thyroid_donor_0629	MOG	0.03775
GTEx_thyroid_donor_0630	MOG	0.0248
GTEx_thyroid_donor_0631	MOG	1.616
GTEx_thyroid_donor_0632	MOG	0.1971
GTEx_thyroid_donor_0633	MOG	0.0
GTEx_thyroid_donor_0634	MOG	0.03427
GTEx_thyroid_donor_0635	MOG	0.108
GTEx_thyroid_donor_0636	MOG	0.0
GTEx_thyroid_donor_0637	MOG	0.4699
GTEx_thyroid_donor_0638	MOG	0.1345
GTEx_thyroid_donor_0639	MOG	0.0
GTEx_thyroid_donor_0640	MOG	0.05431
GTEx_thyroid_donor_0641	MOG	0.02931
GTEx_thyroid_donor_0642	MOG	0.1794
GTEx_thyroid_donor_0643	MOG	0.03586
GTEx_thyroid_donor_0644	MOG	0.1062
GTEx_thyroid_donor_0645	MOG	0.04184
GTEx_thyroid_donor_0646	MOG	0.06582
GTEx_thyroid_donor_0647	MOG	0.04096
GTEx_thyroid_donor_0648	MOG	0.02332
GTEx_thyroid_donor_0649	MOG	0.03877
GTEx_thyroid_donor_0650	MOG	0.0
GTEx_thyroid_donor_0651	MOG	0.0325
GTEx_thyroid_donor_0652	MOG	0.05591
GTEx_thyroid_donor_0000	CHRNA1	0.04986
GTEx_thyroid_donor_0001	CHRNA1	0.02006
GTEx_thyroid_donor_0002	CHRNA1	0.0
GTEx_thyroid_donor_0003	CHRNA1	0.1446
GTEx_thyroid_donor_0004	CHRNA1	0.03474
GTEx_thyroid_donor_0005	CHRNA1	0.05198
GTEx_thyroid_donor_0006	CHRNA1	0.0494
GTEx_thyroid_donor_0007	CHRNA1	0.0723
GTEx_thyroid_donor_0008	CHRNA1	0.01518
GTEx_thyroid_donor_0009	CHRNA1	0.0
GTEx_thyroid_donor_0010	CHRNA1	0.0
GTEx_thyroid_donor_0011	CHRNA1	0.02934
GTEx_thyroid_donor_0012	CHRNA1	0.01162
GTEx_thyroid_donor_0013	CHRNA1	0.04416
GTEx_thyroid_donor_0014	CHRNA1	0.05537
GTEx_thyroid_donor_0015	CHRNA1	0.00906
GTEx_thyroid_donor_0016	CHRNA1	0.0
GTEx_thyroid_donor_0017	CHRNA1	0.0
GTEx_thyroid_donor_0018	CHRNA1	0.0
GTEx_thyroid_donor_0019	CHRNA1	0.0
GTEx_thyroid_donor_0020	CHRNA1	0.01101
GTEx_thyroid_donor_0021	CHRNA1	0.01397
GTEx_thyroid_donor_0022	CHRNA1	0.0
GTEx_thyroid_donor_0023	CHRNA1	0.0
GTEx_thyroid_donor_0024	CHRNA1	1.246
GTEx_thyroid_donor_0025	CHRNA1	0.04664
GTEx_thyroid_donor_0026	CHRNA1	0.0
GTEx_thyroid_donor_0027	CHRNA1	0.02187
GTEx_thyroid_donor_0028	CHRNA1	0.0
GTEx_thyroid_donor_0029	CHRNA1	0.1467
GTEx_thyroid_donor_0030	CHRNA1	0.01944
GTEx_thyroid_donor_0031	CHRNA1	0.0479
GTEx_thyroid_donor_0032	CHRNA1	0.0
GTEx_thyroid_donor_0033	CHRNA1	0.02986
GTEx_thyroid_donor_0034	CHRNA1	0.01696
GTEx_thyroid_donor_0035	CHRNA1	0.0
GTEx_thyroid_donor_0036	CHRNA1	0.0
GTEx_thyroid_donor_0037	CHRNA1	0.02548
GTEx_thyroid_donor_0038	CHRNA1	0.0
GTEx_thyroid_donor_0039	CHRNA1	0.02847
GTEx_thyroid_donor_0040	CHRNA1	0.01751
GTEx_thyroid_donor_0041	CHRNA1	0.01118
GTEx_thyroid_donor_0042	CHRNA1	0.0
GTEx_thyroid_donor_0043	CHRNA1	0.06759
GTEx_thyroid_donor_0044	CHRNA1	0.02089
GTEx_thyroid_donor_0045	CHRNA1	0.0556
GTEx_thyroid_donor_0046	CHRNA1	0.02286
GTEx_thyroid_donor_0047	CHRNA1	0.0
GTEx_thyroid_donor_0048	CHRNA1	0.01971
GTEx_thyroid_donor_0049	CHRNA1	0.06136
GTEx_thyroid_donor_0050	CHRNA1	0.06007
GTEx_thyroid_donor_0051	CHRNA1	0.0
GTEx_thyroid_donor_0052	CHRNA1	0.04356
GTEx_thyroid_donor_0053	CHRNA1	0.01158
GTEx_thyroid_donor_0054	CHRNA1	0.0
GTEx_thyroid_donor_0055	CHRNA1	0.03005
GTEx_thyroid_donor_0056	CHRNA1	0.0
GTEx_thyroid_donor_0057	CHRNA1	0.04066
GTEx_thyroid_donor_0058	CHRNA1	0.09141
GTEx_thyroid_donor_0059	CHRNA1	0.0
GTEx_thyroid_donor_0060	CHRNA1	0.01272
GTEx_thyroid_donor_0061	CHRNA1	0.02184
GTEx_thyroid_donor_0062	CHRNA1	0.08727
GTEx_thyroid_donor_0063	CHRNA1	0.0
GTEx_thyroid_donor_0064	CHRNA1	0.1558
GTEx_thyroid_donor_0065	CHRNA1	0.0
GTEx_thyroid_donor_0066	CHRNA1	0.02417
GTEx_thyroid_donor_0067	CHRNA1	0.0
GTEx_thyroid_donor_0068	CHRNA1	0.0
GTEx_thyroid_donor_0069	CHRNA1	0.0
GTEx_thyroid_donor_0070	CHRNA1	0.01599
GTEx_thyroid_donor_0071	CHRNA1	0.0
GTEx_thyroid_donor_0072	CHRNA1	0.0
GTEx_thyroid_donor_0073	CHRNA1	0.0
GTEx_thyroid_donor_0074	CHRNA1	0.0
GTEx_thyroid_donor_0075	CHRNA1	0.00888
GTEx_thyroid_donor_0076	CHRNA1	0.0
GTEx_thyroid_donor_0077	CHRNA1	0.0
GTEx_thyroid_donor_0078	CHRNA1	0.02144
GTEx_thyroid_donor_0079	CHRNA1	0.01352
GTEx_thyroid_donor_0080	CHRNA1	0.0
GTEx_thyroid_donor_0081	CHRNA1	0.4647
GTEx_thyroid_donor_0082	CHRNA1	0.02279
GTEx_thyroid_donor_0083	CHRNA1	0.02048
GTEx_thyroid_donor_0084	CHRNA1	0.0157
GTEx_thyroid_donor_0085	CHRNA1	0.08621
GTEx_thyroid_donor_0086	CHRNA1	0.07854
GTEx_thyroid_donor_0087	CHRNA1	0.0
GTEx_thyroid_donor_0088	CHRNA1	0.02698
GTEx_thyroid_donor_0089	CHRNA1	0.0
GTEx_thyroid_donor_0090	CHRNA1	0.02043
GTEx_thyroid_donor_0091	CHRNA1	0.1213
GTEx_thyroid_donor_0092	CHRNA1	0.145
GTEx_thyroid_donor_0093	CHRNA1	0.0
GTEx_thyroid_donor_0094	CHRNA1	0.039
GTEx_thyroid_donor_0095	CHRNA1	0.05999
GTEx_thyroid_donor_0096	CHRNA1	0.0
GTEx_thyroid_donor_0097	CHRNA1	0.0
GTEx_thyroid_donor_0098	CHRNA1	0.0
GTEx_thyroid_donor_0099	CHRNA1	0.1152
GTEx_thyroid_donor_0100	CHRNA1	0.01062
GTEx_thyroid_donor_0101	CHRNA1	0.01708
GTEx_thyroid_donor_0102	CHRNA1	0.06909
GTEx_thyroid_donor_0103	CHRNA1	0.0
GTEx_thyroid_donor_0104	CHRNA1	0.0
GTEx_thyroid_donor_0105	CHRNA1	0.1176
GTEx_thyroid_donor_0106	CHRNA1	0.0
GTEx_thyroid_donor_0107	CHRNA1	0.0
GTEx_thyroid_donor_0108	CHRNA1	0.0
GTEx_thyroid_donor_0109	CHRNA1	0.0
GTEx_thyroid_donor_0110	CHRNA1	0.0
GTEx_thyroid_donor_0111	CHRNA1	0.0
GTEx_thyroid_donor_0112	CHRNA1	0.188
GTEx_thyroid_donor_0113	CHRNA1	0.1088
GTEx_thyroid_donor_0114	CHRNA1	0.02012
GTEx_thyroid_donor_0115	CHRNA1	0.1285
GTEx_thyroid_donor_0116	CHRNA1	0.0
GTEx_thyroid_donor_0117	CHRNA1	0.1906
GTEx_thyroid_donor_0118	CHRNA1	0.02869
GTEx_thyroid_donor_0119	CHRNA1	0.03518
GTEx_thyroid_donor_0120	CHRNA1	0.0
GTEx_thyroid_donor_0121	CHRNA1	0.01879
GTEx_thyroid_donor_0122	CHRNA1	0.0
GTEx_thyroid_donor_0123	CHRNA1	0.06256
GTEx_thyroid_donor_0124	CHRNA1	0.0
GTEx_thyroid_donor_0125	CHRNA1	0.01088
GTEx_thyroid_donor_0126	CHRNA1	0.02404
GTEx_thyroid_donor_0127	CHRNA1	0.05222
GTEx_thyroid_donor_0128	CHRNA1	0.04901
GTEx_thyroid_donor_0129	CHRNA1	0.01897
GTEx_thyroid_donor_0130	CHRNA1	0.02189
GTEx_thyroid_donor_0131	CHRNA1	0.03325
GTEx_thyroid_donor_0132	CHRNA1	0.02296
GTEx_thyroid_donor_0133	CHRNA1	0.0
GTEx_thyroid_donor_0134	CHRNA1	0.0
GTEx_thyroid_donor_0135	CHRNA1	0.04144
GTEx_thyroid_donor_0136	CHRNA1	0.0
GTEx_thyroid_donor_0137	CHRNA1	0.00862
GTEx_thyroid_donor_0138	CHRNA1	0.02075
GTEx_thyroid_donor_0139	CHRNA1	0.07245
GTEx_thyroid_donor_0140	CHRNA1	0.02883
GTEx_thyroid_donor_0141	CHRNA1	0.02621
GTEx_thyroid_donor_0142	CHRNA1	0.0
GTEx_thyroid_donor_0143	CHRNA1	0.01421
GTEx_thyroid_donor_0144	CHRNA1	0.01854
GTEx_thyroid_donor_0145	CHRNA1	0.0
GTEx_thyroid_donor_0146	CHRNA1	2.078
GTEx_thyroid_donor_0147	CHRNA1	0.0
GTEx_thyroid_donor_0148	CHRNA1	0.0
GTEx_thyroid_donor_0149	CHRNA1	0.0
GTEx_thyroid_donor_0150	CHRNA1	0.02604
GTEx_thyroid_donor_0151	CHRNA1	0.02133
GTEx_thyroid_donor_0152	CHRNA1	0.02205
GTEx_thyroid_donor_0153	CHRNA1	0.02822
GTEx_thyroid_donor_0154	CHRNA1	0.0
GTEx_thyroid_donor_0155	CHRNA1	0.0
GTEx_thyroid_donor_0156	CHRNA1	0.01908
GTEx_thyroid_donor_0157	CHRNA1	0.01904
GTEx_thyroid_donor_0158	CHRNA1	0.0
GTEx_thyroid_donor_0159	CHRNA1	0.02161
GTEx_thyroid_donor_0160	CHRNA1	0.03362
GTEx_thyroid_donor_0161	CHRNA1	0.0
GTEx_thyroid_donor_0162	CHRNA1	1.562
GTEx_thyroid_donor_0163	CHRNA1	0.0
GTEx_thyroid_donor_0164	CHRNA1	0.1888
GTEx_thyroid_donor_0165	CHRNA1	0.0
GTEx_thyroid_donor_0166	CHRNA1	0.01971
GTEx_thyroid_donor_0167	CHRNA1	0.0
GTEx_thyroid_donor_0168	CHRNA1	0.03956
GTEx_thyroid_donor_0169	CHRNA1	0.0
GTEx_thyroid_donor_0170	CHRNA1	0.02806
GTEx_thyroid_donor_0171	CHRNA1	0.0
GTEx_thyroid_donor_0172	CHRNA1	0.04686
GTEx_thyroid_donor_0173	CHRNA1	0.0
GTEx_thyroid_donor_0174	CHRNA1	0.0
GTEx_thyroid_donor_0175	CHRNA1	0.02463
GTEx_thyroid_donor_0176	CHRNA1	0.02077
GTEx_thyroid_donor_0177	CHRNA1	0.1374
GTEx_thyroid_donor_0178	CHRNA1	0.02896
GTEx_thyroid_donor_0179	CHRNA1	0.04041
GTEx_thyroid_donor_0180	CHRNA1	0.0
GTEx_thyroid_donor_0181	CHRNA1	0.0
GTEx_thyroid_donor_0182	CHRNA1	0.0
GTEx_thyroid_donor_0183	CHRNA1	0.0
GTEx_thyroid_donor_0184	CHRNA1	0.02722
GTEx_thyroid_donor_0185	CHRNA1	0.0
GTEx_thyroid_donor_0186	CHRNA1	0.0
GTEx_thyroid_donor_0187	CHRNA1	0.0
GTEx_thyroid_donor_0188	CHRNA1	0.4236
GTEx_thyroid_donor_0189	CHRNA1	0.0
GTEx_thyroid_donor_0190	CHRNA1	0.0
GTEx_thyroid_donor_0191	CHRNA1	0.0
GTEx_thyroid_donor_0192	CHRNA1	0.0
GTEx_thyroid_donor_0193	CHRNA1	0.0333
GTEx_thyroid_donor_0194	CHRNA1	0.06714
GTEx_thyroid_donor_0195	CHRNA1	0.0
GTEx_thyroid_donor_0196	CHRNA1	0.01336
GTEx_thyroid_donor_0197	CHRNA1	0.0
GTEx_thyroid_donor_0198	CHRNA1	0.03638
GTEx_thyroid_donor_0199	CHRNA1	0.0
GTEx_thyroid_donor_0200	CHRNA1	0.0
GTEx_thyroid_donor_0201	CHRNA1	0.1051
GTEx_thyroid_donor_0202	CHRNA1	0.0
GTEx_thyroid_donor_0203	CHRNA1	0.04021
GTEx_thyroid_donor_0204	CHRNA1	0.0
GTEx_thyroid_donor_0205	CHRNA1	0.6979
GTEx_thyroid_donor_0206	CHRNA1	0.0
GTEx_thyroid_donor_0207	CHRNA1	0.0092
GTEx_thyroid_donor_0208	CHRNA1	0.05385
GTEx_thyroid_donor_0209	CHRNA1	0.0
GTEx_thyroid_donor_0210	CHRNA1	0.02559
GTEx_thyroid_donor_0211	CHRNA1	0.0
GTEx_thyroid_donor_0212	CHRNA1	0.03329
GTEx_thyroid_donor_0213	CHRNA1	0.00729
GTEx_thyroid_donor_0214	CHRNA1	0.07687
GTEx_thyroid_donor_0215	CHRNA1	0.0
GTEx_thyroid_donor_0216	CHRNA1	0.0
GTEx_thyroid_donor_0217	CHRNA1	0.0
GTEx_thyroid_donor_0218	CHRNA1	0.03726
GTEx_thyroid_donor_0219	CHRNA1	0.02372
GTEx_thyroid_donor_0220	CHRNA1	0.01153
GTEx_thyroid_donor_0221	CHRNA1	0.0
GTEx_thyroid_donor_0222	CHRNA1	0.0
GTEx_thyroid_donor_0223	CHRNA1	0.06576
GTEx_thyroid_donor_0224	CHRNA1	0.01314
GTEx_thyroid_donor_0225	CHRNA1	0.0
GTEx_thyroid_donor_0226	CHRNA1	0.01777
GTEx_thyroid_donor_0227	CHRNA1	0.0
GTEx_thyroid_donor_0228	CHRNA1	0.0
GTEx_thyroid_donor_0229	CHRNA1	0.0
GTEx_thyroid_donor_0230	CHRNA1	0.03692
GTEx_thyroid_donor_0231	CHRNA1	0.0
GTEx_thyroid_donor_0232	CHRNA1	0.0
GTEx_thyroid_donor_0233	CHRNA1	0.02601
GTEx_thyroid_donor_0234	CHRNA1	0.01523
GTEx_thyroid_donor_0235	CHRNA1	0.0152
GTEx_thyroid_donor_0236	CHRNA1	0.03491
GTEx_thyroid_donor_0237	CHRNA1	0.01813
GTEx_thyroid_donor_0238	CHRNA1	0.0
GTEx_thyroid_donor_0239	CHRNA1	0.01497
GTEx_thyroid_donor_0240	CHRNA1	0.0
GTEx_thyroid_donor_0241	CHRNA1	0.0175
GTEx_thyroid_donor_0242	CHRNA1	0.0
GTEx_thyroid_donor_0243	CHRNA1	0.0198
GTEx_thyroid_donor_0244	CHRNA1	0.0
GTEx_thyroid_donor_0245	CHRNA1	0.0
GTEx_thyroid_donor_0246	CHRNA1	0.05551
GTEx_thyroid_donor_0247	CHRNA1	0.01959
GTEx_thyroid_donor_0248	CHRNA1	0.03556
GTEx_thyroid_donor_0249	CHRNA1	0.05595
GTEx_thyroid_donor_0250	CHRNA1	0.02682
GTEx_thyroid_donor_0251	CHRNA1	0.00897
GTEx_thyroid_donor_0252	CHRNA1	0.0
GTEx_thyroid_donor_0253	CHRNA1	0.0
GTEx_thyroid_donor_0254	CHRNA1	0.0
GTEx_thyroid_donor_0255	CHRNA1	0.1036
GTEx_thyroid_donor_0256	CHRNA1	0.0
GTEx_thyroid_donor_0257	CHRNA1	0.00603
GTEx_thyroid_donor_0258	CHRNA1	0.0
GTEx_thyroid_donor_0259	CHRNA1	0.0
GTEx_thyroid_donor_0260	CHRNA1	0.1038
GTEx_thyroid_donor_0261	CHRNA1	0.0
GTEx_thyroid_donor_0262	CHRNA1	1.132
GTEx_thyroid_donor_0263	CHRNA1	0.0
GTEx_thyroid_donor_0264	CHRNA1	0.05832
GTEx_thyroid_donor_0265	CHRNA1	0.06059
GTEx_thyroid_donor_0266	CHRNA1	0.02412
GTEx_thyroid_donor_0267	CHRNA1	0.04189
GTEx_thyroid_donor_0268	CHRNA1	0.07603
GTEx_thyroid_donor_0269	CHRNA1	0.02152
GTEx_thyroid_donor_0270	CHRNA1	0.07135
GTEx_thyroid_donor_0271	CHRNA1	0.0
GTEx_thyroid_donor_0272	CHRNA1	0.0
GTEx_thyroid_donor_0273	CHRNA1	0.03002
GTEx_thyroid_donor_0274	CHRNA1	0.06515
GTEx_thyroid_donor_0275	CHRNA1	0.04773
GTEx_thyroid_donor_0276	CHRNA1	0.01209
GTEx_thyroid_donor_0277	CHRNA1	0.0
GTEx_thyroid_donor_0278	CHRNA1	0.051
GTEx_thyroid_donor_0279	CHRNA1	0.8707
GTEx_thyroid_donor_0280	CHRNA1	0.0
GTEx_thyroid_donor_0281	CHRNA1	0.0
GTEx_thyroid_donor_0282	CHRNA1	0.07006
GTEx_thyroid_donor_0283	CHRNA1	0.0066
GTEx_thyroid_donor_0284	CHRNA1	0.02424
GTEx_thyroid_donor_0285	CHRNA1	0.03956
GTEx_thyroid_donor_0286	CHRNA1	0.1087
GTEx_thyroid_donor_0287	CHRNA1	0.02297
GTEx_thyroid_donor_0288	CHRNA1	0.02353
GTEx_thyroid_donor_0289	CHRNA1	0.04342
GTEx_thyroid_donor_0290	CHRNA1	0.04028
GTEx_thyroid_donor_0291	CHRNA1	0.0
GTEx_thyroid_donor_0292	CHRNA1	0.0
GTEx_thyroid_donor_0293	CHRNA1	0.01013
GTEx_thyroid_donor_0294	CHRNA1	0.01425
GTEx_thyroid_donor_0295	CHRNA1	0.0
GTEx_thyroid_donor_0296	CHRNA1	0.0
GTEx_thyroid_donor_0297	CHRNA1	0.0112
GTEx_thyroid_donor_0298	CHRNA1	0.0
GTEx_thyroid_donor_0299	CHRNA1	0.0
GTEx_thyroid_donor_0300	CHRNA1	0.08591
GTEx_thyroid_donor_0301	CHRNA1	0.0092
GTEx_thyroid_donor_0302	CHRNA1	0.01147
GTEx_thyroid_donor_0303	CHRNA1	0.0
GTEx_thyroid_donor_0304	CHRNA1	0.0317
GTEx_thyroid_donor_0305	CHRNA1	0.02244
GTEx_thyroid_donor_0306	CHRNA1	0.0
GTEx_thyroid_donor_0307	CHRNA1	0.01887
GTEx_thyroid_donor_0308	CHRNA1	0.0
GTEx_thyroid_donor_0309	CHRNA1	0.00857
GTEx_thyroid_donor_0310	CHRNA1	0.0
GTEx_thyroid_donor_0311	CHRNA1	0.03461
GTEx_thyroid_donor_0312	CHRNA1	0.02859
GTEx_thyroid_donor_0313	CHRNA1	0.0
GTEx_thyroid_donor_0314	CHRNA1	0.0
GTEx_thyroid_donor_0315	CHRNA1	0.0321
GTEx_thyroid_donor_0316	CHRNA1	0.0
GTEx_thyroid_donor_0317	CHRNA1	0.02294
GTEx_thyroid_donor_0318	CHRNA1	0.0
GTEx_thyroid_donor_0319	CHRNA1	0.0
GTEx_thyroid_donor_0320	CHRNA1	0.04503
GTEx_thyroid_donor_0321	CHRNA1	0.0
GTEx_thyroid_donor_0322	CHRNA1	0.0
GTEx_thyroid_donor_0323	CHRNA1	0.0
GTEx_thyroid_donor_0324	CHRNA1	0.0
GTEx_thyroid_donor_0325	CHRNA1	0.07067
GTEx_thyroid_donor_0326	CHRNA1	0.01881
GTEx_thyroid_donor_0327	CHRNA1	0.0
GTEx_thyroid_donor_0328	CHRNA1	0.0
GTEx_thyroid_donor_0329	CHRNA1	0.05326
GTEx_thyroid_donor_0330	CHRNA1	0.0
GTEx_thyroid_donor_0331	CHRNA1	0.0
GTEx_thyroid_donor_0332	CHRNA1	0.0
GTEx_thyroid_donor_0333	CHRNA1	0.01774
GTEx_thyroid_donor_0334	CHRNA1	0.0
GTEx_thyroid_donor_0335	CHRNA1	0.03877
GTEx_thyroid_donor_0336	CHRNA1	0.0
GTEx_thyroid_donor_0337	CHRNA1	0.0
GTEx_thyroid_donor_0338	CHRNA1	0.1995
GTEx_thyroid_donor_0339	CHRNA1	0.0
GTEx_thyroid_donor_0340	CHRNA1	0.0
GTEx_thyroid_donor_0341	CHRNA1	0.1732
GTEx_thyroid_donor_0342	CHRNA1	0.0
GTEx_thyroid_donor_0343	CHRNA1	0.02933
GTEx_thyroid_donor_0344	CHRNA1	0.1419
GTEx_thyroid_donor_0345	CHRNA1	0.01881
GTEx_thyroid_donor_0346	CHRNA1	0.0432
GTEx_thyroid_donor_0347	CHRNA1	0.0
GTEx_thyroid_donor_0348	CHRNA1	0.0
GTEx_thyroid_donor_0349	CHRNA1	0.0
GTEx_thyroid_donor_0350	CHRNA1	0.111
GTEx_thyroid_donor_0351	CHRNA1	0.0
GTEx_thyroid_donor_0352	CHRNA1	0.08297
GTEx_thyroid_donor_0353	CHRNA1	0.01583
GTEx_thyroid_donor_0354	CHRNA1	0.02147
GTEx_thyroid_donor_0355	CHRNA1	0.01866
GTEx_thyroid_donor_0356	CHRNA1	0.0
GTEx_thyroid_donor_0357	CHRNA1	0.01129
GTEx_thyroid_donor_0358	CHRNA1	0.0
GTEx_thyroid_donor_0359	CHRNA1	0.1028
GTEx_thyroid_donor_0360	CHRNA1	0.0
GTEx_thyroid_donor_0361	CHRNA1	0.01934
GTEx_thyroid_donor_0362	CHRNA1	0.0
GTEx_thyroid_donor_0363	CHRNA1	0.0
GTEx_thyroid_donor_0364	CHRNA1	0.0
GTEx_thyroid_donor_0365	CHRNA1	0.03423
GTEx_thyroid_donor_0366	CHRNA1	0.01459
GTEx_thyroid_donor_0367	CHRNA1	0.6524
GTEx_thyroid_donor_0368	CHRNA1	0.0
GTEx_thyroid_donor_0369	CHRNA1	0.02122
GTEx_thyroid_donor_0370	CHRNA1	0.0
GTEx_thyroid_donor_0371	CHRNA1	0.0
GTEx_thyroid_donor_0372	CHRNA1	0.08078
GTEx_thyroid_donor_0373	CHRNA1	0.0
GTEx_thyroid_donor_0374	CHRNA1	0.03436
GTEx_thyroid_donor_0375	CHRNA1	0.0
GTEx_thyroid_donor_0376	CHRNA1	0.0
GTEx_thyroid_donor_0377	CHRNA1	0.0
GTEx_thyroid_donor_0378	CHRNA1	0.0
GTEx_thyroid_donor_0379	CHRNA1	0.02113
GTEx_thyroid_donor_0380	CHRNA1	0.0
GTEx_thyroid_donor_0381	CHRNA1	0.9336
GTEx_thyroid_donor_0382	CHRNA1	0.01492
GTEx_thyroid_donor_0383	CHRNA1	0.0
GTEx_thyroid_donor_0384	CHRNA1	0.0203
GTEx_thyroid_donor_0385	CHRNA1	0.0
GTEx_thyroid_donor_0386	CHRNA1	0.0
GTEx_thyroid_donor_0387	CHRNA1	0.0
GTEx_thyroid_donor_0388	CHRNA1	0.0
GTEx_thyroid_donor_0389	CHRNA1	0.0
GTEx_thyroid_donor_0390	CHRNA1	0.0
GTEx_thyroid_donor_0391	CHRNA1	0.05822
GTEx_thyroid_donor_0392	CHRNA1	0.04754
GTEx_thyroid_donor_0393	CHRNA1	0.06099
GTEx_thyroid_donor_0394	CHRNA1	0.0
GTEx_thyroid_donor_0395	CHRNA1	0.01699
GTEx_thyroid_donor_0396	CHRNA1	0.0
GTEx_thyroid_donor_0397	CHRNA1	0.03481
GTEx_thyroid_donor_0398	CHRNA1	0.0
GTEx_thyroid_donor_0399	CHRNA1	0.02883
GTEx_thyroid_donor_0400	CHRNA1	0.01738
GTEx_thyroid_donor_0401	CHRNA1	0.02193
GTEx_thyroid_donor_0402	CHRNA1	0.0
GTEx_thyroid_donor_0403	CHRNA1	0.02983
GTEx_thyroid_donor_0404	CHRNA1	0.02198
GTEx_thyroid_donor_0405	CHRNA1	0.01557
GTEx_thyroid_donor_0406	CHRNA1	0.0
GTEx_thyroid_donor_0407	CHRNA1	0.149
GTEx_thyroid_donor_0408	CHRNA1	0.01148
GTEx_thyroid_donor_0409	CHRNA1	0.00755
GTEx_thyroid_donor_0410	CHRNA1	0.08352
GTEx_thyroid_donor_0411	CHRNA1	0.0
GTEx_thyroid_donor_0412	CHRNA1	0.01537
GTEx_thyroid_donor_0413	CHRNA1	0.04467
GTEx_thyroid_donor_0414	CHRNA1	0.0
GTEx_thyroid_donor_0415	CHRNA1	0.01317
GTEx_thyroid_donor_0416	CHRNA1	0.0
GTEx_thyroid_donor_0417	CHRNA1	0.02462
GTEx_thyroid_donor_0418	CHRNA1	0.0
GTEx_thyroid_donor_0419	CHRNA1	0.0
GTEx_thyroid_donor_0420	CHRNA1	0.0211
GTEx_thyroid_donor_0421	CHRNA1	0.01808
GTEx_thyroid_donor_0422	CHRNA1	0.06912
GTEx_thyroid_donor_0423	CHRNA1	0.1336
GTEx_thyroid_donor_0424	CHRNA1	0.0
GTEx_thyroid_donor_0425	CHRNA1	0.05357
GTEx_thyroid_donor_0426	CHRNA1	0.0
GTEx_thyroid_donor_0427	CHRNA1	0.08105
GTEx_thyroid_donor_0428	CHRNA1	0.0
GTEx_thyroid_donor_0429	CHRNA1	0.03062
GTEx_thyroid_donor_0430	CHRNA1	0.0
GTEx_thyroid_donor_0431	CHRNA1	0.1123
GTEx_thyroid_donor_0432	CHRNA1	0.01386
GTEx_thyroid_donor_0433	CHRNA1	0.0
GTEx_thyroid_donor_0434	CHRNA1	0.0
GTEx_thyroid_donor_0435	CHRNA1	0.0
GTEx_thyroid_donor_0436	CHRNA1	0.0
GTEx_thyroid_donor_0437	CHRNA1	0.05163
GTEx_thyroid_donor_0438	CHRNA1	0.0
GTEx_thyroid_donor_0439	CHRNA1	0.02106
GTEx_thyroid_donor_0440	CHRNA1	0.07973
GTEx_thyroid_donor_0441	CHRNA1	0.1148
GTEx_thyroid_donor_0442	CHRNA1	0.09376
GTEx_thyroid_donor_0443	CHRNA1	0.0297
GTEx_thyroid_donor_0444	CHRNA1	0.0
GTEx_thyroid_donor_0445	CHRNA1	0.01759
GTEx_thyroid_donor_0446	CHRNA1	0.01733
GTEx_thyroid_donor_0447	CHRNA1	0.06776
GTEx_thyroid_donor_0448	CHRNA1	0.0
GTEx_thyroid_donor_0449	CHRNA1	0.023
GTEx_thyroid_donor_0450	CHRNA1	0.07634
GTEx_thyroid_donor_0451	CHRNA1	0.0
GTEx_thyroid_donor_0452	CHRNA1	0.0
GTEx_thyroid_donor_0453	CHRNA1	0.1105
GTEx_thyroid_donor_0454	CHRNA1	0.01481
GTEx_thyroid_donor_0455	CHRNA1	0.0
GTEx_thyroid_donor_0456	CHRNA1	0.0
GTEx_thyroid_donor_0457	CHRNA1	0.0
GTEx_thyroid_donor_0458	CHRNA1	0.0
GTEx_thyroid_donor_0459	CHRNA1	0.02647
GTEx_thyroid_donor_0460	CHRNA1	0.02339
GTEx_thyroid_donor_0461	CHRNA1	0.03114
GTEx_thyroid_donor_0462	CHRNA1	0.01621
GTEx_thyroid_donor_0463	CHRNA1	0.0
GTEx_thyroid_donor_0464	CHRNA1	0.0429
GTEx_thyroid_donor_0465	CHRNA1	0.0105
GTEx_thyroid_donor_0466	CHRNA1	0.0
GTEx_thyroid_donor_0467	CHRNA1	0.1027
GTEx_thyroid_donor_0468	CHRNA1	0.05207
GTEx_thyroid_donor_0469	CHRNA1	0.0
GTEx_thyroid_donor_0470	CHRNA1	0.04542
GTEx_thyroid_donor_0471	CHRNA1	0.04135
GTEx_thyroid_donor_0472	CHRNA1	0.0
GTEx_thyroid_donor_0473	CHRNA1	0.01211
GTEx_thyroid_donor_0474	CHRNA1	0.05026
GTEx_thyroid_donor_0475	CHRNA1	0.2737
GTEx_thyroid_donor_0476	CHRNA1	0.0
GTEx_thyroid_donor_0477	CHRNA1	0.04142
GTEx_thyroid_donor_0478	CHRNA1	0.02337
GTEx_thyroid_donor_0479	CHRNA1	0.0
GTEx_thyroid_donor_0480	CHRNA1	0.02573
GTEx_thyroid_donor_0481	CHRNA1	0.04897
GTEx_thyroid_donor_0482	CHRNA1	0.06573
GTEx_thyroid_donor_0483	CHRNA1	0.02229
GTEx_thyroid_donor_0484	CHRNA1	0.00768
GTEx_thyroid_donor_0485	CHRNA1	0.0
GTEx_thyroid_donor_0486	CHRNA1	0.115
GTEx_thyroid_donor_0487	CHRNA1	0.09924
GTEx_thyroid_donor_0488	CHRNA1	0.3954
GTEx_thyroid_donor_0489	CHRNA1	0.06896
GTEx_thyroid_donor_0490	CHRNA1	0.03954
GTEx_thyroid_donor_0491	CHRNA1	0.0
GTEx_thyroid_donor_0492	CHRNA1	0.09125
GTEx_thyroid_donor_0493	CHRNA1	0.0
GTEx_thyroid_donor_0494	CHRNA1	0.00802
GTEx_thyroid_donor_0495	CHRNA1	0.0
GTEx_thyroid_donor_0496	CHRNA1	0.0
GTEx_thyroid_donor_0497	CHRNA1	0.1605
GTEx_thyroid_donor_0498	CHRNA1	0.01867
GTEx_thyroid_donor_0499	CHRNA1	0.06572
GTEx_thyroid_donor_0500	CHRNA1	0.0269
GTEx_thyroid_donor_0501	CHRNA1	0.1283
GTEx_thyroid_donor_0502	CHRNA1	0.0
GTEx_thyroid_donor_0503	CHRNA1	0.1542
GTEx_thyroid_donor_0504	CHRNA1	0.03849
GTEx_thyroid_donor_0505	CHRNA1	1.076
GTEx_thyroid_donor_0506	CHRNA1	0.1917
GTEx_thyroid_donor_0507	CHRNA1	0.04171
GTEx_thyroid_donor_0508	CHRNA1	0.05309
GTEx_thyroid_donor_0509	CHRNA1	0.0
GTEx_thyroid_donor_0510	CHRNA1	0.0
GTEx_thyroid_donor_0511	CHRNA1	0.0
GTEx_thyroid_donor_0512	CHRNA1	0.0
GTEx_thyroid_donor_0513	CHRNA1	0.00936
GTEx_thyroid_donor_0514	CHRNA1	0.04667
GTEx_thyroid_donor_0515	CHRNA1	0.01853
GTEx_thyroid_donor_0516	CHRNA1	0.0
GTEx_thyroid_donor_0517	CHRNA1	0.03846
GTEx_thyroid_donor_0518	CHRNA1	0.1745
GTEx_thyroid_donor_0519	CHRNA1	0.03336
GTEx_thyroid_donor_0520	CHRNA1	0.0
GTEx_thyroid_donor_0521	CHRNA1	0.01415
GTEx_thyroid_donor_0522	CHRNA1	0.0
GTEx_thyroid_donor_0523	CHRNA1	0.01553
GTEx_thyroid_donor_0524	CHRNA1	0.1635
GTEx_thyroid_donor_0525	CHRNA1	0.02175
GTEx_thyroid_donor_0526	CHRNA1	0.0
GTEx_thyroid_donor_0527	CHRNA1	0.1497
GTEx_thyroid_donor_0528	CHRNA1	0.05414
GTEx_thyroid_donor_0529	CHRNA1	0.06142
GTEx_thyroid_donor_0530	CHRNA1	0.1007
GTEx_thyroid_donor_0531	CHRNA1	0.07633
GTEx_thyroid_donor_0532	CHRNA1	0.03204
GTEx_thyroid_donor_0533	CHRNA1	0.2634
GTEx_thyroid_donor_0534	CHRNA1	0.03872
GTEx_thyroid_donor_0535	CHRNA1	0.02153
GTEx_thyroid_donor_0536	CHRNA1	0.1031
GTEx_thyroid_donor_0537	CHRNA1	0.02197
GTEx_thyroid_donor_0538	CHRNA1	0.05153
GTEx_thyroid_donor_0539	CHRNA1	0.257
GTEx_thyroid_donor_0540	CHRNA1	0.7983
GTEx_thyroid_donor_0541	CHRNA1	0.01926
GTEx_thyroid_donor_0542	CHRNA1	0.04952
GTEx_thyroid_donor_0543	CHRNA1	0.01896
GTEx_thyroid_donor_0544	CHRNA1	0.08338
GTEx_thyroid_donor_0545	CHRNA1	0.04778
GTEx_thyroid_donor_0546	CHRNA1	0.25
GTEx_thyroid_donor_0547	CHRNA1	0.07403
GTEx_thyroid_donor_0548	CHRNA1	0.01671
GTEx_thyroid_donor_0549	CHRNA1	0.06932
GTEx_thyroid_donor_0550	CHRNA1	0.03708
GTEx_thyroid_donor_0551	CHRNA1	0.1288
GTEx_thyroid_donor_0552	CHRNA1	0.07857
GTEx_thyroid_donor_0553	CHRNA1	0.07235
GTEx_thyroid_donor_0554	CHRNA1	0.0
GTEx_thyroid_donor_0555	CHRNA1	0.0
GTEx_thyroid_donor_0556	CHRNA1	0.0856
GTEx_thyroid_donor_0557	CHRNA1	0.0
GTEx_thyroid_donor_0558	CHRNA1	0.01679
GTEx_thyroid_donor_0559	CHRNA1	0.0
GTEx_thyroid_donor_0560	CHRNA1	0.02284
GTEx_thyroid_donor_0561	CHRNA1	0.00854
GTEx_thyroid_donor_0562	CHRNA1	0.01471
GTEx_thyroid_donor_0563	CHRNA1	0.6056
GTEx_thyroid_donor_0564	CHRNA1	0.03886
GTEx_thyroid_donor_0565	CHRNA1	0.0282
GTEx_thyroid_donor_0566	CHRNA1	0.09797
GTEx_thyroid_donor_0567	CHRNA1	0.06724
GTEx_thyroid_donor_0568	CHRNA1	0.03167
GTEx_thyroid_donor_0569	CHRNA1	0.02406
GTEx_thyroid_donor_0570	CHRNA1	0.06757
GTEx_thyroid_donor_0571	CHRNA1	0.07185
GTEx_thyroid_donor_0572	CHRNA1	0.02424
GTEx_thyroid_donor_0573	CHRNA1	0.0
GTEx_thyroid_donor_0574	CHRNA1	0.03461
GTEx_thyroid_donor_0575	CHRNA1	0.0275
GTEx_thyroid_donor_0576	CHRNA1	0.0
GTEx_thyroid_donor_0577	CHRNA1	0.03618
GTEx_thyroid_donor_0578	CHRNA1	0.07037
GTEx_thyroid_donor_0579	CHRNA1	0.08527
GTEx_thyroid_donor_0580	CHRNA1	0.0
GTEx_thyroid_donor_0581	CHRNA1	0.0436
GTEx_thyroid_donor_0582	CHRNA1	0.04803
GTEx_thyroid_donor_0583	CHRNA1	0.03158
GTEx_thyroid_donor_0584	CHRNA1	0.0
GTEx_thyroid_donor_0585	CHRNA1	0.05503
GTEx_thyroid_donor_0586	CHRNA1	0.0
GTEx_thyroid_donor_0587	CHRNA1	0.0
GTEx_thyroid_donor_0588	CHRNA1	0.02246
GTEx_thyroid_donor_0589	CHRNA1	1.571
GTEx_thyroid_donor_0590	CHRNA1	0.1081
GTEx_thyroid_donor_0591	CHRNA1	0.00971
GTEx_thyroid_donor_0592	CHRNA1	0.012
GTEx_thyroid_donor_0593	CHRNA1	0.04296
GTEx_thyroid_donor_0594	CHRNA1	0.02423
GTEx_thyroid_donor_0595	CHRNA1	0.112
GTEx_thyroid_donor_0596	CHRNA1	0.08889
GTEx_thyroid_donor_0597	CHRNA1	0.06749
GTEx_thyroid_donor_0598	CHRNA1	0.04647
GTEx_thyroid_donor_0599	CHRNA1	0.07625
GTEx_thyroid_donor_0600	CHRNA1	0.03396
GTEx_thyroid_donor_0601	CHRNA1	0.0
GTEx_thyroid_donor_0602	CHRNA1	0.02224
GTEx_thyroid_donor_0603	CHRNA1	0.01634
GTEx_thyroid_donor_0604	CHRNA1	0.1407
GTEx_thyroid_donor_0605	CHRNA1	0.01636
GTEx_thyroid_donor_0606	CHRNA1	0.00731
GTEx_thyroid_donor_0607	CHRNA1	0.01412
GTEx_thyroid_donor_0608	CHRNA1	0.1567
GTEx_thyroid_donor_0609	CHRNA1	0.0
GTEx_thyroid_donor_0610	CHRNA1	0.0
GTEx_thyroid_donor_0611	CHRNA1	0.01404
GTEx_thyroid_donor_0612	CHRNA1	0.0
GTEx_thyroid_donor_0613	CHRNA1	0.04492
GTEx_thyroid_donor_0614	CHRNA1	0.0
GTEx_thyroid_donor_0615	CHRNA1	0.05497
GTEx_thyroid_donor_0616	CHRNA1	0.02799
GTEx_thyroid_donor_0617	CHRNA1	0.0
GTEx_thyroid_donor_0618	CHRNA1	0.0258
GTEx_thyroid_donor_0619	CHRNA1	0.00813
GTEx_thyroid_donor_0620	CHRNA1	0.0
GTEx_thyroid_donor_0621	CHRNA1	0.0
GTEx_thyroid_donor_0622	CHRNA1	0.04245
GTEx_thyroid_donor_0623	CHRNA1	0.0569
GTEx_thyroid_donor_0624	CHRNA1	0.1001
GTEx_thyroid_donor_0625	CHRNA1	0.08867
GTEx_thyroid_donor_0626	CHRNA1	0.06887
GTEx_thyroid_donor_0627	CHRNA1	0.0
GTEx_thyroid_donor_0628	CHRNA1	0.04845
GTEx_thyroid_donor_0629	CHRNA1	0.1141
GTEx_thyroid_donor_0630	CHRNA1	0.01922
GTEx_thyroid_donor_0631	CHRNA1	0.00921
GTEx_thyroid_donor_0632	CHRNA1	0.04584
GTEx_thyroid_donor_0633	CHRNA1	0.0
GTEx_thyroid_donor_0634	CHRNA1	0.0
GTEx_thyroid_donor_0635	CHRNA1	0.02092
GTEx_thyroid_donor_0636	CHRNA1	0.02005
GTEx_thyroid_donor_0637	CHRNA1	0.0
GTEx_thyroid_donor_0638	CHRNA1	0.0
GTEx_thyroid_donor_0639	CHRNA1	0.0
GTEx_thyroid_donor_0640	CHRNA1	0.0
GTEx_thyroid_donor_0641	CHRNA1	0.08519
GTEx_thyroid_donor_0642	CHRNA1	0.0
GTEx_thyroid_donor_0643	CHRNA1	0.01042
GTEx_thyroid_donor_0644	CHRNA1	0.08644
GTEx_thyroid_donor_0645	CHRNA1	0.0
GTEx_thyroid_donor_0646	CHRNA1	0.0
GTEx_thyroid_donor_0647	CHRNA1	0.02381
GTEx_thyroid_donor_0648	CHRNA1	0.04067
GTEx_thyroid_donor_0649	CHRNA1	0.04508
GTEx_thyroid_donor_0650	CHRNA1	0.07377
GTEx_thyroid_donor_0651	CHRNA1	0.01889
GTEx_thyroid_donor_0652	CHRNA1	0.065
GTEx_thyroid_donor_0000	CRYAA	0.02354
GTEx_thyroid_donor_0001	CRYAA	0.0
GTEx_thyroid_donor_0002	CRYAA	0.0
GTEx_thyroid_donor_0003	CRYAA	0.0
GTEx_thyroid_donor_0004	CRYAA	0.0
GTEx_thyroid_donor_0005	CRYAA	0.0
GTEx_thyroid_donor_0006	CRYAA	0.0
GTEx_thyroid_donor_0007	CRYAA	0.0
GTEx_thyroid_donor_0008	CRYAA	0.0
GTEx_thyroid_donor_0009	CRYAA	0.0
GTEx_thyroid_donor_0010	CRYAA	0.0374
GTEx_thyroid_donor_0011	CRYAA	0.0831
GTEx_thyroid_donor_0012	CRYAA	0.0
GTEx_thyroid_donor_0013	CRYAA	0.0
GTEx_thyroid_donor_0014	CRYAA	0.03921
GTEx_thyroid_donor_0015	CRYAA	0.0
GTEx_thyroid_donor_0016	CRYAA	0.0
GTEx_thyroid_donor_0017	CRYAA	0.0
GTEx_thyroid_donor_0018	CRYAA	0.0
GTEx_thyroid_donor_0019	CRYAA	0.0
GTEx_thyroid_donor_0020	CRYAA	0.0
GTEx_thyroid_donor_0021	CRYAA	0.0
GTEx_thyroid_donor_0022	CRYAA	0.0
GTEx_thyroid_donor_0023	CRYAA	0.03596
GTEx_thyroid_donor_0024	CRYAA	0.0
GTEx_thyroid_donor_0025	CRYAA	0.02642
GTEx_thyroid_donor_0026	CRYAA	0.0
GTEx_thyroid_donor_0027	CRYAA	0.0
GTEx_thyroid_donor_0028	CRYAA	0.0
GTEx_thyroid_donor_0029	CRYAA	0.0
GTEx_thyroid_donor_0030	CRYAA	0.0
GTEx_thyroid_donor_0031	CRYAA	0.0
GTEx_thyroid_donor_0032	CRYAA	0.0
GTEx_thyroid_donor_0033	CRYAA	0.0
GTEx_thyroid_donor_0034	CRYAA	0.0
GTEx_thyroid_donor_0035	CRYAA	0.0
GTEx_thyroid_donor_0036	CRYAA	0.03556
GTEx_thyroid_donor_0037	CRYAA	0.0
GTEx_thyroid_donor_0038	CRYAA	0.0
GTEx_thyroid_donor_0039	CRYAA	0.0
GTEx_thyroid_donor_0040	CRYAA	0.0
GTEx_thyroid_donor_0041	CRYAA	0.0
GTEx_thyroid_donor_0042	CRYAA	0.0
GTEx_thyroid_donor_0043	CRYAA	0.0
GTEx_thyroid_donor_0044	CRYAA	0.0
GTEx_thyroid_donor_0045	CRYAA	0.0315
GTEx_thyroid_donor_0046	CRYAA	0.0
GTEx_thyroid_donor_0047	CRYAA	0.0
GTEx_thyroid_donor_0048	CRYAA	0.0
GTEx_thyroid_donor_0049	CRYAA	0.0
GTEx_thyroid_donor_0050	CRYAA	0.0
GTEx_thyroid_donor_0051	CRYAA	0.0
GTEx_thyroid_donor_0052	CRYAA	0.02057
GTEx_thyroid_donor_0053	CRYAA	0.0
GTEx_thyroid_donor_0054	CRYAA	0.0
GTEx_thyroid_donor_0055	CRYAA	0.0
GTEx_thyroid_donor_0056	CRYAA	0.0
GTEx_thyroid_donor_0057	CRYAA	0.0
GTEx_thyroid_donor_0058	CRYAA	0.0
GTEx_thyroid_donor_0059	CRYAA	0.0
GTEx_thyroid_donor_0060	CRYAA	0.0
GTEx_thyroid_donor_0061	CRYAA	0.03093
GTEx_thyroid_donor_0062	CRYAA	0.0
GTEx_thyroid_donor_0063	CRYAA	0.02466
GTEx_thyroid_donor_0064	CRYAA	0.0
GTEx_thyroid_donor_0065	CRYAA	0.0
GTEx_thyroid_donor_0066	CRYAA	0.0
GTEx_thyroid_donor_0067	CRYAA	0.0
GTEx_thyroid_donor_0068	CRYAA	0.0
GTEx_thyroid_donor_0069	CRYAA	0.03769
GTEx_thyroid_donor_0070	CRYAA	0.0
GTEx_thyroid_donor_0071	CRYAA	0.0
GTEx_thyroid_donor_0072	CRYAA	0.0
GTEx_thyroid_donor_0073	CRYAA	0.01934
GTEx_thyroid_donor_0074	CRYAA	0.0
GTEx_thyroid_donor_0075	CRYAA	0.0
GTEx_thyroid_donor_0076	CRYAA	0.0
GTEx_thyroid_donor_0077	CRYAA	0.0
GTEx_thyroid_donor_0078	CRYAA	0.0
GTEx_thyroid_donor_0079	CRYAA	0.0
GTEx_thyroid_donor_0080	CRYAA	0.0
GTEx_thyroid_donor_0081	CRYAA	0.0
GTEx_thyroid_donor_0082	CRYAA	0.0
GTEx_thyroid_donor_0083	CRYAA	0.0
GTEx_thyroid_donor_0084	CRYAA	0.0
GTEx_thyroid_donor_0085	CRYAA	0.0
GTEx_thyroid_donor_0086	CRYAA	0.0
GTEx_thyroid_donor_0087	CRYAA	0.0
GTEx_thyroid_donor_0088	CRYAA	0.02547
GTEx_thyroid_donor_0089	CRYAA	0.0
GTEx_thyroid_donor_0090	CRYAA	0.0
GTEx_thyroid_donor_0091	CRYAA	0.0
GTEx_thyroid_donor_0092	CRYAA	0.0
GTEx_thyroid_donor_0093	CRYAA	0.0
GTEx_thyroid_donor_0094	CRYAA	0.0
GTEx_thyroid_donor_0095	CRYAA	0.0
GTEx_thyroid_donor_0096	CRYAA	0.0
GTEx_thyroid_donor_0097	CRYAA	0.0
GTEx_thyroid_donor_0098	CRYAA	0.0
GTEx_thyroid_donor_0099	CRYAA	0.0
GTEx_thyroid_donor_0100	CRYAA	0.0
GTEx_thyroid_donor_0101	CRYAA	0.0
GTEx_thyroid_donor_0102	CRYAA	0.0
GTEx_thyroid_donor_0103	CRYAA	0.08193
GTEx_thyroid_donor_0104	CRYAA	0.0
GTEx_thyroid_donor_0105	CRYAA	0.03332
GTEx_thyroid_donor_0106	CRYAA	0.06739
GTEx_thyroid_donor_0107	CRYAA	0.0
GTEx_thyroid_donor_0108	CRYAA	0.0
GTEx_thyroid_donor_0109	CRYAA	0.0
GTEx_thyroid_donor_0110	CRYAA	0.0
GTEx_thyroid_donor_0111	CRYAA	0.0
GTEx_thyroid_donor_0112	CRYAA	0.0
GTEx_thyroid_donor_0113	CRYAA	0.02371
GTEx_thyroid_donor_0114	CRYAA	0.0
GTEx_thyroid_donor_0115	CRYAA	0.0
GTEx_thyroid_donor_0116	CRYAA	0.0
GTEx_thyroid_donor_0117	CRYAA	0.01543
GTEx_thyroid_donor_0118	CRYAA	0.0
GTEx_thyroid_donor_0119	CRYAA	0.0
GTEx_thyroid_donor_0120	CRYAA	0.0
GTEx_thyroid_donor_0121	CRYAA	0.0
GTEx_thyroid_donor_0122	CRYAA	0.0
GTEx_thyroid_donor_0123	CRYAA	0.0
GTEx_thyroid_donor_0124	CRYAA	0.0
GTEx_thyroid_donor_0125	CRYAA	0.0
GTEx_thyroid_donor_0126	CRYAA	0.0
GTEx_thyroid_donor_0127	CRYAA	0.0
GTEx_thyroid_donor_0128	CRYAA	0.0
GTEx_thyroid_donor_0129	CRYAA	0.0
GTEx_thyroid_donor_0130	CRYAA	0.031
GTEx_thyroid_donor_0131	CRYAA	0.0
GTEx_thyroid_donor_0132	CRYAA	0.0
GTEx_thyroid_donor_0133	CRYAA	0.0
GTEx_thyroid_donor_0134	CRYAA	0.0
GTEx_thyroid_donor_0135	CRYAA	0.0
GTEx_thyroid_donor_0136	CRYAA	0.07761
GTEx_thyroid_donor_0137	CRYAA	0.0
GTEx_thyroid_donor_0138	CRYAA	0.02939
GTEx_thyroid_donor_0139	CRYAA	0.0
GTEx_thyroid_donor_0140	CRYAA	0.0
GTEx_thyroid_donor_0141	CRYAA	0.0
GTEx_thyroid_donor_0142	CRYAA	0.0
GTEx_thyroid_donor_0143	CRYAA	0.0
GTEx_thyroid_donor_0144	CRYAA	0.0
GTEx_thyroid_donor_0145	CRYAA	0.0379
GTEx_thyroid_donor_0146	CRYAA	0.0
GTEx_thyroid_donor_0147	CRYAA	0.0
GTEx_thyroid_donor_0148	CRYAA	0.0
GTEx_thyroid_donor_0149	CRYAA	0.03021
GTEx_thyroid_donor_0150	CRYAA	0.0
GTEx_thyroid_donor_0151	CRYAA	0.0
GTEx_thyroid_donor_0152	CRYAA	0.03123
GTEx_thyroid_donor_0153	CRYAA	0.0
GTEx_thyroid_donor_0154	CRYAA	0.0
GTEx_thyroid_donor_0155	CRYAA	0.0
GTEx_thyroid_donor_0156	CRYAA	0.0
GTEx_thyroid_donor_0157	CRYAA	0.0
GTEx_thyroid_donor_0158	CRYAA	0.01922
GTEx_thyroid_donor_0159	CRYAA	0.0
GTEx_thyroid_donor_0160	CRYAA	0.0
GTEx_thyroid_donor_0161	CRYAA	0.0
GTEx_thyroid_donor_0162	CRYAA	0.03951
GTEx_thyroid_donor_0163	CRYAA	0.0
GTEx_thyroid_donor_0164	CRYAA	0.0
GTEx_thyroid_donor_0165	CRYAA	0.0
GTEx_thyroid_donor_0166	CRYAA	0.0
GTEx_thyroid_donor_0167	CRYAA	0.0
GTEx_thyroid_donor_0168	CRYAA	0.02801
GTEx_thyroid_donor_0169	CRYAA	0.0
GTEx_thyroid_donor_0170	CRYAA	0.01987
GTEx_thyroid_donor_0171	CRYAA	0.0
GTEx_thyroid_donor_0172	CRYAA	0.0
GTEx_thyroid_donor_0173	CRYAA	0.0
GTEx_thyroid_donor_0174	CRYAA	0.0
GTEx_thyroid_donor_0175	CRYAA	0.0
GTEx_thyroid_donor_0176	CRYAA	0.0
GTEx_thyroid_donor_0177	CRYAA	0.0
GTEx_thyroid_donor_0178	CRYAA	0.0
GTEx_thyroid_donor_0179	CRYAA	0.0
GTEx_thyroid_donor_0180	CRYAA	0.0
GTEx_thyroid_donor_0181	CRYAA	0.0
GTEx_thyroid_donor_0182	CRYAA	0.04815
GTEx_thyroid_donor_0183	CRYAA	0.0
GTEx_thyroid_donor_0184	CRYAA	0.0
GTEx_thyroid_donor_0185	CRYAA	0.0
GTEx_thyroid_donor_0186	CRYAA	0.01898
GTEx_thyroid_donor_0187	CRYAA	0.0
GTEx_thyroid_donor_0188	CRYAA	0.0
GTEx_thyroid_donor_0189	CRYAA	0.0
GTEx_thyroid_donor_0190	CRYAA	0.0
GTEx_thyroid_donor_0191	CRYAA	0.0
GTEx_thyroid_donor_0192	CRYAA	0.0
GTEx_thyroid_donor_0193	CRYAA	0.0
GTEx_thyroid_donor_0194	CRYAA	0.0
GTEx_thyroid_donor_0195	CRYAA	0.0
GTEx_thyroid_donor_0196	CRYAA	0.03784
GTEx_thyroid_donor_0197	CRYAA	0.0
GTEx_thyroid_donor_0198	CRYAA	0.0
GTEx_thyroid_donor_0199	CRYAA	0.04468
GTEx_thyroid_donor_0200	CRYAA	0.0
GTEx_thyroid_donor_0201	CRYAA	0.0
GTEx_thyroid_donor_0202	CRYAA	0.0
GTEx_thyroid_donor_0203	CRYAA	0.0
GTEx_thyroid_donor_0204	CRYAA	0.0
GTEx_thyroid_donor_0205	CRYAA	0.0
GTEx_thyroid_donor_0206	CRYAA	0.0
GTEx_thyroid_donor_0207	CRYAA	0.0
GTEx_thyroid_donor_0208	CRYAA	0.0
GTEx_thyroid_donor_0209	CRYAA	0.0225
GTEx_thyroid_donor_0210	CRYAA	0.0
GTEx_thyroid_donor_0211	CRYAA	0.0
GTEx_thyroid_donor_0212	CRYAA	0.0
GTEx_thyroid_donor_0213	CRYAA	0.1032
GTEx_thyroid_donor_0214	CRYAA	0.0
GTEx_thyroid_donor_0215	CRYAA	0.05893
GTEx_thyroid_donor_0216	CRYAA	0.02208
GTEx_thyroid_donor_0217	CRYAA	0.0
GTEx_thyroid_donor_0218	CRYAA	0.02638
GTEx_thyroid_donor_0219	CRYAA	0.0
GTEx_thyroid_donor_0220	CRYAA	0.0
GTEx_thyroid_donor_0221	CRYAA	0.0
GTEx_thyroid_donor_0222	CRYAA	0.03961
GTEx_thyroid_donor_0223	CRYAA	0.0
GTEx_thyroid_donor_0224	CRYAA	0.0
GTEx_thyroid_donor_0225	CRYAA	0.0
GTEx_thyroid_donor_0226	CRYAA	0.0
GTEx_thyroid_donor_0227	CRYAA	0.0
GTEx_thyroid_donor_0228	CRYAA	0.0
GTEx_thyroid_donor_0229	CRYAA	0.04385
GTEx_thyroid_donor_0230	CRYAA	0.0
GTEx_thyroid_donor_0231	CRYAA	0.0
GTEx_thyroid_donor_0232	CRYAA	0.0
GTEx_thyroid_donor_0233	CRYAA	0.0
GTEx_thyroid_donor_0234	CRYAA	0.0
GTEx_thyroid_donor_0235	CRYAA	0.0
GTEx_thyroid_donor_0236	CRYAA	0.0
GTEx_thyroid_donor_0237	CRYAA	0.0
GTEx_thyroid_donor_0238	CRYAA	0.0
GTEx_thyroid_donor_0239	CRYAA	0.0
GTEx_thyroid_donor_0240	CRYAA	0.0
GTEx_thyroid_donor_0241	CRYAA	0.0
GTEx_thyroid_donor_0242	CRYAA	0.0
GTEx_thyroid_donor_0243	CRYAA	0.02804
GTEx_thyroid_donor_0244	CRYAA	0.0
GTEx_thyroid_donor_0245	CRYAA	0.0
GTEx_thyroid_donor_0246	CRYAA	0.0
GTEx_thyroid_donor_0247	CRYAA	0.0
GTEx_thyroid_donor_0248	CRYAA	0.0
GTEx_thyroid_donor_0249	CRYAA	0.0
GTEx_thyroid_donor_0250	CRYAA	0.0
GTEx_thyroid_donor_0251	CRYAA	0.0
GTEx_thyroid_donor_0252	CRYAA	0.0
GTEx_thyroid_donor_0253	CRYAA	0.0
GTEx_thyroid_donor_0254	CRYAA	0.0
GTEx_thyroid_donor_0255	CRYAA	0.0
GTEx_thyroid_donor_0256	CRYAA	0.0
GTEx_thyroid_donor_0257	CRYAA	0.205
GTEx_thyroid_donor_0258	CRYAA	0.0
GTEx_thyroid_donor_0259	CRYAA	0.0
GTEx_thyroid_donor_0260	CRYAA	0.0
GTEx_thyroid_donor_0261	CRYAA	0.0
GTEx_thyroid_donor_0262	CRYAA	0.0
GTEx_thyroid_donor_0263	CRYAA	0.08526
GTEx_thyroid_donor_0264	CRYAA	0.0
GTEx_thyroid_donor_0265	CRYAA	0.08581
GTEx_thyroid_donor_0266	CRYAA	0.0
GTEx_thyroid_donor_0267	CRYAA	0.0
GTEx_thyroid_donor_0268	CRYAA	0.0
GTEx_thyroid_donor_0269	CRYAA	0.0
GTEx_thyroid_donor_0270	CRYAA	0.0
GTEx_thyroid_donor_0271	CRYAA	0.0
GTEx_thyroid_donor_0272	CRYAA	0.0
GTEx_thyroid_donor_0273	CRYAA	0.0
GTEx_thyroid_donor_0274	CRYAA	0.0
GTEx_thyroid_donor_0275	CRYAA	0.0
GTEx_thyroid_donor_0276	CRYAA	0.0
GTEx_thyroid_donor_0277	CRYAA	0.01905
GTEx_thyroid_donor_0278	CRYAA	0.0
GTEx_thyroid_donor_0279	CRYAA	0.0
GTEx_thyroid_donor_0280	CRYAA	0.0
GTEx_thyroid_donor_0281	CRYAA	0.0
GTEx_thyroid_donor_0282	CRYAA	0.03308
GTEx_thyroid_donor_0283	CRYAA	0.0
GTEx_thyroid_donor_0284	CRYAA	0.0
GTEx_thyroid_donor_0285	CRYAA	0.0
GTEx_thyroid_donor_0286	CRYAA	0.0
GTEx_thyroid_donor_0287	CRYAA	0.0
GTEx_thyroid_donor_0288	CRYAA	0.0
GTEx_thyroid_donor_0289	CRYAA	0.0
GTEx_thyroid_donor_0290	CRYAA	0.0
GTEx_thyroid_donor_0291	CRYAA	0.0
GTEx_thyroid_donor_0292	CRYAA	0.08811
GTEx_thyroid_donor_0293	CRYAA	0.0
GTEx_thyroid_donor_0294	CRYAA	0.02019
GTEx_thyroid_donor_0295	CRYAA	0.0
GTEx_thyroid_donor_0296	CRYAA	0.0
GTEx_thyroid_donor_0297	CRYAA	0.0
GTEx_thyroid_donor_0298	CRYAA	0.01743
GTEx_thyroid_donor_0299	CRYAA	0.0
GTEx_thyroid_donor_0300	CRYAA	0.1521
GTEx_thyroid_donor_0301	CRYAA	0.0
GTEx_thyroid_donor_0302	CRYAA	0.0
GTEx_thyroid_donor_0303	CRYAA	0.0
GTEx_thyroid_donor_0304	CRYAA	0.02245
GTEx_thyroid_donor_0305	CRYAA	0.0
GTEx_thyroid_donor_0306	CRYAA	0.0
GTEx_thyroid_donor_0307	CRYAA	0.0
GTEx_thyroid_donor_0308	CRYAA	0.0
GTEx_thyroid_donor_0309	CRYAA	0.02428
GTEx_thyroid_donor_0310	CRYAA	0.0
GTEx_thyroid_donor_0311	CRYAA	0.0
GTEx_thyroid_donor_0312	CRYAA	0.0
GTEx_thyroid_donor_0313	CRYAA	0.0
GTEx_thyroid_donor_0314	CRYAA	0.0
GTEx_thyroid_donor_0315	CRYAA	0.09092
GTEx_thyroid_donor_0316	CRYAA	0.0
GTEx_thyroid_donor_0317	CRYAA	0.0
GTEx_thyroid_donor_0318	CRYAA	0.01947
GTEx_thyroid_donor_0319	CRYAA	0.0
GTEx_thyroid_donor_0320	CRYAA	0.0
GTEx_thyroid_donor_0321	CRYAA	0.0
GTEx_thyroid_donor_0322	CRYAA	0.0
GTEx_thyroid_donor_0323	CRYAA	0.0
GTEx_thyroid_donor_0324	CRYAA	0.0
GTEx_thyroid_donor_0325	CRYAA	0.0
GTEx_thyroid_donor_0326	CRYAA	0.0
GTEx_thyroid_donor_0327	CRYAA	0.0
GTEx_thyroid_donor_0328	CRYAA	0.0
GTEx_thyroid_donor_0329	CRYAA	0.0
GTEx_thyroid_donor_0330	CRYAA	0.02499
GTEx_thyroid_donor_0331	CRYAA	0.0
GTEx_thyroid_donor_0332	CRYAA	0.0
GTEx_thyroid_donor_0333	CRYAA	0.0
GTEx_thyroid_donor_0334	CRYAA	0.0
GTEx_thyroid_donor_0335	CRYAA	0.0
GTEx_thyroid_donor_0336	CRYAA	0.0
GTEx_thyroid_donor_0337	CRYAA	0.0
GTEx_thyroid_donor_0338	CRYAA	0.0
GTEx_thyroid_donor_0339	CRYAA	0.0
GTEx_thyroid_donor_0340	CRYAA	0.0
GTEx_thyroid_donor_0341	CRYAA	0.0
GTEx_thyroid_donor_0342	CRYAA	0.0
GTEx_thyroid_donor_0343	CRYAA	0.0
GTEx_thyroid_donor_0344	CRYAA	0.0
GTEx_thyroid_donor_0345	CRYAA	0.0
GTEx_thyroid_donor_0346	CRYAA	0.0
GTEx_thyroid_donor_0347	CRYAA	0.0
GTEx_thyroid_donor_0348	CRYAA	0.0
GTEx_thyroid_donor_0349	CRYAA	0.0
GTEx_thyroid_donor_0350	CRYAA	0.03494
GTEx_thyroid_donor_0351	CRYAA	0.03761
GTEx_thyroid_donor_0352	CRYAA	0.02137
GTEx_thyroid_donor_0353	CRYAA	0.02242
GTEx_thyroid_donor_0354	CRYAA	0.0
GTEx_thyroid_donor_0355	CRYAA	0.0
GTEx_thyroid_donor_0356	CRYAA	0.0
GTEx_thyroid_donor_0357	CRYAA	0.0
GTEx_thyroid_donor_0358	CRYAA	0.0
GTEx_thyroid_donor_0359	CRYAA	0.0
GTEx_thyroid_donor_0360	CRYAA	0.02478
GTEx_thyroid_donor_0361	CRYAA	0.0
GTEx_thyroid_donor_0362	CRYAA	0.0
GTEx_thyroid_donor_0363	CRYAA	0.08182
GTEx_thyroid_donor_0364	CRYAA	0.0
GTEx_thyroid_donor_0365	CRYAA	0.0
GTEx_thyroid_donor_0366	CRYAA	0.0
GTEx_thyroid_donor_0367	CRYAA	0.0
GTEx_thyroid_donor_0368	CRYAA	0.0
GTEx_thyroid_donor_0369	CRYAA	0.0
GTEx_thyroid_donor_0370	CRYAA	0.0
GTEx_thyroid_donor_0371	CRYAA	0.0
GTEx_thyroid_donor_0372	CRYAA	0.0
GTEx_thyroid_donor_0373	CRYAA	0.0
GTEx_thyroid_donor_0374	CRYAA	0.0
GTEx_thyroid_donor_0375	CRYAA	0.0
GTEx_thyroid_donor_0376	CRYAA	0.0
GTEx_thyroid_donor_0377	CRYAA	0.0
GTEx_thyroid_donor_0378	CRYAA	0.0
GTEx_thyroid_donor_0379	CRYAA	0.0
GTEx_thyroid_donor_0380	CRYAA	0.0
GTEx_thyroid_donor_0381	CRYAA	0.0
GTEx_thyroid_donor_0382	CRYAA	0.02114
GTEx_thyroid_donor_0383	CRYAA	0.0
GTEx_thyroid_donor_0384	CRYAA	0.0
GTEx_thyroid_donor_0385	CRYAA	0.0
GTEx_thyroid_donor_0386	CRYAA	0.0
GTEx_thyroid_donor_0387	CRYAA	0.0
GTEx_thyroid_donor_0388	CRYAA	0.02404
GTEx_thyroid_donor_0389	CRYAA	0.0
GTEx_thyroid_donor_0390	CRYAA	0.0
GTEx_thyroid_donor_0391	CRYAA	0.0
GTEx_thyroid_donor_0392	CRYAA	0.0
GTEx_thyroid_donor_0393	CRYAA	0.0
GTEx_thyroid_donor_0394	CRYAA	0.0
GTEx_thyroid_donor_0395	CRYAA	0.0
GTEx_thyroid_donor_0396	CRYAA	0.0
GTEx_thyroid_donor_0397	CRYAA	0.0
GTEx_thyroid_donor_0398	CRYAA	0.0
GTEx_thyroid_donor_0399	CRYAA	0.0
GTEx_thyroid_donor_0400	CRYAA	0.0
GTEx_thyroid_donor_0401	CRYAA	0.0
GTEx_thyroid_donor_0402	CRYAA	0.01925
GTEx_thyroid_donor_0403	CRYAA	0.0
GTEx_thyroid_donor_0404	CRYAA	0.0
GTEx_thyroid_donor_0405	CRYAA	0.0
GTEx_thyroid_donor_0406	CRYAA	0.01749
GTEx_thyroid_donor_0407	CRYAA	0.0
GTEx_thyroid_donor_0408	CRYAA	0.03251
GTEx_thyroid_donor_0409	CRYAA	0.02139
GTEx_thyroid_donor_0410	CRYAA	0.0
GTEx_thyroid_donor_0411	CRYAA	0.0
GTEx_thyroid_donor_0412	CRYAA	0.0
GTEx_thyroid_donor_0413	CRYAA	0.0
GTEx_thyroid_donor_0414	CRYAA	0.0
GTEx_thyroid_donor_0415	CRYAA	0.0
GTEx_thyroid_donor_0416	CRYAA	0.0
GTEx_thyroid_donor_0417	CRYAA	0.0
GTEx_thyroid_donor_0418	CRYAA	0.0
GTEx_thyroid_donor_0419	CRYAA	0.0
GTEx_thyroid_donor_0420	CRYAA	0.0
GTEx_thyroid_donor_0421	CRYAA	0.0
GTEx_thyroid_donor_0422	CRYAA	0.0
GTEx_thyroid_donor_0423	CRYAA	0.0
GTEx_thyroid_donor_0424	CRYAA	0.0
GTEx_thyroid_donor_0425	CRYAA	0.0
GTEx_thyroid_donor_0426	CRYAA	0.0
GTEx_thyroid_donor_0427	CRYAA	0.0
GTEx_thyroid_donor_0428	CRYAA	0.0
GTEx_thyroid_donor_0429	CRYAA	0.0
GTEx_thyroid_donor_0430	CRYAA	0.0
GTEx_thyroid_donor_0431	CRYAA	0.0
GTEx_thyroid_donor_0432	CRYAA	0.0
GTEx_thyroid_donor_0433	CRYAA	0.0
GTEx_thyroid_donor_0434	CRYAA	0.0
GTEx_thyroid_donor_0435	CRYAA	0.0
GTEx_thyroid_donor_0436	CRYAA	0.0
GTEx_thyroid_donor_0437	CRYAA	0.0
GTEx_thyroid_donor_0438	CRYAA	0.0
GTEx_thyroid_donor_0439	CRYAA	0.0
GTEx_thyroid_donor_0440	CRYAA	0.02823
GTEx_thyroid_donor_0441	CRYAA	0.0
GTEx_thyroid_donor_0442	CRYAA	0.0
GTEx_thyroid_donor_0443	CRYAA	0.0
GTEx_thyroid_donor_0444	CRYAA	0.0
GTEx_thyroid_donor_0445	CRYAA	0.0
GTEx_thyroid_donor_0446	CRYAA	0.0
GTEx_thyroid_donor_0447	CRYAA	0.0
GTEx_thyroid_donor_0448	CRYAA	0.0
GTEx_thyroid_donor_0449	CRYAA	0.0
GTEx_thyroid_donor_0450	CRYAA	0.0
GTEx_thyroid_donor_0451	CRYAA	0.0
GTEx_thyroid_donor_0452	CRYAA	0.0
GTEx_thyroid_donor_0453	CRYAA	0.0
GTEx_thyroid_donor_0454	CRYAA	0.0
GTEx_thyroid_donor_0455	CRYAA	0.0
GTEx_thyroid_donor_0456	CRYAA	0.0
GTEx_thyroid_donor_0457	CRYAA	0.0
GTEx_thyroid_donor_0458	CRYAA	0.03413
GTEx_thyroid_donor_0459	CRYAA	0.0
GTEx_thyroid_donor_0460	CRYAA	0.0
GTEx_thyroid_donor_0461	CRYAA	0.0
GTEx_thyroid_donor_0462	CRYAA	0.0
GTEx_thyroid_donor_0463	CRYAA	0.0
GTEx_thyroid_donor_0464	CRYAA	0.0
GTEx_thyroid_donor_0465	CRYAA	0.0
GTEx_thyroid_donor_0466	CRYAA	0.01875
GTEx_thyroid_donor_0467	CRYAA	0.0
GTEx_thyroid_donor_0468	CRYAA	0.0
GTEx_thyroid_donor_0469	CRYAA	0.0
GTEx_thyroid_donor_0470	CRYAA	0.02144
GTEx_thyroid_donor_0471	CRYAA	0.02343
GTEx_thyroid_donor_0472	CRYAA	0.0437
GTEx_thyroid_donor_0473	CRYAA	0.0
GTEx_thyroid_donor_0474	CRYAA	0.0
GTEx_thyroid_donor_0475	CRYAA	0.0
GTEx_thyroid_donor_0476	CRYAA	0.02899
GTEx_thyroid_donor_0477	CRYAA	0.0
GTEx_thyroid_donor_0478	CRYAA	0.04414
GTEx_thyroid_donor_0479	CRYAA	0.0
GTEx_thyroid_donor_0480	CRYAA	0.0
GTEx_thyroid_donor_0481	CRYAA	0.01982
GTEx_thyroid_donor_0482	CRYAA	0.0
GTEx_thyroid_donor_0483	CRYAA	0.0
GTEx_thyroid_donor_0484	CRYAA	0.0
GTEx_thyroid_donor_0485	CRYAA	0.0
GTEx_thyroid_donor_0486	CRYAA	0.02506
GTEx_thyroid_donor_0487	CRYAA	0.0
GTEx_thyroid_donor_0488	CRYAA	0.0
GTEx_thyroid_donor_0489	CRYAA	0.03255
GTEx_thyroid_donor_0490	CRYAA	0.0
GTEx_thyroid_donor_0491	CRYAA	0.0264
GTEx_thyroid_donor_0492	CRYAA	0.05744
GTEx_thyroid_donor_0493	CRYAA	0.0
GTEx_thyroid_donor_0494	CRYAA	0.0
GTEx_thyroid_donor_0495	CRYAA	0.03066
GTEx_thyroid_donor_0496	CRYAA	0.0
GTEx_thyroid_donor_0497	CRYAA	0.0
GTEx_thyroid_donor_0498	CRYAA	0.0
GTEx_thyroid_donor_0499	CRYAA	0.01861
GTEx_thyroid_donor_0500	CRYAA	0.0
GTEx_thyroid_donor_0501	CRYAA	0.01816
GTEx_thyroid_donor_0502	CRYAA	0.0
GTEx_thyroid_donor_0503	CRYAA	0.0
GTEx_thyroid_donor_0504	CRYAA	0.0
GTEx_thyroid_donor_0505	CRYAA	0.0
GTEx_thyroid_donor_0506	CRYAA	0.0
GTEx_thyroid_donor_0507	CRYAA	0.0
GTEx_thyroid_donor_0508	CRYAA	0.0
GTEx_thyroid_donor_0509	CRYAA	0.0
GTEx_thyroid_donor_0510	CRYAA	0.03634
GTEx_thyroid_donor_0511	CRYAA	0.0
GTEx_thyroid_donor_0512	CRYAA	0.0
GTEx_thyroid_donor_0513	CRYAA	0.0
GTEx_thyroid_donor_0514	CRYAA	0.03305
GTEx_thyroid_donor_0515	CRYAA	0.0
GTEx_thyroid_donor_0516	CRYAA	0.0
GTEx_thyroid_donor_0517	CRYAA	0.1634
GTEx_thyroid_donor_0518	CRYAA	0.04494
GTEx_thyroid_donor_0519	CRYAA	0.0
GTEx_thyroid_donor_0520	CRYAA	0.0
GTEx_thyroid_donor_0521	CRYAA	0.0
GTEx_thyroid_donor_0522	CRYAA	0.0
GTEx_thyroid_donor_0523	CRYAA	0.0
GTEx_thyroid_donor_0524	CRYAA	0.08422
GTEx_thyroid_donor_0525	CRYAA	0.0
GTEx_thyroid_donor_0526	CRYAA	0.0
GTEx_thyroid_donor_0527	CRYAA	0.03028
GTEx_thyroid_donor_0528	CRYAA	0.02191
GTEx_thyroid_donor_0529	CRYAA	0.0
GTEx_thyroid_donor_0530	CRYAA	0.0
GTEx_thyroid_donor_0531	CRYAA	0.03604
GTEx_thyroid_donor_0532	CRYAA	0.02269
GTEx_thyroid_donor_0533	CRYAA	0.0
GTEx_thyroid_donor_0534	CRYAA	0.0
GTEx_thyroid_donor_0535	CRYAA	0.0
GTEx_thyroid_donor_0536	CRYAA	0.0
GTEx_thyroid_donor_0537	CRYAA	0.0
GTEx_thyroid_donor_0538	CRYAA	0.0146
GTEx_thyroid_donor_0539	CRYAA	0.0
GTEx_thyroid_donor_0540	CRYAA	0.0
GTEx_thyroid_donor_0541	CRYAA	0.0
GTEx_thyroid_donor_0542	CRYAA	0.02004
GTEx_thyroid_donor_0543	CRYAA	0.0
GTEx_thyroid_donor_0544	CRYAA	0.02624
GTEx_thyroid_donor_0545	CRYAA	0.0
GTEx_thyroid_donor_0546	CRYAA	0.05059
GTEx_thyroid_donor_0547	CRYAA	0.0
GTEx_thyroid_donor_0548	CRYAA	0.01578
GTEx_thyroid_donor_0549	CRYAA	0.0
GTEx_thyroid_donor_0550	CRYAA	0.02626
GTEx_thyroid_donor_0551	CRYAA	0.0
GTEx_thyroid_donor_0552	CRYAA	0.0
GTEx_thyroid_donor_0553	CRYAA	0.0
GTEx_thyroid_donor_0554	CRYAA	0.0
GTEx_thyroid_donor_0555	CRYAA	0.0
GTEx_thyroid_donor_0556	CRYAA	0.0
GTEx_thyroid_donor_0557	CRYAA	0.0
GTEx_thyroid_donor_0558	CRYAA	0.0
GTEx_thyroid_donor_0559	CRYAA	0.0
GTEx_thyroid_donor_0560	CRYAA	0.0
GTEx_thyroid_donor_0561	CRYAA	0.0
GTEx_thyroid_donor_0562	CRYAA	0.0
GTEx_thyroid_donor_0563	CRYAA	0.0
GTEx_thyroid_donor_0564	CRYAA	0.02752
GTEx_thyroid_donor_0565	CRYAA	0.0
GTEx_thyroid_donor_0566	CRYAA	0.0
GTEx_thyroid_donor_0567	CRYAA	0.0
GTEx_thyroid_donor_0568	CRYAA	0.03588
GTEx_thyroid_donor_0569	CRYAA	0.0
GTEx_thyroid_donor_0570	CRYAA	0.0
GTEx_thyroid_donor_0571	CRYAA	0.02035
GTEx_thyroid_donor_0572	CRYAA	0.0
GTEx_thyroid_donor_0573	CRYAA	0.05629
GTEx_thyroid_donor_0574	CRYAA	0.0
GTEx_thyroid_donor_0575	CRYAA	0.0
GTEx_thyroid_donor_0576	CRYAA	0.0
GTEx_thyroid_donor_0577	CRYAA	0.0
GTEx_thyroid_donor_0578	CRYAA	0.0
GTEx_thyroid_donor_0579	CRYAA	0.0
GTEx_thyroid_donor_0580	CRYAA	0.0
GTEx_thyroid_donor_0581	CRYAA	0.0
GTEx_thyroid_donor_0582	CRYAA	0.0
GTEx_thyroid_donor_0583	CRYAA	0.0
GTEx_thyroid_donor_0584	CRYAA	0.0
GTEx_thyroid_donor_0585	CRYAA	0.0
GTEx_thyroid_donor_0586	CRYAA	0.0
GTEx_thyroid_donor_0587	CRYAA	0.02925
GTEx_thyroid_donor_0588	CRYAA	0.0
GTEx_thyroid_donor_0589	CRYAA	0.0
GTEx_thyroid_donor_0590	CRYAA	0.0
GTEx_thyroid_donor_0591	CRYAA	0.0
GTEx_thyroid_donor_0592	CRYAA	0.0
GTEx_thyroid_donor_0593	CRYAA	0.0
GTEx_thyroid_donor_0594	CRYAA	0.02288
GTEx_thyroid_donor_0595	CRYAA	0.0
GTEx_thyroid_donor_0596	CRYAA	0.02289
GTEx_thyroid_donor_0597	CRYAA	0.0
GTEx_thyroid_donor_0598	CRYAA	0.0
GTEx_thyroid_donor_0599	CRYAA	0.0
GTEx_thyroid_donor_0600	CRYAA	0.0
GTEx_thyroid_donor_0601	CRYAA	0.01647
GTEx_thyroid_donor_0602	CRYAA	0.0
GTEx_thyroid_donor_0603	CRYAA	0.0
GTEx_thyroid_donor_0604	CRYAA	0.0
GTEx_thyroid_donor_0605	CRYAA	0.0
GTEx_thyroid_donor_0606	CRYAA	0.0
GTEx_thyroid_donor_0607	CRYAA	0.0
GTEx_thyroid_donor_0608	CRYAA	0.0
GTEx_thyroid_donor_0609	CRYAA	0.0
GTEx_thyroid_donor_0610	CRYAA	0.0
GTEx_thyroid_donor_0611	CRYAA	0.0
GTEx_thyroid_donor_0612	CRYAA	0.0
GTEx_thyroid_donor_0613	CRYAA	0.0
GTEx_thyroid_donor_0614	CRYAA	0.0
GTEx_thyroid_donor_0615	CRYAA	0.0
GTEx_thyroid_donor_0616	CRYAA	0.02642
GTEx_thyroid_donor_0617	CRYAA	0.09324
GTEx_thyroid_donor_0618	CRYAA	0.0
GTEx_thyroid_donor_0619	CRYAA	0.0
GTEx_thyroid_donor_0620	CRYAA	0.0
GTEx_thyroid_donor_0621	CRYAA	0.0
GTEx_thyroid_donor_0622	CRYAA	0.0
GTEx_thyroid_donor_0623	CRYAA	0.0
GTEx_thyroid_donor_0624	CRYAA	0.0
GTEx_thyroid_donor_0625	CRYAA	0.02512
GTEx_thyroid_donor_0626	CRYAA	0.0
GTEx_thyroid_donor_0627	CRYAA	0.02374
GTEx_thyroid_donor_0628	CRYAA	0.0
GTEx_thyroid_donor_0629	CRYAA	0.0
GTEx_thyroid_donor_0630	CRYAA	0.0
GTEx_thyroid_donor_0631	CRYAA	0.0
GTEx_thyroid_donor_0632	CRYAA	0.0
GTEx_thyroid_donor_0633	CRYAA	0.0
GTEx_thyroid_donor_0634	CRYAA	0.0
GTEx_thyroid_donor_0635	CRYAA	0.05925
GTEx_thyroid_donor_0636	CRYAA	0.0
GTEx_thyroid_donor_0637	CRYAA	0.0
GTEx_thyroid_donor_0638	CRYAA	0.0
GTEx_thyroid_donor_0639	CRYAA	0.0
GTEx_thyroid_donor_0640	CRYAA	0.05961
GTEx_thyroid_donor_0641	CRYAA	0.0
GTEx_thyroid_donor_0642	CRYAA	0.0
GTEx_thyroid_donor_0643	CRYAA	0.0
GTEx_thyroid_donor_0644	CRYAA	0.03498
GTEx_thyroid_donor_0645	CRYAA	0.0
GTEx_thyroid_donor_0646	CRYAA	0.0
GTEx_thyroid_donor_0647	CRYAA	0.0
GTEx_thyroid_donor_0648	CRYAA	0.0
GTEx_thyroid_donor_0649	CRYAA	0.0
GTEx_thyroid_donor_0650	CRYAA	0.0
GTEx_thyroid_donor_0651	CRYAA	0.02676
GTEx_thyroid_donor_0652	CRYAA	0.03068
GTEx_thyroid_donor_0000	GFAP	0.8404
GTEx_thyroid_donor_0001	GFAP	1.23
GTEx_thyroid_donor_0002	GFAP	0.06224
GTEx_thyroid_donor_0003	GFAP	1.437
GTEx_thyroid_donor_0004	GFAP	0.3008
GTEx_thyroid_donor_0005	GFAP	0.693
GTEx_thyroid_donor_0006	GFAP	2.78
GTEx_thyroid_donor_0007	GFAP	0.721
GTEx_thyroid_donor_0008	GFAP	0.4836
GTEx_thyroid_donor_0009	GFAP	0.398
GTEx_thyroid_donor_0010	GFAP	0.576
GTEx_thyroid_donor_0011	GFAP	0.6299
GTEx_thyroid_donor_0012	GFAP	1.452
GTEx_thyroid_donor_0013	GFAP	0.6117
GTEx_thyroid_donor_0014	GFAP	0.5369
GTEx_thyroid_donor_0015	GFAP	1.808
GTEx_thyroid_donor_0016	GFAP	1.143
GTEx_thyroid_donor_0017	GFAP	0.9904
GTEx_thyroid_donor_0018	GFAP	0.8415
GTEx_thyroid_donor_0019	GFAP	1.777
GTEx_thyroid_donor_0020	GFAP	1.601
GTEx_thyroid_donor_0021	GFAP	0.4498
GTEx_thyroid_donor_0022	GFAP	0.4852
GTEx_thyroid_donor_0023	GFAP	0.4133
GTEx_thyroid_donor_0024	GFAP	0.3663
GTEx_thyroid_donor_0025	GFAP	0.5362
GTEx_thyroid_donor_0026	GFAP	0.496
GTEx_thyroid_donor_0027	GFAP	0.5907
GTEx_thyroid_donor_0028	GFAP	1.073
GTEx_thyroid_donor_0029	GFAP	0.2631
GTEx_thyroid_donor_0030	GFAP	3.804
GTEx_thyroid_donor_0031	GFAP	3.807
GTEx_thyroid_donor_0032	GFAP	1.46
GTEx_thyroid_donor_0033	GFAP	0.7961
GTEx_thyroid_donor_0034	GFAP	0.9281
GTEx_thyroid_donor_0035	GFAP	1.152
GTEx_thyroid_donor_0036	GFAP	2.091
GTEx_thyroid_donor_0037	GFAP	1.615
GTEx_thyroid_donor_0038	GFAP	3.373
GTEx_thyroid_donor_0039	GFAP	1.735
GTEx_thyroid_donor_0040	GFAP	0.9093
GTEx_thyroid_donor_0041	GFAP	0.7662
GTEx_thyroid_donor_0042	GFAP	0.9245
GTEx_thyroid_donor_0043	GFAP	0.6008
GTEx_thyroid_donor_0044	GFAP	0.8248
GTEx_thyroid_donor_0045	GFAP	0.5545
GTEx_thyroid_donor_0046	GFAP	1.188
GTEx_thyroid_donor_0047	GFAP	3.863
GTEx_thyroid_donor_0048	GFAP	2.0
GTEx_thyroid_donor_0049	GFAP	1.133
GTEx_thyroid_donor_0050	GFAP	1.924
GTEx_thyroid_donor_0051	GFAP	0.4704
GTEx_thyroid_donor_0052	GFAP	0.5582
GTEx_thyroid_donor_0053	GFAP	0.5291
GTEx_thyroid_donor_0054	GFAP	0.7693
GTEx_thyroid_donor_0055	GFAP	0.4995
GTEx_thyroid_donor_0056	GFAP	1.219
GTEx_thyroid_donor_0057	GFAP	0.9198
GTEx_thyroid_donor_0058	GFAP	0.364
GTEx_thyroid_donor_0059	GFAP	0.6811
GTEx_thyroid_donor_0060	GFAP	1.745
GTEx_thyroid_donor_0061	GFAP	0.2268
GTEx_thyroid_donor_0062	GFAP	1.606
GTEx_thyroid_donor_0063	GFAP	1.447
GTEx_thyroid_donor_0064	GFAP	2.06
GTEx_thyroid_donor_0065	GFAP	5.037
GTEx_thyroid_donor_0066	GFAP	1.766
GTEx_thyroid_donor_0067	GFAP	1.961
GTEx_thyroid_donor_0068	GFAP	0.2054
GTEx_thyroid_donor_0069	GFAP	3.059
GTEx_thyroid_donor_0070	GFAP	1.074
GTEx_thyroid_donor_0071	GFAP	1.454
GTEx_thyroid_donor_0072	GFAP	1.545
GTEx_thyroid_donor_0073	GFAP	0.903
GTEx_thyroid_donor_0074	GFAP	1.961
GTEx_thyroid_donor_0075	GFAP	0.4306
GTEx_thyroid_donor_0076	GFAP	0.476
GTEx_thyroid_donor_0077	GFAP	0.9241
GTEx_thyroid_donor_0078	GFAP	1.183
GTEx_thyroid_donor_0079	GFAP	1.713
GTEx_thyroid_donor_0080	GFAP	0.4399
GTEx_thyroid_donor_0081	GFAP	0.9655
GTEx_thyroid_donor_0082	GFAP	3.598
GTEx_thyroid_donor_0083	GFAP	4.072
GTEx_thyroid_donor_0084	GFAP	0.723
GTEx_thyroid_donor_0085	GFAP	2.794
GTEx_thyroid_donor_0086	GFAP	2.384
GTEx_thyroid_donor_0087	GFAP	0.4573
GTEx_thyroid_donor_0088	GFAP	0.629
GTEx_thyroid_donor_0089	GFAP	0.1556
GTEx_thyroid_donor_0090	GFAP	0.7005
GTEx_thyroid_donor_0091	GFAP	3.116
GTEx_thyroid_donor_0092	GFAP	2.139
GTEx_thyroid_donor_0093	GFAP	0.7743
GTEx_thyroid_donor_0094	GFAP	1.013
GTEx_thyroid_donor_0095	GFAP	2.202
GTEx_thyroid_donor_0096	GFAP	2.411
GTEx_thyroid_donor_0097	GFAP	2.351
GTEx_thyroid_donor_0098	GFAP	1.991
GTEx_thyroid_donor_0099	GFAP	3.893
GTEx_thyroid_donor_0100	GFAP	0.9195
GTEx_thyroid_donor_0101	GFAP	2.916
GTEx_thyroid_donor_0102	GFAP	2.56
GTEx_thyroid_donor_0103	GFAP	3.572
GTEx_thyroid_donor_0104	GFAP	2.296
GTEx_thyroid_donor_0105	GFAP	1.116
GTEx_thyroid_donor_0106	GFAP	1.351
GTEx_thyroid_donor_0107	GFAP	0.7533
GTEx_thyroid_donor_0108	GFAP	3.596
GTEx_thyroid_donor_0109	GFAP	1.921
GTEx_thyroid_donor_0110	GFAP	0.7791
GTEx_thyroid_donor_0111	GFAP	0.6481
GTEx_thyroid_donor_0112	GFAP	1.088
GTEx_thyroid_donor_0113	GFAP	3.247
GTEx_thyroid_donor_0114	GFAP	5.122
GTEx_thyroid_donor_0115	GFAP	3.88
GTEx_thyroid_donor_0116	GFAP	0.6294
GTEx_thyroid_donor_0117	GFAP	2.723
GTEx_thyroid_donor_0118	GFAP	2.136
GTEx_thyroid_donor_0119	GFAP	18.71
GTEx_thyroid_donor_0120	GFAP	1.323
GTEx_thyroid_donor_0121	GFAP	0.8392
GTEx_thyroid_donor_0122	GFAP	0.4336
GTEx_thyroid_donor_0123	GFAP	0.3466
GTEx_thyroid_donor_0124	GFAP	1.141
GTEx_thyroid_donor_0125	GFAP	0.3015
GTEx_thyroid_donor_0126	GFAP	0.5079
GTEx_thyroid_donor_0127	GFAP	1.627
GTEx_thyroid_donor_0128	GFAP	0.7468
GTEx_thyroid_donor_0129	GFAP	0.7159
GTEx_thyroid_donor_0130	GFAP	1.114
GTEx_thyroid_donor_0131	GFAP	0.4068
GTEx_thyroid_donor_0132	GFAP	0.6839
GTEx_thyroid_donor_0133	GFAP	4.381
GTEx_thyroid_donor_0134	GFAP	0.8594
GTEx_thyroid_donor_0135	GFAP	2.031
GTEx_thyroid_donor_0136	GFAP	1.034
GTEx_thyroid_donor_0137	GFAP	0.7459
GTEx_thyroid_donor_0138	GFAP	1.466
GTEx_thyroid_donor_0139	GFAP	1.947
GTEx_thyroid_donor_0140	GFAP	1.018
GTEx_thyroid_donor_0141	GFAP	3.93
GTEx_thyroid_donor_0142	GFAP	0.6567
GTEx_thyroid_donor_0143	GFAP	2.204
GTEx_thyroid_donor_0144	GFAP	0.5585
GTEx_thyroid_donor_0145	GFAP	0.8247
GTEx_thyroid_donor_0146	GFAP	1.071
GTEx_thyroid_donor_0147	GFAP	0.6464
GTEx_thyroid_donor_0148	GFAP	0.4389
GTEx_thyroid_donor_0149	GFAP	5.585
GTEx_thyroid_donor_0150	GFAP	0.9828
GTEx_thyroid_donor_0151	GFAP	1.455
GTEx_thyroid_donor_0152	GFAP	1.229
GTEx_thyroid_donor_0153	GFAP	1.163
GTEx_thyroid_donor_0154	GFAP	0.4581
GTEx_thyroid_donor_0155	GFAP	0.8942
GTEx_thyroid_donor_0156	GFAP	0.8259
GTEx_thyroid_donor_0157	GFAP	1.345
GTEx_thyroid_donor_0158	GFAP	1.241
GTEx_thyroid_donor_0159	GFAP	0.9954
GTEx_thyroid_donor_0160	GFAP	0.3074
GTEx_thyroid_donor_0161	GFAP	3.41
GTEx_thyroid_donor_0162	GFAP	1.845
GTEx_thyroid_donor_0163	GFAP	0.9019
GTEx_thyroid_donor_0164	GFAP	0.4721
GTEx_thyroid_donor_0165	GFAP	0.392
GTEx_thyroid_donor_0166	GFAP	0.7167
GTEx_thyroid_donor_0167	GFAP	0.9139
GTEx_thyroid_donor_0168	GFAP	3.384
GTEx_thyroid_donor_0169	GFAP	0.2317
GTEx_thyroid_donor_0170	GFAP	1.278
GTEx_thyroid_donor_0171	GFAP	0.7117
GTEx_thyroid_donor_0172	GFAP	2.045
GTEx_thyroid_donor_0173	GFAP	1.141
GTEx_thyroid_donor_0174	GFAP	1.048
GTEx_thyroid_donor_0175	GFAP	0.563
GTEx_thyroid_donor_0176	GFAP	0.7481
GTEx_thyroid_donor_0177	GFAP	0.3627
GTEx_thyroid_donor_0178	GFAP	1.564
GTEx_thyroid_donor_0179	GFAP	6.619
GTEx_thyroid_donor_0180	GFAP	1.152
GTEx_thyroid_donor_0181	GFAP	1.351
GTEx_thyroid_donor_0182	GFAP	1.195
GTEx_thyroid_donor_0183	GFAP	1.822
GTEx_thyroid_donor_0184	GFAP	2.328
GTEx_thyroid_donor_0185	GFAP	2.12
GTEx_thyroid_donor_0186	GFAP	0.7054
GTEx_thyroid_donor_0187	GFAP	2.096
GTEx_thyroid_donor_0188	GFAP	1.801
GTEx_thyroid_donor_0189	GFAP	1.966
GTEx_thyroid_donor_0190	GFAP	8.155
GTEx_thyroid_donor_0191	GFAP	0.2357
GTEx_thyroid_donor_0192	GFAP	0.6431
GTEx_thyroid_donor_0193	GFAP	3.996
GTEx_thyroid_donor_0194	GFAP	0.9625
GTEx_thyroid_donor_0195	GFAP	1.293
GTEx_thyroid_donor_0196	GFAP	0.8836
GTEx_thyroid_donor_0197	GFAP	1.603
GTEx_thyroid_donor_0198	GFAP	0.9574
GTEx_thyroid_donor_0199	GFAP	4.162
GTEx_thyroid_donor_0200	GFAP	1.355
GTEx_thyroid_donor_0201	GFAP	1.546
GTEx_thyroid_donor_0202	GFAP	0.7357
GTEx_thyroid_donor_0203	GFAP	4.829
GTEx_thyroid_donor_0204	GFAP	0.6335
GTEx_thyroid_donor_0205	GFAP	1.044
GTEx_thyroid_donor_0206	GFAP	1.337
GTEx_thyroid_donor_0207	GFAP	2.039
GTEx_thyroid_donor_0208	GFAP	0.6029
GTEx_thyroid_donor_0209	GFAP	0.5171
GTEx_thyroid_donor_0210	GFAP	0.6735
GTEx_thyroid_donor_0211	GFAP	1.345
GTEx_thyroid_donor_0212	GFAP	4.381
GTEx_thyroid_donor_0213	GFAP	15.77
GTEx_thyroid_donor_0214	GFAP	0.7276
GTEx_thyroid_donor_0215	GFAP	2.068
GTEx_thyroid_donor_0216	GFAP	0.5506
GTEx_thyroid_donor_0217	GFAP	0.6921
GTEx_thyroid_donor_0218	GFAP	3.638
GTEx_thyroid_donor_0219	GFAP	0.6161
GTEx_thyroid_donor_0220	GFAP	2.157
GTEx_thyroid_donor_0221	GFAP	0.2733
GTEx_thyroid_donor_0222	GFAP	1.986
GTEx_thyroid_donor_0223	GFAP	0.797
GTEx_thyroid_donor_0224	GFAP	1.656
GTEx_thyroid_donor_0225	GFAP	37.7
GTEx_thyroid_donor_0226	GFAP	0.6586
GTEx_thyroid_donor_0227	GFAP	0.4845
GTEx_thyroid_donor_0228	GFAP	0.9032
GTEx_thyroid_donor_0229	GFAP	2.423
GTEx_thyroid_donor_0230	GFAP	1.886
GTEx_thyroid_donor_0231	GFAP	3.619
GTEx_thyroid_donor_0232	GFAP	0.5024
GTEx_thyroid_donor_0233	GFAP	2.567
GTEx_thyroid_donor_0234	GFAP	0.8755
GTEx_thyroid_donor_0235	GFAP	7.062
GTEx_thyroid_donor_0236	GFAP	2.829
GTEx_thyroid_donor_0237	GFAP	0.6528
GTEx_thyroid_donor_0238	GFAP	1.374
GTEx_thyroid_donor_0239	GFAP	0.4043
GTEx_thyroid_donor_0240	GFAP	0.586
GTEx_thyroid_donor_0241	GFAP	0.3091
GTEx_thyroid_donor_0242	GFAP	0.3467
GTEx_thyroid_donor_0243	GFAP	0.3771
GTEx_thyroid_donor_0244	GFAP	0.2866
GTEx_thyroid_donor_0245	GFAP	0.6808
GTEx_thyroid_donor_0246	GFAP	0.2416
GTEx_thyroid_donor_0247	GFAP	1.038
GTEx_thyroid_donor_0248	GFAP	0.4741
GTEx_thyroid_donor_0249	GFAP	0.6781
GTEx_thyroid_donor_0250	GFAP	0.3808
GTEx_thyroid_donor_0251	GFAP	0.8507
GTEx_thyroid_donor_0252	GFAP	2.679
GTEx_thyroid_donor_0253	GFAP	0.5932
GTEx_thyroid_donor_0254	GFAP	0.4579
GTEx_thyroid_donor_0255	GFAP	0.3433
GTEx_thyroid_donor_0256	GFAP	0.7335
GTEx_thyroid_donor_0257	GFAP	0.5138
GTEx_thyroid_donor_0258	GFAP	0.6257
GTEx_thyroid_donor_0259	GFAP	3.127
GTEx_thyroid_donor_0260	GFAP	0.9539
GTEx_thyroid_donor_0261	GFAP	0.6741
GTEx_thyroid_donor_0262	GFAP	1.213
GTEx_thyroid_donor_0263	GFAP	1.835
GTEx_thyroid_donor_0264	GFAP	1.037
GTEx_thyroid_donor_0265	GFAP	0.9931
GTEx_thyroid_donor_0266	GFAP	1.119
GTEx_thyroid_donor_0267	GFAP	0.8268
GTEx_thyroid_donor_0268	GFAP	0.3423
GTEx_thyroid_donor_0269	GFAP	0.9761
GTEx_thyroid_donor_0270	GFAP	2.174
GTEx_thyroid_donor_0271	GFAP	0.422
GTEx_thyroid_donor_0272	GFAP	0.608
GTEx_thyroid_donor_0273	GFAP	0.8733
GTEx_thyroid_donor_0274	GFAP	0.6091
GTEx_thyroid_donor_0275	GFAP	0.9145
GTEx_thyroid_donor_0276	GFAP	0.653
GTEx_thyroid_donor_0277	GFAP	0.9596
GTEx_thyroid_donor_0278	GFAP	0.6181
GTEx_thyroid_donor_0279	GFAP	1.163
GTEx_thyroid_donor_0280	GFAP	0.5196
GTEx_thyroid_donor_0281	GFAP	1.51
GTEx_thyroid_donor_0282	GFAP	2.078
GTEx_thyroid_donor_0283	GFAP	0.9328
GTEx_thyroid_donor_0284	GFAP	0.9738
GTEx_thyroid_donor_0285	GFAP	1.117
GTEx_thyroid_donor_0286	GFAP	2.583
GTEx_thyroid_donor_0287	GFAP	1.002
GTEx_thyroid_donor_0288	GFAP	1.092
GTEx_thyroid_donor_0289	GFAP	1.947
GTEx_thyroid_donor_0290	GFAP	0.4686
GTEx_thyroid_donor_0291	GFAP	1.421
GTEx_thyroid_donor_0292	GFAP	1.847
GTEx_thyroid_donor_0293	GFAP	1.283
GTEx_thyroid_donor_0294	GFAP	0.612
GTEx_thyroid_donor_0295	GFAP	0.9165
GTEx_thyroid_donor_0296	GFAP	1.633
GTEx_thyroid_donor_0297	GFAP	0.97
GTEx_thyroid_donor_0298	GFAP	1.002
GTEx_thyroid_donor_0299	GFAP	1.831
GTEx_thyroid_donor_0300	GFAP	0.8851
GTEx_thyroid_donor_0301	GFAP	0.2929
GTEx_thyroid_donor_0302	GFAP	1.763
GTEx_thyroid_donor_0303	GFAP	4.192
GTEx_thyroid_donor_0304	GFAP	0.7739
GTEx_thyroid_donor_0305	GFAP	1.119
GTEx_thyroid_donor_0306	GFAP	0.929
GTEx_thyroid_donor_0307	GFAP	0.6599
GTEx_thyroid_donor_0308	GFAP	1.247
GTEx_thyroid_donor_0309	GFAP	1.46
GTEx_thyroid_donor_0310	GFAP	1.186
GTEx_thyroid_donor_0311	GFAP	0.4315
GTEx_thyroid_donor_0312	GFAP	7.118
GTEx_thyroid_donor_0313	GFAP	2.115
GTEx_thyroid_donor_0314	GFAP	0.6978
GTEx_thyroid_donor_0315	GFAP	0.9708
GTEx_thyroid_donor_0316	GFAP	0.3744
GTEx_thyroid_donor_0317	GFAP	0.3416
GTEx_thyroid_donor_0318	GFAP	3.571
GTEx_thyroid_donor_0319	GFAP	0.544
GTEx_thyroid_donor_0320	GFAP	1.715
GTEx_thyroid_donor_0321	GFAP	6.372
GTEx_thyroid_donor_0322	GFAP	3.977
GTEx_thyroid_donor_0323	GFAP	0.5936
GTEx_thyroid_donor_0324	GFAP	2.2
GTEx_thyroid_donor_0325	GFAP	4.601
GTEx_thyroid_donor_0326	GFAP	0.7491
GTEx_thyroid_donor_0327	GFAP	0.4314
GTEx_thyroid_donor_0328	GFAP	0.8843
GTEx_thyroid_donor_0329	GFAP	1.475
GTEx_thyroid_donor_0330	GFAP	0.4827
GTEx_thyroid_donor_0331	GFAP	0.8277
GTEx_thyroid_donor_0332	GFAP	0.7166
GTEx_thyroid_donor_0333	GFAP	0.7804
GTEx_thyroid_donor_0334	GFAP	0.5738
GTEx_thyroid_donor_0335	GFAP	0.5706
GTEx_thyroid_donor_0336	GFAP	0.5149
GTEx_thyroid_donor_0337	GFAP	0.6696
GTEx_thyroid_donor_0338	GFAP	1.882
GTEx_thyroid_donor_0339	GFAP	0.5704
GTEx_thyroid_donor_0340	GFAP	0.5865
GTEx_thyroid_donor_0341	GFAP	5.026
GTEx_thyroid_donor_0342	GFAP	0.5609
GTEx_thyroid_donor_0343	GFAP	2.793
GTEx_thyroid_donor_0344	GFAP	0.5475
GTEx_thyroid_donor_0345	GFAP	2.697
GTEx_thyroid_donor_0346	GFAP	0.8877
GTEx_thyroid_donor_0347	GFAP	0.8588
GTEx_thyroid_donor_0348	GFAP	0.3578
GTEx_thyroid_donor_0349	GFAP	4.095
GTEx_thyroid_donor_0350	GFAP	0.9826
GTEx_thyroid_donor_0351	GFAP	2.52
GTEx_thyroid_donor_0352	GFAP	2.915
GTEx_thyroid_donor_0353	GFAP	0.3345
GTEx_thyroid_donor_0354	GFAP	1.755
GTEx_thyroid_donor_0355	GFAP	0.9565
GTEx_thyroid_donor_0356	GFAP	0.6463
GTEx_thyroid_donor_0357	GFAP	1.353
GTEx_thyroid_donor_0358	GFAP	1.459
GTEx_thyroid_donor_0359	GFAP	0.4464
GTEx_thyroid_donor_0360	GFAP	0.4787
GTEx_thyroid_donor_0361	GFAP	0.6765
GTEx_thyroid_donor_0362	GFAP	1.108
GTEx_thyroid_donor_0363	GFAP	17.37
GTEx_thyroid_donor_0364	GFAP	0.777
GTEx_thyroid_donor_0365	GFAP	11.78
GTEx_thyroid_donor_0366	GFAP	1.9
GTEx_thyroid_donor_0367	GFAP	5.398
GTEx_thyroid_donor_0368	GFAP	1.084
GTEx_thyroid_donor_0369	GFAP	0.6614
GTEx_thyroid_donor_0370	GFAP	0.6362
GTEx_thyroid_donor_0371	GFAP	2.85
GTEx_thyroid_donor_0372	GFAP	6.283
GTEx_thyroid_donor_0373	GFAP	0.7355
GTEx_thyroid_donor_0374	GFAP	2.802
GTEx_thyroid_donor_0375	GFAP	1.632
GTEx_thyroid_donor_0376	GFAP	4.874
GTEx_thyroid_donor_0377	GFAP	2.065
GTEx_thyroid_donor_0378	GFAP	0.9074
GTEx_thyroid_donor_0379	GFAP	0.278
GTEx_thyroid_donor_0380	GFAP	0.3624
GTEx_thyroid_donor_0381	GFAP	143.2
GTEx_thyroid_donor_0382	GFAP	0.2532
GTEx_thyroid_donor_0383	GFAP	0.7122
GTEx_thyroid_donor_0384	GFAP	0.8366
GTEx_thyroid_donor_0385	GFAP	1.154
GTEx_thyroid_donor_0386	GFAP	0.1662
GTEx_thyroid_donor_0387	GFAP	1.052
GTEx_thyroid_donor_0388	GFAP	0.1999
GTEx_thyroid_donor_0389	GFAP	1.938
GTEx_thyroid_donor_0390	GFAP	1.0
GTEx_thyroid_donor_0391	GFAP	1.935
GTEx_thyroid_donor_0392	GFAP	0.7024
GTEx_thyroid_donor_0393	GFAP	11.81
GTEx_thyroid_donor_0394	GFAP	1.041
GTEx_thyroid_donor_0395	GFAP	0.203
GTEx_thyroid_donor_0396	GFAP	0.5983
GTEx_thyroid_donor_0397	GFAP	1.404
GTEx_thyroid_donor_0398	GFAP	0.4568
GTEx_thyroid_donor_0399	GFAP	0.9735
GTEx_thyroid_donor_0400	GFAP	0.4032
GTEx_thyroid_donor_0401	GFAP	2.164
GTEx_thyroid_donor_0402	GFAP	0.7014
GTEx_thyroid_donor_0403	GFAP	1.708
GTEx_thyroid_donor_0404	GFAP	1.147
GTEx_thyroid_donor_0405	GFAP	0.1618
GTEx_thyroid_donor_0406	GFAP	1.462
GTEx_thyroid_donor_0407	GFAP	0.2288
GTEx_thyroid_donor_0408	GFAP	0.8903
GTEx_thyroid_donor_0409	GFAP	1.548
GTEx_thyroid_donor_0410	GFAP	0.2169
GTEx_thyroid_donor_0411	GFAP	0.4247
GTEx_thyroid_donor_0412	GFAP	0.4419
GTEx_thyroid_donor_0413	GFAP	0.2475
GTEx_thyroid_donor_0414	GFAP	0.3778
GTEx_thyroid_donor_0415	GFAP	0.3511
GTEx_thyroid_donor_0416	GFAP	0.2385
GTEx_thyroid_donor_0417	GFAP	0.4377
GTEx_thyroid_donor_0418	GFAP	0.1302
GTEx_thyroid_donor_0419	GFAP	1.316
GTEx_thyroid_donor_0420	GFAP	0.2557
GTEx_thyroid_donor_0421	GFAP	0.3256
GTEx_thyroid_donor_0422	GFAP	0.2346
GTEx_thyroid_donor_0423	GFAP	0.8159
GTEx_thyroid_donor_0424	GFAP	0.3023
GTEx_thyroid_donor_0425	GFAP	0.4081
GTEx_thyroid_donor_0426	GFAP	1.286
GTEx_thyroid_donor_0427	GFAP	0.1347
GTEx_thyroid_donor_0428	GFAP	1.19
GTEx_thyroid_donor_0429	GFAP	1.35
GTEx_thyroid_donor_0430	GFAP	0.4316
GTEx_thyroid_donor_0431	GFAP	0.4548
GTEx_thyroid_donor_0432	GFAP	0.3407
GTEx_thyroid_donor_0433	GFAP	0.2679
GTEx_thyroid_donor_0434	GFAP	0.2987
GTEx_thyroid_donor_0435	GFAP	0.3482
GTEx_thyroid_donor_0436	GFAP	0.1739
GTEx_thyroid_donor_0437	GFAP	2.718
GTEx_thyroid_donor_0438	GFAP	1.245
GTEx_thyroid_donor_0439	GFAP	0.2771
GTEx_thyroid_donor_0440	GFAP	0.3382
GTEx_thyroid_donor_0441	GFAP	0.6625
GTEx_thyroid_donor_0442	GFAP	0.9172
GTEx_thyroid_donor_0443	GFAP	1.702
GTEx_thyroid_donor_0444	GFAP	0.4774
GTEx_thyroid_donor_0445	GFAP	0.1706
GTEx_thyroid_donor_0446	GFAP	0.174
GTEx_thyroid_donor_0447	GFAP	0.2346
GTEx_thyroid_donor_0448	GFAP	0.3015
GTEx_thyroid_donor_0449	GFAP	0.669
GTEx_thyroid_donor_0450	GFAP	0.1798
GTEx_thyroid_donor_0451	GFAP	1.02
GTEx_thyroid_donor_0452	GFAP	0.4598
GTEx_thyroid_donor_0453	GFAP	0.2775
GTEx_thyroid_donor_0454	GFAP	0.6665
GTEx_thyroid_donor_0455	GFAP	0.6252
GTEx_thyroid_donor_0456	GFAP	0.3824
GTEx_thyroid_donor_0457	GFAP	0.3659
GTEx_thyroid_donor_0458	GFAP	0.2503
GTEx_thyroid_donor_0459	GFAP	0.3392
GTEx_thyroid_donor_0460	GFAP	0.332
GTEx_thyroid_donor_0461	GFAP	0.4098
GTEx_thyroid_donor_0462	GFAP	1.179
GTEx_thyroid_donor_0463	GFAP	0.3232
GTEx_thyroid_donor_0464	GFAP	0.2972
GTEx_thyroid_donor_0465	GFAP	0.3783
GTEx_thyroid_donor_0466	GFAP	0.275
GTEx_thyroid_donor_0467	GFAP	5.791
GTEx_thyroid_donor_0468	GFAP	1.896
GTEx_thyroid_donor_0469	GFAP	1.077
GTEx_thyroid_donor_0470	GFAP	2.244
GTEx_thyroid_donor_0471	GFAP	8.884
GTEx_thyroid_donor_0472	GFAP	0.8512
GTEx_thyroid_donor_0473	GFAP	0.8889
GTEx_thyroid_donor_0474	GFAP	2.837
GTEx_thyroid_donor_0475	GFAP	1.521
GTEx_thyroid_donor_0476	GFAP	7.832
GTEx_thyroid_donor_0477	GFAP	5.708
GTEx_thyroid_donor_0478	GFAP	3.108
GTEx_thyroid_donor_0479	GFAP	0.2398
GTEx_thyroid_donor_0480	GFAP	0.8198
GTEx_thyroid_donor_0481	GFAP	1.851
GTEx_thyroid_donor_0482	GFAP	4.442
GTEx_thyroid_donor_0483	GFAP	1.625
GTEx_thyroid_donor_0484	GFAP	7.197
GTEx_thyroid_donor_0485	GFAP	1.893
GTEx_thyroid_donor_0486	GFAP	7.85
GTEx_thyroid_donor_0487	GFAP	4.433
GTEx_thyroid_donor_0488	GFAP	5.329
GTEx_thyroid_donor_0489	GFAP	3.67
GTEx_thyroid_donor_0490	GFAP	4.747
GTEx_thyroid_donor_0491	GFAP	9.437
GTEx_thyroid_donor_0492	GFAP	6.622
GTEx_thyroid_donor_0493	GFAP	5.939
GTEx_thyroid_donor_0494	GFAP	3.611
GTEx_thyroid_donor_0495	GFAP	3.051
GTEx_thyroid_donor_0496	GFAP	0.4298
GTEx_thyroid_donor_0497	GFAP	2.335
GTEx_thyroid_donor_0498	GFAP	2.658
GTEx_thyroid_donor_0499	GFAP	6.713
GTEx_thyroid_donor_0500	GFAP	1.798
GTEx_thyroid_donor_0501	GFAP	10.09
GTEx_thyroid_donor_0502	GFAP	0.35
GTEx_thyroid_donor_0503	GFAP	2.234
GTEx_thyroid_donor_0504	GFAP	2.941
GTEx_thyroid_donor_0505	GFAP	19.35
GTEx_thyroid_donor_0506	GFAP	3.562
GTEx_thyroid_donor_0507	GFAP	1.81
GTEx_thyroid_donor_0508	GFAP	2.151
GTEx_thyroid_donor_0509	GFAP	6.9
GTEx_thyroid_donor_0510	GFAP	0.933
GTEx_thyroid_donor_0511	GFAP	1.413
GTEx_thyroid_donor_0512	GFAP	15.43
GTEx_thyroid_donor_0513	GFAP	1.329
GTEx_thyroid_donor_0514	GFAP	1.22
GTEx_thyroid_donor_0515	GFAP	4.241
GTEx_thyroid_donor_0516	GFAP	7.288
GTEx_thyroid_donor_0517	GFAP	5.553
GTEx_thyroid_donor_0518	GFAP	6.801
GTEx_thyroid_donor_0519	GFAP	3.431
GTEx_thyroid_donor_0520	GFAP	2.079
GTEx_thyroid_donor_0521	GFAP	0.7939
GTEx_thyroid_donor_0522	GFAP	5.894
GTEx_thyroid_donor_0523	GFAP	1.711
GTEx_thyroid_donor_0524	GFAP	3.408
GTEx_thyroid_donor_0525	GFAP	2.711
GTEx_thyroid_donor_0526	GFAP	0.3547
GTEx_thyroid_donor_0527	GFAP	1.844
GTEx_thyroid_donor_0528	GFAP	0.8035
GTEx_thyroid_donor_0529	GFAP	0.5105
GTEx_thyroid_donor_0530	GFAP	11.42
GTEx_thyroid_donor_0531	GFAP	6.273
GTEx_thyroid_donor_0532	GFAP	3.034
GTEx_thyroid_donor_0533	GFAP	1.816
GTEx_thyroid_donor_0534	GFAP	1.803
GTEx_thyroid_donor_0535	GFAP	2.455
GTEx_thyroid_donor_0536	GFAP	1.877
GTEx_thyroid_donor_0537	GFAP	1.875
GTEx_thyroid_donor_0538	GFAP	0.9492
GTEx_thyroid_donor_0539	GFAP	1.721
GTEx_thyroid_donor_0540	GFAP	15.77
GTEx_thyroid_donor_0541	GFAP	0.2668
GTEx_thyroid_donor_0542	GFAP	2.019
GTEx_thyroid_donor_0543	GFAP	0.5056
GTEx_thyroid_donor_0544	GFAP	0.3978
GTEx_thyroid_donor_0545	GFAP	0.5378
GTEx_thyroid_donor_0546	GFAP	16.46
GTEx_thyroid_donor_0547	GFAP	0.7324
GTEx_thyroid_donor_0548	GFAP	0.6174
GTEx_thyroid_donor_0549	GFAP	1.951
GTEx_thyroid_donor_0550	GFAP	3.403
GTEx_thyroid_donor_0551	GFAP	0.2231
GTEx_thyroid_donor_0552	GFAP	0.6748
GTEx_thyroid_donor_0553	GFAP	1.517
GTEx_thyroid_donor_0554	GFAP	0.4618
GTEx_thyroid_donor_0555	GFAP	0.133
GTEx_thyroid_donor_0556	GFAP	0.0494
GTEx_thyroid_donor_0557	GFAP	0.4568
GTEx_thyroid_donor_0558	GFAP	1.303
GTEx_thyroid_donor_0559	GFAP	0.7265
GTEx_thyroid_donor_0560	GFAP	1.653
GTEx_thyroid_donor_0561	GFAP	1.017
GTEx_thyroid_donor_0562	GFAP	0.4433
GTEx_thyroid_donor_0563	GFAP	1.703
GTEx_thyroid_donor_0564	GFAP	0.8883
GTEx_thyroid_donor_0565	GFAP	0.97
GTEx_thyroid_donor_0566	GFAP	4.78
GTEx_thyroid_donor_0567	GFAP	1.961
GTEx_thyroid_donor_0568	GFAP	1.662
GTEx_thyroid_donor_0569	GFAP	0.7721
GTEx_thyroid_donor_0570	GFAP	1.34
GTEx_thyroid_donor_0571	GFAP	2.155
GTEx_thyroid_donor_0572	GFAP	1.561
GTEx_thyroid_donor_0573	GFAP	2.209
GTEx_thyroid_donor_0574	GFAP	0.3775
GTEx_thyroid_donor_0575	GFAP	2.685
GTEx_thyroid_donor_0576	GFAP	2.187
GTEx_thyroid_donor_0577	GFAP	2.598
GTEx_thyroid_donor_0578	GFAP	3.436
GTEx_thyroid_donor_0579	GFAP	0.2362
GTEx_thyroid_donor_0580	GFAP	3.876
GTEx_thyroid_donor_0581	GFAP	3.322
GTEx_thyroid_donor_0582	GFAP	4.133
GTEx_thyroid_donor_0583	GFAP	0.8675
GTEx_thyroid_donor_0584	GFAP	0.2571
GTEx_thyroid_donor_0585	GFAP	0.2477
GTEx_thyroid_donor_0586	GFAP	0.8555
GTEx_thyroid_donor_0587	GFAP	1.151
GTEx_thyroid_donor_0588	GFAP	0.6377
GTEx_thyroid_donor_0589	GFAP	0.338
GTEx_thyroid_donor_0590	GFAP	3.568
GTEx_thyroid_donor_0591	GFAP	0.2824
GTEx_thyroid_donor_0592	GFAP	0.4071
GTEx_thyroid_donor_0593	GFAP	1.656
GTEx_thyroid_donor_0594	GFAP	0.9174
GTEx_thyroid_donor_0595	GFAP	0.612
GTEx_thyroid_donor_0596	GFAP	0.5093
GTEx_thyroid_donor_0597	GFAP	0.3532
GTEx_thyroid_donor_0598	GFAP	0.2951
GTEx_thyroid_donor_0599	GFAP	0.1743
GTEx_thyroid_donor_0600	GFAP	0.8554
GTEx_thyroid_donor_0601	GFAP	0.7009
GTEx_thyroid_donor_0602	GFAP	1.248
GTEx_thyroid_donor_0603	GFAP	0.1434
GTEx_thyroid_donor_0604	GFAP	1.08
GTEx_thyroid_donor_0605	GFAP	0.238
GTEx_thyroid_donor_0606	GFAP	2.664
GTEx_thyroid_donor_0607	GFAP	0.1906
GTEx_thyroid_donor_0608	GFAP	0.7986
GTEx_thyroid_donor_0609	GFAP	1.01
GTEx_thyroid_donor_0610	GFAP	0.9581
GTEx_thyroid_donor_0611	GFAP	2.722
GTEx_thyroid_donor_0612	GFAP	1.211
GTEx_thyroid_donor_0613	GFAP	1.628
GTEx_thyroid_donor_0614	GFAP	1.943
GTEx_thyroid_donor_0615	GFAP	0.3644
GTEx_thyroid_donor_0616	GFAP	0.7172
GTEx_thyroid_donor_0617	GFAP	8.492
GTEx_thyroid_donor_0618	GFAP	2.055
GTEx_thyroid_donor_0619	GFAP	2.5
GTEx_thyroid_donor_0620	GFAP	3.908
GTEx_thyroid_donor_0621	GFAP	2.283
GTEx_thyroid_donor_0622	GFAP	2.918
GTEx_thyroid_donor_0623	GFAP	1.65
GTEx_thyroid_donor_0624	GFAP	0.9258
GTEx_thyroid_donor_0625	GFAP	2.475
GTEx_thyroid_donor_0626	GFAP	1.503
GTEx_thyroid_donor_0627	GFAP	3.14
GTEx_thyroid_donor_0628	GFAP	0.3524
GTEx_thyroid_donor_0629	GFAP	0.9026
GTEx_thyroid_donor_0630	GFAP	0.4492
GTEx_thyroid_donor_0631	GFAP	40.78
GTEx_thyroid_donor_0632	GFAP	4.357
GTEx_thyroid_donor_0633	GFAP	0.4634
GTEx_thyroid_donor_0634	GFAP	0.4277
GTEx_thyroid_donor_0635	GFAP	1.137
GTEx_thyroid_donor_0636	GFAP	0.8403
GTEx_thyroid_donor_0637	GFAP	4.918
GTEx_thyroid_donor_0638	GFAP	5.513
GTEx_thyroid_donor_0639	GFAP	0.5062
GTEx_thyroid_donor_0640	GFAP	0.5393
GTEx_thyroid_donor_0641	GFAP	0.4838
GTEx_thyroid_donor_0642	GFAP	1.869
GTEx_thyroid_donor_0643	GFAP	1.104
GTEx_thyroid_donor_0644	GFAP	2.155
GTEx_thyroid_donor_0645	GFAP	1.247
GTEx_thyroid_donor_0646	GFAP	0.8744
GTEx_thyroid_donor_0647	GFAP	1.006
GTEx_thyroid_donor_0648	GFAP	1.427
GTEx_thyroid_donor_0649	GFAP	0.281
GTEx_thyroid_donor_0650	GFAP	1.207
GTEx_thyroid_donor_0651	GFAP	1.577
GTEx_thyroid_donor_0652	GFAP	0.6977
GTEx_thyroid_donor_0000	MYOG	0.132
GTEx_thyroid_donor_0001	MYOG	0.3187
GTEx_thyroid_donor_0002	MYOG	0.0
GTEx_thyroid_donor_0003	MYOG	0.0
GTEx_thyroid_donor_0004	MYOG	0.0
GTEx_thyroid_donor_0005	MYOG	0.0
GTEx_thyroid_donor_0006	MYOG	0.0
GTEx_thyroid_donor_0007	MYOG	0.09189
GTEx_thyroid_donor_0008	MYOG	0.0
GTEx_thyroid_donor_0009	MYOG	0.0
GTEx_thyroid_donor_0010	MYOG	0.0
GTEx_thyroid_donor_0011	MYOG	0.0
GTEx_thyroid_donor_0012	MYOG	0.0
GTEx_thyroid_donor_0013	MYOG	0.1052
GTEx_thyroid_donor_0014	MYOG	0.0
GTEx_thyroid_donor_0015	MYOG	0.0
GTEx_thyroid_donor_0016	MYOG	0.0
GTEx_thyroid_donor_0017	MYOG	0.0
GTEx_thyroid_donor_0018	MYOG	0.0
GTEx_thyroid_donor_0019	MYOG	0.0
GTEx_thyroid_donor_0020	MYOG	0.06995
GTEx_thyroid_donor_0021	MYOG	0.0
GTEx_thyroid_donor_0022	MYOG	0.0
GTEx_thyroid_donor_0023	MYOG	0.04034
GTEx_thyroid_donor_0024	MYOG	7.346
GTEx_thyroid_donor_0025	MYOG	0.02964
GTEx_thyroid_donor_0026	MYOG	0.0
GTEx_thyroid_donor_0027	MYOG	0.0
GTEx_thyroid_donor_0028	MYOG	0.0
GTEx_thyroid_donor_0029	MYOG	0.0
GTEx_thyroid_donor_0030	MYOG	0.0
GTEx_thyroid_donor_0031	MYOG	0.1522
GTEx_thyroid_donor_0032	MYOG	0.0
GTEx_thyroid_donor_0033	MYOG	0.04743
GTEx_thyroid_donor_0034	MYOG	0.0
GTEx_thyroid_donor_0035	MYOG	0.02158
GTEx_thyroid_donor_0036	MYOG	0.01994
GTEx_thyroid_donor_0037	MYOG	0.0
GTEx_thyroid_donor_0038	MYOG	0.0
GTEx_thyroid_donor_0039	MYOG	0.0
GTEx_thyroid_donor_0040	MYOG	0.05562
GTEx_thyroid_donor_0041	MYOG	0.03551
GTEx_thyroid_donor_0042	MYOG	0.06238
GTEx_thyroid_donor_0043	MYOG	0.0
GTEx_thyroid_donor_0044	MYOG	0.0
GTEx_thyroid_donor_0045	MYOG	0.07066
GTEx_thyroid_donor_0046	MYOG	0.0
GTEx_thyroid_donor_0047	MYOG	0.02999
GTEx_thyroid_donor_0048	MYOG	0.0
GTEx_thyroid_donor_0049	MYOG	0.06499
GTEx_thyroid_donor_0050	MYOG	0.09543
GTEx_thyroid_donor_0051	MYOG	0.0
GTEx_thyroid_donor_0052	MYOG	0.0
GTEx_thyroid_donor_0053	MYOG	0.0
GTEx_thyroid_donor_0054	MYOG	0.0
GTEx_thyroid_donor_0055	MYOG	0.0
GTEx_thyroid_donor_0056	MYOG	0.1562
GTEx_thyroid_donor_0057	MYOG	0.0
GTEx_thyroid_donor_0058	MYOG	0.0
GTEx_thyroid_donor_0059	MYOG	0.0
GTEx_thyroid_donor_0060	MYOG	0.0
GTEx_thyroid_donor_0061	MYOG	0.0
GTEx_thyroid_donor_0062	MYOG	0.0
GTEx_thyroid_donor_0063	MYOG	0.0
GTEx_thyroid_donor_0064	MYOG	0.04127
GTEx_thyroid_donor_0065	MYOG	0.0
GTEx_thyroid_donor_0066	MYOG	0.0
GTEx_thyroid_donor_0067	MYOG	0.0
GTEx_thyroid_donor_0068	MYOG	0.03366
GTEx_thyroid_donor_0069	MYOG	0.0
GTEx_thyroid_donor_0070	MYOG	0.0
GTEx_thyroid_donor_0071	MYOG	0.0511
GTEx_thyroid_donor_0072	MYOG	0.0
GTEx_thyroid_donor_0073	MYOG	0.0
GTEx_thyroid_donor_0074	MYOG	0.0
GTEx_thyroid_donor_0075	MYOG	0.02822
GTEx_thyroid_donor_0076	MYOG	0.1985
GTEx_thyroid_donor_0077	MYOG	0.04019
GTEx_thyroid_donor_0078	MYOG	0.04541
GTEx_thyroid_donor_0079	MYOG	0.1718
GTEx_thyroid_donor_0080	MYOG	0.1345
GTEx_thyroid_donor_0081	MYOG	0.7219
GTEx_thyroid_donor_0082	MYOG	0.0
GTEx_thyroid_donor_0083	MYOG	0.09763
GTEx_thyroid_donor_0084	MYOG	0.02494
GTEx_thyroid_donor_0085	MYOG	0.0
GTEx_thyroid_donor_0086	MYOG	0.04159
GTEx_thyroid_donor_0087	MYOG	0.0608
GTEx_thyroid_donor_0088	MYOG	0.2
GTEx_thyroid_donor_0089	MYOG	0.0
GTEx_thyroid_donor_0090	MYOG	0.06492
GTEx_thyroid_donor_0091	MYOG	0.0
GTEx_thyroid_donor_0092	MYOG	0.3686
GTEx_thyroid_donor_0093	MYOG	0.1579
GTEx_thyroid_donor_0094	MYOG	0.0
GTEx_thyroid_donor_0095	MYOG	0.0
GTEx_thyroid_donor_0096	MYOG	0.0
GTEx_thyroid_donor_0097	MYOG	0.0
GTEx_thyroid_donor_0098	MYOG	0.0
GTEx_thyroid_donor_0099	MYOG	0.0
GTEx_thyroid_donor_0100	MYOG	0.06749
GTEx_thyroid_donor_0101	MYOG	0.0
GTEx_thyroid_donor_0102	MYOG	0.05488
GTEx_thyroid_donor_0103	MYOG	0.0
GTEx_thyroid_donor_0104	MYOG	0.0
GTEx_thyroid_donor_0105	MYOG	0.0
GTEx_thyroid_donor_0106	MYOG	0.0
GTEx_thyroid_donor_0107	MYOG	0.0
GTEx_thyroid_donor_0108	MYOG	0.05839
GTEx_thyroid_donor_0109	MYOG	0.03831
GTEx_thyroid_donor_0110	MYOG	0.1758
GTEx_thyroid_donor_0111	MYOG	0.07433
GTEx_thyroid_donor_0112	MYOG	0.3413
GTEx_thyroid_donor_0113	MYOG	0.0532
GTEx_thyroid_donor_0114	MYOG	0.03197
GTEx_thyroid_donor_0115	MYOG	0.0
GTEx_thyroid_donor_0116	MYOG	0.0462
GTEx_thyroid_donor_0117	MYOG	0.3288
GTEx_thyroid_donor_0118	MYOG	0.1823
GTEx_thyroid_donor_0119	MYOG	0.03726
GTEx_thyroid_donor_0120	MYOG	0.02811
GTEx_thyroid_donor_0121	MYOG	0.1492
GTEx_thyroid_donor_0122	MYOG	0.0
GTEx_thyroid_donor_0123	MYOG	0.0
GTEx_thyroid_donor_0124	MYOG	0.0
GTEx_thyroid_donor_0125	MYOG	0.0
GTEx_thyroid_donor_0126	MYOG	0.0
GTEx_thyroid_donor_0127	MYOG	0.08296
GTEx_thyroid_donor_0128	MYOG	0.07787
GTEx_thyroid_donor_0129	MYOG	0.0
GTEx_thyroid_donor_0130	MYOG	0.0
GTEx_thyroid_donor_0131	MYOG	0.0
GTEx_thyroid_donor_0132	MYOG	0.0
GTEx_thyroid_donor_0133	MYOG	0.03106
GTEx_thyroid_donor_0134	MYOG	0.0
GTEx_thyroid_donor_0135	MYOG	0.0
GTEx_thyroid_donor_0136	MYOG	0.0
GTEx_thyroid_donor_0137	MYOG	0.0
GTEx_thyroid_donor_0138	MYOG	0.03296
GTEx_thyroid_donor_0139	MYOG	0.0
GTEx_thyroid_donor_0140	MYOG	0.09161
GTEx_thyroid_donor_0141	MYOG	0.0
GTEx_thyroid_donor_0142	MYOG	0.0
GTEx_thyroid_donor_0143	MYOG	0.0
GTEx_thyroid_donor_0144	MYOG	0.05891
GTEx_thyroid_donor_0145	MYOG	0.0
GTEx_thyroid_donor_0146	MYOG	4.165
GTEx_thyroid_donor_0147	MYOG	0.0
GTEx_thyroid_donor_0148	MYOG	0.0
GTEx_thyroid_donor_0149	MYOG	0.06778
GTEx_thyroid_donor_0150	MYOG	0.0
GTEx_thyroid_donor_0151	MYOG	0.0
GTEx_thyroid_donor_0152	MYOG	0.0
GTEx_thyroid_donor_0153	MYOG	0.0
GTEx_thyroid_donor_0154	MYOG	0.0
GTEx_thyroid_donor_0155	MYOG	0.0
GTEx_thyroid_donor_0156	MYOG	0.06063
GTEx_thyroid_donor_0157	MYOG	0.0
GTEx_thyroid_donor_0158	MYOG	0.0
GTEx_thyroid_donor_0159	MYOG	0.0
GTEx_thyroid_donor_0160	MYOG	0.0
GTEx_thyroid_donor_0161	MYOG	0.05783
GTEx_thyroid_donor_0162	MYOG	0.5318
GTEx_thyroid_donor_0163	MYOG	0.0
GTEx_thyroid_donor_0164	MYOG	0.0
GTEx_thyroid_donor_0165	MYOG	0.0
GTEx_thyroid_donor_0166	MYOG	0.0
GTEx_thyroid_donor_0167	MYOG	0.0
GTEx_thyroid_donor_0168	MYOG	0.0
GTEx_thyroid_donor_0169	MYOG	0.0
GTEx_thyroid_donor_0170	MYOG	0.0
GTEx_thyroid_donor_0171	MYOG	0.0
GTEx_thyroid_donor_0172	MYOG	0.0
GTEx_thyroid_donor_0173	MYOG	0.0
GTEx_thyroid_donor_0174	MYOG	0.0
GTEx_thyroid_donor_0175	MYOG	0.01957
GTEx_thyroid_donor_0176	MYOG	0.0
GTEx_thyroid_donor_0177	MYOG	0.0
GTEx_thyroid_donor_0178	MYOG	0.092
GTEx_thyroid_donor_0179	MYOG	0.0321
GTEx_thyroid_donor_0180	MYOG	0.0
GTEx_thyroid_donor_0181	MYOG	0.0
GTEx_thyroid_donor_0182	MYOG	0.0
GTEx_thyroid_donor_0183	MYOG	0.0
GTEx_thyroid_donor_0184	MYOG	0.04325
GTEx_thyroid_donor_0185	MYOG	0.0
GTEx_thyroid_donor_0186	MYOG	0.0
GTEx_thyroid_donor_0187	MYOG	0.0
GTEx_thyroid_donor_0188	MYOG	0.4845
GTEx_thyroid_donor_0189	MYOG	0.0
GTEx_thyroid_donor_0190	MYOG	0.0
GTEx_thyroid_donor_0191	MYOG	0.04806
GTEx_thyroid_donor_0192	MYOG	0.0
GTEx_thyroid_donor_0193	MYOG	0.3174
GTEx_thyroid_donor_0194	MYOG	0.0
GTEx_thyroid_donor_0195	MYOG	0.0
GTEx_thyroid_donor_0196	MYOG	0.0
GTEx_thyroid_donor_0197	MYOG	0.0
GTEx_thyroid_donor_0198	MYOG	0.0578
GTEx_thyroid_donor_0199	MYOG	0.05012
GTEx_thyroid_donor_0200	MYOG	0.0
GTEx_thyroid_donor_0201	MYOG	0.0
GTEx_thyroid_donor_0202	MYOG	0.0
GTEx_thyroid_donor_0203	MYOG	0.02555
GTEx_thyroid_donor_0204	MYOG	0.0
GTEx_thyroid_donor_0205	MYOG	0.0
GTEx_thyroid_donor_0206	MYOG	0.0
GTEx_thyroid_donor_0207	MYOG	0.0
GTEx_thyroid_donor_0208	MYOG	0.02851
GTEx_thyroid_donor_0209	MYOG	0.0
GTEx_thyroid_donor_0210	MYOG	0.0813
GTEx_thyroid_donor_0211	MYOG	0.0
GTEx_thyroid_donor_0212	MYOG	0.1322
GTEx_thyroid_donor_0213	MYOG	0.02316
GTEx_thyroid_donor_0214	MYOG	0.0
GTEx_thyroid_donor_0215	MYOG	0.0
GTEx_thyroid_donor_0216	MYOG	0.0
GTEx_thyroid_donor_0217	MYOG	0.0
GTEx_thyroid_donor_0218	MYOG	0.0
GTEx_thyroid_donor_0219	MYOG	0.0
GTEx_thyroid_donor_0220	MYOG	0.03665
GTEx_thyroid_donor_0221	MYOG	0.03483
GTEx_thyroid_donor_0222	MYOG	0.0
GTEx_thyroid_donor_0223	MYOG	0.0
GTEx_thyroid_donor_0224	MYOG	0.0
GTEx_thyroid_donor_0225	MYOG	0.0
GTEx_thyroid_donor_0226	MYOG	0.0
GTEx_thyroid_donor_0227	MYOG	0.07534
GTEx_thyroid_donor_0228	MYOG	0.0
GTEx_thyroid_donor_0229	MYOG	0.0
GTEx_thyroid_donor_0230	MYOG	0.0
GTEx_thyroid_donor_0231	MYOG	0.1054
GTEx_thyroid_donor_0232	MYOG	0.0
GTEx_thyroid_donor_0233	MYOG	0.0
GTEx_thyroid_donor_0234	MYOG	0.04839
GTEx_thyroid_donor_0235	MYOG	0.0
GTEx_thyroid_donor_0236	MYOG	0.0
GTEx_thyroid_donor_0237	MYOG	0.0
GTEx_thyroid_donor_0238	MYOG	0.0
GTEx_thyroid_donor_0239	MYOG	0.07134
GTEx_thyroid_donor_0240	MYOG	0.0
GTEx_thyroid_donor_0241	MYOG	0.0
GTEx_thyroid_donor_0242	MYOG	0.02945
GTEx_thyroid_donor_0243	MYOG	0.0
GTEx_thyroid_donor_0244	MYOG	0.05843
GTEx_thyroid_donor_0245	MYOG	0.08617
GTEx_thyroid_donor_0246	MYOG	0.0252
GTEx_thyroid_donor_0247	MYOG	0.0
GTEx_thyroid_donor_0248	MYOG	0.0
GTEx_thyroid_donor_0249	MYOG	0.02963
GTEx_thyroid_donor_0250	MYOG	0.04261
GTEx_thyroid_donor_0251	MYOG	0.05697
GTEx_thyroid_donor_0252	MYOG	0.0
GTEx_thyroid_donor_0253	MYOG	0.06479
GTEx_thyroid_donor_0254	MYOG	0.0
GTEx_thyroid_donor_0255	MYOG	0.2351
GTEx_thyroid_donor_0256	MYOG	0.02493
GTEx_thyroid_donor_0257	MYOG	0.0
GTEx_thyroid_donor_0258	MYOG	0.0
GTEx_thyroid_donor_0259	MYOG	0.0
GTEx_thyroid_donor_0260	MYOG	0.05995
GTEx_thyroid_donor_0261	MYOG	0.0
GTEx_thyroid_donor_0262	MYOG	0.1864
GTEx_thyroid_donor_0263	MYOG	0.06376
GTEx_thyroid_donor_0264	MYOG	0.06177
GTEx_thyroid_donor_0265	MYOG	0.03209
GTEx_thyroid_donor_0266	MYOG	0.0
GTEx_thyroid_donor_0267	MYOG	0.06655
GTEx_thyroid_donor_0268	MYOG	0.0
GTEx_thyroid_donor_0269	MYOG	0.0
GTEx_thyroid_donor_0270	MYOG	0.04534
GTEx_thyroid_donor_0271	MYOG	0.0
GTEx_thyroid_donor_0272	MYOG	0.0
GTEx_thyroid_donor_0273	MYOG	0.0
GTEx_thyroid_donor_0274	MYOG	0.1035
GTEx_thyroid_donor_0275	MYOG	0.02527
GTEx_thyroid_donor_0276	MYOG	0.0
GTEx_thyroid_donor_0277	MYOG	0.0
GTEx_thyroid_donor_0278	MYOG	0.08102
GTEx_thyroid_donor_0279	MYOG	0.0
GTEx_thyroid_donor_0280	MYOG	0.0
GTEx_thyroid_donor_0281	MYOG	0.0
GTEx_thyroid_donor_0282	MYOG	0.0
GTEx_thyroid_donor_0283	MYOG	0.04195
GTEx_thyroid_donor_0284	MYOG	0.0
GTEx_thyroid_donor_0285	MYOG	0.0
GTEx_thyroid_donor_0286	MYOG	0.0
GTEx_thyroid_donor_0287	MYOG	0.0
GTEx_thyroid_donor_0288	MYOG	0.0
GTEx_thyroid_donor_0289	MYOG	0.03449
GTEx_thyroid_donor_0290	MYOG	0.0
GTEx_thyroid_donor_0291	MYOG	0.0
GTEx_thyroid_donor_0292	MYOG	0.0
GTEx_thyroid_donor_0293	MYOG	0.0
GTEx_thyroid_donor_0294	MYOG	0.0
GTEx_thyroid_donor_0295	MYOG	0.0
GTEx_thyroid_donor_0296	MYOG	0.0
GTEx_thyroid_donor_0297	MYOG	0.0
GTEx_thyroid_donor_0298	MYOG	0.0391
GTEx_thyroid_donor_0299	MYOG	0.03963
GTEx_thyroid_donor_0300	MYOG	0.0
GTEx_thyroid_donor_0301	MYOG	0.0
GTEx_thyroid_donor_0302	MYOG	0.0
GTEx_thyroid_donor_0303	MYOG	0.05854
GTEx_thyroid_donor_0304	MYOG	0.0
GTEx_thyroid_donor_0305	MYOG	0.0
GTEx_thyroid_donor_0306	MYOG	0.07941
GTEx_thyroid_donor_0307	MYOG	0.0
GTEx_thyroid_donor_0308	MYOG	0.05396
GTEx_thyroid_donor_0309	MYOG	0.0
GTEx_thyroid_donor_0310	MYOG	0.0
GTEx_thyroid_donor_0311	MYOG	0.0
GTEx_thyroid_donor_0312	MYOG	0.0
GTEx_thyroid_donor_0313	MYOG	0.0
GTEx_thyroid_donor_0314	MYOG	0.0
GTEx_thyroid_donor_0315	MYOG	0.034
GTEx_thyroid_donor_0316	MYOG	0.0
GTEx_thyroid_donor_0317	MYOG	0.0
GTEx_thyroid_donor_0318	MYOG	0.0
GTEx_thyroid_donor_0319	MYOG	0.0
GTEx_thyroid_donor_0320	MYOG	0.0
GTEx_thyroid_donor_0321	MYOG	0.0
GTEx_thyroid_donor_0322	MYOG	0.0
GTEx_thyroid_donor_0323	MYOG	0.0
GTEx_thyroid_donor_0324	MYOG	0.02884
GTEx_thyroid_donor_0325	MYOG	0.0
GTEx_thyroid_donor_0326	MYOG	0.02988
GTEx_thyroid_donor_0327	MYOG	0.0
GTEx_thyroid_donor_0328	MYOG	0.0
GTEx_thyroid_donor_0329	MYOG	0.0
GTEx_thyroid_donor_0330	MYOG	0.0
GTEx_thyroid_donor_0331	MYOG	0.0
GTEx_thyroid_donor_0332	MYOG	0.0
GTEx_thyroid_donor_0333	MYOG	0.1128
GTEx_thyroid_donor_0334	MYOG	0.0
GTEx_thyroid_donor_0335	MYOG	0.0
GTEx_thyroid_donor_0336	MYOG	0.0
GTEx_thyroid_donor_0337	MYOG	0.0
GTEx_thyroid_donor_0338	MYOG	0.4358
GTEx_thyroid_donor_0339	MYOG	0.06461
GTEx_thyroid_donor_0340	MYOG	0.0
GTEx_thyroid_donor_0341	MYOG	0.4634
GTEx_thyroid_donor_0342	MYOG	0.0
GTEx_thyroid_donor_0343	MYOG	0.0
GTEx_thyroid_donor_0344	MYOG	0.0966
GTEx_thyroid_donor_0345	MYOG	0.0
GTEx_thyroid_donor_0346	MYOG	0.0
GTEx_thyroid_donor_0347	MYOG	0.0
GTEx_thyroid_donor_0348	MYOG	0.0
GTEx_thyroid_donor_0349	MYOG	0.0
GTEx_thyroid_donor_0350	MYOG	0.0
GTEx_thyroid_donor_0351	MYOG	0.04219
GTEx_thyroid_donor_0352	MYOG	0.09587
GTEx_thyroid_donor_0353	MYOG	0.0
GTEx_thyroid_donor_0354	MYOG	0.0
GTEx_thyroid_donor_0355	MYOG	0.0
GTEx_thyroid_donor_0356	MYOG	0.03258
GTEx_thyroid_donor_0357	MYOG	0.0
GTEx_thyroid_donor_0358	MYOG	0.0
GTEx_thyroid_donor_0359	MYOG	0.0
GTEx_thyroid_donor_0360	MYOG	0.0
GTEx_thyroid_donor_0361	MYOG	0.0
GTEx_thyroid_donor_0362	MYOG	0.0
GTEx_thyroid_donor_0363	MYOG	0.0
GTEx_thyroid_donor_0364	MYOG	0.07129
GTEx_thyroid_donor_0365	MYOG	0.02719
GTEx_thyroid_donor_0366	MYOG	0.0
GTEx_thyroid_donor_0367	MYOG	3.891
GTEx_thyroid_donor_0368	MYOG	0.0
GTEx_thyroid_donor_0369	MYOG	0.0
GTEx_thyroid_donor_0370	MYOG	0.0
GTEx_thyroid_donor_0371	MYOG	0.0
GTEx_thyroid_donor_0372	MYOG	0.0
GTEx_thyroid_donor_0373	MYOG	0.0
GTEx_thyroid_donor_0374	MYOG	0.0
GTEx_thyroid_donor_0375	MYOG	0.0
GTEx_thyroid_donor_0376	MYOG	0.08391
GTEx_thyroid_donor_0377	MYOG	0.0
GTEx_thyroid_donor_0378	MYOG	0.0
GTEx_thyroid_donor_0379	MYOG	0.0
GTEx_thyroid_donor_0380	MYOG	0.0
GTEx_thyroid_donor_0381	MYOG	0.0
GTEx_thyroid_donor_0382	MYOG	0.0
GTEx_thyroid_donor_0383	MYOG	0.0
GTEx_thyroid_donor_0384	MYOG	0.0645
GTEx_thyroid_donor_0385	MYOG	0.0
GTEx_thyroid_donor_0386	MYOG	0.03465
GTEx_thyroid_donor_0387	MYOG	0.0
GTEx_thyroid_donor_0388	MYOG	0.1079
GTEx_thyroid_donor_0389	MYOG	0.0
GTEx_thyroid_donor_0390	MYOG	0.0
GTEx_thyroid_donor_0391	MYOG	0.06166
GTEx_thyroid_donor_0392	MYOG	0.0
GTEx_thyroid_donor_0393	MYOG	0.06459
GTEx_thyroid_donor_0394	MYOG	0.0
GTEx_thyroid_donor_0395	MYOG	0.0
GTEx_thyroid_donor_0396	MYOG	0.0
GTEx_thyroid_donor_0397	MYOG	0.0
GTEx_thyroid_donor_0398	MYOG	0.0
GTEx_thyroid_donor_0399	MYOG	0.0
GTEx_thyroid_donor_0400	MYOG	0.1656
GTEx_thyroid_donor_0401	MYOG	0.0
GTEx_thyroid_donor_0402	MYOG	0.0
GTEx_thyroid_donor_0403	MYOG	0.0
GTEx_thyroid_donor_0404	MYOG	0.02328
GTEx_thyroid_donor_0405	MYOG	0.0
GTEx_thyroid_donor_0406	MYOG	0.03924
GTEx_thyroid_donor_0407	MYOG	0.1235
GTEx_thyroid_donor_0408	MYOG	0.01823
GTEx_thyroid_donor_0409	MYOG	0.07198
GTEx_thyroid_donor_0410	MYOG	0.0
GTEx_thyroid_donor_0411	MYOG	0.0
GTEx_thyroid_donor_0412	MYOG	0.0
GTEx_thyroid_donor_0413	MYOG	0.0
GTEx_thyroid_donor_0414	MYOG	0.02667
GTEx_thyroid_donor_0415	MYOG	0.0
GTEx_thyroid_donor_0416	MYOG	0.0
GTEx_thyroid_donor_0417	MYOG	0.0
GTEx_thyroid_donor_0418	MYOG	0.05974
GTEx_thyroid_donor_0419	MYOG	0.0
GTEx_thyroid_donor_0420	MYOG	0.0
GTEx_thyroid_donor_0421	MYOG	0.0
GTEx_thyroid_donor_0422	MYOG	0.0
GTEx_thyroid_donor_0423	MYOG	0.1544
GTEx_thyroid_donor_0424	MYOG	0.0
GTEx_thyroid_donor_0425	MYOG	0.0
GTEx_thyroid_donor_0426	MYOG	0.0
GTEx_thyroid_donor_0427	MYOG	0.0
GTEx_thyroid_donor_0428	MYOG	0.1356
GTEx_thyroid_donor_0429	MYOG	0.0973
GTEx_thyroid_donor_0430	MYOG	0.02713
GTEx_thyroid_donor_0431	MYOG	0.4393
GTEx_thyroid_donor_0432	MYOG	0.0
GTEx_thyroid_donor_0433	MYOG	0.0
GTEx_thyroid_donor_0434	MYOG	0.0
GTEx_thyroid_donor_0435	MYOG	0.0
GTEx_thyroid_donor_0436	MYOG	0.0
GTEx_thyroid_donor_0437	MYOG	0.1312
GTEx_thyroid_donor_0438	MYOG	0.0
GTEx_thyroid_donor_0439	MYOG	0.0
GTEx_thyroid_donor_0440	MYOG	0.03167
GTEx_thyroid_donor_0441	MYOG	0.1216
GTEx_thyroid_donor_0442	MYOG	0.07448
GTEx_thyroid_donor_0443	MYOG	0.09436
GTEx_thyroid_donor_0444	MYOG	0.0
GTEx_thyroid_donor_0445	MYOG	0.0
GTEx_thyroid_donor_0446	MYOG	0.0
GTEx_thyroid_donor_0447	MYOG	0.0
GTEx_thyroid_donor_0448	MYOG	0.0
GTEx_thyroid_donor_0449	MYOG	0.1462
GTEx_thyroid_donor_0450	MYOG	0.0
GTEx_thyroid_donor_0451	MYOG	0.0
GTEx_thyroid_donor_0452	MYOG	0.0
GTEx_thyroid_donor_0453	MYOG	0.0
GTEx_thyroid_donor_0454	MYOG	0.0
GTEx_thyroid_donor_0455	MYOG	0.0
GTEx_thyroid_donor_0456	MYOG	0.0
GTEx_thyroid_donor_0457	MYOG	0.0
GTEx_thyroid_donor_0458	MYOG	0.03828
GTEx_thyroid_donor_0459	MYOG	0.0
GTEx_thyroid_donor_0460	MYOG	0.03715
GTEx_thyroid_donor_0461	MYOG	0.04947
GTEx_thyroid_donor_0462	MYOG	0.0
GTEx_thyroid_donor_0463	MYOG	0.0
GTEx_thyroid_donor_0464	MYOG	0.05453
GTEx_thyroid_donor_0465	MYOG	0.0
GTEx_thyroid_donor_0466	MYOG	0.0
GTEx_thyroid_donor_0467	MYOG	0.02965
GTEx_thyroid_donor_0468	MYOG	0.0
GTEx_thyroid_donor_0469	MYOG	0.0
GTEx_thyroid_donor_0470	MYOG	0.04811
GTEx_thyroid_donor_0471	MYOG	0.05256
GTEx_thyroid_donor_0472	MYOG	0.0
GTEx_thyroid_donor_0473	MYOG	0.0
GTEx_thyroid_donor_0474	MYOG	0.03992
GTEx_thyroid_donor_0475	MYOG	0.1373
GTEx_thyroid_donor_0476	MYOG	0.0
GTEx_thyroid_donor_0477	MYOG	0.05264
GTEx_thyroid_donor_0478	MYOG	0.0
GTEx_thyroid_donor_0479	MYOG	0.0
GTEx_thyroid_donor_0480	MYOG	0.0
GTEx_thyroid_donor_0481	MYOG	0.06668
GTEx_thyroid_donor_0482	MYOG	0.179
GTEx_thyroid_donor_0483	MYOG	0.0
GTEx_thyroid_donor_0484	MYOG	0.0
GTEx_thyroid_donor_0485	MYOG	0.0
GTEx_thyroid_donor_0486	MYOG	0.1968
GTEx_thyroid_donor_0487	MYOG	0.06306
GTEx_thyroid_donor_0488	MYOG	0.2416
GTEx_thyroid_donor_0489	MYOG	0.0
GTEx_thyroid_donor_0490	MYOG	0.0
GTEx_thyroid_donor_0491	MYOG	0.0
GTEx_thyroid_donor_0492	MYOG	0.0
GTEx_thyroid_donor_0493	MYOG	0.0
GTEx_thyroid_donor_0494	MYOG	0.0
GTEx_thyroid_donor_0495	MYOG	0.0
GTEx_thyroid_donor_0496	MYOG	0.0
GTEx_thyroid_donor_0497	MYOG	0.0612
GTEx_thyroid_donor_0498	MYOG	0.02966
GTEx_thyroid_donor_0499	MYOG	0.2923
GTEx_thyroid_donor_0500	MYOG	0.1282
GTEx_thyroid_donor_0501	MYOG	0.1223
GTEx_thyroid_donor_0502	MYOG	0.0
GTEx_thyroid_donor_0503	MYOG	0.08165
GTEx_thyroid_donor_0504	MYOG	0.0
GTEx_thyroid_donor_0505	MYOG	0.2849
GTEx_thyroid_donor_0506	MYOG	0.0
GTEx_thyroid_donor_0507	MYOG	0.0
GTEx_thyroid_donor_0508	MYOG	0.1265
GTEx_thyroid_donor_0509	MYOG	0.0
GTEx_thyroid_donor_0510	MYOG	0.0
GTEx_thyroid_donor_0511	MYOG	0.07761
GTEx_thyroid_donor_0512	MYOG	0.0
GTEx_thyroid_donor_0513	MYOG	0.0595
GTEx_thyroid_donor_0514	MYOG	0.0
GTEx_thyroid_donor_0515	MYOG	0.05887
GTEx_thyroid_donor_0516	MYOG	0.3924
GTEx_thyroid_donor_0517	MYOG	0.2444
GTEx_thyroid_donor_0518	MYOG	0.4032
GTEx_thyroid_donor_0519	MYOG	0.0
GTEx_thyroid_donor_0520	MYOG	0.2036
GTEx_thyroid_donor_0521	MYOG	0.06745
GTEx_thyroid_donor_0522	MYOG	0.3059
GTEx_thyroid_donor_0523	MYOG	0.0
GTEx_thyroid_donor_0524	MYOG	0.09447
GTEx_thyroid_donor_0525	MYOG	0.0
GTEx_thyroid_donor_0526	MYOG	0.0
GTEx_thyroid_donor_0527	MYOG	0.1019
GTEx_thyroid_donor_0528	MYOG	0.0983
GTEx_thyroid_donor_0529	MYOG	0.07806
GTEx_thyroid_donor_0530	MYOG	0.0
GTEx_thyroid_donor_0531	MYOG	0.1213
GTEx_thyroid_donor_0532	MYOG	0.0
GTEx_thyroid_donor_0533	MYOG	0.1196
GTEx_thyroid_donor_0534	MYOG	0.06151
GTEx_thyroid_donor_0535	MYOG	0.0456
GTEx_thyroid_donor_0536	MYOG	0.1365
GTEx_thyroid_donor_0537	MYOG	0.0349
GTEx_thyroid_donor_0538	MYOG	0.03274
GTEx_thyroid_donor_0539	MYOG	0.07424
GTEx_thyroid_donor_0540	MYOG	1.148
GTEx_thyroid_donor_0541	MYOG	0.0
GTEx_thyroid_donor_0542	MYOG	0.2922
GTEx_thyroid_donor_0543	MYOG	0.0
GTEx_thyroid_donor_0544	MYOG	0.02944
GTEx_thyroid_donor_0545	MYOG	0.0
GTEx_thyroid_donor_0546	MYOG	0.3972
GTEx_thyroid_donor_0547	MYOG	0.0336
GTEx_thyroid_donor_0548	MYOG	0.03541
GTEx_thyroid_donor_0549	MYOG	0.05507
GTEx_thyroid_donor_0550	MYOG	0.0
GTEx_thyroid_donor_0551	MYOG	0.05117
GTEx_thyroid_donor_0552	MYOG	0.2496
GTEx_thyroid_donor_0553	MYOG	0.0
GTEx_thyroid_donor_0554	MYOG	0.0
GTEx_thyroid_donor_0555	MYOG	0.02652
GTEx_thyroid_donor_0556	MYOG	0.0
GTEx_thyroid_donor_0557	MYOG	0.04817
GTEx_thyroid_donor_0558	MYOG	0.0
GTEx_thyroid_donor_0559	MYOG	0.02604
GTEx_thyroid_donor_0560	MYOG	0.1089
GTEx_thyroid_donor_0561	MYOG	0.1085
GTEx_thyroid_donor_0562	MYOG	0.02338
GTEx_thyroid_donor_0563	MYOG	1.551
GTEx_thyroid_donor_0564	MYOG	0.0
GTEx_thyroid_donor_0565	MYOG	0.02986
GTEx_thyroid_donor_0566	MYOG	0.06917
GTEx_thyroid_donor_0567	MYOG	0.0641
GTEx_thyroid_donor_0568	MYOG	0.04025
GTEx_thyroid_donor_0569	MYOG	0.0
GTEx_thyroid_donor_0570	MYOG	0.0
GTEx_thyroid_donor_0571	MYOG	0.04566
GTEx_thyroid_donor_0572	MYOG	0.07702
GTEx_thyroid_donor_0573	MYOG	0.0
GTEx_thyroid_donor_0574	MYOG	0.0
GTEx_thyroid_donor_0575	MYOG	0.04368
GTEx_thyroid_donor_0576	MYOG	0.06233
GTEx_thyroid_donor_0577	MYOG	0.0
GTEx_thyroid_donor_0578	MYOG	0.07453
GTEx_thyroid_donor_0579	MYOG	0.03871
GTEx_thyroid_donor_0580	MYOG	0.0
GTEx_thyroid_donor_0581	MYOG	0.0
GTEx_thyroid_donor_0582	MYOG	0.0
GTEx_thyroid_donor_0583	MYOG	0.0
GTEx_thyroid_donor_0584	MYOG	0.0
GTEx_thyroid_donor_0585	MYOG	0.0
GTEx_thyroid_donor_0586	MYOG	0.0
GTEx_thyroid_donor_0587	MYOG	0.0
GTEx_thyroid_donor_0588	MYOG	0.107
GTEx_thyroid_donor_0589	MYOG	16.21
GTEx_thyroid_donor_0590	MYOG	0.07632
GTEx_thyroid_donor_0591	MYOG	0.0
GTEx_thyroid_donor_0592	MYOG	0.0
GTEx_thyroid_donor_0593	MYOG	0.0
GTEx_thyroid_donor_0594	MYOG	0.07699
GTEx_thyroid_donor_0595	MYOG	0.0
GTEx_thyroid_donor_0596	MYOG	0.05135
GTEx_thyroid_donor_0597	MYOG	0.0
GTEx_thyroid_donor_0598	MYOG	0.04922
GTEx_thyroid_donor_0599	MYOG	0.09692
GTEx_thyroid_donor_0600	MYOG	0.01349
GTEx_thyroid_donor_0601	MYOG	0.0
GTEx_thyroid_donor_0602	MYOG	0.07067
GTEx_thyroid_donor_0603	MYOG	0.0
GTEx_thyroid_donor_0604	MYOG	0.0
GTEx_thyroid_donor_0605	MYOG	0.06932
GTEx_thyroid_donor_0606	MYOG	0.04648
GTEx_thyroid_donor_0607	MYOG	0.02243
GTEx_thyroid_donor_0608	MYOG	0.1423
GTEx_thyroid_donor_0609	MYOG	0.0
GTEx_thyroid_donor_0610	MYOG	0.05233
GTEx_thyroid_donor_0611	MYOG	0.0
GTEx_thyroid_donor_0612	MYOG	0.07409
GTEx_thyroid_donor_0613	MYOG	0.0
GTEx_thyroid_donor_0614	MYOG	0.0
GTEx_thyroid_donor_0615	MYOG	0.0
GTEx_thyroid_donor_0616	MYOG	0.0
GTEx_thyroid_donor_0617	MYOG	0.1046
GTEx_thyroid_donor_0618	MYOG	0.0
GTEx_thyroid_donor_0619	MYOG	0.0
GTEx_thyroid_donor_0620	MYOG	0.0
GTEx_thyroid_donor_0621	MYOG	0.0
GTEx_thyroid_donor_0622	MYOG	0.0
GTEx_thyroid_donor_0623	MYOG	0.02583
GTEx_thyroid_donor_0624	MYOG	0.0
GTEx_thyroid_donor_0625	MYOG	0.05635
GTEx_thyroid_donor_0626	MYOG	0.05471
GTEx_thyroid_donor_0627	MYOG	0.0
GTEx_thyroid_donor_0628	MYOG	0.02566
GTEx_thyroid_donor_0629	MYOG	0.02788
GTEx_thyroid_donor_0630	MYOG	0.0
GTEx_thyroid_donor_0631	MYOG	0.0
GTEx_thyroid_donor_0632	MYOG	0.0
GTEx_thyroid_donor_0633	MYOG	0.0773
GTEx_thyroid_donor_0634	MYOG	0.0
GTEx_thyroid_donor_0635	MYOG	0.0
GTEx_thyroid_donor_0636	MYOG	0.06372
GTEx_thyroid_donor_0637	MYOG	0.08977
GTEx_thyroid_donor_0638	MYOG	0.04969
GTEx_thyroid_donor_0639	MYOG	0.0
GTEx_thyroid_donor_0640	MYOG	0.0
GTEx_thyroid_donor_0641	MYOG	0.6496
GTEx_thyroid_donor_0642	MYOG	0.0
GTEx_thyroid_donor_0643	MYOG	0.06623
GTEx_thyroid_donor_0644	MYOG	0.1962
GTEx_thyroid_donor_0645	MYOG	0.07728
GTEx_thyroid_donor_0646	MYOG	0.0
GTEx_thyroid_donor_0647	MYOG	0.07565
GTEx_thyroid_donor_0648	MYOG	0.08615
GTEx_thyroid_donor_0649	MYOG	0.0
GTEx_thyroid_donor_0650	MYOG	0.0586
GTEx_thyroid_donor_0651	MYOG	0.1801
GTEx_thyroid_donor_0652	MYOG	0.06884
