evidence_id	dataset	cohort_definition	n_total	n_event	n_control	molecular_measure	endpoint	endpoint_timing	comparison	effect_measure	effect_estimate	ci_low	ci_high	p_value	q_value	model	covariates	unit_of_analysis	independence_issue	missingness	power_or_mde	source_raw_file	source_script	source_output	reproduced	claim_supported	claim_not_supported	risk_level	notes
IC-01	TCGA-THCA	RAI-treated (mCi) TCGA-THCA patients with an evaluable treatment_best_response and an 8-gene panel score; index course selected per rule	167	26	141	8-gene thyroid-differentiation panel z-score (TG,TSHR,SLC5A5,TPO,NKX2-1,FOXE1,DIO1,PAX8)	failure to achieve complete response to radioiodine (non-CR vs CR), treatment_best_response field, GDC BCR Biotab radiation table	response to indexed RAI course (rule varies by row)	index rule = first course (earliest start day); non-CR vs CR	Cohen's d	-0.0	-0.445	0.457	0.9104		Mann-Whitney U (d + bootstrap CI); ordinal gradient CR>PR>SD>PD via Spearman	none (unadjusted)	patient	none — one indexed course per patient by construction	167/235 RAI-treated panel-scored patients have an evaluable treatment_best_response (68 missing/not evaluable)	see POW-TCGA-BR-01	/data/rai_atlas/raw/TCGA_THCA_biotab/nationwidechildrens.org_clinical_radiation_thca.txt; /data/thca/repo_results/r17_tcga_panel_d4p2_reconciliation/r17_per_sample_merged.tsv	rai-response-genomics-atlas/scripts/audit/01_tcga_cohort_and_index_course.py	rai-response-genomics-atlas/results/tables/audit01_index_course_sensitivity_2026_08_06.tsv; audit/rai_integration_20260806/03_TCGA_COHORT_CONSTRUCTION_AUDIT.md	exact	Confirms the null is robust to the choice of index course: all five rules give |d|<=0.03, P>0.7 (first/worst-course rules P=0.91).	Cannot support any claim that panel score predicts response to a specific (e.g. first) radioiodine course.	low	This audit table replaces an implicit first-pass choice ('best response across courses', row IC-04) that was not disclosed as a choice. Ordinal-gradient Spearman rho and its p-value are reported in the same source row (rho column here is the ordinal CR->PR->SD->PD gradient statistic, n=167 in all cases, not a second independent test of the binary contrast).
IC-01b	TCGA-THCA	same as IC-01, ordinal endpoint (CR/PR/SD/PD) instead of binary non-CR/CR	167			8-gene panel z-score	ordinal gradient CR>PR>SD>PD in treatment_best_response	response to indexed RAI course	index rule = first course (earliest start day); ordinal trend	Spearman rho	-0.0193			0.8044		Spearman rank correlation	none	patient	none — one indexed course per patient by construction			/data/rai_atlas/raw/TCGA_THCA_biotab/nationwidechildrens.org_clinical_radiation_thca.txt; /data/thca/repo_results/r17_tcga_panel_d4p2_reconciliation/r17_per_sample_merged.tsv	rai-response-genomics-atlas/scripts/audit/01_tcga_cohort_and_index_course.py	rai-response-genomics-atlas/results/tables/audit01_index_course_sensitivity_2026_08_06.tsv	exact	No monotonic trend across response grades under any index rule (|rho|<=0.036).		low	Companion ordinal statistic to IC-01.
IC-02	TCGA-THCA	RAI-treated (mCi) TCGA-THCA patients with an evaluable treatment_best_response and an 8-gene panel score; index course selected per rule	167	24	143	8-gene thyroid-differentiation panel z-score (TG,TSHR,SLC5A5,TPO,NKX2-1,FOXE1,DIO1,PAX8)	failure to achieve complete response to radioiodine (non-CR vs CR), treatment_best_response field, GDC BCR Biotab radiation table	response to indexed RAI course (rule varies by row)	index rule = last course; non-CR vs CR	Cohen's d	-0.03	-0.505	0.459	0.7305		Mann-Whitney U (d + bootstrap CI); ordinal gradient CR>PR>SD>PD via Spearman	none (unadjusted)	patient	none — one indexed course per patient by construction	167/235 RAI-treated panel-scored patients have an evaluable treatment_best_response (68 missing/not evaluable)	see POW-TCGA-BR-01	/data/rai_atlas/raw/TCGA_THCA_biotab/nationwidechildrens.org_clinical_radiation_thca.txt; /data/thca/repo_results/r17_tcga_panel_d4p2_reconciliation/r17_per_sample_merged.tsv	rai-response-genomics-atlas/scripts/audit/01_tcga_cohort_and_index_course.py	rai-response-genomics-atlas/results/tables/audit01_index_course_sensitivity_2026_08_06.tsv; audit/rai_integration_20260806/03_TCGA_COHORT_CONSTRUCTION_AUDIT.md	exact	Confirms the null is robust to the choice of index course: all five rules give |d|<=0.03, P>0.7 (first/worst-course rules P=0.91).	Cannot support any claim that panel score predicts response to a specific (e.g. first) radioiodine course.	low	This audit table replaces an implicit first-pass choice ('best response across courses', row IC-04) that was not disclosed as a choice. Ordinal-gradient Spearman rho and its p-value are reported in the same source row (rho column here is the ordinal CR->PR->SD->PD gradient statistic, n=167 in all cases, not a second independent test of the binary contrast).
IC-02b	TCGA-THCA	same as IC-02, ordinal endpoint (CR/PR/SD/PD) instead of binary non-CR/CR	167			8-gene panel z-score	ordinal gradient CR>PR>SD>PD in treatment_best_response	response to indexed RAI course	index rule = last course; ordinal trend	Spearman rho	-0.0358			0.6458		Spearman rank correlation	none	patient	none — one indexed course per patient by construction			/data/rai_atlas/raw/TCGA_THCA_biotab/nationwidechildrens.org_clinical_radiation_thca.txt; /data/thca/repo_results/r17_tcga_panel_d4p2_reconciliation/r17_per_sample_merged.tsv	rai-response-genomics-atlas/scripts/audit/01_tcga_cohort_and_index_course.py	rai-response-genomics-atlas/results/tables/audit01_index_course_sensitivity_2026_08_06.tsv	exact	No monotonic trend across response grades under any index rule (|rho|<=0.036).		low	Companion ordinal statistic to IC-02.
IC-03	TCGA-THCA	RAI-treated (mCi) TCGA-THCA patients with an evaluable treatment_best_response and an 8-gene panel score; index course selected per rule	167	24	143	8-gene thyroid-differentiation panel z-score (TG,TSHR,SLC5A5,TPO,NKX2-1,FOXE1,DIO1,PAX8)	failure to achieve complete response to radioiodine (non-CR vs CR), treatment_best_response field, GDC BCR Biotab radiation table	response to indexed RAI course (rule varies by row)	index rule = highest-dose course; non-CR vs CR	Cohen's d	-0.03	-0.505	0.459	0.7305		Mann-Whitney U (d + bootstrap CI); ordinal gradient CR>PR>SD>PD via Spearman	none (unadjusted)	patient	none — one indexed course per patient by construction	167/235 RAI-treated panel-scored patients have an evaluable treatment_best_response (68 missing/not evaluable)	see POW-TCGA-BR-01	/data/rai_atlas/raw/TCGA_THCA_biotab/nationwidechildrens.org_clinical_radiation_thca.txt; /data/thca/repo_results/r17_tcga_panel_d4p2_reconciliation/r17_per_sample_merged.tsv	rai-response-genomics-atlas/scripts/audit/01_tcga_cohort_and_index_course.py	rai-response-genomics-atlas/results/tables/audit01_index_course_sensitivity_2026_08_06.tsv; audit/rai_integration_20260806/03_TCGA_COHORT_CONSTRUCTION_AUDIT.md	exact	Confirms the null is robust to the choice of index course: all five rules give |d|<=0.03, P>0.7 (first/worst-course rules P=0.91).	Cannot support any claim that panel score predicts response to a specific (e.g. first) radioiodine course.	low	This audit table replaces an implicit first-pass choice ('best response across courses', row IC-04) that was not disclosed as a choice. Ordinal-gradient Spearman rho and its p-value are reported in the same source row (rho column here is the ordinal CR->PR->SD->PD gradient statistic, n=167 in all cases, not a second independent test of the binary contrast).
IC-03b	TCGA-THCA	same as IC-03, ordinal endpoint (CR/PR/SD/PD) instead of binary non-CR/CR	167			8-gene panel z-score	ordinal gradient CR>PR>SD>PD in treatment_best_response	response to indexed RAI course	index rule = highest-dose course; ordinal trend	Spearman rho	-0.0358			0.6458		Spearman rank correlation	none	patient	none — one indexed course per patient by construction			/data/rai_atlas/raw/TCGA_THCA_biotab/nationwidechildrens.org_clinical_radiation_thca.txt; /data/thca/repo_results/r17_tcga_panel_d4p2_reconciliation/r17_per_sample_merged.tsv	rai-response-genomics-atlas/scripts/audit/01_tcga_cohort_and_index_course.py	rai-response-genomics-atlas/results/tables/audit01_index_course_sensitivity_2026_08_06.tsv	exact	No monotonic trend across response grades under any index rule (|rho|<=0.036).		low	Companion ordinal statistic to IC-03.
IC-04	TCGA-THCA	RAI-treated (mCi) TCGA-THCA patients with an evaluable treatment_best_response and an 8-gene panel score; index course selected per rule	167	24	143	8-gene thyroid-differentiation panel z-score (TG,TSHR,SLC5A5,TPO,NKX2-1,FOXE1,DIO1,PAX8)	failure to achieve complete response to radioiodine (non-CR vs CR), treatment_best_response field, GDC BCR Biotab radiation table	response to indexed RAI course (rule varies by row)	index rule = best response across courses (= first-pass primary, superseded as sole index choice); non-CR vs CR	Cohen's d	-0.03	-0.505	0.459	0.7305		Mann-Whitney U (d + bootstrap CI); ordinal gradient CR>PR>SD>PD via Spearman	none (unadjusted)	patient	none — one indexed course per patient by construction	167/235 RAI-treated panel-scored patients have an evaluable treatment_best_response (68 missing/not evaluable)	see POW-TCGA-BR-01	/data/rai_atlas/raw/TCGA_THCA_biotab/nationwidechildrens.org_clinical_radiation_thca.txt; /data/thca/repo_results/r17_tcga_panel_d4p2_reconciliation/r17_per_sample_merged.tsv	rai-response-genomics-atlas/scripts/audit/01_tcga_cohort_and_index_course.py	rai-response-genomics-atlas/results/tables/audit01_index_course_sensitivity_2026_08_06.tsv; audit/rai_integration_20260806/03_TCGA_COHORT_CONSTRUCTION_AUDIT.md	exact	Confirms the null is robust to the choice of index course: all five rules give |d|<=0.03, P>0.7 (first/worst-course rules P=0.91).	Cannot support any claim that panel score predicts response to a specific (e.g. first) radioiodine course.	low	This audit table replaces an implicit first-pass choice ('best response across courses', row IC-04) that was not disclosed as a choice. Ordinal-gradient Spearman rho and its p-value are reported in the same source row (rho column here is the ordinal CR->PR->SD->PD gradient statistic, n=167 in all cases, not a second independent test of the binary contrast).
IC-04b	TCGA-THCA	same as IC-04, ordinal endpoint (CR/PR/SD/PD) instead of binary non-CR/CR	167			8-gene panel z-score	ordinal gradient CR>PR>SD>PD in treatment_best_response	response to indexed RAI course	index rule = best response across courses (= first-pass primary, superseded as sole index choice); ordinal trend	Spearman rho	-0.0358			0.6458		Spearman rank correlation	none	patient	none — one indexed course per patient by construction			/data/rai_atlas/raw/TCGA_THCA_biotab/nationwidechildrens.org_clinical_radiation_thca.txt; /data/thca/repo_results/r17_tcga_panel_d4p2_reconciliation/r17_per_sample_merged.tsv	rai-response-genomics-atlas/scripts/audit/01_tcga_cohort_and_index_course.py	rai-response-genomics-atlas/results/tables/audit01_index_course_sensitivity_2026_08_06.tsv	exact	No monotonic trend across response grades under any index rule (|rho|<=0.036).		low	Companion ordinal statistic to IC-04.
IC-05	TCGA-THCA	RAI-treated (mCi) TCGA-THCA patients with an evaluable treatment_best_response and an 8-gene panel score; index course selected per rule	167	26	141	8-gene thyroid-differentiation panel z-score (TG,TSHR,SLC5A5,TPO,NKX2-1,FOXE1,DIO1,PAX8)	failure to achieve complete response to radioiodine (non-CR vs CR), treatment_best_response field, GDC BCR Biotab radiation table	response to indexed RAI course (rule varies by row)	index rule = worst response across courses; non-CR vs CR	Cohen's d	-0.0	-0.445	0.457	0.9104		Mann-Whitney U (d + bootstrap CI); ordinal gradient CR>PR>SD>PD via Spearman	none (unadjusted)	patient	none — one indexed course per patient by construction	167/235 RAI-treated panel-scored patients have an evaluable treatment_best_response (68 missing/not evaluable)	see POW-TCGA-BR-01	/data/rai_atlas/raw/TCGA_THCA_biotab/nationwidechildrens.org_clinical_radiation_thca.txt; /data/thca/repo_results/r17_tcga_panel_d4p2_reconciliation/r17_per_sample_merged.tsv	rai-response-genomics-atlas/scripts/audit/01_tcga_cohort_and_index_course.py	rai-response-genomics-atlas/results/tables/audit01_index_course_sensitivity_2026_08_06.tsv; audit/rai_integration_20260806/03_TCGA_COHORT_CONSTRUCTION_AUDIT.md	exact	Confirms the null is robust to the choice of index course: all five rules give |d|<=0.03, P>0.7 (first/worst-course rules P=0.91).	Cannot support any claim that panel score predicts response to a specific (e.g. first) radioiodine course.	low	This audit table replaces an implicit first-pass choice ('best response across courses', row IC-04) that was not disclosed as a choice. Ordinal-gradient Spearman rho and its p-value are reported in the same source row (rho column here is the ordinal CR->PR->SD->PD gradient statistic, n=167 in all cases, not a second independent test of the binary contrast).
IC-05b	TCGA-THCA	same as IC-05, ordinal endpoint (CR/PR/SD/PD) instead of binary non-CR/CR	167			8-gene panel z-score	ordinal gradient CR>PR>SD>PD in treatment_best_response	response to indexed RAI course	index rule = worst response across courses; ordinal trend	Spearman rho	-0.0193			0.8044		Spearman rank correlation	none	patient	none — one indexed course per patient by construction			/data/rai_atlas/raw/TCGA_THCA_biotab/nationwidechildrens.org_clinical_radiation_thca.txt; /data/thca/repo_results/r17_tcga_panel_d4p2_reconciliation/r17_per_sample_merged.tsv	rai-response-genomics-atlas/scripts/audit/01_tcga_cohort_and_index_course.py	rai-response-genomics-atlas/results/tables/audit01_index_course_sensitivity_2026_08_06.tsv	exact	No monotonic trend across response grades under any index rule (|rho|<=0.036).		low	Companion ordinal statistic to IC-05.
BR-01	TCGA-THCA	235 RAI-treated (mCi) TCGA-THCA patients with panel score; 167 with an evaluable best response (best-across-courses index, first-pass primary)	167	24	143	8-gene panel z-score	non-CR vs CR, treatment_best_response (best across courses)	best response across all recorded RAI courses	PRIMARY: panel z, non-CR vs CR (RAI-treated)	Cohen's d	-0.03	-0.505	0.459	0.7305		Mann-Whitney U / bootstrap CI (5,000 draws, seed 20260806)	none	patient	none	68/235 RAI-treated panel-scored patients lack an evaluable response	see POW-TCGA-BR-01	/data/rai_atlas/raw/TCGA_THCA_biotab/nationwidechildrens.org_clinical_radiation_thca.txt; /data/thca/repo_results/r17_tcga_panel_d4p2_reconciliation/r17_per_sample_merged.tsv	rai-response-genomics-atlas/scripts/tcga_rai_best_response_2026_08_06.py	rai-response-genomics-atlas/results/tables/tcga_rai_response_main_2026_08_06.tsv; rai-response-genomics-atlas/results/reports/tcga_rai_best_response_brief_2026_08_06.md	exact	A genuine null, not merely non-significant: identical to IC-04.	Panel is not associated with, and must not be described as predicting, initial RAI response.	low	Identical row to IC-04 (same index rule); kept as separate evidence_id because it is the row the original brief and manuscript would cite directly.
BR-02	TCGA-THCA	RAI-only (mCi courses, no recorded external-beam Gy/cGy) subset of the panel-scored, response-evaluable cohort	165	23	142	8-gene panel z-score	non-CR vs CR, treatment_best_response	best response across all recorded RAI-only courses	sensitivity: RAI only, no external beam	Cohen's d	-0.08	-0.5615	0.4287	0.5361		Mann-Whitney U / bootstrap CI	none	patient	none			/data/rai_atlas/raw/TCGA_THCA_biotab/nationwidechildrens.org_clinical_radiation_thca.txt; /data/thca/repo_results/r17_tcga_panel_d4p2_reconciliation/r17_per_sample_merged.tsv	rai-response-genomics-atlas/scripts/tcga_rai_best_response_2026_08_06.py	rai-response-genomics-atlas/results/tables/tcga_rai_response_main_2026_08_06.tsv	exact	Removing the 6 patients who also received external beam does not change the null.		low	
BR-03	TCGA-THCA	167 RAI-treated, response-evaluable, panel-scored patients, split by DM1/DM2 lineage-state call	167	24	143	DM1/DM2 categorical lineage-state call (derived from panel score)	non-CR vs CR	best response across courses	DM1 vs DM2 x non-CR (Fisher exact); 2x2 = [[98,15],[45,9]]	odds ratio	1.3067			0.6384		Fisher exact test	none	patient	none			/data/rai_atlas/raw/TCGA_THCA_biotab/nationwidechildrens.org_clinical_radiation_thca.txt; /data/thca/repo_results/r17_tcga_panel_d4p2_reconciliation/r17_per_sample_merged.tsv	rai-response-genomics-atlas/scripts/tcga_rai_best_response_2026_08_06.py	rai-response-genomics-atlas/results/tables/tcga_rai_response_main_2026_08_06.tsv	exact	Categorical DM1/DM2 call also shows no association with initial RAI response.		low	No CI reported in source table for this Fisher OR; left blank rather than invented.
BR-ADJ-01	TCGA-THCA	167 RAI-treated, response-evaluable, panel-scored TCGA-THCA patients (n_used=167)	167	24	143	8-gene panel z-score	non-CR vs CR, treatment_best_response	best response across courses	adjusted logistic, term = 8-gene panel z	odds ratio	0.8493	0.3407	2.117	0.726		ordinary maximum-likelihood logistic regression, 6 covariates jointly (24 non-CR events / 6 covariates = 4 EPV — below conventional EPV>=10 threshold; NOT re-run with Firth in this dataset)	RAI_8 (panel z), stage_high, braf, AGE, purity, rai_dose_mci	patient	none	167/235; patients without stage/BRAF/purity data further excluded (n_used=167)		/data/rai_atlas/raw/TCGA_THCA_biotab/nationwidechildrens.org_clinical_radiation_thca.txt; /data/thca/repo_results/r17_tcga_panel_d4p2_reconciliation/r17_per_sample_merged.tsv	rai-response-genomics-atlas/scripts/tcga_rai_best_response_2026_08_06.py	rai-response-genomics-atlas/results/tables/tcga_rai_response_adjusted_2026_08_06.tsv; rai-response-genomics-atlas/results/reports/tcga_rai_best_response_brief_2026_08_06.md	exact	Panel z remains null after adjustment; no covariate reaches P<0.05 (closest is stage, P=0.10).		moderate	EPV (~4) is low for a 6-term model with 24 events; unlike the structural-outcome endpoints this model was NOT re-run with Firth penalisation as part of the 2026-08-06 audit (audit03 covered only the two rare-event structural endpoints). Treat these ORs, especially wide-interval ones (e.g. purity 0.14 [0.002-13.2]), as provisional pending the same rare-event correction applied elsewhere.
BR-ADJ-02	TCGA-THCA	167 RAI-treated, response-evaluable, panel-scored TCGA-THCA patients (n_used=167)	167	24	143	stage III/IV	non-CR vs CR, treatment_best_response	best response across courses	adjusted logistic, term = stage III/IV	odds ratio	2.7784	0.8092	9.5397	0.1045		ordinary maximum-likelihood logistic regression, 6 covariates jointly (24 non-CR events / 6 covariates = 4 EPV — below conventional EPV>=10 threshold; NOT re-run with Firth in this dataset)	RAI_8 (panel z), stage_high, braf, AGE, purity, rai_dose_mci	patient	none	167/235; patients without stage/BRAF/purity data further excluded (n_used=167)		/data/rai_atlas/raw/TCGA_THCA_biotab/nationwidechildrens.org_clinical_radiation_thca.txt; /data/thca/repo_results/r17_tcga_panel_d4p2_reconciliation/r17_per_sample_merged.tsv	rai-response-genomics-atlas/scripts/tcga_rai_best_response_2026_08_06.py	rai-response-genomics-atlas/results/tables/tcga_rai_response_adjusted_2026_08_06.tsv; rai-response-genomics-atlas/results/reports/tcga_rai_best_response_brief_2026_08_06.md	exact	Panel z remains null after adjustment; no covariate reaches P<0.05 (closest is stage, P=0.10).		low	EPV (~4) is low for a 6-term model with 24 events; unlike the structural-outcome endpoints this model was NOT re-run with Firth penalisation as part of the 2026-08-06 audit (audit03 covered only the two rare-event structural endpoints). Treat these ORs, especially wide-interval ones (e.g. purity 0.14 [0.002-13.2]), as provisional pending the same rare-event correction applied elsewhere.
BR-ADJ-03	TCGA-THCA	167 RAI-treated, response-evaluable, panel-scored TCGA-THCA patients (n_used=167)	167	24	143	BRAF V600E	non-CR vs CR, treatment_best_response	best response across courses	adjusted logistic, term = BRAF V600E	odds ratio	0.8679	0.3046	2.4725	0.7908		ordinary maximum-likelihood logistic regression, 6 covariates jointly (24 non-CR events / 6 covariates = 4 EPV — below conventional EPV>=10 threshold; NOT re-run with Firth in this dataset)	RAI_8 (panel z), stage_high, braf, AGE, purity, rai_dose_mci	patient	none	167/235; patients without stage/BRAF/purity data further excluded (n_used=167)		/data/rai_atlas/raw/TCGA_THCA_biotab/nationwidechildrens.org_clinical_radiation_thca.txt; /data/thca/repo_results/r17_tcga_panel_d4p2_reconciliation/r17_per_sample_merged.tsv	rai-response-genomics-atlas/scripts/tcga_rai_best_response_2026_08_06.py	rai-response-genomics-atlas/results/tables/tcga_rai_response_adjusted_2026_08_06.tsv; rai-response-genomics-atlas/results/reports/tcga_rai_best_response_brief_2026_08_06.md	exact	Panel z remains null after adjustment; no covariate reaches P<0.05 (closest is stage, P=0.10).		low	EPV (~4) is low for a 6-term model with 24 events; unlike the structural-outcome endpoints this model was NOT re-run with Firth penalisation as part of the 2026-08-06 audit (audit03 covered only the two rare-event structural endpoints). Treat these ORs, especially wide-interval ones (e.g. purity 0.14 [0.002-13.2]), as provisional pending the same rare-event correction applied elsewhere.
BR-ADJ-04	TCGA-THCA	167 RAI-treated, response-evaluable, panel-scored TCGA-THCA patients (n_used=167)	167	24	143	age (years, continuous)	non-CR vs CR, treatment_best_response	best response across courses	adjusted logistic, term = age (years, continuous)	odds ratio	0.9748	0.9351	1.0162	0.2287		ordinary maximum-likelihood logistic regression, 6 covariates jointly (24 non-CR events / 6 covariates = 4 EPV — below conventional EPV>=10 threshold; NOT re-run with Firth in this dataset)	RAI_8 (panel z), stage_high, braf, AGE, purity, rai_dose_mci	patient	none	167/235; patients without stage/BRAF/purity data further excluded (n_used=167)		/data/rai_atlas/raw/TCGA_THCA_biotab/nationwidechildrens.org_clinical_radiation_thca.txt; /data/thca/repo_results/r17_tcga_panel_d4p2_reconciliation/r17_per_sample_merged.tsv	rai-response-genomics-atlas/scripts/tcga_rai_best_response_2026_08_06.py	rai-response-genomics-atlas/results/tables/tcga_rai_response_adjusted_2026_08_06.tsv; rai-response-genomics-atlas/results/reports/tcga_rai_best_response_brief_2026_08_06.md	exact	Panel z remains null after adjustment; no covariate reaches P<0.05 (closest is stage, P=0.10).		low	EPV (~4) is low for a 6-term model with 24 events; unlike the structural-outcome endpoints this model was NOT re-run with Firth penalisation as part of the 2026-08-06 audit (audit03 covered only the two rare-event structural endpoints). Treat these ORs, especially wide-interval ones (e.g. purity 0.14 [0.002-13.2]), as provisional pending the same rare-event correction applied elsewhere.
BR-ADJ-05	TCGA-THCA	167 RAI-treated, response-evaluable, panel-scored TCGA-THCA patients (n_used=167)	167	24	143	tumour purity (1 - leukocyte fraction)	non-CR vs CR, treatment_best_response	best response across courses	adjusted logistic, term = tumour purity (1 - leukocyte fraction)	odds ratio	0.143	0.0015	13.2442	0.3999		ordinary maximum-likelihood logistic regression, 6 covariates jointly (24 non-CR events / 6 covariates = 4 EPV — below conventional EPV>=10 threshold; NOT re-run with Firth in this dataset)	RAI_8 (panel z), stage_high, braf, AGE, purity, rai_dose_mci	patient	none	167/235; patients without stage/BRAF/purity data further excluded (n_used=167)		/data/rai_atlas/raw/TCGA_THCA_biotab/nationwidechildrens.org_clinical_radiation_thca.txt; /data/thca/repo_results/r17_tcga_panel_d4p2_reconciliation/r17_per_sample_merged.tsv	rai-response-genomics-atlas/scripts/tcga_rai_best_response_2026_08_06.py	rai-response-genomics-atlas/results/tables/tcga_rai_response_adjusted_2026_08_06.tsv; rai-response-genomics-atlas/results/reports/tcga_rai_best_response_brief_2026_08_06.md	exact	Panel z remains null after adjustment; no covariate reaches P<0.05 (closest is stage, P=0.10).		low	EPV (~4) is low for a 6-term model with 24 events; unlike the structural-outcome endpoints this model was NOT re-run with Firth penalisation as part of the 2026-08-06 audit (audit03 covered only the two rare-event structural endpoints). Treat these ORs, especially wide-interval ones (e.g. purity 0.14 [0.002-13.2]), as provisional pending the same rare-event correction applied elsewhere.
BR-ADJ-06	TCGA-THCA	167 RAI-treated, response-evaluable, panel-scored TCGA-THCA patients (n_used=167)	167	24	143	cumulative RAI activity (mCi, continuous)	non-CR vs CR, treatment_best_response	best response across courses	adjusted logistic, term = cumulative RAI activity (mCi, continuous)	odds ratio	1.0044	0.9979	1.011	0.1827		ordinary maximum-likelihood logistic regression, 6 covariates jointly (24 non-CR events / 6 covariates = 4 EPV — below conventional EPV>=10 threshold; NOT re-run with Firth in this dataset)	RAI_8 (panel z), stage_high, braf, AGE, purity, rai_dose_mci	patient	none	167/235; patients without stage/BRAF/purity data further excluded (n_used=167)		/data/rai_atlas/raw/TCGA_THCA_biotab/nationwidechildrens.org_clinical_radiation_thca.txt; /data/thca/repo_results/r17_tcga_panel_d4p2_reconciliation/r17_per_sample_merged.tsv	rai-response-genomics-atlas/scripts/tcga_rai_best_response_2026_08_06.py	rai-response-genomics-atlas/results/tables/tcga_rai_response_adjusted_2026_08_06.tsv; rai-response-genomics-atlas/results/reports/tcga_rai_best_response_brief_2026_08_06.md	exact	Panel z remains null after adjustment; no covariate reaches P<0.05 (closest is stage, P=0.10).		low	EPV (~4) is low for a 6-term model with 24 events; unlike the structural-outcome endpoints this model was NOT re-run with Firth penalisation as part of the 2026-08-06 audit (audit03 covered only the two rare-event structural endpoints). Treat these ORs, especially wide-interval ones (e.g. purity 0.14 [0.002-13.2]), as provisional pending the same rare-event correction applied elsewhere.
DOSE-01	TCGA-THCA	235 RAI-treated (mCi) TCGA-THCA patients with an 8-gene panel score	235			8-gene panel z-score	cumulative radioiodine activity (mCi)	cumulative, all recorded courses	panel z vs cumulative RAI activity (dose is prescribed by stage/risk: confounded by indication)	Spearman rho	-0.0787			0.2296		Spearman rank correlation	none (unadjusted; dose itself is an indication-confounded exposure, not a covariate here)	patient	none			/data/rai_atlas/raw/TCGA_THCA_biotab/nationwidechildrens.org_clinical_radiation_thca.txt; /data/thca/repo_results/r17_tcga_panel_d4p2_reconciliation/r17_per_sample_merged.tsv	rai-response-genomics-atlas/scripts/tcga_rai_best_response_2026_08_06.py	rai-response-genomics-atlas/results/tables/tcga_rai_response_dose_2026_08_06.tsv	exact	No association between panel score and prescribed cumulative activity.	Cannot be used to argue panel score drives dosing decisions either way.	low	Dose is confounded by indication (higher stage/risk -> more RAI), so this is not a clean test of a dose-response relationship.
PFI-01	TCGA-THCA	235 RAI-treated (mCi) TCGA-THCA patients with panel score, progression-free interval follow-up	235	36		8-gene panel z-score	progression-free interval (PFI)	from RAI treatment to PFI event/censor	PFI ~ panel z (RAI-treated only)	hazard ratio	0.761	0.436	1.3281	0.3363		Cox proportional hazards (lifelines), continuous panel z per 1 SD unit	none (univariable)	patient	none			/data/rai_atlas/raw/TCGA_THCA_biotab/nationwidechildrens.org_clinical_radiation_thca.txt; /data/thca/repo_results/r17_tcga_panel_d4p2_reconciliation/r17_per_sample_merged.tsv; /data/thca/repo_data/raw/TCGA_pancan/survival.tsv	rai-response-genomics-atlas/scripts/tcga_rai_best_response_2026_08_06.py	rai-response-genomics-atlas/results/tables/tcga_rai_response_pfi_2026_08_06.tsv	exact	No association between panel z and PFI among RAI-treated patients (univariable Cox).		low	Proportional-hazards assumption not reported as tested in the source table/brief; flag as unverified if PFI HR is used quantitatively in the manuscript.
PFI-02	TCGA-THCA	235 RAI-treated TCGA-THCA patients with panel score	235	5			overall survival (OS)	from RAI treatment	OS events available (not modelled)							none — descriptive count only		patient				/data/rai_atlas/raw/TCGA_THCA_biotab/nationwidechildrens.org_clinical_radiation_thca.txt; /data/thca/repo_data/raw/TCGA_pancan/survival.tsv	rai-response-genomics-atlas/scripts/tcga_rai_best_response_2026_08_06.py	rai-response-genomics-atlas/results/tables/tcga_rai_response_pfi_2026_08_06.tsv	exact		With 5 OS events among 235 RAI-treated patients, OS cannot be used as an endpoint in this cohort; this is why PFI/structural endpoints are used instead.	low	No statistical test performed on this row by design; retained for traceability of why OS was not used.
POW-TCGA-BR-01	TCGA-THCA	167 RAI-treated, response-evaluable, panel-scored TCGA-THCA patients (best-response index)	167	24	143	8-gene panel z-score	non-CR vs CR power/design calculation	best response across courses	power to detect the observed effect; minimum detectable effect (MDE) at 80% power	Cohen's d (observed) / MDE	-0.03					two-sample t-test power calculation (24 vs 143, alpha=0.05, two-sided)		patient			observed d=-0.03; power at observed d=0.052; d detectable at 80% power=0.625	/data/rai_atlas/raw/TCGA_THCA_biotab/nationwidechildrens.org_clinical_radiation_thca.txt; /data/thca/repo_results/r17_tcga_panel_d4p2_reconciliation/r17_per_sample_merged.tsv	rai-response-genomics-atlas/scripts/tcga_rai_best_response_2026_08_06.py	rai-response-genomics-atlas/results/tables/tcga_rai_response_power_2026_08_06.tsv	exact	With 24 vs 143, this cohort could detect d>=0.625 at 80% power; the observed d=-0.03 is far below that.		moderate	AUDIT NOTE (00_EXECUTIVE_DECISION.md Q1): the first-pass framing 'detects d>=0.63 at 80% power, so clinically meaningful effects are excluded' is WITHDRAWN as an equivalence claim (no equivalence margin was pre-specified; P>0.05/CI exclusion of a bound is not proof of no effect). Report only: power to detect the observed effect, and the minimum detectable effect at 80% power.
STR-D-01	TCGA-THCA	RAI-treated (mCi) TCGA-THCA patients with panel score and the given structural-outcome field recorded	145	9	136	8-gene panel z-score	new tumour event after initial treatment	post-treatment (event field-specific; see notes)	event vs no event, panel z	Cohen's d	-0.8375526374779908	-1.374704850198604	-0.2474217677706927	0.004880495554155938	0.014641486662467812	Tier 1 (audit03): distribution-free Cohen's d, patient-level bootstrap CI (5,000/2,000 draws); identical estimate to the first-pass main-table statistic	none (unadjusted)	patient	none			/data/rai_atlas/raw/TCGA_THCA_biotab/nationwidechildrens.org_clinical_radiation_thca.txt; /data/thca/repo_results/r17_tcga_panel_d4p2_reconciliation/r17_per_sample_merged.tsv	rai-response-genomics-atlas/scripts/tcga_rai_structural_disease_2026_08_06.py (original); rai-response-genomics-atlas/scripts/audit/03_rare_event_structural_outcomes.py (Tier 1 re-derivation, identical values)	rai-response-genomics-atlas/results/tables/tcga_rai_structural_main_2026_08_06.tsv; rai-response-genomics-atlas/results/tables/audit03_rare_event_main_2026_08_06.tsv (Tier 1 rows); rai-response-genomics-atlas/results/reports/tcga_rai_structural_disease_brief_2026_08_06.md	exact	Lower panel score associated with the event (significant, BH q<0.02).	Not RAI-specific: treatment-by-score interaction is not estimable (see INT-01); could be purely prognostic.	moderate	Cleanest post-treatment endpoint of the three (audit00 Q3).
STR-D-02	TCGA-THCA	RAI-treated (mCi) TCGA-THCA patients with panel score and the given structural-outcome field recorded	72	13	59	8-gene panel z-score	persistent disease within 3 months of surgery	post-treatment (event field-specific; see notes)	event vs no event, panel z	Cohen's d	-0.7818505105851636	-1.2942920938802471	-0.3110770629522166	0.011801509911764348	0.017702264867646523	Tier 1 (audit03): distribution-free Cohen's d, patient-level bootstrap CI (5,000/2,000 draws); identical estimate to the first-pass main-table statistic	none (unadjusted)	patient	none			/data/rai_atlas/raw/TCGA_THCA_biotab/nationwidechildrens.org_clinical_radiation_thca.txt; /data/thca/repo_results/r17_tcga_panel_d4p2_reconciliation/r17_per_sample_merged.tsv	rai-response-genomics-atlas/scripts/tcga_rai_structural_disease_2026_08_06.py (original); rai-response-genomics-atlas/scripts/audit/03_rare_event_structural_outcomes.py (Tier 1 re-derivation, identical values)	rai-response-genomics-atlas/results/tables/tcga_rai_structural_main_2026_08_06.tsv; rai-response-genomics-atlas/results/tables/audit03_rare_event_main_2026_08_06.tsv (Tier 1 rows); rai-response-genomics-atlas/results/reports/tcga_rai_structural_disease_brief_2026_08_06.md	exact	Lower panel score associated with the event (significant, BH q<0.02).	Not RAI-specific: treatment-by-score interaction is not estimable (see INT-01); could be purely prognostic.	moderate	'Persistent disease within 3 months of surgery' overlaps the usual 4-12 week interval to RAI and is not a pure post-RAI endpoint (per audit00 Q3 caveat).
STR-D-03	TCGA-THCA	RAI-treated (mCi) TCGA-THCA patients with panel score and the given structural-outcome field recorded	216	34	182	8-gene panel z-score	structural disease at last follow-up	post-treatment (event field-specific; see notes)	event vs no event, panel z	Cohen's d	0.06349834607329308	-0.32571554067773184	0.4750816398293761	0.880003130579855	0.8800031305798551	Tier 1 (audit03): distribution-free Cohen's d, patient-level bootstrap CI (5,000/2,000 draws); identical estimate to the first-pass main-table statistic	none (unadjusted)	patient	none			/data/rai_atlas/raw/TCGA_THCA_biotab/nationwidechildrens.org_clinical_radiation_thca.txt; /data/thca/repo_results/r17_tcga_panel_d4p2_reconciliation/r17_per_sample_merged.tsv	rai-response-genomics-atlas/scripts/tcga_rai_structural_disease_2026_08_06.py (original); rai-response-genomics-atlas/scripts/audit/03_rare_event_structural_outcomes.py (Tier 1 re-derivation, identical values)	rai-response-genomics-atlas/results/tables/tcga_rai_structural_main_2026_08_06.tsv; rai-response-genomics-atlas/results/tables/audit03_rare_event_main_2026_08_06.tsv (Tier 1 rows); rai-response-genomics-atlas/results/reports/tcga_rai_structural_disease_brief_2026_08_06.md	exact	No association with structural disease at last follow-up (null).		low	'Structural disease at last follow-up' mixes pre- and post-treatment disease status; audit00 Q3 flags this as an ambiguous endpoint.
STR-RB-01	TCGA-THCA	145 RAI-treated patients, new tumour event endpoint	145	9	136	8-gene panel z-score	new tumour event after initial treatment	post-treatment	event vs no event, panel z	rank-biserial correlation	-0.5620915032679739			0.004880495554155938		Tier 1 (audit03): rank-biserial correlation	none	patient	none			/data/rai_atlas/raw/TCGA_THCA_biotab/nationwidechildrens.org_clinical_radiation_thca.txt; /data/thca/repo_results/r17_tcga_panel_d4p2_reconciliation/r17_per_sample_merged.tsv	rai-response-genomics-atlas/scripts/audit/03_rare_event_structural_outcomes.py	rai-response-genomics-atlas/results/tables/audit03_rare_event_main_2026_08_06.tsv	exact	Companion non-parametric effect size to STR-D-01, same direction/significance.		moderate	No CI reported for rank-biserial in source table.
STR-RB-02	TCGA-THCA	72 RAI-treated patients, persistent-disease endpoint	72	13	59	8-gene panel z-score	persistent disease within 3 months of surgery	within 3 months of surgery	event vs no event, panel z	rank-biserial correlation	-0.44980443285528027			0.011801509911764348		Tier 1 (audit03): rank-biserial correlation	none	patient	none			/data/rai_atlas/raw/TCGA_THCA_biotab/nationwidechildrens.org_clinical_radiation_thca.txt; /data/thca/repo_results/r17_tcga_panel_d4p2_reconciliation/r17_per_sample_merged.tsv	rai-response-genomics-atlas/scripts/audit/03_rare_event_structural_outcomes.py	rai-response-genomics-atlas/results/tables/audit03_rare_event_main_2026_08_06.tsv	exact	Companion non-parametric effect size to STR-D-02, same direction/significance.		moderate	No CI reported for rank-biserial in source table.
STR-FIRTH-01	TCGA-THCA	RAI-treated TCGA-THCA patients with panel score and the given structural-outcome field	145	9		8-gene panel z-score	new tumour event after initial treatment	post-treatment	Tier 2 - Firth, score only: panel z	odds ratio (Firth-penalised)	0.2212	0.0624	0.7838	0.019419857539473506		Firth (Jeffreys-prior penalised) logistic regression, hand-implemented IRLS (statsmodels has no native Firth routine; checked against unpenalised fit on a well-powered outcome)	none	patient	none		events per variable (EPV) = 9.0	/data/rai_atlas/raw/TCGA_THCA_biotab/nationwidechildrens.org_clinical_radiation_thca.txt; /data/thca/repo_results/r17_tcga_panel_d4p2_reconciliation/r17_per_sample_merged.tsv	rai-response-genomics-atlas/scripts/audit/03_rare_event_structural_outcomes.py	rai-response-genomics-atlas/results/tables/audit03_rare_event_main_2026_08_06.tsv; audit/rai_integration_20260806/04_STATISTICAL_REANALYSIS.md; audit/rai_integration_20260806/00_EXECUTIVE_DECISION.md	exact	Association survives Firth correction for rare events; direction and significance preserved at OR~0.20-0.24 (vs uncorrected ML ~0.19-0.20).	Not RAI-specific (see INT-01); 3-covariate model explicitly labelled exploratory, not primary.	moderate	CURRENT preferred estimate, supersedes the single-model ML logistic reported in tcga_rai_structural_adjusted_2026_08_06.tsv (see STR-ML-01/02). EPV<5 rows (exploratory 3-covariate models, EPV 3.0-4.33) are higher risk.
STR-FIRTH-02	TCGA-THCA	RAI-treated TCGA-THCA patients with panel score and the given structural-outcome field	145	9		8-gene panel z-score	new tumour event after initial treatment	post-treatment	Tier 3 - Firth + stage: panel z (+stage)	odds ratio (Firth-penalised)	0.2392	0.069	0.8294	0.024148551855758704		Firth (Jeffreys-prior penalised) logistic regression, hand-implemented IRLS (statsmodels has no native Firth routine; checked against unpenalised fit on a well-powered outcome)	stage	patient	none		events per variable (EPV) = 4.5	/data/rai_atlas/raw/TCGA_THCA_biotab/nationwidechildrens.org_clinical_radiation_thca.txt; /data/thca/repo_results/r17_tcga_panel_d4p2_reconciliation/r17_per_sample_merged.tsv	rai-response-genomics-atlas/scripts/audit/03_rare_event_structural_outcomes.py	rai-response-genomics-atlas/results/tables/audit03_rare_event_main_2026_08_06.tsv; audit/rai_integration_20260806/04_STATISTICAL_REANALYSIS.md; audit/rai_integration_20260806/00_EXECUTIVE_DECISION.md	exact	Association survives Firth correction for rare events; direction and significance preserved at OR~0.20-0.24 (vs uncorrected ML ~0.19-0.20).	Not RAI-specific (see INT-01); 3-covariate model explicitly labelled exploratory, not primary.	moderate	CURRENT preferred estimate, supersedes the single-model ML logistic reported in tcga_rai_structural_adjusted_2026_08_06.tsv (see STR-ML-01/02). EPV<5 rows (exploratory 3-covariate models, EPV 3.0-4.33) are higher risk.
STR-FIRTH-03	TCGA-THCA	RAI-treated TCGA-THCA patients with panel score and the given structural-outcome field	145	9		8-gene panel z-score	new tumour event after initial treatment	post-treatment	Tier 3 - Firth + purity: panel z (+purity)	odds ratio (Firth-penalised)	0.202	0.0544	0.7497	0.01682252120858929		Firth (Jeffreys-prior penalised) logistic regression, hand-implemented IRLS (statsmodels has no native Firth routine; checked against unpenalised fit on a well-powered outcome)	purity	patient	none		events per variable (EPV) = 4.5	/data/rai_atlas/raw/TCGA_THCA_biotab/nationwidechildrens.org_clinical_radiation_thca.txt; /data/thca/repo_results/r17_tcga_panel_d4p2_reconciliation/r17_per_sample_merged.tsv	rai-response-genomics-atlas/scripts/audit/03_rare_event_structural_outcomes.py	rai-response-genomics-atlas/results/tables/audit03_rare_event_main_2026_08_06.tsv; audit/rai_integration_20260806/04_STATISTICAL_REANALYSIS.md; audit/rai_integration_20260806/00_EXECUTIVE_DECISION.md	exact	Association survives Firth correction for rare events; direction and significance preserved at OR~0.20-0.24 (vs uncorrected ML ~0.19-0.20).	Not RAI-specific (see INT-01); 3-covariate model explicitly labelled exploratory, not primary.	moderate	CURRENT preferred estimate, supersedes the single-model ML logistic reported in tcga_rai_structural_adjusted_2026_08_06.tsv (see STR-ML-01/02). EPV<5 rows (exploratory 3-covariate models, EPV 3.0-4.33) are higher risk.
STR-FIRTH-04	TCGA-THCA	RAI-treated TCGA-THCA patients with panel score and the given structural-outcome field	145	9		8-gene panel z-score	new tumour event after initial treatment	post-treatment	Tier 3 - Firth + stage + purity (exploratory): panel z (+stage+purity)	odds ratio (Firth-penalised)	0.2194	0.0604	0.7978	0.021281915744415514		Firth (Jeffreys-prior penalised) logistic regression, hand-implemented IRLS (statsmodels has no native Firth routine; checked against unpenalised fit on a well-powered outcome)	stage, purity	patient	none		events per variable (EPV) = 3.0	/data/rai_atlas/raw/TCGA_THCA_biotab/nationwidechildrens.org_clinical_radiation_thca.txt; /data/thca/repo_results/r17_tcga_panel_d4p2_reconciliation/r17_per_sample_merged.tsv	rai-response-genomics-atlas/scripts/audit/03_rare_event_structural_outcomes.py	rai-response-genomics-atlas/results/tables/audit03_rare_event_main_2026_08_06.tsv; audit/rai_integration_20260806/04_STATISTICAL_REANALYSIS.md; audit/rai_integration_20260806/00_EXECUTIVE_DECISION.md	exact	Association survives Firth correction for rare events; direction and significance preserved at OR~0.20-0.24 (vs uncorrected ML ~0.19-0.20).	Not RAI-specific (see INT-01); 3-covariate model explicitly labelled exploratory, not primary.	high	CURRENT preferred estimate, supersedes the single-model ML logistic reported in tcga_rai_structural_adjusted_2026_08_06.tsv (see STR-ML-01/02). EPV<5 rows (exploratory 3-covariate models, EPV 3.0-4.33) are higher risk.
STR-FIRTH-05	TCGA-THCA	RAI-treated TCGA-THCA patients with panel score and the given structural-outcome field	72	13		8-gene panel z-score	persistent disease within 3 months of surgery	post-treatment	Tier 2 - Firth, score only: panel z	odds ratio (Firth-penalised)	0.2245	0.061	0.8256	0.024547453193110913		Firth (Jeffreys-prior penalised) logistic regression, hand-implemented IRLS (statsmodels has no native Firth routine; checked against unpenalised fit on a well-powered outcome)	none	patient	none		events per variable (EPV) = 13.0	/data/rai_atlas/raw/TCGA_THCA_biotab/nationwidechildrens.org_clinical_radiation_thca.txt; /data/thca/repo_results/r17_tcga_panel_d4p2_reconciliation/r17_per_sample_merged.tsv	rai-response-genomics-atlas/scripts/audit/03_rare_event_structural_outcomes.py	rai-response-genomics-atlas/results/tables/audit03_rare_event_main_2026_08_06.tsv; audit/rai_integration_20260806/04_STATISTICAL_REANALYSIS.md; audit/rai_integration_20260806/00_EXECUTIVE_DECISION.md	exact	Association survives Firth correction for rare events; direction and significance preserved at OR~0.20-0.24 (vs uncorrected ML ~0.19-0.20).	Not RAI-specific (see INT-01); 3-covariate model explicitly labelled exploratory, not primary.	moderate	CURRENT preferred estimate, supersedes the single-model ML logistic reported in tcga_rai_structural_adjusted_2026_08_06.tsv (see STR-ML-01/02). EPV<5 rows (exploratory 3-covariate models, EPV 3.0-4.33) are higher risk.
STR-FIRTH-06	TCGA-THCA	RAI-treated TCGA-THCA patients with panel score and the given structural-outcome field	72	13		8-gene panel z-score	persistent disease within 3 months of surgery	post-treatment	Tier 3 - Firth + stage: panel z (+stage)	odds ratio (Firth-penalised)	0.238	0.0651	0.871	0.030112608003900698		Firth (Jeffreys-prior penalised) logistic regression, hand-implemented IRLS (statsmodels has no native Firth routine; checked against unpenalised fit on a well-powered outcome)	stage	patient	none		events per variable (EPV) = 6.5	/data/rai_atlas/raw/TCGA_THCA_biotab/nationwidechildrens.org_clinical_radiation_thca.txt; /data/thca/repo_results/r17_tcga_panel_d4p2_reconciliation/r17_per_sample_merged.tsv	rai-response-genomics-atlas/scripts/audit/03_rare_event_structural_outcomes.py	rai-response-genomics-atlas/results/tables/audit03_rare_event_main_2026_08_06.tsv; audit/rai_integration_20260806/04_STATISTICAL_REANALYSIS.md; audit/rai_integration_20260806/00_EXECUTIVE_DECISION.md	exact	Association survives Firth correction for rare events; direction and significance preserved at OR~0.20-0.24 (vs uncorrected ML ~0.19-0.20).	Not RAI-specific (see INT-01); 3-covariate model explicitly labelled exploratory, not primary.	moderate	CURRENT preferred estimate, supersedes the single-model ML logistic reported in tcga_rai_structural_adjusted_2026_08_06.tsv (see STR-ML-01/02). EPV<5 rows (exploratory 3-covariate models, EPV 3.0-4.33) are higher risk.
STR-FIRTH-07	TCGA-THCA	RAI-treated TCGA-THCA patients with panel score and the given structural-outcome field	72	13		8-gene panel z-score	persistent disease within 3 months of surgery	post-treatment	Tier 3 - Firth + purity: panel z (+purity)	odds ratio (Firth-penalised)	0.2231	0.06	0.8292	0.02511745916855146		Firth (Jeffreys-prior penalised) logistic regression, hand-implemented IRLS (statsmodels has no native Firth routine; checked against unpenalised fit on a well-powered outcome)	purity	patient	none		events per variable (EPV) = 6.5	/data/rai_atlas/raw/TCGA_THCA_biotab/nationwidechildrens.org_clinical_radiation_thca.txt; /data/thca/repo_results/r17_tcga_panel_d4p2_reconciliation/r17_per_sample_merged.tsv	rai-response-genomics-atlas/scripts/audit/03_rare_event_structural_outcomes.py	rai-response-genomics-atlas/results/tables/audit03_rare_event_main_2026_08_06.tsv; audit/rai_integration_20260806/04_STATISTICAL_REANALYSIS.md; audit/rai_integration_20260806/00_EXECUTIVE_DECISION.md	exact	Association survives Firth correction for rare events; direction and significance preserved at OR~0.20-0.24 (vs uncorrected ML ~0.19-0.20).	Not RAI-specific (see INT-01); 3-covariate model explicitly labelled exploratory, not primary.	moderate	CURRENT preferred estimate, supersedes the single-model ML logistic reported in tcga_rai_structural_adjusted_2026_08_06.tsv (see STR-ML-01/02). EPV<5 rows (exploratory 3-covariate models, EPV 3.0-4.33) are higher risk.
STR-FIRTH-08	TCGA-THCA	RAI-treated TCGA-THCA patients with panel score and the given structural-outcome field	72	13		8-gene panel z-score	persistent disease within 3 months of surgery	post-treatment	Tier 3 - Firth + stage + purity (exploratory): panel z (+stage+purity)	odds ratio (Firth-penalised)	0.2366	0.0641	0.8736	0.030561430265124034		Firth (Jeffreys-prior penalised) logistic regression, hand-implemented IRLS (statsmodels has no native Firth routine; checked against unpenalised fit on a well-powered outcome)	stage, purity	patient	none		events per variable (EPV) = 4.33	/data/rai_atlas/raw/TCGA_THCA_biotab/nationwidechildrens.org_clinical_radiation_thca.txt; /data/thca/repo_results/r17_tcga_panel_d4p2_reconciliation/r17_per_sample_merged.tsv	rai-response-genomics-atlas/scripts/audit/03_rare_event_structural_outcomes.py	rai-response-genomics-atlas/results/tables/audit03_rare_event_main_2026_08_06.tsv; audit/rai_integration_20260806/04_STATISTICAL_REANALYSIS.md; audit/rai_integration_20260806/00_EXECUTIVE_DECISION.md	exact	Association survives Firth correction for rare events; direction and significance preserved at OR~0.20-0.24 (vs uncorrected ML ~0.19-0.20).	Not RAI-specific (see INT-01); 3-covariate model explicitly labelled exploratory, not primary.	high	CURRENT preferred estimate, supersedes the single-model ML logistic reported in tcga_rai_structural_adjusted_2026_08_06.tsv (see STR-ML-01/02). EPV<5 rows (exploratory 3-covariate models, EPV 3.0-4.33) are higher risk.
STR-STAB-01	TCGA-THCA	145 RAI-treated patients, new tumour event endpoint	145	9		8-gene panel z-score	new tumour event after initial treatment	post-treatment	leave-one-event-out (LOO) refit range; patient bootstrap (2,000 draws) of Firth OR	odds ratio range / bootstrap median OR	LOO range 0.121-0.282; bootstrap median 0.208	0.033	0.774			Firth logistic, LOO and 2,000x patient-level bootstrap		patient			loo_all_below_1=True; boot_frac_or_below_1=0.988 (n_boot_used=1997)	/data/rai_atlas/raw/TCGA_THCA_biotab/nationwidechildrens.org_clinical_radiation_thca.txt; /data/thca/repo_results/r17_tcga_panel_d4p2_reconciliation/r17_per_sample_merged.tsv	rai-response-genomics-atlas/scripts/audit/03_rare_event_structural_outcomes.py	rai-response-genomics-atlas/results/tables/audit03_rare_event_stability_2026_08_06.tsv	exact	Direction (OR<1) survives dropping any single event and 98.8% of bootstrap refits.		moderate	Stability is not power: 9 events remain 9 events; these are diagnostics, not independent significance tests.
STR-STAB-02	TCGA-THCA	72 RAI-treated patients, persistent-disease endpoint	72	13		8-gene panel z-score	persistent disease within 3 months of surgery	within 3 months of surgery	leave-one-event-out (LOO) refit range; patient bootstrap (2,000 draws) of Firth OR	odds ratio range / bootstrap median OR	LOO range 0.156-0.274; bootstrap median 0.218	0.032	0.631			Firth logistic, LOO and 2,000x patient-level bootstrap		patient			loo_all_below_1=True; boot_frac_or_below_1=0.999 (n_boot_used=2000)	/data/rai_atlas/raw/TCGA_THCA_biotab/nationwidechildrens.org_clinical_radiation_thca.txt; /data/thca/repo_results/r17_tcga_panel_d4p2_reconciliation/r17_per_sample_merged.tsv	rai-response-genomics-atlas/scripts/audit/03_rare_event_structural_outcomes.py	rai-response-genomics-atlas/results/tables/audit03_rare_event_stability_2026_08_06.tsv	exact	Direction (OR<1) survives dropping any single event and 99.9% of bootstrap refits.		moderate	Stability is not power; diagnostics only.
STR-ML-01	TCGA-THCA	145 RAI-treated patients, new tumour event endpoint	145	9		8-gene panel z-score	new tumour event after initial treatment	post-treatment	ordinary ML logistic, panel z (RAI_8) alone	odds ratio	0.2025644488520063	0.05395086556794846	0.7605504658129876	0.018007601619048894		ordinary maximum-likelihood logistic regression (first-pass method)	none (single-term model as saved)	patient			EPV = 9 events / 1 term = 9	/data/rai_atlas/raw/TCGA_THCA_biotab/nationwidechildrens.org_clinical_radiation_thca.txt; /data/thca/repo_results/r17_tcga_panel_d4p2_reconciliation/r17_per_sample_merged.tsv	rai-response-genomics-atlas/scripts/tcga_rai_structural_disease_2026_08_06.py	rai-response-genomics-atlas/results/tables/tcga_rai_structural_adjusted_2026_08_06.tsv	superseded		Superseded by Firth Tier 2 (STR-FIRTH-01, OR=0.221); small-sample ML bias flagged in audit03/04 as biasing ORs away from the null.	moderate	Point estimate (0.2026) close to the Firth score-only estimate (0.2212) in this instance — audit00 Q4 states the point estimates 'were mildly overstated', not grossly wrong; direction and approximate magnitude both hold.
STR-ML-02	TCGA-THCA	72 RAI-treated patients, persistent-disease endpoint	72	13		8-gene panel z-score	persistent disease within 3 months of surgery	within 3 months of surgery	ordinary ML logistic, panel z (RAI_8) + stage_high	odds ratio	0.20189904420865978	0.05071200586032073	0.8038180182548306	0.023221891954747248		ordinary maximum-likelihood logistic regression (first-pass method)	stage_high	patient			EPV = 13 events / 2 terms = 6.5	/data/rai_atlas/raw/TCGA_THCA_biotab/nationwidechildrens.org_clinical_radiation_thca.txt; /data/thca/repo_results/r17_tcga_panel_d4p2_reconciliation/r17_per_sample_merged.tsv	rai-response-genomics-atlas/scripts/tcga_rai_structural_disease_2026_08_06.py	rai-response-genomics-atlas/results/tables/tcga_rai_structural_adjusted_2026_08_06.tsv	superseded		Superseded by Firth Tier 3+stage (STR-FIRTH-06, OR=0.238).	moderate	IMPORTANT DISCREPANCY: the report brief tcga_rai_structural_disease_brief_2026_08_06.md quotes a 'panel z' OR of 0.196 for persistent disease as a univariable model, but no univariable (panel-z-only, no stage) row exists in tcga_rai_structural_adjusted_2026_08_06.tsv for this endpoint -- the only saved ML row already includes stage_high jointly (OR=0.202). See STR-ML-PURITY-01/02 for the two brief-only numbers with no backing table row.
STR-ML-03	TCGA-THCA	216 RAI-treated patients, structural-disease-at-last-follow-up endpoint	216	34		8-gene panel z-score	structural disease at last follow-up	last follow-up (mixes pre/post-RAI status)	ordinary ML logistic, panel z (RAI_8), full 6-covariate model	odds ratio	1.0534062589285247	0.48540755110163303	2.2860475570093715	0.895288605751909		ordinary maximum-likelihood logistic regression, 6 covariates jointly	stage_high, braf, AGE, purity, rai_dose_mci	patient			EPV = 34 events / 6 terms = 5.67	/data/rai_atlas/raw/TCGA_THCA_biotab/nationwidechildrens.org_clinical_radiation_thca.txt; /data/thca/repo_results/r17_tcga_panel_d4p2_reconciliation/r17_per_sample_merged.tsv	rai-response-genomics-atlas/scripts/tcga_rai_structural_disease_2026_08_06.py	rai-response-genomics-atlas/results/tables/tcga_rai_structural_adjusted_2026_08_06.tsv	exact	Null after adjustment, consistent with the unadjusted Tier 1 null (STR-D-03).		low	EPV~5.7 is borderline adequate; NOT re-run with Firth in the 2026-08-06 audit (audit03 targeted only the two rare-event endpoints with EPV<5). rai_dose_mci reaches nominal significance in this same model (see STR-ML-DOSE-01) -- worth separate scrutiny.
STR-ML-DOSE-01	TCGA-THCA	216 RAI-treated patients, structural-disease-at-last-follow-up endpoint	216	34		cumulative RAI activity (mCi, continuous)	structural disease at last follow-up	last follow-up	ordinary ML logistic, rai_dose_mci term, full 6-covariate model	odds ratio	1.008773911138345	1.0028022842373607	1.0147810987160497	0.003929874607544675		ordinary maximum-likelihood logistic regression, 6 covariates jointly	RAI_8 (panel z), stage_high, braf, AGE, purity	patient			EPV = 34/6 = 5.67	/data/rai_atlas/raw/TCGA_THCA_biotab/nationwidechildrens.org_clinical_radiation_thca.txt; /data/thca/repo_results/r17_tcga_panel_d4p2_reconciliation/r17_per_sample_merged.tsv	rai-response-genomics-atlas/scripts/tcga_rai_structural_disease_2026_08_06.py	rai-response-genomics-atlas/results/tables/tcga_rai_structural_adjusted_2026_08_06.tsv	exact		Higher cumulative dose associated with structural disease at last follow-up -- almost certainly confounded by indication (sicker/higher-stage patients receive more RAI), not a treatment-effect finding. Not discussed in any report brief; flagged here for completeness.	high	Only nominally significant covariate in the 'structural disease at last follow-up' model. High confounding-by-indication risk; do not present as a dose-response effect of RAI without a design (e.g. instrumental variable) that addresses confounding by indication.
STR-ML-PURITY-01	TCGA-THCA	145 RAI-treated patients, new tumour event endpoint	145	9		8-gene panel z-score	new tumour event after initial treatment	post-treatment	ordinary ML logistic, panel z + purity (as quoted in report brief)	odds ratio	0.177	0.044	0.717	0.015		ordinary ML logistic regression (brief text only)	purity	patient				/data/rai_atlas/raw/TCGA_THCA_biotab/nationwidechildrens.org_clinical_radiation_thca.txt; /data/thca/repo_results/r17_tcga_panel_d4p2_reconciliation/r17_per_sample_merged.tsv	rai-response-genomics-atlas/scripts/tcga_rai_structural_disease_2026_08_06.py	rai-response-genomics-atlas/results/reports/tcga_rai_structural_disease_brief_2026_08_06.md (prose table only)	source unavailable		Cannot be independently verified: no corresponding row exists in tcga_rai_structural_adjusted_2026_08_06.tsv, which contains only a single-covariate-set model per endpoint (panel-z-alone for new tumour event). This '+purity' sensitivity model and its '+purity+stage' counterpart (0.187, see STR-ML-PURITY-02) appear ONLY in the report brief's prose table, not in any saved output.	high	EVIDENCE-LOCK FLAG: per-value verification failed. Do not cite these two numbers in the manuscript until the underlying model is re-run and saved to a table. The Firth Tier-3+purity result (STR-FIRTH-03, OR=0.202) is the closest audited/traceable analogue and should be used instead if a purity-adjusted estimate is needed.
STR-ML-PURITY-02	TCGA-THCA	72 RAI-treated patients, persistent-disease endpoint	72	13		8-gene panel z-score	persistent disease within 3 months of surgery	within 3 months of surgery	ordinary ML logistic, panel z + purity + stage (as quoted in report brief)	odds ratio	0.191	0.046	0.79	0.022		ordinary ML logistic regression (brief text only)	purity, stage_high	patient				/data/rai_atlas/raw/TCGA_THCA_biotab/nationwidechildrens.org_clinical_radiation_thca.txt; /data/thca/repo_results/r17_tcga_panel_d4p2_reconciliation/r17_per_sample_merged.tsv	rai-response-genomics-atlas/scripts/tcga_rai_structural_disease_2026_08_06.py	rai-response-genomics-atlas/results/reports/tcga_rai_structural_disease_brief_2026_08_06.md (prose table only)	source unavailable		No corresponding row in tcga_rai_structural_adjusted_2026_08_06.tsv (only saved row for this endpoint is panel-z+stage_high, OR=0.202, see STR-ML-02).	high	EVIDENCE-LOCK FLAG: same issue as STR-ML-PURITY-01. Use STR-FIRTH-08 (Firth+stage+purity, exploratory, OR=0.237) as the audited analogue instead.
INT-01	TCGA-THCA	all TCGA-THCA patients with panel score and new-tumour-event field, split by mCi-course receipt				8-gene panel z-score	new tumour event after initial treatment	post-treatment	treatment (RAI mCi course received) x panel-z interaction	logistic regression coefficient (beta)	-2.23			0.077		logistic regression interaction term		patient	none	only 2 new-tumour events and 1 persistent-disease event among the 265 patients with no recorded mCi course -- interaction not reliably estimable		/data/rai_atlas/raw/TCGA_THCA_biotab/nationwidechildrens.org_clinical_radiation_thca.txt; /data/thca/repo_results/r17_tcga_panel_d4p2_reconciliation/r17_per_sample_merged.tsv	rai-response-genomics-atlas/scripts/tcga_rai_structural_disease_2026_08_06.py	rai-response-genomics-atlas/results/reports/tcga_rai_structural_disease_brief_2026_08_06.md; audit/rai_integration_20260806/00_EXECUTIVE_DECISION.md (Q2)	source unavailable		Treatment-by-score interaction is NOT estimable with only 2-3 events in the untreated arm; audit00 explicitly states this number 'should not be quoted as a trend'. The structural-outcome association (STR-FIRTH-*) is therefore prognostic-within-treated, not evidence of differential RAI benefit.	critical	No table row exists for this statistic; it is quoted only in report/audit prose. Treat as a documented non-result, not as weak evidence of an interaction.
UP-01	GSE151179	52 specimens / 33 patients, all treated with RAI post-thyroidectomy; 'rai uptake at the metastatic site: Yes/No' field	32	16	16	8-gene panel z-score	RAI uptake at the metastatic site (Yes/No)	post-thyroidectomy, RAI-avidity imaging	PRIMARY patient-level (tumour samples)	Cohen's d	0.3732	-0.3377	0.9798	0.534		Mann-Whitney U / bootstrap CI (AUC=0.5664)	none (unadjusted)	patient	primary analysis correctly uses one mean panel z per patient (n=16/16); no repeated-measure violation in this row			/data/rai_atlas/raw/GSE151179/GSE151179_series_matrix.txt.gz; /data/rai_atlas/processed/GSE151179_label_joined.tsv	rai-response-genomics-atlas/scripts/gse151179_uptake_at_met_site_2026_08_06.py	rai-response-genomics-atlas/results/tables/gse151179_uptake_at_met_site_2026_08_06.tsv; rai-response-genomics-atlas/results/reports/gse151179_uptake_at_met_site_brief_2026_08_06.md	exact	Direction consistent with hypothesis (uptake+ scores higher) but null in every comparison.	Panel is not shown to be associated with RAI uptake in this cohort; negative control (d=0.65) exceeds the tumour signal (d=0.37), and the association disappears after purity adjustment (see UP-07).	moderate	one mean panel z per patient
UP-02	GSE151179	52 specimens / 33 patients, all treated with RAI post-thyroidectomy; 'rai uptake at the metastatic site: Yes/No' field	39	19	20	8-gene panel z-score	RAI uptake at the metastatic site (Yes/No)	post-thyroidectomy, RAI-avidity imaging	sample-level (tumour samples, non-independent)	Cohen's d	0.2665	-0.3884	0.8434	0.6837		Mann-Whitney U / bootstrap CI (AUC=0.5395)	none (unadjusted)	sample	32 patients contribute 39 tumour specimens (6 patients with >1, max 3); sample-level rows here are NOT independent replicates -- see UP-INDEP-* rows for the quantified clustering (ICC=0.0, design effect=1.0).			/data/rai_atlas/raw/GSE151179/GSE151179_series_matrix.txt.gz; /data/rai_atlas/processed/GSE151179_label_joined.tsv	rai-response-genomics-atlas/scripts/gse151179_uptake_at_met_site_2026_08_06.py	rai-response-genomics-atlas/results/tables/gse151179_uptake_at_met_site_2026_08_06.tsv; rai-response-genomics-atlas/results/reports/gse151179_uptake_at_met_site_brief_2026_08_06.md	exact	Direction consistent with hypothesis (uptake+ scores higher) but null in every comparison.	Panel is not shown to be associated with RAI uptake in this cohort; negative control (d=0.65) exceeds the tumour signal (d=0.37), and the association disappears after purity adjustment (see UP-07).	moderate	repeated specimens per patient not accounted
UP-03	GSE151179	52 specimens / 33 patients, all treated with RAI post-thyroidectomy; 'rai uptake at the metastatic site: Yes/No' field	17	11	6	8-gene panel z-score	RAI uptake at the metastatic site (Yes/No)	post-thyroidectomy, RAI-avidity imaging	sensitivity: primary tumours only	Cohen's d	-0.0249	-1.5053	1.0863	0.5249		Mann-Whitney U / bootstrap CI (AUC=0.3939)	none (unadjusted)	sample	32 patients contribute 39 tumour specimens (6 patients with >1, max 3); sample-level rows here are NOT independent replicates -- see UP-INDEP-* rows for the quantified clustering (ICC=0.0, design effect=1.0).			/data/rai_atlas/raw/GSE151179/GSE151179_series_matrix.txt.gz; /data/rai_atlas/processed/GSE151179_label_joined.tsv	rai-response-genomics-atlas/scripts/gse151179_uptake_at_met_site_2026_08_06.py	rai-response-genomics-atlas/results/tables/gse151179_uptake_at_met_site_2026_08_06.tsv; rai-response-genomics-atlas/results/reports/gse151179_uptake_at_met_site_brief_2026_08_06.md	exact	Direction consistent with hypothesis (uptake+ scores higher) but null in every comparison.	Panel is not shown to be associated with RAI uptake in this cohort; negative control (d=0.65) exceeds the tumour signal (d=0.37), and the association disappears after purity adjustment (see UP-07).	moderate	one specimen per patient by construction
UP-04	GSE151179	52 specimens / 33 patients, all treated with RAI post-thyroidectomy; 'rai uptake at the metastatic site: Yes/No' field	22	14	8	8-gene panel z-score	RAI uptake at the metastatic site (Yes/No)	post-thyroidectomy, RAI-avidity imaging	sensitivity: pre-RAI specimens only	Cohen's d	0.3366	-0.791	1.262	0.9734		Mann-Whitney U / bootstrap CI (AUC=0.4911)	none (unadjusted)	sample	32 patients contribute 39 tumour specimens (6 patients with >1, max 3); sample-level rows here are NOT independent replicates -- see UP-INDEP-* rows for the quantified clustering (ICC=0.0, design effect=1.0).			/data/rai_atlas/raw/GSE151179/GSE151179_series_matrix.txt.gz; /data/rai_atlas/processed/GSE151179_label_joined.tsv	rai-response-genomics-atlas/scripts/gse151179_uptake_at_met_site_2026_08_06.py	rai-response-genomics-atlas/results/tables/gse151179_uptake_at_met_site_2026_08_06.tsv; rai-response-genomics-atlas/results/reports/gse151179_uptake_at_met_site_brief_2026_08_06.md	exact	Direction consistent with hypothesis (uptake+ scores higher) but null in every comparison.	Panel is not shown to be associated with RAI uptake in this cohort; negative control (d=0.65) exceeds the tumour signal (d=0.37), and the association disappears after purity adjustment (see UP-07).	moderate	removes post-treatment sampling effect
UP-05	GSE151179	52 specimens / 33 patients, all treated with RAI post-thyroidectomy; 'rai uptake at the metastatic site: Yes/No' field	22	12	10	8-gene panel z-score	RAI uptake at the metastatic site (Yes/No)	post-thyroidectomy, RAI-avidity imaging	sensitivity: high-purity tumours only	Cohen's d	0.0312	-1.0644	0.7426	0.6682		Mann-Whitney U / bootstrap CI (AUC=0.4417)	none (unadjusted)	sample	32 patients contribute 39 tumour specimens (6 patients with >1, max 3); sample-level rows here are NOT independent replicates -- see UP-INDEP-* rows for the quantified clustering (ICC=0.0, design effect=1.0).			/data/rai_atlas/raw/GSE151179/GSE151179_series_matrix.txt.gz; /data/rai_atlas/processed/GSE151179_label_joined.tsv	rai-response-genomics-atlas/scripts/gse151179_uptake_at_met_site_2026_08_06.py	rai-response-genomics-atlas/results/tables/gse151179_uptake_at_met_site_2026_08_06.tsv; rai-response-genomics-atlas/results/reports/gse151179_uptake_at_met_site_brief_2026_08_06.md	exact	Direction consistent with hypothesis (uptake+ scores higher) but null in every comparison.	Panel is not shown to be associated with RAI uptake in this cohort; negative control (d=0.65) exceeds the tumour signal (d=0.37), and the association disappears after purity adjustment (see UP-07).	moderate	controls thyrocyte-content confounding
UP-06	GSE151179	52 specimens / 33 patients, all treated with RAI post-thyroidectomy; 'rai uptake at the metastatic site: Yes/No' field	13	6	7	8-gene panel z-score	RAI uptake at the metastatic site (Yes/No)	post-thyroidectomy, RAI-avidity imaging	NEGATIVE CONTROL: non-neoplastic thyroid	Cohen's d	0.6529	-0.3332	2.2865	0.1807		Mann-Whitney U / bootstrap CI (AUC=0.7381)	none (unadjusted)	sample	32 patients contribute 39 tumour specimens (6 patients with >1, max 3); sample-level rows here are NOT independent replicates -- see UP-INDEP-* rows for the quantified clustering (ICC=0.0, design effect=1.0).			/data/rai_atlas/raw/GSE151179/GSE151179_series_matrix.txt.gz; /data/rai_atlas/processed/GSE151179_label_joined.tsv	rai-response-genomics-atlas/scripts/gse151179_uptake_at_met_site_2026_08_06.py	rai-response-genomics-atlas/results/tables/gse151179_uptake_at_met_site_2026_08_06.tsv; rai-response-genomics-atlas/results/reports/gse151179_uptake_at_met_site_brief_2026_08_06.md	exact	Direction consistent with hypothesis (uptake+ scores higher) but null in every comparison.	Panel is not shown to be associated with RAI uptake in this cohort; negative control (d=0.65) exceeds the tumour signal (d=0.37), and the association disappears after purity adjustment (see UP-07).	moderate	expect no association
UP-07	GSE151179	39 tumour specimens, 32 patients	39			8-gene panel z-score	RAI uptake at the metastatic site (Yes/No)	post-thyroidectomy	ADJUSTED OLS: panel z ~ uptake + purity_class + driver_class (sample-level)	OLS beta (uptake term)	0.035184107169036125	-0.4404083910912604	0.5107766054293327	0.8811650927294145		OLS regression, sample-level	CIBERSORT purity class (low/high), driver class (fusion/pTERT/WT/other vs BRAF V600E)	sample	sample-level model on 39 specimens from 32 patients (clustering not modelled in this OLS; cluster-robust SE reported separately in UP-INDEP-03, 0.156 vs naive 0.175)			/data/rai_atlas/raw/GSE151179/GSE151179_series_matrix.txt.gz; /data/rai_atlas/processed/GSE151179_label_joined.tsv	rai-response-genomics-atlas/scripts/gse151179_uptake_at_met_site_2026_08_06.py	rai-response-genomics-atlas/results/tables/gse151179_uptake_at_met_site_2026_08_06.tsv; rai-response-genomics-atlas/results/reports/gse151179_uptake_at_met_site_brief_2026_08_06.md	exact		Once tumour purity is held constant, the RAI-uptake association is essentially zero (beta=0.035, P=0.88); purity itself is the dominant term (see UP-08). Coefficient is in panel-z units, not Cohen's d.	critical	AUDIT WITHDRAWAL (00_EXECUTIVE_DECISION.md Q5): the first-pass statement that purity is 'definitionally not a confounder because it is not associated with the outcome' is WITHDRAWN. P>0.05 is not evidence of no association; the only defensible statement is that adjustment for available purity did not attenuate this specific association.
UP-08	GSE151179	39 tumour specimens, 32 patients	39			CIBERSORT-derived tumour purity (leukocyte fraction proxy)	RAI uptake at the metastatic site (Yes/No)	post-thyroidectomy	ADJUSTED OLS: purity term (low vs high), same model as UP-07	OLS beta	-0.88	-1.28	-0.48	0.00019		OLS regression, sample-level	RAI uptake, driver class	sample	sample-level, 39 specimens / 32 patients, clustering not modelled in this OLS			/data/rai_atlas/raw/GSE151179/GSE151179_series_matrix.txt.gz; /data/rai_atlas/processed/GSE151179_label_joined.tsv	rai-response-genomics-atlas/scripts/gse151179_uptake_at_met_site_2026_08_06.py	rai-response-genomics-atlas/results/reports/gse151179_uptake_at_met_site_brief_2026_08_06.md	approximately reproduced	Panel score is dominated by tumour purity (thyrocyte content), P~1.9e-4; this is the confounder that collapses the uptake association.		moderate	P value 1.9x10^-4 given as '1.9 x 10^-4' in the report brief prose; not present as a machine-readable row in the .tsv table (only the uptake-term row and its p-value are saved there). Effect estimate and CI transcribed from the brief's prose table.
UP-GENE-TPO	GSE151179	16 uptake-Yes vs 16 uptake-No patients (tumour samples)	32	16	16	TPO expression (single gene, patient-level)	RAI uptake at the metastatic site (Yes/No)	post-thyroidectomy	TPO, uptake Yes vs No	Cohen's d	0.5811			0.1269	0.5076	Mann-Whitney U, BH-corrected across 8 genes (AUC=0.6602)	none	patient	none (patient-level)			/data/rai_atlas/raw/GSE151179/GSE151179_series_matrix.txt.gz; /data/rai_atlas/processed/GSE151179_label_joined.tsv	rai-response-genomics-atlas/scripts/gse151179_uptake_at_met_site_2026_08_06.py	rai-response-genomics-atlas/results/tables/gse151179_uptake_per_gene_2026_08_06.tsv	exact	TPO and TG are the largest single-gene effects (both q>0.5, not significant after correction); SLC5A5 (NIS), the most mechanistically direct iodide-handling gene, is flat (d=0.06, q=0.95).		low	None of the 8 genes individually significant after BH correction.
UP-GENE-TG	GSE151179	16 uptake-Yes vs 16 uptake-No patients (tumour samples)	32	16	16	TG expression (single gene, patient-level)	RAI uptake at the metastatic site (Yes/No)	post-thyroidectomy	TG, uptake Yes vs No	Cohen's d	0.5796			0.0864	0.691	Mann-Whitney U, BH-corrected across 8 genes (AUC=0.6797)	none	patient	none (patient-level)			/data/rai_atlas/raw/GSE151179/GSE151179_series_matrix.txt.gz; /data/rai_atlas/processed/GSE151179_label_joined.tsv	rai-response-genomics-atlas/scripts/gse151179_uptake_at_met_site_2026_08_06.py	rai-response-genomics-atlas/results/tables/gse151179_uptake_per_gene_2026_08_06.tsv	exact	TPO and TG are the largest single-gene effects (both q>0.5, not significant after correction); SLC5A5 (NIS), the most mechanistically direct iodide-handling gene, is flat (d=0.06, q=0.95).		low	None of the 8 genes individually significant after BH correction.
UP-GENE-TSHR	GSE151179	16 uptake-Yes vs 16 uptake-No patients (tumour samples)	32	16	16	TSHR expression (single gene, patient-level)	RAI uptake at the metastatic site (Yes/No)	post-thyroidectomy	TSHR, uptake Yes vs No	Cohen's d	0.2822			0.7774	1.0	Mann-Whitney U, BH-corrected across 8 genes (AUC=0.5313)	none	patient	none (patient-level)			/data/rai_atlas/raw/GSE151179/GSE151179_series_matrix.txt.gz; /data/rai_atlas/processed/GSE151179_label_joined.tsv	rai-response-genomics-atlas/scripts/gse151179_uptake_at_met_site_2026_08_06.py	rai-response-genomics-atlas/results/tables/gse151179_uptake_per_gene_2026_08_06.tsv	exact	TPO and TG are the largest single-gene effects (both q>0.5, not significant after correction); SLC5A5 (NIS), the most mechanistically direct iodide-handling gene, is flat (d=0.06, q=0.95).		low	None of the 8 genes individually significant after BH correction.
UP-GENE-FOXE1	GSE151179	16 uptake-Yes vs 16 uptake-No patients (tumour samples)	32	16	16	FOXE1 expression (single gene, patient-level)	RAI uptake at the metastatic site (Yes/No)	post-thyroidectomy	FOXE1, uptake Yes vs No	Cohen's d	0.2326			0.7774	1.0	Mann-Whitney U, BH-corrected across 8 genes (AUC=0.5313)	none	patient	none (patient-level)			/data/rai_atlas/raw/GSE151179/GSE151179_series_matrix.txt.gz; /data/rai_atlas/processed/GSE151179_label_joined.tsv	rai-response-genomics-atlas/scripts/gse151179_uptake_at_met_site_2026_08_06.py	rai-response-genomics-atlas/results/tables/gse151179_uptake_per_gene_2026_08_06.tsv	exact	TPO and TG are the largest single-gene effects (both q>0.5, not significant after correction); SLC5A5 (NIS), the most mechanistically direct iodide-handling gene, is flat (d=0.06, q=0.95).		low	None of the 8 genes individually significant after BH correction.
UP-GENE-DIO1	GSE151179	16 uptake-Yes vs 16 uptake-No patients (tumour samples)	32	16	16	DIO1 expression (single gene, patient-level)	RAI uptake at the metastatic site (Yes/No)	post-thyroidectomy	DIO1, uptake Yes vs No	Cohen's d	0.2261			0.2503	0.6676	Mann-Whitney U, BH-corrected across 8 genes (AUC=0.6211)	none	patient	none (patient-level)			/data/rai_atlas/raw/GSE151179/GSE151179_series_matrix.txt.gz; /data/rai_atlas/processed/GSE151179_label_joined.tsv	rai-response-genomics-atlas/scripts/gse151179_uptake_at_met_site_2026_08_06.py	rai-response-genomics-atlas/results/tables/gse151179_uptake_per_gene_2026_08_06.tsv	exact	TPO and TG are the largest single-gene effects (both q>0.5, not significant after correction); SLC5A5 (NIS), the most mechanistically direct iodide-handling gene, is flat (d=0.06, q=0.95).		low	None of the 8 genes individually significant after BH correction.
UP-GENE-PAX8	GSE151179	16 uptake-Yes vs 16 uptake-No patients (tumour samples)	32	16	16	PAX8 expression (single gene, patient-level)	RAI uptake at the metastatic site (Yes/No)	post-thyroidectomy	PAX8, uptake Yes vs No	Cohen's d	0.2224			0.7774	1.0	Mann-Whitney U, BH-corrected across 8 genes (AUC=0.4688)	none	patient	none (patient-level)			/data/rai_atlas/raw/GSE151179/GSE151179_series_matrix.txt.gz; /data/rai_atlas/processed/GSE151179_label_joined.tsv	rai-response-genomics-atlas/scripts/gse151179_uptake_at_met_site_2026_08_06.py	rai-response-genomics-atlas/results/tables/gse151179_uptake_per_gene_2026_08_06.tsv	exact	TPO and TG are the largest single-gene effects (both q>0.5, not significant after correction); SLC5A5 (NIS), the most mechanistically direct iodide-handling gene, is flat (d=0.06, q=0.95).		low	None of the 8 genes individually significant after BH correction.
UP-GENE-NKX2-1	GSE151179	16 uptake-Yes vs 16 uptake-No patients (tumour samples)	32	16	16	NKX2-1 expression (single gene, patient-level)	RAI uptake at the metastatic site (Yes/No)	post-thyroidectomy	NKX2-1, uptake Yes vs No	Cohen's d	0.0827			0.8358	0.9552	Mann-Whitney U, BH-corrected across 8 genes (AUC=0.4766)	none	patient	none (patient-level)			/data/rai_atlas/raw/GSE151179/GSE151179_series_matrix.txt.gz; /data/rai_atlas/processed/GSE151179_label_joined.tsv	rai-response-genomics-atlas/scripts/gse151179_uptake_at_met_site_2026_08_06.py	rai-response-genomics-atlas/results/tables/gse151179_uptake_per_gene_2026_08_06.tsv	exact	TPO and TG are the largest single-gene effects (both q>0.5, not significant after correction); SLC5A5 (NIS), the most mechanistically direct iodide-handling gene, is flat (d=0.06, q=0.95).		low	None of the 8 genes individually significant after BH correction.
UP-GENE-SLC5A5	GSE151179	16 uptake-Yes vs 16 uptake-No patients (tumour samples)	32	16	16	SLC5A5 expression (single gene, patient-level)	RAI uptake at the metastatic site (Yes/No)	post-thyroidectomy	SLC5A5, uptake Yes vs No	Cohen's d	0.0618			0.9549	0.9549	Mann-Whitney U, BH-corrected across 8 genes (AUC=0.4922)	none	patient	none (patient-level)			/data/rai_atlas/raw/GSE151179/GSE151179_series_matrix.txt.gz; /data/rai_atlas/processed/GSE151179_label_joined.tsv	rai-response-genomics-atlas/scripts/gse151179_uptake_at_met_site_2026_08_06.py	rai-response-genomics-atlas/results/tables/gse151179_uptake_per_gene_2026_08_06.tsv	exact	TPO and TG are the largest single-gene effects (both q>0.5, not significant after correction); SLC5A5 (NIS), the most mechanistically direct iodide-handling gene, is flat (d=0.06, q=0.95).		low	None of the 8 genes individually significant after BH correction.
UP-LOGO-01	GSE151179	16 vs 16 patients, leave-one-gene-out panel scores	32			8-gene panel z-score minus one gene (8 variants)	RAI uptake at the metastatic site (Yes/No)	post-thyroidectomy	leave-one-gene-out (LOGO) stability, range across 8 dropped-gene variants	Cohen's d range	0.317-0.416 (all positive; full-panel d=0.373 for reference)					Mann-Whitney U per LOGO variant	none	patient	none			/data/rai_atlas/raw/GSE151179/GSE151179_series_matrix.txt.gz; /data/rai_atlas/processed/GSE151179_label_joined.tsv	rai-response-genomics-atlas/scripts/gse151179_uptake_at_met_site_2026_08_06.py	rai-response-genomics-atlas/results/tables/gse151179_uptake_logo_2026_08_06.tsv	exact	No single gene drives or destroys the (null) association; d stays in a narrow 0.317-0.416 band whichever gene is dropped.		low	Individual dropped-gene rows (DIO1 d=0.369 p=0.72; FOXE1 d=0.397 p=0.46; NKX2-1 d=0.416 p=0.42; PAX8 d=0.400 p=0.53; SLC5A5 d=0.373 p=0.53; TG d=0.317 p=0.66; TPO d=0.318 p=0.58; TSHR d=0.384 p=0.56) are all in the source table; summarised here as one robustness-check row rather than 8 separate claim rows since none individually differs from the full-panel result.
POW-GSE151179-01	GSE151179	16 uptake-Yes vs 16 uptake-No patients	32			8-gene panel z-score	RAI uptake at the metastatic site power/design calculation	post-thyroidectomy	power to detect observed d; MDE at 80% power; patients required at observed d	Cohen's d (observed) / MDE	0.373					two-sample t-test power calculation (16 vs 16, alpha=0.05, two-sided)		patient			observed d=0.373; power at observed d=0.176; d detectable at 80% power=1.025; patients/group needed at observed d=113; total patients needed=226	/data/rai_atlas/raw/GSE151179/GSE151179_series_matrix.txt.gz; /data/rai_atlas/processed/GSE151179_label_joined.tsv	rai-response-genomics-atlas/scripts/gse151179_uptake_at_met_site_2026_08_06.py	rai-response-genomics-atlas/results/tables/gse151179_uptake_power_2026_08_06.tsv	exact	This cohort could only ever detect a very large effect (d>=1.0); its null result is uninformative, not evidence against the hypothesis. The ~226-patient design target is reused as the field-wide benchmark in the GSE138042 and synthesis-power figures.		moderate	
UP-INDEP-01	GSE151179	52 specimens / 33 patients total; 39 tumour specimens / 32 patients	39			specimen/patient structure (descriptive)	clustering structure underlying UP-01..UP-08		specimens per patient; patients with >1 tumour specimen	count						descriptive enumeration		patient	32 patients contribute 39 tumour specimens; 6 patients contribute >1 (max 3); the uptake label is recorded once per patient (0 patients with discordant labels), so a within-patient paired test is impossible -- only the between-patient contrast exists.			/data/rai_atlas/raw/GSE151179/GSE151179_series_matrix.txt.gz; /data/rai_atlas/processed/GSE151179_label_joined.tsv	rai-response-genomics-atlas/scripts/audit/05_gse151179_patient_structure.py	rai-response-genomics-atlas/results/tables/audit05_gse151179_structure_2026_08_06.tsv; audit/rai_integration_20260806/04b_GSE151179_INDEPENDENCE.md	exact			moderate	Foundational clustering counts for all GSE151179 sample-level rows (UP-02 especially).
UP-INDEP-02	GSE151179	39 tumour specimens, 32 patients	39			8-gene panel z-score (within-patient variance decomposition)	intraclass correlation of panel z within patient		ICC of panel z within patient; design effect; effective sample size	ICC	0.0					one-way random-effects ICC		patient/specimen	ICC=0.0 -> design effect=1.0 -> effective sample size unchanged at 39 (specimens from the same patient are not more similar in panel z than specimens from different patients, in this dataset)			/data/rai_atlas/raw/GSE151179/GSE151179_series_matrix.txt.gz; /data/rai_atlas/processed/GSE151179_label_joined.tsv	rai-response-genomics-atlas/scripts/audit/05_gse151179_patient_structure.py	rai-response-genomics-atlas/results/tables/audit05_gse151179_structure_2026_08_06.tsv; audit/rai_integration_20260806/04b_GSE151179_INDEPENDENCE.md	exact	Despite repeated specimens per patient, panel-z clustering by patient is negligible here (ICC=0), so the sample-level naive-SE inflation risk is small in this particular dataset -- though the primary analysis should still be patient-level on principle.		low	
UP-INDEP-03	GSE151179	39 tumour specimens, 32 patients	39			8-gene panel z-score	RAI uptake at the metastatic site (Yes/No)	post-thyroidectomy	sample-level uptake term: naive SE vs patient-cluster-robust (sandwich) SE	standard error	naive 0.1751; cluster-robust 0.156					OLS with cluster-robust (patient) sandwich SE, compared to naive OLS SE		sample (with patient-cluster correction)	cluster-robust SE (0.156) is actually SMALLER than the naive SE (0.175) here (SE inflation factor 0.891, i.e. deflation) -- a within-patient negative-correlation pattern, not the usual clustering inflation			/data/rai_atlas/raw/GSE151179/GSE151179_series_matrix.txt.gz; /data/rai_atlas/processed/GSE151179_label_joined.tsv	rai-response-genomics-atlas/scripts/audit/05_gse151179_patient_structure.py	rai-response-genomics-atlas/results/tables/audit05_gse151179_structure_2026_08_06.tsv; audit/rai_integration_20260806/04b_GSE151179_INDEPENDENCE.md	exact			low	Confirms sample-level rows (UP-02 etc.) are not artificially over-confident from ignoring clustering in this dataset; still recommend patient-level (UP-01) as primary.
UP-INDEP-04	GSE151179	16 uptake-Yes vs 16 uptake-No patients	32			8-gene panel z-score	RAI uptake at the metastatic site (Yes/No)	post-thyroidectomy	patient-level primary contrast, permutation test (10,000 label shuffles)	Cohen's d	0.373	-0.338	0.98	0.3107		patient-level permutation test, 10,000 shuffles	none	patient	none (patient-level, primary re-derivation)			/data/rai_atlas/raw/GSE151179/GSE151179_series_matrix.txt.gz; /data/rai_atlas/processed/GSE151179_label_joined.tsv	rai-response-genomics-atlas/scripts/audit/05_gse151179_patient_structure.py	rai-response-genomics-atlas/results/tables/audit05_gse151179_structure_2026_08_06.tsv; audit/rai_integration_20260806/04b_GSE151179_INDEPENDENCE.md	approximately reproduced	Permutation P (0.3107) is a distribution-free re-confirmation of the Mann-Whitney P (0.534, UP-01) for the same contrast; both null, though the two P-values differ because they test different null distributions (permutation of the mean-difference statistic vs rank-sum).		low	Reported as a corroborating re-analysis of UP-01, not a numerically identical repeat -- different test statistic, same data and same qualitative conclusion (null).
UP-INDEP-05	GSE151179	6 vs 7 non-neoplastic thyroid specimens, patient-level re-derivation of UP-06	13	6	7	8-gene panel z-score	negative control: non-neoplastic thyroid, RAI uptake label of the paired tumour		patient-level negative control	Cohen's d	0.653			0.1807		patient-level bootstrap/Mann-Whitney	none	patient	none (patient-level)			/data/rai_atlas/raw/GSE151179/GSE151179_series_matrix.txt.gz; /data/rai_atlas/processed/GSE151179_label_joined.tsv	rai-response-genomics-atlas/scripts/audit/05_gse151179_patient_structure.py	rai-response-genomics-atlas/results/tables/audit05_gse151179_structure_2026_08_06.tsv	approximately reproduced		Confirms UP-06 at patient level: the negative control's effect size (d=0.65) exceeds the tumour signal (d=0.37, UP-01), reinforcing that the nominal uptake association is not tumour-specific.	moderate	Values differ trivially from UP-06 (d=0.948 sample-level vs 0.653 patient-level) because UP-06 was computed at sample-level (6 vs 7 specimens) while this row is the patient-level re-derivation; both point the same direction.
G138-01	GSE138042	23 carcinomas with documented radioiodine outcome (Radiation/Iodine therapy status field), of 95 total sequenced libraries (also includes 17 benign follicular adenomas, 3 medullary carcinomas, and other malignant samples with no recorded RAI outcome)	23	13	10	8-gene panel z-score	radioresistant vs radiosensitive (RAIR annotation)	documented post-RAI outcome	PRIMARY: radioresistant vs radiosensitive (both radioiodine-treated)	Cohen's d	-0.4241102857921292	-1.444986900318223	0.42221581633935795	0.3364168335882751		Mann-Whitney U / bootstrap CI (5,000 draws), AUC=0.3364	none (unadjusted)	sample (one library per patient in this contrast)	none stated; 13 radioresistant vs 10 radiosensitive libraries, one per patient		detects d>=1.24 at 80% power; power at observed d=0.16	/data/rai_atlas/raw/GSE138042/GSE138042_mRNA_seq_thyroid.csv.gz; /data/rai_atlas/raw/GSE138042/mmc1.xlsx	rai-response-genomics-atlas/scripts/gse138042_rair_panel_2026_08_06.py	rai-response-genomics-atlas/results/tables/gse138042_rair_panel_main_2026_08_06.tsv; rai-response-genomics-atlas/results/reports/gse138042_rair_panel_brief_2026_08_06.md	exact	Direction as hypothesised (refractory scores lower) but the head-to-head clinically-defined contrast is null; underpowered (detects only d>=1.24).	Cannot support a GSE138042-specific radioiodine-refractoriness claim.	moderate	This is the corrected primary analysis (revised same day after obtaining mmc1.xlsx clinical annotation); supersedes an uncorrected first-pass 13-vs-82 comparison that mixed in benign/medullary/RAI-outcome-unknown samples (see G138-03).
G138-02	GSE138042	13 radioresistant carcinomas vs 62 malignant carcinomas with any histology (adenoma and medullary excluded, RAI-outcome status not required for the comparator)	75	13	62	8-gene panel z-score	radioresistant vs all malignant (RAI outcome not required in comparator)		sensitivity: malignant comparator only (no adenoma/medullary)	Cohen's d	-0.9433219550452372	-1.791143590324162	-0.42790284928664557	0.0004091806727964233		Mann-Whitney U / bootstrap CI	none	sample	none stated			/data/rai_atlas/raw/GSE138042/GSE138042_mRNA_seq_thyroid.csv.gz; /data/rai_atlas/raw/GSE138042/mmc1.xlsx	rai-response-genomics-atlas/scripts/gse138042_rair_panel_2026_08_06.py	rai-response-genomics-atlas/results/tables/gse138042_rair_panel_main_2026_08_06.tsv; rai-response-genomics-atlas/results/reports/gse138042_rair_panel_brief_2026_08_06.md	exact		CONFOUNDED comparator: 52 of the 62 malignant comparator samples have no recorded RAI outcome, so this large/significant effect is confounded by disease-stage composition (advanced-refractory vs mostly-early-primary-resection comparator), not a clean radioiodine-specific contrast. Must not be presented as the headline GSE138042 result.	high	Removing benign adenomas barely moves the effect vs the raw 82-comparator contrast (G138-03: d=-1.03 -> here d=-0.94), showing the large effect is not an adenoma artefact -- but it IS explained by advanced-vs-early disease stage composition.
G138-03	GSE138042	13 radioresistant carcinomas vs all 82 remaining libraries in the 95-library series (includes 17 benign adenomas, 3 medullary carcinomas, and malignant samples with no RAI outcome)	95	13	82	8-gene panel z-score	radioresistant vs whole unselected cohort		context: panel z, RAI-refractory vs whole unselected cohort	Cohen's d	-1.0334839856589948	-1.8040202532246432	-0.5170713282356852	0.00016790469002593588		Mann-Whitney U / bootstrap CI	none	sample	none stated			/data/rai_atlas/raw/GSE138042/GSE138042_mRNA_seq_thyroid.csv.gz; /data/rai_atlas/raw/GSE138042/mmc1.xlsx	rai-response-genomics-atlas/scripts/gse138042_rair_panel_2026_08_06.py	rai-response-genomics-atlas/results/tables/gse138042_rair_panel_main_2026_08_06.tsv; rai-response-genomics-atlas/results/reports/gse138042_rair_panel_brief_2026_08_06.md	exact		This is the FIRST-PASS (uncorrected) comparator; it mixes benign follicular adenoma and medullary carcinoma into the reference group and must not be reported as a radioiodine-specific finding. Superseded by G138-01 as the RAI-response claim.	high	Retained in the output table as context/history, explicitly labelled 'context' by the source script, not as a claim.
G138-04	GSE138042	13 radioresistant vs 82 remaining libraries	95	13	82	composition score: immune-transcript signature	immune content		composition check: immune content, RAI-refractory vs rest	Cohen's d	-0.6465			0.0494		Mann-Whitney U	none	sample				/data/rai_atlas/raw/GSE138042/GSE138042_mRNA_seq_thyroid.csv.gz; /data/rai_atlas/raw/GSE138042/mmc1.xlsx	rai-response-genomics-atlas/scripts/gse138042_rair_panel_2026_08_06.py	rai-response-genomics-atlas/results/tables/gse138042_rair_panel_main_2026_08_06.tsv	exact	Refractory tumours have lower immune content (nominal P=0.049); used as a covariate in the adjusted model (G138-06).		moderate	CI not reported in source table for this row.
G138-05	GSE138042	13 radioresistant vs 82 remaining libraries	95	13	82	composition score: stromal-transcript signature	stromal content		composition check: stromal content, RAI-refractory vs rest	Cohen's d	0.3215			0.2578		Mann-Whitney U	none	sample				/data/rai_atlas/raw/GSE138042/GSE138042_mRNA_seq_thyroid.csv.gz; /data/rai_atlas/raw/GSE138042/mmc1.xlsx	rai-response-genomics-atlas/scripts/gse138042_rair_panel_2026_08_06.py	rai-response-genomics-atlas/results/tables/gse138042_rair_panel_main_2026_08_06.tsv	exact		No significant stromal-content difference.	low	CI not reported in source table for this row.
G138-06	GSE138042	95 libraries (13 refractory vs 82 rest)	95	13	82	8-gene panel z-score	RAI-refractory vs rest (broad contrast)		ADJUSTED logistic: panel z, immune and stroma held constant	odds ratio	0.28754794751077517	0.10096405818993778	0.8189431328335798	0.0195952720942198		ordinary logistic regression, 3 covariates	immune, stroma	sample	none stated			/data/rai_atlas/raw/GSE138042/GSE138042_mRNA_seq_thyroid.csv.gz; /data/rai_atlas/raw/GSE138042/mmc1.xlsx	rai-response-genomics-atlas/scripts/gse138042_rair_panel_2026_08_06.py	rai-response-genomics-atlas/results/tables/gse138042_rair_adjusted_2026_08_06.tsv; rai-response-genomics-atlas/results/tables/gse138042_rair_panel_main_2026_08_06.tsv (duplicate row); rai-response-genomics-atlas/results/reports/gse138042_rair_panel_brief_2026_08_06.md	exact	Panel z retains a significant association (OR=0.29) after adjusting for immune and stromal composition on the BROAD (95-library) contrast -- unlike GSE151179, where the equivalent adjustment removed the association entirely.	This is the broad (95-library, composition-confounded per G138-03) contrast, not the clean 13-vs-10 RAI-outcome contrast (G138-01, which was not itself adjusted for composition).	moderate	Appears identically in both gse138042_rair_adjusted_2026_08_06.tsv (term=panel_z) and as the last row of gse138042_rair_panel_main_2026_08_06.tsv.
G138-07	GSE138042	95 libraries (13 refractory vs 82 rest)	95			composition score: immune-transcript signature	RAI-refractory vs rest (broad contrast)		ADJUSTED logistic: immune term, panel z and stroma held constant	odds ratio	0.2853493479986703	0.09584064965032649	0.8495794915867299	0.024271240314981592		ordinary logistic regression, 3 covariates	panel_z, stroma	sample				/data/rai_atlas/raw/GSE138042/GSE138042_mRNA_seq_thyroid.csv.gz; /data/rai_atlas/raw/GSE138042/mmc1.xlsx	rai-response-genomics-atlas/scripts/gse138042_rair_panel_2026_08_06.py	rai-response-genomics-atlas/results/tables/gse138042_rair_adjusted_2026_08_06.tsv	exact	Immune content itself is independently significant in the same model.		low	
G138-08	GSE138042	95 libraries (13 refractory vs 82 rest)	95			composition score: stromal-transcript signature	RAI-refractory vs rest (broad contrast)		ADJUSTED logistic: stroma term, panel z and immune held constant	odds ratio	1.943140819514909	0.8526988280528489	4.428053751507037	0.11392874954968478		ordinary logistic regression, 3 covariates	panel_z, immune	sample				/data/rai_atlas/raw/GSE138042/GSE138042_mRNA_seq_thyroid.csv.gz; /data/rai_atlas/raw/GSE138042/mmc1.xlsx	rai-response-genomics-atlas/scripts/gse138042_rair_panel_2026_08_06.py	rai-response-genomics-atlas/results/tables/gse138042_rair_adjusted_2026_08_06.tsv	exact		Stroma term not significant in the joint model.	low	
G138-GENE-TG	GSE138042	13 radioresistant vs 10 radiosensitive carcinomas (documented RAI outcome)	23	13	10	TG expression (single gene)	radioresistant vs radiosensitive	documented post-RAI outcome	TG, radioresistant vs radiosensitive	Cohen's d	-1.1844031821927965			0.014298083798964127	0.05719233519585651	Mann-Whitney U, BH-corrected across 8 genes (AUC=0.19230769230769232)	none	sample	none stated			/data/rai_atlas/raw/GSE138042/GSE138042_mRNA_seq_thyroid.csv.gz; /data/rai_atlas/raw/GSE138042/mmc1.xlsx	rai-response-genomics-atlas/scripts/gse138042_rair_panel_2026_08_06.py	rai-response-genomics-atlas/results/tables/gse138042_rair_per_gene_2026_08_06.tsv	exact	TG and TSHR nominally significant (P<0.05) but do not survive BH correction (q=0.057, 0.096).		low	
G138-GENE-TSHR	GSE138042	13 radioresistant vs 10 radiosensitive carcinomas (documented RAI outcome)	23	13	10	TSHR expression (single gene)	radioresistant vs radiosensitive	documented post-RAI outcome	TSHR, radioresistant vs radiosensitive	Cohen's d	-1.1008101403406843			0.012015003224274784	0.09612002579419827	Mann-Whitney U, BH-corrected across 8 genes (AUC=0.18461538461538463)	none	sample	none stated			/data/rai_atlas/raw/GSE138042/GSE138042_mRNA_seq_thyroid.csv.gz; /data/rai_atlas/raw/GSE138042/mmc1.xlsx	rai-response-genomics-atlas/scripts/gse138042_rair_panel_2026_08_06.py	rai-response-genomics-atlas/results/tables/gse138042_rair_per_gene_2026_08_06.tsv	exact	TG and TSHR nominally significant (P<0.05) but do not survive BH correction (q=0.057, 0.096).		low	
G138-GENE-SLC5A5	GSE138042	13 radioresistant vs 10 radiosensitive carcinomas (documented RAI outcome)	23	13	10	SLC5A5 expression (single gene)	radioresistant vs radiosensitive	documented post-RAI outcome	SLC5A5, radioresistant vs radiosensitive	Cohen's d	-0.6723147915907886			0.1824092981672638	0.3648185963345276	Mann-Whitney U, BH-corrected across 8 genes (AUC=0.33076923076923076)	none	sample	none stated			/data/rai_atlas/raw/GSE138042/GSE138042_mRNA_seq_thyroid.csv.gz; /data/rai_atlas/raw/GSE138042/mmc1.xlsx	rai-response-genomics-atlas/scripts/gse138042_rair_panel_2026_08_06.py	rai-response-genomics-atlas/results/tables/gse138042_rair_per_gene_2026_08_06.tsv	exact		SLC5A5 (NIS), the direct iodide-transport gene, is not significant on the clean 13-vs-10 contrast (q=0.36); reporting only the broad confounded contrast (where NIS was q=0.006) would overstate mechanistic specificity.	low	
G138-GENE-TPO	GSE138042	13 radioresistant vs 10 radiosensitive carcinomas (documented RAI outcome)	23	13	10	TPO expression (single gene)	radioresistant vs radiosensitive	documented post-RAI outcome	TPO, radioresistant vs radiosensitive	Cohen's d	-0.6256553711399314			0.2777870669053022	0.4444593070484835	Mann-Whitney U, BH-corrected across 8 genes (AUC=0.36153846153846153)	none	sample	none stated			/data/rai_atlas/raw/GSE138042/GSE138042_mRNA_seq_thyroid.csv.gz; /data/rai_atlas/raw/GSE138042/mmc1.xlsx	rai-response-genomics-atlas/scripts/gse138042_rair_panel_2026_08_06.py	rai-response-genomics-atlas/results/tables/gse138042_rair_per_gene_2026_08_06.tsv	exact			low	
G138-GENE-NKX2-1	GSE138042	13 radioresistant vs 10 radiosensitive carcinomas (documented RAI outcome)	23	13	10	NKX2-1 expression (single gene)	radioresistant vs radiosensitive	documented post-RAI outcome	NKX2-1, radioresistant vs radiosensitive	Cohen's d	-0.012223550502514413			0.9258828652977943	0.9258828652977943	Mann-Whitney U, BH-corrected across 8 genes (AUC=0.5153846153846153)	none	sample	none stated			/data/rai_atlas/raw/GSE138042/GSE138042_mRNA_seq_thyroid.csv.gz; /data/rai_atlas/raw/GSE138042/mmc1.xlsx	rai-response-genomics-atlas/scripts/gse138042_rair_panel_2026_08_06.py	rai-response-genomics-atlas/results/tables/gse138042_rair_per_gene_2026_08_06.tsv	exact			low	
G138-GENE-FOXE1	GSE138042	13 radioresistant vs 10 radiosensitive carcinomas (documented RAI outcome)	23	13	10	FOXE1 expression (single gene)	radioresistant vs radiosensitive	documented post-RAI outcome	FOXE1, radioresistant vs radiosensitive	Cohen's d	0.301397459175315			0.5980910784890172	0.6835326611303054	Mann-Whitney U, BH-corrected across 8 genes (AUC=0.5692307692307692)	none	sample	none stated			/data/rai_atlas/raw/GSE138042/GSE138042_mRNA_seq_thyroid.csv.gz; /data/rai_atlas/raw/GSE138042/mmc1.xlsx	rai-response-genomics-atlas/scripts/gse138042_rair_panel_2026_08_06.py	rai-response-genomics-atlas/results/tables/gse138042_rair_per_gene_2026_08_06.tsv	exact			low	
G138-GENE-DIO1	GSE138042	13 radioresistant vs 10 radiosensitive carcinomas (documented RAI outcome)	23	13	10	DIO1 expression (single gene)	radioresistant vs radiosensitive	documented post-RAI outcome	DIO1, radioresistant vs radiosensitive	Cohen's d	0.44982410610361595			0.3364168335882751	0.44855577811770014	Mann-Whitney U, BH-corrected across 8 genes (AUC=0.6230769230769231)	none	sample	none stated			/data/rai_atlas/raw/GSE138042/GSE138042_mRNA_seq_thyroid.csv.gz; /data/rai_atlas/raw/GSE138042/mmc1.xlsx	rai-response-genomics-atlas/scripts/gse138042_rair_panel_2026_08_06.py	rai-response-genomics-atlas/results/tables/gse138042_rair_per_gene_2026_08_06.tsv	exact			low	
G138-GENE-PAX8	GSE138042	13 radioresistant vs 10 radiosensitive carcinomas (documented RAI outcome)	23	13	10	PAX8 expression (single gene)	radioresistant vs radiosensitive	documented post-RAI outcome	PAX8, radioresistant vs radiosensitive	Cohen's d	0.7232843854782727			0.12865542768146412	0.3430811404839043	Mann-Whitney U, BH-corrected across 8 genes (AUC=0.6923076923076923)	none	sample	none stated			/data/rai_atlas/raw/GSE138042/GSE138042_mRNA_seq_thyroid.csv.gz; /data/rai_atlas/raw/GSE138042/mmc1.xlsx	rai-response-genomics-atlas/scripts/gse138042_rair_panel_2026_08_06.py	rai-response-genomics-atlas/results/tables/gse138042_rair_per_gene_2026_08_06.tsv	exact			low	
SIR-01	Siraj 2022 (KFSHRC, Cancers 2022;14:1584)	158 papillary thyroid carcinomas with adjudicated 7-criterion radioiodine refractoriness (Refractory 66 / Avid 92)	158	66	92	driver mutation class (BRAF V600E / RAS hotspot / BRAF-RAS-negative)	RAI refractoriness (7-criterion definition)		driver class x RAI refractoriness (3-class chi-square)	chi-square statistic	0.7869196915090643			0.6747184098415844		chi-square test of independence, 3x2 table	none	patient	none stated			/data/rai_atlas/external/siraj2022/SupplementaryTables.xlsx (Tables S1, S3)	rai-response-genomics-atlas/scripts/siraj2022_driver_vs_rai_refractory_2026_08_06.py	rai-response-genomics-atlas/results/tables/siraj2022_driver_vs_rai_2026_08_06.tsv; rai-response-genomics-atlas/results/reports/siraj2022_driver_vs_rai_brief_2026_08_06.md	exact	Driver mutation class alone does not identify radioiodine-refractory disease (P=0.67, n=158) in this independent advanced-disease cohort -- the negative premise the manuscript's differentiation-axis argument rests on.		low	Internal validity of the refractory label confirmed independently (see SIR-05/06).
SIR-02	Siraj 2022 (KFSHRC, Cancers 2022;14:1584)	158 PTC, 7-criterion RAI refractoriness	158			driver mutation class (this group vs rest of 158)	RAI refractoriness		BRAF V600E vs rest — refractory	odds ratio	0.8259303721488596			0.6289592122746384		2x2 chi-square / OR	none	patient	none stated			/data/rai_atlas/external/siraj2022/SupplementaryTables.xlsx (Tables S1, S3)	rai-response-genomics-atlas/scripts/siraj2022_driver_vs_rai_refractory_2026_08_06.py	rai-response-genomics-atlas/results/tables/siraj2022_driver_vs_rai_2026_08_06.tsv	exact			low	32/81 refractory in group; 34/77 in rest; no CI reported in source table for this pairwise OR.
SIR-03	Siraj 2022 (KFSHRC, Cancers 2022;14:1584)	158 PTC, 7-criterion RAI refractoriness	158			driver mutation class (this group vs rest of 158)	RAI refractoriness		BRAF/RAS-negative vs rest — refractory	odds ratio	1.3433333333333333			0.4030267057522434		2x2 chi-square / OR	none	patient	none stated			/data/rai_atlas/external/siraj2022/SupplementaryTables.xlsx (Tables S1, S3)	rai-response-genomics-atlas/scripts/siraj2022_driver_vs_rai_refractory_2026_08_06.py	rai-response-genomics-atlas/results/tables/siraj2022_driver_vs_rai_2026_08_06.tsv	exact	BRAF/RAS-negative group has the numerically highest refractory fraction (46%) but not significantly so (P=0.40).		low	26/56 refractory in group; 40/102 in rest; no CI reported in source table for this pairwise OR.
SIR-04	Siraj 2022 (KFSHRC, Cancers 2022;14:1584)	158 PTC, 7-criterion RAI refractoriness	158			driver mutation class (this group vs rest of 158)	RAI refractoriness		RAS hotspot vs rest — refractory	odds ratio	0.8381962864721485			0.8144073682528641		2x2 chi-square / OR	none	patient	none stated			/data/rai_atlas/external/siraj2022/SupplementaryTables.xlsx (Tables S1, S3)	rai-response-genomics-atlas/scripts/siraj2022_driver_vs_rai_refractory_2026_08_06.py	rai-response-genomics-atlas/results/tables/siraj2022_driver_vs_rai_2026_08_06.tsv	exact			low	8/21 refractory in group; 58/137 in rest; no CI reported in source table for this pairwise OR.
SIR-05	Siraj 2022 (KFSHRC, Cancers 2022;14:1584)	158 PTC, split by refractory (66) vs avid (92)	158	66	92	cumulative radioiodine activity (mCi)	internal validity check of the refractory label	cumulative, all courses	cumulative RAI activity (mCi): refractory vs avid (median 149.5 vs 100.0)	Mann-Whitney U statistic	4802.5			4.671332078801766e-10		Mann-Whitney U	none	patient				/data/rai_atlas/external/siraj2022/SupplementaryTables.xlsx (Tables S1, S3)	rai-response-genomics-atlas/scripts/siraj2022_driver_vs_rai_refractory_2026_08_06.py	rai-response-genomics-atlas/results/tables/siraj2022_driver_vs_rai_2026_08_06.tsv	exact	Refractory patients received ~50% more cumulative radioiodine, as expected if the refractory label is real and clinically meaningful (validity check, not a differentiation-panel claim).		low	Descriptive/validity check, not a test of the manuscript's molecular hypothesis.
SIR-06	Siraj 2022 (KFSHRC, Cancers 2022;14:1584)	74 PTC with thyroglobulin measured 6 months after RAI, split by refractory (42) vs avid (32)	74	42	32	serum thyroglobulin (ug/L), 6 months post-RAI	internal validity check of the refractory label	6 months after radioiodine	thyroglobulin 6 months after RAI: refractory vs avid (median 3.5 vs 0.5)	Mann-Whitney U statistic	1039.5			6.0595466271401804e-05		Mann-Whitney U	none	patient		74/158 have a 6-month thyroglobulin value (84 missing)		/data/rai_atlas/external/siraj2022/SupplementaryTables.xlsx (Tables S1, S3)	rai-response-genomics-atlas/scripts/siraj2022_driver_vs_rai_refractory_2026_08_06.py	rai-response-genomics-atlas/results/tables/siraj2022_driver_vs_rai_2026_08_06.tsv	exact	Refractory patients retain ~7x higher post-treatment thyroglobulin, confirming the label behaves as a nuclear-medicine physician would expect.		low	Descriptive/validity check.
SIR-07	Siraj 2022 (KFSHRC, Cancers 2022;14:1584)	158 PTC	158	66		RAI refractoriness status itself	progression-free survival (PFS)	from initial treatment	PFS ~ RAI refractoriness (Cox) -- PARTLY CIRCULAR	hazard ratio	116.44761499068056	16.07	843.61	2.4929288950447053e-06		Cox proportional hazards	none	patient				/data/rai_atlas/external/siraj2022/SupplementaryTables.xlsx (Tables S1, S3)	rai-response-genomics-atlas/scripts/siraj2022_driver_vs_rai_refractory_2026_08_06.py	rai-response-genomics-atlas/results/tables/siraj2022_driver_vs_rai_2026_08_06.tsv; rai-response-genomics-atlas/results/reports/siraj2022_driver_vs_rai_brief_2026_08_06.md	exact		DO NOT USE as an outcome finding: the refractoriness definition itself includes structural progression among its 7 criteria, so exposure and outcome share a component (circular). Explicitly flagged as circular by the source script/brief.	critical	Retained in the output table only with an explicit circularity flag; must not appear in the manuscript as a PFS association.
SIR-08	Siraj 2022 (KFSHRC, Cancers 2022;14:1584)	158 PTC	158			BRAF/RAS-negative driver class	progression-free survival (PFS)	from initial treatment	PFS ~ BRAF/RAS-negative (Cox)	hazard ratio	1.6737129307829488	0.97	2.88	0.06248617076861919		Cox proportional hazards	none	patient				/data/rai_atlas/external/siraj2022/SupplementaryTables.xlsx (Tables S1, S3)	rai-response-genomics-atlas/scripts/siraj2022_driver_vs_rai_refractory_2026_08_06.py	rai-response-genomics-atlas/results/tables/siraj2022_driver_vs_rai_2026_08_06.tsv	exact		Borderline trend only (P=0.06), not a significant result; proportional-hazards assumption not reported as tested.	moderate	
ZH-01	Zhang 2026 (Fudan, Cell Rep Med 2026;7:102661)	113 advanced differentiated thyroid carcinoma patients (RAI sensitivity: Refractory 58 / Avid 55)	113	58	55	driver mutation class (BRAF V600E / RAS hotspot / BRAF-RAS-negative)	RAI refractoriness (scan-based avidity)		driver class x RAI refractoriness (3-class chi-square)	chi-square statistic	4.441553418981182			0.10852478385161192		chi-square test of independence, 3x2 table	none	patient	none stated			/data/rai_atlas/external/supp_bulk/mmc1.pdf (Tables S1, S2, parsed via pdftotext)	rai-response-genomics-atlas/scripts/zhang2026_extract_and_test_2026_08_06.py	rai-response-genomics-atlas/results/tables/zhang2026_driver_vs_rai_2026_08_06.tsv; rai-response-genomics-atlas/results/reports/zhang2026_driver_vs_rai_brief_2026_08_06.md	exact	Driver mutation class does not identify radioiodine-refractory disease (P=0.109); replicates the Siraj 2022 null (SIR-01, P=0.67) in a second, independent 113-patient advanced-disease cohort.		low	
ZH-02	Zhang 2026 (Fudan, Cell Rep Med 2026;7:102661)	113 advanced DTC, RAI sensitivity 58 refractory / 55 avid	113			driver mutation class (this group vs rest of 113)	RAI refractoriness		BRAF V600E vs rest — refractory	odds ratio	1.9185185185185185			0.12535936943003742		2x2 chi-square / OR	none	patient	none stated			/data/rai_atlas/external/supp_bulk/mmc1.pdf (Tables S1, S2, parsed via pdftotext)	rai-response-genomics-atlas/scripts/zhang2026_extract_and_test_2026_08_06.py	rai-response-genomics-atlas/results/tables/zhang2026_driver_vs_rai_2026_08_06.tsv	exact		BRAF V600E is numerically MORE refractory here (61%, opposite numerical direction to the manuscript's BRAF/RAS-negative framing), though not significant.	low	No CI reported in source table for this pairwise OR.
ZH-03	Zhang 2026 (Fudan, Cell Rep Med 2026;7:102661)	113 advanced DTC, RAI sensitivity 58 refractory / 55 avid	113			driver mutation class (this group vs rest of 113)	RAI refractoriness		BRAF/RAS-negative vs rest — refractory	odds ratio	0.7808676307007787			0.5743001634304554		2x2 chi-square / OR	none	patient	none stated			/data/rai_atlas/external/supp_bulk/mmc1.pdf (Tables S1, S2, parsed via pdftotext)	rai-response-genomics-atlas/scripts/zhang2026_extract_and_test_2026_08_06.py	rai-response-genomics-atlas/results/tables/zhang2026_driver_vs_rai_2026_08_06.tsv	exact			low	No CI reported in source table for this pairwise OR.
ZH-04	Zhang 2026 (Fudan, Cell Rep Med 2026;7:102661)	113 advanced DTC, RAI sensitivity 58 refractory / 55 avid	113			driver mutation class (this group vs rest of 113)	RAI refractoriness		RAS hotspot vs rest — refractory	odds ratio	0.32045454545454544			0.11835202997411323		2x2 chi-square / OR	none	patient	none stated			/data/rai_atlas/external/supp_bulk/mmc1.pdf (Tables S1, S2, parsed via pdftotext)	rai-response-genomics-atlas/scripts/zhang2026_extract_and_test_2026_08_06.py	rai-response-genomics-atlas/results/tables/zhang2026_driver_vs_rai_2026_08_06.tsv	exact			low	No CI reported in source table for this pairwise OR.
ZH-05	Zhang 2026 (Fudan, Cell Rep Med 2026;7:102661)	113 advanced DTC, proteomic consensus subtype CC1 (43) / CC2 (40) / CC3 (30)	113	58	55	proteomic consensus clustering subtype (CC1/CC2/CC3, whole-proteome, not the 8-gene panel)	RAI refractoriness (scan-based avidity)		proteomic CC subtype x RAI refractoriness (3-class chi-square): CC1 21% -> CC2 57% -> CC3 87%	chi-square statistic	31.5107808437219			1.4372121484731988e-07		chi-square test of independence, 3x2 table	none	patient	none stated			/data/rai_atlas/external/supp_bulk/mmc1.pdf (Tables S1, S2, parsed via pdftotext)	rai-response-genomics-atlas/scripts/zhang2026_extract_and_test_2026_08_06.py	rai-response-genomics-atlas/results/tables/zhang2026_driver_vs_rai_2026_08_06.tsv; rai-response-genomics-atlas/results/reports/zhang2026_driver_vs_rai_brief_2026_08_06.md	exact	An expression-derived molecular subtype identifies refractoriness strongly (P=1.4e-7), far more strongly than driver class (ZH-01, P=0.109) in the SAME 113 patients and the SAME endpoint -- within-cohort comparison removes cohort-level (but not patient-level) confounding.	This does NOT validate the eight-gene panel: CC subtypes are whole-proteome consensus clusters (iProX-gated, not obtained), conceptually analogous but not the same measurement. 'Cannot be explained by confounding' and 'directly validates the eight-gene panel' are both explicitly prohibited wordings per audit05.	moderate	AUDIT WITHDRAWAL: audit05_EXTERNAL_COHORT_AUDIT.md section 3 withdraws the framing 'cannot be explained by confounding' -- disease burden, metastatic site, histology, stage, prior treatment, cumulative activity, tumour cellularity and proteomic batch are all unadjusted.
ZH-05b	Zhang 2026 (Fudan, Cell Rep Med 2026;7:102661)	73 advanced DTC patients in CC1 (n=43) or CC3 (n=30) only	73	35	38	proteomic consensus clustering subtype (CC1 vs CC3)	RAI refractoriness (scan-based avidity)		CC1 (9/43 refractory, 21%) vs CC3 (26/30 refractory, 87%)	odds ratio	24.555555555555557	6.80187867181904	88.64834816007095	2.044254082533007e-08		Fisher exact test, 2x2	none	patient	none stated			/data/rai_atlas/external/supp_bulk/mmc1.pdf (Tables S1, S2, parsed via pdftotext)	rai-response-genomics-atlas/scripts/zhang2026_extract_and_test_2026_08_06.py	rai-response-genomics-atlas/results/reports/zhang2026_driver_vs_rai_brief_2026_08_06.md (prose only); SELF-VERIFIED 2026-08-06 by recomputing Fisher exact test directly from rai-response-genomics-atlas/results/tables/zhang2026_patient_table_2026_08_06.tsv (cc_subtype x rai_sensitivity, CC1 vs CC3 subset): OR=24.56, 95% CI 6.80-88.65, P=2.04e-8 -- matches the report brief's 'OR 24.6, P=2.0x10^-8' to reported precision.	exact	Pairwise CC1-vs-CC3 contrast independently recomputed and confirmed from the raw patient table.	Same confounding caveats as ZH-05.	moderate	This exact pairwise statistic (and its 95% CI) does not appear as a machine-readable row in zhang2026_driver_vs_rai_2026_08_06.tsv (only the 3-class chi-square, ZH-05, is saved there); it was independently recomputed from the raw patient table during this audit for traceability, since the evidence-lock rule requires a source for every claim.
ZH-06	Zhang 2026 (Fudan, Cell Rep Med 2026;7:102661)	113 advanced DTC, histology FTC(16)/cPTC(79)/fvPTC(18)	113			histological subtype (FTC/cPTC/fvPTC)	RAI refractoriness (scan-based avidity)		histology x RAI refractoriness (3-class chi-square): FTC 56% / cPTC 54% / fvPTC 33%	chi-square statistic	2.792575443434784			0.2475141017775824		chi-square test of independence, 3x2 table	none	patient				/data/rai_atlas/external/supp_bulk/mmc1.pdf (Tables S1, S2, parsed via pdftotext)	rai-response-genomics-atlas/scripts/zhang2026_extract_and_test_2026_08_06.py	rai-response-genomics-atlas/results/tables/zhang2026_driver_vs_rai_2026_08_06.tsv	exact		Histology also does not significantly discriminate refractoriness in this cohort.	low	
ZH-07	Zhang 2026 (Fudan, Cell Rep Med 2026;7:102661)	113 advanced DTC, biochemical response grade by CC subtype (descriptive)	113			biochemical response grade (G1/G2/G3) by proteomic CC subtype	biochemical response to RAI (thyroglobulin-based grade)		CC1 18/40 G1 (>=50% Tg decline) vs CC3 29/30 G3 (>=10% Tg rise)							descriptive cross-tabulation, no formal test performed in source material		patient				/data/rai_atlas/external/supp_bulk/mmc1.pdf (Tables S1, S2, parsed via pdftotext)	rai-response-genomics-atlas/scripts/zhang2026_extract_and_test_2026_08_06.py	rai-response-genomics-atlas/results/reports/zhang2026_driver_vs_rai_brief_2026_08_06.md (prose only)	source unavailable	Descriptive gradient consistent with ZH-05 (subtype tracks RAI response), but no p-value is reported anywhere for this specific breakdown.		moderate	EVIDENCE-LOCK FLAG: no p-value in any source file for this comparison; do not attach a significance claim to it. n=113 total but the '18/40' and '29/30' denominators cited in the brief sum to 70/113 (NA/G2 patients excluded from those two cells); verify denominators before manuscript use.
POOL-01	Siraj 2022 (component of pooled meta-analysis)	158 PTC, 7-criterion refractoriness	158			driver mutation class (3-class)	RAI refractoriness		driver class x refractory (chi-square) -- pooled-analysis input	chi-square statistic	0.7869196915090643			0.6747184098415844		chi-square test of independence, 3x2 table (recomputed inside the pooled script from siraj2022_patient_level_2026_08_06.tsv)	none	patient				/data/rai_atlas/external/siraj2022/SupplementaryTables.xlsx (Tables S1, S3)	rai-response-genomics-atlas/scripts/pooled_driver_vs_rai_2026_08_06.py	rai-response-genomics-atlas/results/tables/pooled_driver_vs_rai_2026_08_06.tsv	exact	Matches SIR-01 exactly (same statistic, same cohort, recomputed inside the pooled-analysis script from the same patient-level file).		low	
POOL-02	Zhang 2026 (component of pooled meta-analysis)	113 advanced DTC	113			driver mutation class (3-class)	RAI refractoriness		driver class x refractory (chi-square) -- pooled-analysis input	chi-square statistic	4.441553418981182			0.10852478385161192		chi-square test of independence, 3x2 table	none	patient				/data/rai_atlas/external/supp_bulk/mmc1.pdf (Tables S1, S2, parsed via pdftotext)	rai-response-genomics-atlas/scripts/pooled_driver_vs_rai_2026_08_06.py	rai-response-genomics-atlas/results/tables/pooled_driver_vs_rai_2026_08_06.tsv	exact	Matches ZH-01 exactly (same statistic, same cohort).		low	
POOL-03	Boucai 2023 (MSKCC, Clin Cancer Res 2023;29:1620)	23 of 24 published exceptional-responder/non-responder patients with somatic mutation data (1 excluded, ERAI_3, present in clinical table but absent from mutation sheet -- see audit05 section 1)	23			driver mutation class (3-class, called from Table S2 mutation lists)	RECIST exceptional response / non-response		driver class x refractory (chi-square) -- pooled-analysis input	chi-square statistic	6.783630952380952			0.033647535116767616		chi-square test of independence, 3x2 table	none	patient	resolved by audit05: NRAI_1A/1B and other A/B-labelled samples confirmed to be distinct patients (discordant truncal drivers in 3/5 checkable pairs; 1:2 matched design), not within-patient replicates	1/24 published patients (ERAI_3) excluded for missing mutation data		/data/rai_atlas/external/boucai2023/boucai_table_S2.xlsx (sheet 'Somatic mutations in ER and NR')	rai-response-genomics-atlas/scripts/pooled_driver_vs_rai_2026_08_06.py	rai-response-genomics-atlas/results/tables/pooled_driver_vs_rai_2026_08_06.tsv; audit/rai_integration_20260806/05_EXTERNAL_COHORT_AUDIT.md (section 1, n=23 vs 24 resolution)	exact	The only nominally significant single-cohort driver-class test (P=0.034), but it is also the smallest cohort (n=23) and, per audit05, points in the OPPOSITE direction to the other two cohorts.		moderate	Any figure/Methods sentence using n=23 must state the ERAI_3 exclusion reason verbatim per audit05's 'Required wording' section.
POOL-04	Pooled: Siraj 2022 + Zhang 2026 + Boucai 2023	294 patients across 3 independent, clinically heterogeneous cohorts (7-criterion refractoriness / scan-based avidity / RECIST exceptional response)	294			BRAF/RAS-negative driver class (vs all other drivers, pooled)	RAI refractoriness (endpoint definition differs by cohort, stated not hidden)		BRAF/RAS-negative vs rest — refractory, random-effects pooled	odds ratio	0.7484589351887844	0.3	1.87	0.5347918006737788		random-effects meta-analysis (DerSimonian-Laird-style tau^2, inverse-variance weighting on log-OR; Haldane-Anscombe 0.5 correction applied only if any 2x2 cell = 0)	none	patient (pooled across 3 cohorts)	patient-level independence resolved per-cohort (Boucai per audit05 section 1); cross-cohort heterogeneity is substantial		I^2=63% on only 3 studies (tau^2 poorly estimated at this k)	/data/rai_atlas/external/siraj2022/SupplementaryTables.xlsx (Tables S1, S3); /data/rai_atlas/external/supp_bulk/mmc1.pdf (Tables S1, S2, parsed via pdftotext); /data/rai_atlas/external/boucai2023/boucai_table_S2.xlsx (sheet 'Somatic mutations in ER and NR')	rai-response-genomics-atlas/scripts/pooled_driver_vs_rai_2026_08_06.py	rai-response-genomics-atlas/results/tables/pooled_driver_vs_rai_2026_08_06.tsv; rai-response-genomics-atlas/results/figures/figure_pooled_driver_vs_rai_2026_08_06.png; audit/rai_integration_20260806/05_EXTERNAL_COHORT_AUDIT.md (section 2); audit/rai_integration_20260806/00_EXECUTIVE_DECISION.md (Q6)	exact	Pooled estimate is null (OR=0.75, 95% CI 0.30-1.87). REQUIRED WORDING per audit05: 'Across three clinically heterogeneous cohorts, driver class did not consistently discriminate radioiodine-refractory disease, with substantial between-study heterogeneity.'	PROHIBITED WORDINGS per audit05: 'the driver axis is dead', 'all three cohorts were consistent', 'driver mutations do not matter', 'the meta-analysis disproves driver biology', and any phrasing implying a head-to-head comparison against the eight-gene score in the same patients (no such comparison exists).	high	Wide CI (0.30-1.87) is compatible with moderate associations in either direction; 3-study heterogeneity makes tau^2/I^2 unstable; smallest study (Boucai, n=23) is the only nominally significant one and points opposite. See POOL-01 note for an unresolved n-vs-detail inconsistency in the Siraj input row of this same source table.
MER-01	MERAIODE (E-MTAB-12837 BRAF arm n=13 + E-MTAB-12900 RAS arm n=8; Leboulleux 2023, Clin Cancer Res 29:2401)	21 patients from a phase II dabrafenib+trametinib+I-131 redifferentiation trial, re-quantified from raw FASTQ with kallisto against a 93-transcript HTG-panel index; 5 of the 8 panel genes are measurable (PAX8, FOXE1, TSHR, NKX2-1, TPO) -- SLC5A5/NIS, TG and DIO1 have zero counts across all 21 libraries because the trial's HTG EdgeSeq Oncology panel does not include those probes	21	9	12	5-gene partial panel z-score (PAX8, FOXE1, TSHR, NKX2-1, TPO only)	RECIST response to redifferentiation therapy	on-trial, during dabrafenib+trametinib+I-131	RECIST responder vs non-responder	Cohen's d	0.3386474422605206			0.803566416196146		Mann-Whitney U / AUC=0.537	none	patient (sample-level, one sample per patient in this trial)	none stated		detects d~1.3 at 80% power with 9 vs 12	/data/rai_atlas/raw/E-MTAB/ (E-MTAB-12837 n=13, E-MTAB-12900 n=8 FASTQ; kallisto 0.50.1, 93-transcript HTG-panel index)	rai-response-genomics-atlas/scripts/meraiode_redifferentiation_panel_2026_08_06.py	rai-response-genomics-atlas/results/tables/meraiode_response_test_2026_08_06.tsv; rai-response-genomics-atlas/results/reports/meraiode_redifferentiation_brief_2026_08_06.md	exact	Direction as hypothesised (responders score higher) but firmly null; a power failure, not evidence against the hypothesis.	This is NOT the 8-gene panel (3 iodide-handling genes, including NIS, are unmeasurable on this assay) and must not be reported as a validation attempt of the manuscript's score.	high	Only defensible use: one sentence in Limitations/data-availability noting no public redifferentiation-trial transcriptome currently allows the full 8-gene score to be tested against restored iodine uptake.
MER-02	MERAIODE (E-MTAB-12837 + E-MTAB-12900)	18 patients with a recorded PERCIST assessment (of 21 total)	18	11	7	5-gene partial panel z-score	PERCIST response to redifferentiation therapy	on-trial	PERCIST responder vs non-responder	Cohen's d	0.5981800641482337			0.37493715434891906		Mann-Whitney U / AUC=0.636	none	patient		3/21 patients lack a PERCIST assessment		/data/rai_atlas/raw/E-MTAB/ (E-MTAB-12837 n=13, E-MTAB-12900 n=8 FASTQ; kallisto 0.50.1, 93-transcript HTG-panel index)	rai-response-genomics-atlas/scripts/meraiode_redifferentiation_panel_2026_08_06.py	rai-response-genomics-atlas/results/tables/meraiode_response_test_2026_08_06.tsv	exact	Largest of the three MERAIODE effect sizes (d=0.60) but still not significant.		high	Same 5-gene-panel and assay-coverage caveat as MER-01.
MER-03	MERAIODE (E-MTAB-12837 + E-MTAB-12900)	21 patients, clinical-history-based response classification	21	9	12	5-gene partial panel z-score	clinical history response to redifferentiation therapy	on-trial	clinical-history responder vs non-responder	Cohen's d	0.3386474422605206			0.803566416196146		Mann-Whitney U / AUC=0.537	none	patient				/data/rai_atlas/raw/E-MTAB/ (E-MTAB-12837 n=13, E-MTAB-12900 n=8 FASTQ; kallisto 0.50.1, 93-transcript HTG-panel index)	rai-response-genomics-atlas/scripts/meraiode_redifferentiation_panel_2026_08_06.py	rai-response-genomics-atlas/results/tables/meraiode_response_test_2026_08_06.tsv	exact	Numerically identical to the RECIST row (MER-01) -- the clinical-history classification appears to reduce to the RECIST call in this dataset.		high	Same 5-gene-panel and assay-coverage caveat as MER-01.
REDIFF-01	Redifferentiation trials pooled (ITOG 2025 statement, PMC13011886 Table 3)	9 published trial arms of MAPK-pathway inhibition in advanced radioiodine-refractory DTC; arm-level aggregate counts, NOT patient-level data	65	43	22	driver genotype as reported by each trial (BRAF V600E or RAS)	restored radioiodine uptake after redifferentiation therapy (Tier 2 of results/rai_endpoint_hierarchy.tsv)	post-intervention, on-trial	BRAF V600E arms, pooled proportion with restored uptake	pooled proportion, random-effects on the logit scale	0.621	0.459	0.760			DerSimonian-Laird random effects, logit scale, Haldane-Anscombe correction; I2 = 36%	none	trial arm (aggregate), NOT patient	Arm-level aggregate: no covariate adjustment, no patient-level bootstrap, no confounding assessment possible. Drug heterogeneous within genotype (selumetinib, dabrafenib, trametinib, combinations, vemurafenib+anti-ErbB3). Uptake definition varies across trials (I-124 PET dosimetry vs I-123 scan vs qualitative read).	none within the extracted table; publication bias likely favours successful redifferentiation trials (cf. NCT00085293 decitabine 0/12 with no publication found)		external_data/redifferentiation_pooled/source/itog2025_fulltext.xml (Europe PMC fullTextXML, PMC13011886)		rai-response-genomics-atlas/results/redifferentiation_pooled/	exact (crude counts reproduce the published table)	About three in five BRAF V600E refractory tumours restore radioiodine uptake after MAPK-pathway inhibition (6 trials, 65 evaluable patients).		medium	Crude 43/65 = 66.2%. Trial arms: Leboulleux 2023 dabrafenib+trametinib 20/24; Tchekmedyian 2022 vemurafenib+anti-ErbB3 5/6; Rothenberg 2015 dabrafenib 6/10; Dunn 2019 vemurafenib 6/10; Ho 2013 selumetinib 4/9; Weber 2022 (ERRITI) dabrafenib+trametinib 2/6.
REDIFF-02	Redifferentiation trials pooled (ITOG 2025 statement, PMC13011886 Table 3)	9 published trial arms of MAPK-pathway inhibition in advanced radioiodine-refractory DTC; arm-level aggregate counts, NOT patient-level data	40	33	7	driver genotype as reported by each trial (BRAF V600E or RAS)	restored radioiodine uptake after redifferentiation therapy (Tier 2 of results/rai_endpoint_hierarchy.tsv)	post-intervention, on-trial	RAS arms, pooled proportion with restored uptake	pooled proportion, random-effects on the logit scale	0.787	0.527	0.925			DerSimonian-Laird random effects, logit scale, Haldane-Anscombe correction; I2 = 47%	none	trial arm (aggregate), NOT patient	Arm-level aggregate: no covariate adjustment, no patient-level bootstrap, no confounding assessment possible. Drug heterogeneous within genotype (selumetinib, dabrafenib, trametinib, combinations, vemurafenib+anti-ErbB3). Uptake definition varies across trials (I-124 PET dosimetry vs I-123 scan vs qualitative read).	none within the extracted table; publication bias likely favours successful redifferentiation trials (cf. NCT00085293 decitabine 0/12 with no publication found)		external_data/redifferentiation_pooled/source/itog2025_fulltext.xml (Europe PMC fullTextXML, PMC13011886)		rai-response-genomics-atlas/results/redifferentiation_pooled/	exact (crude counts reproduce the published table)	About four in five RAS-mutant refractory tumours restore radioiodine uptake after MAPK-pathway inhibition (3 trials, 40 evaluable patients).		medium	Crude 33/40 = 82.5%. Trial arms: Burman 2022 trametinib 22/25; Ho 2013 selumetinib 5/5; Leboulleux 2023 trametinib 6/10. Only 3 arms, so the random-effects interval is wide.
REDIFF-03	Redifferentiation trials pooled (ITOG 2025 statement, PMC13011886 Table 3)	9 published trial arms of MAPK-pathway inhibition in advanced radioiodine-refractory DTC; arm-level aggregate counts, NOT patient-level data	105	76	29	driver genotype as reported by each trial (BRAF V600E or RAS)	restored radioiodine uptake after redifferentiation therapy (Tier 2 of results/rai_endpoint_hierarchy.tsv)	post-intervention, on-trial	RAS vs BRAF V600E, crude counts	odds ratio	2.41			0.0769		Fisher exact test, two-sided, on crude pooled counts (33/40 vs 43/65)	none	trial arm (aggregate), NOT patient	Arm-level aggregate: no covariate adjustment, no patient-level bootstrap, no confounding assessment possible. Drug heterogeneous within genotype (selumetinib, dabrafenib, trametinib, combinations, vemurafenib+anti-ErbB3). Uptake definition varies across trials (I-124 PET dosimetry vs I-123 scan vs qualitative read).	none within the extracted table; publication bias likely favours successful redifferentiation trials (cf. NCT00085293 decitabine 0/12 with no publication found)	105 patients across 9 arms; not powered for a moderate genotype difference	external_data/redifferentiation_pooled/source/itog2025_fulltext.xml (Europe PMC fullTextXML, PMC13011886)		rai-response-genomics-atlas/results/redifferentiation_pooled/	exact (crude counts reproduce the published table)	Driver genotype is associated with the probability of restoring radioiodine uptake after redifferentiation therapy, numerically higher in RAS. This BOUNDS the driver-axis null (POOL-01, OR 0.75, P 0.53, n 294): drivers do not discriminate WHO BECOMES refractory, but they do relate to WHETHER refractoriness CAN BE REVERSED. Different question, different estimand, no contradiction.	Do NOT write that RAS responds significantly better - P = 0.077 does not reach significance. Do NOT present this as patient-level evidence. Do NOT pool it with the driver-vs-refractoriness meta-analysis; the endpoints are different.	medium	Correct phrasing: numerically higher in RAS but not statistically significant. Figure: figures/redifferentiation_pooled/figure_redifferentiation_uptake_2026_08_06.png
