sample_id	peptide_mut	peptide_wt	hla	hla_supertype	source_protein	source_window_15aa	source_window_30aa	label	study	patient_id	assay_type	date_or_publication_year	tcr_beta	tcr_alpha	strict_set_flag	public_overlap_flags	split	in_master	near_peptide_cluster	tcr_motif_score	self_exact_match	self_hamming1_count_log	self_hamming2_count_log	self_blosum_max	product_sample_weight	product_recommended_role
CNV0_01481	ESEPYTFSY		HLA-A*01:01	A01				0	TESLA_mmc4						False	no_inhouse_master_overlap	train	False	L9_ES_SY	0.0256410256410256	0.0	0.6931471805599453	0.0	45.0	0.45	include_low_prevalence_false_positive_control
CNV0_01482	FLPKQGQIFCL		HLA-A*02:01	A02				0	TESLA_mmc4						False	no_inhouse_master_overlap	train	False	L11_FL_CL	0.0222222222222222	0.0	0.6931471805599453	0.6931471805599453	55.0	0.45	include_low_prevalence_false_positive_control
CNV0_01483	FLNSFQEL		HLA-A*02:01	A02				0	TESLA_mmc4						False	no_inhouse_master_overlap	train	False	L8_FL_EL	0.0277777777777777	0.0	0.6931471805599453	2.9444389791664403	37.0	0.45	include_low_prevalence_false_positive_control
CNV0_01484	FLNDSEQV		HLA-A*02:01	A02				0	TESLA_mmc4						False	no_inhouse_master_overlap	train	False	L8_FL_QV	0.0939393939393939	1.0	0.0	2.19722457733622	40.0	0.45	include_low_prevalence_false_positive_control
CNV0_01485	GMLPSNYV		HLA-A*02:01	A02				0	TESLA_mmc4						False	no_inhouse_master_overlap	train	False	L8_GM_YV	0.0277777777777777	0.0	0.6931471805599453	2.833213344056216	40.0	0.45	include_low_prevalence_false_positive_control
CNV0_01486	LLDEPSAHLY		HLA-A*01:01	A01				0	TESLA_mmc4						False	no_inhouse_master_overlap	train	False	L10_LL_LY	0.0238095238095238	0.0	0.6931471805599453	0.0	43.0	0.45	include_low_prevalence_false_positive_control
CNV0_01487	GLTFKDVTV		HLA-A*02:01	A02				0	TESLA_mmc4						False	no_inhouse_master_overlap	train	False	L9_GL_TV	0.0256410256410256	0.0	0.6931471805599453	1.3862943611198906	40.0	0.45	include_low_prevalence_false_positive_control
CNV0_01488	IAADGEFLY		HLA-A*01:01	A01				0	TESLA_mmc4						False	no_inhouse_master_overlap	train	False	L9_IA_LY	0.0256410256410256	0.0	0.6931471805599453	0.0	41.0	0.45	include_low_prevalence_false_positive_control
CNV0_01489	KSDSVTSDCGY		HLA-A*01:01	A01				0	TESLA_mmc4						False	no_inhouse_master_overlap	train	False	L11_KS_GY	0.0222222222222222	0.0	0.6931471805599453	0.0	48.0	0.45	include_low_prevalence_false_positive_control
CNV0_01490	HALDKARTR		HLA-A*68:01	A68				0	TESLA_mmc4						False	no_inhouse_master_overlap	train	False	L9_HA_TR	0.0208333333333333	0.0	1.0986122886681096	1.0986122886681096	39.0	0.45	include_low_prevalence_false_positive_control
CNV0_01491	ALYFNSQWK		HLA-A*03:01	A03				1	TESLA_mmc4						False	no_inhouse_master_overlap	train	False	L9_AL_WK	0.0	0.0	0.6931471805599453	0.0	48.0	0.9	include_low_prevalence_false_positive_control
CNV0_01492	ALYKVEINK		HLA-A*03:01	A03				0	TESLA_mmc4						False	no_inhouse_master_overlap	train	False	L9_AL_NK	0.0	0.0	0.6931471805599453	0.0	40.0	0.45	include_low_prevalence_false_positive_control
CNV0_01493	ASFFGVHSK		HLA-A*03:01	A03				0	TESLA_mmc4						False	no_inhouse_master_overlap	train	False	L9_AS_SK	0.0	0.0	0.6931471805599453	0.6931471805599453	42.0	0.45	include_low_prevalence_false_positive_control
CNV0_01494	GLYGNLIVL		HLA-A*02:01	A02				1	TESLA_mmc4						False	no_inhouse_master_overlap	train	False	L9_GL_VL	0.0858585858585858	0.0	0.6931471805599453	1.3862943611198906	36.0	0.9	include_low_prevalence_false_positive_control
CNV0_01495	VRINTARPV		HLA-C*06:02	C06				1	TESLA_mmc4						False	no_inhouse_master_overlap	train	False	L9_VR_PV	0.0	0.0	0.6931471805599453	0.0	37.0	0.9	include_low_prevalence_false_positive_control
CNV0_01496	KVYDIAFSR		HLA-A*03:01	A03				0	TESLA_mmc4						False	no_inhouse_master_overlap	train	False	L9_KV_SR	0.0	0.0	0.6931471805599453	1.0986122886681096	41.0	0.45	include_low_prevalence_false_positive_control
CNV0_01497	KIVEMSTSK		HLA-A*03:01	A03				1	TESLA_mmc4						False	no_inhouse_master_overlap	train	False	L9_KI_SK	0.0	1.0	0.6931471805599453	0.0	41.0	0.9	include_low_prevalence_false_positive_control
CNV0_01498	FSEAGIHY		HLA-A*01:01	A01				0	TESLA_mmc4						False	no_inhouse_master_overlap	train	False	L8_FS_HY	0.0	0.0	0.6931471805599453	1.6094379124341005	39.0	0.45	include_low_prevalence_false_positive_control
CNV0_01499	DTDSRFISY		HLA-A*01:01	A01				0	TESLA_mmc4						False	no_inhouse_master_overlap	train	False	L9_DT_SY	0.0256410256410256	0.0	0.6931471805599453	0.0	42.0	0.45	include_low_prevalence_false_positive_control
CNV0_01500	ELTQGYIYFY		HLA-A*01:01	A01				0	TESLA_mmc4						False	no_inhouse_master_overlap	train	False	L10_EL_FY	0.0238095238095238	0.0	0.6931471805599453	0.0	51.0	0.45	include_low_prevalence_false_positive_control
CNV0_01501	YLYVYKIVSQL		HLA-A*02:01	A02				0	TESLA_mmc4						False	no_inhouse_master_overlap	train	False	L11_YL_QL	0.0222222222222222	0.0	0.6931471805599453	0.0	48.0	0.45	include_low_prevalence_false_positive_control
CNV0_01502	GLSFHLQSSK		HLA-A*03:01	A03				0	TESLA_mmc4						False	no_inhouse_master_overlap	train	False	L10_GL_SK	0.0	0.0	0.6931471805599453	0.0	42.0	0.45	include_low_prevalence_false_positive_control
CNV0_01503	YMPGVGDFAV		HLA-A*02:01	A02				0	TESLA_mmc4						False	no_inhouse_master_overlap	train	False	L10_YM_AV	0.0238095238095238	0.0	0.6931471805599453	0.0	50.0	0.45	include_low_prevalence_false_positive_control
CNV0_01504	YMWRWKQFL		HLA-A*02:01	A02				0	TESLA_mmc4						False	no_inhouse_master_overlap	train	False	L9_YM_FL	0.0	0.0	0.6931471805599453	0.0	55.0	0.45	include_low_prevalence_false_positive_control
CNV0_01505	ALLPPPPLAK		HLA-A*03:01	A03				0	TESLA_mmc4						False	no_inhouse_master_overlap	train	False	L10_AL_AK	0.0	0.0	0.6931471805599453	0.0	46.0	0.45	include_low_prevalence_false_positive_control
CNV0_01506	SESSTIQEV		HLA-B*44:02	B44				0	TESLA_mmc4						False	no_inhouse_master_overlap	train	False	L9_SE_EV	0.0	0.0	0.6931471805599453	1.0986122886681096	33.0	0.45	include_low_prevalence_false_positive_control
CNV0_01507	SERVLTEIF		HLA-B*44:02	B44				0	TESLA_mmc4						False	no_inhouse_master_overlap	train	False	L9_SE_IF	0.0	0.0	0.6931471805599453	0.0	34.0	0.45	include_low_prevalence_false_positive_control
CNV0_01508	FTASSFLKSFY		HLA-A*01:01	A01				0	TESLA_mmc4						False	no_inhouse_master_overlap	train	False	L11_FT_FY	0.0222222222222222	0.0	0.6931471805599453	0.0	50.0	0.45	include_low_prevalence_false_positive_control
CNV0_01509	REYLYVYKI		HLA-B*44:02	B44				0	TESLA_mmc4						False	no_inhouse_master_overlap	train	False	L9_RE_KI	0.0	0.0	0.6931471805599453	0.0	41.0	0.45	include_low_prevalence_false_positive_control
CNV0_01510	AVYCACFVEL		HLA-A*02:01	A02				0	TESLA_mmc4						False	no_inhouse_master_overlap	train	False	L10_AV_EL	0.079059829059829	0.0	0.6931471805599453	0.0	44.0	0.45	include_low_prevalence_false_positive_control
CNV0_01511	KLYESFYGPEK		HLA-A*03:01	A03				0	TESLA_mmc4						False	no_inhouse_master_overlap	train	False	L11_KL_EK	0.0	0.0	0.6931471805599453	0.0	51.0	0.45	include_low_prevalence_false_positive_control
CNV0_01512	LLFKAGEMRK		HLA-A*03:01	A03				0	TESLA_mmc4						False	no_inhouse_master_overlap	train	False	L10_LL_RK	0.0	0.0	0.6931471805599453	0.0	45.0	0.45	include_low_prevalence_false_positive_control
CNV0_01513	CVDWLIAVY		HLA-A*01:01	A01				0	TESLA_mmc4						False	no_inhouse_master_overlap	train	False	L9_CV_VY	0.0	0.0	0.6931471805599453	0.0	47.0	0.45	include_low_prevalence_false_positive_control
CNV0_01514	GLSKYRPAI		HLA-A*02:01	A02				0	TESLA_mmc4						False	no_inhouse_master_overlap	train	False	L9_GL_AI	0.0256410256410256	0.0	0.6931471805599453	0.0	40.0	0.45	include_low_prevalence_false_positive_control
CNV0_01515	SEGKLPYSY		HLA-B*44:02	B44				0	TESLA_mmc4						False	no_inhouse_master_overlap	train	False	L9_SE_SY	0.0	0.0	0.6931471805599453	1.3862943611198906	43.0	0.45	include_low_prevalence_false_positive_control
CNV0_01516	LDYVENLAKF		HLA-A*24:02	A24				0	TESLA_mmc4						False	no_inhouse_master_overlap	train	False	L10_LD_KF	0.0	0.0	0.6931471805599453	0.0	41.0	0.45	include_low_prevalence_false_positive_control
CNV0_01517	ALVNKRNAL		HLA-B*08:01	B08				0	TESLA_mmc4						False	no_inhouse_master_overlap	train	False	L9_AL_AL	0.0	0.0	0.6931471805599453	1.0986122886681096	37.0	0.45	include_low_prevalence_false_positive_control
CNV0_01518	EAFAASAVGSR		HLA-A*68:01	A68				0	TESLA_mmc4						False	no_inhouse_master_overlap	train	False	L11_EA_SR	0.0	0.0	0.6931471805599453	0.0	43.0	0.45	include_low_prevalence_false_positive_control
CNV0_01519	ALREHFQPQL		HLA-B*08:01	B08				0	TESLA_mmc4						False	no_inhouse_master_overlap	train	False	L10_AL_QL	0.0	0.0	0.0	0.0	53.0	0.45	include_low_prevalence_false_positive_control
CNV0_01520	ALKCRVALSL		HLA-B*08:01	B08				0	TESLA_mmc4						False	no_inhouse_master_overlap	train	False	L10_AL_SL	0.0	0.0	0.6931471805599453	0.0	40.0	0.45	include_low_prevalence_false_positive_control
CNV0_01521	TTDNYIAQGKRKSY		HLA-A*01:01	A01				0	TESLA_mmc4						False	no_inhouse_master_overlap	train	False	L14_TT_SY	0.1307539682539682	0.0	0.6931471805599453	0.0	45.0	0.45	include_low_prevalence_false_positive_control
CNV0_01522	YLLLRNLSI		HLA-B*08:01	B08				0	TESLA_mmc4						False	no_inhouse_master_overlap	train	False	L9_YL_SI	0.0	0.0	0.6931471805599453	2.4849066497880004	38.0	0.45	include_low_prevalence_false_positive_control
CNV0_01523	VPTLGRGGW		HLA-B*07:02	B07				0	TESLA_mmc4						False	no_inhouse_master_overlap	train	False	L9_VP_GW	0.0256410256410256	0.0	0.0	0.6931471805599453	38.0	0.45	include_low_prevalence_false_positive_control
CNV0_01524	TNFYETAMR		HLA-A*68:01	A68				0	TESLA_mmc4						False	no_inhouse_master_overlap	train	False	L9_TN_MR	0.0	0.0	0.6931471805599453	0.0	40.0	0.45	include_low_prevalence_false_positive_control
CNV0_01525	AYYFMVKVW		HLA-A*24:02	A24				0	TESLA_mmc4						False	no_inhouse_master_overlap	train	False	L9_AY_VW	0.1946127946127946	0.0	0.6931471805599453	0.0	43.0	0.45	include_low_prevalence_false_positive_control
CNV0_01526	AIRVRTFRA		HLA-B*08:01	B08				0	TESLA_mmc4						False	no_inhouse_master_overlap	train	False	L9_AI_RA	0.0	0.0	0.0	0.0	42.0	0.45	include_low_prevalence_false_positive_control
CNV0_01527	APFSKFSTF		HLA-B*08:01	B08				0	TESLA_mmc4						False	no_inhouse_master_overlap	train	False	L9_AP_TF	0.0	0.0	0.6931471805599453	1.3862943611198906	39.0	0.45	include_low_prevalence_false_positive_control
CNV0_01528	FISGTFGLK		HLA-A*68:01	A68				0	TESLA_mmc4						False	no_inhouse_master_overlap	train	False	L9_FI_LK	0.0	0.0	0.6931471805599453	0.0	38.0	0.45	include_low_prevalence_false_positive_control
CNV0_01529	LLYEDVFPVW		HLA-A*24:02	A24				0	TESLA_mmc4						False	no_inhouse_master_overlap	train	False	L10_LL_VW	0.0	0.0	0.6931471805599453	0.0	50.0	0.45	include_low_prevalence_false_positive_control
CNV0_01530	QSIWSRLQK		HLA-A*68:01	A68				0	TESLA_mmc4						False	no_inhouse_master_overlap	train	False	L9_QS_QK	0.0	0.0	0.6931471805599453	0.0	43.0	0.45	include_low_prevalence_false_positive_control
CNV0_01531	VSFVRINSL		HLA-B*08:01	B08				0	TESLA_mmc4						False	no_inhouse_master_overlap	train	False	L9_VS_SL	0.0858585858585858	0.0	0.6931471805599453	0.6931471805599453	35.0	0.45	include_low_prevalence_false_positive_control
CNV0_01532	DTIDVSKLNR		HLA-A*68:01	A68				1	TESLA_mmc4						False	no_inhouse_master_overlap	train	False	L10_DT_NR	0.0	0.0	0.6931471805599453	0.6931471805599453	44.0	0.9	include_low_prevalence_false_positive_control
CNV0_01533	CTFCPPPLPK		HLA-A*68:01	A68				0	TESLA_mmc4						False	no_inhouse_master_overlap	train	False	L10_CT_PK	0.0	0.0	0.6931471805599453	0.0	54.0	0.45	include_low_prevalence_false_positive_control
CNV0_01534	LRTADWHLYL		HLA-B*27:05	B27				0	TESLA_mmc4						False	no_inhouse_master_overlap	train	False	L10_LR_YL	0.0	0.0	0.6931471805599453	0.0	50.0	0.45	include_low_prevalence_false_positive_control
CNV0_01535	FVFSKYCHR		HLA-A*68:01	A68				0	TESLA_mmc4						False	no_inhouse_master_overlap	train	False	L9_FV_HR	0.0	0.0	0.6931471805599453	0.0	42.0	0.45	include_low_prevalence_false_positive_control
CNV0_01536	ISEYVSVRFY		HLA-A*01:01	A01				0	TESLA_mmc4						False	no_inhouse_master_overlap	train	False	L10_IS_FY	0.0	0.0	0.6931471805599453	0.0	45.0	0.45	include_low_prevalence_false_positive_control
CNV0_01537	ILGYWIRTSK		HLA-A*03:01	A03				0	TESLA_mmc4						False	no_inhouse_master_overlap	train	False	L10_IL_SK	0.0	0.0	0.6931471805599453	0.0	49.0	0.45	include_low_prevalence_false_positive_control
CNV0_01538	MLSSHIATK		HLA-A*11:01	A11				0	TESLA_mmc4						False	no_inhouse_master_overlap	train	False	L9_ML_TK	0.0	0.0	0.0	0.0	43.0	0.45	include_low_prevalence_false_positive_control
CNV0_01539	MLDIIKAIY		HLA-A*01:01	A01				0	TESLA_mmc4						False	no_inhouse_master_overlap	train	False	L9_ML_IY	0.0256410256410256	0.0	0.6931471805599453	1.791759469228055	40.0	0.45	include_low_prevalence_false_positive_control
CNV0_01540	YEDVFPVW		HLA-B*44:02	B44				0	TESLA_mmc4						False	no_inhouse_master_overlap	train	False	L8_YE_VW	0.0	0.0	0.6931471805599453	1.3862943611198906	42.0	0.45	include_low_prevalence_false_positive_control
CNV0_01541	QLDVSRLWY		HLA-A*01:01	A01				0	TESLA_mmc4						False	no_inhouse_master_overlap	train	False	L9_QL_WY	0.0	0.0	0.0	0.0	50.0	0.45	include_low_prevalence_false_positive_control
CNV0_01542	LIYWNPFHR		HLA-A*11:01	A11				0	TESLA_mmc4						False	no_inhouse_master_overlap	train	False	L9_LI_HR	0.0	0.0	0.0	0.0	58.0	0.45	include_low_prevalence_false_positive_control
CNV0_01543	LSSWHTPTLQK		HLA-A*11:01	A11				0	TESLA_mmc4						False	no_inhouse_master_overlap	train	False	L11_LS_QK	0.0	0.0	0.0	0.0	62.0	0.45	include_low_prevalence_false_positive_control
CNV0_01544	EYQDMHSYI		HLA-A*24:02	A24				0	TESLA_mmc4						False	no_inhouse_master_overlap	train	False	L9_EY_YI	0.0	0.0	0.6931471805599453	0.0	46.0	0.45	include_low_prevalence_false_positive_control
CNV0_01545	SLSNFPQLK		HLA-A*03:01	A03				0	TESLA_mmc4						False	no_inhouse_master_overlap	train	False	L9_SL_LK	0.0	0.0	0.6931471805599453	0.6931471805599453	37.0	0.45	include_low_prevalence_false_positive_control
CNV0_01546	PSAEVEMTFY		HLA-A*01:01	A01				0	TESLA_mmc4						False	no_inhouse_master_overlap	train	False	L10_PS_FY	0.0	0.0	0.6931471805599453	0.6931471805599453	44.0	0.45	include_low_prevalence_false_positive_control
CNV0_01547	RIPRTVGQK		HLA-A*03:01	A03				0	TESLA_mmc4						False	no_inhouse_master_overlap	train	False	L9_RI_QK	0.0	0.0	0.6931471805599453	0.6931471805599453	42.0	0.45	include_low_prevalence_false_positive_control
CNV0_01548	RIYGFSFPDPK		HLA-A*03:01	A03				0	TESLA_mmc4						False	no_inhouse_master_overlap	train	False	L11_RI_PK	0.0732600732600732	0.0	0.6931471805599453	0.6931471805599453	57.0	0.45	include_low_prevalence_false_positive_control
CNV0_01549	ATNYIYVLNK		HLA-A*03:01	A03				0	TESLA_mmc4						False	no_inhouse_master_overlap	train	False	L10_AT_NK	0.0	0.0	0.6931471805599453	0.0	48.0	0.45	include_low_prevalence_false_positive_control
CNV0_01550	ATRRPVWKLVK		HLA-A*03:01	A03				0	TESLA_mmc4						False	no_inhouse_master_overlap	train	False	L11_AT_VK	0.0222222222222222	0.0	0.0	0.0	59.0	0.45	include_low_prevalence_false_positive_control
CNV0_01551	RVWDVSGLRK		HLA-A*03:01	A03				0	TESLA_mmc4						False	no_inhouse_master_overlap	train	False	L10_RV_RK	0.0	0.0	0.6931471805599453	0.0	53.0	0.45	include_low_prevalence_false_positive_control
CNV0_01552	ATYKGVPYEVK		HLA-A*03:01	A03				1	TESLA_mmc4						False	no_inhouse_master_overlap	train	False	L11_AT_VK	0.0222222222222222	0.0	0.6931471805599453	0.0	55.0	0.9	include_low_prevalence_false_positive_control
CNV0_01553	KSATRRPVWK		HLA-A*03:01	A03				0	TESLA_mmc4						False	no_inhouse_master_overlap	train	False	L10_KS_WK	0.0	0.0	0.0	0.0	55.0	0.45	include_low_prevalence_false_positive_control
CNV0_01554	ISVATFLPY		HLA-A*01:01	A01				0	TESLA_mmc4						False	no_inhouse_master_overlap	train	False	L9_IS_PY	0.0	0.0	0.6931471805599453	0.6931471805599453	43.0	0.45	include_low_prevalence_false_positive_control
CNV0_01555	IFSSPTHSLY		HLA-A*01:01	A01				0	TESLA_mmc4						False	no_inhouse_master_overlap	train	False	L10_IF_LY	0.0238095238095238	0.0	0.6931471805599453	0.0	45.0	0.45	include_low_prevalence_false_positive_control
CNV0_01556	EMASVLFKA		HLA-A*02:01	A02				0	TESLA_mmc4						False	no_inhouse_master_overlap	train	False	L9_EM_KA	0.0277777777777777	0.0	0.6931471805599453	0.6931471805599453	37.0	0.45	include_low_prevalence_false_positive_control
CNV0_01557	RCVDWLIAVY		HLA-A*01:01	A01				0	TESLA_mmc4						False	no_inhouse_master_overlap	train	False	L10_RC_VY	0.0	0.0	0.6931471805599453	0.0	52.0	0.45	include_low_prevalence_false_positive_control
CNV0_01558	RSAQKMFTY		HLA-A*01:01	A01				0	TESLA_mmc4						False	no_inhouse_master_overlap	train	False	L9_RS_TY	0.0256410256410256	0.0	0.6931471805599453	0.0	42.0	0.45	include_low_prevalence_false_positive_control
CNV0_01559	SSDCSAWY		HLA-A*01:01	A01				0	TESLA_mmc4						False	no_inhouse_master_overlap	train	False	L8_SS_WY	0.0277777777777777	0.0	0.6931471805599453	1.791759469228055	39.0	0.45	include_low_prevalence_false_positive_control
CNV0_01560	KLRDEISLAK		HLA-A*03:01	A03				1	TESLA_mmc4						False	no_inhouse_master_overlap	train	False	L10_KL_AK	0.0	0.0	0.6931471805599453	0.6931471805599453	43.0	0.9	include_low_prevalence_false_positive_control
CNV0_01561	LLFGVSALGK		HLA-A*03:01	A03				0	TESLA_mmc4						False	no_inhouse_master_overlap	train	False	L10_LL_GK	0.0	0.0	0.6931471805599453	0.0	41.0	0.45	include_low_prevalence_false_positive_control
CNV0_01562	SLHAHGLSYK		HLA-A*03:01	A03				0	TESLA_mmc4						False	no_inhouse_master_overlap	train	False	L10_SL_YK	0.0238095238095238	0.0	0.6931471805599453	0.0	50.0	0.45	include_low_prevalence_false_positive_control
CNV0_01563	SLKTNQTLQLK		HLA-A*03:01	A03				0	TESLA_mmc4						False	no_inhouse_master_overlap	train	False	L11_SL_LK	0.0	0.0	0.6931471805599453	0.0	45.0	0.45	include_low_prevalence_false_positive_control
CNV0_01564	LSVSDSHVYK		HLA-A*11:01	A11				0	TESLA_mmc4						False	no_inhouse_master_overlap	train	False	L10_LS_YK	0.0	0.0	0.6931471805599453	0.6931471805599453	45.0	0.45	include_low_prevalence_false_positive_control
CNV0_01565	RIHTSVKLY		HLA-A*03:01	A03				0	TESLA_mmc4						False	no_inhouse_master_overlap	train	False	L9_RI_LY	0.0	0.0	0.6931471805599453	2.5649493574615367	39.0	0.45	include_low_prevalence_false_positive_control
CNV0_01566	SEVAVSVLSA		HLA-B*44:02	B44				0	TESLA_mmc4						False	no_inhouse_master_overlap	train	False	L10_SE_SA	0.0	0.0	0.6931471805599453	0.0	38.0	0.45	include_low_prevalence_false_positive_control
CNV0_01567	ALDHMFMYFL		HLA-A*02:01	A02				1	TESLA_mmc4						False	no_inhouse_master_overlap	train	False	L10_AL_FL	0.0238095238095238	0.0	0.6931471805599453	0.0	48.0	0.9	include_low_prevalence_false_positive_control
CNV0_01568	SSDCSAWYM		HLA-A*01:01	A01				0	TESLA_mmc4						False	no_inhouse_master_overlap	train	False	L9_SS_YM	0.0256410256410256	0.0	0.6931471805599453	0.0	42.0	0.45	include_low_prevalence_false_positive_control
CNV0_01569	RKSNRVKTCK		HLA-A*03:01	A03				0	TESLA_mmc4						False	no_inhouse_master_overlap	train	False	L10_RK_CK	0.0	0.0	0.6931471805599453	0.0	49.0	0.45	include_low_prevalence_false_positive_control
CNV0_01570	RLFPYALHK		HLA-A*03:01	A03				1	TESLA_mmc4						False	no_inhouse_master_overlap	train	False	L9_RL_HK	0.0256410256410256	0.0	0.6931471805599453	0.0	44.0	0.9	include_low_prevalence_false_positive_control
CNV0_01571	GVYTKEFLY		HLA-A*03:01	A03				0	TESLA_mmc4						False	no_inhouse_master_overlap	train	False	L9_GV_LY	0.0	0.0	0.6931471805599453	0.0	41.0	0.45	include_low_prevalence_false_positive_control
CNV0_01572	HLFDIQGLPK		HLA-A*03:01	A03				1	TESLA_mmc4						False	no_inhouse_master_overlap	train	False	L10_HL_PK	0.0	0.0	0.6931471805599453	0.0	49.0	0.9	include_low_prevalence_false_positive_control
CNV0_01573	TDTGVHATLK		HLA-A*11:01	A11				0	TESLA_mmc4						False	no_inhouse_master_overlap	train	False	L10_TD_LK	0.0	0.0	0.6931471805599453	0.6931471805599453	46.0	0.45	include_low_prevalence_false_positive_control
CNV0_01574	VSDSHVYKY		HLA-C*05:01	C05				0	TESLA_mmc4						False	no_inhouse_master_overlap	train	False	L9_VS_KY	0.0	0.0	0.6931471805599453	0.0	44.0	0.45	include_low_prevalence_false_positive_control
CNV0_01575	ALKEIIPQCI		HLA-A*02:01	A02				0	TESLA_mmc4						False	no_inhouse_master_overlap	train	False	L10_AL_CI	0.0238095238095238	0.0	0.6931471805599453	0.0	47.0	0.45	include_low_prevalence_false_positive_control
CNV0_01576	VEKSELWMY		HLA-B*44:02	B44				0	TESLA_mmc4						False	no_inhouse_master_overlap	train	False	L9_VE_MY	0.0	0.0	0.6931471805599453	1.3862943611198906	46.0	0.45	include_low_prevalence_false_positive_control
CNV0_01577	ATLFSDSWYY		HLA-A*01:01	A01				0	TESLA_mmc4						False	no_inhouse_master_overlap	train	False	L10_AT_YY	0.0238095238095238	0.0	0.6931471805599453	0.0	51.0	0.45	include_low_prevalence_false_positive_control
CNV0_01578	GLLAAGLGR		HLA-A*03:01	A03				0	TESLA_mmc4						False	no_inhouse_master_overlap	train	False	L9_GL_GR	0.0	0.0	0.6931471805599453	2.8903717578961645	37.0	0.45	include_low_prevalence_false_positive_control
CNV0_01579	ITGALVLFMK		HLA-A*03:01	A03				0	TESLA_mmc4						False	no_inhouse_master_overlap	train	False	L10_IT_MK	0.0238095238095238	0.0	0.6931471805599453	0.0	41.0	0.45	include_low_prevalence_false_positive_control
CNV0_01580	KEAADPLAFK		HLA-A*03:01	A03				0	TESLA_mmc4						False	no_inhouse_master_overlap	train	False	L10_KE_FK	0.0238095238095238	0.0	0.6931471805599453	0.0	42.0	0.45	include_low_prevalence_false_positive_control
CNV0_01581	VVGAAGVGK		HLA-A*11:01	A11				0	TESLA_mmc4						False	no_inhouse_master_overlap	train	False	L9_VV_GK	0.2	0.0	1.6094379124341005	2.833213344056216	40.0	0.45	include_low_prevalence_false_positive_control
CNV0_01582	YLYHRVDVI		HLA-A*02:01	A02				1	TESLA_mmc4						False	no_inhouse_master_overlap	train	False	L9_YL_VI	0.0256410256410256	0.0	0.6931471805599453	0.0	39.0	0.9	include_low_prevalence_false_positive_control
CNV0_01583	YLYVYKIV		HLA-A*02:01	A02				0	TESLA_mmc4						False	no_inhouse_master_overlap	train	False	L8_YL_IV	0.0277777777777777	0.0	0.6931471805599453	1.6094379124341005	35.0	0.45	include_low_prevalence_false_positive_control
CNV0_01584	YLYVYKIVSQ		HLA-A*02:01	A02				0	TESLA_mmc4						False	no_inhouse_master_overlap	train	False	L10_YL_SQ	0.0238095238095238	0.0	0.6931471805599453	0.0	44.0	0.45	include_low_prevalence_false_positive_control
CNV0_01585	SVEAFVCHRK		HLA-A*03:01	A03				0	TESLA_mmc4						False	no_inhouse_master_overlap	train	False	L10_SV_RK	0.0	0.0	0.6931471805599453	0.0	48.0	0.45	include_low_prevalence_false_positive_control
CNV0_01586	ASSFLKSFY		HLA-A*01:01	A01				0	TESLA_mmc4						False	no_inhouse_master_overlap	train	False	L9_AS_FY	0.0256410256410256	0.0	0.6931471805599453	0.6931471805599453	39.0	0.45	include_low_prevalence_false_positive_control
CNV0_01587	KLYKCKVCDK		HLA-A*03:01	A03				0	TESLA_mmc4						False	no_inhouse_master_overlap	train	False	L10_KL_DK	0.0	0.0	1.3862943611198906	3.1780538303479458	53.0	0.45	include_low_prevalence_false_positive_control
CNV0_01588	GENGQNLVKW		HLA-B*44:02	B44				0	TESLA_mmc4						False	no_inhouse_master_overlap	train	False	L10_GE_KW	0.0	0.0	0.6931471805599453	0.0	54.0	0.45	include_low_prevalence_false_positive_control
CNV0_01589	REEQCLQWDL		HLA-B*44:02	B44				0	TESLA_mmc4						False	no_inhouse_master_overlap	train	False	L10_RE_DL	0.0	0.0	0.6931471805599453	0.0	53.0	0.45	include_low_prevalence_false_positive_control
CNV0_01590	CSDSGKSFINY		HLA-A*01:01	A01				0	TESLA_mmc4						False	no_inhouse_master_overlap	train	False	L11_CS_NY	0.0	0.0	0.6931471805599453	0.0	56.0	0.45	include_low_prevalence_false_positive_control
CNV0_01591	KTYACQQCGK		HLA-A*03:01	A03				0	TESLA_mmc4						False	no_inhouse_master_overlap	train	False	L10_KT_GK	0.0	0.0	0.6931471805599453	2.772588722239781	54.0	0.45	include_low_prevalence_false_positive_control
CNV0_01592	KAPVGHFYK		HLA-A*03:01	A03				0	TESLA_mmc4						False	no_inhouse_master_overlap	train	False	L9_KA_YK	0.0	0.0	0.6931471805599453	0.6931471805599453	48.0	0.45	include_low_prevalence_false_positive_control
CNV0_01593	LLPPPPLAK		HLA-A*03:01	A03				0	TESLA_mmc4						False	no_inhouse_master_overlap	train	False	L9_LL_AK	0.0	0.0	0.6931471805599453	2.8903717578961645	42.0	0.45	include_low_prevalence_false_positive_control
CNV0_01594	AVRVLFPGIK		HLA-A*03:01	A03				0	TESLA_mmc4						False	no_inhouse_master_overlap	train	False	L10_AV_IK	0.0	0.0	0.6931471805599453	0.6931471805599453	45.0	0.45	include_low_prevalence_false_positive_control
CNV0_01595	CRLFPYALHK		HLA-A*03:01	A03				0	TESLA_mmc4						False	no_inhouse_master_overlap	train	False	L10_CR_HK	0.0238095238095238	0.0	0.6931471805599453	0.0	53.0	0.45	include_low_prevalence_false_positive_control
CNV0_01596	CVIDAAVLLK		HLA-A*03:01	A03				0	TESLA_mmc4						False	no_inhouse_master_overlap	train	False	L10_CV_LK	0.0	0.0	0.6931471805599453	0.0	44.0	0.45	include_low_prevalence_false_positive_control
CNV0_01597	FIYLFVTETK		HLA-A*03:01	A03				0	TESLA_mmc4						False	no_inhouse_master_overlap	train	False	L10_FI_TK	0.0	0.0	0.6931471805599453	0.0	45.0	0.45	include_low_prevalence_false_positive_control
CNV0_01598	GIKAHPVLK		HLA-A*03:01	A03				0	TESLA_mmc4						False	no_inhouse_master_overlap	train	False	L9_GI_LK	0.0	0.0	0.6931471805599453	0.6931471805599453	43.0	0.45	include_low_prevalence_false_positive_control
CNV0_01599	QEAWTAAAM		HLA-B*44:02	B44				0	TESLA_mmc4						False	no_inhouse_master_overlap	train	False	L9_QE_AM	0.0	0.0	0.6931471805599453	0.6931471805599453	41.0	0.45	include_low_prevalence_false_positive_control
CNV0_01600	VRRKSRRRM		HLA-C*06:02	C06				0	TESLA_mmc4						False	no_inhouse_master_overlap	train	False	L9_VR_RM	0.0	0.0	0.6931471805599453	1.0986122886681096	37.0	0.45	include_low_prevalence_false_positive_control
CNV0_01601	REEQCLQW		HLA-B*44:02	B44				0	TESLA_mmc4						False	no_inhouse_master_overlap	train	False	L8_RE_QW	0.0	0.0	0.6931471805599453	1.3862943611198906	43.0	0.45	include_low_prevalence_false_positive_control
CNV0_01602	AYGNNCDGI		HLA-A*24:02	A24				0	TESLA_mmc4						False	no_inhouse_master_overlap	train	False	L9_AY_GI	0.0	0.0	0.6931471805599453	0.0	44.0	0.45	include_low_prevalence_false_positive_control
CNV0_01603	YLNEAVFNFV		HLA-A*02:01	A02				1	TESLA_mmc4						False	no_inhouse_master_overlap	train	False	L10_YL_FV	0.079059829059829	0.0	0.6931471805599453	0.0	45.0	0.9	include_low_prevalence_false_positive_control
CNV0_01604	AEQQGACPGL		HLA-B*44:02	B44				0	TESLA_mmc4						False	no_inhouse_master_overlap	train	False	L10_AE_GL	0.0	0.0	0.6931471805599453	0.6931471805599453	51.0	0.45	include_low_prevalence_false_positive_control
CNV0_01605	FIYLFVTET		HLA-A*02:01	A02				0	TESLA_mmc4						False	no_inhouse_master_overlap	train	False	L9_FI_ET	0.0858585858585858	0.0	0.6931471805599453	0.0	40.0	0.45	include_low_prevalence_false_positive_control
CNV0_01606	ILFRTPSVAK		HLA-A*03:01	A03				1	TESLA_mmc4						False	no_inhouse_master_overlap	train	False	L10_IL_AK	0.0	0.0	0.6931471805599453	0.0	40.0	0.9	include_low_prevalence_false_positive_control
CNV0_01607	FIAEQILATL		HLA-A*02:01	A02				0	TESLA_mmc4						False	no_inhouse_master_overlap	train	False	L10_FI_TL	0.0238095238095238	0.0	0.6931471805599453	0.0	37.0	0.45	include_low_prevalence_false_positive_control
CNV0_01608	SVSDSHVYK		HLA-A*11:01	A11				0	TESLA_mmc4						False	no_inhouse_master_overlap	train	False	L9_SV_YK	0.0	0.0	0.6931471805599453	0.6931471805599453	41.0	0.45	include_low_prevalence_false_positive_control
CNV0_01609	YLVVADVCPKV		HLA-A*02:01	A02				0	TESLA_mmc4						False	no_inhouse_master_overlap	train	False	L11_YL_KV	0.0222222222222222	0.0	0.6931471805599453	0.0	52.0	0.45	include_low_prevalence_false_positive_control
CNV0_01610	FSSPTHSLYV		HLA-A*01:01	A01				0	TESLA_mmc4						False	no_inhouse_master_overlap	train	False	L10_FS_YV	0.0238095238095238	0.0	0.6931471805599453	0.0	45.0	0.45	include_low_prevalence_false_positive_control
CNV0_01611	KMFCAGYPK		HLA-A*03:01	A03				0	TESLA_mmc4						False	no_inhouse_master_overlap	train	False	L9_KM_PK	0.0	0.0	0.6931471805599453	0.0	50.0	0.45	include_low_prevalence_false_positive_control
CNV0_01612	YTAEKKSLSE		HLA-A*01:01	A01				0	TESLA_mmc4						False	no_inhouse_master_overlap	train	False	L10_YT_SE	0.0238095238095238	0.0	0.6931471805599453	0.0	41.0	0.45	include_low_prevalence_false_positive_control
CNV0_01613	IVYPTPTPI		HLA-A*02:01	A02				0	TESLA_mmc4						False	no_inhouse_master_overlap	train	False	L9_IV_PI	0.0277777777777777	0.0	0.6931471805599453	0.0	45.0	0.45	include_low_prevalence_false_positive_control
CNV0_01614	KAWENFPNV		HLA-A*02:01	A02				1	TESLA_mmc4						False	no_inhouse_master_overlap	train	False	L9_KA_NV	0.0256410256410256	0.0	0.6931471805599453	0.6931471805599453	46.0	0.9	include_low_prevalence_false_positive_control
CNV0_01615	VFPVWEVIW		HLA-A*24:02	A24				0	TESLA_mmc4						False	no_inhouse_master_overlap	train	False	L9_VF_IW	0.0	0.0	0.6931471805599453	0.6931471805599453	48.0	0.45	include_low_prevalence_false_positive_control
CNV0_01616	LLLSSLGYL		HLA-A*02:01	A02				0	TESLA_mmc4						False	no_inhouse_master_overlap	train	False	L9_LL_YL	0.0909090909090909	0.0	0.6931471805599453	2.5649493574615367	38.0	0.45	include_low_prevalence_false_positive_control
CNV0_01617	LLNDASFISV		HLA-A*02:01	A02				0	TESLA_mmc4						False	no_inhouse_master_overlap	train	False	L10_LL_SV	0.0238095238095238	0.0	0.0	0.0	46.0	0.45	include_low_prevalence_false_positive_control
CNV0_01618	LLPGNNWKV		HLA-A*02:01	A02				0	TESLA_mmc4						False	no_inhouse_master_overlap	train	False	L9_LL_KV	0.0858585858585858	0.0	0.6931471805599453	0.0	39.0	0.45	include_low_prevalence_false_positive_control
CNV0_01619	KPRPKLHHSL		HLA-B*08:01	B08				0	TESLA_mmc4						False	no_inhouse_master_overlap	train	False	L10_KP_SL	0.0	0.0	0.6931471805599453	0.0	53.0	0.45	include_low_prevalence_false_positive_control
CNV0_01620	QQFSAKAGPAR		HLA-A*68:01	A68				0	TESLA_mmc4						False	no_inhouse_master_overlap	train	False	L11_QQ_AR	0.0	0.0	0.6931471805599453	0.0	51.0	0.45	include_low_prevalence_false_positive_control
CNV0_01621	DLLLRTAQL		HLA-B*08:01	B08				0	TESLA_mmc4						False	no_inhouse_master_overlap	train	False	L9_DL_QL	0.0	0.0	0.6931471805599453	1.791759469228055	34.0	0.45	include_low_prevalence_false_positive_control
CNV0_01622	ILDTAGHEEY		HLA-A*01:01	A01				1	TESLA_mmc4						False	no_inhouse_master_overlap	train	False	L10_IL_EY	0.3090909090909091	0.0	0.6931471805599453	1.0986122886681096	46.0	0.9	include_low_prevalence_false_positive_control
CNV0_01623	FSNFIFLR		HLA-A*68:01	A68				0	TESLA_mmc4						False	no_inhouse_master_overlap	train	False	L8_FS_LR	0.0	0.0	1.0986122886681096	2.772588722239781	36.0	0.45	include_low_prevalence_false_positive_control
CNV0_01624	FSAVNSLIQR		HLA-A*68:01	A68				0	TESLA_mmc4						False	no_inhouse_master_overlap	train	False	L10_FS_QR	0.0	0.0	0.6931471805599453	0.0	41.0	0.45	include_low_prevalence_false_positive_control
CNV0_01625	KRCPGRFVY		HLA-B*27:05	B27				0	TESLA_mmc4						False	no_inhouse_master_overlap	train	False	L9_KR_VY	0.0	0.0	0.6931471805599453	0.6931471805599453	47.0	0.45	include_low_prevalence_false_positive_control
CNV0_01626	APKVEADESL		HLA-B*07:02	B07				0	TESLA_mmc4						False	no_inhouse_master_overlap	train	False	L10_AP_SL	0.0238095238095238	0.0	1.6094379124341005	1.791759469228055	41.0	0.45	include_low_prevalence_false_positive_control
CNV0_01627	ITNFYETAMR		HLA-A*68:01	A68				0	TESLA_mmc4						False	no_inhouse_master_overlap	train	False	L10_IT_MR	0.0	0.0	0.6931471805599453	0.0	44.0	0.45	include_low_prevalence_false_positive_control
CNV0_01628	YRHVHLRSF		HLA-B*27:05	B27				0	TESLA_mmc4						False	no_inhouse_master_overlap	train	False	L9_YR_SF	0.0	0.0	0.6931471805599453	0.6931471805599453	41.0	0.45	include_low_prevalence_false_positive_control
CNV0_01629	SRMGQTVIAV		HLA-B*27:05	B27				0	TESLA_mmc4						False	no_inhouse_master_overlap	train	False	L10_SR_AV	0.0	0.0	0.6931471805599453	0.0	39.0	0.45	include_low_prevalence_false_positive_control
CNV0_01630	SQNQHENDI		HLA-B*27:05	B27				0	TESLA_mmc4						False	no_inhouse_master_overlap	train	False	L9_SQ_DI	0.0	0.0	0.6931471805599453	0.6931471805599453	46.0	0.45	include_low_prevalence_false_positive_control
CNV0_01631	FPGIKAHPV		HLA-B*08:01	B08				0	TESLA_mmc4						False	no_inhouse_master_overlap	train	False	L9_FP_PV	0.0	0.0	0.6931471805599453	1.0986122886681096	47.0	0.45	include_low_prevalence_false_positive_control
CNV0_01632	FNSVRKRMSV		HLA-B*08:01	B08				0	TESLA_mmc4						False	no_inhouse_master_overlap	train	False	L10_FN_SV	0.0	0.0	1.0986122886681096	2.079441541679836	44.0	0.45	include_low_prevalence_false_positive_control
CNV0_01633	RRSMLFAR		HLA-B*27:05	B27				0	TESLA_mmc4						False	no_inhouse_master_overlap	train	False	L8_RR_AR	0.0	0.0	0.6931471805599453	2.079441541679836	35.0	0.45	include_low_prevalence_false_positive_control
CNV0_01634	SPLHRHNVF		HLA-B*08:01	B08				0	TESLA_mmc4						False	no_inhouse_master_overlap	train	False	L9_SP_VF	0.0	0.0	0.6931471805599453	0.0	47.0	0.45	include_low_prevalence_false_positive_control
CNV0_01635	SQPWQASLFHL		HLA-A*24:02	A24				0	TESLA_mmc4						False	no_inhouse_master_overlap	train	False	L11_SQ_HL	0.0222222222222222	0.0	0.6931471805599453	0.0	58.0	0.45	include_low_prevalence_false_positive_control
CNV0_01636	ATFEEWFPQR		HLA-A*68:01	A68				0	TESLA_mmc4						False	no_inhouse_master_overlap	train	False	L10_AT_QR	0.0	0.0	0.6931471805599453	0.0	52.0	0.45	include_low_prevalence_false_positive_control
CNV0_01637	YYFMVKVW		HLA-A*24:02	A24				0	TESLA_mmc4						False	no_inhouse_master_overlap	train	False	L8_YY_VW	0.0939393939393939	0.0	0.6931471805599453	1.6094379124341005	39.0	0.45	include_low_prevalence_false_positive_control
CNV0_01638	VYSLEAEAYAAF		HLA-A*24:02	A24				0	TESLA_mmc4						False	no_inhouse_master_overlap	train	False	L12_VY_AF	0.0208333333333333	0.0	0.6931471805599453	0.0	49.0	0.45	include_low_prevalence_false_positive_control
CNV0_01639	GPSPSSEAL		HLA-B*07:02	B07				0	TESLA_mmc4						False	no_inhouse_master_overlap	train	False	L9_GP_AL	0.0	0.0	0.6931471805599453	1.9459101490553128	38.0	0.45	include_low_prevalence_false_positive_control
CNV0_01640	RPVGGRPGW		HLA-B*07:02	B07				0	TESLA_mmc4						False	no_inhouse_master_overlap	train	False	L9_RP_GW	0.0256410256410256	0.0	0.6931471805599453	0.6931471805599453	50.0	0.45	include_low_prevalence_false_positive_control
CNV0_01641	RPTYEEGFL		HLA-B*07:02	B07				0	TESLA_mmc4						False	no_inhouse_master_overlap	train	False	L9_RP_FL	0.0	0.0	0.6931471805599453	0.0	40.0	0.45	include_low_prevalence_false_positive_control
CNV0_01642	LMKKRDNL		HLA-B*08:01	B08				0	TESLA_mmc4						False	no_inhouse_master_overlap	train	False	L8_LM_NL	0.0	0.0	0.6931471805599453	2.4849066497880004	35.0	0.45	include_low_prevalence_false_positive_control
CNV0_01643	LLRKNFFYF		HLA-B*08:01	B08				0	TESLA_mmc4						False	no_inhouse_master_overlap	train	False	L9_LL_YF	0.0	0.0	0.6931471805599453	0.0	43.0	0.45	include_low_prevalence_false_positive_control
CNV0_01644	KRRPSGFFLF		HLA-B*27:05	B27				0	TESLA_mmc4						False	no_inhouse_master_overlap	train	False	L10_KR_LF	0.0	0.0	0.6931471805599453	0.6931471805599453	47.0	0.45	include_low_prevalence_false_positive_control
CNV0_01645	RRHIEIRDK		HLA-B*27:05	B27				0	TESLA_mmc4						False	no_inhouse_master_overlap	train	False	L9_RR_DK	0.0	0.0	0.6931471805599453	0.6931471805599453	43.0	0.45	include_low_prevalence_false_positive_control
CNV0_01646	RRSMLFARHLR		HLA-B*27:05	B27				0	TESLA_mmc4						False	no_inhouse_master_overlap	train	False	L11_RR_LR	0.0	0.0	0.6931471805599453	0.0	52.0	0.45	include_low_prevalence_false_positive_control
CNV0_01647	EIIPQCIAR		HLA-A*68:01	A68				1	TESLA_mmc4						False	no_inhouse_master_overlap	train	False	L9_EI_AR	0.0	0.0	0.6931471805599453	0.0	43.0	0.9	include_low_prevalence_false_positive_control
CNV0_01648	GPVEEVRAL		HLA-B*07:02	B07				0	TESLA_mmc4						False	no_inhouse_master_overlap	train	False	L9_GP_AL	0.0256410256410256	0.0	0.6931471805599453	2.3978952727983707	39.0	0.45	include_low_prevalence_false_positive_control
CNV0_01649	ATAAARGPV		HLA-B*07:02	B07				0	TESLA_mmc4						False	no_inhouse_master_overlap	train	False	L9_AT_PV	0.0256410256410256	0.0	0.6931471805599453	2.079441541679836	34.0	0.45	include_low_prevalence_false_positive_control
CNV0_01650	ELKFYVNHL		HLA-B*08:01	B08				0	TESLA_mmc4						False	no_inhouse_master_overlap	train	False	L9_EL_HL	0.0	0.0	0.6931471805599453	0.0	41.0	0.45	include_low_prevalence_false_positive_control
CNV0_01651	ELKEKTLNL		HLA-B*08:01	B08				0	TESLA_mmc4						False	no_inhouse_master_overlap	train	False	L9_EL_NL	0.0939393939393939	0.0	0.6931471805599453	1.3862943611198906	39.0	0.45	include_low_prevalence_false_positive_control
CNV0_01652	SLFHLTRL		HLA-B*08:01	B08				0	TESLA_mmc4						False	no_inhouse_master_overlap	train	False	L8_SL_RL	0.0	0.0	1.0986122886681096	3.4011973816621555	36.0	0.45	include_low_prevalence_false_positive_control
CNV0_01653	WGKLHVASL		HLA-B*08:01	B08				0	TESLA_mmc4						False	no_inhouse_master_overlap	train	False	L9_WG_SL	0.0	0.0	1.0986122886681096	0.0	44.0	0.45	include_low_prevalence_false_positive_control
CNV0_01654	SPWKDGDEL		HLA-B*07:02	B07				0	TESLA_mmc4						False	no_inhouse_master_overlap	train	False	L9_SP_EL	0.0	0.0	0.6931471805599453	0.6931471805599453	50.0	0.45	include_low_prevalence_false_positive_control
CNV0_01655	KPMEAVTVAV		HLA-B*07:02	B07				0	TESLA_mmc4						False	no_inhouse_master_overlap	train	False	L10_KP_AV	0.0238095238095238	0.0	0.6931471805599453	0.0	41.0	0.45	include_low_prevalence_false_positive_control
CNV0_01656	PYLPSPCPP		HLA-A*24:02	A24				0	TESLA_mmc4						False	no_inhouse_master_overlap	train	False	L9_PY_PP	0.0	0.0	0.6931471805599453	0.6931471805599453	54.0	0.45	include_low_prevalence_false_positive_control
CNV0_01657	TPGTRGPI		HLA-B*07:02	B07				0	TESLA_mmc4						False	no_inhouse_master_overlap	train	False	L8_TP_PI	0.0277777777777777	0.0	1.0986122886681096	3.044522437723423	39.0	0.45	include_low_prevalence_false_positive_control
CNV0_01658	TILGEFQYFK		HLA-A*68:01	A68				0	TESLA_mmc4						False	no_inhouse_master_overlap	train	False	L10_TI_FK	0.0	0.0	0.6931471805599453	0.0	46.0	0.45	include_low_prevalence_false_positive_control
CNV0_01659	SSAFLQLTAK		HLA-A*68:01	A68				0	TESLA_mmc4						False	no_inhouse_master_overlap	train	False	L10_SS_AK	0.0	0.0	0.6931471805599453	0.0	41.0	0.45	include_low_prevalence_false_positive_control
CNV0_01660	SAFLQLTAK		HLA-A*68:01	A68				0	TESLA_mmc4						False	no_inhouse_master_overlap	train	False	L9_SA_AK	0.0	0.0	0.6931471805599453	0.0	37.0	0.45	include_low_prevalence_false_positive_control
CNV0_01661	RMPKLLKSLF		HLA-A*24:02	A24				0	TESLA_mmc4						False	no_inhouse_master_overlap	train	False	L10_RM_LF	0.0238095238095238	0.0	0.6931471805599453	0.0	45.0	0.45	include_low_prevalence_false_positive_control
CNV0_01662	EMASVLFK		HLA-A*68:01	A68				0	TESLA_mmc4						False	no_inhouse_master_overlap	train	False	L8_EM_FK	0.0	0.0	0.6931471805599453	2.5649493574615367	33.0	0.45	include_low_prevalence_false_positive_control
CNV0_01663	VYCEEYYLFS		HLA-A*24:02	A24				0	TESLA_mmc4						False	no_inhouse_master_overlap	train	False	L10_VY_FS	0.0238095238095238	0.0	0.6931471805599453	0.0	48.0	0.45	include_low_prevalence_false_positive_control
CNV0_01664	SVGHQLFHR		HLA-A*68:01	A68				0	TESLA_mmc4						False	no_inhouse_master_overlap	train	False	L9_SV_HR	0.0	0.0	1.3862943611198906	1.3862943611198906	45.0	0.45	include_low_prevalence_false_positive_control
CNV0_01665	YGYSRVNPM		HLA-B*08:01	B08				0	TESLA_mmc4						False	no_inhouse_master_overlap	train	False	L9_YG_PM	0.0	0.0	0.6931471805599453	0.0	46.0	0.45	include_low_prevalence_false_positive_control
CNV0_01666	WLLRKNFF		HLA-B*08:01	B08				0	TESLA_mmc4						False	no_inhouse_master_overlap	train	False	L8_WL_FF	0.0	0.0	0.6931471805599453	0.0	41.0	0.45	include_low_prevalence_false_positive_control
CNV0_01667	MPKMGKTIYK		HLA-A*68:01	A68				0	TESLA_mmc4						False	no_inhouse_master_overlap	train	False	L10_MP_YK	0.0	0.0	0.6931471805599453	0.0	49.0	0.45	include_low_prevalence_false_positive_control
CNV0_01668	YTWEQMGLR		HLA-A*68:01	A68				0	TESLA_mmc4						False	no_inhouse_master_overlap	train	False	L9_YT_LR	0.0	0.0	0.6931471805599453	0.6931471805599453	48.0	0.45	include_low_prevalence_false_positive_control
CNV0_01669	FVRLQLTFEK		HLA-A*68:01	A68				0	TESLA_mmc4						False	no_inhouse_master_overlap	train	False	L10_FV_EK	0.0	0.0	0.6931471805599453	0.0	45.0	0.45	include_low_prevalence_false_positive_control
CNV0_01670	FVFSKYCHRA		HLA-A*68:01	A68				0	TESLA_mmc4						False	no_inhouse_master_overlap	train	False	L10_FV_RA	0.0	0.0	0.6931471805599453	0.0	46.0	0.45	include_low_prevalence_false_positive_control
CNV0_01671	IYANMFKKF		HLA-A*24:02	A24				0	TESLA_mmc4						False	no_inhouse_master_overlap	train	False	L9_IY_KF	0.0	1.0	0.0	0.0	48.0	0.45	include_low_prevalence_false_positive_control
CNV0_01672	QPWQASLFHL		HLA-A*24:02	A24				0	TESLA_mmc4						False	no_inhouse_master_overlap	train	False	L10_QP_HL	0.0238095238095238	0.0	0.6931471805599453	0.0	54.0	0.45	include_low_prevalence_false_positive_control
CNV0_01673	MWSVWDPMYVW		HLA-A*24:02	A24				0	TESLA_mmc4						False	no_inhouse_master_overlap	train	False	L11_MW_VW	0.0	0.0	0.6931471805599453	0.0	66.0	0.45	include_low_prevalence_false_positive_control
CNV0_01674	SQPWQASLF		HLA-A*24:02	A24				0	TESLA_mmc4						False	no_inhouse_master_overlap	train	False	L9_SQ_LF	0.0256410256410256	0.0	1.3862943611198906	1.6094379124341005	47.0	0.45	include_low_prevalence_false_positive_control
CNV0_01675	QFSAKAGPAR		HLA-A*68:01	A68				0	TESLA_mmc4						False	no_inhouse_master_overlap	train	False	L10_QF_AR	0.0	0.0	0.6931471805599453	0.0	46.0	0.45	include_low_prevalence_false_positive_control
CNV0_01676	YVKSLSRVM		HLA-B*08:01	B08				0	TESLA_mmc4						False	no_inhouse_master_overlap	train	False	L9_YV_VM	0.0	0.0	1.0986122886681096	0.6931471805599453	39.0	0.45	include_low_prevalence_false_positive_control
CNV0_01677	YPRYRLEPM		HLA-B*08:01	B08				0	TESLA_mmc4						False	no_inhouse_master_overlap	train	False	L9_YP_PM	0.0	0.0	0.6931471805599453	0.0	43.0	0.45	include_low_prevalence_false_positive_control
CNV0_01678	KPANHRGQL		HLA-B*07:02	B07				0	TESLA_mmc4						False	no_inhouse_master_overlap	train	False	L9_KP_QL	0.0256410256410256	1.0	0.0	0.0	50.0	0.45	include_low_prevalence_false_positive_control
CNV0_01679	GPVEEVRALL		HLA-B*07:02	B07				0	TESLA_mmc4						False	no_inhouse_master_overlap	train	False	L10_GP_LL	0.0238095238095238	0.0	0.6931471805599453	0.6931471805599453	39.0	0.45	include_low_prevalence_false_positive_control
CNV0_01680	FPYCRAHVL		HLA-B*08:01	B08				0	TESLA_mmc4						False	no_inhouse_master_overlap	train	False	L9_FP_VL	0.0	0.0	0.6931471805599453	0.0	51.0	0.45	include_low_prevalence_false_positive_control
CNV0_01681	FPRKPRPKL		HLA-B*08:01	B08				0	TESLA_mmc4						False	no_inhouse_master_overlap	train	False	L9_FP_KL	0.0	0.0	0.6931471805599453	0.0	47.0	0.45	include_low_prevalence_false_positive_control
CNV0_01682	EVKEVFQAL		HLA-B*08:01	B08				0	TESLA_mmc4						False	no_inhouse_master_overlap	train	False	L9_EV_AL	0.0	0.0	0.6931471805599453	1.3862943611198906	36.0	0.45	include_low_prevalence_false_positive_control
CNV0_01683	GAFMRPITLK		HLA-A*11:01	A11				0	TESLA_mmc4						False	no_inhouse_master_overlap	train	False	L10_GA_LK	0.0	0.0	0.6931471805599453	0.0	45.0	0.45	include_low_prevalence_false_positive_control
CNV0_01684	FAASAVGSR		HLA-A*68:01	A68				0	TESLA_mmc4						False	no_inhouse_master_overlap	train	False	L9_FA_SR	0.0	0.0	0.6931471805599453	1.3862943611198906	34.0	0.45	include_low_prevalence_false_positive_control
CNV0_01685	RRQSMTVKR		HLA-B*27:05	B27				0	TESLA_mmc4						False	no_inhouse_master_overlap	train	False	L9_RR_KR	0.0	0.0	0.6931471805599453	0.0	40.0	0.45	include_low_prevalence_false_positive_control
CNV0_01686	RRPSGFFLF		HLA-B*27:05	B27				0	TESLA_mmc4						False	no_inhouse_master_overlap	train	False	L9_RR_LF	0.0	0.0	0.6931471805599453	1.0986122886681096	42.0	0.45	include_low_prevalence_false_positive_control
CNV0_01687	RRPSGFFL		HLA-B*27:05	B27				0	TESLA_mmc4						False	no_inhouse_master_overlap	train	False	L8_RR_FL	0.0	0.0	0.6931471805599453	2.4849066497880004	36.0	0.45	include_low_prevalence_false_positive_control
CNV0_01688	EYFRYLYHR		HLA-A*68:01	A68				0	TESLA_mmc4						False	no_inhouse_master_overlap	train	False	L9_EY_HR	0.0	0.0	0.6931471805599453	0.0	44.0	0.45	include_low_prevalence_false_positive_control
CNV0_01689	EVVLFHPNYNINR		HLA-A*68:01	A68				0	TESLA_mmc4						False	no_inhouse_master_overlap	train	False	L13_EV_NR	0.0	0.0	0.6931471805599453	0.0	45.0	0.45	include_low_prevalence_false_positive_control
CNV0_01690	EVCAPVIKR		HLA-A*68:01	A68				0	TESLA_mmc4						False	no_inhouse_master_overlap	train	False	L9_EV_KR	0.0	0.0	0.6931471805599453	0.0	43.0	0.45	include_low_prevalence_false_positive_control
CNV0_01691	LVNKRNAL		HLA-B*08:01	B08				0	TESLA_mmc4						False	no_inhouse_master_overlap	train	False	L8_LV_AL	0.0	0.0	1.0986122886681096	2.079441541679836	35.0	0.45	include_low_prevalence_false_positive_control
CNV0_01692	HMKAKLAML		HLA-B*08:01	B08				0	TESLA_mmc4						False	no_inhouse_master_overlap	train	False	L9_HM_ML	0.0	0.0	0.6931471805599453	1.0986122886681096	40.0	0.45	include_low_prevalence_false_positive_control
CNV0_01693	HALRRHYHL		HLA-B*08:01	B08				1	TESLA_mmc4						False	no_inhouse_master_overlap	train	False	L9_HA_HL	0.0256410256410256	0.0	0.6931471805599453	0.0	46.0	0.9	include_low_prevalence_false_positive_control
CNV0_01694	KLKNKQQQL		HLA-B*08:01	B08				0	TESLA_mmc4						False	no_inhouse_master_overlap	train	False	L9_KL_QL	0.0	0.0	0.6931471805599453	1.791759469228055	38.0	0.45	include_low_prevalence_false_positive_control
CNV0_01695	CPLQCFQPRL		HLA-B*07:02	B07				0	TESLA_mmc4						False	no_inhouse_master_overlap	train	False	L10_CP_RL	0.0238095238095238	0.0	0.6931471805599453	0.0	52.0	0.45	include_low_prevalence_false_positive_control
CNV0_01696	FSAKAGPAR		HLA-A*68:01	A68				0	TESLA_mmc4						False	no_inhouse_master_overlap	train	False	L9_FS_AR	0.0	0.0	0.6931471805599453	0.0	41.0	0.45	include_low_prevalence_false_positive_control
CNV0_01697	LYEDVFPVW		HLA-A*24:02	A24				0	TESLA_mmc4						False	no_inhouse_master_overlap	train	False	L9_LY_VW	0.0	0.0	0.6931471805599453	0.0	46.0	0.45	include_low_prevalence_false_positive_control
CNV0_01698	MSFQQVQR		HLA-A*68:01	A68				0	TESLA_mmc4						False	no_inhouse_master_overlap	train	False	L8_MS_QR	0.0	0.0	0.6931471805599453	1.9459101490553128	36.0	0.45	include_low_prevalence_false_positive_control
CNV0_01699	VYCEEYYLF		HLA-A*24:02	A24				1	TESLA_mmc4						False	no_inhouse_master_overlap	train	False	L9_VY_LF	0.0256410256410256	0.0	0.6931471805599453	0.0	44.0	0.9	include_low_prevalence_false_positive_control
CNV0_01700	EPQRARSLTV		HLA-B*08:01	B08				0	TESLA_mmc4						False	no_inhouse_master_overlap	train	False	L10_EP_TV	0.0	0.0	0.6931471805599453	0.0	41.0	0.45	include_low_prevalence_false_positive_control
CNV0_01701	VFIQTRGGTF		HLA-A*24:02	A24				0	TESLA_mmc4						False	no_inhouse_master_overlap	train	False	L10_VF_TF	0.0	0.0	0.6931471805599453	0.0	45.0	0.45	include_low_prevalence_false_positive_control
CNV0_01702	EIRSRNNAL		HLA-B*08:01	B08				0	TESLA_mmc4						False	no_inhouse_master_overlap	train	False	L9_EI_AL	0.0	0.0	0.6931471805599453	1.0986122886681096	38.0	0.45	include_low_prevalence_false_positive_control
CNV0_01703	QLKMKKLSA		HLA-B*08:01	B08				0	TESLA_mmc4						False	no_inhouse_master_overlap	train	False	L9_QL_SA	0.0	0.0	1.0986122886681096	1.3862943611198906	35.0	0.45	include_low_prevalence_false_positive_control
CNV0_01704	SKLKNKQQQL		HLA-B*08:01	B08				0	TESLA_mmc4						False	no_inhouse_master_overlap	train	False	L10_SK_QL	0.0	0.0	0.6931471805599453	0.6931471805599453	42.0	0.45	include_low_prevalence_false_positive_control
CNV0_01705	LYTNWYLESLF		HLA-A*24:02	A24				0	TESLA_mmc4						False	no_inhouse_master_overlap	train	False	L11_LY_LF	0.0222222222222222	0.0	0.6931471805599453	0.6931471805599453	57.0	0.45	include_low_prevalence_false_positive_control
CNV0_01706	NRYAVQDFLH		HLA-B*27:05	B27				0	TESLA_mmc4						False	no_inhouse_master_overlap	train	False	L10_NR_LH	0.0	0.0	0.6931471805599453	0.0	45.0	0.45	include_low_prevalence_false_positive_control
CNV0_01707	NRYAVQDFL		HLA-B*27:05	B27				0	TESLA_mmc4						False	no_inhouse_master_overlap	train	False	L9_NR_FL	0.0	0.0	0.6931471805599453	0.0	37.0	0.45	include_low_prevalence_false_positive_control
CNV0_01708	HRDRLIGLMM		HLA-B*27:05	B27				0	TESLA_mmc4						False	no_inhouse_master_overlap	train	False	L10_HR_MM	0.0	0.0	0.6931471805599453	0.0	49.0	0.45	include_low_prevalence_false_positive_control
CNV0_01709	IVHHRIHTA		HLA-B*08:01	B08				0	TESLA_mmc4						False	no_inhouse_master_overlap	train	False	L9_IV_TA	0.0	0.0	0.6931471805599453	3.1354942159291497	45.0	0.45	include_low_prevalence_false_positive_control
CNV0_01710	VYPFYRFRLI		HLA-A*24:02	A24				0	TESLA_mmc4						False	no_inhouse_master_overlap	train	False	L10_VY_LI	0.0238095238095238	0.0	0.6931471805599453	0.0	45.0	0.45	include_low_prevalence_false_positive_control
CNV0_01711	LTVDYATFY		HLA-A*01:01	A01				0	TESLA_mmc4						False	no_inhouse_master_overlap	train	False	L9_LT_FY	0.0	0.0	0.6931471805599453	0.0	42.0	0.45	include_low_prevalence_false_positive_control
CNV0_01712	LVDIVLNFY		HLA-A*01:01	A01				0	TESLA_mmc4						False	no_inhouse_master_overlap	train	False	L9_LV_FY	0.0256410256410256	0.0	0.6931471805599453	0.0	40.0	0.45	include_low_prevalence_false_positive_control
CNV0_01713	MIDNETLLVEY		HLA-A*01:01	A01				0	TESLA_mmc4						False	no_inhouse_master_overlap	train	False	L11_MI_EY	0.0222222222222222	0.0	0.6931471805599453	0.0	48.0	0.45	include_low_prevalence_false_positive_control
CNV0_01714	FSDYVQCFL		HLA-A*02:01	A02				0	TESLA_mmc4						False	no_inhouse_master_overlap	train	False	L9_FS_FL	0.0256410256410256	0.0	0.6931471805599453	0.0	44.0	0.45	include_low_prevalence_false_positive_control
CNV0_01715	IMGQQPAPQV		HLA-A*02:01	A02				0	TESLA_mmc4						False	no_inhouse_master_overlap	train	False	L10_IM_QV	0.0238095238095238	0.0	0.6931471805599453	0.0	45.0	0.45	include_low_prevalence_false_positive_control
CNV0_01716	TQCKWQFVAK		HLA-A*11:01	A11				0	TESLA_mmc4						False	no_inhouse_master_overlap	train	False	L10_TQ_AK	0.0	0.0	0.6931471805599453	0.6931471805599453	52.0	0.45	include_low_prevalence_false_positive_control
CNV0_01717	STLFRVVVAK		HLA-A*03:01	A03				0	TESLA_mmc4						False	no_inhouse_master_overlap	train	False	L10_ST_AK	0.0222222222222222	0.0	0.0	0.0	45.0	0.45	include_low_prevalence_false_positive_control
CNV0_01718	RLLRPIYDY		HLA-A*11:01	A11				0	TESLA_mmc4						False	no_inhouse_master_overlap	train	False	L9_RL_DY	0.0238095238095238	0.0	0.6931471805599453	0.6931471805599453	43.0	0.45	include_low_prevalence_false_positive_control
CNV0_01719	AWLLRKNFF		HLA-A*24:02	A24				0	TESLA_mmc4						False	no_inhouse_master_overlap	train	False	L9_AW_FF	0.0256410256410256	0.0	0.6931471805599453	0.0	45.0	0.45	include_low_prevalence_false_positive_control
CNV0_01720	VVVGAAGVGK		HLA-A*11:01	A11				0	TESLA_mmc4						False	no_inhouse_master_overlap	train	False	L10_VV_GK	0.2727272727272727	0.0	1.3862943611198906	2.079441541679836	44.0	0.45	include_low_prevalence_false_positive_control
CNV0_01721	YSNFISHLAK		HLA-A*11:01	A11				0	TESLA_mmc4						False	no_inhouse_master_overlap	train	False	L10_YS_AK	0.0	0.0	0.6931471805599453	0.0	47.0	0.45	include_low_prevalence_false_positive_control
CNV0_01722	AWLLRKNFFYF		HLA-A*24:02	A24				0	TESLA_mmc4						False	no_inhouse_master_overlap	train	False	L11_AW_YF	0.0222222222222222	0.0	0.6931471805599453	0.0	58.0	0.45	include_low_prevalence_false_positive_control
CNV0_01723	RVVSGAYYF		HLA-A*24:02	A24				0	TESLA_mmc4						False	no_inhouse_master_overlap	train	False	L9_RV_YF	0.0858585858585858	0.0	0.6931471805599453	0.6931471805599453	37.0	0.45	include_low_prevalence_false_positive_control
CNV0_01724	LLFTDQHGL		HLA-A*02:01	A02				0	TESLA_mmc4						False	no_inhouse_master_overlap	train	False	L9_LL_GL	0.0277777777777777	0.0	0.6931471805599453	1.0986122886681096	41.0	0.45	include_low_prevalence_false_positive_control
CNV0_01725	FLLWKATGV		HLA-A*02:01	A02				0	TESLA_mmc4						False	no_inhouse_master_overlap	train	False	L9_FL_GV	0.0256410256410256	0.0	0.6931471805599453	0.0	43.0	0.45	include_low_prevalence_false_positive_control
CNV0_01726	ALSDGPIDAV		HLA-A*02:01	A02				0	TESLA_mmc4						False	no_inhouse_master_overlap	train	False	L10_AL_AV	0.0512820512820512	0.0	0.6931471805599453	0.0	41.0	0.45	include_low_prevalence_false_positive_control
CNV0_01727	FTSMSAVEF		HLA-C*05:01	C05				0	TESLA_mmc4						False	no_inhouse_master_overlap	train	False	L9_FT_EF	0.0	0.0	0.6931471805599453	0.0	36.0	0.45	include_low_prevalence_false_positive_control
CNV0_01728	LRMNQSQFIQ		HLA-C*06:02	C06				0	TESLA_mmc4						False	no_inhouse_master_overlap	train	False	L10_LR_IQ	0.0	0.0	0.6931471805599453	0.0	42.0	0.45	include_low_prevalence_false_positive_control
CNV0_01729	LSLAGSDCFW		HLA-B*57:01	B57				0	TESLA_mmc4						False	no_inhouse_master_overlap	train	False	L10_LS_FW	0.0	0.0	0.6931471805599453	0.0	49.0	0.45	include_low_prevalence_false_positive_control
CNV0_01730	FVANLFNTYL		HLA-A*02:01	A02				0	TESLA_mmc4						False	no_inhouse_master_overlap	train	False	L10_FV_YL	0.079059829059829	0.0	0.6931471805599453	0.6931471805599453	45.0	0.45	include_low_prevalence_false_positive_control
CNV0_01731	FVLASLCLYV		HLA-A*02:01	A02				0	TESLA_mmc4						False	no_inhouse_master_overlap	train	False	L10_FV_YV	0.079059829059829	0.0	0.6931471805599453	0.0	45.0	0.45	include_low_prevalence_false_positive_control
CNV0_01732	FMATYEINV		HLA-A*02:01	A02				0	TESLA_mmc4						False	no_inhouse_master_overlap	train	False	L9_FM_NV	0.0277777777777777	0.0	0.0	0.0	46.0	0.45	include_low_prevalence_false_positive_control
CNV0_01733	FLDEGFSGLV		HLA-A*02:01	A02				0	TESLA_mmc4						False	no_inhouse_master_overlap	train	False	L10_FL_LV	0.079059829059829	0.0	0.6931471805599453	0.0	44.0	0.45	include_low_prevalence_false_positive_control
CNV0_01734	VQDPNDRLL		HLA-C*05:01	C05				0	TESLA_mmc4						False	no_inhouse_master_overlap	train	False	L9_VQ_LL	0.0	0.0	0.6931471805599453	0.0	41.0	0.45	include_low_prevalence_false_positive_control
CNV0_01735	LSRMGQTVI		HLA-C*05:01	C05				0	TESLA_mmc4						False	no_inhouse_master_overlap	train	False	L9_LS_VI	0.0	0.0	0.6931471805599453	0.0	35.0	0.45	include_low_prevalence_false_positive_control
CNV0_01736	AELEEVSSY		HLA-B*44:02	B44				0	TESLA_mmc4						False	no_inhouse_master_overlap	train	False	L9_AE_SY	0.0	0.0	0.6931471805599453	1.0986122886681096	37.0	0.45	include_low_prevalence_false_positive_control
CNV0_01737	FSDQAEVSVL		HLA-C*05:01	C05				0	TESLA_mmc4						False	no_inhouse_master_overlap	train	False	L10_FS_VL	0.0	0.0	0.6931471805599453	0.0	39.0	0.45	include_low_prevalence_false_positive_control
CNV0_01738	FLLDETEVSV		HLA-A*02:01	A02				0	TESLA_mmc4						False	no_inhouse_master_overlap	train	False	L10_FL_SV	0.079059829059829	0.0	0.6931471805599453	0.0	40.0	0.45	include_low_prevalence_false_positive_control
CNV0_01739	FLRHMCHFTEV		HLA-A*02:01	A02				0	TESLA_mmc4						False	no_inhouse_master_overlap	train	False	L11_FL_EV	0.0222222222222222	0.0	0.0	0.6931471805599453	58.0	0.45	include_low_prevalence_false_positive_control
CNV0_01740	KLSFLVMII		HLA-A*02:01	A02				0	TESLA_mmc4						False	no_inhouse_master_overlap	train	False	L9_KL_II	0.079059829059829	0.0	0.6931471805599453	0.0	35.0	0.45	include_low_prevalence_false_positive_control
CNV0_01741	ALHEEVVCV		HLA-A*02:01	A02				0	TESLA_mmc4						False	no_inhouse_master_overlap	train	False	L9_AL_CV	0.0256410256410256	0.0	0.6931471805599453	0.0	35.0	0.45	include_low_prevalence_false_positive_control
CNV0_01742	KEIIPQCI		HLA-B*44:02	B44				0	TESLA_mmc4						False	no_inhouse_master_overlap	train	False	L8_KE_CI	0.0	0.0	0.6931471805599453	1.791759469228055	39.0	0.45	include_low_prevalence_false_positive_control
CNV0_01743	EEQEPVQQL		HLA-B*44:02	B44				0	TESLA_mmc4						False	no_inhouse_master_overlap	train	False	L9_EE_QL	0.0	0.0	0.6931471805599453	0.6931471805599453	38.0	0.45	include_low_prevalence_false_positive_control
CNV0_01744	ADTSEARPFW		HLA-B*44:02	B44				0	TESLA_mmc4						False	no_inhouse_master_overlap	train	False	L10_AD_FW	0.0	0.0	0.6931471805599453	0.6931471805599453	43.0	0.45	include_low_prevalence_false_positive_control
CNV0_01745	IENIWSPEG		HLA-B*44:02	B44				0	TESLA_mmc4						False	no_inhouse_master_overlap	train	False	L9_IE_EG	0.0	0.0	0.6931471805599453	0.6931471805599453	38.0	0.45	include_low_prevalence_false_positive_control
CNV0_01746	KTDTGVHATL		HLA-C*05:01	C05				1	TESLA_mmc4						False	no_inhouse_master_overlap	train	False	L10_KT_TL	0.0	0.0	0.6931471805599453	0.0	46.0	0.9	include_low_prevalence_false_positive_control
CNV0_01747	KLADFGLACA		HLA-A*02:01	A02				0	TESLA_mmc4						False	no_inhouse_master_overlap	train	False	L10_KL_CA	0.0732600732600732	0.0	0.6931471805599453	1.9459101490553128	40.0	0.45	include_low_prevalence_false_positive_control
CNV0_01748	LSGSDNVLY		HLA-A*01:01	A01				0	TESLA_mmc4						False	no_inhouse_master_overlap	train	False	L9_LS_LY	0.0256410256410256	0.0	0.6931471805599453	0.0	38.0	0.45	include_low_prevalence_false_positive_control
CNV0_01749	FQLRTADWHL		HLA-A*02:01	A02				0	TESLA_mmc4						False	no_inhouse_master_overlap	train	False	L10_FQ_HL	0.0238095238095238	0.0	0.6931471805599453	0.0	50.0	0.45	include_low_prevalence_false_positive_control
CNV0_01750	ILYHGNLVV		HLA-A*02:01	A02				0	TESLA_mmc4						False	no_inhouse_master_overlap	train	False	L9_IL_VV	0.0256410256410256	0.0	0.6931471805599453	0.0	40.0	0.45	include_low_prevalence_false_positive_control
CNV0_01751	FLWGSRAHA		HLA-A*02:01	A02				0	TESLA_mmc4						False	no_inhouse_master_overlap	train	False	L9_FL_HA	0.0256410256410256	0.0	1.3862943611198906	1.9459101490553128	49.0	0.45	include_low_prevalence_false_positive_control
CNV0_01752	FLWGSRAHAEI		HLA-A*02:01	A02				0	TESLA_mmc4						False	no_inhouse_master_overlap	train	False	L11_FL_EI	0.0222222222222222	0.0	1.0986122886681096	1.0986122886681096	56.0	0.45	include_low_prevalence_false_positive_control
CNV0_01753	FLYELEEKMEV		HLA-A*02:01	A02				0	TESLA_mmc4						False	no_inhouse_master_overlap	train	False	L11_FL_EV	0.0732600732600732	0.0	0.6931471805599453	0.0	50.0	0.45	include_low_prevalence_false_positive_control
CNV0_01754	FLVESQLHL		HLA-A*02:01	A02				0	TESLA_mmc4						False	no_inhouse_master_overlap	train	False	L9_FL_HL	0.0555555555555555	0.0	0.6931471805599453	1.3862943611198906	36.0	0.45	include_low_prevalence_false_positive_control
CNV0_01755	GEQPFISGTF		HLA-B*44:02	B44				0	TESLA_mmc4						False	no_inhouse_master_overlap	train	False	L10_GE_TF	0.0	0.0	0.6931471805599453	0.0	46.0	0.45	include_low_prevalence_false_positive_control
CNV0_01756	FLCNARVKV		HLA-A*02:01	A02				0	TESLA_mmc4						False	no_inhouse_master_overlap	train	False	L9_FL_KV	0.0256410256410256	0.0	0.6931471805599453	0.0	41.0	0.45	include_low_prevalence_false_positive_control
CNV0_01757	LSDGPSMGRY		HLA-A*01:01	A01				1	TESLA_mmc4						False	no_inhouse_master_overlap	train	False	L10_LS_RY	0.0238095238095238	0.0	0.6931471805599453	0.6931471805599453	48.0	0.9	include_low_prevalence_false_positive_control
CNV0_01758	FLNCDIMLGV		HLA-A*02:01	A02				1	TESLA_mmc4						False	no_inhouse_master_overlap	train	False	L10_FL_GV	0.0238095238095238	0.0	0.6931471805599453	0.0	43.0	0.9	include_low_prevalence_false_positive_control
CNV0_01759	FLNDASACV		HLA-A*02:01	A02				0	TESLA_mmc4						False	no_inhouse_master_overlap	train	False	L9_FL_CV	0.0858585858585858	0.0	0.6931471805599453	0.0	43.0	0.45	include_low_prevalence_false_positive_control
CNV0_01760	ALDKNLHQL		HLA-A*02:01	A02				0	TESLA_mmc4						False	no_inhouse_master_overlap	train	False	L9_AL_QL	0.0858585858585858	0.0	0.6931471805599453	0.6931471805599453	42.0	0.45	include_low_prevalence_false_positive_control
CNV0_01761	IIVRNATFTW		HLA-B*57:01	B57				0	TESLA_mmc4						False	no_inhouse_master_overlap	train	False	L10_II_TW	0.0	0.0	0.6931471805599453	0.0	49.0	0.45	include_low_prevalence_false_positive_control
CNV0_01762	ALGVYGGPYV		HLA-A*02:01	A02				0	TESLA_mmc4						False	no_inhouse_master_overlap	train	False	L10_AL_YV	0.0238095238095238	0.0	0.6931471805599453	0.0	48.0	0.45	include_low_prevalence_false_positive_control
CNV0_01763	MESARKAWENF		HLA-B*44:02	B44				0	TESLA_mmc4						False	no_inhouse_master_overlap	train	False	L11_ME_NF	0.0	0.0	0.6931471805599453	0.0	52.0	0.45	include_low_prevalence_false_positive_control
CNV0_01764	HEACNCGNTV		HLA-B*44:02	B44				0	TESLA_mmc4						False	no_inhouse_master_overlap	train	False	L10_HE_TV	0.0	0.0	0.6931471805599453	0.0	51.0	0.45	include_low_prevalence_false_positive_control
CNV0_01765	KLADFGLAC		HLA-A*02:01	A02				0	TESLA_mmc4						False	no_inhouse_master_overlap	train	False	L9_KL_AC	0.079059829059829	0.0	1.3862943611198906	2.995732273553991	42.0	0.45	include_low_prevalence_false_positive_control
CNV0_01766	YLNEAVFNF		HLA-A*02:01	A02				0	TESLA_mmc4						False	no_inhouse_master_overlap	train	False	L9_YL_NF	0.0858585858585858	0.0	0.6931471805599453	0.0	41.0	0.45	include_low_prevalence_false_positive_control
CNV0_01767	AELLAKQLY		HLA-B*44:02	B44				0	TESLA_mmc4						False	no_inhouse_master_overlap	train	False	L9_AE_LY	0.0	0.0	0.6931471805599453	1.3862943611198906	39.0	0.45	include_low_prevalence_false_positive_control
CNV0_01768	EDNKHAPSSW		HLA-B*44:02	B44				0	TESLA_mmc4						False	no_inhouse_master_overlap	train	False	L10_ED_SW	0.0	0.0	0.0	0.0	60.0	0.45	include_low_prevalence_false_positive_control
CNV0_01769	LRTADWHLY		HLA-B*27:05	B27				0	TESLA_mmc4						False	no_inhouse_master_overlap	train	False	L9_LR_LY	0.0	0.0	0.6931471805599453	0.0	46.0	0.45	include_low_prevalence_false_positive_control
CNV0_01770	EEVKEVFQAL		HLA-B*44:02	B44				0	TESLA_mmc4						False	no_inhouse_master_overlap	train	False	L10_EE_AL	0.0	0.0	0.6931471805599453	0.6931471805599453	41.0	0.45	include_low_prevalence_false_positive_control
CNV0_01771	KIYTGEKPYK		HLA-A*03:01	A03				1	TESLA_mmc4						False	no_inhouse_master_overlap	train	False	L10_KI_YK	0.0	1.0	1.9459101490553128	4.127134385045092	56.0	0.9	include_low_prevalence_false_positive_control
CNV0_01772	KLHVASLSFR		HLA-A*03:01	A03				0	TESLA_mmc4						False	no_inhouse_master_overlap	train	False	L10_KL_FR	0.0	0.0	0.6931471805599453	0.0	41.0	0.45	include_low_prevalence_false_positive_control
CNV0_01773	KTDTGVHATLK		HLA-A*11:01	A11				0	TESLA_mmc4						False	no_inhouse_master_overlap	train	False	L11_KT_LK	0.0	0.0	0.6931471805599453	0.0	51.0	0.45	include_low_prevalence_false_positive_control
CNV0_01774	EESSNNLTKF		HLA-B*44:02	B44				0	TESLA_mmc4						False	no_inhouse_master_overlap	train	False	L10_EE_KF	0.0	0.0	0.6931471805599453	0.0	46.0	0.45	include_low_prevalence_false_positive_control
CNV0_01775	FHLAELCIEV		HLA-A*02:01	A02				0	TESLA_mmc4						False	no_inhouse_master_overlap	train	False	L10_FH_EV	0.0238095238095238	0.0	0.6931471805599453	0.0	47.0	0.45	include_low_prevalence_false_positive_control
CNV0_01776	KSFKEIKLW		HLA-B*57:01	B57				1	TESLA_mmc4						False	no_inhouse_master_overlap	train	False	L9_KS_LW	0.0	0.0	0.6931471805599453	0.0	45.0	0.9	include_low_prevalence_false_positive_control
CNV0_01777	VEHINISQDW		HLA-B*44:02	B44				1	TESLA_mmc4						False	no_inhouse_master_overlap	train	False	L10_VE_DW	0.0	0.0	0.6931471805599453	0.0	49.0	0.9	include_low_prevalence_false_positive_control
CNV0_01778	QEAWTAAAMY		HLA-B*44:02	B44				0	TESLA_mmc4						False	no_inhouse_master_overlap	train	False	L10_QE_MY	0.0	0.0	0.6931471805599453	0.0	48.0	0.45	include_low_prevalence_false_positive_control
CNV0_01779	ALFELRNISV		HLA-A*02:01	A02				0	TESLA_mmc4						False	no_inhouse_master_overlap	train	False	L10_AL_SV	0.0238095238095238	0.0	0.6931471805599453	0.0	41.0	0.45	include_low_prevalence_false_positive_control
CNV0_01780	ILYTLRMIMAK		HLA-A*03:01	A03				0	TESLA_mmc4						False	no_inhouse_master_overlap	train	False	L11_IL_AK	0.0208333333333333	0.0	0.6931471805599453	0.0	48.0	0.45	include_low_prevalence_false_positive_control
CNV0_01781	FTADQKVVY		HLA-A*01:01	A01				0	TESLA_mmc4						False	no_inhouse_master_overlap	train	False	L9_FT_VY	0.0	0.0	0.6931471805599453	0.6931471805599453	42.0	0.45	include_low_prevalence_false_positive_control
CNV0_01782	IVRNATFTW		HLA-B*57:01	B57				0	TESLA_mmc4						False	no_inhouse_master_overlap	train	False	L9_IV_TW	0.0	0.0	0.6931471805599453	0.0	45.0	0.45	include_low_prevalence_false_positive_control
CNV0_01783	GEIFAQRVSW		HLA-B*44:02	B44				0	TESLA_mmc4						False	no_inhouse_master_overlap	train	False	L10_GE_SW	0.0	0.0	0.6931471805599453	0.0	49.0	0.45	include_low_prevalence_false_positive_control
CNV0_01784	FLDKFMEAV		HLA-A*02:01	A02				0	TESLA_mmc4						False	no_inhouse_master_overlap	train	False	L9_FL_AV	0.237037037037037	0.0	0.6931471805599453	0.0	41.0	0.45	include_low_prevalence_false_positive_control
CNV0_01785	FLDPDLTNI		HLA-A*02:01	A02				1	TESLA_mmc4						False	no_inhouse_master_overlap	train	False	L9_FL_NI	0.0858585858585858	0.0	0.6931471805599453	0.0	40.0	0.9	include_low_prevalence_false_positive_control
CNV0_01786	FLFQEECWHL		HLA-A*02:01	A02				0	TESLA_mmc4						False	no_inhouse_master_overlap	train	False	L10_FL_HL	0.0238095238095238	0.0	0.0	0.0	63.0	0.45	include_low_prevalence_false_positive_control
CNV0_01787	FLGSLLILV		HLA-A*02:01	A02				1	TESLA_mmc4						False	no_inhouse_master_overlap	train	False	L9_FL_LV	0.0858585858585858	0.0	0.6931471805599453	2.3978952727983707	33.0	0.9	include_low_prevalence_false_positive_control
CNV0_01788	GMLNTSVPNY		HLA-A*03:01	A03				0	TESLA_mmc4						False	no_inhouse_master_overlap	train	False	L10_GM_NY	0.0	0.0	0.6931471805599453	0.0	44.0	0.45	include_low_prevalence_false_positive_control
CNV0_01789	RENGKQQW		HLA-B*44:02	B44				0	TESLA_mmc4						False	no_inhouse_master_overlap	train	False	L8_RE_QW	0.0	0.0	0.6931471805599453	1.0986122886681096	34.0	0.45	include_low_prevalence_false_positive_control
CNV0_01790	REMLKRQERF		HLA-B*44:02	B44				0	TESLA_mmc4						False	no_inhouse_master_overlap	train	False	L10_RE_RF	0.0	0.0	0.6931471805599453	0.0	44.0	0.45	include_low_prevalence_false_positive_control
CNV0_01791	LVYQFKDMLK		HLA-A*03:01	A03				0	TESLA_mmc4						False	no_inhouse_master_overlap	train	False	L10_LV_LK	0.0	0.0	0.6931471805599453	0.6931471805599453	44.0	0.45	include_low_prevalence_false_positive_control
CNV0_01792	AEATRHFSGPVW		HLA-B*44:02	B44				0	TESLA_mmc4						False	no_inhouse_master_overlap	train	False	L12_AE_VW	0.0	0.0	0.0	0.0	69.0	0.45	include_low_prevalence_false_positive_control
CNV0_01793	RTDKVRALW		HLA-B*57:01	B57				0	TESLA_mmc4						False	no_inhouse_master_overlap	train	False	L9_RT_LW	0.0	0.0	0.6931471805599453	0.0	35.0	0.45	include_low_prevalence_false_positive_control
CNV0_01794	LRMNQSQFI		HLA-C*06:02	C06				0	TESLA_mmc4						False	no_inhouse_master_overlap	train	False	L9_LR_FI	0.0	0.0	0.6931471805599453	0.0	37.0	0.45	include_low_prevalence_false_positive_control
CNV0_01795	MFYAVRWGRK		HLA-A*03:01	A03				0	TESLA_mmc4						False	no_inhouse_master_overlap	train	False	L10_MF_RK	0.0238095238095238	0.0	0.6931471805599453	0.0	44.0	0.45	include_low_prevalence_false_positive_control
CNV0_01796	MLNTSVPNY		HLA-A*03:01	A03				0	TESLA_mmc4						False	no_inhouse_master_overlap	train	False	L9_ML_NY	0.0	0.0	0.6931471805599453	0.0	38.0	0.45	include_low_prevalence_false_positive_control
CNV0_01797	RIALWPLAY		HLA-A*03:01	A03				0	TESLA_mmc4						False	no_inhouse_master_overlap	train	False	L9_RI_AY	0.0256410256410256	0.0	0.6931471805599453	0.0	42.0	0.45	include_low_prevalence_false_positive_control
CNV0_01798	YMPGVGDFA		HLA-A*02:01	A02				0	TESLA_mmc4						False	no_inhouse_master_overlap	train	False	L9_YM_FA	0.0256410256410256	0.0	0.6931471805599453	0.0	46.0	0.45	include_low_prevalence_false_positive_control
CNV0_01799	FMENIMEM		HLA-A*02:01	A02				0	TESLA_mmc4						False	no_inhouse_master_overlap	train	False	L8_FM_EM	0.0277777777777777	0.0	0.6931471805599453	1.791759469228055	33.0	0.45	include_low_prevalence_false_positive_control
CNV0_01800	GLSEKCSLV		HLA-A*02:01	A02				0	TESLA_mmc4						False	no_inhouse_master_overlap	train	False	L9_GL_LV	0.0256410256410256	0.0	0.6931471805599453	0.6931471805599453	38.0	0.45	include_low_prevalence_false_positive_control
CNV0_01801	WVDPEDLYKGY		HLA-A*01:01	A01				0	TESLA_mmc4						False	no_inhouse_master_overlap	train	False	L11_WV_GY	0.0222222222222222	0.0	0.6931471805599453	0.0	61.0	0.45	include_low_prevalence_false_positive_control
CNV0_01802	FLREYLYVYKI		HLA-A*02:01	A02				0	TESLA_mmc4						False	no_inhouse_master_overlap	train	False	L11_FL_KI	0.0222222222222222	0.0	0.6931471805599453	0.0	51.0	0.45	include_low_prevalence_false_positive_control
CNV0_01803	FLSELEASV		HLA-A*02:01	A02				0	TESLA_mmc4						False	no_inhouse_master_overlap	train	False	L9_FL_SV	0.0858585858585858	0.0	0.6931471805599453	1.3862943611198906	32.0	0.45	include_low_prevalence_false_positive_control
CNV0_01804	GMLTNIWTV		HLA-A*02:01	A02				0	TESLA_mmc4						False	no_inhouse_master_overlap	train	False	L9_GM_TV	0.0858585858585858	0.0	0.6931471805599453	0.0	42.0	0.45	include_low_prevalence_false_positive_control
CNV0_01805	FYLGSAYHAA		HLA-A*02:01	A02				0	TESLA_mmc4						False	no_inhouse_master_overlap	train	False	L10_FY_AA	0.0238095238095238	0.0	0.6931471805599453	0.6931471805599453	48.0	0.45	include_low_prevalence_false_positive_control
CNV0_01806	GLFEDTNLFA		HLA-A*02:01	A02				0	TESLA_mmc4						False	no_inhouse_master_overlap	train	False	L10_GL_FA	0.0238095238095238	0.0	0.6931471805599453	1.3862943611198906	44.0	0.45	include_low_prevalence_false_positive_control
CNV0_01807	GLFRVTPEIPV		HLA-A*02:01	A02				0	TESLA_mmc4						False	no_inhouse_master_overlap	train	False	L11_GL_PV	0.0222222222222222	0.0	0.6931471805599453	0.0	53.0	0.45	include_low_prevalence_false_positive_control
CNV0_01808	ALPPTVYEV		HLA-A*02:01	A02				1	TESLA_mmc4						False	no_inhouse_master_overlap	train	False	L9_AL_EV	0.0858585858585858	0.0	0.6931471805599453	0.0	43.0	0.9	include_low_prevalence_false_positive_control
CNV0_01809	ALVNQQFLCV		HLA-A*02:01	A02				0	TESLA_mmc4						False	no_inhouse_master_overlap	train	False	L10_AL_CV	0.0256410256410256	0.0	1.0986122886681096	0.0	48.0	0.45	include_low_prevalence_false_positive_control
CNV0_01810	ALWEAFYRQNL		HLA-A*02:01	A02				0	TESLA_mmc4						False	no_inhouse_master_overlap	train	False	L11_AL_NL	0.0732600732600732	0.0	0.6931471805599453	0.0	47.0	0.45	include_low_prevalence_false_positive_control
CNV0_01811	ATRYNYTSEK		HLA-A*03:01	A03				1	TESLA_mmc4						False	no_inhouse_master_overlap	train	False	L10_AT_EK	0.0	0.0	0.6931471805599453	0.0	49.0	0.9	include_low_prevalence_false_positive_control
CNV0_01812	GLKDLLNPI		HLA-A*02:01	A02				0	TESLA_mmc4						False	no_inhouse_master_overlap	train	False	L9_GL_PI	0.0256410256410256	0.0	0.6931471805599453	1.0986122886681096	42.0	0.45	include_low_prevalence_false_positive_control
CNV0_01813	FLSEFAGTQL		HLA-A*02:01	A02				0	TESLA_mmc4						False	no_inhouse_master_overlap	train	False	L10_FL_QL	0.0256410256410256	0.0	0.6931471805599453	0.0	44.0	0.45	include_low_prevalence_false_positive_control
CNV0_01814	VSCRSVWEY		HLA-A*01:01	A01				0	TESLA_mmc4						False	no_inhouse_master_overlap	train	False	L9_VS_EY	0.0	0.0	0.6931471805599453	0.0	48.0	0.45	include_low_prevalence_false_positive_control
CNV0_01815	VSEGGCFCY		HLA-A*01:01	A01				0	TESLA_mmc4						False	no_inhouse_master_overlap	train	False	L9_VS_CY	0.0	0.0	0.6931471805599453	0.0	48.0	0.45	include_low_prevalence_false_positive_control
CNV0_01816	WSDIMFEHFY		HLA-A*01:01	A01				0	TESLA_mmc4						False	no_inhouse_master_overlap	train	False	L10_WS_FY	0.0	0.0	0.6931471805599453	1.0986122886681096	58.0	0.45	include_low_prevalence_false_positive_control
CNV0_01817	WSFPYEFLY		HLA-A*01:01	A01				0	TESLA_mmc4						False	no_inhouse_master_overlap	train	False	L9_WS_LY	0.0256410256410256	0.0	0.6931471805599453	0.6931471805599453	51.0	0.45	include_low_prevalence_false_positive_control
CNV0_01818	KEIIPQCIA		HLA-B*44:02	B44				0	TESLA_mmc4						False	no_inhouse_master_overlap	train	False	L9_KE_IA	0.0	0.0	0.6931471805599453	0.0	43.0	0.45	include_low_prevalence_false_positive_control
CNV0_01819	AEVSVLYTV		HLA-B*44:02	B44				0	TESLA_mmc4						False	no_inhouse_master_overlap	train	False	L9_AE_TV	0.0256410256410256	0.0	0.6931471805599453	1.0986122886681096	34.0	0.45	include_low_prevalence_false_positive_control
CNV0_01820	IENRYAVQDF		HLA-B*44:02	B44				0	TESLA_mmc4						False	no_inhouse_master_overlap	train	False	L10_IE_DF	0.0	0.0	0.6931471805599453	0.0	42.0	0.45	include_low_prevalence_false_positive_control
CNV0_01821	PEARNAILTQW		HLA-B*44:02	B44				0	TESLA_mmc4						False	no_inhouse_master_overlap	train	False	L11_PE_QW	0.0	0.0	0.6931471805599453	0.6931471805599453	53.0	0.45	include_low_prevalence_false_positive_control
CNV0_01822	KINRALTAAK		HLA-A*03:01	A03				0	TESLA_mmc4						False	no_inhouse_master_overlap	train	False	L10_KI_AK	0.0	0.0	0.6931471805599453	0.0	41.0	0.45	include_low_prevalence_false_positive_control
CNV0_01823	YQANVVWKV		HLA-A*02:01	A02				1	TESLA_mmc4						False	no_inhouse_master_overlap	train	False	L9_YQ_KV	0.0256410256410256	0.0	0.0	0.6931471805599453	28.0	0.9	include_low_prevalence_false_positive_control
CNV0_01824	YQSPDLSKV		HLA-A*02:01	A02				0	TESLA_mmc4						False	no_inhouse_master_overlap	train	False	L9_YQ_KV	0.0256410256410256	0.0	0.6931471805599453	1.0986122886681096	39.0	0.45	include_low_prevalence_false_positive_control
CNV0_01825	YVQCFLAFT		HLA-A*02:01	A02				0	TESLA_mmc4						False	no_inhouse_master_overlap	train	False	L9_YV_FT	0.0858585858585858	0.0	0.6931471805599453	0.0	43.0	0.45	include_low_prevalence_false_positive_control
CNV0_01826	YVYKIVSQL		HLA-A*02:01	A02				0	TESLA_mmc4						False	no_inhouse_master_overlap	train	False	L9_YV_QL	0.0256410256410256	0.0	0.6931471805599453	0.0	37.0	0.45	include_low_prevalence_false_positive_control
CNV0_01827	KLLSFHSVFT		HLA-A*02:01	A02				0	TESLA_mmc4						False	no_inhouse_master_overlap	train	False	L10_KL_FT	0.0256410256410256	0.0	0.6931471805599453	0.0	47.0	0.45	include_low_prevalence_false_positive_control
CNV0_01828	AVLGSFSYV		HLA-A*02:01	A02				0	TESLA_mmc4						False	no_inhouse_master_overlap	train	False	L9_AV_YV	0.0858585858585858	0.0	0.6931471805599453	0.0	38.0	0.45	include_low_prevalence_false_positive_control
CNV0_01829	KLPYSYNLCV		HLA-A*02:01	A02				0	TESLA_mmc4						False	no_inhouse_master_overlap	train	False	L10_KL_CV	0.0238095238095238	0.0	0.6931471805599453	0.6931471805599453	51.0	0.45	include_low_prevalence_false_positive_control
CNV0_01830	FVLASLCLYVV		HLA-A*02:01	A02				0	TESLA_mmc4						False	no_inhouse_master_overlap	train	False	L11_FV_VV	0.0732600732600732	0.0	0.6931471805599453	0.0	49.0	0.45	include_low_prevalence_false_positive_control
CNV0_01831	KLVVVGAAGV		HLA-A*02:01	A02				0	TESLA_mmc4						False	no_inhouse_master_overlap	train	False	L10_KL_GV	0.0256410256410256	0.0	0.6931471805599453	1.3862943611198906	41.0	0.45	include_low_prevalence_false_positive_control
CNV0_01832	KLYESFYGP		HLA-A*02:01	A02				0	TESLA_mmc4						False	no_inhouse_master_overlap	train	False	L9_KL_GP	0.0256410256410256	0.0	0.6931471805599453	0.0	41.0	0.45	include_low_prevalence_false_positive_control
CNV0_01833	FMKDGLTGA		HLA-A*02:01	A02				0	TESLA_mmc4						False	no_inhouse_master_overlap	train	False	L9_FM_GA	0.0256410256410256	0.0	0.6931471805599453	0.0	41.0	0.45	include_low_prevalence_false_positive_control
CNV0_01834	FNVLFDRLSKL		HLA-A*02:01	A02				0	TESLA_mmc4						False	no_inhouse_master_overlap	train	False	L11_FN_KL	0.0732600732600732	0.0	0.6931471805599453	0.0	47.0	0.45	include_low_prevalence_false_positive_control
CNV0_01835	HLMNIAIIA		HLA-A*02:01	A02				0	TESLA_mmc4						False	no_inhouse_master_overlap	train	False	L9_HL_IA	0.0858585858585858	0.0	0.6931471805599453	0.6931471805599453	38.0	0.45	include_low_prevalence_false_positive_control
CNV0_01836	ILPGVFSKL		HLA-A*02:01	A02				0	TESLA_mmc4						False	no_inhouse_master_overlap	train	False	L9_IL_KL	0.1946127946127946	0.0	0.6931471805599453	1.0986122886681096	37.0	0.45	include_low_prevalence_false_positive_control
CNV0_01837	TADWHLYLF		HLA-C*05:01	C05				0	TESLA_mmc4						False	no_inhouse_master_overlap	train	False	L9_TA_LF	0.0	0.0	0.6931471805599453	0.6931471805599453	47.0	0.45	include_low_prevalence_false_positive_control
CNV0_01838	EEFLDPSRPY		HLA-B*44:02	B44				0	TESLA_mmc4						False	no_inhouse_master_overlap	train	False	L10_EE_PY	0.0	0.0	0.6931471805599453	0.0	52.0	0.45	include_low_prevalence_false_positive_control
CNV0_01839	YTDKSEHATY		HLA-A*01:01	A01				0	TESLA_mmc4						False	no_inhouse_master_overlap	train	False	L10_YT_TY	0.0238095238095238	0.0	0.6931471805599453	0.0	52.0	0.45	include_low_prevalence_false_positive_control
CNV0_01840	AVPGGGMPI		HLA-A*02:01	A02				0	TESLA_mmc4						False	no_inhouse_master_overlap	train	False	L9_AV_PI	0.0256410256410256	0.0	0.6931471805599453	0.0	42.0	0.45	include_low_prevalence_false_positive_control
CNV0_01841	KEEVKEVFQA		HLA-B*44:02	B44				0	TESLA_mmc4						False	no_inhouse_master_overlap	train	False	L10_KE_QA	0.0	0.0	0.6931471805599453	0.6931471805599453	42.0	0.45	include_low_prevalence_false_positive_control
CNV0_01842	KTLGIKLSF		HLA-B*57:01	B57				0	TESLA_mmc4						False	no_inhouse_master_overlap	train	False	L9_KT_SF	0.0	0.0	0.6931471805599453	1.3862943611198906	38.0	0.45	include_low_prevalence_false_positive_control
CNV0_01843	MEEFLDPSRPY		HLA-B*44:02	B44				0	TESLA_mmc4						False	no_inhouse_master_overlap	train	False	L11_ME_PY	0.0	0.0	0.6931471805599453	0.0	57.0	0.45	include_low_prevalence_false_positive_control
CNV0_01844	LETLQSVRQCF		HLA-B*44:02	B44				0	TESLA_mmc4						False	no_inhouse_master_overlap	train	False	L11_LE_CF	0.0	0.0	0.6931471805599453	0.0	50.0	0.45	include_low_prevalence_false_positive_control
CNV0_01845	KIFLCNARV		HLA-A*02:01	A02				0	TESLA_mmc4						False	no_inhouse_master_overlap	train	False	L9_KI_RV	0.0256410256410256	0.0	0.6931471805599453	0.0	41.0	0.45	include_low_prevalence_false_positive_control
CNV0_01846	KMGKTIYKYV		HLA-A*02:01	A02				0	TESLA_mmc4						False	no_inhouse_master_overlap	train	False	L10_KM_YV	0.0256410256410256	0.0	0.6931471805599453	0.0	48.0	0.45	include_low_prevalence_false_positive_control
CNV0_01847	KMLDGLESL		HLA-A*02:01	A02				0	TESLA_mmc4						False	no_inhouse_master_overlap	train	False	L9_KM_SL	0.0256410256410256	0.0	0.6931471805599453	1.0986122886681096	39.0	0.45	include_low_prevalence_false_positive_control
CNV0_01848	GMLPSNYVEAI		HLA-A*02:01	A02				0	TESLA_mmc4						False	no_inhouse_master_overlap	train	False	L11_GM_AI	0.0222222222222222	0.0	0.6931471805599453	0.0	53.0	0.45	include_low_prevalence_false_positive_control
CNV0_01849	FLDEGFSGL		HLA-A*02:01	A02				0	TESLA_mmc4						False	no_inhouse_master_overlap	train	False	L9_FL_GL	0.0858585858585858	0.0	0.6931471805599453	1.0986122886681096	40.0	0.45	include_low_prevalence_false_positive_control
CNV0_01850	FLGSLLILVV		HLA-A*02:01	A02				0	TESLA_mmc4						False	no_inhouse_master_overlap	train	False	L10_FL_VV	0.079059829059829	0.0	0.6931471805599453	1.0986122886681096	37.0	0.45	include_low_prevalence_false_positive_control
CNV0_01851	IFLSELEASV		HLA-A*02:01	A02				0	TESLA_mmc4						False	no_inhouse_master_overlap	train	False	L10_IF_SV	0.079059829059829	0.0	0.6931471805599453	0.6931471805599453	36.0	0.45	include_low_prevalence_false_positive_control
CNV0_01852	ILPFFYLGSA		HLA-A*02:01	A02				0	TESLA_mmc4						False	no_inhouse_master_overlap	train	False	L10_IL_SA	0.1772727272727272	0.0	0.6931471805599453	1.0986122886681096	46.0	0.45	include_low_prevalence_false_positive_control
CNV0_01853	ALWPLAYGV		HLA-A*02:01	A02				0	TESLA_mmc4						False	no_inhouse_master_overlap	train	False	L9_AL_GV	0.0256410256410256	0.0	0.6931471805599453	0.6931471805599453	43.0	0.45	include_low_prevalence_false_positive_control
CNV0_01854	FVLEHEDGL		HLA-A*02:01	A02				0	TESLA_mmc4						False	no_inhouse_master_overlap	train	False	L9_FV_GL	0.0256410256410256	0.0	0.6931471805599453	0.6931471805599453	45.0	0.45	include_low_prevalence_false_positive_control
CNV0_01855	GEEVLLHAF		HLA-B*44:02	B44				0	TESLA_mmc4						False	no_inhouse_master_overlap	train	False	L9_GE_AF	0.0222222222222222	0.0	0.6931471805599453	1.6094379124341005	43.0	0.45	include_low_prevalence_false_positive_control
CNV0_01856	EEYYLFSGF		HLA-B*44:02	B44				0	TESLA_mmc4						False	no_inhouse_master_overlap	train	False	L9_EE_GF	0.0	0.0	0.6931471805599453	0.0	40.0	0.45	include_low_prevalence_false_positive_control
CNV0_01857	MENIEVYNEF		HLA-B*44:02	B44				0	TESLA_mmc4						False	no_inhouse_master_overlap	train	False	L10_ME_EF	0.0	0.0	0.6931471805599453	0.0	48.0	0.45	include_low_prevalence_false_positive_control
CNV0_01858	GTDPLFMFA		HLA-A*01:01	A01				0	TESLA_mmc4						False	no_inhouse_master_overlap	train	False	L9_GT_FA	0.0256410256410256	0.0	0.6931471805599453	0.0	41.0	0.45	include_low_prevalence_false_positive_control
CNV0_01859	FLTKLVHLV		HLA-A*02:01	A02				0	TESLA_mmc4						False	no_inhouse_master_overlap	train	False	L9_FL_LV	0.0858585858585858	0.0	0.6931471805599453	1.3862943611198906	37.0	0.45	include_low_prevalence_false_positive_control
CNV0_01860	RHSPAPFSKF		HLA-A*24:02	A24				0	TESLA_mmc4						False	no_inhouse_master_overlap	train	False	L10_RH_KF	0.0238095238095238	0.0	0.6931471805599453	0.0	48.0	0.45	include_low_prevalence_false_positive_control
CNV0_01861	RLMDSAQVA		HLA-A*02:01	A02				0	TESLA_mmc4						False	no_inhouse_master_overlap	train	False	L9_RL_VA	0.0256410256410256	0.0	0.6931471805599453	1.0986122886681096	37.0	0.45	include_low_prevalence_false_positive_control
CNV0_01862	MLVSTMPVV		HLA-A*02:01	A02				0	TESLA_mmc4						False	no_inhouse_master_overlap	train	False	L9_ML_VV	0.0858585858585858	0.0	0.6931471805599453	1.791759469228055	35.0	0.45	include_low_prevalence_false_positive_control
CNV0_01863	LLHSGVIGA		HLA-A*02:01	A02				0	TESLA_mmc4						False	no_inhouse_master_overlap	train	False	L9_LL_GA	0.0256410256410256	0.0	0.6931471805599453	1.0986122886681096	41.0	0.45	include_low_prevalence_false_positive_control
CNV0_01864	LLLPGNNWKV		HLA-A*02:01	A02				0	TESLA_mmc4						False	no_inhouse_master_overlap	train	False	L10_LL_KV	0.0833333333333333	0.0	0.6931471805599453	0.0	43.0	0.45	include_low_prevalence_false_positive_control
CNV0_01865	RGRMQTASL		HLA-B*07:02	B07				1	TESLA_mmc4						False	no_inhouse_master_overlap	train	False	L9_RG_SL	0.0256410256410256	0.0	0.6931471805599453	1.0986122886681096	37.0	0.9	include_low_prevalence_false_positive_control
CNV0_01866	RLKQEKAFSL		HLA-B*08:01	B08				0	TESLA_mmc4						False	no_inhouse_master_overlap	train	False	L10_RL_SL	0.0	0.0	0.6931471805599453	0.6931471805599453	40.0	0.45	include_low_prevalence_false_positive_control
CNV0_01867	SIRDHPQAL		HLA-B*08:01	B08				0	TESLA_mmc4						False	no_inhouse_master_overlap	train	False	L9_SI_AL	0.0	0.0	0.6931471805599453	0.0	44.0	0.45	include_low_prevalence_false_positive_control
CNV0_01868	NSVRKRMSV		HLA-B*08:01	B08				0	TESLA_mmc4						False	no_inhouse_master_overlap	train	False	L9_NS_SV	0.0	0.0	1.0986122886681096	2.079441541679836	38.0	0.45	include_low_prevalence_false_positive_control
CNV0_01869	PWQASLFHL		HLA-A*24:02	A24				0	TESLA_mmc4						False	no_inhouse_master_overlap	train	False	L9_PW_HL	0.0256410256410256	0.0	0.6931471805599453	0.6931471805599453	49.0	0.45	include_low_prevalence_false_positive_control
CNV0_01870	NPRMKPQM		HLA-B*08:01	B08				0	TESLA_mmc4						False	no_inhouse_master_overlap	train	False	L8_NP_QM	0.0	0.0	1.0986122886681096	0.0	42.0	0.45	include_low_prevalence_false_positive_control
CNV0_01871	RPRRVEIVAL		HLA-B*07:02	B07				0	TESLA_mmc4						False	no_inhouse_master_overlap	train	False	L10_RP_AL	0.0238095238095238	0.0	0.6931471805599453	0.0	43.0	0.45	include_low_prevalence_false_positive_control
CNV0_01872	QLKEHWNHL		HLA-B*08:01	B08				0	TESLA_mmc4						False	no_inhouse_master_overlap	train	False	L9_QL_HL	0.0277777777777777	0.0	0.6931471805599453	0.0	51.0	0.45	include_low_prevalence_false_positive_control
CNV0_01873	NLFKRLMIV		HLA-B*08:01	B08				0	TESLA_mmc4						False	no_inhouse_master_overlap	train	False	L9_NL_IV	0.0	0.0	0.6931471805599453	0.0	37.0	0.45	include_low_prevalence_false_positive_control
CNV0_01874	FMAIRNSL		HLA-B*08:01	B08				0	TESLA_mmc4						False	no_inhouse_master_overlap	train	False	L8_FM_SL	0.0	0.0	1.0986122886681096	1.9459101490553128	36.0	0.45	include_low_prevalence_false_positive_control
CNV0_01875	SSQYCRPISTK		HLA-A*11:01	A11				0	TESLA_mmc4						False	no_inhouse_master_overlap	train	False	L11_SS_TK	0.0	0.0	0.6931471805599453	0.0	55.0	0.45	include_low_prevalence_false_positive_control
CNV0_01876	ADVLSPVLVK		HLA-A*03:01	A03				0	TESLA_mmc4						False	no_inhouse_master_overlap	train	False	L10_AD_VK	0.0238095238095238	0.0	0.6931471805599453	0.0	41.0	0.45	include_low_prevalence_false_positive_control
CNV0_01877	LLFGPSCAL		HLA-A*02:01	A02				0	TESLA_mmc4						False	no_inhouse_master_overlap	train	False	L9_LL_AL	0.2157407407407407	0.0	0.6931471805599453	0.0	38.0	0.45	include_low_prevalence_false_positive_control
CNV0_01878	SLHDLTDGV		HLA-A*02:01	A02				0	TESLA_mmc4						False	no_inhouse_master_overlap	train	False	L9_SL_GV	0.0858585858585858	0.0	0.6931471805599453	0.0	40.0	0.45	include_low_prevalence_false_positive_control
CNV0_01879	SLHPSAPFL		HLA-A*02:01	A02				0	TESLA_mmc4						False	no_inhouse_master_overlap	train	False	L9_SL_FL	0.0256410256410256	0.0	0.6931471805599453	1.3862943611198906	42.0	0.45	include_low_prevalence_false_positive_control
CNV0_01880	SLLLLPLSVA		HLA-A*02:01	A02				0	TESLA_mmc4						False	no_inhouse_master_overlap	train	False	L10_SL_VA	0.2740740740740741	0.0	0.6931471805599453	1.3862943611198906	40.0	0.45	include_low_prevalence_false_positive_control
CNV0_01881	SLSEARQDV		HLA-A*02:01	A02				0	TESLA_mmc4						False	no_inhouse_master_overlap	train	False	L9_SL_DV	0.0256410256410256	0.0	0.6931471805599453	1.3862943611198906	34.0	0.45	include_low_prevalence_false_positive_control
CNV0_01882	RLMGINSTAA		HLA-A*02:01	A02				0	TESLA_mmc4						False	no_inhouse_master_overlap	train	False	L10_RL_AA	0.079059829059829	0.0	0.6931471805599453	0.0	46.0	0.45	include_low_prevalence_false_positive_control
CNV0_01883	RLSEVMARM		HLA-A*02:01	A02				0	TESLA_mmc4						False	no_inhouse_master_overlap	train	False	L9_RL_RM	0.0256410256410256	0.0	0.6931471805599453	0.6931471805599453	37.0	0.45	include_low_prevalence_false_positive_control
CNV0_01884	RSFSEVFLV		HLA-A*02:01	A02				0	TESLA_mmc4						False	no_inhouse_master_overlap	train	False	L9_RS_LV	0.0858585858585858	0.0	0.6931471805599453	1.0986122886681096	34.0	0.45	include_low_prevalence_false_positive_control
CNV0_01885	RTADWHLYL		HLA-A*02:01	A02				0	TESLA_mmc4						False	no_inhouse_master_overlap	train	False	L9_RT_YL	0.0858585858585858	0.0	0.6931471805599453	0.0	46.0	0.45	include_low_prevalence_false_positive_control
CNV0_01886	VLMMHSATSA		HLA-A*02:01	A02				0	TESLA_mmc4						False	no_inhouse_master_overlap	train	False	L10_VL_SA	0.0238095238095238	0.0	0.0	0.0	47.0	0.45	include_low_prevalence_false_positive_control
CNV0_01887	VLNFYTTFV		HLA-A*02:01	A02				0	TESLA_mmc4						False	no_inhouse_master_overlap	train	False	L9_VL_FV	0.0858585858585858	0.0	1.0986122886681096	0.0	42.0	0.45	include_low_prevalence_false_positive_control
CNV0_01888	VLSALFSIT		HLA-A*02:01	A02				0	TESLA_mmc4						False	no_inhouse_master_overlap	train	False	L9_VL_IT	0.079059829059829	0.0	0.6931471805599453	1.0986122886681096	36.0	0.45	include_low_prevalence_false_positive_control
CNV0_01889	LLSLWVPQV		HLA-A*02:01	A02				0	TESLA_mmc4						False	no_inhouse_master_overlap	train	False	L9_LL_QV	0.1212121212121212	0.0	0.6931471805599453	1.3862943611198906	43.0	0.45	include_low_prevalence_false_positive_control
CNV0_01890	VLVADVLSPV		HLA-A*02:01	A02				0	TESLA_mmc4						False	no_inhouse_master_overlap	train	False	L10_VL_PV	0.079059829059829	0.0	0.6931471805599453	0.0	40.0	0.45	include_low_prevalence_false_positive_control
CNV0_01891	RSMLFARHLR		HLA-A*11:01	A11				0	TESLA_mmc4						False	no_inhouse_master_overlap	train	False	L10_RS_LR	0.0	0.0	0.6931471805599453	0.0	47.0	0.45	include_low_prevalence_false_positive_control
CNV0_01892	MLNTSVPNYM		HLA-A*02:01	A02				0	TESLA_mmc4						False	no_inhouse_master_overlap	train	False	L10_ML_YM	0.0512820512820512	0.0	0.6931471805599453	0.0	43.0	0.45	include_low_prevalence_false_positive_control
CNV0_01893	LMMHSATSATV		HLA-A*02:01	A02				0	TESLA_mmc4						False	no_inhouse_master_overlap	train	False	L11_LM_TV	0.0238095238095238	0.0	0.0	0.0	52.0	0.45	include_low_prevalence_false_positive_control
CNV0_01894	SALANPIGK		HLA-A*11:01	A11				0	TESLA_mmc4						False	no_inhouse_master_overlap	train	False	L9_SA_GK	0.0	0.0	0.6931471805599453	0.0	38.0	0.45	include_low_prevalence_false_positive_control
CNV0_01895	SMLFARHLR		HLA-A*11:01	A11				0	TESLA_mmc4						False	no_inhouse_master_overlap	train	False	L9_SM_LR	0.0	0.0	0.6931471805599453	0.0	42.0	0.45	include_low_prevalence_false_positive_control
CNV0_01896	LQVCWLQSA		HLA-A*02:01	A02				0	TESLA_mmc4						False	no_inhouse_master_overlap	train	False	L9_LQ_SA	0.0256410256410256	0.0	0.6931471805599453	0.0	45.0	0.45	include_low_prevalence_false_positive_control
CNV0_01897	YLLRHANIFTHQL		HLA-A*02:01	A02				0	TESLA_mmc4						False	no_inhouse_master_overlap	train	False	L13_YL_QL	0.0196078431372549	0.0	0.6931471805599453	0.0	45.0	0.45	include_low_prevalence_false_positive_control
CNV0_01898	SLINSTVIV		HLA-A*02:01	A02				0	TESLA_mmc4						False	no_inhouse_master_overlap	train	False	L9_SL_IV	0.0858585858585858	0.0	0.6931471805599453	1.6094379124341005	34.0	0.45	include_low_prevalence_false_positive_control
CNV0_01899	RLVLQLLEL		HLA-A*02:01	A02				0	TESLA_mmc4						False	no_inhouse_master_overlap	train	False	L9_RL_EL	0.0277777777777777	0.0	0.6931471805599453	2.4849066497880004	33.0	0.45	include_low_prevalence_false_positive_control
CNV0_01900	TLFHDLWKL		HLA-A*02:01	A02				0	TESLA_mmc4						False	no_inhouse_master_overlap	train	False	L9_TL_KL	0.0256410256410256	0.0	0.6931471805599453	0.6931471805599453	46.0	0.45	include_low_prevalence_false_positive_control
CNV0_01901	KLINSQINL		HLA-A*02:01	A02				0	TESLA_mmc4						False	no_inhouse_master_overlap	train	False	L9_KL_NL	0.0256410256410256	0.0	0.6931471805599453	0.0	37.0	0.45	include_low_prevalence_false_positive_control
CNV0_01902	RLDGFFKNAV		HLA-A*02:01	A02				0	TESLA_mmc4						False	no_inhouse_master_overlap	train	False	L10_RL_AV	0.079059829059829	0.0	0.6931471805599453	0.0	44.0	0.45	include_low_prevalence_false_positive_control
CNV0_01903	VLASLCLYVV		HLA-A*02:01	A02				0	TESLA_mmc4						False	no_inhouse_master_overlap	train	False	L10_VL_VV	0.079059829059829	0.0	0.6931471805599453	0.0	43.0	0.45	include_low_prevalence_false_positive_control
CNV0_01904	VLFSNESSL		HLA-A*02:01	A02				0	TESLA_mmc4						False	no_inhouse_master_overlap	train	False	L9_VL_SL	0.0256410256410256	0.0	0.6931471805599453	1.9459101490553128	33.0	0.45	include_low_prevalence_false_positive_control
CNV0_01905	YLLIHGTAV		HLA-A*02:01	A02				0	TESLA_mmc4						False	no_inhouse_master_overlap	train	False	L9_YL_AV	0.0256410256410256	0.0	0.6931471805599453	0.0	39.0	0.45	include_low_prevalence_false_positive_control
CNV0_01906	YLLNDASPI		HLA-A*02:01	A02				0	TESLA_mmc4						False	no_inhouse_master_overlap	train	False	L9_YL_PI	0.0256410256410256	0.0	0.0	0.0	46.0	0.45	include_low_prevalence_false_positive_control
CNV0_01907	YLLQKLSCL		HLA-A*02:01	A02				0	TESLA_mmc4						False	no_inhouse_master_overlap	train	False	L9_YL_CL	0.0256410256410256	0.0	0.6931471805599453	1.0986122886681096	42.0	0.45	include_low_prevalence_false_positive_control
CNV0_01908	VLFDRLSKLA		HLA-A*02:01	A02				0	TESLA_mmc4						False	no_inhouse_master_overlap	train	False	L10_VL_LA	0.0238095238095238	0.0	0.6931471805599453	0.0	39.0	0.45	include_low_prevalence_false_positive_control
CNV0_01909	RVYDALNLL		HLA-A*02:01	A02				1	TESLA_mmc4						False	no_inhouse_master_overlap	train	False	L9_RV_LL	0.0858585858585858	0.0	0.6931471805599453	1.0986122886681096	41.0	0.9	include_low_prevalence_false_positive_control
CNV0_01910	SEQMDVAFQV		HLA-A*02:01	A02				0	TESLA_mmc4						False	no_inhouse_master_overlap	train	False	L10_SE_QV	0.0238095238095238	0.0	0.6931471805599453	0.0	43.0	0.45	include_low_prevalence_false_positive_control
CNV0_01911	SLCKSILLFL		HLA-A*02:01	A02				0	TESLA_mmc4						False	no_inhouse_master_overlap	train	False	L10_SL_FL	0.079059829059829	0.0	0.6931471805599453	1.0986122886681096	41.0	0.45	include_low_prevalence_false_positive_control
CNV0_01912	VIAVASSMR		HLA-A*11:01	A11				0	TESLA_mmc4						False	no_inhouse_master_overlap	train	False	L9_VI_MR	0.0	0.0	0.6931471805599453	0.6931471805599453	31.0	0.45	include_low_prevalence_false_positive_control
CNV0_01913	VTFNGQVFK		HLA-A*11:01	A11				0	TESLA_mmc4						False	no_inhouse_master_overlap	train	False	L9_VT_FK	0.0	0.0	0.6931471805599453	0.6931471805599453	43.0	0.45	include_low_prevalence_false_positive_control
CNV0_01914	RLFSALNSHK		HLA-A*03:01	A03				0	TESLA_mmc4						False	no_inhouse_master_overlap	train	False	L10_RL_HK	0.0238095238095238	0.0	0.6931471805599453	0.0	44.0	0.45	include_low_prevalence_false_positive_control
CNV0_01915	YLYCYGYWKK		HLA-A*03:01	A03				0	TESLA_mmc4						False	no_inhouse_master_overlap	train	False	L10_YL_KK	0.0	0.0	0.6931471805599453	0.0	61.0	0.45	include_low_prevalence_false_positive_control
CNV0_01916	FTANPPSQTK		HLA-A*11:01	A11				0	TESLA_mmc4						False	no_inhouse_master_overlap	train	False	L10_FT_TK	0.0	0.0	0.6931471805599453	0.0	46.0	0.45	include_low_prevalence_false_positive_control
CNV0_01917	VLWISAFMV		HLA-A*02:01	A02				0	TESLA_mmc4						False	no_inhouse_master_overlap	train	False	L9_VL_MV	0.0256410256410256	0.0	0.6931471805599453	0.0	41.0	0.45	include_low_prevalence_false_positive_control
CNV0_01918	KLLSFHSV		HLA-A*02:01	A02				1	TESLA_mmc4						False	no_inhouse_master_overlap	train	False	L8_KL_SV	0.0303030303030303	0.0	0.6931471805599453	2.8903717578961645	36.0	0.9	include_low_prevalence_false_positive_control
CNV0_01919	RLLRGYDQV		HLA-A*02:01	A02				0	TESLA_mmc4						False	no_inhouse_master_overlap	train	False	L9_RL_QV	0.0858585858585858	0.0	0.6931471805599453	1.3862943611198906	40.0	0.45	include_low_prevalence_false_positive_control
CNV0_01920	KQLYRVFQK		HLA-A*11:01	A11				0	TESLA_mmc4						False	no_inhouse_master_overlap	train	False	L9_KQ_QK	0.0	0.0	0.6931471805599453	0.6931471805599453	43.0	0.45	include_low_prevalence_false_positive_control
CNV0_01921	AYQKAPTKQF		HLA-A*24:02	A24				0	TESLA_mmc4						False	no_inhouse_master_overlap	train	False	L10_AY_QF	0.0	0.0	0.6931471805599453	0.0	50.0	0.45	include_low_prevalence_false_positive_control
CNV0_01922	RTREFTAKK		HLA-A*03:01	A03				1	TESLA_mmc4						False	no_inhouse_master_overlap	train	False	L9_RT_KK	0.0	0.0	0.6931471805599453	0.0	37.0	0.9	include_low_prevalence_false_positive_control
CNV0_01923	RTKYDFTWFK		HLA-A*03:01	A03				0	TESLA_mmc4						False	no_inhouse_master_overlap	train	False	L10_RT_FK	0.0	0.0	0.6931471805599453	0.0	52.0	0.45	include_low_prevalence_false_positive_control
CNV0_01924	SVTFNGQVFK		HLA-A*11:01	A11				0	TESLA_mmc4						False	no_inhouse_master_overlap	train	False	L10_SV_FK	0.0	0.0	0.6931471805599453	0.0	47.0	0.45	include_low_prevalence_false_positive_control
CNV0_01925	LLDNGTLTI		HLA-A*02:01	A02				0	TESLA_mmc4						False	no_inhouse_master_overlap	train	False	L9_LL_TI	0.0277777777777777	0.0	0.6931471805599453	1.3862943611198906	43.0	0.45	include_low_prevalence_false_positive_control
CNV0_01926	LLRMNQSQFI		HLA-A*02:01	A02				0	TESLA_mmc4						False	no_inhouse_master_overlap	train	False	L10_LL_FI	0.0238095238095238	0.0	0.6931471805599453	0.0	41.0	0.45	include_low_prevalence_false_positive_control
CNV0_01927	RLIGLMMTA		HLA-A*02:01	A02				0	TESLA_mmc4						False	no_inhouse_master_overlap	train	False	L9_RL_TA	0.0256410256410256	0.0	0.6931471805599453	0.0	39.0	0.45	include_low_prevalence_false_positive_control
CNV0_01928	MLIILAGFL		HLA-A*02:01	A02				0	TESLA_mmc4						False	no_inhouse_master_overlap	train	False	L9_ML_FL	0.0858585858585858	0.0	0.6931471805599453	1.3862943611198906	37.0	0.45	include_low_prevalence_false_positive_control
CNV0_01929	MLNPLIYSLRNKV		HLA-A*02:01	A02				0	TESLA_mmc4						False	no_inhouse_master_overlap	train	False	L13_ML_KV	0.0638888888888888	0.0	0.6931471805599453	0.0	45.0	0.45	include_low_prevalence_false_positive_control
CNV0_01930	VALVNKRNAL		HLA-B*08:01	B08				0	TESLA_mmc4						False	no_inhouse_master_overlap	train	False	L10_VA_AL	0.0	0.0	0.6931471805599453	0.0	41.0	0.45	include_low_prevalence_false_positive_control
CNV0_01931	LVADVLSPV		HLA-A*02:01	A02				0	TESLA_mmc4						False	no_inhouse_master_overlap	train	False	L9_LV_PV	0.0858585858585858	0.0	0.6931471805599453	0.6931471805599453	36.0	0.45	include_low_prevalence_false_positive_control
CNV0_01932	RMFLRFQKK		HLA-A*03:01	A03				0	TESLA_mmc4						False	no_inhouse_master_overlap	train	False	L9_RM_KK	0.0	0.0	0.6931471805599453	0.0	42.0	0.45	include_low_prevalence_false_positive_control
CNV0_01933	YLWAAQAEK		HLA-A*03:01	A03				0	TESLA_mmc4						False	no_inhouse_master_overlap	train	False	L9_YL_EK	0.0	0.0	0.6931471805599453	0.0	45.0	0.45	include_low_prevalence_false_positive_control
CNV0_01934	RLFPYALHKW		HLA-A*03:01	A03				0	TESLA_mmc4						False	no_inhouse_master_overlap	train	False	L10_RL_KW	0.0238095238095238	0.0	0.6931471805599453	0.0	55.0	0.45	include_low_prevalence_false_positive_control
CNV0_01935	GDTDSRFISY		HLA-A*01:01	A01				0	TESLA_mmc4						False	no_inhouse_master_overlap	train	False	L10_GD_SY	0.0238095238095238	0.0	0.6931471805599453	0.0	48.0	0.45	include_low_prevalence_false_positive_control
CNV0_01936	FTQEDPQMVY		HLA-A*01:01	A01				0	TESLA_mmc4						False	no_inhouse_master_overlap	train	False	L10_FT_VY	0.0238095238095238	0.0	0.6931471805599453	0.0	49.0	0.45	include_low_prevalence_false_positive_control
CNV0_01937	FTNESYLELY		HLA-A*01:01	A01				1	TESLA_mmc4						False	no_inhouse_master_overlap	train	False	L10_FT_LY	0.0238095238095238	0.0	0.6931471805599453	0.0	48.0	0.9	include_low_prevalence_false_positive_control
CNV0_01938	QLSSVRCYV		HLA-A*02:01	A02				0	TESLA_mmc4						False	no_inhouse_master_overlap	train	False	L9_QL_YV	0.0858585858585858	0.0	0.6931471805599453	0.0	39.0	0.45	include_low_prevalence_false_positive_control
CNV0_01939	QLLKFIPSL		HLA-A*02:01	A02				0	TESLA_mmc4						False	no_inhouse_master_overlap	train	False	L9_QL_SL	0.0277777777777777	0.0	0.6931471805599453	1.3862943611198906	39.0	0.45	include_low_prevalence_false_positive_control
CNV0_01940	YITKRIIAV		HLA-A*02:01	A02				0	TESLA_mmc4						False	no_inhouse_master_overlap	train	False	L9_YI_AV	0.0256410256410256	0.0	0.6931471805599453	0.6931471805599453	38.0	0.45	include_low_prevalence_false_positive_control
CNV0_01941	GVLPNYSEGK		HLA-A*11:01	A11				0	TESLA_mmc4						False	no_inhouse_master_overlap	train	False	L10_GV_GK	0.0	0.0	0.6931471805599453	0.0	48.0	0.45	include_low_prevalence_false_positive_control
CNV0_01942	MLFARHLREV		HLA-A*02:01	A02				0	TESLA_mmc4						False	no_inhouse_master_overlap	train	False	L10_ML_EV	0.079059829059829	0.0	0.6931471805599453	0.0	47.0	0.45	include_low_prevalence_false_positive_control
CNV0_01943	RRSMLFARH		HLA-B*27:05	B27				1	TESLA_mmc4						False	no_inhouse_master_overlap	train	False	L9_RR_RH	0.0	0.0	0.6931471805599453	0.6931471805599453	43.0	0.9	include_low_prevalence_false_positive_control
CNV0_01944	RRSMLFARHL		HLA-B*27:05	B27				0	TESLA_mmc4						False	no_inhouse_master_overlap	train	False	L10_RR_HL	0.0	0.0	0.6931471805599453	0.0	47.0	0.45	include_low_prevalence_false_positive_control
CNV0_01945	LLSNELHRL		HLA-A*02:01	A02				0	TESLA_mmc4						False	no_inhouse_master_overlap	train	False	L9_LL_RL	0.0277777777777777	0.0	0.6931471805599453	1.791759469228055	38.0	0.45	include_low_prevalence_false_positive_control
CNV0_01946	RLMGINSTA		HLA-A*02:01	A02				0	TESLA_mmc4						False	no_inhouse_master_overlap	train	False	L9_RL_TA	0.079059829059829	0.0	0.6931471805599453	0.6931471805599453	42.0	0.45	include_low_prevalence_false_positive_control
CNV0_01947	KLKEHLGFAV		HLA-A*02:01	A02				0	TESLA_mmc4						False	no_inhouse_master_overlap	train	False	L10_KL_AV	0.079059829059829	0.0	0.6931471805599453	0.6931471805599453	43.0	0.45	include_low_prevalence_false_positive_control
CNV0_01948	LLFYGAVIEV		HLA-A*02:01	A02				0	TESLA_mmc4						False	no_inhouse_master_overlap	train	False	L10_LL_EV	0.079059829059829	0.0	0.6931471805599453	0.6931471805599453	40.0	0.45	include_low_prevalence_false_positive_control
CNV0_01949	SLFHLTRLF		HLA-A*24:02	A24				0	TESLA_mmc4						False	no_inhouse_master_overlap	train	False	L9_SL_LF	0.0256410256410256	0.0	0.6931471805599453	0.6931471805599453	42.0	0.45	include_low_prevalence_false_positive_control
CNV0_01950	TVIAVASSMR		HLA-A*11:01	A11				0	TESLA_mmc4						False	no_inhouse_master_overlap	train	False	L10_TV_MR	0.0	0.0	0.6931471805599453	0.0	36.0	0.45	include_low_prevalence_false_positive_control
CNV0_01951	LLHSGVIGAV		HLA-A*02:01	A02				0	TESLA_mmc4						False	no_inhouse_master_overlap	train	False	L10_LL_AV	0.0238095238095238	0.0	0.6931471805599453	0.0	45.0	0.45	include_low_prevalence_false_positive_control
CNV0_01952	LVAVFRWAV		HLA-A*02:01	A02				0	TESLA_mmc4						False	no_inhouse_master_overlap	train	False	L9_LV_AV	0.0858585858585858	0.0	0.6931471805599453	0.6931471805599453	39.0	0.45	include_low_prevalence_false_positive_control
CNV0_01953	SLVPCLPEFF		HLA-A*24:02	A24				0	TESLA_mmc4						False	no_inhouse_master_overlap	train	False	L10_SL_FF	0.0238095238095238	0.0	0.6931471805599453	0.0	48.0	0.45	include_low_prevalence_false_positive_control
CNV0_01954	KIFLCNARVK		HLA-A*11:01	A11				0	TESLA_mmc4						False	no_inhouse_master_overlap	train	False	L10_KI_VK	0.0	0.0	0.6931471805599453	0.0	46.0	0.45	include_low_prevalence_false_positive_control
CNV0_01955	ILIYWNPFHR		HLA-A*11:01	A11				0	TESLA_mmc4						False	no_inhouse_master_overlap	train	False	L10_IL_HR	0.0	0.0	0.0	0.0	62.0	0.45	include_low_prevalence_false_positive_control
CNV0_01956	FTDRERHCF		HLA-A*01:01	A01				0	TESLA_mmc4						False	no_inhouse_master_overlap	train	False	L9_FT_CF	0.0256410256410256	0.0	0.6931471805599453	0.0	47.0	0.45	include_low_prevalence_false_positive_control
CNV0_01957	RLCLYCGYPV		HLA-A*02:01	A02				0	TESLA_mmc4						False	no_inhouse_master_overlap	train	False	L10_RL_PV	0.079059829059829	0.0	0.6931471805599453	0.0	55.0	0.45	include_low_prevalence_false_positive_control
CNV0_01958	QLVMVLVGGL		HLA-A*02:01	A02				0	TESLA_mmc4						False	no_inhouse_master_overlap	train	False	L10_QL_GL	0.0238095238095238	0.0	0.6931471805599453	0.0	39.0	0.45	include_low_prevalence_false_positive_control
CNV0_01959	FRLLRYQPL		HLA-B*08:01	B08				0	TESLA_mmc4						False	no_inhouse_master_overlap	train	False	L9_FR_PL	0.0277777777777777	0.0	0.6931471805599453	0.6931471805599453	39.0	0.45	include_low_prevalence_false_positive_control
CNV0_01960	MARAIRVRTF		HLA-B*08:01	B08				0	TESLA_mmc4						False	no_inhouse_master_overlap	train	False	L10_MA_TF	0.0	0.0	0.0	0.0	47.0	0.45	include_low_prevalence_false_positive_control
CNV0_01961	NLINEAMDV		HLA-A*02:01	A02				0	TESLA_mmc4						False	no_inhouse_master_overlap	train	False	L9_NL_DV	0.0256410256410256	0.0	0.6931471805599453	1.0986122886681096	39.0	0.45	include_low_prevalence_false_positive_control
CNV0_01962	YLAVDALEL		HLA-A*02:01	A02				0	TESLA_mmc4						False	no_inhouse_master_overlap	train	False	L9_YL_EL	0.0858585858585858	0.0	0.6931471805599453	0.6931471805599453	38.0	0.45	include_low_prevalence_false_positive_control
CNV0_01963	YLALPPTVYEV		HLA-A*02:01	A02				0	TESLA_mmc4						False	no_inhouse_master_overlap	train	False	L11_YL_EV	0.0732600732600732	0.0	0.6931471805599453	0.0	54.0	0.45	include_low_prevalence_false_positive_control
CNV0_01964	MLRELSSAF		HLA-B*08:01	B08				0	TESLA_mmc4						False	no_inhouse_master_overlap	train	False	L9_ML_AF	0.0	0.0	0.6931471805599453	0.6931471805599453	35.0	0.45	include_low_prevalence_false_positive_control
CNV0_01965	RRQSMTVKRE		HLA-B*27:05	B27				0	TESLA_mmc4						False	no_inhouse_master_overlap	train	False	L10_RR_RE	0.0	0.0	0.0	0.6931471805599453	38.0	0.45	include_low_prevalence_false_positive_control
CNV0_01966	GSNNLILIY		HLA-A*11:01	A11				0	TESLA_mmc4						False	no_inhouse_master_overlap	train	False	L9_GS_IY	0.0	0.0	0.6931471805599453	0.6931471805599453	37.0	0.45	include_low_prevalence_false_positive_control
CNV0_01967	AINRPTVLK		HLA-A*03:01	A03				1	TESLA_mmc4						False	no_inhouse_master_overlap	train	False	L9_AI_LK	0.0	0.0	0.6931471805599453	0.0	36.0	0.9	include_low_prevalence_false_positive_control
CNV0_01968	FSSPTHSLY		HLA-A*01:01	A01				0	TESLA_mmc4						False	no_inhouse_master_overlap	train	False	L9_FS_LY	0.0256410256410256	0.0	0.6931471805599453	0.0	41.0	0.45	include_low_prevalence_false_positive_control
CNV0_01969	FSDVGEVPY		HLA-A*01:01	A01				0	TESLA_mmc4						False	no_inhouse_master_overlap	train	False	L9_FS_PY	0.0858585858585858	0.0	0.6931471805599453	0.0	43.0	0.45	include_low_prevalence_false_positive_control
CNV0_01970	FSDCEIFY		HLA-A*01:01	A01				0	TESLA_mmc4						False	no_inhouse_master_overlap	train	False	L8_FS_FY	0.0277777777777777	0.0	0.6931471805599453	1.0986122886681096	39.0	0.45	include_low_prevalence_false_positive_control
CNV0_01971	LPGLILYTL		HLA-B*07:02	B07				0	TESLA_mmc4						False	no_inhouse_master_overlap	train	False	L9_LP_TL	0.0555555555555555	0.0	0.6931471805599453	0.6931471805599453	41.0	0.45	include_low_prevalence_false_positive_control
CNV0_01972	RGPVEEVRAL		HLA-B*07:02	B07				0	TESLA_mmc4						False	no_inhouse_master_overlap	train	False	L10_RG_AL	0.0238095238095238	0.0	0.6931471805599453	0.6931471805599453	40.0	0.45	include_low_prevalence_false_positive_control
CNV0_01973	SVRCYVPSCLK		HLA-A*11:01	A11				0	TESLA_mmc4						False	no_inhouse_master_overlap	train	False	L11_SV_LK	0.0	0.0	0.6931471805599453	0.0	55.0	0.45	include_low_prevalence_false_positive_control
CNV0_01974	LALPPTVYEV		HLA-A*02:01	A02				0	TESLA_mmc4						False	no_inhouse_master_overlap	train	False	L10_LA_EV	0.079059829059829	0.0	0.6931471805599453	0.0	47.0	0.45	include_low_prevalence_false_positive_control
CNV0_01975	TVWDFTLEL		HLA-A*02:01	A02				0	TESLA_mmc4						False	no_inhouse_master_overlap	train	False	L9_TV_EL	0.0256410256410256	0.0	0.6931471805599453	0.6931471805599453	36.0	0.45	include_low_prevalence_false_positive_control
CNV0_01976	VLASLCLYV		HLA-A*02:01	A02				0	TESLA_mmc4						False	no_inhouse_master_overlap	train	False	L9_VL_YV	0.0858585858585858	0.0	0.6931471805599453	0.0	39.0	0.45	include_low_prevalence_false_positive_control
CNV0_01977	YLIIENRYAV		HLA-A*02:01	A02				0	TESLA_mmc4						False	no_inhouse_master_overlap	train	False	L10_YL_AV	0.0238095238095238	0.0	0.6931471805599453	0.0	40.0	0.45	include_low_prevalence_false_positive_control
CNV0_01978	RTGKGQPCNK		HLA-A*03:01	A03				0	TESLA_mmc4						False	no_inhouse_master_overlap	train	False	L10_RT_NK	0.0	0.0	0.6931471805599453	0.0	49.0	0.45	include_low_prevalence_false_positive_control
CNV0_01979	SVSDSHVYKY		HLA-A*11:01	A11				0	TESLA_mmc4						False	no_inhouse_master_overlap	train	False	L10_SV_KY	0.0	0.0	0.6931471805599453	0.6931471805599453	48.0	0.45	include_low_prevalence_false_positive_control
CNV0_01980	ILTTRIHKL		HLA-B*08:01	B08				0	TESLA_mmc4						False	no_inhouse_master_overlap	train	False	L9_IL_KL	0.0	0.0	0.6931471805599453	1.0986122886681096	40.0	0.45	include_low_prevalence_false_positive_control
CNV0_01981	FATCLGLFY		HLA-A*01:01	A01				0	TESLA_mmc4						False	no_inhouse_master_overlap	train	False	L9_FA_FY	0.0256410256410256	0.0	1.0986122886681096	0.6931471805599453	44.0	0.45	include_low_prevalence_false_positive_control
CNV0_01982	NLWPVPHGLK		HLA-A*11:01	A11				0	TESLA_mmc4						False	no_inhouse_master_overlap	train	False	L10_NL_LK	0.0	0.0	0.6931471805599453	0.0	58.0	0.45	include_low_prevalence_false_positive_control
CNV0_01983	TLAECGGHVEL		HLA-A*02:01	A02				0	TESLA_mmc4						False	no_inhouse_master_overlap	train	False	L11_TL_EL	0.0238095238095238	0.0	0.6931471805599453	0.0	54.0	0.45	include_low_prevalence_false_positive_control
CNV0_01984	LLFTDQHGLV		HLA-A*02:01	A02				0	TESLA_mmc4						False	no_inhouse_master_overlap	train	False	L10_LL_LV	0.0256410256410256	0.0	0.6931471805599453	0.6931471805599453	45.0	0.45	include_low_prevalence_false_positive_control
CNV0_01985	VLLKAGWQNL		HLA-A*02:01	A02				0	TESLA_mmc4						False	no_inhouse_master_overlap	train	False	L10_VL_NL	0.0256410256410256	0.0	1.0986122886681096	0.0	49.0	0.45	include_low_prevalence_false_positive_control
CNV0_01986	LLQVCWLQSA		HLA-A*02:01	A02				0	TESLA_mmc4						False	no_inhouse_master_overlap	train	False	L10_LL_SA	0.079059829059829	0.0	0.6931471805599453	0.0	49.0	0.45	include_low_prevalence_false_positive_control
CNV0_01987	VLLSVLIILL		HLA-A*02:01	A02				0	TESLA_mmc4						False	no_inhouse_master_overlap	train	False	L10_VL_LL	0.2952861952861952	0.0	0.6931471805599453	0.6931471805599453	33.0	0.45	include_low_prevalence_false_positive_control
CNV0_01988	HRIELDPSKF		HLA-B*27:05	B27				0	TESLA_mmc4						False	no_inhouse_master_overlap	train	False	L10_HR_KF	0.0	0.0	0.6931471805599453	0.0	47.0	0.45	include_low_prevalence_false_positive_control
CNV0_01989	KRACCIPGR		HLA-B*27:05	B27				0	TESLA_mmc4						False	no_inhouse_master_overlap	train	False	L9_KR_GR	0.0	0.0	0.6931471805599453	0.0	48.0	0.45	include_low_prevalence_false_positive_control
CNV0_01990	LLKAGWQNLV		HLA-A*02:01	A02				0	TESLA_mmc4						False	no_inhouse_master_overlap	train	False	L10_LL_LV	0.0238095238095238	0.0	0.6931471805599453	0.6931471805599453	49.0	0.45	include_low_prevalence_false_positive_control
CNV0_01991	RLPGLILYTL		HLA-A*02:01	A02				0	TESLA_mmc4						False	no_inhouse_master_overlap	train	False	L10_RL_TL	0.079059829059829	0.0	0.6931471805599453	0.0	46.0	0.45	include_low_prevalence_false_positive_control
CNV0_01992	LLAKQLYRV		HLA-A*02:01	A02				0	TESLA_mmc4						False	no_inhouse_master_overlap	train	False	L9_LL_RV	0.0277777777777777	0.0	0.6931471805599453	0.6931471805599453	39.0	0.45	include_low_prevalence_false_positive_control
CNV0_01993	SLCLYVVVGV		HLA-A*02:01	A02				0	TESLA_mmc4						False	no_inhouse_master_overlap	train	False	L10_SL_GV	0.0238095238095238	0.0	0.6931471805599453	0.0	45.0	0.45	include_low_prevalence_false_positive_control
CNV0_01994	VLFDRLSKL		HLA-A*02:01	A02				0	TESLA_mmc4						False	no_inhouse_master_overlap	train	False	L9_VL_KL	0.0256410256410256	0.0	0.6931471805599453	0.6931471805599453	35.0	0.45	include_low_prevalence_false_positive_control
CNV0_01995	RMGQTVIAV		HLA-A*02:01	A02				0	TESLA_mmc4						False	no_inhouse_master_overlap	train	False	L9_RM_AV	0.0256410256410256	0.0	0.6931471805599453	0.0	35.0	0.45	include_low_prevalence_false_positive_control
CNV0_01996	RLLRPIYDYL		HLA-A*02:01	A02				0	TESLA_mmc4						False	no_inhouse_master_overlap	train	False	L10_RL_YL	0.079059829059829	0.0	0.6931471805599453	0.0	47.0	0.45	include_low_prevalence_false_positive_control
CNV0_01997	KLLSEFFSCL		HLA-A*02:01	A02				0	TESLA_mmc4						False	no_inhouse_master_overlap	train	False	L10_KL_CL	0.0256410256410256	0.0	0.6931471805599453	0.0	43.0	0.45	include_low_prevalence_false_positive_control
CNV0_01998	KLLEGQPVLL		HLA-A*02:01	A02				0	TESLA_mmc4						False	no_inhouse_master_overlap	train	False	L10_KL_LL	0.1772727272727272	0.0	0.6931471805599453	0.6931471805599453	44.0	0.45	include_low_prevalence_false_positive_control
CNV0_01999	LLAELPASVHV		HLA-A*02:01	A02				0	TESLA_mmc4						False	no_inhouse_master_overlap	train	False	L11_LL_HV	0.0238095238095238	0.0	0.6931471805599453	0.0	48.0	0.45	include_low_prevalence_false_positive_control
CNV0_02000	LLLPLSVARPL		HLA-A*02:01	A02				0	TESLA_mmc4						False	no_inhouse_master_overlap	train	False	L11_LL_PL	0.0769230769230769	0.0	0.6931471805599453	0.6931471805599453	48.0	0.45	include_low_prevalence_false_positive_control
CNV0_02001	LLAPLIATL		HLA-A*02:01	A02				0	TESLA_mmc4						False	no_inhouse_master_overlap	train	False	L9_LL_TL	0.1946127946127946	0.0	0.6931471805599453	2.3978952727983707	34.0	0.45	include_low_prevalence_false_positive_control
CNV0_02002	SPLCNFNIIK		HLA-A*11:01	A11				0	TESLA_mmc4						False	no_inhouse_master_overlap	train	False	L10_SP_IK	0.0	0.0	0.6931471805599453	1.0986122886681096	51.0	0.45	include_low_prevalence_false_positive_control
CNV0_02003	SQYCRPISTK		HLA-A*11:01	A11				0	TESLA_mmc4						False	no_inhouse_master_overlap	train	False	L10_SQ_TK	0.0	0.0	0.6931471805599453	0.0	51.0	0.45	include_low_prevalence_false_positive_control
CNV0_02004	YIYNPSLAL		HLA-A*02:01	A02				0	TESLA_mmc4						False	no_inhouse_master_overlap	train	False	L9_YI_AL	0.0858585858585858	0.0	0.6931471805599453	0.0	37.0	0.45	include_low_prevalence_false_positive_control
CNV0_02005	TLGIKLSFLV		HLA-A*02:01	A02				0	TESLA_mmc4						False	no_inhouse_master_overlap	train	False	L10_TL_LV	0.0476190476190476	0.0	0.6931471805599453	0.0	41.0	0.45	include_low_prevalence_false_positive_control
CNV0_02006	LLAAGLGRA		HLA-A*02:01	A02				0	TESLA_mmc4						False	no_inhouse_master_overlap	train	False	L9_LL_RA	0.0858585858585858	0.0	0.6931471805599453	2.833213344056216	35.0	0.45	include_low_prevalence_false_positive_control
CNV0_02007	TMMCVSRNEL		HLA-A*02:01	A02				0	TESLA_mmc4						False	no_inhouse_master_overlap	train	False	L10_TM_EL	0.0238095238095238	0.0	0.6931471805599453	0.0	42.0	0.45	include_low_prevalence_false_positive_control
CNV0_02008	KVWAVTEEV		HLA-A*02:01	A02				0	TESLA_mmc4						False	no_inhouse_master_overlap	train	False	L9_KV_EV	0.0256410256410256	0.0	0.6931471805599453	0.0	40.0	0.45	include_low_prevalence_false_positive_control
CNV0_02009	KLHVSVEAFV		HLA-A*02:01	A02				0	TESLA_mmc4						False	no_inhouse_master_overlap	train	False	L10_KL_FV	0.0256410256410256	0.0	0.6931471805599453	0.0	42.0	0.45	include_low_prevalence_false_positive_control
CNV0_02010	HTDGHSEK		HLA-A*11:01	A11				0	TESLA_mmc4						False	no_inhouse_master_overlap	train	False	L8_HT_EK	0.0	1.0	0.0	1.791759469228055	47.0	0.45	include_low_prevalence_false_positive_control
CNV0_02011	RPVWKLVKV		HLA-B*07:02	B07				0	TESLA_mmc4						False	no_inhouse_master_overlap	train	False	L9_RP_KV	0.0	0.0	0.0	0.0	49.0	0.45	include_low_prevalence_false_positive_control
CNV0_02012	LLAARQLL		HLA-A*02:01	A02				0	TESLA_mmc4						False	no_inhouse_master_overlap	train	False	L8_LL_LL	0.0939393939393939	0.0	1.791759469228055	4.820281565605037	28.0	0.45	include_low_prevalence_false_positive_control
CNV0_02013	TSARTENFK		HLA-A*03:01	A03				0	TESLA_mmc4						False	no_inhouse_master_overlap	train	False	L9_TS_FK	0.0	0.0	0.6931471805599453	0.6931471805599453	38.0	0.45	include_low_prevalence_false_positive_control
CNV0_02014	MLPSNYVEAI		HLA-A*02:01	A02				0	TESLA_mmc4						False	no_inhouse_master_overlap	train	False	L10_ML_AI	0.0238095238095238	0.0	0.6931471805599453	0.0	47.0	0.45	include_low_prevalence_false_positive_control
CNV0_02015	VLFDRLSK		HLA-A*03:01	A03				0	TESLA_mmc4						False	no_inhouse_master_overlap	train	False	L8_VL_SK	0.0	0.0	0.6931471805599453	2.833213344056216	33.0	0.45	include_low_prevalence_false_positive_control
CNV0_02016	MLPSNYVEA		HLA-A*02:01	A02				0	TESLA_mmc4						False	no_inhouse_master_overlap	train	False	L9_ML_EA	0.0256410256410256	0.0	0.6931471805599453	0.0	43.0	0.45	include_low_prevalence_false_positive_control
CNV0_02017	MKYPRLCIL		HLA-B*08:01	B08				0	TESLA_mmc4						False	no_inhouse_master_overlap	train	False	L9_MK_IL	0.0	0.0	0.6931471805599453	0.0	48.0	0.45	include_low_prevalence_false_positive_control
CNV0_02018	LMMHSATSA		HLA-A*02:01	A02				0	TESLA_mmc4						False	no_inhouse_master_overlap	train	False	L9_LM_SA	0.0256410256410256	0.0	0.0	0.0	43.0	0.45	include_low_prevalence_false_positive_control
CNV0_02019	LLYDHPLKV		HLA-A*02:01	A02				0	TESLA_mmc4						False	no_inhouse_master_overlap	train	False	L9_LL_KV	0.0858585858585858	0.0	0.6931471805599453	1.0986122886681096	41.0	0.45	include_low_prevalence_false_positive_control
CNV0_02020	VSVLSALFSI		HLA-A*02:01	A02				0	TESLA_mmc4						False	no_inhouse_master_overlap	train	False	L10_VS_SI	0.0732600732600732	0.0	0.6931471805599453	0.0	39.0	0.45	include_low_prevalence_false_positive_control
CNV0_02021	LLSEFFSCL		HLA-A*02:01	A02				0	TESLA_mmc4						False	no_inhouse_master_overlap	train	False	L9_LL_CL	0.0277777777777777	0.0	0.6931471805599453	0.6931471805599453	38.0	0.45	include_low_prevalence_false_positive_control
CNV0_02022	VIDAAVLLK		HLA-A*03:01	A03				0	TESLA_mmc4						False	no_inhouse_master_overlap	train	False	L9_VI_LK	0.0	0.0	0.6931471805599453	1.0986122886681096	35.0	0.45	include_low_prevalence_false_positive_control
CNV0_02023	YLIIENRYA		HLA-A*02:01	A02				0	TESLA_mmc4						False	no_inhouse_master_overlap	train	False	L9_YL_YA	0.0256410256410256	0.0	0.6931471805599453	0.0	36.0	0.45	include_low_prevalence_false_positive_control
CNV0_02024	YLFIKDNEI		HLA-A*02:01	A02				0	TESLA_mmc4						False	no_inhouse_master_overlap	train	False	L9_YL_EI	0.0256410256410256	0.0	0.6931471805599453	0.6931471805599453	43.0	0.45	include_low_prevalence_false_positive_control
CNV0_02025	RISASCATR		HLA-A*11:01	A11				0	TESLA_mmc4						False	no_inhouse_master_overlap	train	False	L9_RI_TR	0.0	0.0	0.6931471805599453	0.0	34.0	0.45	include_low_prevalence_false_positive_control
CNV0_02026	MIRRRRPTL		HLA-B*08:01	B08				0	TESLA_mmc4						False	no_inhouse_master_overlap	train	False	L9_MI_TL	0.0	0.0	0.6931471805599453	0.6931471805599453	38.0	0.45	include_low_prevalence_false_positive_control
CNV0_02027	LQDSGLWFPV		HLA-A*02:01	A02				0	TESLA_mmc4						False	no_inhouse_master_overlap	train	False	L10_LQ_PV	0.079059829059829	0.0	0.6931471805599453	0.0	53.0	0.45	include_low_prevalence_false_positive_control
CNV0_02028	TLWEQFLEK		HLA-A*03:01	A03				0	TESLA_mmc4						False	no_inhouse_master_overlap	train	False	L9_TL_EK	0.0	0.0	0.6931471805599453	0.6931471805599453	43.0	0.45	include_low_prevalence_false_positive_control
CNV0_02029	LIIENRYAV		HLA-A*02:01	A02				0	TESLA_mmc4						False	no_inhouse_master_overlap	train	False	L9_LI_AV	0.0256410256410256	0.0	0.6931471805599453	0.0	33.0	0.45	include_low_prevalence_false_positive_control
CNV0_02030	LLLNGLGLA		HLA-A*02:01	A02				0	TESLA_mmc4						False	no_inhouse_master_overlap	train	False	L9_LL_LA	0.0858585858585858	0.0	1.0986122886681096	2.995732273553991	39.0	0.45	include_low_prevalence_false_positive_control
CNV0_02031	LMMHSATSAT		HLA-A*02:01	A02				0	TESLA_mmc4						False	no_inhouse_master_overlap	train	False	L10_LM_AT	0.0256410256410256	0.0	0.0	0.0	48.0	0.45	include_low_prevalence_false_positive_control
CNV0_02032	YLDVFVHAI		HLA-A*02:01	A02				0	TESLA_mmc4						False	no_inhouse_master_overlap	train	False	L9_YL_AI	0.0858585858585858	0.0	0.6931471805599453	0.0	44.0	0.45	include_low_prevalence_false_positive_control
CNV0_02033	WLVDFFSPWC		HLA-A*02:01	A02				0	TESLA_mmc4						False	no_inhouse_master_overlap	train	False	L10_WL_WC	0.0238095238095238	0.0	0.6931471805599453	1.0986122886681096	65.0	0.45	include_low_prevalence_false_positive_control
CNV0_02034	WQLDALDFLV		HLA-A*02:01	A02				0	TESLA_mmc4						False	no_inhouse_master_overlap	train	False	L10_WQ_LV	0.1772727272727272	0.0	0.6931471805599453	0.0	41.0	0.45	include_low_prevalence_false_positive_control
CNV0_02035	YAVQDFLHEI		HLA-A*02:01	A02				0	TESLA_mmc4						False	no_inhouse_master_overlap	train	False	L10_YA_EI	0.0238095238095238	0.0	0.6931471805599453	0.0	43.0	0.45	include_low_prevalence_false_positive_control
CNV0_02036	KTIQTIVFL		HLA-A*02:01	A02				0	TESLA_mmc4						False	no_inhouse_master_overlap	train	False	L9_KT_FL	0.3277777777777778	1.0	1.0986122886681096	1.9459101490553128	42.0	0.45	include_low_prevalence_false_positive_control
CNV0_02037	KTLMEVMSKI		HLA-A*02:01	A02				0	TESLA_mmc4						False	no_inhouse_master_overlap	train	False	L10_KT_KI	0.0238095238095238	0.0	0.6931471805599453	0.6931471805599453	41.0	0.45	include_low_prevalence_false_positive_control
CNV0_02038	SSWHTPTLQK		HLA-A*11:01	A11				0	TESLA_mmc4						False	no_inhouse_master_overlap	train	False	L10_SS_QK	0.0	0.0	0.0	0.0	58.0	0.45	include_low_prevalence_false_positive_control
CNV0_02039	RVLFPGIK		HLA-A*03:01	A03				0	TESLA_mmc4						False	no_inhouse_master_overlap	train	False	L8_RV_IK	0.0	0.0	0.6931471805599453	2.3978952727983707	37.0	0.45	include_low_prevalence_false_positive_control
CNV0_02040	RVDFSATWYK		HLA-A*03:01	A03				0	TESLA_mmc4						False	no_inhouse_master_overlap	train	False	L10_RV_YK	0.0	0.0	0.6931471805599453	0.0	52.0	0.45	include_low_prevalence_false_positive_control
CNV0_02041	RTREFTAKKIK		HLA-A*03:01	A03				0	TESLA_mmc4						False	no_inhouse_master_overlap	train	False	L11_RT_IK	0.0	0.0	0.6931471805599453	0.0	46.0	0.45	include_low_prevalence_false_positive_control
CNV0_02042	KTLGIKLSFL		HLA-A*02:01	A02				0	TESLA_mmc4						False	no_inhouse_master_overlap	train	False	L10_KT_FL	0.0476190476190476	0.0	0.6931471805599453	0.0	42.0	0.45	include_low_prevalence_false_positive_control
CNV0_02043	KLLNCPCPA		HLA-A*02:01	A02				0	TESLA_mmc4						False	no_inhouse_master_overlap	train	False	L9_KL_PA	0.0256410256410256	0.0	0.6931471805599453	0.0	43.0	0.45	include_low_prevalence_false_positive_control
CNV0_02044	KRACCIPGRR		HLA-B*27:05	B27				0	TESLA_mmc4						False	no_inhouse_master_overlap	train	False	L10_KR_RR	0.0	0.0	0.6931471805599453	0.0	53.0	0.45	include_low_prevalence_false_positive_control
CNV0_02045	LLLLPLSVA		HLA-A*02:01	A02				0	TESLA_mmc4						False	no_inhouse_master_overlap	train	False	L9_LL_VA	0.1703703703703703	0.0	1.3862943611198906	3.828641396489095	36.0	0.45	include_low_prevalence_false_positive_control
CNV0_02046	QLFMATYEI		HLA-A*02:01	A02				0	TESLA_mmc4						False	no_inhouse_master_overlap	train	False	L9_QL_EI	0.0277777777777777	0.0	0.0	0.0	45.0	0.45	include_low_prevalence_false_positive_control
CNV0_02047	LLSFHSVFT		HLA-A*02:01	A02				0	TESLA_mmc4						False	no_inhouse_master_overlap	train	False	L9_LL_FT	0.0277777777777777	0.0	0.6931471805599453	1.0986122886681096	42.0	0.45	include_low_prevalence_false_positive_control
CNV0_02048	KLLSEFFSC		HLA-A*02:01	A02				0	TESLA_mmc4						False	no_inhouse_master_overlap	train	False	L9_KL_SC	0.0277777777777777	0.0	0.6931471805599453	0.0	39.0	0.45	include_low_prevalence_false_positive_control
CNV0_02049	YILDRESPL		HLA-A*02:01	A02				0	TESLA_mmc4						False	no_inhouse_master_overlap	train	False	L9_YI_PL	0.0277777777777777	0.0	0.6931471805599453	0.0	39.0	0.45	include_low_prevalence_false_positive_control
CNV0_02050	SVFTSVRRK		HLA-A*03:01	A03				0	TESLA_mmc4						False	no_inhouse_master_overlap	train	False	L9_SV_RK	0.0	0.0	0.6931471805599453	0.6931471805599453	38.0	0.45	include_low_prevalence_false_positive_control
CNV0_02051	TLFRVVVAK		HLA-A*03:01	A03				0	TESLA_mmc4						False	no_inhouse_master_overlap	train	False	L9_TL_AK	0.0238095238095238	0.0	0.0	0.0	41.0	0.45	include_low_prevalence_false_positive_control
CNV0_02052	KTIYKYVHL		HLA-A*02:01	A02				0	TESLA_mmc4						False	no_inhouse_master_overlap	train	False	L9_KT_HL	0.0256410256410256	0.0	0.6931471805599453	0.0	44.0	0.45	include_low_prevalence_false_positive_control
CNV0_02053	SVLSALFSI		HLA-A*02:01	A02				0	TESLA_mmc4						False	no_inhouse_master_overlap	train	False	L9_SV_SI	0.079059829059829	0.0	0.6931471805599453	1.6094379124341005	35.0	0.45	include_low_prevalence_false_positive_control
CNV0_02054	SLSSDFNPLV		HLA-A*02:01	A02				0	TESLA_mmc4						False	no_inhouse_master_overlap	train	False	L10_SL_LV	0.079059829059829	0.0	0.6931471805599453	0.0	44.0	0.45	include_low_prevalence_false_positive_control
CNV0_02055	SLYLNTTVL		HLA-A*02:01	A02				0	TESLA_mmc4						False	no_inhouse_master_overlap	train	False	L9_SL_VL	0.0858585858585858	0.0	0.6931471805599453	0.0	36.0	0.45	include_low_prevalence_false_positive_control
CNV0_02056	TLYLRNNQLV		HLA-A*02:01	A02				0	TESLA_mmc4						False	no_inhouse_master_overlap	train	False	L10_TL_LV	0.0238095238095238	0.0	0.6931471805599453	0.0	46.0	0.45	include_low_prevalence_false_positive_control
CNV0_02057	TLMEVMSKI		HLA-A*02:01	A02				0	TESLA_mmc4						False	no_inhouse_master_overlap	train	False	L9_TL_KI	0.0256410256410256	0.0	0.6931471805599453	0.6931471805599453	36.0	0.45	include_low_prevalence_false_positive_control
CNV0_02058	SQPPAGSEV		HLA-A*02:01	A02				0	TESLA_mmc4						False	no_inhouse_master_overlap	train	False	L9_SQ_EV	0.0256410256410256	0.0	0.6931471805599453	1.3862943611198906	40.0	0.45	include_low_prevalence_false_positive_control
CNV0_02059	SLLLLPLSV		HLA-A*02:01	A02				0	TESLA_mmc4						False	no_inhouse_master_overlap	train	False	L9_SL_SV	0.3055555555555555	0.0	0.6931471805599453	3.295836866004329	36.0	0.45	include_low_prevalence_false_positive_control
CNV0_02060	SLSSDFNPL		HLA-A*02:01	A02				0	TESLA_mmc4						False	no_inhouse_master_overlap	train	False	L9_SL_PL	0.0858585858585858	0.0	0.6931471805599453	1.3862943611198906	40.0	0.45	include_low_prevalence_false_positive_control
CNV0_02061	SMLFARHLREV		HLA-A*02:01	A02				0	TESLA_mmc4						False	no_inhouse_master_overlap	train	False	L11_SM_EV	0.0732600732600732	0.0	0.6931471805599453	0.0	51.0	0.45	include_low_prevalence_false_positive_control
CNV0_02062	SQYEYTVLLSV		HLA-A*02:01	A02				0	TESLA_mmc4						False	no_inhouse_master_overlap	train	False	L11_SQ_SV	0.1627816627816628	0.0	0.6931471805599453	0.0	46.0	0.45	include_low_prevalence_false_positive_control
CNV0_02063	SLYELEKEFL		HLA-A*02:01	A02				0	TESLA_mmc4						False	no_inhouse_master_overlap	train	False	L10_SL_FL	0.0238095238095238	0.0	0.6931471805599453	0.6931471805599453	47.0	0.45	include_low_prevalence_false_positive_control
CNV0_02064	SLLAARQLL		HLA-A*02:01	A02				0	TESLA_mmc4						False	no_inhouse_master_overlap	train	False	L9_SL_LL	0.0858585858585858	0.0	0.6931471805599453	2.5649493574615367	32.0	0.45	include_low_prevalence_false_positive_control
CNV0_02065	NILGFTFDI		HLA-A*02:01	A02				0	TESLA_mmc4						False	no_inhouse_master_overlap	train	False	L9_NI_DI	0.0858585858585858	0.0	0.6931471805599453	0.0	40.0	0.45	include_low_prevalence_false_positive_control
CNV0_02066	NLFLFIDKL		HLA-A*02:01	A02				0	TESLA_mmc4						False	no_inhouse_master_overlap	train	False	L9_NL_KL	0.0256410256410256	0.0	0.6931471805599453	0.0	42.0	0.45	include_low_prevalence_false_positive_control
CNV0_02067	NSLLLLPLSV		HLA-A*02:01	A02				0	TESLA_mmc4						False	no_inhouse_master_overlap	train	False	L10_NS_SV	0.2740740740740741	0.0	0.6931471805599453	0.0	42.0	0.45	include_low_prevalence_false_positive_control
CNV0_02068	TIITQLSSV		HLA-A*02:01	A02				0	TESLA_mmc4						False	no_inhouse_master_overlap	train	False	L9_TI_SV	0.0858585858585858	0.0	0.6931471805599453	1.791759469228055	33.0	0.45	include_low_prevalence_false_positive_control
CNV0_02069	RLLRPIYV		HLA-A*02:01	A02				0	TESLA_mmc4						False	no_inhouse_master_overlap	train	False	L8_RL_YV	0.0939393939393939	0.0	0.0	2.4849066497880004	29.0	0.45	include_low_prevalence_false_positive_control
CNV0_02070	KLNPSQNVV		HLA-A*02:01	A02				0	TESLA_mmc4						False	no_inhouse_master_overlap	train	False	L9_KL_VV	0.0256410256410256	0.0	0.6931471805599453	1.0986122886681096	41.0	0.45	include_low_prevalence_false_positive_control
CNV0_02071	FIWLATRRV		HLA-A*02:01	A02				0	TESLA_mmc4						False	no_inhouse_master_overlap	train	False	L9_FI_RV	0.0256410256410256	0.0	0.6931471805599453	0.0	40.0	0.45	include_low_prevalence_false_positive_control
CNV0_02072	GQEGKYDLLV		HLA-A*02:01	A02				0	TESLA_mmc4						False	no_inhouse_master_overlap	train	False	L10_GQ_LV	0.0238095238095238	0.0	0.6931471805599453	0.0	43.0	0.45	include_low_prevalence_false_positive_control
CNV0_02073	FLAFTGVAGYI		HLA-A*02:01	A02				0	TESLA_mmc4						False	no_inhouse_master_overlap	train	False	L11_FL_YI	0.0732600732600732	0.0	0.6931471805599453	0.0	49.0	0.45	include_low_prevalence_false_positive_control
CNV0_02074	GSARALSLW		HLA-B*57:01	B57				0	TESLA_mmc4						False	no_inhouse_master_overlap	train	False	L9_GS_LW	0.0	0.0	0.0	0.0	46.0	0.45	include_low_prevalence_false_positive_control
CNV0_02075	EAIYETYTW		HLA-B*44:02	B44				0	TESLA_mmc4						False	no_inhouse_master_overlap	train	False	L9_EA_TW	0.0	0.0	0.6931471805599453	0.0	48.0	0.45	include_low_prevalence_false_positive_control
CNV0_02076	AEYQDMHSY		HLA-B*44:02	B44				1	TESLA_mmc4						False	no_inhouse_master_overlap	train	False	L9_AE_SY	0.0	0.0	0.6931471805599453	0.0	46.0	0.9	include_low_prevalence_false_positive_control
CNV0_02077	LTEQYNEKY		HLA-A*01:01	A01				0	TESLA_mmc4						False	no_inhouse_master_overlap	train	False	L9_LT_KY	0.0256410256410256	0.0	0.6931471805599453	1.3862943611198906	45.0	0.45	include_low_prevalence_false_positive_control
CNV0_02078	LTQGYIYFY		HLA-A*01:01	A01				0	TESLA_mmc4						False	no_inhouse_master_overlap	train	False	L9_LT_FY	0.0256410256410256	0.0	0.6931471805599453	0.0	46.0	0.45	include_low_prevalence_false_positive_control
CNV0_02079	FLCEILRSMSI		HLA-A*02:01	A02				0	TESLA_mmc4						False	no_inhouse_master_overlap	train	False	L11_FL_SI	0.0222222222222222	0.0	0.6931471805599453	0.6931471805599453	49.0	0.45	include_low_prevalence_false_positive_control
CNV0_02080	EEQCLQWDLY		HLA-B*44:02	B44				0	TESLA_mmc4						False	no_inhouse_master_overlap	train	False	L10_EE_LY	0.0	0.0	0.6931471805599453	0.0	55.0	0.45	include_low_prevalence_false_positive_control
CNV0_02081	EEQCLQWDL		HLA-B*44:02	B44				0	TESLA_mmc4						False	no_inhouse_master_overlap	train	False	L9_EE_DL	0.0	0.0	0.6931471805599453	0.0	48.0	0.45	include_low_prevalence_false_positive_control
CNV0_02082	EENSTGSLY		HLA-B*44:02	B44				0	TESLA_mmc4						False	no_inhouse_master_overlap	train	False	L9_EE_LY	0.0	0.0	0.6931471805599453	0.0	39.0	0.45	include_low_prevalence_false_positive_control
CNV0_02083	FQLPILQPA		HLA-A*02:01	A02				0	TESLA_mmc4						False	no_inhouse_master_overlap	train	False	L9_FQ_PA	0.0858585858585858	0.0	0.6931471805599453	1.0986122886681096	41.0	0.45	include_low_prevalence_false_positive_control
CNV0_02084	GQFGKVWMA		HLA-A*02:01	A02				0	TESLA_mmc4						False	no_inhouse_master_overlap	train	False	L9_GQ_MA	0.0256410256410256	0.0	0.6931471805599453	1.0986122886681096	48.0	0.45	include_low_prevalence_false_positive_control
CNV0_02085	HLIGGIQVL		HLA-A*02:01	A02				0	TESLA_mmc4						False	no_inhouse_master_overlap	train	False	L9_HL_VL	0.0277777777777777	0.0	0.6931471805599453	1.0986122886681096	39.0	0.45	include_low_prevalence_false_positive_control
