patientId	AGE	AJCC_METASTASIS_PATHOLOGIC_PM	AJCC_NODES_PATHOLOGIC_PN	AJCC_PATHOLOGIC_TUMOR_STAGE	AJCC_STAGING_EDITION	AJCC_TUMOR_PATHOLOGIC_PT	BRAF_MUTATION	DAYS_TO_INITIAL_PATHOLOGIC_DIAGNOSIS	DFS_MONTHS	DFS_STATUS	ETHNICITY	EXTRATHYROIDAL_EXTENSION	FORM_COMPLETION_DATE	HISTOLOGICAL_DIAGNOSIS	HISTORY_NEOADJUVANT_TRTYN	HISTORY_OTHER_MALIGNANCY	ICD_10	ICD_O_3_HISTOLOGY	ICD_O_3_SITE	INFORMED_CONSENT_VERIFIED	INITIAL_PATHOLOGIC_DX_YEAR	LATERALITY	LYMPH_NODES_EXAMINED	LYMPH_NODES_EXAMINED_HE_COUNT	LYMPH_NODE_EXAMINED_COUNT	OS_MONTHS	OS_STATUS	OTHER_PATIENT_ID	PROSPECTIVE_COLLECTION	RACE	RESIDUAL_TUMOR	RETROSPECTIVE_COLLECTION	SAMPLE_COUNT	SEX	SITE_OF_TUMOR_TISSUE	TISSUE_SOURCE_SITE	TUMOR_STATUS	HISTOLOGICAL_SUBTYPE	METASTATIC_DX_CONFIRMED_BY	CLINICAL_STATUS_WITHIN_3_MTHS_SURGERY	NEW_TUMOR_EVENT_AFTER_INITIAL_TREATMENT	PHARMACEUTICAL_TX_ADJUVANT	RADIATION_TREATMENT_ADJUVANT	METASTATIC_DX_CONFIRMED_BY_OTHER
TCGA-BJ-A0Z3	33	M0	N0	Stage I	7th	T1	V600E identified	0	16.33	0:DiseaseFree	NOT HISPANIC OR LATINO	None	6/2/11	Thyroid Papillary Carcinoma - Classical/usual	No	No	C73	8260/3	C73.9	YES	2010	Left lobe	YES	0	3	16.33	0:LIVING	331cae6e-2868-4c58-9302-709a9ff7d025	NO	WHITE	RX	YES	1	Female	Thyroid	BJ	TUMOR FREE							
TCGA-BJ-A0ZC	55	M0	N0	Stage I	7th	T1		0	11.56	0:DiseaseFree	NOT HISPANIC OR LATINO	None	4/21/11	Thyroid Papillary Carcinoma - Classical/usual	No	No	C73	8260/3	C73.9	YES	2010	Bilateral				11.56	0:LIVING	6675c581-297d-44cd-b80f-ae7e53d48228	NO	WHITE	R0	YES	1	Male	Thyroid	BJ	TUMOR FREE							
TCGA-BJ-A18Y	29	MX	N0	Stage I	7th	T1b	not identified	0	51.35	0:DiseaseFree	NOT HISPANIC OR LATINO	None	5/4/11	Thyroid Papillary Carcinoma - Classical/usual	No	No	C73	8260/3	C73.9	YES	2010	Bilateral	YES	0	5	51.35	0:LIVING	acb3b9db-16e9-40f5-87a9-9df9d4ceee54	NO	WHITE	R0	YES	1	Male	Thyroid	BJ								
TCGA-BJ-A18Z	58	MX	N1b	Stage IVA	7th	T3	pV600E, c.199T>A identified	0	41.49	0:DiseaseFree	NOT HISPANIC OR LATINO	Minimal (T3)	5/4/11	Thyroid Papillary Carcinoma - Classical/usual	No	No	C73	8260/3	C73.9	YES	2010	Bilateral	YES	3	37	41.49	0:LIVING	0d497faf-2c1c-4173-a5fe-770cca73323c	NO	WHITE	R1	YES	1	Male	Thyroid	BJ								
TCGA-BJ-A190	55	MX	N0	Stage II	7th	T2	not identified	0	20.57	0:DiseaseFree	NOT HISPANIC OR LATINO	None	5/9/11	Thyroid Papillary Carcinoma - Classical/usual	No	No	C73	8260/3	C73.9	YES	2010	Bilateral	YES	0	1	20.57	0:LIVING	04fff86a-b6f5-4900-9e37-c1f0b881b160	NO	WHITE	R0	YES	1	Male	Thyroid	BJ	TUMOR FREE							
TCGA-BJ-A191	49	M0	N0	Stage I	7th	T1b	not identified	0	4.83	0:DiseaseFree	NOT HISPANIC OR LATINO	None	5/12/11	Other, specify	No	No	C73	8344/3	C73.9	YES	2010	Left lobe	YES	0	3	4.83	0:LIVING	2501ee46-8d38-448b-8765-e9c9706cbbe8	NO	WHITE	R0	YES	1	Female	Thyroid	BJ	TUMOR FREE	columnar cell variant						
TCGA-BJ-A192	54	M0	NX	Stage III	7th	T3	not identified	0	44.32	0:DiseaseFree		Minimal (T3)	5/27/11	Thyroid Papillary Carcinoma - Classical/usual	No	No	C73	8290/3	C73.9	YES	2010	Left lobe	NO		0	44.32	0:LIVING	b55375c3-9ef2-4d2f-9c29-224e746931c4	NO	WHITE	RX	YES	1	Female	Thyroid	BJ								
TCGA-DO-A1JZ	23	MX	NX	Stage I	6th	T2		0	54.86	0:DiseaseFree	NOT HISPANIC OR LATINO	None	5/30/11	Thyroid Papillary Carcinoma - Follicular (>= 99% follicular patterned)	No	No	C73	8340/3	C73.9	YES	2007	Left lobe	NO			54.86	0:LIVING	169f045f-1739-4b0b-9bdc-028aaca420f8	NO	BLACK OR AFRICAN AMERICAN	R1	YES	1	Female	Thyroid	DO	TUMOR FREE							
TCGA-DO-A1K0	30	MX	N1b	Stage I	7th	T3		0	18.96	1:Recurred/Progressed	NOT HISPANIC OR LATINO	Minimal (T3)	5/30/11	Thyroid Papillary Carcinoma - Classical/usual	No	No	C73	8260/3	C73.9	YES	2010	Bilateral	YES	9	14	21.52	0:LIVING	b7a01148-5bab-4268-986a-a9cf7bca967f	NO	WHITE	R0	YES	1	Female	Thyroid	DO	TUMOR FREE							
TCGA-EM-A1CS	55	MX	N0	Stage I	6th	T1		0	26.84	0:DiseaseFree		None	4/21/11	Thyroid Papillary Carcinoma - Classical/usual	No	No	C73	8260/3	C73.9	YES	2009	Left lobe	YES	0	6	26.84	0:LIVING	e92bdb0d-969a-4d98-ada8-5dfec68119b5	NO		R0	YES	1	Female	Thyroid	EM								
TCGA-EM-A1CT	76	MX	N1b	Stage IVA	7th	T1b		0	18.17	0:DiseaseFree		None	4/21/11	Thyroid Papillary Carcinoma - Classical/usual	No	No	C73	8260/3	C73.9	YES	2010	Right lobe	YES	1	22	18.17	0:LIVING	290be61a-84ef-4bed-8e37-b432cba6c88e	NO			YES	1	Male	Thyroid	EM	TUMOR FREE							
TCGA-EM-A1CU	31	M0	N1a	Stage I	7th	T3		0	20.89	0:DiseaseFree		None	4/21/11	Thyroid Papillary Carcinoma - Classical/usual	No	No	C73	8260/3	C73.9	YES	2010	Left lobe	YES	1	20	20.89	0:LIVING	4e80f403-0e10-4725-854d-f023c12ee1e2	NO			YES	1	Male	Thyroid	EM	TUMOR FREE							
TCGA-EM-A1CV	32	MX	N0	Stage I	7th	T1		0	48.46	0:DiseaseFree		None	4/21/11	Thyroid Papillary Carcinoma - Classical/usual	No	No	C73	8260/3	C73.9	YES	2010	Left lobe	YES	0	3	48.46	0:LIVING	762eddb5-1b47-4b79-b20a-1edfb07c0705	NO			YES	1	Female	Thyroid	EM	TUMOR FREE							
TCGA-EM-A1CW	39	MX	N0	Stage I	7th	T3		0	18.04	0:DiseaseFree		None	4/21/11	Thyroid Papillary Carcinoma - Follicular (>= 99% follicular patterned)	No	No	C73	8340/3	C73.9	YES	2010	Right lobe	YES	0	1	18.04	0:LIVING	22eb9f00-6869-4d8f-b657-dfd64f81e9e9	NO		R0	YES	1	Female	Thyroid	EM								
TCGA-DJ-A1QD	20	M0	N1b	Stage I	7th	T2		0	48.03	0:DiseaseFree	NOT HISPANIC OR LATINO	None	7/25/11	Thyroid Papillary Carcinoma - Classical/usual	No	No	C73	8260/3	C73.9	YES	2010	Right lobe				48.03	0:LIVING	da201150-748e-4b74-bb35-10c995e26079	NO	WHITE	R0	YES	1	Female	Thyroid	DJ	TUMOR FREE							
TCGA-DJ-A1QE	62	M0	N0	Stage III	6th	T3		0	135.81	0:DiseaseFree		Minimal (T3)	7/25/11	Thyroid Papillary Carcinoma - Classical/usual	No	No	C73	8260/3	C73.9	YES	2003	Right lobe	NO			135.81	0:LIVING	dccba97d-4e81-42fb-93b3-90be68a034fb	NO	WHITE	R0	YES	1	Female	Thyroid	DJ	TUMOR FREE							
TCGA-DJ-A1QF	61	M0	N0	Stage II	6th	T2		0	30.58	0:DiseaseFree		None	7/25/11	Thyroid Papillary Carcinoma - Classical/usual	No	No	C73	8260/3	C73.9	YES	2009	Right lobe	NO			30.58	0:LIVING	fca0c7d9-5e6f-4aa7-ba04-5df2eb8ba398	NO	WHITE	R0	YES	1	Female	Thyroid	DJ	TUMOR FREE							
TCGA-DJ-A1QG	62	M0	N0	Stage I	7th	T1b		0	44.94	0:DiseaseFree	NOT HISPANIC OR LATINO	None	7/25/11	Thyroid Papillary Carcinoma - Follicular (>= 99% follicular patterned)	No	No	C73	8340/3	C73.9	YES	2010	Bilateral	YES	0	5	44.94	0:LIVING	cb29e795-7618-4882-a7e0-69d39787b80c	NO	WHITE	R0	YES	1	Male	Thyroid	DJ	TUMOR FREE							
TCGA-DJ-A1QH	58	M0	N1a	Stage III	7th	T3		0	42.48	0:DiseaseFree	NOT HISPANIC OR LATINO	Minimal (T3)	7/25/11	Thyroid Papillary Carcinoma - Tall Cell (>= 50% tall cell features)	Yes	No	C73	8344/3	C73.9	YES	2010	Bilateral	YES	7	8	42.48	0:LIVING	f3c73dc9-6280-4619-a629-b575fdbdb0ca	NO	WHITE	R1	YES	1	Female	Thyroid	DJ	WITH TUMOR							
TCGA-DJ-A1QI	63	M0	N0	Stage II	7th	T2		0	14.95	0:DiseaseFree	NOT HISPANIC OR LATINO	None	7/25/11	Thyroid Papillary Carcinoma - Classical/usual	No	No	C73	8260/3	C73.9	YES	2010	Right lobe	NO			14.95	0:LIVING	3b1e2bd6-3d32-40f7-9b32-0df32dfcbc72	NO	WHITE	R0	YES	1	Female	Thyroid	DJ	TUMOR FREE							
TCGA-DJ-A1QL	70	M0	N0	Stage II	7th	T2		0	17.58	0:DiseaseFree	NOT HISPANIC OR LATINO	None	7/25/11	Thyroid Papillary Carcinoma - Follicular (>= 99% follicular patterned)	No	No	C73	8340/3	C73.9	YES	2010	Left lobe	NO			17.58	0:LIVING	e4b08e66-0772-4956-8670-e5c6553eecbe	NO		R0	YES	1	Male	Thyroid	DJ	TUMOR FREE							
TCGA-DJ-A1QM	42	M0	N0	Stage I	7th	T1a		0	6.01	0:DiseaseFree	NOT HISPANIC OR LATINO	None	7/25/11	Thyroid Papillary Carcinoma - Follicular (>= 99% follicular patterned)	No	No	C73	8340/3	C73.9	YES	2010	Bilateral	YES	0	2	6.01	0:LIVING	3597af5e-65ff-40a7-95fc-dacc26cbca14	NO	WHITE	R0	YES	1	Male	Thyroid	DJ	TUMOR FREE							
TCGA-DJ-A1QN	42	M0	N0	Stage I	7th	T1b		0	42.54	0:DiseaseFree	NOT HISPANIC OR LATINO	None	7/25/11	Thyroid Papillary Carcinoma - Classical/usual	No	No	C73	8260/3	C73.9	YES	2010	Bilateral	NO			42.54	0:LIVING	2012869d-c169-4cea-aa09-c892fb79bbaa	NO		R0	YES	1	Female	Thyroid	DJ	TUMOR FREE							
TCGA-DJ-A1QO	69	M0	N0	Stage III	7th	T3		0	34.89	1:Recurred/Progressed	NOT HISPANIC OR LATINO	Minimal (T3)	7/25/11	Thyroid Papillary Carcinoma - Tall Cell (>= 50% tall cell features)	No	No	C73	8344/3	C73.9	YES	2010	Bilateral	NO			47.37	0:LIVING	f2ad720e-579f-4e2c-a3f0-17877ca91067	NO	WHITE	R0	YES	1	Male	Thyroid	DJ	TUMOR FREE							
TCGA-DJ-A1QQ	43	M0	N0	Stage I	7th	T3		0	17.54	0:DiseaseFree	NOT HISPANIC OR LATINO	Minimal (T3)	7/25/11	Thyroid Papillary Carcinoma - Classical/usual	No	No	C73	8260/3	C73.9	YES	2010	Bilateral	NO			17.54	0:LIVING	99ef2fec-5a3c-4e42-8f78-7eaf9877e26d	NO	ASIAN	R0	YES	1	Male	Thyroid	DJ	TUMOR FREE							
TCGA-EM-A1YA	74	MX	NX	Stage II	7th	T2		0	19.78	0:DiseaseFree		None	7/28/11	Thyroid Papillary Carcinoma - Follicular (>= 99% follicular patterned)	No	No	C73	8340/3	C73.9	YES	2010	Right lobe	NO			19.78	0:LIVING	567e4d90-5c5a-44f0-a462-90c831f3c096	NO		R0	YES	1	Female	Thyroid	EM	TUMOR FREE							
TCGA-EM-A1YB	73	MX	NX	Stage II	7th	T2		0	19.45	0:DiseaseFree		None	7/28/11	Thyroid Papillary Carcinoma - Follicular (>= 99% follicular patterned)	No	No	C73	8340/3	C73.9	YES	2010	Left lobe	NO			19.45	0:LIVING	b43a4f92-7a13-4558-a97e-7b3feb2d70c9	NO		R0	YES	1	Female	Thyroid	EM	TUMOR FREE							
TCGA-EM-A1YC	71	MX	N0	Stage III	6th	T3		0	78.55	0:DiseaseFree		None	7/28/11	Thyroid Papillary Carcinoma - Follicular (>= 99% follicular patterned)	No	No	C73	8340/3	C73.9	YES	2007	Right lobe	YES	0	1	78.55	0:LIVING	0ad2a2b3-c1bb-4597-b28e-a6385f93d09c	NO		R0	YES	1	Female	Thyroid	EM	TUMOR FREE							
TCGA-EM-A1YD	53	MX	N0	Stage II	6th	T2		0	56.96	0:DiseaseFree		None	7/28/11	Thyroid Papillary Carcinoma - Follicular (>= 99% follicular patterned)	No	No	C73	8340/3	C73.9	YES	2007	Right lobe	YES	0	5	56.96	0:LIVING	8a3659a8-2a85-4bab-8bf3-55795922474c	NO		R0	YES	1	Female	Thyroid	EM	TUMOR FREE							
TCGA-EM-A1YE	47	MX	N0	Stage II	6th	T2		0	54.04	0:DiseaseFree		None	7/28/11	Thyroid Papillary Carcinoma - Follicular (>= 99% follicular patterned)	No	No	C73	8340/3	C73.9	YES	2007	Right lobe	YES	0	3	54.04	0:LIVING	e632b443-cf6a-4592-96c6-c3493ec86fea	NO		R0	YES	1	Female	Thyroid	EM	TUMOR FREE							
TCGA-FE-A230	30	MX	N1a	Stage I	6th	T3		0	17.28	1:Recurred/Progressed	NOT HISPANIC OR LATINO	None	8/11/11	Thyroid Papillary Carcinoma - Classical/usual	No	No	C73	8260/3	C73.9	YES	2006	Left lobe	YES	3	3	71.39	0:LIVING	b1d71782-2443-43f3-bd0e-8b7220515cb6	NO	WHITE	R0	YES	1	Female	Thyroid	FE	TUMOR FREE							
TCGA-FE-A231	70	MX	N1b	Stage IVA	7th	T3		0	31.57	0:DiseaseFree	NOT HISPANIC OR LATINO	None	8/11/11	Thyroid Papillary Carcinoma - Classical/usual	No	No	C73	8260/3	C73.9	YES	2010	Right lobe	YES	16	31	31.57	0:LIVING	7044dee0-fd6c-4e75-b731-dc60a386a1ab	NO	WHITE	R0	YES	1	Male	Thyroid	FE	TUMOR FREE							
TCGA-FE-A232	44	MX	NX	Stage I	6th	T3		0	79.63	0:DiseaseFree	NOT HISPANIC OR LATINO	Minimal (T3)	8/11/11	Thyroid Papillary Carcinoma - Classical/usual	No	No	C73	8260/3	C73.9	YES	2007	Right lobe	NO	0	0	79.63	0:LIVING	5eb0d577-223b-4409-89d1-5c5d196affc3	NO	WHITE	R0	YES	1	Female	Thyroid	FE	TUMOR FREE							
TCGA-FE-A233	18	MX	NX	Stage I	6th	T2		0	18.63	1:Recurred/Progressed	NOT HISPANIC OR LATINO	None	8/11/11	Thyroid Papillary Carcinoma - Classical/usual	No	No	C73	8260/3	C73.9	YES	2007	Right lobe	NO	0	0	24.67	0:LIVING	e70feafd-1390-4f4c-a635-da65c1a7daeb	NO	WHITE	R0	YES	1	Female	Thyroid	FE	TUMOR FREE							
TCGA-FE-A234	26	MX	N1	Stage I	6th	T2		0	15.87	1:Recurred/Progressed	NOT HISPANIC OR LATINO	None	8/10/11	Thyroid Papillary Carcinoma - Classical/usual	No	No	C73	8260/3	C73.9	YES	2007	Right lobe	YES	2	2	68.17	0:LIVING	e4c85bdd-7b7c-414f-9503-647d9b825915	NO	WHITE	R0	YES	1	Female	Thyroid	FE	WITH TUMOR							
TCGA-BJ-A28R	38	M0	N0	Stage I	7th	T1		0	42.12	0:DiseaseFree	NOT HISPANIC OR LATINO		10/5/11	Thyroid Papillary Carcinoma - Classical/usual	No	No	C73	8260/3	C73.9	YES	2010	Right lobe	YES	0	17	42.12	0:LIVING	524a39ee-8fa3-418e-98a2-a6a90e9c8064	NO	WHITE		YES	1	Female	Thyroid	BJ	TUMOR FREE							
TCGA-BJ-A28T	34	M0	N1a	Stage I	7th	T1		0	35.51	0:DiseaseFree	NOT HISPANIC OR LATINO		10/5/11	Thyroid Papillary Carcinoma - Classical/usual	No	No	C73	8260/3	C73.9	YES	2011	Bilateral	YES	3	9	35.51	0:LIVING	a9d8f797-8a53-4be5-b957-0f1f6d080390	NO	WHITE		YES	1	Female	Thyroid	BJ	TUMOR FREE							
TCGA-BJ-A28W	32	M0	N0	Stage I	7th	T2	p.V600E, c.1799T>A	0	11.3	0:DiseaseFree	NOT HISPANIC OR LATINO		10/5/11	Thyroid Papillary Carcinoma - Classical/usual	No	No	C73	8260/3	C73.9	YES	2011	Bilateral	YES	0	4	11.3	0:LIVING	a6d37f61-beca-46ea-a59a-62257475ac77	NO	WHITE		YES	1	Female	Thyroid	BJ								
TCGA-BJ-A28Z	46	M0	N1a	Stage III	7th	T3		0	11.07	0:DiseaseFree	NOT HISPANIC OR LATINO	Minimal (T3)	10/5/11	Thyroid Papillary Carcinoma - Classical/usual	No	No	C73	8260/3	C73.9	YES	2011	Left lobe	YES	1	16	11.07	0:LIVING	6ba76174-620e-4851-857a-d0adbfd6f3e6	NO	WHITE		YES	1	Female	Thyroid	BJ								
TCGA-BJ-A291	56	M0	N0	Stage I	7th	T1		0	22.86	0:DiseaseFree	NOT HISPANIC OR LATINO		10/5/11	Thyroid Papillary Carcinoma - Classical/usual	No	Yes	C73	8260/3	C73.9	YES	2010	Right lobe	YES	0	9	22.86	0:LIVING	d4c68c1c-a3f3-4e0c-b555-d457378a1d24	NO	WHITE		YES	1	Female	Thyroid	BJ	TUMOR FREE							
TCGA-CE-A27D	28	M0	N1	Stage I	6th	T2		0	12.29	0:DiseaseFree	NOT HISPANIC OR LATINO	None	7/21/11	Thyroid Papillary Carcinoma - Classical/usual	No	No	C73	8260/3	C73.9	YES	2010		NO			12.29	0:LIVING	75a93f0e-cd41-43c6-a303-ff37e31395e9	YES	ASIAN	R0	NO	1	Female	Thyroid	CE	TUMOR FREE							
TCGA-E8-A242	56	MX	N0	Stage III	7th	T3		0	31.21	0:DiseaseFree	NOT HISPANIC OR LATINO	Minimal (T3)	3/30/11	Thyroid Papillary Carcinoma - Classical/usual	No	No	C73	8260/3	C73.9	YES	2011	Left lobe	YES	0	1	31.21	0:LIVING	4d9de9a1-7df1-412e-9f16-15dd51b4c5f5	YES	WHITE	R1	NO	1	Female	Thyroid	E8	TUMOR FREE							
TCGA-ET-A25G	56	MX	N0	Stage III	6th	T3		0	81.87	0:DiseaseFree	NOT HISPANIC OR LATINO	Minimal (T3)	8/18/11	Thyroid Papillary Carcinoma - Tall Cell (>= 50% tall cell features)	No	No	C73	8344/3	C73.9	YES	2008	Left lobe	YES	0	1	81.87	0:LIVING	e23cd75a-06ad-4da0-b19b-b812b0f6c1b9	NO	WHITE	R0	YES	1	Female	Thyroid	ET	TUMOR FREE							
TCGA-ET-A25I	37	MX	N0	Stage I	6th	T2		0	81.64	0:DiseaseFree	NOT HISPANIC OR LATINO	None	8/18/11	Thyroid Papillary Carcinoma - Follicular (>= 99% follicular patterned)	No	No	C73	8340/3	C73.9	YES	2008	Left lobe	YES	0	1	81.64	0:LIVING	1005ccb2-10ef-4e37-950e-ad72393db03c	NO	WHITE	R0	YES	1	Female	Thyroid	ET	TUMOR FREE							
TCGA-ET-A25J	40	MX	N1a	Stage I	6th	T2		0	77.5	0:DiseaseFree	NOT HISPANIC OR LATINO	None	8/19/11	Thyroid Papillary Carcinoma - Classical/usual	No	No	C73	8260/3	C73.9	YES	2008	Right lobe	YES	2	18	77.5	0:LIVING	618a1c29-5c26-46db-83d5-4799f9043cd3	NO	WHITE	R0	YES	1	Female	Thyroid	ET	TUMOR FREE							
TCGA-ET-A25K	36	MX	N1a	Stage I	6th	T2		0	70.37	0:DiseaseFree	NOT HISPANIC OR LATINO	None	8/19/11	Thyroid Papillary Carcinoma - Classical/usual	No	No	C73	8260/3	C73.9	YES	2009	Right lobe	YES	3	11	70.37	0:LIVING	2f9ed09d-2626-4c23-ba47-1850d36f812a	NO	WHITE	R0	YES	1	Female	Thyroid	ET	TUMOR FREE							
TCGA-ET-A25L	52	MX	N1b	Stage IVA	7th	T3		0	56.54	0:DiseaseFree	NOT HISPANIC OR LATINO	Minimal (T3)	8/19/11	Thyroid Papillary Carcinoma - Tall Cell (>= 50% tall cell features)	No	No	C73	8344/3	C73.9	YES	2010	Left lobe	YES	2	12	56.54	0:LIVING	4481d84d-109e-44a0-bcb4-e6e61bdce796	NO	WHITE	R1	YES	1	Female	Thyroid	ET	TUMOR FREE							
TCGA-ET-A25M	33	MX	N1	Stage I	7th	T2		0	60.15	0:DiseaseFree	NOT HISPANIC OR LATINO	None	8/19/11	Thyroid Papillary Carcinoma - Classical/usual	No	No	C73	8260/3	C73.9	YES	2010	Right lobe	YES	1	2	60.15	0:LIVING	8023d4c9-b56d-417a-9a52-d45b59c756ed	NO	WHITE	R0	YES	1	Male	Thyroid	ET	TUMOR FREE							
TCGA-ET-A25N	28	MX	N1a	Stage I	6th	T2		0	63.34	0:DiseaseFree	NOT HISPANIC OR LATINO	None	8/19/11	Thyroid Papillary Carcinoma - Classical/usual	No	No	C73	8260/3	C73.9	YES	2009	Right lobe	YES	1	8	63.34	0:LIVING	ebccfb5f-c0a8-4263-aaff-b5dd83585191	NO	WHITE	R0	YES	1	Female	Thyroid	ET	TUMOR FREE							
TCGA-ET-A25O	35	MX	N1a	Stage I	6th	T2		0	65.24	0:DiseaseFree	NOT HISPANIC OR LATINO	None	8/15/11	Thyroid Papillary Carcinoma - Classical/usual	No	No	C73	8260/3	C73.9	YES	2009	Left lobe	YES	2	5	65.24	0:LIVING	c30eb9bd-d705-4464-9014-e0aa7cda53c7	NO	BLACK OR AFRICAN AMERICAN	R0	YES	1	Female	Thyroid	ET	TUMOR FREE							
TCGA-ET-A25P	24	MX	N0	Stage I	6th	T1		0	18.36	0:DiseaseFree	NOT HISPANIC OR LATINO	None	8/19/11	Thyroid Papillary Carcinoma - Classical/usual	No	No	C73	8260/3	C73.9	YES	2009	Left lobe	YES	0	3	18.36	0:LIVING	12ecc0e5-8cb8-406e-ac9f-4f8c22b64fc1	NO	ASIAN	R0	YES	1	Female	Thyroid	ET	TUMOR FREE							
TCGA-ET-A25R	51	MX	NX	Stage III	7th	T3		0	63.4	0:DiseaseFree	NOT HISPANIC OR LATINO	Minimal (T3)	8/18/11	Thyroid Papillary Carcinoma - Tall Cell (>= 50% tall cell features)	No	No	C73	8344/3	C73.9	YES	2009	Isthmus	NO			63.4	0:LIVING	097b9cf1-ec0c-487c-9ade-2bdab12eb4ca	NO	WHITE	R0	YES	1	Female	Thyroid	ET	TUMOR FREE							
TCGA-FE-A22Z	61	MX	N1	Stage IVA	6th	T4a		0	68.76	1:Recurred/Progressed	NOT HISPANIC OR LATINO	Moderate/Advanced (T4a)	8/11/11	Thyroid Papillary Carcinoma - Follicular (>= 99% follicular patterned)	No	No	C73	8340/3	C73.9	YES	2007	Left lobe	YES	5	6	73.69	0:LIVING	78d14f86-896a-4f98-9274-b2e8e387add9	NO	WHITE	R0	YES	1	Female	Thyroid	FE	TUMOR FREE							
TCGA-FE-A235	26	MX	N1	Stage I	5th	T2		0	117.31	0:DiseaseFree	NOT HISPANIC OR LATINO	None	8/11/11	Thyroid Papillary Carcinoma - Classical/usual	No	No	C73	8260/3	C73.9	YES	2002	Isthmus	YES	3	4	117.31	0:LIVING	c781b49e-d08f-49e6-b774-7cfe4100e92d	NO	WHITE	R0	YES	1	Female	Thyroid	FE	TUMOR FREE							
TCGA-FE-A236	33	MX	N1	Stage I	6th	T2		0	66.72	0:DiseaseFree	NOT HISPANIC OR LATINO	None	8/11/11	Thyroid Papillary Carcinoma - Classical/usual	No	No	C73	8260/3	C73.9	YES	2004	Left lobe	YES	5	5	66.72	0:LIVING	300720c8-68e5-4a3b-a873-3ad36ad0f953	NO	WHITE	R0	YES	1	Male	Thyroid	FE	TUMOR FREE							
TCGA-FE-A237	19	MX	N1	Stage I	6th	T3		0	22.77	1:Recurred/Progressed	NOT HISPANIC OR LATINO	Minimal (T3)	8/11/11	Thyroid Papillary Carcinoma - Classical/usual	No	No	C73	8260/3	C73.9	YES	2005	Bilateral	YES	3	5	112.71	0:LIVING	7d11b016-c564-4fb5-9b85-1b1a0188006f	NO	WHITE	R0	YES	1	Female	Thyroid	FE	WITH TUMOR							
TCGA-FE-A238	36	MX	N0	Stage I	6th	T3		0	14.16	1:Recurred/Progressed	NOT HISPANIC OR LATINO	Minimal (T3)	8/11/11	Thyroid Papillary Carcinoma - Classical/usual	No	No	C73	8260/3	C73.9	YES	2005	Bilateral	YES	0	1	39.91	0:LIVING	dffc4f7a-c67a-4ac5-a338-717dffde686d	NO	WHITE	R0	YES	1	Female	Thyroid	FE	WITH TUMOR		RAI-avid|Imaging Suspected					
TCGA-FE-A239	82	MX	N0	Stage III	6th	T3		0	30.65	1:Recurred/Progressed	NOT HISPANIC OR LATINO	None	8/11/11	Thyroid Papillary Carcinoma - Classical/usual	No	No	C73	8260/3	C73.9	YES	2005	Right lobe	YES	0	2	33.61	1:DECEASED	fc70a652-7925-4759-8e1f-05fd56829df4	NO	WHITE	R0	YES	1	Male	Thyroid	FE	WITH TUMOR							
TCGA-FE-A23A	27	MX	N0	Stage I	6th	T2		0	81.77	0:DiseaseFree	NOT HISPANIC OR LATINO	None	8/10/11	Thyroid Papillary Carcinoma - Classical/usual	No	No	C73	8260/3	C73.9	YES	2006	Right lobe	YES	0	13	81.77	0:LIVING	fd8c4ff3-e759-495f-96e7-1f406bb70190	NO	WHITE	R0	YES	1	Female	Thyroid	FE	TUMOR FREE							
TCGA-GE-A2C6	33	MX	N1b	Stage I	7th	T2		0	12.52	0:DiseaseFree	NOT HISPANIC OR LATINO	None	10/20/11	Thyroid Papillary Carcinoma - Classical/usual	No	No	C73	8260/3	C73.9	YES	2011	Right lobe	YES	14	23	12.52	0:LIVING	7deedeba-f05b-453c-9df1-eeb20b0ec72e	YES	WHITE	RX	NO	1	Female	Thyroid	GE	TUMOR FREE							
TCGA-H2-A26U	54	MX	N0	Stage III	7th	T3		0	16.98	0:DiseaseFree	NOT HISPANIC OR LATINO	Minimal (T3)	8/8/11	Thyroid Papillary Carcinoma - Classical/usual	No	No	C73	8260/3	C73.9	YES	2011	Bilateral	YES	0	7	16.98	0:LIVING	e61fb24b-613a-4b6d-bb2b-00ccedbd3dbc	YES	WHITE		NO	1	Female	Thyroid	H2	TUMOR FREE							
TCGA-BJ-A290	70	M0	N1a	Stage III	7th	T3	V600E identified	0	10.81	1:Recurred/Progressed	NOT HISPANIC OR LATINO	Minimal (T3)	10/5/11	Thyroid Papillary Carcinoma - Tall Cell (>= 50% tall cell features)	No	Yes	C73	8344/3	C73.9	YES	2010	Left lobe	YES	3	3	30.19	0:LIVING	3CD2D4BD-8256-42FA-8272-DB379D598007	NO	WHITE		YES	1	Male	Thyroid	BJ	WITH TUMOR							
TCGA-DE-A0XZ	65	M0	N1a	Stage III	6th	T1		0	6.7	1:Recurred/Progressed	NOT HISPANIC OR LATINO	None	12/15/10	Thyroid Papillary Carcinoma - Classical/usual	No	Yes	C73	8260/3	C73.9	YES	2009	Right lobe	YES	5	7	35.81	0:LIVING	3E9FDA23-676D-4E78-8948-0C9DF3D10064	NO	WHITE	R0	YES	1	Female	Thyroid	DE	TUMOR FREE							
TCGA-E8-A2EA	52	M0	N0	Stage I	7th	T1b		0	35.64	0:DiseaseFree	NOT HISPANIC OR LATINO	None	10/7/11	Thyroid Papillary Carcinoma - Classical/usual	No	No	C73	8260/3	C73.9	YES	2011	Right lobe	YES	0	12	35.64	0:LIVING	980D1C65-B675-4568-9CE8-C0278686AE8D	YES	WHITE	R0	NO	1	Female	Thyroid	E8	TUMOR FREE							
TCGA-E8-A2JQ	18	M0	N1a	Stage I	7th	T3		0	11.7	0:DiseaseFree	NOT HISPANIC OR LATINO	Minimal (T3)	12/20/11	Thyroid Papillary Carcinoma - Classical/usual	No	No	C73	8260/3	C73.9	YES	2011	Right lobe	YES	11	14	11.7	0:LIVING	F69FF5FB-7E0B-4B16-9FC9-498379B11562	YES	WHITE		NO	1	Female	Thyroid	E8	TUMOR FREE							
TCGA-EM-A22I	52	MX	N0	Stage III	7th	T3		0	14.72	0:DiseaseFree		Minimal (T3)	9/30/11	Thyroid Papillary Carcinoma - Classical/usual	No	No	C73	8260/3	C73.9	YES	2011	Left lobe	YES	0	1	14.72	0:LIVING	EF306507-F426-499E-8A1F-3401A522FB6B	NO		R1	YES	1	Female	Thyroid	EM	TUMOR FREE							
TCGA-EM-A22J	56	MX	N0	Stage II	7th	T2		0	14.49	0:DiseaseFree		None	9/30/11	Thyroid Papillary Carcinoma - Follicular (>= 99% follicular patterned)	No	No	C73	8340/3	C73.9	YES	2011	Left lobe	YES	0	1	14.49	0:LIVING	C53167D4-14DA-40CC-B30A-35EB3967B8DF	NO		RX	YES	1	Female	Thyroid	EM	TUMOR FREE							
TCGA-EM-A22K	46	MX	N1b	Stage IVA	7th	T1b		0	15.74	0:DiseaseFree		None	9/30/11	Thyroid Papillary Carcinoma - Classical/usual	No	No	C73	8260/3	C73.9	YES	2011	Left lobe	YES	10	83	15.74	0:LIVING	DE9315B3-B3DF-45F0-ADC2-69AA6B8FF717	NO		R1	YES	1	Female	Thyroid	EM	WITH TUMOR							
TCGA-EM-A22L	33	MX	N0	Stage I	7th	T2		0	10.45	0:DiseaseFree		None	9/30/11	Thyroid Papillary Carcinoma - Follicular (>= 99% follicular patterned)	No	No	C73	8340/3	C73.9	YES	2011	Right lobe	YES	0	1	10.45	0:LIVING	AABC7724-71C8-4C1B-A54B-22E88DDE148F	NO		R0	YES	1	Female	Thyroid	EM								
TCGA-EM-A22M	52	MX	N0	Stage I	7th	T1b		0	14.52	0:DiseaseFree	NOT HISPANIC OR LATINO	None	9/30/11	Thyroid Papillary Carcinoma - Classical/usual	No	No	C73	8260/3	C73.9	YES	2011	Right lobe	YES	0	3	14.52	0:LIVING	92E9F5E1-B597-451B-B6D5-FAD9A77BA87A	NO	ASIAN	R0	YES	1	Male	Thyroid	EM	TUMOR FREE							
TCGA-EM-A22N	68	MX	N0	Stage I	7th	T1b		0	10.64	0:DiseaseFree		None	9/30/11	Thyroid Papillary Carcinoma - Follicular (>= 99% follicular patterned)	No	No	C73	8340/3	C73.9	YES	2011	Right lobe	YES	0	2	10.64	0:LIVING	C63936DD-39FD-41FA-A9F6-18B18303EF05	NO		RX	YES	1	Female	Thyroid	EM	TUMOR FREE							
TCGA-EM-A22O	75	MX	N1a	Stage IVA	7th	T4a		0	44.15	0:DiseaseFree	NOT HISPANIC OR LATINO	Moderate/Advanced (T4a)	9/30/11	Thyroid Papillary Carcinoma - Classical/usual	No	No	C73	8260/3	C73.9	YES	2011	Left lobe	YES	1	1	44.15	0:LIVING	6ABC861A-376D-446B-ACEE-FB0F03A82C09	NO	ASIAN	R1	YES	1	Male	Thyroid	EM	TUMOR FREE							
TCGA-EM-A22Q	36	MX	N0	Stage I	7th	T3		0	14.22	0:DiseaseFree		None	9/30/11	Thyroid Papillary Carcinoma - Follicular (>= 99% follicular patterned)	No	No	C73	8340/3	C73.9	YES	2011	Right lobe	YES	0	9	14.22	0:LIVING	8492820D-B619-4A74-95D3-EB574067F3F3	NO		R0	YES	1	Male	Thyroid	EM	TUMOR FREE							
TCGA-EM-A2CJ	49	MX	NX	Stage I	7th	T1b		0	47.54	0:DiseaseFree		None	12/29/11	Thyroid Papillary Carcinoma - Follicular (>= 99% follicular patterned)	No	No	C73	8340/3	C73.9	YES	2010	Left lobe	NO			47.54	0:LIVING	DC2BECE1-1FCD-467A-8476-DA171D56488C	NO		R0	YES	1	Female	Thyroid	EM	TUMOR FREE							
TCGA-EM-A2CK	28	MX	N1b	Stage I	7th	T2		0	17.87	0:DiseaseFree		None	12/29/11	Thyroid Papillary Carcinoma - Follicular (>= 99% follicular patterned)	No	No	C73	8340/3	C73.9	YES	2010	Right lobe	YES	6	25	17.87	0:LIVING	7802140A-E518-4AE6-9BD1-C26D80B14AB1	NO		R0	YES	1	Male	Thyroid	EM	TUMOR FREE							
TCGA-EM-A2CL	31	MX	NX	Stage I	7th	T2		0	13.17	0:DiseaseFree		None	12/29/11	Thyroid Papillary Carcinoma - Follicular (>= 99% follicular patterned)	No	No	C73	8340/3	C73.9	YES	2010	Left lobe	NO		0	13.17	0:LIVING	286DE8CD-7222-4F85-A370-79A7903EDF45	NO		R0	YES	1	Male	Thyroid	EM	TUMOR FREE							
TCGA-EM-A2CM	62	MX	N0	Stage III	7th	T3		0	41.16	0:DiseaseFree		None	12/29/11	Other, specify	No	No	C73	8010/3	C73.9	YES	2010	Left lobe	YES	0	3	41.16	0:LIVING	2ACB6F29-06D3-48D4-8553-A9F5839AFE22	NO		R0	YES	1	Female	Thyroid	EM	WITH TUMOR	Poorly Differentiated Oncocytic Carcinoma						
TCGA-EM-A2CP	26	MX	N0	Stage I	7th	T2		0	2.99	0:DiseaseFree		None	12/29/11	Thyroid Papillary Carcinoma - Follicular (>= 99% follicular patterned)	No	No	C73	8340/3	C73.9	YES	2011	Left lobe	YES	0	27	2.99	0:LIVING	2F59F12D-CA0C-4AC6-9718-98A6D455AF46	NO		R0	YES	1	Female	Thyroid	EM	TUMOR FREE							
TCGA-EM-A2CQ	40	MX	N1a	Stage I	7th	T1b		0	12.29	0:DiseaseFree		None	12/29/11	Thyroid Papillary Carcinoma - Follicular (>= 99% follicular patterned)	No	No	C73	8340/3	C73.9	YES	2011	Left lobe	YES	1	3	12.29	0:LIVING	7244B7DB-8282-43AA-A4B4-AD6AF972CF9B	NO		R0	YES	1	Female	Thyroid	EM	TUMOR FREE							
TCGA-EM-A2CR	46	MX	N0	Stage II	7th	T2		0	13.63	0:DiseaseFree		None	12/29/11	Thyroid Papillary Carcinoma - Follicular (>= 99% follicular patterned)	No	No	C73	8340/3	C73.9	YES	2011	Right lobe	YES	0	3	13.63	0:LIVING	212B2002-1EBF-47DD-82F8-6C0B904CF909	NO		R0	YES	1	Female	Thyroid	EM	TUMOR FREE							
TCGA-EM-A2CS	51	MX	N1b	Stage IVA	7th	T3		0	27.63	0:DiseaseFree		None	12/29/11	Thyroid Papillary Carcinoma - Classical/usual	No	No	C73	8342/3	C73.9	YES	2011	Right lobe	YES	35	49	27.63	0:LIVING	7555E736-A9E2-4B96-A633-FB0F7224D62C	NO		R1	YES	2	Female	Thyroid	EM	WITH TUMOR							
TCGA-EM-A2CT	20	MX	N0	Stage I	7th	T1b		0	48.42	0:DiseaseFree		None	12/29/11	Thyroid Papillary Carcinoma - Follicular (>= 99% follicular patterned)	No	No	C73	8340/3	C73.9	YES	2011	Right lobe	YES	0	5	48.42	0:LIVING	C8703A65-816B-4F6E-BB15-53DCB3288F66	NO		R0	YES	1	Female	Thyroid	EM	TUMOR FREE							
TCGA-EM-A2CU	47	MX	N1a	Stage III	7th	T2		0	13.14	0:DiseaseFree		None	12/29/11	Thyroid Papillary Carcinoma - Follicular (>= 99% follicular patterned)	No	No	C73	8340/3	C73.9	YES	2011	Right lobe	YES	4	30	13.14	0:LIVING	667EB7F6-1D36-49BB-9D7B-C9D167B64619	NO		R0	YES	1	Female	Thyroid	EM	TUMOR FREE							
TCGA-H2-A2K9	25	MX	N1b	Stage I	7th	T2		0	21.65	0:DiseaseFree	NOT HISPANIC OR LATINO	None	10/18/11	Thyroid Papillary Carcinoma - Classical/usual	No	No	C73	8260/3	C73.9	YES	2011	Bilateral	YES	11	14	21.65	0:LIVING	25D8A79E-15FD-4C8A-A7F6-05D78973B757	YES	WHITE		NO	1	Male	Thyroid	H2								
TCGA-BJ-A2N7	30	M0	N0	Stage I	7th	T3		0	18.36	0:DiseaseFree	NOT HISPANIC OR LATINO	Minimal (T3)	6/29/12	Thyroid Papillary Carcinoma - Classical/usual	No	No	C73	8260/3	C73.9	YES	2011	Bilateral	NO			18.36	0:LIVING	CBAB7A72-11F7-4DFE-80F8-1B1EF1CF0055	YES	WHITE	R0	NO	1	Female	Thyroid	BJ	WITH TUMOR			Persistent locoregional disease	NO	YES	YES	
TCGA-BJ-A2N8	30	M0	N0	Stage I	7th	T1b		0	16.56	0:DiseaseFree	NOT HISPANIC OR LATINO		3/27/12	Thyroid Papillary Carcinoma - Classical/usual	No	No	C73	8260/3	C73.9	YES	2011	Right lobe	YES	0	2	16.56	0:LIVING	729FC937-192A-4EB7-B357-B8F0D2DA1F08	YES	WHITE		NO	1	Female	Thyroid	BJ	TUMOR FREE							
TCGA-BJ-A2N9	42	M0	N0	Stage I	7th	T2		0	7.39	1:Recurred/Progressed	NOT HISPANIC OR LATINO	None	3/27/12	Thyroid Papillary Carcinoma - Classical/usual	No	No	C73	8260/3	C73.9	YES	2011	Right lobe	YES	0	3	20.47	0:LIVING	1E63D4B3-1B49-4BB9-B64F-001273AAE120	YES	WHITE	R1	NO	1	Female	Thyroid	BJ	TUMOR FREE							
TCGA-BJ-A2P4	29	M0	N0	Stage I	7th	T2		0	12.81	0:DiseaseFree	NOT HISPANIC OR LATINO		1/31/12	Thyroid Papillary Carcinoma - Classical/usual	No	No	C73	8260/3	C73.9	YES	2011	Left lobe	NO			12.81	0:LIVING	E8D74DBB-410C-4F8F-8E1F-2B2DD7634160	NO	WHITE	R0	YES	1	Female	Thyroid	BJ	TUMOR FREE							
TCGA-DE-A2OL	44	MX	NX	Stage I	7th	T2		0	37.61	0:DiseaseFree	NOT HISPANIC OR LATINO	None	11/14/11	Thyroid Papillary Carcinoma - Follicular (>= 99% follicular patterned)	No	No	C73	8340/3	C73.9	YES	2011	Right lobe	NO			37.61	0:LIVING	77BB90F0-E923-4E28-BB88-4D6B420E0B5C	YES	WHITE	R0	NO	1	Female	Thyroid	DE	TUMOR FREE							
TCGA-DJ-A2PQ	26	M0	N1a	Stage I	7th	T2		0	35.38	0:DiseaseFree	NOT HISPANIC OR LATINO	None	1/26/12	Thyroid Papillary Carcinoma - Classical/usual	No	No	C73	8260/3	C73.9	YES	2010	Left lobe	YES	7	12	35.38	0:LIVING	EDB90376-0EF9-47DD-BE6F-A6E8A0380A9C	NO	WHITE	R0	YES	1	Male	Thyroid	DJ	TUMOR FREE							
TCGA-DJ-A2PS	40	M0	N1a	Stage I	7th	T3		0	26.18	0:DiseaseFree	NOT HISPANIC OR LATINO	Minimal (T3)	1/26/12	Thyroid Papillary Carcinoma - Classical/usual	No	No	C73	8260/3	C73.9	YES	2011	Bilateral	YES	1	4	26.18	0:LIVING	9F31DEB9-B9F4-439B-AEA4-F87C71406C79	NO	WHITE	R0	YES	1	Female	Thyroid	DJ	TUMOR FREE							
TCGA-DJ-A2PT	70	M0	N0	Stage III	7th	T3		0	38.8	0:DiseaseFree	HISPANIC OR LATINO	Minimal (T3)	1/26/12	Thyroid Papillary Carcinoma - Tall Cell (>= 50% tall cell features)	No	No	C73	8260/3	C73.9	YES	2011	Right lobe	YES	0	15	38.8	0:LIVING	39E68907-3FFB-4CA1-A955-DB5FA2F0DEB1	NO	WHITE	R0	YES	1	Female	Thyroid	DJ	TUMOR FREE							
TCGA-DJ-A2PX	55	M0	N0	Stage I	7th	T1b		0	28.94	0:DiseaseFree	NOT HISPANIC OR LATINO	None	1/26/12	Thyroid Papillary Carcinoma - Follicular (>= 99% follicular patterned)	No	No	C73	8340/3	C73.9	YES	2011	Left lobe	YES	0	4	28.94	0:LIVING	A175A9A5-AB86-4C68-9814-C30CFCC52662	NO	WHITE	R0	YES	1	Female	Thyroid	DJ	TUMOR FREE							
TCGA-DJ-A2PY	46	M0	N1a	Stage III	7th	T3		0	8.77	0:DiseaseFree	NOT HISPANIC OR LATINO	Minimal (T3)	1/26/12	Thyroid Papillary Carcinoma - Tall Cell (>= 50% tall cell features)	No	No	C73	8344/3	C73.9	YES	2011	Bilateral	YES	1	2	8.77	0:LIVING	FD25E4E6-F017-4C07-B109-D8A5EEA8763C	NO	WHITE	R0	YES	1	Female	Thyroid	DJ	TUMOR FREE							
TCGA-DJ-A2PZ	63	M0	N0	Stage III	7th	T3		0	8.41	0:DiseaseFree	NOT HISPANIC OR LATINO	Minimal (T3)	1/30/12	Thyroid Papillary Carcinoma - Classical/usual	No	No	C73	8260/3	C73.9	YES	2011	Left lobe	YES	0	1	8.41	0:LIVING	5DCBDFCF-8A4D-4DA5-9049-F2B970FE8CA8	NO	WHITE	R0	YES	1	Male	Thyroid	DJ	TUMOR FREE							
TCGA-DJ-A2Q3	61	M0	N1a	Stage III	7th	T3		0	12.65	1:Recurred/Progressed	NOT HISPANIC OR LATINO	Minimal (T3)	1/30/12	Thyroid Papillary Carcinoma - Tall Cell (>= 50% tall cell features)	No	No	C73	8344/3	C73.9	YES	2011	Left lobe	YES	1	6	40.21	0:LIVING	ACBA8D76-999A-4F6D-B3A4-8D7DD0F2BB52	NO	ASIAN	R0	YES	1	Female	Thyroid	DJ	TUMOR FREE							
TCGA-DJ-A2Q4	53	M0	N1a	Stage III	7th	T1b		0	33.9	0:DiseaseFree	NOT HISPANIC OR LATINO	None	1/30/12	Thyroid Papillary Carcinoma - Classical/usual	No	No	C73	8260/3	C73.9	YES	2011	Bilateral	YES	1	10	33.9	0:LIVING	F00FD40A-1254-4300-BAF9-88528C453A2E	NO	WHITE	R0	YES	1	Male	Thyroid	DJ	TUMOR FREE							
TCGA-DJ-A2Q5	51	M0	N1b	Stage IVA	7th	T2		0	37.45	0:DiseaseFree	NOT HISPANIC OR LATINO	None	2/20/12	Thyroid Papillary Carcinoma - Classical/usual	No	No	C73	8260/3	C73.9	YES	2011	Left lobe	YES	2	5	37.45	0:LIVING	13C97CFB-EEA2-4AE8-9209-C967D9642CEF	NO	WHITE	R0	YES	1	Male	Thyroid	DJ	TUMOR FREE							
TCGA-DJ-A2Q6	38	M0	N1b	Stage I	7th	T1b		0	36.43	0:DiseaseFree	NOT HISPANIC OR LATINO	Minimal (T3)	2/20/12	Thyroid Papillary Carcinoma - Classical/usual	No	No	C73	8260/3	C73.9	YES	2011	Bilateral	YES	22	45	36.43	0:LIVING	AF546062-0960-41F0-9ED1-6ACECBAD99F3	NO	WHITE	R0	YES	1	Female	Thyroid	DJ	TUMOR FREE							
TCGA-DJ-A2Q7	52	M0	N1a	Stage III	7th	T2		0	35.09	0:DiseaseFree	NOT HISPANIC OR LATINO	Minimal (T3)	2/20/12	Thyroid Papillary Carcinoma - Classical/usual	No	No	C73	8260/3	C73.9	YES	2011	Bilateral	YES	3	5	35.09	0:LIVING	7A9B57C9-6F80-4AEA-BF9C-76407C8084BE	NO	ASIAN	R0	YES	1	Female	Thyroid	DJ	TUMOR FREE							
TCGA-DJ-A2Q8	47	M0	N0	Stage I	7th	T1a		0	39.06	0:DiseaseFree	NOT HISPANIC OR LATINO	None	2/20/12	Thyroid Papillary Carcinoma - Tall Cell (>= 50% tall cell features)	No	No	C73	8344/3	C73.9	YES	2011	Left lobe	YES	0	3	39.06	0:LIVING	F9CF605F-F287-4EBA-8E8F-8BA47E14ECC4	NO		R0	YES	1	Female	Thyroid	DJ	TUMOR FREE							
TCGA-DJ-A2Q9	65	M0	N1a	Stage III	7th	T1b		0	35.87	0:DiseaseFree	NOT HISPANIC OR LATINO	None	2/20/12	Thyroid Papillary Carcinoma - Tall Cell (>= 50% tall cell features)	No	No	C73	8344/3	C73.9	YES	2011	Right lobe	YES	1	5	35.87	0:LIVING	061FAB24-727A-4551-A205-89EEB9F530EA	NO	WHITE	R0	YES	1	Female	Thyroid	DJ	TUMOR FREE							
TCGA-DJ-A2QA	56	M0	N0	Stage III	7th	T3		0	33.51	0:DiseaseFree	NOT HISPANIC OR LATINO	Minimal (T3)	2/20/12	Thyroid Papillary Carcinoma - Follicular (>= 99% follicular patterned)	No	No	C73	8340/3	C73.9	YES	2010	Bilateral	YES	0	1	33.51	0:LIVING	B07435D4-1341-4B41-9B11-D13A4F1CA0AD	NO	ASIAN	R0	YES	1	Female	Thyroid	DJ	TUMOR FREE							
TCGA-DJ-A2QC	70	M0	N0	Stage II	7th	T2		0	39.91	0:DiseaseFree	NOT HISPANIC OR LATINO	None	2/20/12	Thyroid Papillary Carcinoma - Classical/usual	No	No	C73	8260/3	C73.9	YES	2010	Left lobe	NO			39.91	0:LIVING	1F094DB9-F8CC-4066-ADFF-609682936172	NO		R0	YES	1	Female	Thyroid	DJ	TUMOR FREE							
TCGA-ET-A2MY	72	MX	NX	Stage I	7th	T1b		0	58.71	0:DiseaseFree	NOT HISPANIC OR LATINO	None	12/9/11	Thyroid Papillary Carcinoma - Classical/usual	No	No	C73	8260/3	C73.9	YES	2010	Right lobe	NO			58.71	0:LIVING	EB15422B-CAFD-4AF2-973E-8C997A911170	NO	BLACK OR AFRICAN AMERICAN	R0	YES	1	Female	Thyroid	ET	TUMOR FREE							
TCGA-ET-A2N0	51	MX	N1a	Stage III	7th	T1b		0	52.56	0:DiseaseFree	NOT HISPANIC OR LATINO	None	12/9/11	Thyroid Papillary Carcinoma - Classical/usual	No	No	C73	8260/3	C73.9	YES	2010	Right lobe	YES	20	27	52.56	0:LIVING	212AA9C4-610D-4286-9CA2-AE6C87B9BC0E	NO	WHITE	R0	YES	1	Female	Thyroid	ET	TUMOR FREE							
TCGA-ET-A2N1	47	MX	N1a	Stage III	7th	T2		0	54.3	0:DiseaseFree	NOT HISPANIC OR LATINO	None	12/9/11	Thyroid Papillary Carcinoma - Classical/usual	No	No	C73	8260/3	C73.9	YES	2010	Left lobe	YES	6	7	54.3	0:LIVING	E74B8474-F74A-498D-8848-6AA97D38D2D8	NO	ASIAN	R0	YES	1	Female	Thyroid	ET	TUMOR FREE							
TCGA-ET-A2N5	46	MX	NX	Stage III	6th	T3		0	80.81	0:DiseaseFree	NOT HISPANIC OR LATINO	Minimal (T3)	12/9/11	Thyroid Papillary Carcinoma - Follicular (>= 99% follicular patterned)	No	No	C73	8340/3	C73.9	YES	2008	Right lobe	NO			80.81	0:LIVING	7D818F01-49A6-4BA8-9F1C-C77398ADBDD0	NO	BLACK OR AFRICAN AMERICAN	RX	YES	1	Female	Thyroid	ET	TUMOR FREE							
TCGA-BJ-A28S	79	M0	N0	Stage II	7th	T2		0	21.02	0:DiseaseFree	NOT HISPANIC OR LATINO		10/5/11	Thyroid Papillary Carcinoma - Classical/usual	No	No	C73	8260/3	C73.9	YES	2010	Left lobe				21.02	0:LIVING	59E91FE5-C80F-4915-BE0F-1A7CD3F31F3E	NO	WHITE		YES	1	Male	Thyroid	BJ	TUMOR FREE							
TCGA-BJ-A28V	80	MX	N0	Stage III	7th	T3		0	32.42	0:DiseaseFree	NOT HISPANIC OR LATINO		10/5/11	Thyroid Papillary Carcinoma - Classical/usual	No	No	C73	8260/3	C73.9	YES	2011	Bilateral				32.42	0:LIVING	BED1FB3C-4459-460E-8190-29211857FA73	NO	WHITE		YES	1	Female	Thyroid	BJ								
TCGA-BJ-A2NA	77	M0	N0	Stage III	7th	T3		0	4.17	1:Recurred/Progressed	NOT HISPANIC OR LATINO	Minimal (T3)	3/27/12	Thyroid Papillary Carcinoma - Classical/usual	No	No	C73	8260/3	C73.9	YES	2011	Bilateral	YES	0	1	18.96	0:LIVING	F9D35F8E-ADA4-4CC6-8227-28565EE531D2	YES	WHITE	R1	NO	1	Male	Thyroid	BJ	WITH TUMOR							
TCGA-DJ-A2PN	70	M0	N0	Stage I	7th	T1b		0	10.09	0:DiseaseFree	NOT HISPANIC OR LATINO	None	1/23/12	Thyroid Papillary Carcinoma - Classical/usual	No	No	C73	8260/3	C73.9	YES	2010	Left lobe	NO			10.09	0:LIVING	FB39F29A-5D1E-4F96-8ADB-E18CC87FAD2E	NO	WHITE	R0	YES	1	Female	Thyroid	DJ	TUMOR FREE							
TCGA-DJ-A2PO	54	M0	N0	Stage I	7th	T1a		0	7.98	0:DiseaseFree	NOT HISPANIC OR LATINO	None	1/23/12	Thyroid Papillary Carcinoma - Classical/usual	No	No	C73	8260/3	C73.9	YES	2010	Bilateral	YES	0	4	7.98	0:LIVING	D60F6620-575D-47FE-83E8-80A6AD838BED	NO	WHITE	R0	YES	1	Male	Thyroid	DJ	TUMOR FREE							
TCGA-DJ-A2PP	47	M0	N0	Stage II	7th	T2		0	30.55	0:DiseaseFree	NOT HISPANIC OR LATINO	None	1/23/12	Thyroid Papillary Carcinoma - Follicular (>= 99% follicular patterned)	No	No	C73	8340/3	C73.9	YES	2011	Bilateral	YES	0	3	30.55	0:LIVING	05350770-2B5B-4C58-84CE-0917665CCB90	NO		R0	YES	1	Male	Thyroid	DJ	TUMOR FREE							
TCGA-DJ-A2PR	27	M0	N1a	Stage I	7th	T3		0	27.43	0:DiseaseFree	NOT HISPANIC OR LATINO	Minimal (T3)	1/26/12	Thyroid Papillary Carcinoma - Classical/usual	No	Yes	C73	8260/3	C73.9	YES	2011	Bilateral	YES	6	12	27.43	0:LIVING	2CE580E9-4D75-464C-B403-C9F4626D7AA4	NO	ASIAN	R0	YES	1	Male	Thyroid	DJ	TUMOR FREE							
TCGA-DJ-A2PU	52	M0	N0	Stage II	7th	T2		0	33.94	0:DiseaseFree	NOT HISPANIC OR LATINO	None	1/26/12	Thyroid Papillary Carcinoma - Classical/usual	No	No	C73	8260/3	C73.9	YES	2011	Bilateral	YES	0	1	33.94	0:LIVING	13577A2B-EE68-45E5-96A8-B1FD71FC62DA	NO	WHITE	R0	YES	1	Female	Thyroid	DJ	TUMOR FREE							
TCGA-DJ-A2PV	53	M0	N0	Stage II	7th	T2		0	31.96	0:DiseaseFree	NOT HISPANIC OR LATINO	None	1/26/12	Thyroid Papillary Carcinoma - Classical/usual	No	No	C73	8260/3	C73.9	YES	2011	Bilateral	YES	0	7	31.96	0:LIVING	63076BDA-61A1-4403-A270-4130B5D003EE	NO	WHITE	R0	YES	1	Female	Thyroid	DJ	TUMOR FREE							
TCGA-DJ-A2PW	65	M0	N1a	Stage III	7th	T3		0	34.82	0:DiseaseFree	NOT HISPANIC OR LATINO	None	1/26/12	Thyroid Papillary Carcinoma - Classical/usual	No	No	C73	8260/3	C73.9	YES	2011	Bilateral	YES	1	1	34.82	0:LIVING	D487536F-0521-4D42-9150-6A806AE00241	NO	WHITE	R0	YES	1	Male	Thyroid	DJ	TUMOR FREE							
TCGA-DJ-A2Q1	44	M0	N1b	Stage I	7th	T1b		0	37.71	0:DiseaseFree	NOT HISPANIC OR LATINO	None	1/30/12	Thyroid Papillary Carcinoma - Classical/usual	No	No	C73	8260/3	C73.9	YES	2011	Bilateral	YES	11	44	37.71	0:LIVING	E35B2928-8784-45D0-A71A-A2DF161542FA	NO	WHITE	R0	YES	1	Female	Thyroid	DJ	TUMOR FREE							
TCGA-DJ-A2Q2	57	M0	N0	Stage III	7th	T3		0	43.92	0:DiseaseFree	NOT HISPANIC OR LATINO	None	1/30/12	Thyroid Papillary Carcinoma - Follicular (>= 99% follicular patterned)	No	No	C73	8340/3	C73.9	YES	2011	Right lobe	YES	0	1	43.92	0:LIVING	A00DA907-E527-45F9-9AFB-2FAD2C7B0940	NO	WHITE	R0	YES	1	Female	Thyroid	DJ	TUMOR FREE							
TCGA-DJ-A2QB	53	M0	N1b	Stage IVA	7th	T3		0	35.15	0:DiseaseFree	NOT HISPANIC OR LATINO	Minimal (T3)	2/20/12	Thyroid Papillary Carcinoma - Follicular (>= 99% follicular patterned)	No	No	C73	8340/3	C73.9	YES	2011	Bilateral	YES	5	54	35.15	0:LIVING	B597023C-FF84-44CC-BFCC-8BEE64CA4CFF	NO	ASIAN	R0	YES	1	Female	Thyroid	DJ	TUMOR FREE							
TCGA-EL-A3CL	70	M0	NX	Stage II	4th	T2		0			NOT HISPANIC OR LATINO	None	3/8/13	Thyroid Papillary Carcinoma - Classical/usual	No	No	C73	8260/3	C73.9	YES	1994	Isthmus	NO			31.64	1:DECEASED	641BA101-135B-4395-9360-2058FABFED56	NO	WHITE	R0	YES	1	Female	Thyroid	EL					NO	NO	NO	
TCGA-EL-A3CM	64	M0	N1b	Stage III	4th	T3		0			HISPANIC OR LATINO	Minimal (T3)	3/8/13	Thyroid Papillary Carcinoma - Classical/usual	No	No	C73	8260/3	C73.9	YES	1996	Bilateral	YES	3	16	26.71	1:DECEASED	229004AF-14EB-442E-905E-61C842B3EFA0	NO	WHITE	R1	YES	1	Female	Thyroid	EL					NO	NO	YES	
TCGA-EL-A3CO	88	M0	N1b	Stage III	5th	T3		0			NOT HISPANIC OR LATINO	Minimal (T3)	3/8/13	Thyroid Papillary Carcinoma - Classical/usual	No	No	C73	8260/3	C73.9	YES	1999	Bilateral	YES	10	41	97.67	1:DECEASED	FD661B1B-FE0B-4AB0-AE82-76324E2F6A81	NO	WHITE	R1	YES	1	Male	Thyroid	EL					NO	NO	YES	
TCGA-EL-A3CP	50	M0	NX		5th	T1		0	158.71	0:DiseaseFree	NOT HISPANIC OR LATINO	None	10/12/12	Thyroid Papillary Carcinoma - Follicular (>= 99% follicular patterned)	No	No	C73	8340/3	C73.9	YES	1999		NO			158.71	0:LIVING	3585DDAB-FE5E-4A5A-92C7-3CBAFF52AF57	NO	BLACK OR AFRICAN AMERICAN	RX	YES	1	Female	Thyroid	EL	TUMOR FREE				NO	NO	YES	
TCGA-EL-A3CS	62	M0	N0	Stage IVA	6th	T4a		0			NOT HISPANIC OR LATINO	Moderate/Advanced (T4a)	10/12/12	Thyroid Papillary Carcinoma - Classical/usual	Yes	Yes	C73	8260/3	C73.9	YES	2004		YES	0	20	45.5	1:DECEASED	8B1987F7-75FD-4E24-BE77-891BBD2D40A1	NO	WHITE	R0	YES	1	Female	Thyroid	EL	WITH TUMOR				NO	NO	YES	
TCGA-EL-A3CU	70	M0	N1a	Stage III	5th	T1		0	157.03	0:DiseaseFree	NOT HISPANIC OR LATINO	None	10/12/12	Thyroid Papillary Carcinoma - Classical/usual	No	No	C73	8260/3	C73.9	YES	2000		YES	4	7	157.03	0:LIVING	745642A0-DDBA-495B-BAFC-DA085552758A	NO	WHITE	R0	YES	1	Female	Thyroid	EL	TUMOR FREE				NO	NO	YES	
TCGA-EL-A3CV	40	M0	N1b	Stage I	6th	T3		0	37.91	0:DiseaseFree	HISPANIC OR LATINO	Minimal (T3)	3/8/13	Thyroid Papillary Carcinoma - Classical/usual	No	No	C73	8260/3	C73.9	YES	2005	Bilateral	YES	9	38	37.91	0:LIVING	FB83F7D7-2182-4FB7-8E3E-8AD7F1FEAC72	NO	WHITE	R1	YES	1	Male	Thyroid	EL	TUMOR FREE				NO	NO	YES	
TCGA-EL-A3CW	87	M0	N1a	Stage III	5th	T2		0			NOT HISPANIC OR LATINO	None	10/12/12	Thyroid Papillary Carcinoma - Classical/usual	No	No	C73	8260/3	C73.9	YES	2000	Right lobe	YES	14	21	56.96	1:DECEASED	011AE7B8-5003-4FCD-9F20-906A723F2C66	NO	WHITE	R0	YES	1	Female	Thyroid	EL					NO	NO	NO	
TCGA-EL-A3CX	22	M0	N0	Stage I	6th	T2		0	106.54	0:DiseaseFree	HISPANIC OR LATINO	None	3/8/13	Thyroid Papillary Carcinoma - Classical/usual	No	No	C73	8260/3	C73.9	YES	2005	Right lobe	YES	0	13	106.54	0:LIVING	934A58AF-0FFC-487E-9E95-FA7643B7D5CB	NO	WHITE	R0	YES	1	Female	Thyroid	EL	TUMOR FREE				NO	NO	NO	
TCGA-EL-A3CY	28	M0	N1b	Stage I	5th	TX		0	4.17	0:DiseaseFree	NOT HISPANIC OR LATINO	None	3/15/13	Thyroid Papillary Carcinoma - Classical/usual	Yes	Yes	C73	8260/3	C73.9	YES	2000	Right lobe	YES	12	12	4.17	0:LIVING	AB17D69E-0078-4206-939E-E4784FDC9A96	NO	WHITE	R0	YES	1	Male	Thyroid	EL	TUMOR FREE				NO	NO	NO	
TCGA-EL-A3CZ	37	M0	N1a	Stage I	6th	T1		0	46.85	1:Recurred/Progressed	NOT HISPANIC OR LATINO	None	10/12/12	Thyroid Papillary Carcinoma - Classical/usual	No	No	C73	8260/3	C73.9	YES	2007	Left lobe	YES	1	7	79.43	0:LIVING	C951B786-7DE3-4195-85B9-C4C19E95F546	NO	WHITE	R1	YES	1	Female	Thyroid	EL	TUMOR FREE				NO	NO	YES	
TCGA-EL-A3D1	39	M0	N0	Stage I	6th	T2		0	98.46	0:DiseaseFree	NOT HISPANIC OR LATINO	None	3/8/13	Thyroid Papillary Carcinoma - Classical/usual	No	No	C73	8260/3	C73.9	YES	2006	Left lobe	YES	0	19	98.46	0:LIVING	BCD63672-8A22-4A30-9045-A43DEF5B4D6F	NO	ASIAN	R0	YES	1	Male	Thyroid	EL	TUMOR FREE				NO	NO	YES	
TCGA-EL-A3D4	62	M0	N1b	Stage IVA	6th	T3		0	69.51	0:DiseaseFree	NOT HISPANIC OR LATINO	Minimal (T3)	3/8/13	Thyroid Papillary Carcinoma - Classical/usual	No	No	C73	8260/3	C73.9	YES	2008	Bilateral	YES	31	75	69.51	0:LIVING	5D0CC336-26F2-4CB0-AA9E-58491DDA102F	NO	BLACK OR AFRICAN AMERICAN	R0	YES	1	Male	Thyroid	EL	TUMOR FREE				NO	NO	YES	
TCGA-EM-A22P	64	MX	N1b	Stage IVA	7th	T1b		0	41.26	0:DiseaseFree		None	9/30/11	Thyroid Papillary Carcinoma - Classical/usual	No	No	C73	8260/3	C73.9	YES	2011	Right lobe	YES	14	28	41.26	0:LIVING	1A4164D9-4484-452D-9382-8CBF896A870E	NO		R1	YES	1	Male	Thyroid	EM	TUMOR FREE							
TCGA-EM-A2CN	62	M1	N0	Stage IVC	7th	T3		0	23.49	0:DiseaseFree		None	12/29/11	Thyroid Papillary Carcinoma - Follicular (>= 99% follicular patterned)	No	No	C73	8340/3	C73.9	YES	2010	Right lobe	YES	0	3	23.49	0:LIVING	4AED5116-D27B-4911-B310-05C2248B861F	NO		R0	YES	1	Male	Thyroid	EM	WITH TUMOR		Biopsy Proven					
TCGA-EM-A2CO	77	MX	NX	Stage II	7th	T2		0	6.04	0:DiseaseFree		None	12/29/11	Thyroid Papillary Carcinoma - Follicular (>= 99% follicular patterned)	No	No	C73	8340/3	C73.9	YES	2011	Right lobe	NO			6.04	0:LIVING	04AE6B65-8514-47FA-B573-EC1E067FF116	NO		R0	YES	1	Female	Thyroid	EM	TUMOR FREE							
TCGA-ET-A2MZ	39	MX	N0	Stage I	7th	T1b		0	37.22	0:DiseaseFree	NOT HISPANIC OR LATINO	None	12/9/11	Thyroid Papillary Carcinoma - Classical/usual	No	No	C73	8260/3	C73.9	YES	2010	Right lobe	YES	0	6	37.22	0:LIVING	4FA53EB7-1FDB-4FE5-B5AD-F3D8069B3EB8	NO	WHITE	RX	YES	1	Male	Thyroid	ET	TUMOR FREE							
TCGA-ET-A2N4	53	MX	N0	Stage III	6th	T3		0	2.66	0:DiseaseFree	NOT HISPANIC OR LATINO	Minimal (T3)	12/9/11	Thyroid Papillary Carcinoma - Follicular (>= 99% follicular patterned)	No	No	C73	8340/3	C73.9	YES	2008	Right lobe	YES	0	2	2.66	0:LIVING	3DCEE02C-A3D2-4188-A072-4D36C8A7E8FD	NO	WHITE	RX	YES	1	Female	Thyroid	ET	TUMOR FREE							
TCGA-ET-A39I	83	MX	NX	Stage I	6th	T1		0			NOT HISPANIC OR LATINO	None	12/9/11	Thyroid Papillary Carcinoma - Follicular (>= 99% follicular patterned)	No	No	C73	8340/3	C73.9	YES	2007	Right lobe	NO			33.21	1:DECEASED	369A07A5-F835-4886-A204-D5584C67F253	NO	WHITE	R0	YES	1	Female	Thyroid	ET	TUMOR FREE							
TCGA-ET-A39J	23	MX	NX	Stage I	6th	T2		0	106.01	0:DiseaseFree	NOT HISPANIC OR LATINO	None	12/9/11	Thyroid Papillary Carcinoma - Classical/usual	No	No	C73	8260/3	C73.9	YES	2006	Right lobe	NO			106.01	0:LIVING	1757C89F-8795-4C3B-BBAD-1E6F617F2472	NO	WHITE	R0	YES	1	Female	Thyroid	ET	TUMOR FREE							
TCGA-ET-A39K	48	MX	N1a	Stage III	6th	T3		0	41.03	1:Recurred/Progressed	NOT HISPANIC OR LATINO	Minimal (T3)	12/9/11	Thyroid Papillary Carcinoma - Classical/usual	No	No	C73	8260/3	C73.9	YES	2006	Left lobe	YES	11	14	107.33	0:LIVING	6E1C9AC8-EEAD-4DB9-8F30-EF3591DAF78B	NO	WHITE	R1	YES	1	Female	Thyroid	ET	TUMOR FREE							
TCGA-ET-A39L	20	MX	N0	Stage I	6th	T3		0	108.38	0:DiseaseFree	NOT HISPANIC OR LATINO	None	12/9/11	Thyroid Papillary Carcinoma - Classical/usual	No	No	C73	8260/3	C73.9	YES	2006	Left lobe	YES	0	4	108.38	0:LIVING	CD73C807-A74E-46A8-9855-92DE33DA9B0D	NO		R0	YES	1	Female	Thyroid	ET	TUMOR FREE							
TCGA-ET-A39M	34	MX	NX	Stage I	6th	T2		0	84.82	0:DiseaseFree	NOT HISPANIC OR LATINO	None	12/9/11	Thyroid Papillary Carcinoma - Classical/usual	No	No	C73	8260/3	C73.9	YES	2004	Left lobe	NO			84.82	0:LIVING	E9949320-AD37-4542-98C1-B72DF60B1668	NO	WHITE	R0	YES	1	Male	Thyroid	ET	TUMOR FREE							
TCGA-ET-A39N	35	MX	NX	Stage I	6th	T3		0	123.23	0:DiseaseFree	NOT HISPANIC OR LATINO	None	12/9/11	Thyroid Papillary Carcinoma - Classical/usual	No	No	C73	8260/3	C73.9	YES	2004	Right lobe	NO			123.23	0:LIVING	87858089-1BAD-4E5D-80ED-04F846DA9CA4	NO	WHITE	R0	YES	1	Female	Thyroid	ET	TUMOR FREE							
TCGA-ET-A39O	39	MX	N0	Stage I	6th	T1		0	100.49	0:DiseaseFree	NOT HISPANIC OR LATINO	None	12/9/11	Thyroid Papillary Carcinoma - Tall Cell (>= 50% tall cell features)	No	No	C73	8344/3	C73.9	YES	2006	Isthmus	YES	0	4	100.49	0:LIVING	D2512FD6-9042-4A62-8B49-D483CB84B89D	NO	WHITE	R0	YES	1	Male	Thyroid	ET	TUMOR FREE							
TCGA-ET-A39P	73	MX	N0	Stage III	6th	T3		0	95.27	0:DiseaseFree	NOT HISPANIC OR LATINO	Minimal (T3)	12/9/11	Thyroid Papillary Carcinoma - Classical/usual	No	No	C73	8260/3	C73.9	YES	2007	Left lobe	YES	0	2	95.27	0:LIVING	44465A32-8EE9-4575-94B8-0200BA7C5BD4	NO	BLACK OR AFRICAN AMERICAN	R1	YES	1	Female	Thyroid	ET	TUMOR FREE							
TCGA-ET-A39R	24	MX	N0	Stage I	6th	T1		0	94.05	0:DiseaseFree	HISPANIC OR LATINO	None	12/9/11	Thyroid Papillary Carcinoma - Classical/usual	No	No	C73	8260/3	C73.9	YES	2007	Right lobe	YES	0	18	94.05	0:LIVING	9A19F08B-386A-40B1-B694-78E8556A6CAA	NO	WHITE	R0	YES	1	Female	Thyroid	ET	TUMOR FREE							
TCGA-ET-A39S	27	MX	N0	Stage I	6th	T1		0	55.06	0:DiseaseFree	NOT HISPANIC OR LATINO	None	12/9/11	Thyroid Papillary Carcinoma - Classical/usual	No	No	C73	8260/3	C73.9	YES	2007	Left lobe	YES	0	2	55.06	0:LIVING	DFE086E6-71A5-4131-9602-F20977BF7454	NO	WHITE	R0	YES	1	Female	Thyroid	ET	TUMOR FREE							
TCGA-ET-A39T	55	MX	N0	Stage III	6th	T3		0	98.13	0:DiseaseFree	NOT HISPANIC OR LATINO	Minimal (T3)	12/9/11	Thyroid Papillary Carcinoma - Follicular (>= 99% follicular patterned)	No	No	C73	8340/3	C73.9	YES	2006	Right lobe	YES	0	2	98.13	0:LIVING	7A45CBC2-9FBE-49F9-9D70-F8DC82829769	NO	WHITE	R0	YES	1	Female	Thyroid	ET	TUMOR FREE							
TCGA-ET-A3BN	33	MX	NX	Stage I	6th	T2		0	28.22	0:DiseaseFree	NOT HISPANIC OR LATINO	None	1/6/12	Thyroid Papillary Carcinoma - Classical/usual	No	No	C73	8260/3	C73.9	YES	2009	Right lobe	NO			28.22	0:LIVING	3B5582E4-58AF-4A01-B83D-6FE9704F2B43	NO	ASIAN	R0	YES	1	Female	Thyroid	ET	TUMOR FREE							
TCGA-ET-A3BO	44	MX	N1a	Stage I	7th	T3		0	50.36	0:DiseaseFree	NOT HISPANIC OR LATINO	Minimal (T3)	1/9/12	Thyroid Papillary Carcinoma - Tall Cell (>= 50% tall cell features)	No	Yes	C73	8344/3	C73.9	YES	2010	Left lobe	YES	2	10	50.36	0:LIVING	C115DF9D-CEC4-4D7A-87F0-36A5C1F1D51F	NO	WHITE	R1	YES	1	Female	Thyroid	ET	TUMOR FREE							
TCGA-ET-A3BP	34	MX	N1a	Stage I	6th	T2		0	79.04	0:DiseaseFree	HISPANIC OR LATINO	None	1/6/12	Thyroid Papillary Carcinoma - Classical/usual	No	No	C73	8260/3	C73.9	YES	2008	Left lobe	YES	2	3	79.04	0:LIVING	9382942C-40DC-404A-AD8A-697612CDB575	NO	WHITE	R0	YES	1	Female	Thyroid	ET	TUMOR FREE							
TCGA-ET-A3BT	60	MX	N1b	Stage IVA	6th	T2		0	8.77	1:Recurred/Progressed	NOT HISPANIC OR LATINO	None	1/10/12	Thyroid Papillary Carcinoma - Tall Cell (>= 50% tall cell features)	No	No	C73	8344/3	C73.9	YES	2007	Isthmus	YES	2	7	87.55	0:LIVING	D84312E8-999D-49AD-B0AA-E48E87EFC462	NO	WHITE	R0	YES	1	Female	Thyroid	ET	TUMOR FREE							
TCGA-ET-A3BU	28	MX	N1a	Stage I	6th	T1		0	77.76	0:DiseaseFree	NOT HISPANIC OR LATINO	None	1/6/12	Thyroid Papillary Carcinoma - Classical/usual	No	No	C73	8260/3	C73.9	YES	2008	Left lobe	YES	6	9	77.76	0:LIVING	46239F1E-BD85-4D7A-A313-762666599A6D	NO	WHITE	R0	YES	1	Male	Thyroid	ET	TUMOR FREE							
TCGA-ET-A3BV	47	MX	N1a	Stage III	6th	T2		0	42.02	1:Recurred/Progressed	NOT HISPANIC OR LATINO	None	1/5/12	Thyroid Papillary Carcinoma - Classical/usual	No	Yes	C73	8260/3	C73.9	YES	2008	Left lobe	YES	2	17	75.36	0:LIVING	C14A0460-30B0-453B-AB81-DA03AD4AD02E	NO	WHITE	R0	YES	1	Female	Thyroid	ET	TUMOR FREE							
TCGA-ET-A3BW	30	MX	NX	Stage I	7th	T2		0	46.62	0:DiseaseFree	NOT HISPANIC OR LATINO	None	1/5/12	Thyroid Papillary Carcinoma - Classical/usual	No	No	C73	8260/3	C73.9	YES	2011	Left lobe	NO			46.62	0:LIVING	2CB43652-109B-4B59-9FCD-512903591F45	NO	WHITE	R0	YES	1	Female	Thyroid	ET	TUMOR FREE							
TCGA-ET-A3BX	24	MX	N1a	Stage I	7th	T3		0	52.43	0:DiseaseFree	HISPANIC OR LATINO	Minimal (T3)	1/5/12	Thyroid Papillary Carcinoma - Classical/usual	No	No	C73	8260/3	C73.9	YES	2010	Left lobe	YES	1	4	52.43	0:LIVING	8A02F305-6FD8-4908-BC19-06BABF028B5B	NO	WHITE	R0	YES	1	Male	Thyroid	ET	TUMOR FREE							
TCGA-ET-A3DO	33	MX	NX	Stage I	6th	T2		0	21.65	1:Recurred/Progressed	NOT HISPANIC OR LATINO	None	12/15/11	Thyroid Papillary Carcinoma - Classical/usual	No	No	C73	8260/3	C73.9	YES	2005	Right lobe	NO			116.69	0:LIVING	0CAFEFEF-911B-46E8-9E6C-19A0E7D555AA	NO	WHITE	R0	YES	1	Female	Thyroid	ET	TUMOR FREE							
TCGA-ET-A3DQ	43	MX	N0	Stage I	6th	T1		0	84.79	0:DiseaseFree	NOT HISPANIC OR LATINO	None	1/9/12	Thyroid Papillary Carcinoma - Follicular (>= 99% follicular patterned)	No	No	C73	8340/3	C73.9	YES	2008	Right lobe	YES	0	2	84.79	0:LIVING	F9217C58-11EF-4C4B-99CF-0E134A718552	NO	WHITE	R0	YES	1	Female	Thyroid	ET	TUMOR FREE							
TCGA-ET-A3DR	42	MX	N1a	Stage I	6th	T1		0	80.52	0:DiseaseFree	NOT HISPANIC OR LATINO	None	1/10/12	Thyroid Papillary Carcinoma - Classical/usual	No	No	C73	8260/3	C73.9	YES	2008	Left lobe	YES	5	6	80.52	0:LIVING	A061976D-BA2C-4A18-A51E-952F198EB4D5	NO	WHITE	R0	YES	1	Female	Thyroid	ET	TUMOR FREE							
TCGA-ET-A3DS	33	MX	N0	Stage I	6th	T1		0	66.79	0:DiseaseFree	NOT HISPANIC OR LATINO	None	1/5/12	Thyroid Papillary Carcinoma - Classical/usual	No	No	C73	8260/3	C73.9	YES	2009	Right lobe	YES	0	8	66.79	0:LIVING	5CDAA0C8-27B8-4552-9DCD-20D67B1EB70F	NO	WHITE	R0	YES	1	Female	Thyroid	ET	TUMOR FREE							
TCGA-ET-A3DT	23	MX	N1a	Stage I	7th	T2		0	43.69	0:DiseaseFree	NOT HISPANIC OR LATINO	None	1/5/12	Thyroid Papillary Carcinoma - Classical/usual	No	No	C73	8260/3	C73.9	YES	2011	Left lobe	YES	1	4	43.69	0:LIVING	9FF3F335-69D1-4CAA-A5C5-EE66F4F92D17	NO	WHITE	R0	YES	1	Female	Thyroid	ET	TUMOR FREE							
TCGA-ET-A3DU	21	MX	N1a	Stage I	6th	T1		0	62.78	0:DiseaseFree	NOT HISPANIC OR LATINO	None	1/6/12	Thyroid Papillary Carcinoma - Classical/usual	No	No	C73	8260/3	C73.9	YES	2009	Left lobe	YES	1	2	62.78	0:LIVING	C047E741-2B29-45DF-A577-351BDDC50EB8	NO	WHITE	R1	YES	1	Female	Thyroid	ET	WITH TUMOR							
TCGA-ET-A3DW	64	MX	N1	Stage III	6th	T2		0	24.7	0:DiseaseFree	NOT HISPANIC OR LATINO	None	1/10/12	Thyroid Papillary Carcinoma - Tall Cell (>= 50% tall cell features)	No	No	C73	8344/3	C73.9	YES	2003	Right lobe	YES	1	1	24.7	0:LIVING	424DE829-9EFD-4689-AC5D-24485A5D5ECF	NO	ASIAN	R0	YES	1	Male	Thyroid	ET	TUMOR FREE							
TCGA-FY-A2QD	61		N0		7th	T1		0	1.25	0:DiseaseFree	NOT HISPANIC OR LATINO	None	10/18/11	Thyroid Papillary Carcinoma - Classical/usual	No	No	C73	8260/3	C73.9	YES	2011	Left lobe	YES	0	3	1.25	0:LIVING	B0CB6ED7-3D9F-4D5E-8DF5-EDCC921C43B4	YES	BLACK OR AFRICAN AMERICAN		NO	1	Female	Thyroid	FY	TUMOR FREE							
TCGA-FY-A3BL	29	M0	NX	Stage I	7th	T1		0	20.4	0:DiseaseFree	NOT HISPANIC OR LATINO	None	2/3/12	Thyroid Papillary Carcinoma - Classical/usual	No	No	C73	8260/3	C73.9	YES	2011	Right lobe	NO			20.4	0:LIVING	C6F08366-F30D-45BD-B949-B59D2493995D	YES	WHITE	R0	NO	1	Male	Thyroid	FY	TUMOR FREE							
TCGA-BJ-A3EZ	51	M0	N1b	Stage IVA	7th	T3		0	16	0:DiseaseFree	NOT HISPANIC OR LATINO	Minimal (T3)	3/28/12	Thyroid Papillary Carcinoma - Classical/usual	No	No	C73	8260/3	C73.9	YES	2011	Right lobe	YES	6	42	16.0	0:LIVING	BEFA0EF5-D621-4866-904D-13341EA54AA1	YES	WHITE	R1	NO	1	Male	Thyroid	BJ	WITH TUMOR							
TCGA-BJ-A3F0	64	M0	N0	Stage I	7th	T1b		0	13.93	0:DiseaseFree	NOT HISPANIC OR LATINO	None	3/28/12	Thyroid Papillary Carcinoma - Classical/usual	No	No	C73	8260/3	C73.9	YES	2011	Right lobe	NO			13.93	0:LIVING	A6BDBA04-F27D-4CEF-BD82-872FB8390E46	YES	WHITE	R0	NO	1	Female	Thyroid	BJ	TUMOR FREE							
TCGA-DJ-A2Q0	57	M0	N0	Stage II	7th	T2		0	34.33	0:DiseaseFree	NOT HISPANIC OR LATINO	None	2/20/12	Thyroid Papillary Carcinoma - Classical/usual	No	No	C73	8260/3	C73.9	YES	2011	Right lobe	YES	0	4	34.33	0:LIVING	8BEA483B-AC43-4265-B2C4-0F031E539008	NO	WHITE	R0	YES	1	Female	Thyroid	DJ	TUMOR FREE							
TCGA-EL-A3CR	78	M0	N1b	Stage III	5th	T3		0			NOT HISPANIC OR LATINO	Minimal (T3)	3/11/13	Thyroid Papillary Carcinoma - Classical/usual	No	Yes	C73	8260/3	C73.9	YES	2002	Right lobe	YES	8	32	7.65	1:DECEASED	258DCCEE-A3CE-4D4B-A60C-64F45EBFB7AD	NO	WHITE	R1	YES	1	Female	Thyroid	EL					NO	NO	NO	
TCGA-EL-A3CT	78	M0	N1a	Stage IVA	6th	T4a		0			NOT HISPANIC OR LATINO	Moderate/Advanced (T4a)	3/15/13	Thyroid Papillary Carcinoma - Classical/usual	No	No	C73	8260/3	C73.9	YES	2004	Left lobe	YES	2	17	60.91	1:DECEASED	4C0B29E6-8530-43D5-8E8A-EFB754E83ECD	NO	WHITE	R0	YES	1	Female	Thyroid	EL					NO	NO	NO	
TCGA-EL-A3D0	61	M0	N1b	Stage III	5th	T4		0	139.75	0:DiseaseFree	NOT HISPANIC OR LATINO	Moderate/Advanced (T4a)	3/11/13	Thyroid Papillary Carcinoma - Classical/usual	No	Yes	C73	8260/3	C73.9	YES	2001	Left lobe	YES	9	37	139.75	0:LIVING	63986DD0-63BA-4EE5-AA25-8FF2CBB762D3	NO	WHITE	R2	YES	1	Male	Thyroid	EL	WITH TUMOR		Imaging Suspected		NO	NO	YES	Papillary thyroid carcinoma
TCGA-EL-A3D5	44	M0	N1b	Stage I	7th	T3		0	57.06	0:DiseaseFree	NOT HISPANIC OR LATINO	Minimal (T3)	3/11/13	Thyroid Papillary Carcinoma - Classical/usual	No	Yes	C73	8260/3	C73.9	YES	2010	Bilateral	YES	15	30	57.06	0:LIVING	E9CCF355-E68A-489C-A914-31B766BD0AEF	NO	WHITE	R1	YES	1	Female	Thyroid	EL	TUMOR FREE				NO	NO	YES	
TCGA-EL-A3D6	51	M0	N1b	Stage III	5th	T3		0	108.28	0:DiseaseFree	HISPANIC OR LATINO	Minimal (T3)	10/12/12	Thyroid Papillary Carcinoma - Classical/usual	No	No	C73	8260/3	C73.9	YES	1999	Left lobe	YES	1	5	108.28	0:LIVING	2106F0CD-CB3C-4568-BDC5-197EE11F2337	NO	WHITE	R1	YES	1	Female	Thyroid	EL					NO	NO	YES	
TCGA-EL-A3GO	31	M0	N0	Stage I	6th	T2		0	0.2	1:Recurred/Progressed	HISPANIC OR LATINO	None	3/7/13	Thyroid Papillary Carcinoma - Classical/usual	No	No	C73	8260/3	C73.9	YES	2008	Right lobe	YES	0	4	64.82	0:LIVING	AA528913-CBBC-4E1D-B6D0-87F6A46BCBC9	NO	WHITE	R0	YES	1	Female	Thyroid	EL	TUMOR FREE				NO	NO	NO	
TCGA-EL-A3GP	70	M0	N1a	Stage III	6th	T3		0	49.47	0:DiseaseFree	NOT HISPANIC OR LATINO	Minimal (T3)	3/7/13	Thyroid Papillary Carcinoma - Classical/usual	No	No	C73	8260/3	C73.9	YES	2009	Right lobe	YES	7	15	49.47	0:LIVING	DD981E11-4B49-447E-8EBC-D9DB4B55CE9B	NO	BLACK OR AFRICAN AMERICAN	R0	YES	1	Male	Thyroid	EL					NO	NO	NO	
TCGA-EL-A3GQ	72	M0	N0	Stage I	7th	T1		0	50.2	0:DiseaseFree	NOT HISPANIC OR LATINO	None	3/11/13	Thyroid Papillary Carcinoma - Follicular (>= 99% follicular patterned)	No	Yes	C73	8340/3	C73.9	YES	2010	Right lobe	YES	0	1	50.2	0:LIVING	4E959D61-4F7F-4933-BADA-D33A621D9C03	NO	WHITE	R0	YES	1	Female	Thyroid	EL	TUMOR FREE				NO	NO	NO	
TCGA-EL-A3GR	31	M0	NX	Stage I	6th	T3		0	115.01	0:DiseaseFree	NOT HISPANIC OR LATINO	Minimal (T3)	3/7/13	Thyroid Papillary Carcinoma - Classical/usual	No	No	C73	8260/3	C73.9	YES	2004	Right lobe	NO			115.01	0:LIVING	B107B012-335A-4282-A7AA-273B740831F1	NO	WHITE	R0	YES	1	Female	Thyroid	EL	TUMOR FREE				NO	NO	YES	
TCGA-EL-A3GW	37	M0	N0	Stage I	6th	T2		0	50.16	0:DiseaseFree	HISPANIC OR LATINO	None	3/7/13	Thyroid Papillary Carcinoma - Classical/usual	No	No	C73	8260/3	C73.9	YES	2009	Right lobe	NO			50.16	0:LIVING	CA65A38E-8B49-4B50-908A-478B95B95C02	NO	WHITE	R0	YES	1	Female	Thyroid	EL	TUMOR FREE				NO	NO	YES	
TCGA-EL-A3GX	41	M0	N1	Stage I	5th	T2		0	14.42	1:Recurred/Progressed	NOT HISPANIC OR LATINO	None	3/7/13	Thyroid Papillary Carcinoma - Classical/usual	No	No	C73	8260/3	C73.9	YES	2000	Right lobe	YES	3	40	147.63	0:LIVING	856893D6-0ED7-422B-AC19-1A5871088805	NO	WHITE	R0	YES	1	Female	Thyroid	EL	TUMOR FREE				YES	NO	YES	
TCGA-EL-A3GY	40	M1	N1	Stage II	6th	T1		0	101.05	0:DiseaseFree	NOT HISPANIC OR LATINO	None	3/7/13	Thyroid Papillary Carcinoma - Classical/usual	No	No	C73	8260/3	C73.9	YES	2004	Right lobe	NO			101.05	0:LIVING	154B4E7F-06F9-4813-BEAB-232227229F8B	NO	WHITE	R0	YES	1	Female	Thyroid	EL	TUMOR FREE				NO	NO	YES	
TCGA-EL-A3H3	19	M0	N1	Stage I	6th	T2		0	43.33	0:DiseaseFree	NOT HISPANIC OR LATINO	None	3/7/13	Thyroid Papillary Carcinoma - Classical/usual	No	No	C73	8260/3	C73.9	YES	2008	Isthmus	YES	6	19	43.33	0:LIVING	39D45532-D2F4-49F1-B1C6-880FF0EBE0ED	NO	WHITE	R0	YES	1	Female	Thyroid	EL	TUMOR FREE				NO	NO	YES	
TCGA-EL-A3H4	46	M0	N1	Stage IVA	6th	T4a		0	49.67	0:DiseaseFree	NOT HISPANIC OR LATINO	Moderate/Advanced (T4a)	3/11/13	Thyroid Papillary Carcinoma - Classical/usual	No	No	C73	8260/3	C73.9	YES	2009	Right lobe	YES	10	69	49.67	0:LIVING	E069DCAD-2FD1-464E-A5E9-FE36F05A0446	NO	BLACK OR AFRICAN AMERICAN	R0	YES	1	Female	Thyroid	EL	TUMOR FREE				NO	NO	YES	
TCGA-EL-A3H5	57	M0	N1	Stage IVA	6th	T4		0	83.51	0:DiseaseFree	NOT HISPANIC OR LATINO	Moderate/Advanced (T4a)	3/7/13	Thyroid Papillary Carcinoma - Classical/usual	No	No	C73	8260/3	C73.9	YES	2007	Right lobe	YES	6	48	83.51	0:LIVING	40A9C1D3-6629-4E22-A783-12E0D48349D1	NO	WHITE	R1	YES	1	Female	Thyroid	EL	TUMOR FREE				NO	NO	YES	
TCGA-EM-A2OV	64	MX	N0	Stage II	7th	T2		0	22.14	0:DiseaseFree	NOT HISPANIC OR LATINO	None	3/13/12	Thyroid Papillary Carcinoma - Follicular (>= 99% follicular patterned)	No	No	C73	8340/3	C73.9	YES	2011	Left lobe	YES	0	1	22.14	0:LIVING	55E03FFC-F006-4EC8-8E5D-A738FF091F8A	NO	ASIAN	R0	YES	1	Female	Thyroid	EM	TUMOR FREE							
TCGA-EM-A2OW	37	MX	NX	Stage I	7th	T1b		0	40.31	0:DiseaseFree		None	3/13/12	Thyroid Papillary Carcinoma - Follicular (>= 99% follicular patterned)	No	No	C73	8340/3	C73.9	YES	2011	Right lobe	NO			40.31	0:LIVING	A65EC434-9AE0-453F-B440-08BF25558FD1	NO		R0	YES	1	Female	Thyroid	EM	TUMOR FREE							
TCGA-EM-A2OX	46	MX	N1b	Stage IVA	7th	T1b		0	19.71	0:DiseaseFree		None	3/13/12	Thyroid Papillary Carcinoma - Classical/usual	No	No	C73	8260/3	C73.9	YES	2011	Right lobe	YES	8	9	19.71	0:LIVING	98A08015-9040-4E0B-BCFA-2C6DB7D0F888	NO		R0	YES	1	Male	Thyroid	EM	TUMOR FREE							
TCGA-EM-A2OY	46	MX	N0	Stage II	7th	T2		0	32.29	0:DiseaseFree		None	3/13/12	Thyroid Papillary Carcinoma - Follicular (>= 99% follicular patterned)	No	No	C73	8340/3	C73.9	YES	2011	Right lobe	YES	0	1	32.29	0:LIVING	D3E75FB4-FB7C-4EBF-9C75-2BE9FFD9F52D	NO		R0	YES	1	Female	Thyroid	EM	TUMOR FREE							
TCGA-EM-A2OZ	66	MX	N0	Stage I	7th	T1b		0	33.94	0:DiseaseFree		None	3/13/12	Thyroid Papillary Carcinoma - Classical/usual	No	No	C73	8260/3	C73.9	YES	2011	Isthmus	YES	0	2	33.94	0:LIVING	1F6BE7CA-76FD-4509-99A6-DFA59B0AC51F	NO		R0	YES	1	Male	Thyroid	EM	TUMOR FREE							
TCGA-EM-A2P0	33	MX	N1b	Stage I	7th	T2		0	17.58	0:DiseaseFree		None	3/13/12	Thyroid Papillary Carcinoma - Classical/usual	No	No	C73	8260/3	C73.9	YES	2011	Left lobe	YES	9	34	17.58	0:LIVING	80420C04-709B-4AB2-A88C-1E22B3A09B9C	NO		R0	YES	1	Male	Thyroid	EM	TUMOR FREE							
TCGA-EM-A2P1	33	MX	N1b	Stage I	7th	T2		0	11.93	1:Recurred/Progressed		None	3/13/12	Thyroid Papillary Carcinoma - Classical/usual	No	No	C73	8260/3	C73.9	YES	2011	Left lobe	YES	15	54	17.44	0:LIVING	9B6ACC25-447D-4144-B4C0-EF52B8850D96	NO		R0	YES	2	Male	Thyroid	EM	WITH TUMOR							
TCGA-EM-A2P2	46	MX	N0	Stage III	7th	T3		0	17.28	0:DiseaseFree		None	3/13/12	Thyroid Papillary Carcinoma - Follicular (>= 99% follicular patterned)	No	No	C73	8340/3	C73.9	YES	2011	Right lobe	YES	0	5	17.28	0:LIVING	B9E6A966-DA7C-46F3-825F-8E19C06518C3	NO		R0	YES	1	Male	Thyroid	EM	TUMOR FREE							
TCGA-EM-A2P3	47	MX	NX	Stage I	7th	T1b		0	14.59	0:DiseaseFree		None	3/13/12	Thyroid Papillary Carcinoma - Classical/usual	No	No	C73	8260/3	C73.9	YES	2011	Right lobe	NO			14.59	0:LIVING	C9DC11AD-D3F5-4CDF-9C26-7139580B59AF	NO		R0	YES	1	Female	Thyroid	EM	TUMOR FREE							
TCGA-EM-A3AI	67	MX	NX	Stage II	7th	T2		0	22.5	0:DiseaseFree	NOT HISPANIC OR LATINO	None	4/23/12	Thyroid Papillary Carcinoma - Follicular (>= 99% follicular patterned)	No	No	C73	8340/3	C73.9	YES	2010	Right lobe	NO			22.5	0:LIVING	6A87BBC4-6161-4FC6-B4DF-518D7831F4D2	NO	WHITE	R0	YES	1	Female	Thyroid	EM	TUMOR FREE							
TCGA-EM-A3AJ	39	MX	N1a	Stage I	7th	T3		0	30.91	0:DiseaseFree		None	4/23/12	Thyroid Papillary Carcinoma - Follicular (>= 99% follicular patterned)	No	No	C73	8340/3	C73.9	YES	2011	Right lobe	YES	4	24	30.91	0:LIVING	D8D54C81-7EF5-4B0F-B35B-28FBF8C5198E	NO		R1	YES	1	Male	Thyroid	EM	TUMOR FREE							
TCGA-EM-A3AK	62	MX	N0	Stage I	7th	T1b		0	15.67	0:DiseaseFree		None	4/23/12	Thyroid Papillary Carcinoma - Classical/usual	No	No	C73	8260/3	C73.9	YES	2011	Left lobe	YES	0	2	15.67	0:LIVING	47BDE6DD-FA41-4D1B-8B20-2A5A5CDB2769	NO		R0	YES	1	Female	Thyroid	EM	TUMOR FREE							
TCGA-EM-A3AL	45	MX	N0	Stage I	7th	T1b		0	14.13	0:DiseaseFree		None	4/23/12	Thyroid Papillary Carcinoma - Follicular (>= 99% follicular patterned)	No	No	C73	8340/3	C73.9	YES	2011	Right lobe	YES	0	14	14.13	0:LIVING	0C50A2C2-1D4C-45CA-9127-F96D4DB18DAF	NO		R0	YES	1	Female	Thyroid	EM	TUMOR FREE							
TCGA-EM-A3AN	36	MX	N1b	Stage I	7th	T1b		0	33.05	0:DiseaseFree		None	4/23/12	Thyroid Papillary Carcinoma - Classical/usual	No	No	C73	8260/3	C73.9	YES	2011	Right lobe	YES	27	80	33.05	0:LIVING	6491D025-C061-4180-BFD4-D7C6E6E55F66	NO		R1	YES	1	Female	Thyroid	EM	TUMOR FREE							
TCGA-EM-A3AO	61	MX	N1b	Stage IVA	7th	T2		0	44.48	0:DiseaseFree		None	4/23/12	Thyroid Papillary Carcinoma - Classical/usual	No	No	C73	8260/3	C73.9	YES	2011	Right lobe	YES	10	26	44.48	0:LIVING	19378727-E0A6-4898-B2D0-F12241616870	NO		R0	YES	1	Male	Thyroid	EM	TUMOR FREE							
TCGA-ET-A3BQ	27	MX	N0	Stage I	6th	T2		0	76.58	0:DiseaseFree	NOT HISPANIC OR LATINO	None	1/10/12	Thyroid Papillary Carcinoma - Classical/usual	No	No	C73	8260/3	C73.9	YES	2008	Right lobe	YES	0	2	76.58	0:LIVING	5A6B9340-ACDE-4D97-8836-20AE29732851	NO	WHITE	R0	YES	1	Female	Thyroid	ET	TUMOR FREE							
TCGA-ET-A3BS	42	MX	N1a	Stage I	7th	T3		0	5.78	0:DiseaseFree	NOT HISPANIC OR LATINO	Minimal (T3)	1/9/12	Thyroid Papillary Carcinoma - Classical/usual	No	No	C73	8260/3	C73.9	YES	2010	Left lobe	YES	8	17	5.78	0:LIVING	C83FB5E6-8AF3-47E4-AE48-CEE92DFF9DB7	NO	ASIAN	R0	YES	1	Male	Thyroid	ET	TUMOR FREE							
TCGA-ET-A3DV	68	MX	N0	Stage II	5th	T3		0	166.49	0:DiseaseFree	NOT HISPANIC OR LATINO	Minimal (T3)	1/9/12	Thyroid Papillary Carcinoma - Follicular (>= 99% follicular patterned)	No	No	C73	8340/3	C73.9	YES	2001	Right lobe	YES	0	1	166.49	0:LIVING	B46D88E9-8477-4900-8DA9-5E7DBDED0653	NO	WHITE	R0	YES	1	Female	Thyroid	ET	TUMOR FREE							
TCGA-IM-A3EB	32	MX	N1a	Stage I	6th	T3		0	48.88	0:DiseaseFree	HISPANIC OR LATINO	Minimal (T3)	12/11/11	Thyroid Papillary Carcinoma - Classical/usual	No	No	C73	8260/3	C73.9	YES	2008	Right lobe	YES	3	12	48.88	0:LIVING	3A7C35E0-9ED1-4098-8585-52F5991B2534	NO	WHITE	R0	YES	1	Female	Thyroid	IM	TUMOR FREE							
TCGA-IM-A3ED	58	MX	N0	Stage I	6th	T1		0	47.37	0:DiseaseFree	HISPANIC OR LATINO	None	12/11/11	Thyroid Papillary Carcinoma - Classical/usual	No	No	C73	8260/3	C73.9	YES	2008	Left lobe	YES	0	9	47.37	0:LIVING	D2A8035C-A8D3-4038-8A9D-854F2208BC45	NO	WHITE	R0	YES	1	Female	Thyroid	IM	TUMOR FREE							
TCGA-CE-A3MD	31	M0	N1	Stage I	7th	T2		0	12.78	0:DiseaseFree	NOT HISPANIC OR LATINO	None	3/6/12	Thyroid Papillary Carcinoma - Classical/usual	No	No	C73	8260/3	C73.9	YES	2011	Right lobe		3	3	12.78	0:LIVING	16505D78-90D9-47D0-9B86-C6EF91D23AAC	YES	ASIAN	R0	NO	1	Male	Thyroid	CE	TUMOR FREE							
TCGA-CE-A3ME	51	M0	N0	Stage II	7th	T2		0	12.45	0:DiseaseFree	NOT HISPANIC OR LATINO	None	3/6/12	Thyroid Papillary Carcinoma - Classical/usual	No	No	C73	8260/3	C73.9	YES	2011	Right lobe	NO			12.45	0:LIVING	DEC7A0A2-C26E-4A89-A4D5-74BD1409FF91	YES	ASIAN	R0	NO	1	Female	Thyroid	CE	TUMOR FREE							
TCGA-DE-A3KN	49	M0	N1b	Stage IVA	7th	T3		0	27.3	0:DiseaseFree	NOT HISPANIC OR LATINO	Minimal (T3)	4/19/12	Thyroid Papillary Carcinoma - Classical/usual	No	No	C73	8260/3	C73.9	YES	2011	Left lobe	YES	5	9	27.3	0:LIVING	085FFCDC-8600-42E2-852A-506465F716A2	YES	WHITE	R0	NO	1	Female	Thyroid	DE	TUMOR FREE							
TCGA-E3-A3DY	37	M0	N1a	Stage I	6th	T3		0	92.48	0:DiseaseFree	NOT HISPANIC OR LATINO	None	1/12/12	Other, specify	No	No	C73	8340/3	C73.9	YES	2007	Bilateral	YES	4	5	92.48	0:LIVING	DFFEF9E8-5B69-43D9-A95B-0744DAA38D1D	NO	WHITE	R0	YES	1	Male	Thyroid	E3	TUMOR FREE	Papillary carcinoma: mixed papillary and follicular variant						
TCGA-E3-A3DZ	55	M0	N0	Stage III	7th	T3		0	47.17	0:DiseaseFree	NOT HISPANIC OR LATINO	None	1/12/12	Thyroid Papillary Carcinoma - Follicular (>= 99% follicular patterned)	No	No	C73	8340/3	C73.9	YES	2010	Right lobe	YES	0	1	47.17	0:LIVING	59E47734-96DE-4328-ACA7-E9423DDA9C52	NO	WHITE	R0	YES	1	Female	Thyroid	E3	TUMOR FREE							
TCGA-E3-A3E0	34	MX	N0	Stage I	6th	T2		0	66.33	0:DiseaseFree	NOT HISPANIC OR LATINO	None	1/12/12	Thyroid Papillary Carcinoma - Classical/usual	No	No	C73	8260/3	C73.9	YES	2006	Left lobe	YES	0	3	66.33	0:LIVING	5BE6C0D9-6AD7-482F-BD00-0432702DF495	NO	WHITE	R0	YES	1	Female	Thyroid	E3	TUMOR FREE							
TCGA-E3-A3E1	46	M0	N0	Stage I	6th	T1		0	80.45	0:DiseaseFree	NOT HISPANIC OR LATINO	None	1/12/12	Thyroid Papillary Carcinoma - Classical/usual	No	No	C73	8260/3	C73.9	YES	2007	Right lobe	YES	0	2	80.45	0:LIVING	884AD3B9-5350-4580-85F6-80AC05A6DCEA	NO	WHITE	R0	YES	1	Female	Thyroid	E3	TUMOR FREE							
TCGA-E3-A3E2	34	MX	N1a	Stage I	6th	T1		0	63.14	0:DiseaseFree	NOT HISPANIC OR LATINO	None	1/12/12	Thyroid Papillary Carcinoma - Follicular (>= 99% follicular patterned)	No	No	C73	8340/3	C73.9	YES	2007	Right lobe	YES	2	8	63.14	0:LIVING	EFBDEDAA-4B02-40AC-B93C-9670C018CF7F	NO	WHITE	R0	YES	1	Female	Thyroid	E3	TUMOR FREE							
TCGA-E3-A3E3	49	M0	N0	Stage II	7th	T2		0	14.62	1:Recurred/Progressed	NOT HISPANIC OR LATINO	None	1/12/12	Thyroid Papillary Carcinoma - Classical/usual	No	No	C73	8260/3	C73.9	YES	2010	Right lobe	YES	0	1	52.4	0:LIVING	63E8C48E-F01B-4A7F-87E2-30607A2C8F6C	NO	WHITE	R0	YES	1	Female	Thyroid	E3	WITH TUMOR							
TCGA-E3-A3E5	57	MX	N1b	Stage IVA	7th	T4a		0	39.91	0:DiseaseFree	NOT HISPANIC OR LATINO	None	1/12/11	Thyroid Papillary Carcinoma - Classical/usual	No	Yes	C73	8260/3	C73.9	YES	2010	Bilateral	YES	13	28	39.91	0:LIVING	90750006-FB25-4CCD-90DF-9F300CD26A5B	NO	WHITE	RX	YES	1	Male	Thyroid	E3	TUMOR FREE							
TCGA-EL-A3CN	47	M0	N0	Stage II	5th	T3		0	155.42	0:DiseaseFree	NOT HISPANIC OR LATINO	Minimal (T3)	3/8/13	Thyroid Papillary Carcinoma - Classical/usual	No	No	C73	8260/3	C73.9	YES	1999	Left lobe	YES	0	1	155.42	0:LIVING	471636D5-9ECA-49DF-872A-C2A2CAC61838	NO	WHITE	R2	YES	1	Female	Thyroid	EL	TUMOR FREE				NO	NO	YES	
TCGA-EL-A3GS	37	M0	N1	Stage I	6th	T3		0	65.34	0:DiseaseFree	HISPANIC OR LATINO	Minimal (T3)	3/7/13	Thyroid Papillary Carcinoma - Classical/usual	No	No	C73	8260/3	C73.9	YES	2007	Bilateral	YES	1	1	65.34	0:LIVING	24A968AA-8169-44CB-A8AC-72D7EFA1FA7B	NO	WHITE	R0	YES	1	Female	Thyroid	EL	TUMOR FREE				NO	NO	YES	
TCGA-EL-A3GZ	34	M0	N0	Stage I	6th	T1		0	139.88	0:DiseaseFree	NOT HISPANIC OR LATINO	None	3/7/13	Thyroid Papillary Carcinoma - Classical/usual	No	No	C73	8260/3	C73.9	YES	2001	Left lobe	NO			139.88	0:LIVING	2FA2DD09-593A-4CDE-97C7-61CDB8BA2BFE	NO	WHITE	R0	YES	1	Female	Thyroid	EL	TUMOR FREE			No imaging evidence of disease	NO	NO	YES	
TCGA-EL-A3H2	58	MX	N0	Stage II	5th	T2		0			NOT HISPANIC OR LATINO	None	3/18/13	Thyroid Papillary Carcinoma - Classical/usual	Yes	Yes	C73	8260/3	C73.9	YES	2002	Right lobe	NO			33.48	1:DECEASED	77200ABE-4A09-4A4A-BB45-60D9B96D4998	NO	WHITE	R0	YES	1	Male	Thyroid	EL	WITH TUMOR				NO	NO	YES	
TCGA-EL-A3H8	35	M0	N1	Stage I	5th	T3		0	150.36	0:DiseaseFree	NOT HISPANIC OR LATINO	Minimal (T3)	3/7/13	Thyroid Papillary Carcinoma - Classical/usual	No	Yes	C73	8260/3	C73.9	YES	2002	Left lobe	YES	14	44	150.36	0:LIVING	F9DEEDA6-8F81-441A-9C47-24C2EEFD049A	NO	WHITE	R0	YES	1	Female	Thyroid	EL	TUMOR FREE				NO	NO		
TCGA-EL-A3MW	55	M0	N0	Stage II	6th	T2		0	108.57	0:DiseaseFree	NOT HISPANIC OR LATINO	None	3/13/13	Thyroid Papillary Carcinoma - Classical/usual	No	No	C73	8260/3	C73.9	YES	2003	Right lobe	YES	0	1	108.57	0:LIVING	EF3DD880-7BE4-46A8-93C2-7CBA1A9CD24D	NO	WHITE	R0	YES	1	Female	Thyroid	EL	TUMOR FREE				NO	NO	YES	
TCGA-EL-A3N2	24	M0	N1	Stage I	7th	T2		0	29.63	0:DiseaseFree	NOT HISPANIC OR LATINO	Minimal (T3)	3/14/13	Thyroid Papillary Carcinoma - Classical/usual	No	No	C73	8260/3	C73.9	YES	2011	Left lobe	YES	5	27	29.63	0:LIVING	34D4CC10-B868-4E85-96A5-8680FC729E34	NO	WHITE	R0	YES	1	Female	Thyroid	EL	TUMOR FREE				NO	NO	YES	
TCGA-EL-A3N3	53	M0	NX	Stage II	5th	T3		0	178.15	0:DiseaseFree	NOT HISPANIC OR LATINO	Minimal (T3)	3/7/13	Thyroid Papillary Carcinoma - Classical/usual	No	Yes	C73	8260/3	C73.9	YES	2000	Left lobe	NO			178.15	0:LIVING	00A02E62-E1AB-467A-91B3-5F526DD2251A	NO	WHITE	R0	YES	1	Female	Thyroid	EL	TUMOR FREE				NO	NO	YES	
TCGA-EM-A3AP	31	MX	NX	Stage I	7th	T2		0	8.34	0:DiseaseFree		None	4/23/12	Thyroid Papillary Carcinoma - Follicular (>= 99% follicular patterned)	No	No	C73	8340/3	C73.9	YES	2011	Left lobe	NO			8.34	0:LIVING	105210CC-6FE3-4615-A582-475553E14272	NO		R0	YES	1	Female	Thyroid	EM	TUMOR FREE							
TCGA-EM-A3AQ	85	MX	N0	Stage I	7th	T1b		0	29.7	0:DiseaseFree		None	4/23/12	Thyroid Papillary Carcinoma - Classical/usual	No	Yes	C73	8260/3	C73.9	YES	2011	Left lobe	YES	0	3	29.7	0:LIVING	E8F56D0F-EEE4-4DEF-A43A-DEC91F4382A1	NO		R0	YES	1	Female	Thyroid	EM	TUMOR FREE							
TCGA-EM-A3AR	41	MX	N1a	Stage I	7th	T1b		0	37.22	0:DiseaseFree		None	4/23/12	Thyroid Papillary Carcinoma - Classical/usual	No	No	C73	8260/3	C73.9	YES	2011	Left lobe	YES	1	1	37.22	0:LIVING	707312FE-1D92-413E-A891-1EA3F496C343	NO		R0	YES	1	Male	Thyroid	EM	TUMOR FREE							
TCGA-EL-A3GU	72	M0	N1	Stage III	5th	T3		0	17.87	1:Recurred/Progressed	HISPANIC OR LATINO	Minimal (T3)	3/7/13	Thyroid Papillary Carcinoma - Classical/usual	No	No	C73	8260/3	C73.9	YES	2002	Left lobe	YES	10	23	135.91	0:LIVING	DDE7ADE8-DE24-467F-855D-A422BBEDE407	NO	WHITE	R0	YES	1	Female	Thyroid	EL	WITH TUMOR				YES	NO	NO	
TCGA-EL-A3GV	65	M0	N0	Stage III	6th	T3		0	50.33	0:DiseaseFree	NOT HISPANIC OR LATINO	Minimal (T3)	3/7/13	Thyroid Papillary Carcinoma - Classical/usual	No	No	C73	8260/3	C73.9	YES	2008	Left lobe	YES	0	1	50.33	0:LIVING	E95C7F24-89AB-4D56-AAE6-D2268888C549	NO	WHITE	R0	YES	1	Female	Thyroid	EL	TUMOR FREE				NO	NO	YES	
TCGA-EL-A3H1	66	M0	N0	Stage I	4th	T1		0			NOT HISPANIC OR LATINO	None	3/7/13	Thyroid Papillary Carcinoma - Classical/usual	No	No	C73	8260/3	C73.9	YES	1993	Right lobe	NO			49.28	1:DECEASED	8D54A2ED-03F1-4A23-BDD2-F3395F5D3716	NO	BLACK OR AFRICAN AMERICAN	R0	YES	1	Female	Thyroid	EL	TUMOR FREE				NO	NO	YES	
TCGA-EL-A3H7	36	M0	N1	Stage I	5th	T3		0	138.9	0:DiseaseFree	NOT HISPANIC OR LATINO	Minimal (T3)	3/7/13	Thyroid Papillary Carcinoma - Classical/usual	No	No	C73	8260/3	C73.9	YES	2002	Right lobe	YES	8	9	138.9	0:LIVING	FAA51172-60EC-48D8-9224-36BFDA1D27E0	NO	WHITE	R0	YES	1	Female	Thyroid	EL	TUMOR FREE				NO	NO	NO	
TCGA-EL-A3MX	66	M1	N1	Stage IVC	6th	T4		0	56.11	1:Recurred/Progressed	NOT HISPANIC OR LATINO	None	3/15/13	Thyroid Papillary Carcinoma - Classical/usual	No	No	C73	8260/3	C73.9	YES	2004	Left lobe	YES	0	2	57.59	1:DECEASED	EA2C873A-EA52-4920-8D20-554D5FA8DDC1	NO	WHITE	RX	YES	1	Female	Thyroid	EL	WITH TUMOR		Biopsy Proven		YES	NO	YES	
TCGA-EL-A3MY	81	M1	NX	Stage IVC	6th	T4		0			NOT HISPANIC OR LATINO	Moderate/Advanced (T4a)	3/14/13	Thyroid Papillary Carcinoma - Classical/usual	No	Yes	C73	8260/3	C73.9	YES	2004	Left lobe	NO			17.51	1:DECEASED	7746BE87-7AD0-48A7-84FB-08A81B220BDB	NO	WHITE	RX	YES	1	Male	Thyroid	EL	WITH TUMOR		Imaging Suspected		NO	NO	YES	
TCGA-EL-A3MZ	66	MX	N1	Stage III	5th	T4		0			NOT HISPANIC OR LATINO	Moderate/Advanced (T4a)	3/14/13	Thyroid Papillary Carcinoma - Classical/usual	No	No	C73	8260/3	C73.9	YES	1998	Left lobe	YES	1	2	52.46	1:DECEASED	F82F9AE8-E106-4C61-941C-3614D51B0F41	NO	WHITE	RX	YES	1	Male	Thyroid	EL	TUMOR FREE				NO	NO	YES	
TCGA-EM-A3FJ	24	MX	N1b	Stage I	7th	T1a		0	27.92	0:DiseaseFree		None	5/18/12	Thyroid Papillary Carcinoma - Classical/usual	No	No	C73	8260/3	C73.9	YES	2010	Right lobe	YES	12	33	27.92	0:LIVING	C9C00E4F-4092-400E-AEBB-3D9961BE0F0E	NO		R0	YES	1	Female	Thyroid	EM	TUMOR FREE							
TCGA-EM-A3FK	30	MX	N1b	Stage I	7th	T1b		0	23.75	0:DiseaseFree		None	5/18/12	Thyroid Papillary Carcinoma - Classical/usual	No	No	C73	8260/3	C73.9	YES	2010	Isthmus	YES	17	25	23.75	0:LIVING	0F9B78C8-EE9D-4E60-939C-BDBE040C212D	NO		R0	YES	1	Female	Thyroid	EM	TUMOR FREE							
TCGA-EM-A3FL	63	MX	NX	Stage I	7th	T1b		0	47.34	0:DiseaseFree		None	5/18/12	Thyroid Papillary Carcinoma - Follicular (>= 99% follicular patterned)	No	No	C73	8340/3	C73.9	YES	2011	Left lobe	NO			47.34	0:LIVING	CFDD2155-57A9-499C-92E1-FB82B577B050	NO		R0	YES	1	Female	Thyroid	EM	TUMOR FREE							
TCGA-EM-A3FM	57	MX	N1b	Stage IVA	7th	T2		0	16.89	1:Recurred/Progressed		None	5/18/12	Thyroid Papillary Carcinoma - Classical/usual	No	No	C73	8260/3	C73.9	YES	2011	Right lobe	YES	17	53	20.99	0:LIVING	90473122-7221-491D-8FC2-0C72421D7861	NO		R0	YES	1	Male	Thyroid	EM	TUMOR FREE							
TCGA-EM-A3FN	42	MX	N0	Stage I	7th	T3		0	12.06	0:DiseaseFree		None	5/18/12	Thyroid Papillary Carcinoma - Follicular (>= 99% follicular patterned)	No	No	C73	8340/3	C73.9	YES	2011	Left lobe	YES	0	2	12.06	0:LIVING	59CD0969-A798-4D19-95ED-A311F39D2F38	NO		R0	YES	1	Female	Thyroid	EM	TUMOR FREE							
TCGA-EM-A3FO	40	MX	N0	Stage I	7th	T3		0	17.48	0:DiseaseFree		None	5/18/12	Thyroid Papillary Carcinoma - Classical/usual	No	No	C73	8260/3	C73.9	YES	2011	Isthmus	YES	0	3	17.48	0:LIVING	B2E6933F-50E1-48E3-AE1F-173E1BC889FF	NO		R0	YES	1	Male	Thyroid	EM	TUMOR FREE							
TCGA-EM-A3FP	71	MX	N0	Stage II	7th	T2		0	17.38	0:DiseaseFree		None	5/18/10	Thyroid Papillary Carcinoma - Follicular (>= 99% follicular patterned)	No	No	C73	8340/3	C73.9	YES	2011	Right lobe	YES	0	3	17.38	0:LIVING	C2291B36-7B7F-4C07-A164-6600D9E7929F	NO		R0	YES	1	Female	Thyroid	EM	TUMOR FREE							
TCGA-EM-A3FQ	19	MX	N1b	Stage I	7th	T3		0	16.16	0:DiseaseFree		None	5/18/12	Thyroid Papillary Carcinoma - Classical/usual	No	No	C73	8260/3	C73.9	YES	2011	Right lobe	YES	41	66	16.16	0:LIVING	FEF9C64F-5959-4DA0-AAA2-66B56FC7B4C3	NO		R0	YES	2	Female	Thyroid	EM	WITH TUMOR							
TCGA-ET-A3DP	43	MX	NX	Stage I	6th	T2		0	94.51	0:DiseaseFree	NOT HISPANIC OR LATINO	None	12/16/11	Thyroid Papillary Carcinoma - Classical/usual	No	No	C73	8260/3	C73.9	YES	2007	Left lobe	NO			94.51	0:LIVING	18A58E3E-F18E-45CF-86BC-1851ABB9B3DE	NO	BLACK OR AFRICAN AMERICAN	R0	YES	1	Female	Thyroid	ET	TUMOR FREE							
TCGA-FY-A3I4	34	M0	N0	Stage I	7th	T2		0	17.81	0:DiseaseFree	NOT HISPANIC OR LATINO	None	4/17/12	Thyroid Papillary Carcinoma - Classical/usual	No	No	C73	8260/3	C73.9	YES	2011	Right lobe	YES	0	1	17.81	0:LIVING	CD1656D8-55A5-4248-B81D-FED9D5992CBE	YES	WHITE	R0	NO	1	Female	Thyroid	FY	TUMOR FREE							
TCGA-FY-A3NM	48	MX	N0	Stage III	7th	T3		0	29.07	0:DiseaseFree	NOT HISPANIC OR LATINO	Minimal (T3)	4/19/12	Thyroid Papillary Carcinoma - Classical/usual	No	No	C73	8260/3	C73.9	YES	2011	Bilateral	YES	0	6	29.07	0:LIVING	F7F6E9F4-1AA8-48A0-BEA9-EFAA9379F6F6	YES	WHITE	R0	NO	1	Female	Thyroid	FY	TUMOR FREE							
TCGA-FY-A3NN	48	MX	N1a	Stage III	7th	T1b		0	0	0:DiseaseFree		None	4/19/12	Thyroid Papillary Carcinoma - Classical/usual	No	No	C73	8260/3	C73.9	YES	2011	Right lobe	YES	2	4	0.0	0:LIVING	B3B7D701-EC84-4018-A3CE-F59198B35767	YES		R0	NO	1	Female	Thyroid	FY								
TCGA-FY-A3NP	69	M0	N0	Stage I	7th	T1		0	16.13	0:DiseaseFree	NOT HISPANIC OR LATINO	None	4/19/12	Thyroid Papillary Carcinoma - Follicular (>= 99% follicular patterned)	No	No	C73	8340/3	C73.9	YES	2011	Right lobe	NO			16.13	0:LIVING	029DA211-9B52-45AD-B0DC-2322DA783C9C	YES	WHITE	R0	NO	1	Male	Thyroid	FY	TUMOR FREE							
TCGA-J8-A3NZ	52	M0	N1a	Stage III	7th	T3		0	17.21	0:DiseaseFree	NOT HISPANIC OR LATINO	Minimal (T3)	4/17/12	Thyroid Papillary Carcinoma - Classical/usual	No	Yes	C73	8260/3	C73.9	YES	2011	Left lobe	YES	2	9	17.21	0:LIVING	430AD51D-F68C-40B2-BFA2-9DA68370B7FA	NO	WHITE	R0	YES	1	Female	Thyroid	J8								
TCGA-J8-A3O0	38	M0	N0	Stage I	6th	T2		0	43.13	0:DiseaseFree	NOT HISPANIC OR LATINO	None	2/11/12	Thyroid Papillary Carcinoma - Classical/usual	No	No	C73	8340/3	C73.9	YES	2009	Right lobe	YES	0	3	43.13	0:LIVING	5832C002-E5A4-45BC-B8F9-DBB841FD22F3	NO	WHITE	R0	YES	1	Male	Thyroid	J8	TUMOR FREE							
TCGA-J8-A3O1	33	M0	N1b	Stage I	7th	T3	Negative	0	27.17	0:DiseaseFree	HISPANIC OR LATINO	None	2/11/12	Thyroid Papillary Carcinoma - Classical/usual	No	No	C73	8260/3	C73.9	YES	2010	Left lobe	YES	12	19	27.17	0:LIVING	FB14BD0D-B356-42A4-A0E9-2FCDADA8F76B	NO	WHITE	R0	YES	1	Female	Thyroid	J8	TUMOR FREE							
TCGA-BJ-A3PR	69	M0	N0	Stage I	7th	T1a		0	36.37	0:DiseaseFree	NOT HISPANIC OR LATINO	None	7/2/12	Thyroid Papillary Carcinoma - Classical/usual	No	No	C73	8260/3	C73.9	YES	2011	Right lobe	YES	0	6	36.37	0:LIVING	FD036EC5-3FFB-40B1-8002-943BE0E2532E	YES	WHITE	R0	NO	1	Female	Thyroid	BJ	TUMOR FREE			No imaging evidence of disease	NO	NO	NO	
TCGA-BJ-A3PT	51	M0	N0	Stage III	7th	T3		0	23.29	0:DiseaseFree	NOT HISPANIC OR LATINO		7/3/12	Thyroid Papillary Carcinoma - Classical/usual	No	No	C73	8260/3	C73.9	YES	2011	Bilateral	NO			23.29	0:LIVING	29C4319C-3EAD-42B1-810D-418DA8D515C4	YES	WHITE		NO	1	Female	Thyroid	BJ	TUMOR FREE			No imaging evidence of disease	NO	NO	YES	
TCGA-BJ-A3PU	52	M0	N1a	Stage III	7th	T3		0	7.26	1:Recurred/Progressed	NOT HISPANIC OR LATINO	Minimal (T3)	7/3/12	Thyroid Papillary Carcinoma - Classical/usual	No	No	C73	8260/3	C73.9	YES	2011	Left lobe	YES	7	7	18.63	0:LIVING	4CCCC34B-DAF6-41CA-9BF8-F1614525EAC9	YES	WHITE	R0	NO	1	Male	Thyroid	BJ	WITH TUMOR		Imaging Suspected	Persistent distant metastases	YES	NO	YES	
TCGA-DJ-A13L	85	M0	N0	Stage I	7th	T1b		0	9.95	0:DiseaseFree	NOT HISPANIC OR LATINO	None	8/20/14	Thyroid Papillary Carcinoma - Tall Cell (>= 50% tall cell features)	No	Yes	C73	8344/3	C73.9	YES	2010	Right lobe	NO			9.95	0:LIVING	C7A2F394-3E3F-4C90-9F1E-F2BE3E5B0D6B	NO	WHITE	R0	YES	1	Male	Thyroid	DJ	TUMOR FREE			No imaging evidence of disease	NO	NO	NO	
TCGA-EL-A3T6	34	M0	N0	Stage I	6th	T3		0	98.16	0:DiseaseFree	HISPANIC OR LATINO	None	3/13/13	Thyroid Papillary Carcinoma - Classical/usual	No	No	C73	8260/3	C73.9	YES	2003	Left lobe	NO			98.16	0:LIVING	90507BAA-B716-4BCF-A18E-9D8AE97D809A	NO	WHITE	R0	YES	1	Female	Thyroid	EL	TUMOR FREE				NO	NO	YES	
TCGA-EM-A3FR	55	MX	N1a	Stage III	7th	T2		0	15.01	0:DiseaseFree		None	5/18/12	Thyroid Papillary Carcinoma - Classical/usual	No	No	C73	8260/3	C73.9	YES	2011	Left lobe	YES	2	7	15.01	0:LIVING	2B84CFBC-7CF6-4CB1-A1E3-BA85DAFB89F4	NO		R0	YES	1	Female	Thyroid	EM	TUMOR FREE							
TCGA-EM-A3O3	83	MX	N1a	Stage III	7th	T2		0	14.49	0:DiseaseFree		None	7/4/12	Thyroid Papillary Carcinoma - Classical/usual	No	No	C73	8260/3	C73.9	YES	2011	Right lobe	YES	3	16	14.49	0:LIVING	2A398AF1-AEA5-4AAE-AB00-A2DC152F965A	NO		R0	YES	1	Female	Thyroid	EM	TUMOR FREE				NO	NO	YES	
TCGA-EM-A3O6	54	MX	NX	Stage II	7th	T2		0	15.05	0:DiseaseFree		None	7/4/12	Thyroid Papillary Carcinoma - Follicular (>= 99% follicular patterned)	No	No	C73	8340/3	C73.9	YES	2011	Right lobe	NO			15.05	0:LIVING	398D5C2E-F877-4BBF-A10C-486B8523C9CE	NO		R0	YES	1	Female	Thyroid	EM	TUMOR FREE				NO	NO	YES	
TCGA-EM-A3O7	46	MX	NX	Stage III	7th	T3		0	7.33	0:DiseaseFree		None	7/4/12	Thyroid Papillary Carcinoma - Classical/usual	No	No	C73	8260/3	C73.9	YES	2011	Right lobe	NO			7.33	0:LIVING	3A211D5A-085F-4902-86B6-50E4EB36B897	NO		R0	YES	1	Female	Thyroid	EM	TUMOR FREE				NO	NO	YES	
TCGA-EM-A3O8	33	MX	N0	Stage I	7th	T1b		0	12.52	0:DiseaseFree		None	7/4/12	Thyroid Papillary Carcinoma - Follicular (>= 99% follicular patterned)	No	No	C73	8340/3	C73.9	YES	2011	Right lobe	YES	0	3	12.52	0:LIVING	97B5017C-2066-4472-AB3F-31CFE64A6762	NO		R0	YES	1	Female	Thyroid	EM	TUMOR FREE				NO	NO	NO	
TCGA-EM-A3O9	40	MX	N0	Stage I	7th	T3		0	9.23	0:DiseaseFree		None	7/4/12	Thyroid Papillary Carcinoma - Follicular (>= 99% follicular patterned)	No	No	C73	8340/3	C73.9	YES	2011	Right lobe	YES	0	2	9.23	0:LIVING	34B8D361-9C95-4F28-8E45-669DEFC5C3A7	NO		R0	YES	1	Male	Thyroid	EM	TUMOR FREE				NO	NO	YES	
TCGA-EM-A3OA	55	MX	N0	Stage II	7th	T2		0	27	0:DiseaseFree		None	7/4/12	Thyroid Papillary Carcinoma - Follicular (>= 99% follicular patterned)	No	No	C73	8340/3	C73.9	YES	2011	Right lobe	YES	0	1	27.0	0:LIVING	24CF6397-60EF-4635-81F0-78A67157AAC0	NO		R0	YES	1	Female	Thyroid	EM	TUMOR FREE				NO	NO	NO	
TCGA-EM-A3OB	33	MX	N0	Stage I	7th	T2		0	38.63	0:DiseaseFree		None	7/4/12	Thyroid Papillary Carcinoma - Follicular (>= 99% follicular patterned)	No	No	C73	8340/3	C73.9	YES	2011	Isthmus	YES	0	3	38.63	0:LIVING	8CFC2589-B0AD-4FE6-8420-8F6FE0178BCC	NO		R0	YES	1	Female	Thyroid	EM	TUMOR FREE				NO	NO	NO	
TCGA-FE-A3PA	16	M1	N0	Stage II	5th	T4		0	106.27	0:DiseaseFree	NOT HISPANIC OR LATINO	Minimal (T3)	3/13/12	Thyroid Papillary Carcinoma - Follicular (>= 99% follicular patterned)	No	No	C73	8340/3	C73.9	YES	2002	Left lobe	NO			106.27	0:LIVING	10BDAFBB-831D-48B5-B9A3-AD374FC50235	NO	WHITE	R2	YES	1	Male	Thyroid	FE	WITH TUMOR		RAI-avid					
TCGA-FE-A3PB	33	MX	N1a	Stage I	6th	T3		0	85.09	0:DiseaseFree	NOT HISPANIC OR LATINO	Minimal (T3)	3/13/12	Thyroid Papillary Carcinoma - Classical/usual	No	No	C73	8260/3	C73.9	YES	2004	Right lobe	YES	5	5	85.09	0:LIVING	05A8268A-6B33-429B-8638-8C9BB366EF28	NO	WHITE	R0	YES	1	Female	Thyroid	FE	TUMOR FREE							
TCGA-FE-A3PC	37	MX	N1	Stage I	6th	T3		0	85.61	0:DiseaseFree	NOT HISPANIC OR LATINO	None	3/13/12	Thyroid Papillary Carcinoma - Classical/usual	No	No	C73	8260/3	C73.9	YES	2006	Left lobe	YES	19	19	85.61	0:LIVING	A86AC3B5-B5E9-4420-8DE0-A358FCAD85B6	NO	WHITE	R0	YES	1	Female	Thyroid	FE	TUMOR FREE							
TCGA-FE-A3PD	17	MX	N0	Stage I	6th	T2		0	78.71	0:DiseaseFree	NOT HISPANIC OR LATINO	None	3/13/12	Thyroid Papillary Carcinoma - Follicular (>= 99% follicular patterned)	No	No	C73	8340/3	C73.9	YES	2006	Left lobe	YES	0	3	78.71	0:LIVING	39D90499-8549-4DA5-B391-C421F18FACF1	NO	WHITE	R0	YES	1	Female	Thyroid	FE	TUMOR FREE							
TCGA-FY-A3I5	64	MX	N0	Stage III	7th	T3		0	7.82	0:DiseaseFree	NOT HISPANIC OR LATINO	None	9/24/12	Thyroid Papillary Carcinoma - Follicular (>= 99% follicular patterned)	No	No	C73	8340/3	C73.9	YES	2011	Right lobe	YES	0	14	7.82	0:LIVING	52203FF5-57B2-4D56-8935-2FF1EB61D7B8	YES	WHITE	R0	NO	1	Female	Thyroid	FY	TUMOR FREE				NO			
TCGA-FY-A3ON	20	MX	N1	Stage I	7th	T2		0	19.55	0:DiseaseFree	HISPANIC OR LATINO	None	4/19/12	Thyroid Papillary Carcinoma - Classical/usual	No	No	C73	8260/3	C73.9	YES	2011	Bilateral	YES	1	4	19.55	0:LIVING	4D1AEC67-C345-4721-8EE8-356B0DFF009B	YES	WHITE	R0	NO	1	Male	Thyroid	FY	TUMOR FREE							
TCGA-FY-A3R6	57	MX	N1b	Stage IVA	7th	T2		0	13.9	0:DiseaseFree	NOT HISPANIC OR LATINO	None	9/28/12	Thyroid Papillary Carcinoma - Classical/usual	No	No	C73	8260/3	C73.9	YES	2011	Left lobe	YES	5	30	13.9	0:LIVING	905469D2-4C97-4293-A20C-1B1F0462A25D	YES	WHITE	R0	NO	1	Female	Thyroid	FY					NO			
TCGA-FY-A3R7	50	MX	N1a	Stage III	7th	T3		0	16.26	0:DiseaseFree	NOT HISPANIC OR LATINO	Minimal (T3)	9/28/12	Thyroid Papillary Carcinoma - Classical/usual	No	No	C73	8260/3	C73.9	YES	2012	Bilateral	YES	2	2	16.26	0:LIVING	B983A678-B0AE-42C2-8F37-D6ECAF07413B	YES	WHITE		NO	1	Female	Thyroid	FY					NO			
TCGA-FY-A3R8	62	MX	NX	Stage III	7th	T3		0	15.67	0:DiseaseFree	NOT HISPANIC OR LATINO	Minimal (T3)	10/8/12	Thyroid Papillary Carcinoma - Classical/usual	No	No	C73	8260/3	C73.9	YES	2012	Left lobe	NO			15.67	0:LIVING	C77976B6-35EA-4623-A92A-6D9440A978E6	YES	WHITE	R0	NO	1	Female	Thyroid	FY	TUMOR FREE			No imaging evidence of disease	NO	NO	YES	
TCGA-FY-A3R9	66	MX	N0	Stage I	7th	T1a		0	16.56	0:DiseaseFree	NOT HISPANIC OR LATINO	None	10/1/12	Thyroid Papillary Carcinoma - Classical/usual	No	No	C73	8340/3	C73.9	YES	2011	Bilateral	YES	0	1	16.56	0:LIVING	D92902FF-8023-411C-A7CA-1AFCBB64937E	YES	WHITE	R0	NO	1	Female	Thyroid	FY					NO			
TCGA-FY-A3RA	21	MX	NX	Stage I	7th	T2		0	18.07	0:DiseaseFree	NOT HISPANIC OR LATINO	None	9/24/12	Thyroid Papillary Carcinoma - Classical/usual	No	No	C73	8260/3	C73.9	YES	2011	Left lobe	NO			18.07	0:LIVING	58FF4366-20A3-40A2-A87A-551E17CDB5D3	YES	WHITE	R0	NO	1	Female	Thyroid	FY	TUMOR FREE			No imaging evidence of disease	NO	NO	YES	
TCGA-H2-A3RH	41	M0	N0	Stage I	7th	T1b		0	12.45	0:DiseaseFree	NOT HISPANIC OR LATINO	None	5/7/12	Thyroid Papillary Carcinoma - Follicular (>= 99% follicular patterned)	No	No	C73	8340/3	C73.9	YES	2011	Left lobe	YES	0	3	12.45	0:LIVING	0314B145-2F3A-4A90-A580-375B5F0A63A4	YES	WHITE		NO	1	Female	Thyroid	H2	TUMOR FREE							
TCGA-H2-A3RI	29	MX	N0	Stage I	7th	T3		0	9.17	1:Recurred/Progressed	NOT HISPANIC OR LATINO	Minimal (T3)	5/7/12	Thyroid Papillary Carcinoma - Classical/usual	No	No	C73	8260/3	C73.9	YES	2011	Left lobe	YES	0	5	11.01	0:LIVING	BF193C4F-FBAC-41BC-B1AF-19B6CE856F0F	YES	WHITE		NO	1	Female	Thyroid	H2								
TCGA-BJ-A28X	32	M0	N1a	Stage I	7th	T3		0	16.23	1:Recurred/Progressed	NOT HISPANIC OR LATINO	Minimal (T3)	7/3/12	Thyroid Papillary Carcinoma - Tall Cell (>= 50% tall cell features)	No	No	C73	8344/3	C73.9	YES	2010	Left lobe	YES	2	8	30.95	0:LIVING	B30F5B13-8CC9-48A0-93EA-3D49CE8A7D0D	YES	WHITE	R0	NO	1	Female	Thyroid	BJ	TUMOR FREE			Persistent distant metastases	NO	NO	YES	
TCGA-DJ-A3UK	35	M0	N0	Stage I	7th	T1b		0	36.89	0:DiseaseFree	NOT HISPANIC OR LATINO	None	8/13/12	Thyroid Papillary Carcinoma - Classical/usual	No	No	C73	8260/3	C73.9	YES	2011	Left lobe	YES	0	3	36.89	0:LIVING	D61CA744-ADC4-44D5-AD15-CC17399E8083	NO	WHITE	R0	YES	1	Female	Thyroid	DJ	TUMOR FREE			No imaging evidence of disease	NO	NO	NO	
TCGA-DJ-A3UM	45	M0	N0	Stage I	7th	T1b		0	31.01	0:DiseaseFree	NOT HISPANIC OR LATINO	None	8/13/12	Thyroid Papillary Carcinoma - Classical/usual	No	No	C73	8260/3	C73.9	YES	2010	Left lobe	YES	0	3	31.01	0:LIVING	D579370B-8AA7-4472-9E28-43C761BE3EDA	NO	ASIAN	R0	YES	1	Female	Thyroid	DJ	TUMOR FREE			No imaging evidence of disease	NO	NO	NO	
TCGA-DJ-A3UN	51	M0	N0	Stage I	7th	T1b		0	32.39	0:DiseaseFree	NOT HISPANIC OR LATINO	None	8/13/12	Thyroid Papillary Carcinoma - Classical/usual	No	No	C73	8260/3	C73.9	YES	2011	Left lobe	YES	0	3	32.39	0:LIVING	69F621C8-DE77-48C7-8939-4C887DA9E6D8	NO	WHITE	R0	YES	1	Female	Thyroid	DJ	TUMOR FREE			No imaging evidence of disease	NO	NO	NO	
TCGA-DJ-A3UO	63	M0	N1b	Stage IVA	7th	T3		0	21.06	1:Recurred/Progressed	NOT HISPANIC OR LATINO	Minimal (T3)	8/13/12	Thyroid Papillary Carcinoma - Classical/usual	No	No	C73	8260/3	C73.9	YES	2010	Bilateral	YES	6	25	31.44	0:LIVING	D78012B6-24F9-48F5-9409-9845D0BE2B3C	NO	WHITE	R0	YES	1	Male	Thyroid	DJ	TUMOR FREE			No imaging evidence of disease	NO	NO	YES	
TCGA-DJ-A3UP	38	M0	N0	Stage I	7th	T2		0	16.39	0:DiseaseFree	HISPANIC OR LATINO	None	8/13/12	Thyroid Papillary Carcinoma - Follicular (>= 99% follicular patterned)	No	No	C73	8340/3	C73.9	YES	2011	Left lobe	YES	0	24	16.39	0:LIVING	2610485E-F2B2-45F7-A578-99D6983D5F0E	NO		R0	YES	1	Female	Thyroid	DJ				No imaging evidence of disease	NO	NO	YES	
TCGA-DJ-A3UQ	45	M0	N1a	Stage III	7th	T3		0	19.55	0:DiseaseFree	NOT HISPANIC OR LATINO	Minimal (T3)	8/13/12	Thyroid Papillary Carcinoma - Tall Cell (>= 50% tall cell features)	No	No	C73	8344/3	C73.9	YES	2011	Left lobe	YES	5	6	19.55	0:LIVING	368689A0-F782-4826-9F08-CF0E0055162E	NO	ASIAN	R0	YES	1	Female	Thyroid	DJ	TUMOR FREE			No imaging evidence of disease	NO	NO	YES	
TCGA-DJ-A3UR	51	M0	N1a	Stage III	7th	T3		0	36.3	0:DiseaseFree	NOT HISPANIC OR LATINO	Minimal (T3)	8/13/12	Thyroid Papillary Carcinoma - Follicular (>= 99% follicular patterned)	No	No	C73	8340/3	C73.9	YES	2010	Bilateral	YES	4	7	36.3	0:LIVING	C5FD200B-CE02-4D7D-A240-78F147E483BE	NO	WHITE	R0	YES	1	Female	Thyroid	DJ	TUMOR FREE			No imaging evidence of disease	NO	NO	NO	
TCGA-DJ-A3US	37	M0	N0	Stage I	7th	T1b		0	32.79	0:DiseaseFree	NOT HISPANIC OR LATINO	None	8/13/12	Thyroid Papillary Carcinoma - Classical/usual	No	No	C73	8260/3	C73.9	YES	2010	Right lobe	NO			32.79	0:LIVING	6EE95DC8-2BAC-4691-AFA2-8222E07506AD	NO	WHITE	R0	YES	1	Female	Thyroid	DJ	TUMOR FREE			No imaging evidence of disease	NO	NO	NO	
TCGA-DJ-A3UT	43	M0	N0	Stage I	7th	T1a		0	36.3	0:DiseaseFree	HISPANIC OR LATINO	None	8/13/12	Thyroid Papillary Carcinoma - Follicular (>= 99% follicular patterned)	No	No	C73	8340/3	C73.9	YES	2010	Bilateral	NO			36.3	0:LIVING	9D3F6163-F586-4974-BABC-67B5163B706B	NO	WHITE	R0	YES	1	Female	Thyroid	DJ	TUMOR FREE			No imaging evidence of disease	NO	NO	NO	
TCGA-DJ-A3UU	49	M0	N0	Stage III	7th	T3		0	23.42	0:DiseaseFree	NOT HISPANIC OR LATINO	Minimal (T3)	8/13/12	Thyroid Papillary Carcinoma - Classical/usual	No	Yes	C73	8260/3	C73.9	YES	2010	Right lobe	YES	0	2	23.42	0:LIVING	45EEFBA8-9F7C-49E9-A3F5-D13CFA264FF6	NO	WHITE	R1	YES	1	Female	Thyroid	DJ	TUMOR FREE			No imaging evidence of disease	NO	NO	YES	
TCGA-DJ-A3UV	18	M0	N0	Stage I	7th	T1		0	48.16	0:DiseaseFree	NOT HISPANIC OR LATINO	None	8/13/12	Thyroid Papillary Carcinoma - Classical/usual	No	Yes	C73	8260/3	C73.9	YES	2010	Left lobe	YES	0	2	48.16	0:LIVING	F2BBB5FA-9997-45DE-88D4-8F1E94C18F0D	NO	WHITE	R0	YES	1	Female	Thyroid	DJ	TUMOR FREE			No imaging evidence of disease	NO	NO	NO	
TCGA-DJ-A3UW	50	M0	N0	Stage I	6th	T1b		0	59.53	0:DiseaseFree	NOT HISPANIC OR LATINO	None	8/13/12	Thyroid Papillary Carcinoma - Classical/usual	No	Yes	C73	8260/3	C73.9	YES	2007	Left lobe	YES	0	4	59.53	0:LIVING	5E085199-152A-40F5-A8F8-3A3A0F31C2E0	NO	WHITE	R0	YES	1	Female	Thyroid	DJ	TUMOR FREE			No imaging evidence of disease	NO	NO	NO	
TCGA-DJ-A3UX	46	M0	N0	Stage I	7th	T1	V600E mutation detected	0	11.33	0:DiseaseFree	NOT HISPANIC OR LATINO	None	8/13/12	Thyroid Papillary Carcinoma - Classical/usual	No	No	C73	8260/3	C73.9	YES	2010	Right lobe	YES	0	3	11.33	0:LIVING	A3765A2B-FF09-4DEC-B990-65529345214E	NO	WHITE	R0	YES	1	Female	Thyroid	DJ	WITH TUMOR			No imaging evidence of disease	NO	NO	NO	
TCGA-DJ-A3UY	32	M0	N0	Stage I	7th	T1b		0	35.84	0:DiseaseFree	NOT HISPANIC OR LATINO	None	8/13/12	Thyroid Papillary Carcinoma - Classical/usual	No	No	C73	8260/3	C73.9	YES	2011	Left lobe	NO			35.84	0:LIVING	02A8E937-C747-4BA1-911C-0860E62B8F83	NO	WHITE	R0	YES	1	Female	Thyroid	DJ	TUMOR FREE			No imaging evidence of disease	NO	NO	NO	
TCGA-DO-A2HM	49	MX	N1b	Stage IVA	7th	T1b		0	2.33	0:DiseaseFree	NOT HISPANIC OR LATINO	None	10/2/12	Thyroid Papillary Carcinoma - Classical/usual	No	No	C73	8260/3	C73.9	YES	2011	Left lobe	YES	3	5	2.33	0:LIVING	82DD133B-691B-4BBF-B948-6270869D9B69	NO	WHITE	RX	YES	1	Male	Thyroid	DO								
TCGA-EL-A3T0	45	M0	N1	Stage III	5th	T3		0	142.41	0:DiseaseFree	NOT HISPANIC OR LATINO	Minimal (T3)	3/13/13	Thyroid Papillary Carcinoma - Classical/usual	No	No	C73	8260/3	C73.9	YES	2001	Right lobe	YES	10	21	142.41	0:LIVING	861F94CE-45FF-4588-ADDB-E1EA48878C2E	NO	WHITE	R0	YES	1	Female	Thyroid	EL	WITH TUMOR				NO	NO	YES	
TCGA-EL-A3T1	38	M0	N0	Stage I	5th	T2		0	129.47	0:DiseaseFree	NOT HISPANIC OR LATINO	Minimal (T3)	3/13/13	Thyroid Papillary Carcinoma - Classical/usual	No	No	C73	8260/3	C73.9	YES	2002	Isthmus	YES	0	1	129.47	0:LIVING	97D0E1BB-1459-4124-B25A-48195F2AD8B5	NO	BLACK OR AFRICAN AMERICAN	R0	YES	1	Female	Thyroid	EL	TUMOR FREE				NO	NO	NO	
TCGA-EL-A3T2	55	M0	N1	Stage III	5th	T2		0	31.08	1:Recurred/Progressed	HISPANIC OR LATINO	None	3/13/13	Thyroid Papillary Carcinoma - Classical/usual	No	No	C73	8260/3	C73.9	YES	2002	Right lobe	YES	2	14	32.46	0:LIVING	8A476795-0E05-4DA6-BBE1-FF7304DA1B39	NO	WHITE	R0	YES	1	Female	Thyroid	EL	WITH TUMOR				YES	NO	YES	
TCGA-EL-A3T3	63	M0	N0	Stage II	5th	T2		0	131.96	0:DiseaseFree	HISPANIC OR LATINO	None	3/13/13	Thyroid Papillary Carcinoma - Classical/usual	No	No	C73	8260/3	C73.9	YES	2002	Left lobe	NO			131.96	0:LIVING	6435EA21-7214-40C5-9CCB-A1F22685A728	NO	WHITE	R0	YES	1	Male	Thyroid	EL	TUMOR FREE				NO	NO	YES	
TCGA-EL-A3T7	47	M0	N0	Stage II	6th	T2		0	41.26	0:DiseaseFree	NOT HISPANIC OR LATINO	Minimal (T3)	3/13/13	Thyroid Papillary Carcinoma - Classical/usual	No	No	C73	8260/3	C73.9	YES	2004	Right lobe	NO			41.26	0:LIVING	B1640709-8B2F-4CCA-A2C0-55A1B4A1884B	NO	WHITE	R0	YES	1	Female	Thyroid	EL	TUMOR FREE				NO	NO	NO	
TCGA-EL-A3T8	36	M0	N0	Stage I	6th	T2		0	107.39	0:DiseaseFree	NOT HISPANIC OR LATINO	None	3/13/13	Thyroid Papillary Carcinoma - Classical/usual	No	No	C73	8260/3	C73.9	YES	2005	Left lobe	NO			107.39	0:LIVING	989E9202-C08E-4BBF-85B3-1E278A475CB7	NO	ASIAN	R0	YES	1	Male	Thyroid	EL	TUMOR FREE				NO	NO	YES	
TCGA-EL-A3T9	69	MX	N1	Stage IV	6th	T4		0			NOT HISPANIC OR LATINO	Very Advanced (T4b)	3/15/13	Thyroid Papillary Carcinoma - Classical/usual	No	No	C73	8260/3	C73.9	YES	2005	Left lobe	NO			5.72	1:DECEASED	8A233B01-2959-467F-8950-02BE16309156	NO	WHITE	R1	YES	1	Female	Thyroid	EL	WITH TUMOR				NO			
TCGA-EL-A3TA	42	M0	N0	Stage I	6th	T2		0	66.85	0:DiseaseFree	NOT HISPANIC OR LATINO	None	3/13/13	Thyroid Papillary Carcinoma - Classical/usual	No	No	C73	8260/3	C73.9	YES	2005	Left lobe	NO			66.85	0:LIVING	D4355111-3ABB-40F0-BDB7-B9EAA39DC771	NO	WHITE	R0	YES	1	Male	Thyroid	EL	TUMOR FREE				NO	NO	YES	
TCGA-EL-A3TB	47	M0	N1a	Stage III	6th	T3		0	82.75	0:DiseaseFree	NOT HISPANIC OR LATINO	Minimal (T3)	3/14/13	Thyroid Papillary Carcinoma - Classical/usual	No	No	C73	8260/3	C73.9	YES	2005	Right lobe	YES	7	20	82.75	0:LIVING	A09D0BE0-FD41-4B30-B488-9A9F2ABEF8E7	NO	WHITE	R0	YES	1	Female	Thyroid	EL	TUMOR FREE				NO	NO	YES	
TCGA-FK-A3S3	43	MX	N1b	Stage I	6th	T3		0	71.02	0:DiseaseFree	NOT HISPANIC OR LATINO	Minimal (T3)	9/18/12	Thyroid Papillary Carcinoma - Follicular (>= 99% follicular patterned)	No	No	C73	8340/3	C73.9	YES	2008	Left lobe	YES	4	11	71.02	0:LIVING	785803BB-42A8-4AFB-B7B4-58C114894408	NO	BLACK OR AFRICAN AMERICAN	R0	YES	1	Female	Thyroid	FK	TUMOR FREE			Persistent locoregional disease	NO	NO	YES	
TCGA-FK-A3SB	28	MX	N1a	Stage I	6th	T3		0	4.11	0:DiseaseFree	NOT HISPANIC OR LATINO	Minimal (T3)	9/18/12	Thyroid Papillary Carcinoma - Classical/usual	No	No	C73	8260/3	C73.9	YES	2008	Right lobe	YES	2	14	4.11	0:LIVING	8950691C-600F-4A90-ADF6-42A8F129AA3E	NO	ASIAN	R0	YES	1	Female	Thyroid	FK	TUMOR FREE			No imaging evidence of disease	NO	NO	YES	
TCGA-FK-A3SD	61	M0	N0	Stage I	6th	T1		0	1.05	0:DiseaseFree	NOT HISPANIC OR LATINO		9/18/12	Thyroid Papillary Carcinoma - Classical/usual	No	Yes	C73	8260/3	C73.9	YES	2009	Left lobe	NO			1.05	0:LIVING	63B01B43-A68A-4046-89B0-736BA4D08504	NO	WHITE	R0	YES	1	Female	Thyroid	FK	TUMOR FREE			No imaging evidence of disease	NO	NO	NO	
TCGA-FK-A3SE	31	MX	N1a	Stage I	6th	T2		0	22.01	0:DiseaseFree	NOT HISPANIC OR LATINO	None	9/18/12	Thyroid Papillary Carcinoma - Classical/usual	No	No	C73	8260/3	C73.9	YES	2008	Bilateral	YES	2	8	22.01	0:LIVING	AFB00CD4-E5DA-4251-86FB-532C3F65324C	NO	ASIAN	R0	YES	1	Female	Thyroid	FK	TUMOR FREE			No imaging evidence of disease	NO	NO	YES	
TCGA-FK-A3SG	21	MX	N1b	Stage I	6th	T2		0	0.92	0:DiseaseFree	NOT HISPANIC OR LATINO	None	9/18/12	Thyroid Papillary Carcinoma - Classical/usual	No	No	C73	8260/3	C73.9	YES	2008	Right lobe	YES	6	14	0.92	0:LIVING	8446BCBA-0DCD-42EB-96A1-00F5470C9F65	NO	WHITE	R0	YES	1	Female	Thyroid	FK	TUMOR FREE							
TCGA-FK-A3SH	50	MX	N1a	Stage III	6th	T2		0	48.06	0:DiseaseFree	NOT HISPANIC OR LATINO	None	9/18/12	Thyroid Papillary Carcinoma - Classical/usual	No	No	C73	8260/3	C73.9	YES	2008	Bilateral	YES	2	8	48.06	0:LIVING	E48A8FA7-4E2B-44A0-95F5-E2925C60BAD3	NO	WHITE	R0	YES	1	Female	Thyroid	FK	TUMOR FREE			No imaging evidence of disease	NO	NO	YES	
TCGA-FY-A3W9	66	MX	N0	Stage II	7th	T2		0	21.62	0:DiseaseFree	NOT HISPANIC OR LATINO	None	10/8/12	Thyroid Papillary Carcinoma - Follicular (>= 99% follicular patterned)	No	No	C73	8340/3	C73.9	YES	2012	Left lobe	YES	0	1	21.62	0:LIVING	7EF22138-AC76-4846-B3BB-DDF1EFB96531	YES	WHITE	R1	NO	1	Female	Thyroid	FY	WITH TUMOR				NO			
TCGA-FY-A3WA	52	MX	NX	Stage I	7th	T1a		0	17.05	0:DiseaseFree	NOT HISPANIC OR LATINO	None	12/3/12	Thyroid Papillary Carcinoma - Follicular (>= 99% follicular patterned)	No	No	C73	8340/3	C73.9	YES	2012	Right lobe	NO			17.05	0:LIVING	59221E3A-2927-40BF-A38D-4A5843EA179B	YES	WHITE	R0	NO	1	Female	Thyroid	FY	TUMOR FREE				NO			
TCGA-IM-A3U2	89	MX	N1b	Stage IVA	7th	T3		0	18.5	0:DiseaseFree	HISPANIC OR LATINO	Minimal (T3)	5/24/12	Thyroid Papillary Carcinoma - Tall Cell (>= 50% tall cell features)	No	No	C73	8344/3	C73.9	YES	2012	Bilateral	YES	25	33	18.5	0:LIVING	8392EDEA-82B3-4610-87A0-F545F673E922	YES	WHITE	R0	NO	1	Female	Thyroid	IM	TUMOR FREE							
TCGA-IM-A3U3	55	MX	N0	Stage I	7th	T1b		0	16.89	0:DiseaseFree	HISPANIC OR LATINO	None	5/24/12	Thyroid Papillary Carcinoma - Tall Cell (>= 50% tall cell features)	No	No	C73	8344/3	C73.9	YES	2012	Bilateral	YES	0	8	16.89	0:LIVING	DD1058C5-DA32-4F60-9275-5E1A8049D9C5	YES	WHITE	RX	NO	1	Female	Thyroid	IM	TUMOR FREE							
TCGA-DJ-A3UZ	70	M0	N0	Stage III	7th	T3		0	40.93	0:DiseaseFree	NOT HISPANIC OR LATINO	Minimal (T3)	8/13/12	Thyroid Papillary Carcinoma - Classical/usual	No	No	C73	8260/3	C73.9	YES	2011	Bilateral	YES	0	3	40.93	0:LIVING	AB0A98AE-98F1-425E-9418-550DF6AC24CD	NO	WHITE	R0	YES	1	Female	Thyroid	DJ	TUMOR FREE			No imaging evidence of disease	NO	NO	NO	
TCGA-DJ-A3V0	56	M0	N1b	Stage IVA	7th	T4a		0	36.96	0:DiseaseFree	NOT HISPANIC OR LATINO	Moderate/Advanced (T4a)	8/13/12	Thyroid Papillary Carcinoma - Tall Cell (>= 50% tall cell features)	No	No	C73	8344/3	C73.9	YES	2010	Right lobe	YES	13	49	36.96	0:LIVING	B82E08E3-AE79-404A-A501-0D501DF84B8B	NO		R0	YES	1	Male	Thyroid	DJ	TUMOR FREE			No imaging evidence of disease	NO	NO	YES	
TCGA-DJ-A3V2	44	M0	N1a	Stage I	7th	T2		0	20.2	0:DiseaseFree	NOT HISPANIC OR LATINO	None	8/21/12	Thyroid Papillary Carcinoma - Classical/usual	No	No	C73	8260/3	C73.9	YES	2011	Bilateral	YES	1	4	20.2	0:LIVING	7B46EE87-E976-41BF-BDF1-9BFF58F8314E	NO	WHITE	R0	YES	1	Female	Thyroid	DJ	TUMOR FREE			No imaging evidence of disease	NO	NO	NO	
TCGA-DJ-A3V3	57	M0	N0	Stage II	7th	T2		0	30.58	0:DiseaseFree	NOT HISPANIC OR LATINO	None	8/21/12	Thyroid Papillary Carcinoma - Classical/usual	No	No	C73	8260/3	C73.9	YES	2010	Left lobe	YES	0	15	30.58	0:LIVING	6592A7DB-CBC7-4AFD-9FDB-5CC16C16EECA	NO	ASIAN	R0	YES	1	Female	Thyroid	DJ	TUMOR FREE			No imaging evidence of disease	NO	NO	NO	
TCGA-DJ-A3V4	60	M0	N1a	Stage III	7th	T3		0	42.51	0:DiseaseFree	NOT HISPANIC OR LATINO	Minimal (T3)	8/21/12	Thyroid Papillary Carcinoma - Tall Cell (>= 50% tall cell features)	No	Yes	C73	8344/3	C73.9	YES	2011	Left lobe	YES	1	1	42.51	0:LIVING	35277C30-010C-4D3F-9DFE-754BF72799D7	NO	WHITE	R0	YES	1	Female	Thyroid	DJ	TUMOR FREE			No imaging evidence of disease	NO	NO	YES	
TCGA-DJ-A3V5	76	M0	N0	Stage III	7th	T3		0	19.19	0:DiseaseFree	NOT HISPANIC OR LATINO	Minimal (T3)	8/21/12	Thyroid Papillary Carcinoma - Tall Cell (>= 50% tall cell features)	No	No	C73	8344/3	C73.9	YES	2011	Right lobe	YES	0	1	19.19	0:LIVING	7B82E2D2-47F9-41A1-9ECA-40904C92039C	NO	WHITE	R1	YES	1	Female	Thyroid	DJ	TUMOR FREE			No imaging evidence of disease	NO	NO	YES	
TCGA-DJ-A3V6	54	M0	N0	Stage III	7th	T3		0	26.87	0:DiseaseFree	NOT HISPANIC OR LATINO	Minimal (T3)	8/21/12	Thyroid Papillary Carcinoma - Tall Cell (>= 50% tall cell features)	Yes	Yes	C73	8344/3	C73.9	YES	2011	Left lobe	NO			26.87	0:LIVING	76C4D298-6F17-4F11-A706-CD844A0E0914	NO	WHITE	R0	YES	1	Male	Thyroid	DJ	TUMOR FREE			No imaging evidence of disease	NO	NO	YES	
TCGA-E8-A3X7	57	M0	N0	Stage IVA	7th	T4a		0	31.24	0:DiseaseFree	NOT HISPANIC OR LATINO	Moderate/Advanced (T4a)	8/14/12	Thyroid Papillary Carcinoma - Classical/usual	No	No	C73	8260/3	C73.9	YES	2011	Right lobe	NO			31.24	0:LIVING	F3665B89-957B-4D7B-B67F-39615C47D28B	YES	WHITE	RX	NO	1	Female	Thyroid	E8	WITH TUMOR							
TCGA-EM-A3ST	62	MX	N0	Stage III	7th	T3		0	31.73	1:Recurred/Progressed		None	11/23/12	Thyroid Papillary Carcinoma - Follicular (>= 99% follicular patterned)	No	No	C73	8340/3	C73.9	YES	2011	Right lobe	YES	0	1	38.83	0:LIVING	D5932DD7-B777-427F-8B55-3EC369FD76A3	NO		R0	YES	1	Female	Thyroid	EM	TUMOR FREE				NO	NO	YES	
TCGA-EM-A3SU	43	MX	N1b	Stage I	7th	T2		0	29.93	0:DiseaseFree		None	11/23/12	Thyroid Papillary Carcinoma - Classical/usual	No	No	C73	8260/3	C73.9	YES	2011	Right lobe	YES	3	33	29.93	0:LIVING	FE28F76E-7EAD-4D29-8C53-A576AE6021F7	NO		R0	YES	2	Female	Thyroid	EM	TUMOR FREE				NO	NO	YES	
TCGA-EM-A3SX	28	MX	N1a	Stage I	7th	T3		0	29.83	0:DiseaseFree		None	11/23/12	Thyroid Papillary Carcinoma - Classical/usual	No	No	C73	8260/3	C73.9	YES	2011	Left lobe	YES	3	4	29.83	0:LIVING	14591CE2-ED02-440D-8004-7CA0AD94D0A7	NO		R1	YES	1	Female	Thyroid	EM	WITH TUMOR				NO	NO	NO	
TCGA-EM-A3SY	36	MX	NX	Stage I	7th	T1b		0	13.5	0:DiseaseFree		None	11/23/12	Thyroid Papillary Carcinoma - Follicular (>= 99% follicular patterned)	No	No	C73	8340/3	C73.9	YES	2011	Right lobe	NO			13.5	0:LIVING	95DCD0A2-2FCD-4952-9022-D8143BA61FAC	NO		R0	YES	1	Male	Thyroid	EM	TUMOR FREE				NO	NO	NO	
TCGA-EM-A3SZ	42	MX	N0	Stage I	7th	T2		0	12.78	0:DiseaseFree		None	11/23/12	Thyroid Papillary Carcinoma - Classical/usual	No	No	C73	8260/3	C73.9	YES	2011	Right lobe	YES	0	4	12.78	0:LIVING	104B6629-AFF4-411B-9704-547C47ADA5A1	NO		R0	YES	1	Female	Thyroid	EM	TUMOR FREE				NO	NO	NO	
TCGA-FY-A3TY	61	MX	N0	Stage III	7th	T3		0	23.29	0:DiseaseFree	NOT HISPANIC OR LATINO	Minimal (T3)	8/6/12	Thyroid Papillary Carcinoma - Classical/usual	No	No	C73	8260/3	C73.9	YES	2012	Right lobe	YES	0	6	23.29	0:LIVING	53BA15C0-780E-4153-A612-046F1B24B4B3	YES	WHITE	R0	NO	1	Female	Thyroid	FY					NO			
TCGA-FY-A3YR	64	MX	N1a	Stage III	7th	T3		0	17.35	0:DiseaseFree	NOT HISPANIC OR LATINO	Minimal (T3)	10/8/12	Thyroid Papillary Carcinoma - Classical/usual	No	No	C73	8260/3	C73.9	YES	2012	Right lobe	YES	4	11	17.35	0:LIVING	D2CC4D31-38FA-4232-895E-767260F607E9	YES	WHITE	R0	NO	1	Female	Thyroid	FY	TUMOR FREE			No imaging evidence of disease	NO	NO	YES	
TCGA-J8-A3YD	47	M0	N1a	Stage III	6th	T1b	negative	0	31.8	0:DiseaseFree		None	9/26/12	Thyroid Papillary Carcinoma - Classical/usual	No	No	C73	8260/3	C73.9	YES	2009	Right lobe	YES	2	6	31.8	0:LIVING	4E227A7A-B885-4E9B-A4C2-AAD9E6C154E5	NO	WHITE	R0	YES	1	Female	Thyroid	J8	TUMOR FREE			No imaging evidence of disease	NO	NO	YES	
TCGA-J8-A3YG	54	M0	N1a	Stage III	7th	T2	positive	0	22.27	0:DiseaseFree		None	9/26/12	Thyroid Papillary Carcinoma - Classical/usual	No	No	C73	8260/3	C73.9	YES	2010	Bilateral	YES	6	9	22.27	0:LIVING	9AA61AB5-F675-43DD-8A99-077164B41F30	NO	WHITE	R0	YES	1	Female	Thyroid	J8	TUMOR FREE			No imaging evidence of disease	NO	NO	YES	
TCGA-J8-A3YH	39	M0	N1b	Stage I	7th	T3		0	5.75	0:DiseaseFree		None	12/3/12	Thyroid Papillary Carcinoma - Classical/usual	No	No	C73	8260/3	C73.9	YES	2012	Bilateral	YES	13	40	5.75	0:LIVING	A09B20B5-C187-4632-B996-0D5314A9885C	NO	WHITE	R0	YES	2	Male	Thyroid	J8	TUMOR FREE			No imaging evidence of disease	NO	NO	YES	
TCGA-DJ-A3V7	44	M0	N0	Stage III	7th	T3		0	23.19	0:DiseaseFree	NOT HISPANIC OR LATINO	Minimal (T3)	8/21/12	Thyroid Papillary Carcinoma - Tall Cell (>= 50% tall cell features)	No	No	C73	8344/3	C73.9	YES	2011	Right lobe	YES	0	2	23.19	0:LIVING	8E9C3621-BC43-40D0-BB2D-0C8B7ADE37C2	NO	WHITE	R0	YES	1	Female	Thyroid	DJ	TUMOR FREE			No imaging evidence of disease	NO	NO	YES	
TCGA-DJ-A3V8	28	M0	N1b	Stage I	7th	T3		0	21.25	0:DiseaseFree	NOT HISPANIC OR LATINO	Minimal (T3)	8/21/12	Thyroid Papillary Carcinoma - Tall Cell (>= 50% tall cell features)	No	No	C73	8344/3	C73.9	YES	2011	Right lobe	YES	8	16	21.25	0:LIVING	A3B49C90-FA9F-4189-A442-64EC1AD97A01	NO	WHITE	R0	YES	1	Female	Thyroid	DJ	TUMOR FREE			No imaging evidence of disease	NO	NO	YES	
TCGA-DJ-A3V9	50	M0	N1b	Stage IVA	7th	T2		0	20.47	0:DiseaseFree	NOT HISPANIC OR LATINO	None	8/21/12	Thyroid Papillary Carcinoma - Classical/usual	No	No	C73	8260/3	C73.9	YES	2011	Bilateral	YES	12	56	20.47	0:LIVING	2DCDF9A1-9437-4515-88C1-1C17D6B6418C	NO	WHITE	R0	YES	1	Female	Thyroid	DJ	TUMOR FREE			No imaging evidence of disease	NO	NO	YES	
TCGA-DJ-A3VA	39	M0	N1a	Stage I	7th	T1b		0	24.8	0:DiseaseFree	NOT HISPANIC OR LATINO	None	8/21/12	Thyroid Papillary Carcinoma - Classical/usual	No	No	C73	8260/3	C73.9	YES	2011	Left lobe	YES	1	28	24.8	0:LIVING	28AEF3AE-5375-4139-9B4E-5569EB394C88	NO		R0	YES	1	Female	Thyroid	DJ	TUMOR FREE			No imaging evidence of disease	NO	NO	NO	
TCGA-DJ-A3VB	52	M0	N1a	Stage III	7th	T3		0	22.9	0:DiseaseFree	NOT HISPANIC OR LATINO	Minimal (T3)	8/21/12	Thyroid Papillary Carcinoma - Tall Cell (>= 50% tall cell features)	No	No	C73	8344/3	C73.9	YES	2011	Left lobe	YES	1	1	22.9	0:LIVING	B305B716-5AE5-421B-B3C9-0824D37B08A8	NO		R0	YES	1	Male	Thyroid	DJ	TUMOR FREE			No imaging evidence of disease	NO	NO	YES	
TCGA-DJ-A3VD	32	M0	N1a	Stage I	7th	T1b		0	40.67	0:DiseaseFree	HISPANIC OR LATINO	None	8/21/12	Thyroid Papillary Carcinoma - Classical/usual	No	No	C73	8260/3	C73.9	YES	2011	Isthmus	YES	6	14	40.67	0:LIVING	DC659941-8D12-4095-8D8A-1769878C363C	NO	WHITE	R0	YES	1	Female	Thyroid	DJ	TUMOR FREE			No imaging evidence of disease	NO	NO	YES	
TCGA-DJ-A3VE	50	M0	N0	Stage I	7th	T1b		0	18.96	0:DiseaseFree	NOT HISPANIC OR LATINO	None	8/21/12	Thyroid Papillary Carcinoma - Classical/usual	No	No	C73	8260/3	C73.9	YES	2011	Left lobe	NO			18.96	0:LIVING	E071C940-60FA-4C73-BB65-1AD670021854	NO	WHITE	R0	YES	1	Male	Thyroid	DJ	TUMOR FREE			No imaging evidence of disease	NO	NO	NO	
TCGA-DJ-A3VF	60	M0	N1b	Stage IVA	7th	T3		0	9.59	0:DiseaseFree	NOT HISPANIC OR LATINO	Minimal (T3)	8/21/12	Thyroid Papillary Carcinoma - Tall Cell (>= 50% tall cell features)	No	No	C73	8344/3	C73.9	YES	2011	Right lobe	YES	4	12	9.59	0:LIVING	A7030D2B-2CC0-46BE-9721-DC210954BEE0	NO	WHITE	R0	YES	1	Female	Thyroid	DJ	TUMOR FREE			No imaging evidence of disease	NO	NO	YES	
TCGA-DJ-A3VG	40	M0	N0	Stage I	7th	T1b		0	35.64	0:DiseaseFree	NOT HISPANIC OR LATINO	None	8/21/12	Thyroid Papillary Carcinoma - Follicular (>= 99% follicular patterned)	No	No	C73	8340/3	C73.9	YES	2010	Left lobe	YES	0	1	35.64	0:LIVING	C042A639-63C6-471B-A7C5-3FB4E12C4D12	NO	WHITE	R0	YES	1	Male	Thyroid	DJ	TUMOR FREE			No imaging evidence of disease	NO	NO	NO	
TCGA-DJ-A3VI	52	M0	N1a	Stage III	7th	T1b		0	3.12	0:DiseaseFree	NOT HISPANIC OR LATINO	None	8/21/12	Thyroid Papillary Carcinoma - Classical/usual	No	Yes	C73	8260/3	C73.9	YES	2011	Left lobe	YES	3	5	3.12	0:LIVING	188013D3-CEFE-4861-B115-C34DB1CF3831	NO	WHITE	R0	YES	1	Female	Thyroid	DJ	TUMOR FREE			No imaging evidence of disease	NO	NO	NO	
TCGA-DJ-A3VJ	22	M0	N1a	Stage I	7th	T3		0	36.4	0:DiseaseFree	NOT HISPANIC OR LATINO	Minimal (T3)	8/21/12	Other, specify	No	No	C73	8350/3	C73.9	YES	2010	Bilateral	YES	5	5	36.4	0:LIVING	E62ADAC4-803A-4D94-9AE0-7B1A49041799	NO	WHITE	R0	YES	1	Male	Thyroid	DJ	TUMOR FREE	Papillary carcinoma, diffuse sclerosing variant		No imaging evidence of disease	NO	NO	YES	
TCGA-DJ-A3VK	63	M0	N0	Stage III	7th	T3		0	24.74	0:DiseaseFree	NOT HISPANIC OR LATINO	Minimal (T3)	8/21/12	Thyroid Papillary Carcinoma - Follicular (>= 99% follicular patterned)	No	Yes	C73	8340/3	C73.9	YES	2011	Right lobe	YES	0	2	24.74	0:LIVING	94443DF0-7F16-4178-9E66-BEE82F6CA33A	NO	WHITE	R0	YES	1	Male	Thyroid	DJ				No imaging evidence of disease	NO	NO	NO	
TCGA-DJ-A3VL	38	M0	N0	Stage I	7th	T1a		0	20.96	1:Recurred/Progressed	NOT HISPANIC OR LATINO	None	3/27/13	Thyroid Papillary Carcinoma - Follicular (>= 99% follicular patterned)	No	No	C73	8340/3	C73.9	YES	2011	Right lobe	YES	0	1	23.42	0:LIVING	CAC8246A-A806-4945-898A-105CD88B2752	NO	WHITE	R0	YES	1	Male	Thyroid	DJ	TUMOR FREE			No imaging evidence of disease	YES	NO	NO	
TCGA-DJ-A3VM	68	M0	N0	Stage II	7th	T2		0	27.6	0:DiseaseFree	NOT HISPANIC OR LATINO	None	8/21/12	Thyroid Papillary Carcinoma - Follicular (>= 99% follicular patterned)	No	No	C73	8340/3	C73.9	YES	2011	Right lobe	NO			27.6	0:LIVING	1EBD5834-56B8-498A-8F34-C0031FCFD856	NO	WHITE	R0	YES	1	Female	Thyroid	DJ	TUMOR FREE			No imaging evidence of disease	NO	NO	YES	
TCGA-E8-A413	38	M0	N0	Stage I	7th	T1b		0	29.96	0:DiseaseFree	NOT HISPANIC OR LATINO	None	9/21/12	Thyroid Papillary Carcinoma - Classical/usual	No	No	C73	8260/3	C73.9	YES	2012	Left lobe	NO			29.96	0:LIVING	D5EA6520-E446-43D2-9883-441F70D80359	YES	ASIAN	R0	NO	1	Female	Thyroid	E8	TUMOR FREE				NO			
TCGA-E8-A414	45	M0	N0	Stage III	7th	T3		0	31.47	0:DiseaseFree	NOT HISPANIC OR LATINO	None	9/12/12	Thyroid Papillary Carcinoma - Classical/usual	No	No	C73	8260/3	C73.9	YES	2012	Left lobe	YES	0	1	31.47	0:LIVING	23F47401-1BAB-4395-970F-4E388AAB2542	YES	ASIAN	R0	NO	1	Female	Thyroid	E8	TUMOR FREE				NO			
TCGA-E8-A415	39	M0	N1b	Stage I	7th	T1a		0	31.01	0:DiseaseFree	NOT HISPANIC OR LATINO	None	9/21/12	Thyroid Papillary Carcinoma - Classical/usual	No	No	C73	8260/3	C73.9	YES	2012	Left lobe	YES	1	2	31.01	0:LIVING	C438C562-A2B6-4CEB-B91A-7E77EB2EC962	YES	ASIAN	R0	NO	1	Female	Thyroid	E8	TUMOR FREE				NO			
TCGA-E8-A416	51	M0	N0	Stage I	7th	T1b		0	31.27	0:DiseaseFree	NOT HISPANIC OR LATINO	None	9/21/12	Thyroid Papillary Carcinoma - Classical/usual	No	No	C73	8260/3	C73.9	YES	2012	Left lobe	NO			31.27	0:LIVING	86B82345-6F4D-44FD-A9DB-6F107DE62F53	YES	ASIAN	R0	NO	1	Female	Thyroid	E8	TUMOR FREE				NO			
TCGA-E8-A417	38	M0	N1a	Stage I	7th	T2		0	30.81	0:DiseaseFree	NOT HISPANIC OR LATINO	None	9/21/12	Thyroid Papillary Carcinoma - Classical/usual	No	No	C73	8260/3	C73.9	YES	2012	Right lobe	YES	2	2	30.81	0:LIVING	93691BAE-F1BD-437E-AE72-B50736D1E29A	YES	ASIAN	R0	NO	1	Female	Thyroid	E8	TUMOR FREE				NO			
TCGA-E8-A418	75	M0	N0	Stage IVA	7th	T4a		0	3.02	0:DiseaseFree	NOT HISPANIC OR LATINO	Moderate/Advanced (T4a)	9/12/12	Thyroid Papillary Carcinoma - Classical/usual	No	No	C73	8260/3	C73.9	YES	2011	Right lobe	NO			3.02	0:LIVING	EBBD54AD-7B97-4081-AD11-7F7F3CE74EEF	YES	WHITE	RX	NO	1	Female	Thyroid	E8	TUMOR FREE				NO			
TCGA-E8-A419	30	M0	N1	Stage I	7th	T2		0	25.43	0:DiseaseFree	NOT HISPANIC OR LATINO	None	9/12/12	Thyroid Papillary Carcinoma - Classical/usual	No	No	C73	8260/3	C73.9	YES	2012	Left lobe	YES	1	5	25.43	0:LIVING	A2E2FAC3-CCA5-4E33-AA6C-1D9D3AC3AEEC	YES	WHITE	R0	NO	1	Female	Thyroid	E8	WITH TUMOR				NO			
TCGA-E8-A432	57	M0	N0	Stage II	7th	T2		0	23.65	1:Recurred/Progressed	NOT HISPANIC OR LATINO	None	11/19/12	Thyroid Papillary Carcinoma - Classical/usual	No	No	C73	8260/3	C73.9	YES	2012	Left lobe	NO			30.58	0:LIVING	AA3CE865-4BC1-4CCA-9BA8-35FF4C5E165E	YES	ASIAN	R0	NO	1	Female	Thyroid	E8	TUMOR FREE				NO			
TCGA-E8-A433	25	M0	N0	Stage I	7th	T2		0	31.24	0:DiseaseFree	NOT HISPANIC OR LATINO	None	11/19/12	Thyroid Papillary Carcinoma - Classical/usual	No	No	C73	8260/3	C73.9	YES	2012	Right lobe	YES	0	2	31.24	0:LIVING	4BE84FFE-4B12-4B71-90BB-9EA0CA6947F8	YES	ASIAN	R0	NO	1	Female	Thyroid	E8	TUMOR FREE				NO	NO	NO	
TCGA-E8-A434	56	M0	N0	Stage I	7th	T1a		0	31.31	0:DiseaseFree	NOT HISPANIC OR LATINO	None	11/19/12	Thyroid Papillary Carcinoma - Classical/usual	No	No	C73	8260/3	C73.9	YES	2012	Left lobe	NO			31.31	0:LIVING	EFC46DB7-F9DF-494E-ACCA-357CB64C019A	YES	ASIAN	R0	NO	1	Female	Thyroid	E8	TUMOR FREE				NO			
TCGA-EL-A3ZG	15	M0	N0	Stage I	6th	T3	v 600 E	0	89.49	0:DiseaseFree	NOT HISPANIC OR LATINO	Minimal (T3)	3/7/13	Thyroid Papillary Carcinoma - Classical/usual	No	No	C73	8260/3	C73.9	YES	2006	Left lobe	NO			89.49	0:LIVING	286C69B0-75BA-48D6-A26B-26077F101BBB	NO	ASIAN	R0	YES	1	Male	Thyroid	EL	TUMOR FREE				NO	NO	YES	
TCGA-EL-A3ZH	42	M0	N1	Stage I	6th	T3		0	91.1	0:DiseaseFree	NOT HISPANIC OR LATINO	Minimal (T3)	3/7/13	Thyroid Papillary Carcinoma - Classical/usual	No	No	C73	8260/3	C73.9	YES	2006	Left lobe	YES	4	8	91.1	0:LIVING	149B46A3-75DE-44E1-BA73-BDC4FF379C7F	NO	WHITE	R0	YES	1	Female	Thyroid	EL	TUMOR FREE				NO	NO	YES	
TCGA-EL-A3ZK	41	M0	N1	Stage I	6th	T2		0	51.74	0:DiseaseFree	NOT HISPANIC OR LATINO	None	3/7/13	Thyroid Papillary Carcinoma - Classical/usual	No	No	C73	8260/3	C73.9	YES	2007	Right lobe	YES	2	16	51.74	0:LIVING	3D8B7654-B403-4360-80DC-8273CA90C2DC	NO	WHITE	R0	YES	1	Female	Thyroid	EL					NO	NO	YES	
TCGA-EL-A3ZL	34	M0	N1	Stage I	6th	T1		0	62.25	0:DiseaseFree	NOT HISPANIC OR LATINO	None	3/7/13	Thyroid Papillary Carcinoma - Classical/usual	No	No	C73	8260/3	C73.9	YES	2008	Right lobe	YES	7	25	62.25	0:LIVING	E2475D48-628B-4095-B101-865D79A4B0ED	NO	WHITE	R0	YES	1	Female	Thyroid	EL					NO	NO	YES	
TCGA-EL-A3ZM	60	M0	N1	Stage IVA	6th	T4a		0	36.01	0:DiseaseFree		Moderate/Advanced (T4a)	3/7/13	Thyroid Papillary Carcinoma - Classical/usual	No	No	C73	8260/3	C73.9	YES	2008	Right lobe	YES	7	27	36.01	0:LIVING	04DC8EE3-EC93-4B56-A546-F96746F8122F	NO		R1	YES	1	Male	Thyroid	EL					NO	NO	YES	
TCGA-EL-A3ZN	28	M0	N1	Stage I	6th	T3		0	53.02	0:DiseaseFree	NOT HISPANIC OR LATINO	Minimal (T3)	3/7/13	Thyroid Papillary Carcinoma - Classical/usual	No	No	C73	8260/3	C73.9	YES	2008	Left lobe	YES	6	55	53.02	0:LIVING	1F3915CB-718C-42AE-AB0A-CE62B8664995	NO	WHITE	R0	YES	1	Female	Thyroid	EL	TUMOR FREE				NO	NO	NO	
TCGA-EL-A3ZO	79	M0	N1	Stage III	6th	T3		0	72.63	0:DiseaseFree	NOT HISPANIC OR LATINO	Minimal (T3)	3/7/13	Thyroid Papillary Carcinoma - Classical/usual	No	No	C73	8260/3	C73.9	YES	2008	Right lobe	YES	1	7	72.63	0:LIVING	3BFA52AF-CB40-45D8-9BDC-591985AAE7FB	NO	WHITE	R0	YES	1	Female	Thyroid	EL	TUMOR FREE				NO	NO	YES	
TCGA-EL-A3ZP	19	M0	N1	Stage I	6th	T4		0	65.44	0:DiseaseFree	NOT HISPANIC OR LATINO	Moderate/Advanced (T4a)	3/7/13	Thyroid Papillary Carcinoma - Classical/usual	No	No	C73	8260/3	C73.9	YES	2008	Right lobe	YES	9	47	65.44	0:LIVING	EA859A83-00C3-40B2-97C1-FB24AD027EA6	NO	WHITE	R0	YES	1	Male	Thyroid	EL	TUMOR FREE				NO	NO	YES	
TCGA-EL-A3ZQ	78	M0	N0	Stage II	6th	T2		0	61.17	0:DiseaseFree	NOT HISPANIC OR LATINO	None	3/7/13	Thyroid Papillary Carcinoma - Classical/usual	No	No	C73	8260/3	C73.9	YES	2008	Right lobe	YES		1	61.17	0:LIVING	315CBBE8-62C8-488B-92C5-E2046321EFB7	NO	WHITE	R0	YES	1	Female	Thyroid	EL	TUMOR FREE				NO	NO	YES	
TCGA-EL-A3ZR	46	M0	N0	Stage II	6th	T2		0	60.12	0:DiseaseFree	NOT HISPANIC OR LATINO	None	3/7/13	Thyroid Papillary Carcinoma - Classical/usual	No	No	C73	8260/3	C73.9	YES	2008	Left lobe	NO			60.12	0:LIVING	96B95A2C-FB4F-4CBA-89E7-A7F0E90DB146	NO	WHITE	R0	YES	1	Female	Thyroid	EL	TUMOR FREE				NO	NO	YES	
TCGA-EL-A3ZS	22	M0	N1	Stage I	6th	T1a		0	7.06	0:DiseaseFree	NOT HISPANIC OR LATINO	None	3/7/13	Thyroid Papillary Carcinoma - Classical/usual	No	No	C73	8260/3	C73.9	YES	2008	Isthmus	YES	13	40	7.06	0:LIVING	A253B21E-BA9B-4928-95D1-89B59C868794	NO	WHITE	R0	YES	1	Female	Thyroid	EL	TUMOR FREE				NO	NO	YES	
TCGA-EL-A3ZT	35	M0	N0	Stage I	6th	T3		0	59.4	0:DiseaseFree	HISPANIC OR LATINO	Minimal (T3)	3/7/13	Thyroid Papillary Carcinoma - Classical/usual	No	No	C73	8260/3	C73.9	YES	2008	Left lobe	NO			59.4	0:LIVING	64DE42BD-D134-4F44-82FA-D6614709BF01	NO	WHITE	R0	YES	1	Male	Thyroid	EL	TUMOR FREE				NO	NO	YES	
TCGA-ET-A2MX	27	MX	N1a	Stage I	6th	T2		0	88.34	0:DiseaseFree	NOT HISPANIC OR LATINO	None	9/30/12	Thyroid Papillary Carcinoma - Classical/usual	No	No	C73	8260/3	C73.9	YES	2007	Right lobe	YES	4	4	88.34	0:LIVING	59681E8F-CF57-47B4-82E1-6BE8EAD9583E	NO	WHITE	R0	YES	1	Male	Thyroid	ET	TUMOR FREE				NO	NO	YES	
TCGA-ET-A2N3	34	MX	NX	Stage I	6th	T2		0	83.28	0:DiseaseFree	NOT HISPANIC OR LATINO	None	9/30/12	Thyroid Papillary Carcinoma - Follicular (>= 99% follicular patterned)	No	No	C73	8340/3	C73.9	YES	2008	Left lobe	NO			83.28	0:LIVING	9DCAA676-10CA-48CB-B245-7CC4BD1FE9BB	NO	WHITE	RX	YES	1	Female	Thyroid	ET	TUMOR FREE			No imaging evidence of disease	NO	NO	YES	
TCGA-ET-A40P	32	MX	N0	Stage I	7th	T2		0	43.96	0:DiseaseFree	NOT HISPANIC OR LATINO	None	9/30/12	Thyroid Papillary Carcinoma - Follicular (>= 99% follicular patterned)	No	No	C73	8340/3	C73.9	YES	2011	Right lobe	YES	0	1	43.96	0:LIVING	7B49F263-FA0D-4F1B-9C00-1FF7A8C9AC79	NO	WHITE	R0	YES	1	Female	Thyroid	ET	TUMOR FREE				NO	NO	YES	
TCGA-ET-A40Q	38	MX	N1b	Stage I	7th	T3		0	7.16	1:Recurred/Progressed	NOT HISPANIC OR LATINO	Minimal (T3)	9/30/12	Thyroid Papillary Carcinoma - Tall Cell (>= 50% tall cell features)	No	No	C73	8344/3	C73.9	YES	2011	Right lobe	YES	19	40	46.22	0:LIVING	6BEFDC6A-27FC-4CDE-979B-FFE05CD8603F	NO	WHITE	R0	YES	1	Male	Thyroid	ET	TUMOR FREE		RAI-avid|Imaging Suspected	Persistent distant metastases	YES	NO	YES	
TCGA-ET-A40R	24	MX	N1a	Stage I	7th	T2		0	44.35	0:DiseaseFree	NOT HISPANIC OR LATINO	None	9/30/12	Thyroid Papillary Carcinoma - Follicular (>= 99% follicular patterned)	No	No	C73	8340/3	C73.9	YES	2011	Left lobe	YES	7	20	44.35	0:LIVING	2513AB46-646C-4750-AB42-DE3940890553	NO	WHITE	RX	YES	1	Female	Thyroid	ET	TUMOR FREE			No imaging evidence of disease	NO	NO	YES	
TCGA-ET-A40S	62	MX	N0	Stage II	7th	T2		0	40.18	0:DiseaseFree	NOT HISPANIC OR LATINO	None	9/30/12	Thyroid Papillary Carcinoma - Classical/usual	No	No	C73	8260/3	C73.9	YES	2011	Left lobe	YES	0	12	40.18	0:LIVING	C8D62754-1601-40C0-98EF-E5BB94306B92	NO	WHITE	RX	YES	1	Male	Thyroid	ET	TUMOR FREE			No imaging evidence of disease	NO	NO	YES	
TCGA-ET-A40T	26	MX	N1a	Stage I	7th	T2		0	37.45	0:DiseaseFree	NOT HISPANIC OR LATINO	None	10/1/12	Thyroid Papillary Carcinoma - Classical/usual	No	No	C73	8260/3	C73.9	YES	2012	Isthmus	YES	3	15	37.45	0:LIVING	2CAE34A6-73A0-4A67-8DCC-051468C41389	NO	WHITE	RX	YES	1	Female	Thyroid	ET	TUMOR FREE				NO			
TCGA-FY-A40K	46	MX	N0	Stage I	7th	T1a		0	15.14	0:DiseaseFree	NOT HISPANIC OR LATINO	None	10/17/12	Thyroid Papillary Carcinoma - Classical/usual	No	No	C73	8260/3	C73.9	YES	2012	Right lobe	YES	0	4	15.14	0:LIVING	8A8E05AA-F13A-4142-A335-7AAFBEE7B664	YES	WHITE	R0	NO	1	Female	Thyroid	FY	TUMOR FREE			No imaging evidence of disease	NO	NO	YES	
TCGA-FY-A40L	55	MX	N1b	Stage IVA	7th	T4a		0	23.85	0:DiseaseFree	NOT HISPANIC OR LATINO	Moderate/Advanced (T4a)	10/8/12	Thyroid Papillary Carcinoma - Classical/usual	No	No	C73	8260/3	C73.9	YES	2012	Bilateral	YES	2	3	23.85	0:LIVING	3FC062BC-1B0B-4C8F-B79C-770BCAA1EC6E	YES	WHITE	RX	NO	1	Female	Thyroid	FY	TUMOR FREE			No imaging evidence of disease	NO	NO	YES	
TCGA-FY-A40M	51	MX	N0	Stage I	7th	T1b		0	22.47	0:DiseaseFree	NOT HISPANIC OR LATINO	None	10/17/12	Thyroid Papillary Carcinoma - Classical/usual	No	No	C73	8260/3	C73.9	YES	2012	Bilateral	YES	0	5	22.47	0:LIVING	744DF1F5-A7D5-4675-92CE-6E4713F0D541	YES	WHITE	R0	NO	1	Female	Thyroid	FY	TUMOR FREE			No imaging evidence of disease	NO	NO	YES	
TCGA-FY-A40N	55	MX	N0	Stage I	7th	T1a		0	19.02	0:DiseaseFree	NOT HISPANIC OR LATINO	None	10/8/12	Thyroid Papillary Carcinoma - Follicular (>= 99% follicular patterned)	No	No	C73	8340/3	C73.9	YES	2012	Bilateral	YES	0	3	19.02	0:LIVING	44C2DA7C-6975-4D09-B65C-4B30AFD019BB	YES	WHITE	R0	NO	1	Female	Thyroid	FY	TUMOR FREE				NO			
TCGA-H2-A421	34	M0	N1a	Stage I	7th	T1b		0	20.04	0:DiseaseFree	HISPANIC OR LATINO	None	10/4/12	Thyroid Papillary Carcinoma - Classical/usual	No	No	C73	8260/3	C73.9	YES	2012	Right lobe	YES	2	3	20.04	0:LIVING	80AEB61D-21CF-4804-90EA-5D22EB06E299	YES	WHITE		NO	1	Female	Thyroid	H2					NO	NO	YES	
TCGA-H2-A422	40	MX	N0	Stage I	7th	T2		0	18.59	0:DiseaseFree	NOT HISPANIC OR LATINO	None	10/22/12	Thyroid Papillary Carcinoma - Classical/usual	No	No	C73	8260/3	C73.9	YES	2012	Right lobe	YES	0	3	18.59	0:LIVING	8ED1B900-A8A8-4164-B96B-F060F15D7075	YES	WHITE	RX	NO	1	Female	Thyroid	H2					NO	NO	YES	
TCGA-IM-A41Z	37	MX	N0	Stage I	7th	T1b		0	31.08	0:DiseaseFree	HISPANIC OR LATINO	None	2/1/13	Thyroid Papillary Carcinoma - Follicular (>= 99% follicular patterned)	No	No	C73	8340/3	C73.9	YES	2012	Bilateral	YES	1	20	31.08	0:LIVING	9348C35A-58BA-4DB5-BC4A-E9FC8E07CDF3	YES	WHITE	R0	NO	1	Female	Thyroid	IM	TUMOR FREE			No imaging evidence of disease	NO	NO	YES	
TCGA-IM-A420	39	MX	N1a	Stage I	7th	T2		0	8.21	0:DiseaseFree	HISPANIC OR LATINO	None	2/1/13	Thyroid Papillary Carcinoma - Classical/usual	No	No	C73	8260/3	C73.9	YES	2012	Bilateral	YES	5	14	8.21	0:LIVING	E28E35B1-EB58-45BB-B19A-958187227500	YES	WHITE	R0	NO	1	Female	Thyroid	IM	TUMOR FREE				NO	NO	NO	
TCGA-J8-A3O2	39	M0	N1b	Stage I	7th	T3		0	11.24	0:DiseaseFree	NOT HISPANIC OR LATINO	Minimal (T3)	2/11/12	Thyroid Papillary Carcinoma - Classical/usual	No	No	C73	8260/3	C73.9	YES	2011	Bilateral	YES	23	106	11.24	0:LIVING	039BFC94-FADD-440A-AADE-A1595128583E	NO	WHITE	R1	YES	2	Male	Thyroid	J8	WITH TUMOR							
TCGA-J8-A3YE	31	M0	N1	Stage I	7th	T3		0	27.83	0:DiseaseFree		Minimal (T3)	9/27/12	Thyroid Papillary Carcinoma - Classical/usual	No	No	C73	8260/3	C73.9	YES	2010	Left lobe	YES	1	4	27.83	0:LIVING	C93C47F4-88F3-405A-85F4-BA9450B74522	NO	WHITE	R0	YES	1	Female	Thyroid	J8	TUMOR FREE			No imaging evidence of disease	NO	NO	YES	
TCGA-J8-A3YF	83	M0	N1	Stage III	6th	T1	Negative	0	24.67	0:DiseaseFree	NOT HISPANIC OR LATINO	None	12/3/12	Thyroid Papillary Carcinoma - Classical/usual	No	Yes	C73	8260/3	C73.9	YES	2009	Bilateral	YES	1	21	24.67	0:LIVING	00D588E3-3DB6-4CF3-9DEF-34D941E8CDB0	NO	WHITE	R0	YES	1	Male	Thyroid	J8	TUMOR FREE			No imaging evidence of disease	NO	NO	YES	
TCGA-J8-A42S	45	MX	N1a	Stage III	7th	T1b		0	2.46	0:DiseaseFree		None	12/3/12	Thyroid Papillary Carcinoma - Classical/usual	No	No	C73	8260/3	C73.9	YES	2012	Bilateral	YES	1	1	2.46	0:LIVING	63C20D30-3BC9-4DCA-8A8D-09FDEA41F288	NO	WHITE	R0	YES	1	Male	Thyroid	J8				No imaging evidence of disease	NO	NO	NO	
TCGA-KS-A41F	37	M0	N1	Stage I	5th	T2		0	143.46	0:DiseaseFree		None	12/10/12	Thyroid Papillary Carcinoma - Classical/usual	No	No	C73	8260/3	C73.9	YES	2002	Left lobe	YES	4	7	143.46	0:LIVING	8E274B77-C05E-4A8C-A106-C552DF1F2D11	NO	WHITE	R0	YES	1	Female	Thyroid	KS	TUMOR FREE				NO	YES	YES	
TCGA-KS-A41I	47	M0	N0	Stage I	5th	T1		0	15.97	0:DiseaseFree		None	12/10/12	Thyroid Papillary Carcinoma - Follicular (>= 99% follicular patterned)	No	No	C73	8340/3	C73.9	YES	2002	Right lobe	YES	0		15.97	0:LIVING	754866EA-D5CA-451A-98E4-6E0C430D3652	NO	WHITE	R0	YES	1	Female	Thyroid	KS	TUMOR FREE				NO	YES	YES	
TCGA-KS-A41J	28	M0	N1	Stage I	5th	T2		0	15.67	0:DiseaseFree		None	12/10/12	Thyroid Papillary Carcinoma - Classical/usual	No	No	C73	8260/3	C73.9	YES	2000	Left lobe	YES	2	2	15.67	0:LIVING	23AD7900-4E99-4ABF-82FF-71EDEAA8A51C	NO	WHITE	R0	YES	1	Female	Thyroid	KS	TUMOR FREE				NO	YES	YES	
TCGA-KS-A41L	39	M0	N0	Stage I	6th	T2		0	113.76	0:DiseaseFree		None	12/10/12	Thyroid Papillary Carcinoma - Follicular (>= 99% follicular patterned)	No	No	C73	8340/3	C73.9	YES	2004	Right lobe	YES	0	3	113.76	0:LIVING	4BD61E82-5168-4222-A8C8-5124AB8FDD44	NO	WHITE	R0	YES	1	Female	Thyroid	KS	TUMOR FREE				NO	YES	YES	
TCGA-BJ-A45C	78	M0	N0	Stage III	7th	T3		0			NOT HISPANIC OR LATINO	Minimal (T3)	1/10/13	Thyroid Papillary Carcinoma - Classical/usual	No	No	C73	8260/3	C73.9	YES	2012	Left lobe	YES	0	2	7.98	1:DECEASED	A1196D5F-8C7D-4D9D-9E46-C5C22A9C2FEF	YES	BLACK OR AFRICAN AMERICAN		NO	1	Male	Thyroid	BJ	WITH TUMOR			No imaging evidence of disease	NO	NO	YES	
TCGA-BJ-A45D	36	M0	N0	Stage I	7th	T2		0	10.87	0:DiseaseFree	NOT HISPANIC OR LATINO	None	1/10/13	Thyroid Papillary Carcinoma - Follicular (>= 99% follicular patterned)	No	No	C73	8340/3	C73.9	YES	2012	Isthmus	YES	0	1	10.87	0:LIVING	E7CF1CCA-384E-4A00-BB30-BED154EC15C0	YES	WHITE		NO	1	Male	Thyroid	BJ	TUMOR FREE				NO	NO	NO	
TCGA-BJ-A45E	46	M0	N0	Stage I	7th	T1a		0	20.99	0:DiseaseFree	NOT HISPANIC OR LATINO		1/15/13	Thyroid Papillary Carcinoma - Classical/usual	No	No	C73	8260/3	C73.9	YES	2012	Left lobe	YES	0	4	20.99	0:LIVING	3B088CB4-6FD4-45AC-A708-DFFD873546DC	YES	WHITE		NO	1	Female	Thyroid	BJ	TUMOR FREE			No imaging evidence of disease	NO	NO	NO	
TCGA-BJ-A45F	59	M0	N0	Stage I	7th	T1b	Negative	0	3.45	0:DiseaseFree	NOT HISPANIC OR LATINO		1/15/13	Thyroid Papillary Carcinoma - Classical/usual	No	No	C73	8260/3	C73.9	YES	2012	Right lobe	NO			3.45	0:LIVING	DD305533-E48C-4FED-9283-5082703C23FF	YES	WHITE		NO	1	Female	Thyroid	BJ	TUMOR FREE			No imaging evidence of disease	NO	NO	YES	
TCGA-BJ-A45G	48	M0	N1	Stage III	7th	T2		0	23.82	0:DiseaseFree	NOT HISPANIC OR LATINO	None	1/10/13	Thyroid Papillary Carcinoma - Follicular (>= 99% follicular patterned)	No	No	C73	8340/3	C73.9	YES	2012	Right lobe	YES	4	7	23.82	0:LIVING	B8CB385A-4E5F-4932-944D-04D6EA1BBA5A	YES	WHITE		NO	1	Female	Thyroid	BJ	TUMOR FREE			No imaging evidence of disease	NO	NO	YES	
TCGA-BJ-A45H	45	M0	N0	Stage III	7th	T3	600 (pV600E, c1799T>A	0	28.42	0:DiseaseFree	NOT HISPANIC OR LATINO	Minimal (T3)	1/14/13	Thyroid Papillary Carcinoma - Classical/usual	No	No	C73	8260/3	C73.9	YES	2012	Bilateral				28.42	0:LIVING	778A8F53-53F6-4A03-8CE1-B0928539A444	YES	WHITE		NO	1	Male	Thyroid	BJ	WITH TUMOR			No imaging evidence of disease	NO	NO	YES	
TCGA-BJ-A45I	51	M0	N0	Stage III	7th	T3	positive	0	3.61	1:Recurred/Progressed	NOT HISPANIC OR LATINO	Minimal (T3)	1/15/13	Thyroid Papillary Carcinoma - Tall Cell (>= 50% tall cell features)	No	No	C73	8344/3	C73.9	YES	2012	Bilateral	YES	0	6	15.44	0:LIVING	C5D08BE7-B94C-423A-AEA8-BBC635787C63	YES	WHITE	R2	NO	1	Female	Thyroid	BJ	WITH TUMOR			Persistent locoregional disease	YES	NO	YES	
TCGA-BJ-A45J	39	M0	N1a	Stage I	7th	T1a	V600E	0	21.62	0:DiseaseFree	NOT HISPANIC OR LATINO		1/15/13	Thyroid Papillary Carcinoma - Tall Cell (>= 50% tall cell features)	No	No	C73	8344/3	C73.9	YES	2012	Left lobe	YES	1	1	21.62	0:LIVING	6B85D76D-6098-47EA-9823-586238526CF1	YES	WHITE		NO	1	Female	Thyroid	BJ	TUMOR FREE			No imaging evidence of disease	NO	NO	YES	
TCGA-BJ-A45K	33	M0	N0	Stage I	7th	T2		0	23.16	0:DiseaseFree	NOT HISPANIC OR LATINO	None	1/15/13	Thyroid Papillary Carcinoma - Classical/usual	No	No	C73	8340/3	C73.9	YES	2012	Left lobe	YES	0	8	23.16	0:LIVING	8CFB88F6-7B37-4F1E-882B-3A368B604167	YES	WHITE		NO	1	Male	Thyroid	BJ					NO	NO	NO	
TCGA-CE-A481	41	M0	N0	Stage I	7th	T1		0	11.37	0:DiseaseFree	NOT HISPANIC OR LATINO	None	3/7/13	Thyroid Papillary Carcinoma - Classical/usual	No	No	C73	8260/3	C73.9	YES	2011	Left lobe	NO			11.37	0:LIVING	2C9E8686-9757-4E05-8D0E-EFEAA3045D66	YES	ASIAN	R0	NO	1	Female	Thyroid	CE	TUMOR FREE				NO			
TCGA-CE-A482	27	M0	N1	Stage I	7th	T1		0	10.68	0:DiseaseFree	NOT HISPANIC OR LATINO	None	3/7/13	Thyroid Papillary Carcinoma - Classical/usual	No	No	C73	8260/3	C73.9	YES	2011	Right lobe	YES			10.68	0:LIVING	A5406575-C840-475A-AB1B-E1A159413FBD	YES	ASIAN	R0	NO	1	Female	Thyroid	CE	TUMOR FREE				NO	NO	NO	
TCGA-CE-A483	34	M0	N1	Stage I	7th	T2		0	15.01	0:DiseaseFree	NOT HISPANIC OR LATINO	None	3/7/13	Thyroid Papillary Carcinoma - Classical/usual	No	No	C73	8260/3	C73.9	YES	2012	Left lobe	YES	4	7	15.01	0:LIVING	80DA6E75-B7AD-47A6-9923-1E21A519A968	YES	ASIAN	R0	NO	1	Female	Thyroid	CE	TUMOR FREE				NO	NO	NO	
TCGA-CE-A484	37	M0	N1	Stage I	7th	T2		0	12.42	0:DiseaseFree	NOT HISPANIC OR LATINO	None	3/7/13	Thyroid Papillary Carcinoma - Classical/usual	No	No	C73	8260/3	C73.9	YES	2012	Right lobe	YES	2	4	12.42	0:LIVING	E62A728D-390F-428A-BEA1-FC8C9814FB11	YES	ASIAN	R0	NO	1	Female	Thyroid	CE	TUMOR FREE				NO	NO	NO	
TCGA-CE-A485	32	M0	N1	Stage I	7th	T2		0	12.65	0:DiseaseFree	NOT HISPANIC OR LATINO	None	3/7/13	Thyroid Papillary Carcinoma - Classical/usual	No	No	C73	8260/3	C73.9	YES	2012	Bilateral	YES	1	2	12.65	0:LIVING	9B1DBD0D-BE6D-4A88-881A-FAF57CEBA81C	YES	ASIAN	R0	NO	1	Male	Thyroid	CE	TUMOR FREE				NO	NO	NO	
TCGA-E8-A436	53	M0	N1b	Stage IVA	7th	T2		0	14.95	0:DiseaseFree	NOT HISPANIC OR LATINO	None	11/19/12	Thyroid Papillary Carcinoma - Classical/usual	No	No	C73	8260/3	C73.9	YES	2012	Bilateral	YES	1	10	14.95	0:LIVING	DFF3C4F1-9009-4111-9FC2-3834F8F7DBDD	YES	ASIAN	R0	NO	1	Female	Thyroid	E8	TUMOR FREE				NO			
TCGA-E8-A437	57	M0	NX	Stage I	7th	TX		0	39.85	0:DiseaseFree		None	11/20/12	Thyroid Papillary Carcinoma - Classical/usual	No	No	C73	8260/3	C73.9	YES	2011	Right lobe	NO			39.85	0:LIVING	1DA4AB7D-4353-4565-A522-D2FECADD4A85	YES	WHITE	RX	NO	1	Female	Thyroid	E8	TUMOR FREE				NO			
TCGA-E8-A438	23	M0	N0	Stage I	7th	T1b		0	33.48	0:DiseaseFree	NOT HISPANIC OR LATINO	None	11/20/12	Thyroid Papillary Carcinoma - Classical/usual	No	No	C73	8260/3	C73.9	YES	2011	Left lobe	YES	0	3	33.48	0:LIVING	F12FA57B-3427-45FE-994B-602F498B68DA	YES	WHITE	R0	NO	1	Female	Thyroid	E8	TUMOR FREE				NO			
TCGA-E8-A44K	50	M0	N0	Stage I	7th	T1b		0	30.98	0:DiseaseFree	NOT HISPANIC OR LATINO	None	12/18/12	Thyroid Papillary Carcinoma - Classical/usual	No	No	C73	8260/3	C73.9	YES	2012	Left lobe	YES	0	3	30.98	0:LIVING	A552E8AB-9DEC-44EA-9F02-7CA704EE8467	YES	ASIAN	R0	NO	1	Female	Thyroid	E8	TUMOR FREE				NO	NO	NO	
TCGA-E8-A44M	23	M0	N0	Stage I	7th	T1b		0	30.12	0:DiseaseFree	NOT HISPANIC OR LATINO	None	12/18/12	Thyroid Papillary Carcinoma - Classical/usual	No	No	C73	8260/3	C73.9	YES	2012	Right lobe	NO			30.12	0:LIVING	2D633CED-AE85-462C-90E7-C1B109E084CF	YES	ASIAN	R0	NO	1	Female	Thyroid	E8	TUMOR FREE				NO	NO	NO	
TCGA-FY-A4B0	76	MX	NX	Stage I	7th	T1a		0	13.8	0:DiseaseFree	NOT HISPANIC OR LATINO	None	2/21/13	Thyroid Papillary Carcinoma - Classical/usual	No	No	C73	8340/3	C73.9	YES	2012	Bilateral	NO			13.8	0:LIVING	6B529FB3-0B1B-4D3B-9309-BFCB063DBB71	YES	WHITE	R1	NO	1	Male	Thyroid	FY	WITH TUMOR				NO			
TCGA-FY-A4B3	51	MX	N1a	Stage III	7th	T3		0	14.03	0:DiseaseFree	HISPANIC OR LATINO	Minimal (T3)	2/21/13	Thyroid Papillary Carcinoma - Classical/usual	No	No	C73	8260/3	C73.9	YES	2012	Isthmus	YES	4	4	14.03	0:LIVING	00B62DF6-1189-4E38-8601-70416E05550D	YES	WHITE	R1	NO	1	Male	Thyroid	FY	WITH TUMOR				NO			
TCGA-FY-A4B4	62	MX	N1a	Stage III	7th	T1b		0	21.58	0:DiseaseFree	NOT HISPANIC OR LATINO	None	2/21/13	Thyroid Papillary Carcinoma - Classical/usual	No	No	C73	8260/3	C73.9	YES	2012	Right lobe	YES	2	3	21.58	0:LIVING	5C118E15-1E48-42A6-8D29-179E6E71A26C	YES	WHITE	R1	NO	1	Female	Thyroid	FY	WITH TUMOR				NO			
TCGA-IM-A41Y	42	MX	N1a	Stage I	7th	T3		0	21.81	0:DiseaseFree	HISPANIC OR LATINO	Minimal (T3)	3/7/13	Other, specify	No	No	C73	8350/3	C73.9	YES	2012	Bilateral	YES	4	18	21.81	0:LIVING	541406FA-4443-4094-A303-43913D96F016	YES	WHITE	R0	NO	1	Female	Thyroid	IM	TUMOR FREE	Diffuse sclerosing variant		No imaging evidence of disease	NO	YES	NO	
TCGA-BJ-A4O8	47	M0	N1a	Stage III	7th	T3	(p.V600E, c.1799T>A)	0	19.42	0:DiseaseFree	NOT HISPANIC OR LATINO	None	1/28/13	Thyroid Papillary Carcinoma - Classical/usual	No	No	C73	8260/3	C73.9	YES	2012		YES	6	14	19.42	0:LIVING	1009A500-2A37-4AEE-B7C3-049B5CE961A4	YES	WHITE	R0	NO	1	Male	Thyroid	BJ	TUMOR FREE			No imaging evidence of disease	NO	NO	YES	
TCGA-BJ-A4O9	51	M0	N0	Stage II	7th	T2	(pV600E, c.1799)	0	23.46	0:DiseaseFree	NOT HISPANIC OR LATINO	None	1/28/13	Thyroid Papillary Carcinoma - Follicular (>= 99% follicular patterned)	No	No	C73	8340/3	C73.9	YES	2012	Left lobe	YES	0	8	23.46	0:LIVING	CC84500C-0196-450D-87A1-CA394CC227B5	YES	WHITE		NO	1	Female	Thyroid	BJ	TUMOR FREE				NO	NO	NO	
TCGA-DE-A4M8	61	M0	N1	Stage III	7th	T2		0	18.53	0:DiseaseFree	NOT HISPANIC OR LATINO	None	1/17/13	Thyroid Papillary Carcinoma - Classical/usual	No	No	C73	8260/3	C73.9	YES	2012	Bilateral	YES	1	4	18.53	0:LIVING	A4A217C1-66E8-4CC5-805A-1172CE5DA721	YES	WHITE	R0	NO	1	Female	Thyroid	DE	TUMOR FREE			No imaging evidence of disease	NO	NO	YES	
TCGA-DE-A4M9	28	M0	NX	Stage I	7th	T2		0	18.82	0:DiseaseFree	NOT HISPANIC OR LATINO	None	1/17/13	Thyroid Papillary Carcinoma - Classical/usual	No	No	C73	8260/3	C73.9	YES	2012	Right lobe	NO			18.82	0:LIVING	86657A3C-10CF-48B7-9FDA-F2DF5E2AFAD5	YES	WHITE	R1	NO	1	Male	Thyroid	DE	TUMOR FREE			No imaging evidence of disease	NO	NO	YES	
TCGA-DE-A4MA	52	M0	N1a	Stage III	7th	T3		0	30.09	0:DiseaseFree	NOT HISPANIC OR LATINO	Minimal (T3)	1/17/13	Thyroid Papillary Carcinoma - Classical/usual	No	No	C73	8260/3	C73.9	YES	2011	Left lobe	YES	7	11	30.09	0:LIVING	89C72F0E-E724-4826-BB9C-D7524D1B1258	YES	BLACK OR AFRICAN AMERICAN	R0	NO	1	Female	Thyroid	DE				Persistent locoregional disease	NO	NO	YES	
TCGA-DE-A4MB	79	M0	N1b	Stage IVA	7th	T3		0	11.56	0:DiseaseFree	HISPANIC OR LATINO	Minimal (T3)	1/17/13	Thyroid Papillary Carcinoma - Classical/usual	No	No	C73	8260/3	C73.9	YES	2011	Left lobe	YES	3	36	11.56	0:LIVING	4EC2BB20-2190-4C37-8AAA-4086FEF1FBB6	YES	WHITE	R1	NO	1	Female	Thyroid	DE	WITH TUMOR			Persistent locoregional disease	NO	NO	YES	
TCGA-DE-A4MC	43	M0	N1b	Stage I	7th	T3		0	10.91	1:Recurred/Progressed	NOT HISPANIC OR LATINO	Minimal (T3)	1/17/13	Thyroid Papillary Carcinoma - Classical/usual	No	No	C73	8260/3	C73.9	YES	2011	Right lobe	YES	1	1	29.99	0:LIVING	85DEF63A-39AB-4C83-AB8C-02C6F702F05D	YES	AMERICAN INDIAN OR ALASKA NATIVE	R0	NO	1	Female	Thyroid	DE	WITH TUMOR			Persistent locoregional disease	YES	NO	YES	
TCGA-DE-A4MD	71	M0	N1b	Stage IVA	7th	T3		0	10.84	1:Recurred/Progressed	NOT HISPANIC OR LATINO	None	1/17/13	Thyroid Papillary Carcinoma - Classical/usual	No	No	C73	8260/3	C73.9	YES	2011	Right lobe	YES	9	41	25.1	0:LIVING	CD0C33C3-4427-471D-979E-79DC43F3A018	YES	WHITE	R0	NO	2	Male	Thyroid	DE	WITH TUMOR			Persistent locoregional disease	YES	NO	YES	
TCGA-DJ-A4UL	68	M0	N0	Stage I	7th	T1b		0	30.85	0:DiseaseFree	NOT HISPANIC OR LATINO	None	3/12/13	Thyroid Papillary Carcinoma - Classical/usual	No	No	C73	8260/3	C73.9	YES	2012	Left lobe	YES	0	3	30.85	0:LIVING	7851512B-5F44-43DE-8B27-99B5E91A8119	NO	WHITE	R0	YES	1	Female	Thyroid	DJ	TUMOR FREE			No imaging evidence of disease	NO	NO	NO	
TCGA-DJ-A4UP	15	M0	N1b	Stage I	7th	T1b		0	30.09	0:DiseaseFree	NOT HISPANIC OR LATINO	None	3/12/13	Thyroid Papillary Carcinoma - Classical/usual	No	No	C73	8260/3	C73.9	YES	2012	Right lobe	YES	5	49	30.09	0:LIVING	256976A4-41AB-445E-AE26-C594BA1FA324	NO	WHITE	R0	YES	1	Female	Thyroid	DJ	TUMOR FREE			No imaging evidence of disease	NO	NO	YES	
TCGA-DJ-A4UQ	60	M0	N1b	Stage IVA	7th	T3		0	33.02	0:DiseaseFree	NOT HISPANIC OR LATINO	Minimal (T3)	3/12/13	Other, specify	No	No	C73	8350/3	C73.9	YES	2012	Bilateral	YES	31	99	33.02	0:LIVING	274225CF-A0F4-4635-848B-819F479001DE	NO	ASIAN	R0	YES	1	Male	Thyroid	DJ	WITH TUMOR	Papillary carcinoma, diffuse sclerosing variant		Persistent locoregional disease	NO	NO	YES	
TCGA-DJ-A4UR	36	M1	N1b	Stage II	7th	T3		0	3.71	1:Recurred/Progressed	NOT HISPANIC OR LATINO	Minimal (T3)	3/12/13	Thyroid Papillary Carcinoma - Follicular (>= 99% follicular patterned)	No	No	C73	8340/3	C73.9	YES	2012	Right lobe	YES	11	23	34.76	0:LIVING	C53C4BFE-D9D2-4882-A46B-FA487D95B8BA	NO	ASIAN	R0	YES	1	Female	Thyroid	DJ			RAI-avid|Imaging Suspected		NO	NO	YES	
TCGA-DJ-A4UT	32	M0	N0	Stage I	7th	T1a		0	27.04	0:DiseaseFree	NOT HISPANIC OR LATINO	None	3/12/13	Thyroid Papillary Carcinoma - Classical/usual	No	No	C73	8260/3	C73.9	YES	2012	Right lobe	NO			27.04	0:LIVING	ACB80B76-2394-4250-8687-60E40E16E83B	NO	WHITE	R0	YES	1	Female	Thyroid	DJ	TUMOR FREE			No imaging evidence of disease	NO	NO	NO	
TCGA-DJ-A4UW	34	M0	N1b	Stage I	7th	T1a		0	26.91	0:DiseaseFree	NOT HISPANIC OR LATINO	None	3/12/13	Thyroid Papillary Carcinoma - Tall Cell (>= 50% tall cell features)	No	No	C73	8344/3	C73.9	YES	2012	Left lobe	YES	13	25	26.91	0:LIVING	97384352-0E80-42C2-8A8B-7BDBDA2B58EE	NO	ASIAN	R1	YES	1	Female	Thyroid	DJ	TUMOR FREE			No imaging evidence of disease	NO	NO	YES	
TCGA-DJ-A4V0	36	M0	N0	Stage I	7th	T2		0	35.51	0:DiseaseFree	NOT HISPANIC OR LATINO	None	3/12/13	Thyroid Papillary Carcinoma - Classical/usual	No	No	C73	8260/3	C73.9	YES	2012	Left lobe	NO			35.51	0:LIVING	FFFDB1D9-58D1-425C-AC12-1E1E5F443BF7	NO	ASIAN	R0	YES	1	Female	Thyroid	DJ	TUMOR FREE			No imaging evidence of disease	NO	NO	NO	
TCGA-DJ-A4V2	38	M0	N0	Stage I	7th	T2		0	3.12	0:DiseaseFree	NOT HISPANIC OR LATINO	None	3/12/13	Thyroid Papillary Carcinoma - Classical/usual	No	No	C73	8260/3	C73.9	YES	2011	Right lobe	YES	0	1	3.12	0:LIVING	DA575651-8A69-4D08-AA0F-4A1891B0B44F	NO		R0	YES	1	Female	Thyroid	DJ	TUMOR FREE			No imaging evidence of disease	NO	NO	NO	
TCGA-DJ-A4V4	48	M0	N0	Stage I	7th	T1a		0	15.8	0:DiseaseFree	NOT HISPANIC OR LATINO	None	3/12/13	Thyroid Papillary Carcinoma - Tall Cell (>= 50% tall cell features)	No	No	C73	8344/3	C73.9	YES	2012	Bilateral	NO			15.8	0:LIVING	B78C953F-F1BB-4295-85F1-23C4000CE9D3	NO	WHITE	R0	YES	1	Female	Thyroid	DJ	TUMOR FREE			No imaging evidence of disease	NO	NO	NO	
TCGA-DJ-A4V5	55	M0	N1b	Stage IVA	7th	T3		0	35.35	0:DiseaseFree	NOT HISPANIC OR LATINO	Minimal (T3)	3/12/13	Thyroid Papillary Carcinoma - Classical/usual	No	No	C73	8260/3	C73.9	YES	2011	Right lobe	YES	30	82	35.35	0:LIVING	86D5865E-6A1C-467C-97C9-47460B77F5A4	NO	WHITE	R0	YES	1	Male	Thyroid	DJ	TUMOR FREE			No imaging evidence of disease	NO	NO	YES	
TCGA-EL-A4JV	41	M0	N0	Stage I	6th	T2		0	57.42	0:DiseaseFree	NOT HISPANIC OR LATINO	None	3/14/13	Thyroid Papillary Carcinoma - Classical/usual	No	No	C73	8260/3	C73.9	YES	2009	Right lobe	YES	0	1	57.42	0:LIVING	6F77FC81-1BF4-47C8-B1D8-78BB17CB13F8	NO	ASIAN	R0	YES	1	Female	Thyroid	EL	TUMOR FREE				NO	NO	YES	
TCGA-EL-A4JW	38	M0	N0	Stage I	6th	T1		0	34.69	0:DiseaseFree	NOT HISPANIC OR LATINO	None	3/14/13	Thyroid Papillary Carcinoma - Classical/usual	No	No	C73	8260/3	C73.9	YES	2009	Right lobe	YES	0	1	34.69	0:LIVING	4F340C8C-5912-4257-B57D-C096DA254C26	NO	WHITE	R0	YES	1	Female	Thyroid	EL	TUMOR FREE				NO	NO	YES	
TCGA-EL-A4JX	31	MX	N0	Stage I	6th	T3		0	45.93	0:DiseaseFree	NOT HISPANIC OR LATINO	None	3/13/13	Thyroid Papillary Carcinoma - Classical/usual	No	No	C73	8260/3	C73.9	YES	2009	Right lobe	YES	0	1	45.93	0:LIVING	6A63961E-6CA4-45FA-93EE-65F7C392FCF0	NO	BLACK OR AFRICAN AMERICAN	R0	YES	1	Female	Thyroid	EL	TUMOR FREE				NO	NO	NO	
TCGA-EL-A4JZ	55	M0	N1a	Stage III	6th	T3		0	60.97	0:DiseaseFree	NOT HISPANIC OR LATINO	Minimal (T3)	3/13/13	Thyroid Papillary Carcinoma - Classical/usual	No	No	C73	8260/3	C73.9	YES	2009	Isthmus	YES	6	23	60.97	0:LIVING	3D952B80-501E-41C6-A3AF-0BD6014B81E4	NO	WHITE	R0	YES	1	Female	Thyroid	EL	TUMOR FREE				NO	NO	NO	
TCGA-EL-A4K0	54	M0	N0	Stage I	7th	T1		0	31.01	0:DiseaseFree	NOT HISPANIC OR LATINO	None	3/14/13	Thyroid Papillary Carcinoma - Classical/usual	No	No	C73	8260/3	C73.9	YES	2010	Right lobe	YES	0	1	31.01	0:LIVING	08293BF4-727D-45C2-ABBF-1AEC3BA1C8A4	NO	WHITE	RX	YES	1	Female	Thyroid	EL	TUMOR FREE				NO	NO	NO	
TCGA-EL-A4K1	68	M0	N1	Stage III	7th	T3		0	34.36	0:DiseaseFree	NOT HISPANIC OR LATINO	None	3/14/13	Thyroid Papillary Carcinoma - Classical/usual	No	No	C73	8260/3	C73.9	YES	2010	Right lobe	YES	3	5	34.36	0:LIVING	AA6E3437-EA1C-4BED-AB7D-8F3F89F8CEEB	NO	WHITE	R0	YES	1	Female	Thyroid	EL	TUMOR FREE				NO	NO	NO	
TCGA-EL-A4K2	43	M0	N0	Stage I	7th	T1		0	30.49	0:DiseaseFree	NOT HISPANIC OR LATINO	None	3/13/13	Thyroid Papillary Carcinoma - Classical/usual	No	No	C73	8260/3	C73.9	YES	2010	Left lobe	YES	0	1	30.49	0:LIVING	A3F87411-0A7B-4415-BA17-8EDCC2639F6C	NO	WHITE	R0	YES	1	Female	Thyroid	EL	TUMOR FREE				NO	NO	NO	
TCGA-EL-A4K4	33	M0	N1	Stage I	7th	T3		0	53.32	0:DiseaseFree	HISPANIC OR LATINO	Minimal (T3)	3/13/13	Thyroid Papillary Carcinoma - Classical/usual	No	No	C73	8260/3	C73.9	YES	2010	Left lobe	YES	13	43	53.32	0:LIVING	29AFB71C-C2CA-499E-B1C7-12758C9B03D6	NO	WHITE	R0	YES	1	Female	Thyroid	EL	TUMOR FREE				NO	NO	YES	
TCGA-EL-A4K6	75	MX	N1	Stage IV	7th	T4		0	28.71	1:Recurred/Progressed	NOT HISPANIC OR LATINO	Minimal (T3)	3/13/13	Thyroid Papillary Carcinoma - Classical/usual	No	No	C73	8260/3	C73.9	YES	2010	Right lobe	YES	3	42	44.12	0:LIVING	4FC8E011-4433-4537-B03F-457A3A70240F	NO	WHITE	R0	YES	1	Male	Thyroid	EL	TUMOR FREE				NO	NO	YES	
TCGA-EL-A4K7	74	M0	N1	Stage III	6th	T2		0	41.1	0:DiseaseFree	NOT HISPANIC OR LATINO	Minimal (T3)	3/13/13	Thyroid Papillary Carcinoma - Classical/usual	No	No	C73	8260/3	C73.9	YES	2009	Left lobe	YES	0	1	41.1	0:LIVING	DC392A57-2028-4ECA-8BF3-760EC99703EE	NO	WHITE	R0	YES	1	Male	Thyroid	EL	TUMOR FREE				NO	NO	NO	
TCGA-EL-A4K9	68	M0	N0	Stage II	7th	T2		0	47.8	0:DiseaseFree	NOT HISPANIC OR LATINO	Minimal (T3)	3/13/13	Thyroid Papillary Carcinoma - Classical/usual	No	No	C73	8260/3	C73.9	YES	2009	Right lobe	NO			47.8	0:LIVING	89F4A6A5-BF9B-4A0E-BACF-8CD715C2CA93	NO	WHITE	R0	YES	1	Male	Thyroid	EL	TUMOR FREE				NO	NO	YES	
TCGA-EL-A4KD	41	M0	N1	Stage I	7th	T3		0	43.56	0:DiseaseFree	NOT HISPANIC OR LATINO	Minimal (T3)	3/13/13	Thyroid Papillary Carcinoma - Classical/usual	No	No	C73	8260/3	C73.9	YES	2010	Left lobe	YES	4	18	43.56	0:LIVING	B4A60A32-2C1B-44FB-92F4-B30F985DC424	NO	WHITE	R0	YES	1	Male	Thyroid	EL	TUMOR FREE				NO	NO	YES	
TCGA-EL-A4KG	35	M0	N0	Stage I	7th	T3		0	24.28	0:DiseaseFree	NOT HISPANIC OR LATINO	Minimal (T3)	3/13/13	Thyroid Papillary Carcinoma - Classical/usual	No	No	C73	8260/3	C73.9	YES	2012	Right lobe	YES	0	1	24.28	0:LIVING	DC5C1A76-30DE-4B30-B397-3AD691C92A86	NO	WHITE	R0	YES	1	Female	Thyroid	EL	TUMOR FREE				NO	NO	NO	
TCGA-EL-A4KH	36	M0	N0	Stage I	7th	T2		0	27.04	0:DiseaseFree	NOT HISPANIC OR LATINO	None	3/13/13	Thyroid Papillary Carcinoma - Classical/usual	No	No	C73	8260/3	C73.9	YES	2012	Left lobe	NO			27.04	0:LIVING	64131B0B-9F36-44BE-8BEC-92C71EC36343	NO	WHITE	R0	YES	1	Female	Thyroid	EL	TUMOR FREE				NO	NO	YES	
TCGA-EL-A4KI	63	MX	N0	Stage III	7th	T3		0	8.71	1:Recurred/Progressed	NOT HISPANIC OR LATINO	Minimal (T3)	3/14/13	Thyroid Papillary Carcinoma - Classical/usual	No	No	C73	8260/3	C73.9	YES	2012	Bilateral	YES	0	1	23.88	0:LIVING	1BACEBF3-609E-4BB7-BB93-EB217B3A1B5C	NO	WHITE	R0	YES	1	Male	Thyroid	EL	TUMOR FREE				NO	NO	YES	
TCGA-EM-A4FF	40	MX	N1	Stage I	6th	T1b		0	60.94	1:Recurred/Progressed		None	3/14/13	Thyroid Papillary Carcinoma - Classical/usual	No	No	C73	8260/3	C73.9	YES	2006	Left lobe	YES	1	4	84.53	0:LIVING	B7BAFE7F-295C-4598-9CC8-49D785BD2218	NO		R1	YES	1	Female	Thyroid	EM	TUMOR FREE				YES	NO	YES	
TCGA-EM-A4FH	69	MX	NX	Stage III	7th	T3		0	29.3	0:DiseaseFree		None	3/14/13	Thyroid Papillary Carcinoma - Follicular (>= 99% follicular patterned)	No	No	C73	8340/3	C73.9	YES	2011	Right lobe	NO			29.3	0:LIVING	4729410A-7240-4ED0-B478-78CC6C7A4810	NO		R0	YES	1	Male	Thyroid	EM	TUMOR FREE			No imaging evidence of disease	NO	NO	YES	
TCGA-EM-A4FK	33	MX	NX	Stage I	7th	T2		0	21.32	0:DiseaseFree		None	3/18/13	Thyroid Papillary Carcinoma - Follicular (>= 99% follicular patterned)	No	No	C73	8340/3	C73.9	YES	2011	Right lobe	NO			21.32	0:LIVING	0DC361B5-E755-4131-8766-D2C1375336D8	NO		R0	YES	1	Female	Thyroid	EM	TUMOR FREE				NO	NO	NO	
TCGA-EM-A4FM	59	MX	N1b	Stage IVA	7th	T3		0	5.32	0:DiseaseFree		Minimal (T3)	3/19/13	Thyroid Papillary Carcinoma - Classical/usual	No	No	C73	8260/3	C73.9	YES	2012	Bilateral	YES	12	40	5.32	0:LIVING	12F90EFB-C45B-4372-8197-2DFD9CA247EA	NO		R1	YES	1	Female	Thyroid	EM	WITH TUMOR				NO	NO	YES	
TCGA-EM-A4FN	49	MX	N1b	Stage IVA	7th	T1b		0	26.35	0:DiseaseFree		None	3/19/13	Thyroid Papillary Carcinoma - Classical/usual	No	No	C73	8260/3	C73.9	YES	2012	Isthmus	YES	8	32	26.35	0:LIVING	F854CE67-C586-4424-A674-2DD67AD0ED7F	NO		R0	YES	1	Female	Thyroid	EM	TUMOR FREE			No imaging evidence of disease	NO	NO	YES	
TCGA-EM-A4FO	72	MX	N0	Stage I	7th	T1b		0	26.35	0:DiseaseFree		None	3/18/13	Thyroid Papillary Carcinoma - Classical/usual	No	No	C73	8260/3	C73.9	YES	2012	Left lobe	YES	0	6	26.35	0:LIVING	E0AB95EF-5C96-4D00-8950-04E26E3B4672	NO		R0	YES	1	Male	Thyroid	EM	TUMOR FREE			No imaging evidence of disease	NO	NO	YES	
TCGA-EM-A4FQ	42	MX	N1	Stage I	7th	T2		0	22.44	0:DiseaseFree		None	3/19/13	Thyroid Papillary Carcinoma - Follicular (>= 99% follicular patterned)	No	No	C73	8340/3	C73.9	YES	2012	Right lobe	YES	17	55	22.44	0:LIVING	511B5F28-709B-4E43-9EFD-B2F425BBA962	NO		R0	YES	1	Female	Thyroid	EM	TUMOR FREE			No imaging evidence of disease	NO	NO	YES	
TCGA-EM-A4FR	28	MX	N1	Stage I	7th	T3		0	21.52	0:DiseaseFree		None	3/14/13	Other, specify	No	No	C73	8260/3	C73.9	YES	2012	Right lobe	YES	3	3	21.52	0:LIVING	8DD09D74-0BE8-4C58-BF44-DE4A2466D044	NO		R0	YES	1	Male	Thyroid	EM	TUMOR FREE	cribiform morular		No imaging evidence of disease	NO	NO	YES	
TCGA-EM-A4FU	35	MX	NX	Stage I	6th	T3		0	25.66	1:Recurred/Progressed		None	3/21/13	Thyroid Papillary Carcinoma - Follicular (>= 99% follicular patterned)	No	No	C73	8340/3	C73.9	YES	2009	Left lobe	NO			60.45	0:LIVING	50EC4170-29EA-4EE9-8CE7-67EC78D1DC76	NO		R0	YES	1	Male	Thyroid	EM	TUMOR FREE			No imaging evidence of disease	NO	NO	YES	
TCGA-EM-A4FV	64	MX	N0	Stage I	7th	T1b		0	24.44	0:DiseaseFree		None	3/21/13	Thyroid Papillary Carcinoma - Classical/usual	No	No	C73	8260/3	C73.9	YES	2011	Left lobe	YES	0	5	24.44	0:LIVING	646D1585-2D12-483C-8425-77D5451B2869	NO		R0	YES	1	Female	Thyroid	EM	TUMOR FREE			No imaging evidence of disease	NO	NO	NO	
TCGA-EM-A4G1	26	MX	N0	Stage I	7th	T1b		0	13.67	0:DiseaseFree		None	3/21/13	Thyroid Papillary Carcinoma - Follicular (>= 99% follicular patterned)	No	No	C73	8340/3	C73.9	YES	2012	Left lobe	YES	0	2	13.67	0:LIVING	CA625067-1C6D-45C7-B752-AF40C8327EA5	NO		R0	YES	1	Female	Thyroid	EM	TUMOR FREE			No imaging evidence of disease	NO	NO	NO	
TCGA-ET-A4KN	51	MX	N0	Stage III	7th	T3		0	33.15	0:DiseaseFree		Minimal (T3)	1/8/13	Thyroid Papillary Carcinoma - Tall Cell (>= 50% tall cell features)	No	No	C73	8344/3	C73.9	YES	2012	Right lobe	YES	0	4	33.15	0:LIVING	7629F864-A009-4AA9-BF7E-2D99E00D294E	NO	WHITE	R0	YES	1	Female	Thyroid	ET	TUMOR FREE			No imaging evidence of disease	NO	NO	YES	
TCGA-ET-A4KQ	45	MX	NX	Stage II	7th	T2		0	31.37	0:DiseaseFree		None	1/8/13	Thyroid Papillary Carcinoma - Follicular (>= 99% follicular patterned)	No	No	C73	8340/3	C73.9	YES	2012	Right lobe	NO			31.37	0:LIVING	29963391-3926-4B7C-8066-185F0F2D5BFC	NO	WHITE	R0	YES	1	Female	Thyroid	ET	TUMOR FREE				NO	NO	NO	
TCGA-FK-A4UB	51	MX	N1a	Stage III	6th	T3		0	116	0:DiseaseFree	NOT HISPANIC OR LATINO	Minimal (T3)	1/22/13	Thyroid Papillary Carcinoma - Classical/usual	No	No	C73	8260/3	C73.9	YES	2005	Right lobe	YES	20	85	116.0	0:LIVING	7CEC93DA-42C9-495D-8110-9FB43763041B	NO	WHITE	R1	YES	1	Male	Thyroid	FK	TUMOR FREE		Biopsy Proven	Persistent locoregional disease	NO	NO	YES	
TCGA-IM-A4EB	37	MX	N1b	Stage I	7th	T3		0	25.62	0:DiseaseFree	HISPANIC OR LATINO	Minimal (T3)	3/6/13	Other, specify	No	No	C73	8350/3	C73.9	YES	2012	Right lobe	YES	9	11	25.62	0:LIVING	38D03E42-DB98-43BC-BB3D-2580CF55A681	YES	WHITE	R0	NO	1	Male	Thyroid	IM	TUMOR FREE	Diffuse Sclerosing Variant		No imaging evidence of disease	NO	NO	YES	
TCGA-J8-A4HW	59	M0	N1	Stage III	7th	T2		0	2.6	0:DiseaseFree		None	3/9/13	Thyroid Papillary Carcinoma - Classical/usual	No	Yes	C73	8260/3	C73.9	YES	2012	Left lobe	YES	7	8	2.6	0:LIVING	FD3315DA-C870-4AD0-9D2A-50B1647D3E46	NO	WHITE	R0	YES	2	Female	Thyroid	J8	TUMOR FREE			No imaging evidence of disease	NO	NO	YES	
TCGA-J8-A4HY	68	MX	N1b	Stage IVA	7th	T4a		0	0.2	0:DiseaseFree	HISPANIC OR LATINO	Moderate/Advanced (T4a)	3/11/13	Thyroid Papillary Carcinoma - Classical/usual	No	No	C73	8260/3	C73.9	YES	2012	Left lobe	YES	13	40	0.2	0:LIVING	2AE6A00C-BC6E-42FE-A0CB-40339D5FDC73	NO	WHITE	R0	YES	1	Female	Thyroid	J8	TUMOR FREE				NO	NO	NO	
TCGA-KS-A4I1	37	M0	N0	Stage I	7th	T2		0	26.68	0:DiseaseFree		None	1/14/13	Thyroid Papillary Carcinoma - Classical/usual	No	No	C73	8260/3	C73.9	YES	2012	Right lobe	YES	0	4	26.68	0:LIVING	6FF5C8BD-9929-43EE-B53C-3C7C0B23F97B	NO	ASIAN	R1	YES	1	Female	Thyroid	KS					NO	YES	YES	
TCGA-KS-A4I3	41	M0	N1	Stage I	7th	T3		0	43.66	0:DiseaseFree		Minimal (T3)	1/14/13	Thyroid Papillary Carcinoma - Classical/usual	No	No	C73	8260/3	C73.9	YES	2011	Left lobe	YES	8	8	43.66	0:LIVING	F9DB9757-04D8-40BD-A58D-605F4255B0E6	NO	ASIAN	R1	YES	1	Male	Thyroid	KS	TUMOR FREE				NO	YES	YES	
TCGA-KS-A4I5	49	M0	N1b	Stage IVA	7th	T1b		0	18.63	0:DiseaseFree		None	1/14/13	Thyroid Papillary Carcinoma - Classical/usual	No	No	C73	8260/3	C73.9	YES	2011	Right lobe	YES	0	2	18.63	0:LIVING	E94DFD42-4FE4-48E9-AA62-422AE071413F	NO	WHITE	R0	YES	1	Female	Thyroid	KS	TUMOR FREE				NO	YES	YES	
TCGA-KS-A4I7	61	M0	N0	Stage I	7th	T1b		0	32.42	0:DiseaseFree		None	1/15/13	Thyroid Papillary Carcinoma - Classical/usual	No	No	C73	8260/3	C73.9	YES	2011	Left lobe	YES	0	4	32.42	0:LIVING	E0174496-D774-4417-81D1-CB16771760AD	NO	WHITE	R0	YES	1	Female	Thyroid	KS	TUMOR FREE				NO	YES	YES	
TCGA-KS-A4I9	46	M0	N0	Stage I	6th	T1b		0	87.32	0:DiseaseFree		None	1/15/13	Thyroid Papillary Carcinoma - Classical/usual	No	No	C73	8260/3	C73.9	YES	2007	Isthmus	YES	0	5	87.32	0:LIVING	52BC133B-8A10-4C9B-ADC3-22910A191E6B	NO	BLACK OR AFRICAN AMERICAN	R0	YES	1	Female	Thyroid	KS					NO	YES	YES	
TCGA-KS-A4IB	41	M0	N1	Stage I	6th	T2		0	84.66	0:DiseaseFree		None	1/15/13	Thyroid Papillary Carcinoma - Classical/usual	No	No	C73	8260/3	C73.9	YES	2007	Left lobe	YES	2	7	84.66	0:LIVING	D3D9CCDD-4789-43B0-8E73-B2C42CB7D83D	NO	ASIAN	R0	YES	1	Female	Thyroid	KS					NO	YES	YES	
TCGA-KS-A4IC	45	M0	N1a	Stage III	7th	T1b		0	35.25	0:DiseaseFree		None	1/15/13	Thyroid Papillary Carcinoma - Classical/usual	No	No	C73	8260/3	C73.9	YES	2011	Left lobe	YES	2	4	35.25	0:LIVING	4D30606F-3AB6-4EF0-9991-8897CDB9960B	NO	WHITE	RX	YES	1	Female	Thyroid	KS					NO	YES	YES	
TCGA-KS-A4ID	55	M0	N0	Stage I	7th	T1		0	33.21	0:DiseaseFree		None	1/15/13	Thyroid Papillary Carcinoma - Follicular (>= 99% follicular patterned)	No	No	C73	8340/3	C73.9	YES	2010	Right lobe	YES	0	13	33.21	0:LIVING	899ED323-4FD1-4D8D-9C2F-C63D9B44E875	NO	WHITE	R0	YES	1	Female	Thyroid	KS	TUMOR FREE				NO	YES	NO	
TCGA-L6-A4EP	41	M0	N0	Stage I	7th	T2		0	33.38	0:DiseaseFree	NOT HISPANIC OR LATINO	None	1/16/13	Thyroid Papillary Carcinoma - Classical/usual	No	No	C73	8260/3	C73.9	YES	2010	Right lobe	YES	0	1	33.38	0:LIVING	9C6C44B3-A2CA-456E-A8D1-D375309C1751	NO	ASIAN	R0	YES	1	Female	Thyroid	L6	TUMOR FREE			No imaging evidence of disease	NO	NO	YES	
TCGA-L6-A4EQ	47	M0	N1a	Stage III	7th	T2		0	40.34	0:DiseaseFree	NOT HISPANIC OR LATINO	None	1/16/13	Thyroid Papillary Carcinoma - Classical/usual	No	No	C73	8260/3	C73.9	YES	2010	Isthmus	YES	1	1	40.34	0:LIVING	D684399E-46C4-4BAD-92E9-3DE17C9F9A5F	NO	WHITE	R0	YES	1	Male	Thyroid	L6	TUMOR FREE			No imaging evidence of disease	NO	NO	YES	
TCGA-L6-A4ET	49	M1	NX	Stage IVC	7th	T3		0	21.81	0:DiseaseFree	NOT HISPANIC OR LATINO	None	1/16/13	Thyroid Papillary Carcinoma - Follicular (>= 99% follicular patterned)	No	Yes	C73	8340/3	C73.9	YES	2011	Right lobe	NO			21.81	0:LIVING	E1FF7694-64E1-47ED-B0D8-34ACFB4FFEF1	NO	WHITE	R0	YES	1	Female	Thyroid	L6	TUMOR FREE		Biopsy Proven	No imaging evidence of disease	NO	NO	YES	
TCGA-L6-A4EU	58	M0	N1a	Stage III	7th	T3		0	9.49	0:DiseaseFree	NOT HISPANIC OR LATINO	Minimal (T3)	1/16/13	Thyroid Papillary Carcinoma - Tall Cell (>= 50% tall cell features)	No	No	C73	8344/3	C73.9	YES	2012	Right lobe	YES	4	33	9.49	0:LIVING	B555B7A4-6324-4D3E-9EED-B140AF6C768A	NO	BLACK OR AFRICAN AMERICAN	R1	YES	1	Female	Thyroid	L6	TUMOR FREE			No imaging evidence of disease	NO	NO	YES	
TCGA-MK-A4N6	35	M0	N1b	Stage I	7th	T3		0	36.07	0:DiseaseFree	HISPANIC OR LATINO		8/27/12	Thyroid Papillary Carcinoma - Classical/usual	No	No	C73	8260/3	C73.9	YES	2011	Right lobe	YES	40	77	36.07	0:LIVING	DD478399-D2EC-4AE4-A82A-B0258D24D088	NO	WHITE	R0	YES	1	Male	Thyroid	MK	WITH TUMOR			No imaging evidence of disease	NO	YES	YES	
TCGA-MK-A4N7	20	M0	N0	Stage I	7th	T2		0	32.42	0:DiseaseFree	HISPANIC OR LATINO	None	8/27/12	Thyroid Papillary Carcinoma - Classical/usual	No	No	C73	8260/3	C73.9	YES	2011	Isthmus	YES	0	2	32.42	0:LIVING	F0BC4F65-211B-4AE1-8E68-AAEF3F3C6DB8	NO	WHITE	R0	YES	1	Female	Thyroid	MK	TUMOR FREE			No imaging evidence of disease	NO	YES	YES	
TCGA-MK-A4N9	41	M0	N1	Stage I	7th	T3		0	30.19	0:DiseaseFree	HISPANIC OR LATINO	Minimal (T3)	8/27/12	Thyroid Papillary Carcinoma - Classical/usual	No	No	C73	8260/3	C73.9	YES	2011	Bilateral	YES	1	9	30.19	0:LIVING	25184E51-1464-438A-80FF-CFC9A443CD36	NO	WHITE	R0	YES	1	Female	Thyroid	MK	TUMOR FREE			No imaging evidence of disease	NO	YES	YES	
TCGA-4C-A93U	74	M0	N1b	Stage IVA	7th	T4a		0	4.24	0:DiseaseFree	NOT HISPANIC OR LATINO	Moderate/Advanced (T4a)	11/12/14	Thyroid Papillary Carcinoma - Classical/usual	No	No	C73	8050/3	C73.9	YES	2013	Right lobe	YES	1	41	4.24	0:LIVING	E1C8AF06-9EA4-4062-9264-AA916E0025D1	YES	BLACK OR AFRICAN AMERICAN	R0	NO	1	Female	Thyroid	4C	TUMOR FREE			[Unknown]	NO	NO	NO	
TCGA-DE-A69J	34	M0	NX	Stage I	7th	T2		0	14.68	0:DiseaseFree	NOT HISPANIC OR LATINO	None	6/18/13	Thyroid Papillary Carcinoma - Classical/usual	No	No	C73	8260/3	C73.9	YES	2012	Right lobe	NO			14.68	0:LIVING	9EFD27C7-9893-49FD-886E-E85057DD5D2E	YES	BLACK OR AFRICAN AMERICAN	R0	NO	1	Female	Thyroid	DE	WITH TUMOR			Persistent locoregional disease	NO	NO	YES	
TCGA-DE-A69K	58	M0	N0	Stage III	7th	T3		0	14.26	1:Recurred/Progressed	NOT HISPANIC OR LATINO	Minimal (T3)	6/19/13	Thyroid Papillary Carcinoma - Classical/usual	No	No	C73	8260/3	C73.9	YES	2013	Right lobe	YES	0	4	14.26	0:LIVING	7F9FAD75-AC3E-4580-B949-80EED07A3230	YES	BLACK OR AFRICAN AMERICAN	R1	NO	1	Female	Thyroid	DE	WITH TUMOR			Persistent locoregional disease	NO	NO	YES	
TCGA-DE-A7U5	36	M0	N0	Stage I	7th	T2	positive	0	2.76	0:DiseaseFree	NOT HISPANIC OR LATINO		12/18/13	Thyroid Papillary Carcinoma - Classical/usual	No	No	C73	8260/3	C73.9	YES	2013	Right lobe	YES	0	8	2.76	0:LIVING	2378935D-AEBD-4F6F-B31B-53BC6BD59BF9	YES	BLACK OR AFRICAN AMERICAN	R1	NO	1	Female	Thyroid	DE					NO	NO	NO	
TCGA-FY-A76V	54	MX	NX	Stage II	7th	T2		0	1.68	0:DiseaseFree	NOT HISPANIC OR LATINO	None	2/26/14	Thyroid Papillary Carcinoma - Classical/usual	No	Yes	C73	8260/3	C73.9	YES	2013	Isthmus	NO			1.68	0:LIVING	812A2D18-C43B-4484-8A8D-234056A0E90B	YES	BLACK OR AFRICAN AMERICAN	R0	NO	1	Male	Thyroid	FY	TUMOR FREE				NO			
TCGA-MK-A84Z	74	MX	NX	Stage III	7th	T3		0	23.92	0:DiseaseFree	NOT HISPANIC OR LATINO		3/10/14	Thyroid Papillary Carcinoma - Follicular (>= 99% follicular patterned)	No	Yes	C73	8340/3	C73.9	YES	2013	Right lobe	NO			23.92	0:LIVING	227DAC7D-6BC3-4D8B-AC9C-EA4CAB9A602C	NO	BLACK OR AFRICAN AMERICAN		YES	1	Male	Thyroid	MK	TUMOR FREE				NO	NO	NO	
TCGA-QD-A8IV	50	MX	N1b	Stage IVA	7th	T3	POSITIVE for V600E mutation of BRAF (c.1799T>A, p.Val600Glu).	0	12.88	0:DiseaseFree	NOT HISPANIC OR LATINO	Minimal (T3)	3/12/14	Thyroid Papillary Carcinoma - Classical/usual	No	No	C73	8260/3	C73.9	YES	2013		YES	15	38	12.88	0:LIVING	C35E4390-2809-4D88-86F3-208DE05B338A	YES	BLACK OR AFRICAN AMERICAN	RX	NO	1	Female	Thyroid	QD	TUMOR FREE				NO	NO	NO	
TCGA-BJ-A0YZ	65	M0	N0	Stage II	6th	T2		0	24.77	0:DiseaseFree	NOT HISPANIC OR LATINO	None	4/11/11	Thyroid Papillary Carcinoma - Classical/usual	No	No	C73	8260/3	C73.9	YES	2009	Right lobe				24.77	0:LIVING	f3ee888e-5116-4313-a2f6-3b1dcc3e4bc1	NO	WHITE	R0	YES	1	Male	Thyroid	BJ	TUMOR FREE							
TCGA-BJ-A0Z0	55	MX	N0	Stage II	7th	T2		0	13.76	0:DiseaseFree	NOT HISPANIC OR LATINO	None	4/15/11	Thyroid Papillary Carcinoma - Classical/usual	No	No	C73	8260/3	C73.9	YES	2010	Right lobe	YES	0	5	13.76	0:LIVING	72d8dcc3-0709-4fd1-98d4-fb75e9340758	NO		R0	YES	1	Male	Thyroid	BJ	TUMOR FREE							
TCGA-BJ-A0Z2	57	M1	N0	Stage IVC	7th	T2		0	5.19	1:Recurred/Progressed	NOT HISPANIC OR LATINO	None	4/15/11	Thyroid Papillary Carcinoma - Follicular (>= 99% follicular patterned)	No	No	C73	8330/3	C73.9	YES	2010	Left lobe	NO			49.74	0:LIVING	f9ceffc0-d544-418d-b4a9-bd3c84e37026	NO	BLACK OR AFRICAN AMERICAN	RX	YES	1	Male	Thyroid	BJ	WITH TUMOR		Imaging Suspected					
TCGA-BJ-A0Z5	58	M0	N1a	Stage III	7th	T3	V600E identified	0	14.72	0:DiseaseFree	NOT HISPANIC OR LATINO		4/19/11	Thyroid Papillary Carcinoma - Classical/usual	No	No	C73	8260/3	C73.9	YES	2010	Left lobe	YES	4	5	14.72	0:LIVING	0fe3b19a-f5e4-497e-92da-32ff6c77b066	NO	WHITE		YES	1	Male	Thyroid	BJ	TUMOR FREE							
TCGA-BJ-A0Z9	57	MX	N0	Stage III	7th	T3		0	41.29	0:DiseaseFree	NOT HISPANIC OR LATINO	Minimal (T3)	4/19/11	Thyroid Papillary Carcinoma - Tall Cell (>= 50% tall cell features)	No	No	C73	8344/3	C73.9	YES	2010	Bilateral	YES	0	6	41.29	0:LIVING	86f9eca0-d1ea-4375-a6bc-055e44b3198a	NO	WHITE	R1	YES	1	Female	Thyroid	BJ	TUMOR FREE							
TCGA-BJ-A0ZA	67	M0	N0	Stage II	7th	T2		0	18.86	0:DiseaseFree	NOT HISPANIC OR LATINO	None	4/20/11	Thyroid Papillary Carcinoma - Classical/usual	No	No	C73	8260/3	C73.9	YES	2010	Bilateral	YES	0	2	18.86	0:LIVING	4c513413-263e-4c7b-b997-7b688c47b698	NO	WHITE	R0	YES	1	Female	Thyroid	BJ	TUMOR FREE							
TCGA-BJ-A0ZB	66	M0	N1b	Stage IVA	7th	T3	V600E	0	4.01	0:DiseaseFree	NOT HISPANIC OR LATINO	Moderate/Advanced (T4a)	4/21/11	Thyroid Papillary Carcinoma - Classical/usual	No	No	C73	8260/3	C73.9	YES	2010	Right lobe	YES	5	6	4.01	0:LIVING	dc4d8468-6f34-40cb-a826-8d582cd86fde	NO	WHITE	R1	YES	1	Male	Thyroid	BJ	TUMOR FREE							
TCGA-BJ-A0ZE	63	M0	N0	Stage III	7th	T3		0	16.72	0:DiseaseFree	NOT HISPANIC OR LATINO	Minimal (T3)	4/21/11	Thyroid Papillary Carcinoma - Classical/usual	No	No	C73	8260/3	C73.9	YES	2010	Right lobe				16.72	0:LIVING	ab8c9101-adeb-4c43-a8bb-b089ebd711f6	NO	WHITE	R1	YES	1	Female	Thyroid	BJ	TUMOR FREE							
TCGA-BJ-A0ZF	54	M0	N0	Stage II	7th	T2		0	24.15	1:Recurred/Progressed	NOT HISPANIC OR LATINO	None	4/22/11	Other, specify	No	No	C73	8335/3	C73.9	YES	2010	Right lobe				39.98	0:LIVING	8beee000-ecab-4a49-9c9d-bb8e677ae199	NO	WHITE	R0	YES	1	Female	Thyroid	BJ		Follicular Carcinoma						
TCGA-BJ-A0ZG	80	M0	N0	Stage I	7th	T1	p. V600E, c.1799T >A	0	25.46	0:DiseaseFree	NOT HISPANIC OR LATINO	None	4/22/11	Thyroid Papillary Carcinoma - Follicular (>= 99% follicular patterned)	No	No	C73	8340/3	C73.9	YES	2010	Bilateral				25.46	0:LIVING	a3810f36-d2b4-4a45-ad08-a4dbfb9d27aa	NO	WHITE	RX	YES	1	Male	Thyroid	BJ	TUMOR FREE							
TCGA-BJ-A0ZH	52	MX	N1b	Stage IVA	7th	T2	V600E identified	0	15.11	0:DiseaseFree	NOT HISPANIC OR LATINO	None	5/2/11	Thyroid Papillary Carcinoma - Tall Cell (>= 50% tall cell features)	No	No	C73	8344/3	C73.9	YES	2010	Bilateral	YES	1	4	15.11	0:LIVING	866ca8ad-adc9-45d4-ad92-9f8f1a161ddf	NO	WHITE	RX	YES	1	Female	Thyroid	BJ								
TCGA-BJ-A0ZJ	36	M0	N1a	Stage I	7th	T2	not identified	0	42.05	0:DiseaseFree	NOT HISPANIC OR LATINO	None	5/3/11	Thyroid Papillary Carcinoma - Classical/usual	No	No	C73	8260/3	C73.9	YES	2010	Bilateral	YES	1	8	42.05	0:LIVING	8877b479-b62a-4794-b71e-418de96dff23	NO	WHITE	R0	YES	1	Male	Thyroid	BJ	TUMOR FREE							
TCGA-CE-A13K	30	M0	N1	Stage I	6th	T3		0	12.65	0:DiseaseFree	NOT HISPANIC OR LATINO	Minimal (T3)	6/16/11	Thyroid Papillary Carcinoma - Classical/usual	No	Yes	C73	8260/3	C73.9	YES	2010	Left lobe	YES	2	2	12.65	0:LIVING	a1227ffa-2733-4a43-ba82-834755453870	YES	ASIAN	R0	NO	1	Female	Thyroid	CE	TUMOR FREE							
TCGA-DE-A0Y2	30	M0	N1a	Stage I	7th	T2		0	21.62	0:DiseaseFree	NOT HISPANIC OR LATINO	None	12/15/10	Thyroid Papillary Carcinoma - Classical/usual	No	No	C73	8260/3	C73.9	YES	2010	Left lobe	YES	6	11	21.62	0:LIVING	6ad260ad-769a-4f3c-bd07-927adf6b2338	YES	WHITE	R0	NO	1	Female	Thyroid	DE	TUMOR FREE							
TCGA-DE-A0Y3	60	M1	N1b	Stage IVC	6th	T4a		0	0.99	1:Recurred/Progressed	NOT HISPANIC OR LATINO		12/15/10	Thyroid Papillary Carcinoma - Classical/usual	No	No	C73	8260/3	C73.9	YES	2008	Bilateral	YES	4	22	50.13	0:LIVING	c31b3adf-3fc6-4a72-83b0-bbc0f295b5e7	NO	ASIAN	R1	YES	1	Female	Thyroid	DE	TUMOR FREE		RAI-avid					
TCGA-DJ-A13M	28	M0	N0	Stage I	7th	T1b		0	48.75	0:DiseaseFree	NOT HISPANIC OR LATINO	None	6/24/11	Thyroid Papillary Carcinoma - Follicular (>= 99% follicular patterned)	No	No	C73	8340/3	C73.9	YES	2010	Left lobe	YES	0	5	48.75	0:LIVING	ba9dec81-ffc0-453a-9621-94beba45fab1	NO	WHITE	R0	YES	1	Female	Thyroid	DJ	TUMOR FREE							
TCGA-DJ-A13O	56	M0	N0	Stage I	7th	T1b		0	38.14	0:DiseaseFree	NOT HISPANIC OR LATINO	None	6/23/11	Thyroid Papillary Carcinoma - Classical/usual	No	No	C73	8260/3	C73.9	YES	2010	Right lobe	YES	0	6	38.14	0:LIVING	77d5b246-33ba-4a96-9d73-06aca797653e	NO	WHITE	R0	YES	1	Male	Thyroid	DJ	TUMOR FREE							
TCGA-DJ-A13P	52	M0	N0	Stage II	5th	T2		0	169.19	0:DiseaseFree	NOT HISPANIC OR LATINO	Minimal (T3)	6/24/11	Thyroid Papillary Carcinoma - Classical/usual	No	No	C73	8260/3	C73.9	YES	1999	Right lobe	NO			169.19	0:LIVING	ca95a11c-b54c-409e-b9a0-da850945033d	NO	WHITE	R0	YES	1	Female	Thyroid	DJ	TUMOR FREE							
TCGA-DJ-A13R	50	M0	N0	Stage III	7th	T3		0	18.56	0:DiseaseFree	NOT HISPANIC OR LATINO	None	6/23/11	Thyroid Papillary Carcinoma - Follicular (>= 99% follicular patterned)	No	No	C73	8340/3	C73.9	YES	2010	Right lobe	YES	0	2	18.56	0:LIVING	3e787a0e-b5d2-401e-b1e5-077376090b3a	NO	WHITE	R0	YES	1	Male	Thyroid	DJ	TUMOR FREE							
TCGA-DJ-A13S	19	M0	N0	Stage I	7th	T1b		0	8.71	0:DiseaseFree	HISPANIC OR LATINO	None	6/24/11	Thyroid Papillary Carcinoma - Follicular (>= 99% follicular patterned)	No	No	C73	8340/3	C73.9	YES	2010	Right lobe	NO			8.71	0:LIVING	8aa99f35-c644-4f91-9eff-a5d3fae758b0	NO	WHITE	R0	YES	1	Female	Thyroid	DJ	TUMOR FREE							
TCGA-DJ-A13T	37	M0	N0	Stage I	7th	T2		0	56.14	0:DiseaseFree		None	6/24/11	Thyroid Papillary Carcinoma - Classical/usual	No	No	C73	8260/3	C73.9	YES	2009	Right lobe	YES	0	7	56.14	0:LIVING	0b170ed4-d919-466b-b765-47878b865aed	NO	WHITE	R0	YES	1	Female	Thyroid	DJ	TUMOR FREE							
TCGA-DJ-A13U	60	M0	N0	Stage III	7th	T3		0	52.23	0:DiseaseFree	NOT HISPANIC OR LATINO	Minimal (T3)	6/23/11	Thyroid Papillary Carcinoma - Classical/usual	No	No	C73	8260/3	C73.9	YES	2010	Right lobe	NO			52.23	0:LIVING	8c5aef43-341e-4a37-84eb-fd730eb957c7	NO	WHITE	R0	YES	1	Male	Thyroid	DJ	TUMOR FREE							
TCGA-DJ-A13V	21	M0	N1a	Stage I	7th	T3		0	43.13	0:DiseaseFree	NOT HISPANIC OR LATINO	Minimal (T3)	6/24/11	Thyroid Papillary Carcinoma - Classical/usual	No	No	C73	8260/3	C73.9	YES	2010	Left lobe	YES	8	20	43.13	0:LIVING	99ac4f2e-2e63-4f1e-af0f-8f23a2caf999	NO		R0	YES	1	Female	Thyroid	DJ	WITH TUMOR							
TCGA-DJ-A13W	45	M0	N0	Stage I	7th	T1b		0	52.33	0:DiseaseFree	NOT HISPANIC OR LATINO	None	6/24/11	Thyroid Papillary Carcinoma - Follicular (>= 99% follicular patterned)	No	No	C73	8340/3	C73.9	YES	2010	Left lobe	YES	0	3	52.33	0:LIVING	3b48cc5e-3396-4dd5-893d-54b75b98b016	NO	WHITE	R0	YES	1	Female	Thyroid	DJ	TUMOR FREE							
TCGA-DJ-A13X	51	M0	N0	Stage III	7th	T3		0	8.31	0:DiseaseFree	NOT HISPANIC OR LATINO	None	6/23/11	Thyroid Papillary Carcinoma - Follicular (>= 99% follicular patterned)	No	No	C73	8340/3	C73.9	YES	2010	Right lobe	YES	0	1	8.31	0:LIVING	3b3c99ab-5336-4433-b682-e1a590221611	NO		R0	YES	1	Female	Thyroid	DJ	TUMOR FREE							
TCGA-ET-A4KO																																	1											
