cluster_1,,B cell,B cell,B cell,B cell,B cell,B cell,Endothelial cell,Endothelial cell,Endothelial cell,Endothelial cell,Endothelial cell,Endothelial cell,Fibroblast,Fibroblast,Fibroblast,Fibroblast,Fibroblast,Fibroblast,Malignant cell,Malignant cell,Malignant cell,Malignant cell,Malignant cell,Malignant cell,Myeloid cell,Myeloid cell,Myeloid cell,Myeloid cell,Myeloid cell,Myeloid cell,T cell,T cell,T cell,T cell,T cell,T cell
cluster_2,,B cell,Endothelial cell,Fibroblast,Malignant cell,Myeloid cell,T cell,B cell,Endothelial cell,Fibroblast,Malignant cell,Myeloid cell,T cell,B cell,Endothelial cell,Fibroblast,Malignant cell,Myeloid cell,T cell,B cell,Endothelial cell,Fibroblast,Malignant cell,Myeloid cell,T cell,B cell,Endothelial cell,Fibroblast,Malignant cell,Myeloid cell,T cell,B cell,Endothelial cell,Fibroblast,Malignant cell,Myeloid cell,T cell
source,target,,,,,,,,,,,,,,,,,,,,,,,,,,,,,,,,,,,,
CCL2,MMP14,0.0,0.0,0.0,0.0,0.0,0.0,0.0,0.0,0.0,0.0,0.0,0.0,0.0,0.25570353019258035,0.29375371827657926,0.18836592221496756,0.23032929878536226,0.21492516341632456,0.0,0.13489243219465824,0.1729426202786571,0.06755482421704542,0.10951820078744012,0.0941140654184024,0.0,0.24603744325482457,0.2840876313388234,0.17869983527721175,0.22066321184760646,0.20525907647856872,0.0,0.21889326758198924,0.2569434556659881,0.15155565960437642,0.19351903617477112,0.17811490080573342
TNFSF9,TNFRSF9,0.0,0.0,0.0,0.0,0.0,0.0,0.0,0.0,0.0,0.0,0.0,0.0,0.0,0.0,0.006194510852476679,0.002603389989482999,0.0,0.0,0.0,0.0,0.00583203994641639,0.0022409190834227107,0.0,0.0,0.0,0.0,0.0,0.0,0.0,0.0,0.0,0.0,0.0,0.0,0.0,0.0
SHH,PTCH1,0.0,0.0,0.0,0.0,0.0,0.0,0.0,0.0,0.0,0.0,0.0,0.0,0.0,0.0,0.0,0.0,0.0,0.0,0.0,0.0,0.0,0.0,0.0,0.0,0.0,0.0,0.0,0.0,0.0,0.0,0.0,0.0,0.0,0.0,0.0,0.0
IHH,PTCH1,0.0,0.0,0.0,0.0,0.0,0.0,0.0,0.0,0.0,0.0,0.0,0.0,0.0,0.0,0.0,0.0,0.0,0.0,0.0,0.17383388739730846,0.0,0.031168018373288718,0.0,0.0,0.0,0.0,0.0,0.0,0.0,0.0,0.0,0.0,0.0,0.0,0.0,0.0
JAG1,NOTCH3,0.0,0.0,0.0,0.0,0.0,0.0,1.046201731477465,0.8078910112380981,0.47294576261758936,0.5199811517902745,0.47365163703610125,0.4257837968213217,0.7814041835715971,0.5430934633322304,0.20814821471172162,0.25518360388440675,0.2088540891302335,0.160986248915454,0.8316150025693023,0.5933042823299356,0.2583590337094268,0.30539442288211194,0.25906490812793864,0.21119706791315915,0.7682248442842249,0.5299141240448582,0.19496887542434937,0.2420042645970345,0.19567474984286126,0.14780690962808174,0.7844129036773335,0.5461021834379667,0.21115693481745795,0.2581923239901431,0.2118628092359698,0.16399496902119032
HLA-DRB5,CTSL,0.0,0.0,0.0,0.0,0.0,0.0,0.0,0.0,0.0,0.0,0.0,0.0,0.0,0.30516044367200945,0.20263364707609735,0.1968824695585685,0.46844012950570857,0.20863709342701672,0.0,0.26899186605052217,0.16646506945461004,0.1607138919370812,0.4322715518842213,0.1724685158055294,0.0,0.34710168181206646,0.24457488521615436,0.23882370769862551,0.5103813676457656,0.25057833156707376,0.0,0.26755380119596206,0.16502700460005,0.15927582708252114,0.43083348702966123,0.17103045095096936
HLA-DQA2,CTSL,0.0,0.0,0.0,0.0,0.0,0.0,0.0,0.0,0.0,0.0,0.0,0.0,0.0,0.3622136374212036,0.25968684082529153,0.2539356633077627,0.5254933232549027,0.2656902871762109,0.0,0.29229802477552524,0.18977122817961312,0.18402005066208427,0.45557771060922436,0.1957746745305325,0.0,0.44371784801471204,0.3411910514187999,0.33543987390127106,0.6069975338484112,0.34719449776971933,0.0,0.28484977731457,0.18232298071865793,0.17657180320112909,0.4481294631482692,0.1883264270695773
HLA-DRB1,CTSL,0.0,0.9226212331226894,0.8200944365267773,0.8143432590092484,1.0859009189563884,0.8260978828776966,0.0,0.9811754737581526,0.8786486771622405,0.8728974996447116,1.1444551595918517,0.8846521235131599,0.0,0.8715800628262693,0.7690532662303572,0.7633020887128283,1.0348597486599684,0.7750567125812766,0.0,0.5885800014927689,0.48605320489685677,0.4803020273793279,0.751859687326468,0.49205665124777614,0.0,1.5164639800413509,1.4139371834454388,1.4081860059279099,1.67974366587505,1.4199406297963582,0.0,0.5382646834695494,0.4357378868736373,0.42998670935610844,0.7015443693032486,0.44174133322455666
IL2,IL2RA,0.0,0.0,0.0,0.0,0.0,0.0,0.0,0.0,0.0,0.0,0.0,0.0,0.0,0.0,0.0,0.0,0.0,0.0,0.0,0.0,0.0,0.0,0.0,0.0,0.0,0.0,0.0,0.0,0.0,0.0,0.0,0.0,0.0,0.0,0.0,0.0
HLA-DQB2,CTSL,0.0,0.0,0.0,0.0,0.0,0.0,0.0,0.0,0.0,0.0,0.0,0.0,0.0,0.0,0.0,0.0,0.0,0.0,0.0,0.24761685413348586,0.14509005753757376,0.1393388800200449,0.410896539967185,0.15109350388849313,0.0,0.26176824037891283,0.1592414437830007,0.15349026626547185,0.42504792621261195,0.16524489013392007,0.0,0.0,0.0,0.0,0.0,0.0
HLA-DRA,CTSL,0.0,1.7419377395084925,1.6394109429125805,1.6336597653950515,1.9052174253421916,1.6454143892634998,0.0,0.8768715177263533,0.7743447211304412,0.7685935436129123,1.0401512035600524,0.7803481674813606,0.0,1.0194541852295023,0.9169273886335901,0.9111762111160613,1.1827338710632014,0.9229308349845096,0.0,0.6790469331087148,0.5765201365128027,0.5707689589952738,0.8423266189424139,0.5825235828637221,0.0,1.4996689983776637,1.3971422017817516,1.3913910242642227,1.6629486842113628,1.403145648132671,0.0,0.7283638296189247,0.6258370330230125,0.6200858555054837,0.8916435154526238,0.6318404793739318
IL1RN,IL1R2,0.0,0.0,0.0,0.0,0.0,0.0,0.0,0.0,0.0,0.0,0.0,0.0,0.0,0.0,0.0,0.0,0.0,0.0,0.0,0.15761028603359548,0.022423331598499754,0.029837901674059197,0.04543696926207149,0.0,0.0,0.20122330073724715,0.0660363463021514,0.07345091637771084,0.08904998396572314,0.0,0.0,0.1581861290064725,0.022999174571376773,0.030413744646936212,0.046012812234948505,0.0
IL1B,IL1R2,0.0,0.0,0.0,0.0,0.0,0.0,0.0,0.0,0.0,0.0,0.0,0.0,0.0,0.14544673449543105,0.010259780060335337,0.01767435013589478,0.03327341772390707,0.0,0.0,0.1424937917995652,0.007306837364469462,0.014721407440028903,0.030320475028041197,0.0,0.0,0.0,0.0,0.0,0.0,0.0,0.0,0.0,0.0,0.0,0.0,0.0
GAS1,SHH,0.0,0.0,0.0,0.0,0.0,0.0,0.0,0.0,0.0,0.0,0.0,0.0,0.0,0.0,0.0,0.0,0.0,0.0,0.0,0.0,0.0,0.0,0.0,0.0,0.0,0.0,0.0,0.0,0.0,0.0,0.0,0.0,0.0,0.0,0.0,0.0
SHH,GAS1,0.0,0.0,0.0,0.0,0.0,0.0,0.0,0.0,0.0,0.0,0.0,0.0,0.0,0.0,0.0,0.0,0.0,0.0,0.0,0.0,0.0,0.0,0.0,0.0,0.0,0.0,0.0,0.0,0.0,0.0,0.0,0.0,0.0,0.0,0.0,0.0
IL1A,IL1R2,0.0,0.0,0.0,0.0,0.0,0.0,0.0,0.0,0.0,0.0,0.0,0.0,0.0,0.0,0.0,0.0,0.0,0.0,0.0,0.0,0.0,0.0,0.0,0.0,0.0,0.0,0.0,0.0,0.0,0.0,0.0,0.0,0.0,0.0,0.0,0.0
DLL1,NOTCH3,0.0,0.0,0.0,0.0,0.0,0.0,0.0,0.0,0.0,0.0,0.0,0.0,0.7418205017545616,0.5035097815151948,0.16856453289468604,0.21559992206737116,0.1692704073131979,0.1214025670984184,0.7321806702769245,0.4938699500375577,0.15892470141704892,0.20596009058973405,0.15963057583556078,0.11176273562078128,0.7353064125044304,0.4969956922650636,0.16205044364455487,0.20908583281724,0.16275631806306673,0.11488847784828722,0.0,0.0,0.0,0.0,0.0,0.0
DLL4,NOTCH4,0.0,0.0,0.0,0.0,0.0,0.0,0.0,0.0,0.0,0.0,0.0,0.0,0.0,0.35598416955595513,0.025575761814194034,0.06359118570990886,0.01850680970057099,0.04132515277336792,0.0,0.37499321274973385,0.04458480500797273,0.08260022890368757,0.03751585289434969,0.06033419596714662,0.0,0.36804271371741043,0.03763430597564933,0.07564972987136416,0.030565353862026284,0.05338369693482321,0.0,0.3542257617820393,0.023817354040278182,0.06183277793599301,0.016748401926655138,0.03956674499945207
IL13,IL13RA2,0.0,0.0,0.0,0.0,0.0,0.0,0.0,0.0,0.0,0.0,0.0,0.0,0.0,0.0,0.0,0.0,0.0,0.0,0.0,0.0,0.0,0.0,0.0,0.0,0.0,0.0,0.0,0.0,0.0,0.0,0.0,0.0,0.0,0.0,0.0,0.0
IL22,IL20RA,0.0,0.0,0.0,0.0,0.0,0.0,0.0,0.0,0.0,0.0,0.0,0.0,0.0,0.0,0.0,0.0,0.0,0.0,0.0,0.0,0.0,0.0,0.0,0.0,0.0,0.0,0.0,0.0,0.0,0.0,0.0,0.0,0.0,0.0,0.0,0.0
IL20,IL20RA,0.0,0.0,0.0,0.0,0.0,0.0,0.0,0.0,0.0,0.0,0.0,0.0,0.0,0.0,0.0,0.0,0.0,0.0,0.0,0.0,0.0,0.0,0.0,0.0,0.0,0.0,0.0,0.0,0.0,0.0,0.0,0.0,0.0,0.0,0.0,0.0
IL24,IL20RA,0.0,0.0,0.0,0.0,0.0,0.0,0.0,0.0,0.0,0.0,0.0,0.0,0.0,0.0,0.0,0.0,0.0,0.0,0.0,0.0,0.0,0.0,0.0,0.0,0.0,0.0,0.0,0.0,0.0,0.0,0.0,0.0,0.0,0.0,0.0,0.0
FGF7,FGFR2,0.0,0.0,0.0,0.0,0.0,0.0,0.0,0.0,0.0,0.0,0.0,0.0,0.0,0.14578644793675127,0.08954418998166738,0.16863652668572893,0.11438519017083074,0.0,0.0,0.06847986390161596,0.012237605946532077,0.09132994265059362,0.03707860613569543,0.0,0.0,0.11461944642819857,0.05837718847311468,0.13746952517717623,0.08321818866227804,0.0,0.0,0.09872054186734286,0.042478283912258975,0.12157062061632051,0.06731928410142232,0.0
IL22,IL22RA2,0.0,0.0,0.0,0.0,0.0,0.0,0.0,0.0,0.0,0.0,0.0,0.0,0.0,0.0,0.0,0.0,0.0,0.0,0.0,0.0,0.0,0.0,0.0,0.0,0.0,0.0,0.0,0.0,0.0,0.0,0.0,0.0,0.0,0.0,0.0,0.0
CCL19,ACKR4,0.0,0.0,0.8226858968715591,0.8129730373620987,0.8279588013364557,0.0,0.0,0.0,0.0,0.0,0.0,0.0,0.0,0.0,0.6512076964818809,0.6414948369724205,0.6564806009467775,0.0,0.0,0.0,0.07594661293211746,0.06623375342265704,0.08121951739701411,0.0,0.0,0.0,0.6231012046778084,0.613388345168348,0.628374109142705,0.0,0.0,0.0,0.2315770415373639,0.22186418202790348,0.23684994600226056,0.0
CCL21,ACKR4,0.0,0.0,1.2487369770984573,1.2390241175889969,1.254009881563354,0.0,0.0,0.0,0.51115708643858,0.5014442269291196,0.5164299909034766,0.0,0.0,0.0,0.5360305194395134,0.526317659930053,0.54130342390441,0.0,0.0,0.0,0.07248990045691867,0.06277704094745824,0.07776280492181531,0.0,0.0,0.0,0.27138922668566695,0.2616763671762065,0.2766621311505636,0.0,0.0,0.0,0.18865632096012389,0.17894346145066348,0.19392922542502056,0.0
ADM,CALCRL,0.0,0.0,0.0,0.0,0.0,0.0,0.0,0.0,0.0,0.0,0.0,0.0,0.0,0.3857684607691828,0.08830637050919743,0.06470980174045428,0.07753808204579922,0.08996889282204279,0.0,0.39053253840350255,0.09307044814351721,0.06947387937477406,0.082302159680119,0.09473297045636257,0.0,0.37121008213301354,0.07374799187302816,0.05015142310428501,0.06297970340962995,0.07541051418587352,0.0,0.0,0.0,0.0,0.0,0.0
ADM,RAMP2,0.0,0.0,0.0,0.0,0.0,0.0,0.0,0.0,0.0,0.0,0.0,0.0,1.4205054176380356,0.7050445892656253,0.195175507939963,0.13501002574459614,0.21874185046643693,0.12542227956229382,1.4252694952723555,0.7098086668999452,0.19993958557428276,0.1397741033789159,0.2235059281007567,0.1301863571966136,1.4059470390018665,0.690486210629456,0.1806171293037937,0.12045164710842687,0.20418347183026764,0.11086390092612454,0.0,0.0,0.0,0.0,0.0,0.0
CALCA,CALCRL,0.0,0.0,0.0,0.0,0.0,0.0,0.0,0.0,0.0,0.0,0.0,0.0,0.0,0.0,0.0,0.0,0.0,0.0,0.0,0.3649430346074599,0.06748094434747455,0.04388437557873139,0.056712655884076334,0.06914346666031991,0.0,0.0,0.0,0.0,0.0,0.0,0.0,0.0,0.0,0.0,0.0,0.0
CALCA,RAMP2,0.0,0.0,0.0,0.0,0.0,0.0,0.0,0.0,0.0,0.0,0.0,0.0,0.0,0.0,0.0,0.0,0.0,0.0,1.3996799914763127,0.6842191631039024,0.1743500817782401,0.11418459958287326,0.19791642430471404,0.10459685340057093,0.0,0.0,0.0,0.0,0.0,0.0,0.0,0.0,0.0,0.0,0.0,0.0
CALCB,CALCRL,0.0,0.0,0.0,0.0,0.0,0.0,0.0,0.0,0.0,0.0,0.0,0.0,0.0,0.0,0.0,0.0,0.0,0.0,0.0,0.3647373930952014,0.06727530283521604,0.043678734066472893,0.056507014371817835,0.0689378251480614,0.0,0.0,0.0,0.0,0.0,0.0,0.0,0.0,0.0,0.0,0.0,0.0
CALCB,RAMP2,0.0,0.0,0.0,0.0,0.0,0.0,0.0,0.0,0.0,0.0,0.0,0.0,0.0,0.0,0.0,0.0,0.0,0.0,1.3994743499640543,0.684013521591644,0.1741444402659816,0.11397895807061476,0.19771078279245555,0.10439121188831242,0.0,0.0,0.0,0.0,0.0,0.0,0.0,0.0,0.0,0.0,0.0,0.0
ADM,RAMP3,0.0,0.0,0.0,0.0,0.0,0.0,0.0,0.0,0.0,0.0,0.0,0.0,0.5779077542354782,0.5055492481690197,0.2356785159991927,0.11693840810889426,0.3217269381832255,0.09691022000377218,0.5826718318697981,0.5103133258033395,0.24044259363351247,0.12170248574321404,0.32649101581754525,0.10167429763809196,0.563349375599309,0.4909908695328505,0.2211201373630234,0.102380029472725,0.30716855954705624,0.08235184136760292,0.0,0.0,0.0,0.0,0.0,0.0
CALCA,RAMP3,0.0,0.0,0.0,0.0,0.0,0.0,0.0,0.0,0.0,0.0,0.0,0.0,0.0,0.0,0.0,0.0,0.0,0.0,0.5570823280737554,0.48472382200729686,0.2148530898374698,0.09611298194717138,0.3009015120215026,0.0760847938420493,0.0,0.0,0.0,0.0,0.0,0.0,0.0,0.0,0.0,0.0,0.0,0.0
CALCB,RAMP3,0.0,0.0,0.0,0.0,0.0,0.0,0.0,0.0,0.0,0.0,0.0,0.0,0.0,0.0,0.0,0.0,0.0,0.0,0.5568766865614969,0.48451818049503836,0.21464744832521132,0.09590734043491288,0.3006958705092441,0.0758791523297908,0.0,0.0,0.0,0.0,0.0,0.0,0.0,0.0,0.0,0.0,0.0,0.0
APELA,APLNR,0.0,0.0,0.0,0.0,0.0,0.0,0.0,0.0,0.0,0.0,0.0,0.0,0.0,0.0,0.0,0.0,0.0,0.0,0.0,0.5534085823024846,0.16255265824658963,0.07442781648543963,0.15361299898622663,0.07542935776925498,0.0,0.0,0.0,0.0,0.0,0.0,0.0,0.0,0.0,0.0,0.0,0.0
CCL17,CCR4,0.0,0.0,0.0,0.0,0.0,0.0,0.0,0.0,0.0,0.09402472719031145,0.0,0.0,0.0,0.0,0.0,0.06533939741874979,0.0,0.0,0.0,0.0,0.0,0.012357236714583195,0.0,0.0,0.0,0.0,0.0,0.07897063997272238,0.0,0.0,0.0,0.0,0.0,0.0,0.0,0.0
CCL22,CCR4,0.0,0.0,0.0,0.0,0.0,0.0,0.0,0.0,0.0,0.0,0.0,0.0,0.0,0.0,0.0,0.02189330182574545,0.0,0.0,0.0,0.0,0.0,0.004715401806411068,0.0,0.0,0.0,0.0,0.0,0.032777462732785693,0.0,0.0,0.0,0.0,0.0,0.0,0.0,0.0
CCL20,CCR6,0.0,0.0,0.0,0.0,0.0,0.0,0.0,0.0,0.0,0.0,0.0,0.0,0.0,0.0,0.012131182065450524,0.008227402392176817,0.019963239796996695,0.0,0.0,0.0,0.009015970379219793,0.005112190705946087,0.016848028110765967,0.0,0.0,0.0,0.017340966395811713,0.013437186722538005,0.025173024127357883,0.0,0.0,0.0,0.0,0.0,0.0,0.0
CCL19,CCR7,0.0,0.0,0.8331189512248978,0.8136479221805729,0.8546490810419384,0.0,0.0,0.0,0.0,0.0,0.0,0.0,0.0,0.0,0.6616407508352196,0.6421697217908947,0.6831708806522602,0.0,0.0,0.0,0.08637966728545611,0.06690863824113123,0.10790979710249674,0.0,0.0,0.0,0.633534259031147,0.6140632299868222,0.6550643888481876,0.0,0.0,0.0,0.24201009589070255,0.22253906684637767,0.26354022570774316,0.0
CCL21,CCR7,0.0,0.0,1.259170031451796,1.239699002407471,1.2807001612688367,0.0,0.0,0.0,0.5215901407919187,0.5021191117475938,0.5431202706089593,0.0,0.0,0.0,0.546463573792852,0.5269925447485272,0.5679937036098927,0.0,0.0,0.0,0.08292295481025731,0.06345192576593243,0.10445308462729794,0.0,0.0,0.0,0.2818222810390056,0.26235125199468073,0.3033524108560462,0.0,0.0,0.0,0.19908937531346255,0.17961834626913767,0.22061950513050316,0.0
SAA1,FPR2,0.0,0.0,0.0,0.0,0.0,0.0,0.0,0.0,0.0,0.0,0.0,0.0,0.0,0.0,0.3631946786819213,0.3591113298212825,0.0,0.36916549886478567,0.0,0.0,0.028705731247780825,0.024622382387142053,0.0,0.034676551430645186,0.0,0.0,0.11956552748850449,0.11548217862786572,0.0,0.12553634767136884,0.0,0.0,0.21336603956354844,0.20928269070290967,0.0,0.2193368597464128
RSPO3,LGR5,0.0,0.0,0.0,0.0,0.0,0.0,0.0,0.0,0.0,0.0,0.0,0.0,0.0,0.0,0.0,0.0,0.0,0.0,0.0,0.0,0.0,0.0,0.0,0.0,0.0,0.0,0.0,0.0,0.0,0.0,0.0,0.0,0.0,0.0,0.0,0.0
NMU,NMUR2,0.0,0.0,0.0,0.0,0.0,0.0,0.0,0.0,0.06397504715555644,0.06459302349272625,0.07710674980230499,0.0,0.0,0.0,0.011111225947797537,0.011729202284967351,0.024242928594546097,0.0,0.0,0.0,0.15638391137872032,0.15700188771589013,0.16951561402546889,0.0,0.0,0.0,0.0,0.0,0.0,0.0,0.0,0.0,0.0,0.0,0.0,0.0
SST,SSTR1,0.0,0.0,0.0,0.0,0.0,0.0,0.0,0.0,0.0,0.0,0.0,0.0,0.0,0.0,0.0,0.0,0.0,0.0,0.0,0.0,0.0,0.0,0.0,0.0,0.0,0.0,0.0,0.0,0.0,0.0,0.0,0.0,0.0,0.0,0.0,0.0
SST,SSTR2,0.0,0.0,0.0,0.0,0.0,0.0,0.0,0.0,0.0,0.0,0.0,0.0,0.0,0.0,0.0,0.0,0.0,0.0,0.0,0.0,0.0,0.0,0.0,0.0,0.0,0.0,0.0,0.0,0.0,0.0,0.0,0.0,0.0,0.0,0.0,0.0
TNF,HMOX1,0.0,0.0,0.0,0.0,0.0,0.0,0.0,0.0,0.0,0.0,0.0,0.0,0.0,0.0,0.0,0.0,0.0,0.0,0.0,0.0,0.34370708366487523,0.08825550086589577,0.5948674509456555,0.0628507651362204,0.0,0.0,0.0,0.0,0.0,0.0,0.0,0.0,0.0,0.0,0.0,0.0
HLA-DRA,LGMN,0.0,1.7196892074176244,1.6140367690339146,1.58387481963974,1.8170395064772222,1.5385889681902798,0.0,0.854622985635485,0.7489705472517753,0.7188085978576007,0.9519732846950828,0.6735227464081406,0.0,0.997205653138634,0.8915532147549242,0.8613912653607496,1.0945559521982318,0.8161054139112895,0.0,0.6567984010178465,0.5511459626341367,0.5209840132399621,0.7541487000774443,0.47569816179050206,0.0,1.4774204662867956,1.3717680279030857,1.3416060785089112,1.5747707653463934,1.296320227059451,0.0,0.7061152975280564,0.6004628591443466,0.570300909750172,0.8034655965876542,0.5250150583007119
HLA-DRB5,LGMN,0.0,0.0,0.0,0.0,0.0,0.0,0.0,0.0,0.0,0.0,0.0,0.0,0.0,0.2829119115811412,0.17725947319743146,0.14709752380325686,0.38026221064073895,0.10181167235379673,0.0,0.2467433339596539,0.14109089557594415,0.11092894618176957,0.34409363301925167,0.06564309473230943,0.0,0.3248531497211982,0.21920071133748847,0.18903876194331387,0.42220344878079596,0.14375291049385375,0.0,0.24530526910509384,0.13965283072138407,0.1094908813272095,0.3426555681646916,0.06420502987774936
HLA-DQA2,LGMN,0.0,0.0,0.0,0.0,0.0,0.0,0.0,0.0,0.0,0.0,0.0,0.0,0.0,0.33996510533033536,0.23431266694662561,0.20415071755245104,0.43731540438993316,0.1588648661029909,0.0,0.270049492684657,0.16439705430094723,0.13423510490677265,0.36739979174425474,0.0889492534573125,0.0,0.4214693159238438,0.31581687754013404,0.28565492814595944,0.5188196149834415,0.24036907669649932,0.0,0.26260124522370176,0.15694880683999202,0.12678685744581744,0.35995154428329956,0.08150100599635732
HLA-DRB1,LGMN,0.0,0.9003727010318211,0.7947202626481114,0.7645583132539367,0.9977230000914189,0.7192724618044767,0.0,0.9589269416672843,0.8532745032835746,0.8231125538894,1.0562772407268821,0.7778267024399399,0.0,0.849331530735401,0.7436790923516913,0.7135171429575167,0.9466818297949988,0.6682312915080566,0.0,0.5663314694019006,0.46067903101819085,0.4305170816240163,0.6636817684614984,0.3852312301745562,0.0,1.4942154479504828,1.388563009566773,1.3584010601725984,1.5915657470100806,1.3131152087231381,0.0,0.5160161513786812,0.4103637129949714,0.3802017636007968,0.613366450438279,0.33491591215133665
HLA-DQB2,LGMN,0.0,0.0,0.0,0.0,0.0,0.0,0.0,0.0,0.0,0.0,0.0,0.0,0.0,0.0,0.0,0.0,0.0,0.0,0.0,0.2253683220426176,0.11971588365890785,0.08955393426473328,0.3227186211022154,0.04426808281527314,0.0,0.23951970828804459,0.1338672699043348,0.10370532051016024,0.33687000734764233,0.0584194690607001,0.0,0.0,0.0,0.0,0.0,0.0
LAMA3,ITGA6,0.0,0.0,0.0,0.0,0.0,0.0,0.0,0.0,0.0,0.0,0.0,0.0,0.0,0.13215711560662424,0.042145534691561654,0.06482339646257226,0.042600203249575946,0.0,0.0,0.1181778442077353,0.02816626329267273,0.05084412506368334,0.028620931850687023,0.0,0.0,0.13299020684153812,0.04297862592647555,0.06565648769748617,0.04343329448448984,0.0,0.0,0.0,0.0,0.0,0.0,0.0
VEGFD,KDR,0.0,0.0,0.0,0.0,0.0,0.0,0.0,0.0,0.0,0.0,0.0,0.0,0.0,0.0,0.024889675249536353,0.030344915094635258,0.03866769106638555,0.021852705760696763,0.0,0.0,0.0,0.0,0.0,0.0,0.0,0.0,0.0,0.0,0.0,0.0,0.0,0.0,0.0,0.0,0.0,0.0
CTSG,C3,0.0,0.0,0.0,0.0,0.0,0.0,0.8425273043768746,0.5587380613599505,1.0653632858397286,0.6626154348891309,0.9263841453052702,0.6145883814080969,0.6938340721360172,0.41004482911909307,0.9166700535988712,0.5139222026482735,0.7776909130644128,0.46589514916723945,0.6811410456039734,0.3973518025870493,0.9039770270668274,0.5012291761162296,0.764997886532369,0.45320212263519566,0.0,0.0,0.0,0.0,0.0,0.0,0.0,0.0,0.0,0.0,0.0,0.0
CGA,TSHR,0.0,0.0,0.0,0.0,0.0,0.0,0.0,0.0,0.0,0.0,0.0,0.0,0.0,0.0,0.0,0.0,0.0,0.0,0.0,0.0,0.0,0.0,0.0,0.0,0.0,0.0,0.0,0.0,0.0,0.0,0.0,0.0,0.0,0.0,0.0,0.0
VEGFA,FLT1,0.0,0.0,0.0,0.0,0.0,0.0,0.0,0.0,0.0,0.0,0.0,0.0,0.5995287461931925,0.4671359395269546,0.07003800385448349,0.0973844706266602,0.11284826938129836,0.1114899635532556,0.7754376774524372,0.6430448707861992,0.24594693511372814,0.27329340188590484,0.288757200640543,0.28739889481250025,0.6100474569881171,0.47765465032187915,0.08055671464940807,0.10790318142158478,0.12336698017622294,0.12200867434818019,0.5807096167044206,0.44831681003818263,0.05121887436571153,0.07856534113788824,0.0940291398925264,0.09267083406448365
PLAUR,PLAU,0.0,0.0,0.0,0.0,0.0,0.0,0.0,0.0,0.0,0.0,0.0,0.0,0.0,0.13634310367800898,0.09864228556912587,0.07934933663849045,0.1143222174856633,0.0,0.0,0.11136589003599771,0.0736650719271146,0.05437212299647917,0.08934500384365204,0.0,0.0,0.17264453555109505,0.13494371744221195,0.11565076851157652,0.1506236493587494,0.0,0.0,0.10658954289052393,0.06888872478164082,0.04959577585100539,0.08456865669817826,0.0
OSM,LIFR,0.0,0.0,0.0,0.0,0.0,0.0,0.0,0.0,0.0,0.0,0.0,0.0,0.0,0.0,0.0,0.0,0.0,0.0,0.0,0.14147387097047526,0.02323538596738304,0.016491319125359515,0.0,0.0,0.0,0.0,0.0,0.0,0.0,0.0,0.0,0.0,0.0,0.0,0.0,0.0
VEGFA,KDR,0.0,0.0,0.0,0.0,0.0,0.0,0.0,0.0,0.0,0.0,0.0,0.0,0.0,0.0,0.06507843206206479,0.0705336719071637,0.07885644787891398,0.062041462573225195,0.0,0.0,0.24098736332130943,0.24644260316640834,0.2547653791381586,0.23795039383246985,0.0,0.0,0.07559714285698937,0.08105238270208828,0.08937515867383856,0.07256017336814978,0.0,0.0,0.04625930257329283,0.05171454241839173,0.06003731839014202,0.04322233308445324
KDR,VEGFA,0.0,0.0,0.0,0.0,0.0,0.0,0.0,0.0,0.0,0.0,0.0,0.0,0.0,0.0,0.06507843206206479,0.24098736332130943,0.07559714285698937,0.04625930257329283,0.0,0.0,0.0705336719071637,0.24644260316640834,0.08105238270208828,0.05171454241839173,0.0,0.0,0.07885644787891398,0.2547653791381586,0.08937515867383856,0.06003731839014202,0.0,0.0,0.062041462573225195,0.23795039383246985,0.07256017336814978,0.04322233308445324
HLA-G,CD160,0.0,0.0,0.0,0.0,0.0,0.0,0.0,0.0,0.0,0.0,0.0,0.0,0.0,0.0,0.0,0.007154219480147566,0.0,0.0,0.0,0.0,0.0,0.005753170655893513,0.0,0.0,0.0,0.0,0.0,0.0,0.0,0.0,0.0,0.0,0.0,0.0,0.0,0.0
EDN1,EDNRB,0.0,0.0,0.0,0.0,0.0,0.0,0.0,0.0,0.3990466430210479,0.4253924819777847,0.42134614113279456,0.0,0.0,0.0,0.030635652293163132,0.05698149124989988,0.05293515040490976,0.0,0.0,0.0,0.015038706087233851,0.0413845450439706,0.03733820419898047,0.0,0.0,0.0,0.022689064028801817,0.049034902985538566,0.044988562140548444,0.0,0.0,0.0,0.053940485167042015,0.08028632412377876,0.07623998327878864,0.0
LAMA4,ITGA6,0.0,0.7937679461070469,0.7037563651919844,0.726434226962995,0.7042110337499987,0.0,0.0,0.17727859531130108,0.08726701439623852,0.10994487616724913,0.08772168295425281,0.0,0.0,0.23125480053004902,0.14124321961498643,0.16392108138599704,0.14169788817300072,0.0,0.0,0.17105092484293488,0.08103934392787232,0.10371720569888293,0.08149401248588661,0.0,0.0,0.17626598036677615,0.08625439945171359,0.1089322612227242,0.08670906800972789,0.0,0.0,0.19972795325440246,0.10971637233933988,0.1323942341103505,0.11017104089735417,0.0
VWF,GP9,0.0,0.0,0.0,0.0,0.0,0.0,0.0,0.0,0.0,0.0,0.0,0.0,0.0,0.0,0.0,0.0,0.0,0.0,0.0,0.0,0.0,0.0,0.0,0.0,0.0,0.0,0.0,0.0,0.0,0.0,0.0,0.0,0.0,0.0,0.0,0.0
VEGFD,FLT4,0.0,0.0,0.0,0.0,0.0,0.0,0.0,0.0,0.0,0.0,0.0,0.0,0.0,0.06461684818727424,0.055625068136008385,0.03261311210544728,0.022669697747727424,0.0173343236448992,0.0,0.0,0.0,0.0,0.0,0.0,0.0,0.0,0.0,0.0,0.0,0.0,0.0,0.0,0.0,0.0,0.0,0.0
CCL2,CCR4,0.0,0.0,0.0,0.0,0.0,0.0,0.0,0.0,0.0,0.0,0.0,0.0,0.0,0.0,0.0,0.13996186092848945,0.0,0.0,0.0,0.0,0.0,0.019150762930567305,0.0,0.0,0.0,0.0,0.0,0.13029577399073364,0.0,0.0,0.0,0.0,0.0,0.10315159831789832,0.0,0.0
TG,TPO,0.0,0.8137774467468262,0.8187646114203825,0.8337719954482583,0.8511283669555396,0.0,0.0,1.3458719083241053,1.3508590729976615,1.3658664570255374,1.3832228285328187,0.0,0.0,1.5583370481150218,1.563324212788578,1.578331596816454,1.5956879683237353,0.0,0.0,2.2631349561988885,2.268122120872445,2.283129504900321,2.300485876407602,0.0,0.0,1.3966465153192218,1.401633679992778,1.416641064020654,1.4339974355279352,0.0,0.0,1.2796801036054437,1.284667268279,1.2996746523068758,1.3170310238141572,0.0
HLA-G,KLRC1,0.0,0.0,0.0,0.0,0.0,0.0,0.0,0.0,0.0,0.0,0.0,0.0,0.0,0.0,0.0,0.006526941537550504,0.012904627193131625,0.0,0.0,0.0,0.0,0.005125892713296451,0.011503578368877573,0.0,0.0,0.0,0.0,0.0,0.0,0.0,0.0,0.0,0.0,0.0,0.0,0.0
MMP9,LRP1,0.0,0.0,0.0,0.0,0.0,0.0,0.0,0.0,0.0,0.0,0.0,0.0,0.0,0.0,0.0,0.0,0.0,0.0,0.0,0.2044482225396257,0.7456856007557985,0.21780805027429284,0.5585932297149374,0.3256915476863875,0.0,0.35415154224947876,0.8953889204656515,0.36751136998414596,0.7082965494247905,0.4753948673962406,0.0,0.0,0.0,0.0,0.0,0.0
MMRN2,CD93,0.0,0.0,0.0,0.0,0.0,0.0,1.2753091284206937,1.3612800581114632,0.8885787765800577,0.8371866222557628,0.9537338674217837,0.895301639801496,0.6109704222066336,0.6969413518974032,0.2242400703659977,0.17284791604170274,0.28939516120772363,0.23096293358743603,0.600123680840831,0.6860946105316007,0.2133933290001952,0.16200117467590025,0.27854841984192114,0.22011619222163356,0.5815370605702985,0.6675079902610683,0.19480670872966271,0.14341455440536777,0.25996179957138865,0.20152957195110108,0.6103052854537964,0.6962762151445661,0.22357493361316053,0.17218277928886558,0.28873002445488644,0.2302977968345989
TSPAN1,ITGA6,0.0,0.0,0.0,0.0,0.0,0.0,0.0,0.0,0.0,0.0,0.0,0.0,0.0,0.19847102795807164,0.10845944704300907,0.1311373088140197,0.10891411560102336,0.0,0.0,0.41709005295914636,0.3270784720440838,0.3497563338150944,0.3275331406020981,0.0,0.0,0.26451983816342844,0.17450825724836586,0.19718611901937647,0.17496292580638015,0.0,0.0,0.15877881019146411,0.06876722927640154,0.09144509104741215,0.06922189783441583,0.0
MMRN2,CLEC14A,0.0,0.0,0.0,0.0,0.0,0.0,0.0,1.5830306921686446,0.7588057783370858,0.7795124312691,0.7424877481651785,0.7817007111264513,0.0,0.9186919859545846,0.0944670721230258,0.11517372505503995,0.07814904195111842,0.11736200491239138,0.0,0.907845244588782,0.0836203307572233,0.10432698368923746,0.06730230058531594,0.10651526354658888,0.0,0.8892586243182496,0.06503371048669083,0.08574036341870497,0.04871568031478346,0.08792864327605641,0.0,0.9180268492017474,0.09380193537018863,0.11450858830220279,0.07748390519828127,0.11669686815955421
SAA1,CD36,0.0,0.0,0.0,0.0,0.0,0.0,0.0,0.0,0.0,0.0,0.0,0.0,0.0,0.0,0.38702976488205326,0.36827474369399665,0.41929392221487494,0.0,0.0,0.0,0.05254081744791277,0.033785796259856185,0.08480497478073447,0.0,0.0,0.0,0.14340061368863644,0.12464559250057985,0.17566477102145814,0.0,0.0,0.0,0.23720112576368038,0.2184461045756238,0.2694652830965021,0.0
LY6H,CD36,0.0,0.0,0.0,0.0,0.0,0.0,0.0,0.0,0.0,0.0,0.0,0.0,0.0,0.0,0.0418032510692336,0.02304822988117701,0.0740674084020553,0.0,0.0,0.0,0.033786429513622325,0.01503140832556573,0.06605058684644402,0.0,0.0,0.0,0.047768371159620654,0.029013349971564063,0.08003252849244236,0.0,0.0,0.0,0.0,0.0,0.0,0.0
CCL11,ACKR1,0.0,0.0,0.0,0.0,0.0,0.0,0.0,0.0,0.0,0.0,0.0,0.0,0.0,0.0,0.0,0.0,0.0,0.0,0.0,0.39436460954137575,0.24419016190204387,0.03709364740057715,0.18089648290617083,0.05324973800848965,0.0,0.0,0.0,0.0,0.0,0.0,0.0,0.0,0.0,0.0,0.0,0.0
CCL13,ACKR1,0.0,0.0,0.0,0.0,0.0,0.0,0.0,0.0,0.0,0.0,0.0,0.0,0.0,0.4115466763421987,0.26137222870286686,0.05427571420140015,0.19807854970699385,0.07043180480931266,0.0,0.39616517864452794,0.2459907310051961,0.03889421650372937,0.18269705200932307,0.055050307111641876,0.0,0.0,0.0,0.0,0.0,0.0,0.0,0.0,0.0,0.0,0.0,0.0
CCL14,ACKR1,0.0,0.0,0.0,0.0,0.0,0.0,0.0,0.5496102741786412,0.3994358265393093,0.1923393120378426,0.3361421475434363,0.2084954026457551,0.0,0.4623898998526958,0.31221545221336394,0.10511893771189723,0.24892177321749093,0.12127502831980973,0.0,0.4554217278749354,0.30524728023560355,0.09815076573413682,0.2419536012397305,0.11430685634204932,0.0,0.511322267820363,0.3611478201810312,0.1540513056795645,0.2978541411851582,0.170207396287477,0.0,0.4325927587298604,0.28241831109052856,0.07532179658906182,0.2191246320946555,0.09147788719697432
CCL17,ACKR1,0.0,0.0,0.0,0.0,0.0,0.0,0.0,0.48773017099925453,0.3375557233599227,0.13045920885845594,0.2742620443640496,0.14661529946636842,0.0,0.45904484122769285,0.308870393588361,0.10177387908689428,0.24557671459248798,0.11792996969480678,0.0,0.4060626805235263,0.25588823288419443,0.04879171838272768,0.19259455388832136,0.06494780899064018,0.0,0.4726760837816655,0.3225016361423336,0.11540512164086686,0.25920795714646055,0.13156121224877937,0.0,0.0,0.0,0.0,0.0,0.0
CCL2,ACKR1,0.0,0.0,0.0,0.0,0.0,0.0,0.0,0.0,0.0,0.0,0.0,0.0,0.0,0.5336673047374325,0.38349285709810066,0.17639634259663392,0.32019917810222764,0.19255243320454643,0.0,0.4128562067395104,0.26268175910017855,0.055585244598711794,0.19938808010430548,0.07174133520662429,0.0,0.5240012177996767,0.3738267701603448,0.1667302556588781,0.3105330911644718,0.18288634626679062,0.0,0.4968570421268414,0.34668259448750954,0.1395860799860428,0.2833889154916365,0.1557421705939553
CCL5,ACKR1,0.0,0.0,0.0,0.0,0.0,0.0,0.0,0.5587380613599505,0.40856361372061867,0.2014670992191519,0.3452699347247456,0.2176231898270644,0.0,0.5361226532080361,0.38594820556870424,0.17885169106723753,0.3226545265728312,0.19500778167515004,0.0,0.4249351003690485,0.27476065272971667,0.06766413822824996,0.21146697373384366,0.08382022883616247,0.0,0.6046774095311799,0.454502961891848,0.24740644739038126,0.39120928289597495,0.26356253799829377,0.0,0.49045162464117076,0.3402771770018389,0.1331806625003722,0.2769834980059659,0.1493367531082847
CXCL8,ACKR1,0.0,0.0,0.0,0.0,0.0,0.0,0.0,0.0,0.0,0.0,0.0,0.0,0.0,0.4036296860486423,0.25345523840931045,0.04635872390784373,0.1901615594134374,0.06251481451575623,0.0,0.3956360303947121,0.2454615827553803,0.03836506825391356,0.18216790375950725,0.05452115886182606,0.0,0.40740429682839185,0.25722984918906,0.050133334687593296,0.19393617019318699,0.0662894252955058,0.0,0.0,0.0,0.0,0.0,0.0
PPBP,ACKR1,0.0,0.0,0.0,0.0,0.0,0.0,0.0,0.0,0.0,0.0,0.0,0.0,0.0,0.0,0.0,0.0,0.0,0.0,0.0,0.394367950090497,0.24419350245116517,0.037096987949698436,0.18089982345529212,0.05325307855761094,0.0,0.0,0.0,0.0,0.0,0.0,0.0,0.40413070096598047,0.2539562533266486,0.046859738825181865,0.19066257433077555,0.06301582943309438
CXCL1,ACKR1,0.0,0.0,0.0,0.0,0.0,0.0,0.0,0.0,0.0,0.0,0.0,0.0,0.0,0.0,0.0,0.0,0.0,0.0,0.0,0.39467054343429286,0.244496095794961,0.03739958129349429,0.18120241679908797,0.053555671901406796,0.0,0.0,0.0,0.0,0.0,0.0,0.0,0.0,0.0,0.0,0.0,0.0
CXCL2,ACKR1,0.0,0.0,0.0,0.0,0.0,0.0,0.0,0.7862314667020526,0.6360570190627207,0.428960504561254,0.5727633400668477,0.44511659516916646,0.0,0.41814700505956454,0.2679725574202327,0.06087604291876596,0.20467887842435964,0.07703213352667845,0.0,0.4136496974730675,0.26347524983373566,0.05637873533226892,0.20018157083786262,0.07253482594018142,0.0,0.457355430849214,0.30718098320988213,0.10008446870841539,0.24388730421400906,0.11624055931632789,0.0,0.4208165346802055,0.27064208704087367,0.06354557253940694,0.20734840804500063,0.07970166314731944
CXCL13,ACKR4,0.0,0.0,0.0,0.0,0.0,0.0,0.0,0.0,0.0,0.0,0.0,0.0,0.0,0.0,0.0,0.0,0.0,0.0,0.0,0.0,0.011288016738704587,0.0015751572292441677,0.016560921203601236,0.0,0.0,0.0,0.0,0.0,0.0,0.0,0.0,0.0,0.0,0.0,0.0,0.0
CCL5,CCR4,0.0,0.0,0.0,0.0,0.0,0.0,0.0,0.0,0.0,0.16503261755100743,0.0,0.0,0.0,0.0,0.0,0.14241720939909305,0.0,0.0,0.0,0.0,0.0,0.031229656560105477,0.0,0.0,0.0,0.0,0.0,0.21097196572223678,0.0,0.0,0.0,0.0,0.0,0.0967461808322277,0.0,0.0
DEFB1,CCR6,0.0,0.0,0.0,0.0,0.0,0.0,0.0,0.0,0.0,0.0,0.0,0.0,0.0,0.0,0.0,0.0,0.0,0.0,0.0,0.0,0.00926085944275406,0.005357079769480354,0.017092917174300233,0.0,0.0,0.0,0.0,0.0,0.0,0.0,0.0,0.0,0.0,0.0,0.0,0.0
CCL23,FPR2,0.0,0.0,0.0,0.0,0.0,0.0,0.0,0.0,0.0,0.0,0.0,0.0,0.0,0.0,0.00972280229430601,0.0056394534336672375,0.0,0.015693622477170367,0.0,0.0,0.005392210262566878,0.0013088614019281064,0.0,0.011363030445431235,0.0,0.0,0.010249209829829152,0.006165860969190382,0.0,0.01622003001269351,0.0,0.0,0.0,0.0,0.0,0.0
DCN,KDR,0.0,0.0,0.0,0.0,0.0,0.0,0.0,0.0,0.33597241529294014,0.341427655138039,0.3497504311097893,0.3329354458041005,0.0,0.0,1.0260419567904797,1.0314971966355788,1.039819972607329,1.0230049873016402,0.0,0.0,0.1779312115771766,0.1833864514222755,0.1917092273940258,0.174894242088337,0.0,0.0,0.5669899210570051,0.572445160902104,0.5807679368738542,0.5639529515681655,0.0,0.0,0.4359393998931559,0.44139463973825477,0.44971741571000506,0.43290243040431625
GREM1,KDR,0.0,0.0,0.0,0.0,0.0,0.0,0.0,0.0,0.0,0.0,0.0,0.0,0.0,0.0,0.041481003703841245,0.046936243548940146,0.05525901952069044,0.03844403421500166,0.0,0.0,0.024844691765845823,0.030299931610944728,0.038622707582695016,0.021807722277006232,0.0,0.0,0.03291064856093219,0.03836588840603109,0.04668866437778138,0.029873679072092596,0.0,0.0,0.0,0.0,0.0,0.0
APOE,LDLR,0.0,0.0,0.5732667099041153,0.5859292419652461,0.5959519775290238,0.5887285980311308,0.0,0.0,0.9312007420718225,0.9438632741329532,0.953886009696731,0.9466626301988379,0.0,0.0,1.1394152179300545,1.1520777499911854,1.162100485554963,1.15487710605707,0.0,0.0,1.6530415225326458,1.6657040545937767,1.6757267901575543,1.6685034106596612,0.0,0.0,1.3736826304879406,1.3863451625490715,1.3963678981128491,1.389144518614956,0.0,0.0,0.7663781740144031,0.7790407060755339,0.7890634416393116,0.7818400621414185
MDK,LRP1,0.0,0.0,0.0,0.0,0.0,0.0,0.0,0.8053104281425476,1.3465478063587204,0.8186702558772148,1.1594554353178594,0.9265537532893093,0.0,0.9188008227022776,1.4600382009184503,0.9321606504369447,1.2729458298775893,1.0400441478490394,0.0,1.414410050695896,1.9556474289120689,1.4277698784305632,1.768555057871208,1.5356533758426578,0.0,0.8610592688384809,1.4022966470546536,0.8744190965731481,1.2152042760137927,0.9823025939852428,0.0,0.6673529570752924,1.2085903352914653,0.6807127848099596,1.0214979642506041,0.7885962822220542
DLK1,NOTCH3,0.0,0.0,0.0,0.0,0.0,0.0,0.0,0.0,0.0,0.0,0.0,0.0,0.0,0.0,0.0,0.0,0.0,0.0,0.0,0.0,0.0,0.0,0.0,0.0,0.0,0.0,0.0,0.0,0.0,0.0,0.0,0.0,0.0,0.0,0.0,0.0
DLL4,NOTCH3,0.0,0.0,0.0,0.0,0.0,0.0,0.0,0.0,0.0,0.0,0.0,0.0,0.7254057112467815,0.48709499100741477,0.152149742386906,0.19918513155959114,0.15285561680541787,0.10498777659063838,0.7444147544405603,0.5061040342011934,0.17115878558068473,0.21819417475336986,0.1718646599991966,0.12399681978441707,0.7374642554082369,0.49915353516887007,0.1642082865483613,0.21124367572104644,0.16491416096687317,0.11704632075209367,0.7236473034728658,0.48533658323349893,0.15039133461299017,0.1974267237856753,0.15109720903150203,0.10322936881672252
DLL1,NOTCH4,0.0,0.0,0.0,0.0,0.0,0.0,0.0,0.0,0.0,0.0,0.0,0.0,0.0,0.3723989600637352,0.04199055232197405,0.08000597621768887,0.03492160020835101,0.05773994328114794,0.0,0.36275912858609805,0.03235072084433693,0.07036614474005176,0.025281768730713885,0.048100111803510814,0.0,0.365884870813604,0.03547646307184288,0.0734918869675577,0.02840751095821983,0.05122585403101676,0.0,0.0,0.0,0.0,0.0,0.0
JAG1,NOTCH4,0.0,0.0,0.0,0.0,0.0,0.0,0.0,0.6767801897866386,0.3463717820448774,0.3843872059405922,0.3393028299312544,0.3621211730040513,0.0,0.4119826418807708,0.08157423413900965,0.11958965803472447,0.0745052820253866,0.09732362509818354,0.0,0.4621934608784759,0.1317850531367148,0.16980047703242962,0.12471610102309176,0.1475344440958887,0.0,0.3988033025933985,0.0683948948516374,0.10641031874735223,0.06132594273801435,0.08414428581081129,0.0,0.4149913619865071,0.08458295424474596,0.12259837814046079,0.07751400213112292,0.10033234520391984
DLK1,NOTCH4,0.0,0.0,0.0,0.0,0.0,0.0,0.0,0.0,0.0,0.0,0.0,0.0,0.0,0.0,0.0,0.0,0.0,0.0,0.0,0.0,0.0,0.0,0.0,0.0,0.0,0.0,0.0,0.0,0.0,0.0,0.0,0.0,0.0,0.0,0.0,0.0
TNFSF14,TNFRSF6B,0.0,0.0,0.0,0.0,0.0,0.0,0.0,0.0,0.0,0.0,0.0,0.0,0.0,0.16566039851802009,0.059533664739754306,0.03987601507146807,0.03248537500170214,0.020008747779613603,0.0,0.1567520961488946,0.05062536237062881,0.030967712702342578,0.023577072632576652,0.011100445410488114,0.0,0.18668604076356815,0.08055930698530236,0.060901657317016133,0.05351101724725021,0.04103439002516167,0.0,0.16820143167074625,0.062074697892480456,0.04241704822419422,0.03502640815442829,0.022549780932339756
SCT,RAMP2,0.0,0.0,0.0,0.0,0.0,0.0,0.0,0.0,0.0,0.0,0.0,0.0,1.5512096185282052,0.835748790155795,0.32587970883013256,0.26571422663476574,0.3494460513566065,0.2561264804524634,1.4132776284705149,0.6978168000981047,0.1879477187724423,0.12778223657707544,0.21151406129891623,0.11819449039477312,1.5142179727554321,0.7987571443830218,0.2888880630573595,0.2287225808619926,0.3124544055838334,0.21913483467969028,1.492874188856645,0.7774133604842347,0.2675442791585724,0.20737879696320555,0.2911106216850463,0.1977910507809032
SCT,RAMP3,0.0,0.0,0.0,0.0,0.0,0.0,0.0,0.0,0.0,0.0,0.0,0.0,0.7086119551256479,0.6362534490591893,0.3663827168893623,0.24764260899906385,0.45243113907339505,0.22761442089394177,0.5706799650679576,0.49832145900149905,0.228450726831672,0.10971061894137357,0.3144991490157048,0.08968243083625149,0.6716203093528748,0.5992618032864162,0.32939107111658916,0.21065096322629073,0.41543949330062196,0.19062277512116865,0.6502765254540877,0.5779180193876291,0.3080472872178021,0.18930717932750368,0.3940957094018349,0.1692789912223816
SCT,TSHR,0.0,0.0,0.0,0.0,0.0,0.0,0.0,0.0,0.0,0.0,0.0,0.0,0.0,0.21388881393225798,0.2430095598400836,0.7006971133322782,0.3112921195966551,0.18915350569691614,0.0,0.0759568238745677,0.10507756978239334,0.5627651232745879,0.17336012953896482,0.05122151563922584,0.0,0.17689716815948486,0.20601791406731051,0.6637054675595051,0.274300473823882,0.152161859924143,0.0,0.1555533842606978,0.18467413016852344,0.642361683660718,0.2529566899250949,0.13081807602535594
COMP,CD36,0.0,0.0,1.7549532139636426,1.736198192775586,1.7872173712964643,0.0,0.0,0.0,0.4647289513173763,0.4459739301293197,0.49699310865019797,0.0,0.0,0.0,1.682425395312558,1.6636703741245016,1.7146895526453798,0.0,0.0,0.0,0.45303344006945867,0.43427841888140206,0.48529759740228035,0.0,0.0,0.0,0.875906826123907,0.8571518049358504,0.9081709834567286,0.0,0.0,0.0,1.3787998261570102,1.3600448049689537,1.411063983489832,0.0
CCL2,ACKR4,0.0,0.0,0.0,0.0,0.0,0.0,0.0,0.0,0.0,0.0,0.0,0.0,0.0,0.0,0.15044743205648828,0.14073457254702787,0.15572033652138495,0.0,0.0,0.0,0.029636334058566152,0.019923474549105733,0.0349092385234628,0.0,0.0,0.0,0.14078134511873247,0.13106848560927206,0.14605424958362914,0.0,0.0,0.0,0.11363716944589716,0.10392430993643674,0.1189100739107938,0.0
CCL13,ACKR4,0.0,0.0,0.0,0.0,0.0,0.0,0.0,0.0,0.0,0.0,0.0,0.0,0.0,0.0,0.028326803661254514,0.018613944151794095,0.033599708126151165,0.0,0.0,0.0,0.012945305963583736,0.0032324464541233174,0.01821821042848039,0.0,0.0,0.0,0.0,0.0,0.0,0.0,0.0,0.0,0.0,0.0,0.0,0.0
CXCL6,ACKR1,0.0,0.0,0.0,0.0,0.0,0.0,0.0,0.0,0.0,0.0,0.0,0.0,0.0,0.0,0.0,0.0,0.0,0.0,0.0,0.0,0.0,0.0,0.0,0.0,0.0,0.0,0.0,0.0,0.0,0.0,0.0,0.0,0.0,0.0,0.0,0.0
CEACAM6,STAB1,0.0,0.0,0.0,0.0,0.0,0.0,0.0,0.0,0.0,0.0,0.0,0.0,0.0,0.0,0.0,0.0,0.0,0.0,1.398250608370458,0.603917295177818,0.4878131470076729,0.15560962647206947,0.5080482931403394,0.3593365965452433,1.4042207556858397,0.6098874424931997,0.4937832943230546,0.16157977378745114,0.5140184404557211,0.365306743860625,0.0,0.0,0.0,0.0,0.0,0.0
THBS1,ITGA6,0.0,0.0,0.0,0.0,0.0,0.0,0.0,0.6442846570696149,0.5542730761545523,0.576950937925563,0.5547277447125667,0.0,0.0,0.36978379505773556,0.279772214142673,0.3024500759136836,0.2802268827006873,0.0,0.0,0.16190738288878992,0.07189580197372736,0.09457366374473797,0.07235047053174165,0.0,0.0,0.2104326892168002,0.12042110830173762,0.14309897007274824,0.12087577685975191,0.0,0.0,0.31609125431481894,0.22607967339975638,0.24875753517076699,0.22653434195777067,0.0
THBS1,CD36,0.0,0.0,0.0,0.0,0.0,0.0,0.0,0.0,0.5563009209627402,0.5375458997746836,0.5885650782955618,0.0,0.0,0.0,0.28180005895086085,0.26304503776280425,0.31406421628368253,0.0,0.0,0.0,0.07392364678191518,0.055168625593858586,0.10618780411473688,0.0,0.0,0.0,0.12244895310992546,0.10369393192186886,0.15471311044274716,0.0,0.0,0.0,0.2281075182079442,0.20935249701988762,0.2603716755407659,0.0
VWF,SCARA5,0.0,1.0461811167853219,0.8920344932969794,0.882708602299305,0.9073565424534312,0.8931614193049344,0.0,1.5228718774659293,1.368725253977587,1.3593993629799126,1.3840473031340388,1.3698521799855419,0.0,0.6063176851401162,0.45217106165177373,0.4428451706540994,0.46749311080822553,0.45329798765972873,0.0,0.41493051047379237,0.2607838869854499,0.2514579959877756,0.2761059361419017,0.2619108129934049,0.0,0.6362101990626868,0.4820635755743443,0.47273768457667,0.4973856247307961,0.4831905015822993,0.0,0.31887074538639615,0.16472412189805363,0.1553982309003793,0.18004617105450546,0.16585104790600863
FGF7,FGFR4,0.0,0.0,0.0,0.0,0.0,0.0,0.0,0.0,0.0,0.0,0.0,0.0,0.0,0.0,0.09030078644733353,0.08616248532964735,0.0,0.0,0.0,0.0,0.01299420241219821,0.008855901294512039,0.0,0.0,0.0,0.0,0.05913378493878081,0.05499548382109464,0.0,0.0,0.0,0.0,0.043234880377925104,0.039096579260238934,0.0,0.0
PTH2,TSHR,0.0,0.0,0.0,0.0,0.0,0.0,0.0,0.0,0.0,0.0,0.0,0.0,0.0,0.0,0.0,0.0,0.0,0.0,0.0,0.0,0.0,0.0,0.0,0.0,0.0,0.0,0.0,0.0,0.0,0.0,0.0,0.0,0.0,0.0,0.0,0.0
TFF2,MUC6,0.0,0.0,0.0,0.0,0.0,0.0,0.0,0.0,0.0,0.0,0.0,0.0,0.0,0.0,0.0,0.0,0.0,0.0,0.0,0.0,0.0,0.0,0.0,0.0,0.0,0.0,0.0,0.0,0.0,0.0,0.0,0.0,0.0,0.0,0.0,0.0
TFF1,MUC5AC,0.0,0.0,0.0,0.0,0.0,0.0,0.0,0.0,0.0,0.0,0.0,0.0,0.0,0.0,0.0,0.0,0.0,0.0,0.0,0.0,0.0,0.0,0.0,0.0,0.0,0.0,0.0,0.0,0.0,0.0,0.0,0.0,0.0,0.0,0.0,0.0
S100A1,RYR2,0.0,0.0,0.0,0.0,0.0,0.0,0.0,0.0,0.0,0.0,0.0,0.0,0.0,0.0,0.0,0.08801165761315247,0.0,0.1012777281268838,0.0,0.0,0.0,0.4669910832204194,0.0,0.48025715373415073,0.0,0.0,0.0,0.16097963015894154,0.0,0.1742457006726729,0.0,0.0,0.0,0.03456108876097679,0.0,0.04782715927470814
SCGB3A1,MARCO,0.0,0.0,0.0,0.0,0.0,0.0,0.0,0.0,0.0,0.0,0.0,0.0,0.0,0.0,0.05420865782772202,0.02841052930210708,0.3008077200309239,0.04261693636750426,0.0,0.0,0.062298838926024905,0.03650071040040997,0.30889790112922677,0.050707117465807146,0.0,0.0,0.07302068804137377,0.047222559515758815,0.3196197502445756,0.061428966581156,0.0,0.0,0.05626812502605805,0.030469996500443103,0.3028671872292599,0.04467640356584028
ANGPTL4,GPIHBP1,0.0,0.0,0.0,0.0,0.0,0.0,0.0,0.0,0.0,0.0,0.0,0.0,0.0,0.0,0.07252497318758064,0.06810954506341364,0.0,0.0,0.0,0.0,0.15614437388031285,0.15172894575614587,0.0,0.0,0.0,0.0,0.0960578134059402,0.09164238528177321,0.0,0.0,0.0,0.0,0.03297216036364126,0.028556732239474268,0.0,0.0
ANGPTL4,TIE1,0.0,0.0,0.0,0.0,0.0,0.0,0.0,0.0,0.0,0.0,0.0,0.0,0.7391517727250555,0.3912338242746945,0.11200985396243482,0.10657748489764779,0.09722093534479684,0.08412562514274126,0.8227711734177877,0.4748532249674267,0.19562925465516703,0.19019688559038,0.18084033603752905,0.1677450258354735,0.762684612943415,0.41476666449305405,0.13554269418079437,0.13011032511600734,0.12075377556315639,0.10765846536110082,0.6995989599011161,0.3516810114507551,0.07245704113849544,0.06702467207370841,0.05766812252085745,0.04457281231880188
IGF1,INSR,0.0,0.0,0.0,0.0,0.0,0.0,0.0,0.0,0.0,0.0,0.0,0.0,0.0,0.2006110831436862,0.11626916956231298,0.26983469717962555,0.10383773269574705,0.10371005325345238,0.0,0.16630527688102995,0.08196336329965671,0.2355288909169693,0.06953192643309078,0.06940424699079611,0.0,0.20541958746157196,0.12107767388019872,0.2746432014975113,0.1086462370136328,0.10851855757133813,0.0,0.16673557649959217,0.08239366291821895,0.23595919053553152,0.06996222605165302,0.06983454660935835
PCSK9,LDLR,0.0,0.0,0.0,0.0,0.0,0.0,0.0,0.0,0.0,0.0,0.0,0.0,0.0,0.0,0.0,0.0,0.0,0.0,0.0,0.0,0.0,0.0,0.0,0.0,0.0,0.0,0.0,0.0,0.0,0.0,0.0,0.0,0.0,0.0,0.0,0.0
CXCL11,ACKR1,0.0,0.0,0.0,0.0,0.0,0.0,0.0,0.0,0.0,0.0,0.0,0.0,0.0,0.0,0.0,0.0,0.0,0.0,0.0,0.39498848542777515,0.2448140377884433,0.03771752328697657,0.18152035879257025,0.05387361389488907,0.0,0.0,0.0,0.0,0.0,0.0,0.0,0.0,0.0,0.0,0.0,0.0
ANGPT2,TIE1,0.0,0.0,0.0,0.0,0.0,0.0,0.0,0.0,0.0,0.0,0.0,0.0,0.6918115304655819,0.3438935820152208,0.06466961170296114,0.059237242638174106,0.04988069308532315,0.036785382883267576,0.6975445311791827,0.3496265827288217,0.07040261241656204,0.06497024335177501,0.05561369379892406,0.042518383596868485,0.0,0.0,0.0,0.0,0.0,0.0,0.6861080082980069,0.33819005984764594,0.05896608953538625,0.05353372047059922,0.04417717091774826,0.031081860715692695
CALCA,TSHR,0.0,0.0,0.0,0.0,0.0,0.0,0.0,0.0,0.0,0.0,0.0,0.0,0.0,0.0,0.0,0.0,0.0,0.0,0.0,0.06235918688036551,0.09147993278819115,0.5491674862803857,0.15976249254476263,0.03762387864502365,0.0,0.0,0.0,0.0,0.0,0.0,0.0,0.0,0.0,0.0,0.0,0.0
THBS2,NOTCH4,0.0,0.9019521474838257,0.5715437397420646,0.6095591636377794,0.5644747876284415,0.5872931307012385,0.0,0.5181851897920882,0.187776782050327,0.22579220594604182,0.18070782993670395,0.20352617300950088,0.0,0.8329796003529346,0.5025711926111734,0.5405866165068882,0.49550224049755043,0.5183205835703474,0.0,0.41681367606327047,0.08640526832150933,0.12442069221722415,0.07933631620788628,0.10215465928068321,0.0,0.5563128621954667,0.22590445445370558,0.26391987834942043,0.21883550234008253,0.24165384541287946,0.0,0.6959334790706635,0.36552507132890233,0.40354049522461716,0.3584561192152793,0.3812744622880762
THBS2,ITGA6,0.0,0.672001736504691,0.5819901555896284,0.604668017360639,0.5824448241476428,0.0,0.0,0.2882347788129534,0.19822319789789083,0.22090105966890144,0.19867786645590513,0.0,0.0,0.6030291893737999,0.5130176084587372,0.5356954702297478,0.5134722770167516,0.0,0.0,0.18686326508413575,0.09685168416907317,0.11952954594008378,0.09730635272708746,0.0,0.0,0.326362451216332,0.23635087030126942,0.25902873207228005,0.2368055388592837,0.0,0.0,0.46598306809152873,0.37597148717646617,0.3986493489474768,0.37642615573448046,0.0
THBS2,CD36,0.0,0.0,0.5840180003978163,0.5652629792097597,0.6162821577306379,0.0,0.0,0.0,0.20025104270607866,0.18149602151802208,0.23251520003890036,0.0,0.0,0.0,0.5150454532669251,0.4962904320788685,0.5473096105997468,0.0,0.0,0.0,0.09887952897726099,0.08012450778920441,0.1311436863100827,0.0,0.0,0.0,0.23837871510945724,0.21962369392140066,0.2706428724422789,0.0,0.0,0.0,0.377999331984654,0.3592443107965974,0.4102634893174757,0.0
S100A8,CD36,0.0,0.0,0.0,0.0,0.0,0.0,0.0,0.0,0.0,0.0,0.0,0.0,0.0,0.0,0.2518977910639292,0.2331427698758726,0.2841619483967509,0.0,0.0,0.0,0.052389813529137394,0.033634792341080806,0.0846539708619591,0.0,0.0,0.0,0.5176773975941676,0.4989223764061111,0.5499415549269894,0.0,0.0,0.0,0.06456193786417755,0.045806916676120954,0.09682609519699925,0.0
S100A12,CD36,0.0,0.0,0.0,0.0,0.0,0.0,0.0,0.0,0.0,0.0,0.0,0.0,0.0,0.0,0.0,0.0,0.0,0.0,0.0,0.0,0.028257170554581247,0.009502149366524658,0.06052132788740294,0.0,0.0,0.0,0.0,0.0,0.0,0.0,0.0,0.0,0.0,0.0,0.0,0.0
S100A9,CD36,0.0,0.0,1.4211636269427685,1.402408605754712,1.4534277842755903,0.0,0.0,0.0,0.27742169570868136,0.25866667452062475,0.3096858530415031,0.0,0.0,0.0,0.7178396812404495,0.6990846600523929,0.7501038385732712,0.0,0.0,0.0,0.11295474465359348,0.0941997234655369,0.14521890198641518,0.0,0.0,0.0,0.9367570600091869,0.9180020388211303,0.9690212173420085,0.0,0.0,0.0,0.41502536614474783,0.3962703449566912,0.4472895234775695,0.0
CALCB,TSHR,0.0,0.0,0.0,0.0,0.0,0.0,0.0,0.0,0.0,0.0,0.0,0.0,0.0,0.0,0.0,0.0,0.0,0.0,0.0,0.06215354536810701,0.09127429127593265,0.5489618447681273,0.15955685103250414,0.03741823713276515,0.0,0.0,0.0,0.0,0.0,0.0,0.0,0.0,0.0,0.0,0.0,0.0
MDK,ITGA6,0.0,0.0,0.0,0.0,0.0,0.0,0.0,0.7240297964641026,0.63401821554904,0.6566960773200506,0.6344728841070544,0.0,0.0,0.8375201910238326,0.74750861010877,0.7701864718797806,0.7479632786667842,0.0,0.0,1.3331294190174512,1.2431178381023886,1.265795699873399,1.2435725066604029,0.0,0.0,0.7797786371600359,0.6897670562449734,0.712444918015984,0.6902217248029876,0.0,0.0,0.5860723253968474,0.49606074448178483,0.5187386062527954,0.4965154130397991,0.0
ADM,TSHR,0.0,0.0,0.0,0.0,0.0,0.0,0.0,0.0,0.0,0.0,0.0,0.0,0.0,0.08318461304208839,0.11230535894991403,0.5699929124421086,0.18058791870648552,0.05844930480674654,0.0,0.08794869067640818,0.11706943658423381,0.5747569900764284,0.1853519963408053,0.06321338244106632,0.0,0.06862623440591913,0.09774698031374476,0.5554345338059393,0.16602954007031623,0.04389092617057727,0.0,0.0,0.0,0.0,0.0,0.0
CGA,RAMP3,0.0,0.0,0.0,0.0,0.0,0.0,0.0,0.0,0.0,0.0,0.0,0.0,0.0,0.0,0.0,0.0,0.0,0.0,0.0,0.0,0.0,0.0,0.0,0.0,0.0,0.0,0.0,0.0,0.0,0.0,0.0,0.0,0.0,0.0,0.0,0.0
CXCL8,CD79A,0.0,0.0,0.0,0.0,0.0,0.0,0.0,0.0,0.0,0.0,0.0,0.0,0.0,0.0,0.021871922485320924,0.010632503939742194,0.04040482667353712,0.02188713555790378,0.0,0.0,0.013878266831390753,0.002638848285812024,0.03241117101960695,0.01389347990397361,0.0,0.0,0.025646533265070492,0.014407114719491762,0.04417943745328669,0.02566174633765335,0.0,0.0,0.0,0.0,0.0,0.0
PTH2,RAMP3,0.0,0.0,0.0,0.0,0.0,0.0,0.0,0.0,0.0,0.0,0.0,0.0,0.0,0.0,0.0,0.0,0.0,0.0,0.0,0.0,0.0,0.0,0.0,0.0,0.0,0.0,0.0,0.0,0.0,0.0,0.0,0.0,0.0,0.0,0.0,0.0
APOE,LRP1,0.0,0.753282368183136,1.2945197463993088,0.7666421959178031,1.1074273753584478,0.8745256933298977,0.0,1.1112164003508431,1.652453778567016,1.1245762280855103,1.4653614075261547,1.2324597254976049,0.0,1.3194308762090752,1.860668254425248,1.3327907039437423,1.673575883384387,1.440674201355837,0.0,1.8330571808116665,2.374294559027839,1.8464170085463336,2.187202187986978,1.9543005059584282,0.0,1.5536982887669613,2.094935666983134,1.5670581165016284,1.907843295942273,1.674941613913723,0.0,0.9463938322934238,1.4876312105095966,0.9597536600280909,1.3005388394687354,1.0676371574401855
PCSK9,LRP1,0.0,0.0,0.0,0.0,0.0,0.0,0.0,0.0,0.0,0.0,0.0,0.0,0.0,0.0,0.0,0.0,0.0,0.0,0.0,0.0,0.0,0.0,0.0,0.0,0.0,0.0,0.0,0.0,0.0,0.0,0.0,0.0,0.0,0.0,0.0,0.0
THBS1,LRP1,0.0,0.0,0.0,0.0,0.0,0.0,0.0,0.7255652887480599,1.2668026669642327,0.7389251164827271,1.0797102959233715,0.8468086138948216,0.0,0.4510644267361806,0.9923018049523533,0.4644242544708478,0.8052094339114924,0.5723077518829424,0.0,0.24318801456723493,0.7844253927834077,0.2565478423019021,0.5973330217425467,0.3644313397139967,0.0,0.2917133208952452,0.832950699111418,0.30507314862991236,0.6458583280705569,0.412956646042007,0.0,0.39737188599326395,0.9386092642094368,0.41073171372793116,0.7515168931685756,0.5186152111400257
VWF,LRP1,0.0,1.0787023901939392,1.619939768410112,1.0920622179286064,1.432847397369251,1.199945715340701,0.0,1.5553931508745467,2.0966305290907195,1.5687529786092138,1.9095381580498585,1.6766364760213084,0.0,0.6388389585487335,1.1800763367649063,0.6521987862834007,0.9929839657240452,0.7600822836954952,0.0,0.4474517838824097,0.9886891620985825,0.46081161161707684,0.8015967910577214,0.5686951090291714,0.0,0.668731472471304,1.2099688506874768,0.6820913002059713,1.0228764796466159,0.7899747976180659,0.0,0.3513920187950134,0.8926293970111863,0.3647518465296806,0.7055370259703251,0.4726353439417752
CGA,RAMP2,0.0,0.0,0.0,0.0,0.0,0.0,0.0,0.0,0.0,0.0,0.0,0.0,0.0,0.0,0.0,0.0,0.0,0.0,0.0,0.0,0.0,0.0,0.0,0.0,0.0,0.0,0.0,0.0,0.0,0.0,0.0,0.0,0.0,0.0,0.0,0.0
CCL11,ACKR4,0.0,0.0,0.0,0.0,0.0,0.0,0.0,0.0,0.0,0.0,0.0,0.0,0.0,0.0,0.0,0.0,0.0,0.0,0.0,0.0,0.011144736860431511,0.0014318773509710918,0.01641764132532816,0.0,0.0,0.0,0.0,0.0,0.0,0.0,0.0,0.0,0.0,0.0,0.0,0.0
CCL7,ACKR4,0.0,0.0,0.0,0.0,0.0,0.0,0.0,0.0,0.0,0.0,0.0,0.0,0.0,0.0,0.0,0.0,0.0,0.0,0.0,0.0,0.010856909433236858,0.0011440499237764389,0.01612981389813351,0.0,0.0,0.0,0.0,0.0,0.0,0.0,0.0,0.0,0.0,0.0,0.0,0.0
CCL8,ACKR4,0.0,0.0,0.0,0.0,0.0,0.0,0.0,0.0,0.0,0.0,0.0,0.0,0.0,0.0,0.014123903939044141,0.004411044429583722,0.019396808403940792,0.0,0.0,0.0,0.011512894065924201,0.0018000345564637816,0.01678579853082085,0.0,0.0,0.0,0.0,0.0,0.0,0.0,0.0,0.0,0.0,0.0,0.0,0.0
S100A9,CD68,0.0,1.4544110298156738,1.6212546562095245,1.4637882573589072,1.9025096401833652,1.4708832155574452,0.0,0.31066909858158653,0.4775127249754371,0.32004632612481987,0.7587677089492778,0.32714128432335793,0.0,0.7510870841133547,0.9179307105072052,0.760464311656588,1.199185694481046,0.767559269855126,0.0,0.14620214752649868,0.31304577392034927,0.15557937506973202,0.5943007578941899,0.16267433326827002,0.0,0.9700044628820921,1.1368480892759427,0.9793816904253254,1.4181030732497835,0.9864766486238634,0.0,0.448272769017653,0.6151163954115035,0.45764999656088634,0.8963713793853443,0.46474495475942434
S100A8,CD68,0.0,0.0,0.0,0.0,0.0,0.0,0.0,0.0,0.0,0.0,0.0,0.0,0.0,0.28514519393683435,0.45198882033068494,0.2945224214800677,0.7332438043045256,0.30161737967860575,0.0,0.0856372164020426,0.25248084279589317,0.09501444394527593,0.5337358267697339,0.10210940214381395,0.0,0.5509248004670728,0.7177684268609235,0.5603020280103062,0.9990234108347642,0.5673969862088443,0.0,0.09780934073708275,0.2646529671309333,0.10718656828031609,0.545907951104774,0.11428152647885409
PTH2,RAMP2,0.0,0.0,0.0,0.0,0.0,0.0,0.0,0.0,0.0,0.0,0.0,0.0,0.0,0.0,0.0,0.0,0.0,0.0,0.0,0.0,0.0,0.0,0.0,0.0,0.0,0.0,0.0,0.0,0.0,0.0,0.0,0.0,0.0,0.0,0.0,0.0
TNF,FLT4,0.0,0.0,0.0,0.0,0.0,0.0,0.0,0.0,0.0,0.0,0.0,0.0,0.0,0.0,0.0,0.0,0.0,0.0,0.0,0.06133782477276992,0.05234604472150406,0.02933408869094296,0.019390674333223102,0.014055300230394877,0.0,0.0,0.0,0.0,0.0,0.0,0.0,0.0,0.0,0.0,0.0,0.0
THBS2,NOTCH3,1.271373689174652,1.0330629689352853,0.6981177203147766,0.7451531094874617,0.6988235947332884,0.650955754518509,0.8876067314829146,0.6492960112435477,0.31435076262303896,0.3613861517957241,0.31505663704155085,0.2671887968267713,1.202401142043761,0.9640904218043942,0.6291451731838854,0.6761805623565705,0.6298510476023973,0.5819832073876178,0.7862352177540969,0.54792449751473,0.21297924889422132,0.26001463806690644,0.21368512331273318,0.16581728309795368,0.9257344038862931,0.6874236836469263,0.35247843502641757,0.3995138241991027,0.3531843094449294,0.30531646923014993,1.06535502076149,0.8270443005221231,0.4920990519016143,0.5391344410742994,0.4928049263201262,0.44493708610534666
SCGB3A1,NOTCH3,0.0,0.0,0.0,0.0,0.0,0.0,0.0,0.0,0.0,0.0,0.0,0.0,0.729013391048554,0.49070267080918717,0.1557574221886784,0.20279281136136354,0.15646329660719027,0.10859545639241078,0.7371035721468568,0.49879285190749006,0.1638476032869813,0.21088299245966644,0.16455347770549317,0.11668563749071366,0.7478254212622057,0.5095147010228389,0.17456945240233016,0.22160484157501528,0.17527532682084201,0.1274074866060625,0.73107285824689,0.4927621380075232,0.15781688938701444,0.20485227855969956,0.1585227638055263,0.1106549235907468
CXCL8,KDR,0.0,0.0,0.0,0.0,0.0,0.0,0.0,0.0,0.0,0.0,0.0,0.0,0.0,0.0,0.031202405332082725,0.03665764517718163,0.04498042114893192,0.028165435843243138,0.0,0.0,0.02320874967815256,0.028663989523251464,0.03698676549500175,0.02017178018931297,0.0,0.0,0.03497701611183229,0.0404322559569312,0.04875503192868149,0.031940046622992706,0.0,0.0,0.0,0.0,0.0,0.0
CXCL9,FCGR2A,0.0,0.0,0.0,0.0,0.0,0.0,0.0,0.0,0.0,0.0,0.0,0.0,0.0,0.0,0.0,0.0,0.0,0.0,0.0,0.27922598232605733,0.10965329629865746,0.04645071383369019,0.20290455411853087,0.08229275230372603,0.0,0.2934967723107875,0.12392408628338766,0.06072150381842039,0.21717534410326106,0.09656354228845623,0.0,0.0,0.0,0.0,0.0,0.0
VEGFD,FLT1,0.0,0.0,0.0,0.0,0.0,0.0,0.0,0.0,0.0,0.0,0.0,0.0,0.5593399893806641,0.42694718271442617,0.02984924704195505,0.057195713814131764,0.07265951256876993,0.07130120674072717,0.0,0.0,0.0,0.0,0.0,0.0,0.0,0.0,0.0,0.0,0.0,0.0,0.0,0.0,0.0,0.0,0.0,0.0
TNF,ICOS,0.0,0.0,0.0,0.0,0.0,0.0,0.0,0.0,0.0,0.0,0.0,0.0,0.0,0.0,0.0,0.0,0.0,0.0,0.0,0.0,0.0,0.00024919568570392475,0.0,0.0,0.0,0.0,0.0,0.0,0.0,0.0,0.0,0.0,0.0,0.0,0.0,0.0
IL6,F3,0.0,0.0,0.0,0.0,0.0,0.0,0.0,0.0,0.0,0.0,0.0,0.0,0.0,0.0,0.049862154516350315,0.08048138371237176,0.07624821833237813,0.0,0.0,0.0,0.03465282230384193,0.06527205149986338,0.061038886119869754,0.0,0.0,0.0,0.06503385886206633,0.09565308805808778,0.09141992267809415,0.0,0.0,0.0,0.0,0.0,0.0,0.0
CXCL12,CCR4,0.0,0.0,0.0,0.0,0.0,0.0,0.0,0.0,0.0,0.3131910060294228,0.0,0.0,0.0,0.0,0.0,0.1656713401378991,0.0,0.0,0.0,0.0,0.0,0.04033429261773511,0.0,0.0,0.0,0.0,0.0,0.07734696605267656,0.0,0.0,0.0,0.0,0.0,0.10068389016374016,0.0,0.0
CCL3,CCR4,0.0,0.0,0.0,0.0,0.0,0.0,0.0,0.0,0.0,0.0,0.0,0.0,0.0,0.0,0.0,0.021953734472393446,0.0,0.0,0.0,0.0,0.0,0.010259767667304203,0.0,0.0,0.0,0.0,0.0,0.04096270351597516,0.0,0.0,0.0,0.0,0.0,0.02791442818517459,0.0,0.0
PTN,PTPRB,0.0,0.0,0.0,0.0,0.0,0.0,0.0,0.0,0.0,0.0,0.0,0.0,0.0,0.11419302833812098,0.03763170366785134,0.05007136689488631,0.028914611552739795,0.028781622619949238,0.0,0.10967844213402797,0.033117117463758325,0.04555678069079329,0.024400025348646777,0.024267036415856216,0.0,0.0,0.0,0.0,0.0,0.0,0.0,0.10190518784832645,0.0253438631780568,0.03778352640509177,0.016626771062945255,0.016493782130154698
CCL8,ACKR1,0.0,0.0,0.0,0.0,0.0,0.0,0.0,0.0,0.0,0.0,0.0,0.0,0.0,0.3973437766199884,0.24716932898065652,0.040072814479189776,0.18387564998478348,0.05622890508710228,0.0,0.3947327667468684,0.24455831910753656,0.03746180460606984,0.18126464011166352,0.053617895213982344,0.0,0.0,0.0,0.0,0.0,0.0,0.0,0.0,0.0,0.0,0.0,0.0
EDN1,ADGRL4,0.0,0.0,0.0,0.0,0.0,0.0,0.0,0.5942292554037911,0.41989878868140235,0.4309029571652174,0.45754127813162365,0.4184621685511106,0.0,0.22581826467590638,0.05148779795351756,0.06249196643733264,0.08913028740373885,0.05005117782322583,0.0,0.2102213184699771,0.035890851747588284,0.04689502023140336,0.07353334119780956,0.03445423161729655,0.0,0.21787167641154506,0.04354120968915624,0.05454537817297132,0.08118369913937754,0.042104589558864515,0.0,0.24912309754978526,0.07479263082739644,0.08579679931121152,0.11243512027761773,0.0733560106971047
MDK,TSPAN1,0.0,0.0,0.0,0.0,0.0,0.0,0.0,0.0,0.6904858958769036,0.9091049208779783,0.7565347060822604,0.6507936781102961,0.0,0.0,0.8039762904366335,1.0225953154377083,0.8700251006419903,0.7642840726700261,0.0,0.0,1.299585518430252,1.518204543431327,1.365634328635609,1.2598933006636446,0.0,0.0,0.7462347365728369,0.9648537615739117,0.8122835467781937,0.7065425188062294,0.0,0.0,0.5525284248096484,0.7711474498107231,0.6185772350150052,0.5128362070430409
CCL1,ACKR1,0.0,0.0,0.0,0.0,0.0,0.0,0.0,0.0,0.0,0.0,0.0,0.0,0.0,0.0,0.0,0.0,0.0,0.0,0.0,0.0,0.0,0.0,0.0,0.0,0.0,0.0,0.0,0.0,0.0,0.0,0.0,0.0,0.0,0.0,0.0,0.0
IGF1,ITGA6,0.0,0.0,0.0,0.0,0.0,0.0,0.0,0.0,0.0,0.0,0.0,0.0,0.0,0.18060158250390695,0.0905900015888444,0.113267863359855,0.09104467014685869,0.0,0.0,0.1462957762412507,0.056284195326188134,0.07896205709719875,0.05673886388420243,0.0,0.0,0.18541008682179272,0.09539850590673014,0.11807636767774075,0.09585317446474444,0.0,0.0,0.14672607585981295,0.056714494944750365,0.07939235671576098,0.05716916350276466,0.0
CCL18,ACKR1,0.0,0.0,0.0,0.0,0.0,0.0,0.0,0.0,0.0,0.0,0.0,0.0,0.0,0.42977494917856984,0.279600501539238,0.07250398703777128,0.21630682254336497,0.08866007764568377,0.0,0.42615617824745994,0.2759817306081281,0.06888521610666135,0.21268805161225504,0.08504130671457386,0.0,0.6745435481232809,0.524369100483949,0.31727258598248226,0.4610754214880759,0.33342867659039477,0.0,0.416722894721217,0.26654844708188513,0.05945193258041841,0.2032547680860121,0.0756080231883309
CXCL3,ACKR1,0.0,0.0,0.0,0.0,0.0,0.0,0.0,0.0,0.0,0.0,0.0,0.0,0.0,0.39942671335502666,0.2492522657156948,0.04215575121422808,0.18595858671982177,0.05831184182214058,0.0,0.3952084953801417,0.2450340477408098,0.03793753323934308,0.18174036874493676,0.054093623847255586,0.0,0.0,0.0,0.0,0.0,0.0,0.0,0.0,0.0,0.0,0.0,0.0
CXCL5,ACKR1,0.0,0.0,0.0,0.0,0.0,0.0,0.0,0.0,0.0,0.0,0.0,0.0,0.0,0.0,0.0,0.0,0.0,0.0,0.0,0.0,0.0,0.0,0.0,0.0,0.0,0.0,0.0,0.0,0.0,0.0,0.0,0.0,0.0,0.0,0.0,0.0
CXCL9,ACKR1,0.0,0.0,0.0,0.0,0.0,0.0,0.0,0.0,0.0,0.0,0.0,0.0,0.0,0.0,0.0,0.0,0.0,0.0,0.0,0.3994384265633577,0.24926397892402588,0.04216746442255914,0.18597029992815284,0.058323555030471645,0.0,0.4137092165480879,0.26353476890875605,0.05643825440728934,0.20024108991288303,0.07259434501520184,0.0,0.0,0.0,0.0,0.0,0.0
CXCL10,ACKR1,0.0,0.0,0.0,0.0,0.0,0.0,0.0,0.0,0.0,0.0,0.0,0.0,0.0,0.39698012389469206,0.24680567625536018,0.039709161753893454,0.18351199725948714,0.05586525236180596,0.0,0.39711592463215084,0.246941476992819,0.03984496249135226,0.18364779799694594,0.05600105309926476,0.0,0.0,0.0,0.0,0.0,0.0,0.0,0.0,0.0,0.0,0.0,0.0
CXCL13,ACKR1,0.0,0.0,0.0,0.0,0.0,0.0,0.0,0.0,0.0,0.0,0.0,0.0,0.0,0.0,0.0,0.0,0.0,0.0,0.0,0.3945078894196488,0.24433344178031696,0.037236927278850224,0.18103976278444392,0.05339301788676273,0.0,0.0,0.0,0.0,0.0,0.0,0.0,0.0,0.0,0.0,0.0,0.0
CCL7,ACKR1,0.0,0.0,0.0,0.0,0.0,0.0,0.0,0.0,0.0,0.0,0.0,0.0,0.0,0.0,0.0,0.0,0.0,0.0,0.0,0.39407678211418107,0.24390233447484924,0.036805819973382496,0.1806086554789762,0.052961910581295,0.0,0.0,0.0,0.0,0.0,0.0,0.0,0.0,0.0,0.0,0.0,0.0
SPP1,ITGB6,0.0,0.0,0.0,0.0,0.0,0.0,0.0,0.0,0.0,0.0,0.0,0.0,0.0,0.0,0.04311958278518125,0.07982682756796683,0.09431956538663205,0.0,0.0,0.0,0.03150489883855259,0.06821214362133816,0.08270488144000339,0.0,0.0,0.0,0.31509196022503777,0.35179920500782336,0.3662919428264886,0.0,0.0,0.0,0.0,0.0,0.0,0.0
ANGPTL4,CDH5,0.0,0.0,0.0,0.0,0.0,0.0,0.0,0.0,0.0,0.0,0.0,0.0,0.0,0.4695786802644232,0.09950430110755215,0.11675894302630836,0.07275798135064818,0.07155075303913686,0.0,0.5531980809571554,0.18312370180028437,0.2003783437190406,0.1563773820433804,0.15517015373186907,0.0,0.49311152048278273,0.12303714132591172,0.14029178324466793,0.09629082156900773,0.09508359325749642,0.0,0.43002586744048377,0.059951488283612776,0.07720613020236898,0.033205168526708795,0.03199794021519747
ANGPTL4,CDH11,0.0,0.0,0.0,0.0,0.0,0.0,0.0,0.0,0.0,0.0,0.0,0.0,0.6173855631226995,0.2351218516020958,0.19489770529260597,0.08494548848026853,0.19781003711944756,0.1766086265482838,0.7010049638154318,0.318741252294828,0.2785171059853382,0.16856488917300078,0.2814294378121798,0.260228027241016,0.6409184033410591,0.25865469182045536,0.21843054551096552,0.1084783286986281,0.2213428773378071,0.20014146676664335,0.5778327502987601,0.19556903877815643,0.1553448924686666,0.04539267565632916,0.15825722429550818,0.13705581372434442
SLC1A2,GRIA1,0.0,0.0,0.0,0.0,0.0,0.0,0.0,0.0,0.0,0.0,0.0,0.0,0.0,0.0,0.0,0.0,0.0,0.0,0.0,0.0,0.004792908281006918,0.0,0.0,0.0,0.0,0.0,0.0,0.0,0.0,0.0,0.0,0.0,0.0,0.0,0.0,0.0
SLC1A6,GRIA1,0.0,0.0,0.0,0.0,0.0,0.0,0.0,0.0,0.0,0.0,0.0,0.0,0.0,0.0,0.0,0.0,0.0,0.0,0.0,0.0,0.0,0.0,0.0,0.0,0.0,0.0,0.0,0.0,0.0,0.0,0.0,0.0,0.0,0.0,0.0,0.0
APOE,TYROBP,1.2337547540664673,0.9227301222937447,0.9598653148934544,0.7145147823216199,1.270113030023742,0.7423301664265719,1.5916887862341744,1.2806641544614519,1.3177993470611615,1.0724488144893272,1.6280470621914493,1.1002641985942792,1.7999032620924065,1.488878630319684,1.5260138229193936,1.280663290347559,1.8362615380496812,1.3084786744525112,2.3135295666949975,2.002504934922275,2.039640127521985,1.7942895949501505,2.3498878426522727,1.8221049790551025,2.0341706746502926,1.72314604287757,1.7602812354772797,1.514930702905445,2.0705289506075673,1.5427460870103973,1.426866218176755,1.1158415864040325,1.1529767790037422,0.9076262464319077,1.46322449413403,0.9354416305368597
CCL20,ACKR4,0.0,0.0,0.0,0.0,0.0,0.0,0.0,0.0,0.0,0.0,0.0,0.0,0.0,0.0,0.01440384612983489,0.004690986620374473,0.01967675059473154,0.0,0.0,0.0,0.011288634443604163,0.0015757749341437427,0.016561538908500813,0.0,0.0,0.0,0.019613630460196083,0.009900770950735662,0.024886534925092733,0.0,0.0,0.0,0.0,0.0,0.0,0.0
FAM3D,FPR2,0.0,0.0,0.0,0.0,0.0,0.0,0.0,0.0,0.0,0.0,0.0,0.0,0.0,0.0,0.01779294732105301,0.01370959846041424,0.0,0.02376376750391737,0.0,0.0,0.00976979378865091,0.005686444928012139,0.0,0.015740613971515268,0.0,0.0,0.012669157362014492,0.008585808501375719,0.0,0.01863997754487885,0.0,0.0,0.0,0.0,0.0,0.0
HLA-G,KLRD1,0.0,0.0,0.0,0.0,0.0,0.0,0.0,0.0,0.0,0.0,0.0,0.0,0.0,0.0,0.0,0.008451640192704505,0.0372452735018967,0.022467149983970473,0.0,0.0,0.0,0.007050591368450453,0.03584422467764265,0.02106610115971642,0.0,0.0,0.0,0.0,0.0,0.0,0.0,0.0,0.0,0.0,0.0,0.0
FGFR4,MCAM,0.0,0.0,0.0,0.0,0.0,0.0,0.0,0.0,0.0,0.0,0.0,0.0,0.0,0.3261455851454743,0.05308393086774282,0.06973102635277971,0.03444430244646776,0.07164011378277824,0.0,0.32200728402778817,0.04894562975005665,0.06559272523509353,0.030306001328781588,0.06750181266509206,0.0,0.0,0.0,0.0,0.0,0.0,0.0,0.0,0.0,0.0,0.0,0.0
LAIR2,FGFR4,0.0,0.0,0.0,0.0,0.0,0.0,0.0,0.0,0.0,0.0,0.0,0.0,0.0,0.0,0.0,0.0,0.0,0.0,0.0,0.0,0.006666644576222413,0.0025283434585362434,0.0,0.0,0.0,0.0,0.013689470521694658,0.00955116940400849,0.0,0.0,0.0,0.0,0.017532594611323546,0.013394293493637376,0.0,0.0
IL2,DLK1,0.0,0.0,0.0,0.0,0.0,0.0,0.0,0.0,0.0,0.0,0.0,0.0,0.0,0.0,0.0,0.0,0.0,0.0,0.0,0.0,0.0,0.0,0.0,0.0,0.0,0.0,0.0,0.0,0.0,0.0,0.0,0.0,0.0,0.0,0.0,0.0
TNFSF9,FCRL1,0.0,0.0,0.0,0.0,0.0,0.0,0.0,0.0,0.0,0.0,0.0,0.0,0.0,0.0,0.0,0.0,0.0,0.0,0.0,0.0,0.0,0.0,0.0,0.0,0.0,0.0,0.0,0.0,0.0,0.0,0.0,0.0,0.0,0.0,0.0,0.0
DCN,LRP1,0.0,0.0,0.0,0.0,0.0,0.0,0.0,0.5117165531430925,1.0529539313592653,0.5250763808777598,0.8658615603184043,0.6329598782898543,0.0,1.2017860946406322,1.743023472856805,1.2151459223752994,1.5559311018159439,1.323029419787394,0.0,0.35367534942732903,0.8949127276435018,0.3670351771619962,0.7078203566026408,0.4749186745740908,0.0,0.7427340589071575,1.2839714371233302,0.7560938866418246,1.0968790660824692,0.8639773840539193,0.0,0.6116835377433083,1.152920915959481,0.6250433654779755,0.96582854491862,0.73292686289007
IFNG,MPL,0.0,0.0,0.0,0.0,0.0,0.0,0.0,0.0,0.0,0.0,0.0,0.0,0.0,0.0,0.0,0.0,0.0,0.0,0.0,0.0,0.0,0.0,0.0,0.0,0.0,0.0,0.0,0.0,0.0,0.0,0.0,0.0,0.0,0.0,0.0,0.0
TPO,MPL,0.0,0.0,0.0,0.0,0.0,0.0,0.0,0.0,0.0,0.0,0.0,0.0,0.0,0.0,0.0,0.0,0.0,0.0,0.0,0.0,0.0,0.0,0.0,0.0,0.0,0.0,0.0,0.0,0.0,0.0,0.0,0.0,0.0,0.0,0.0,0.0
HAPLN1,IL1RL1,0.0,0.0,0.0,0.0,0.0,0.0,0.0,0.0,0.0,0.0,0.0,0.0,0.0,0.0,0.0,0.0,0.0,0.0,0.0,0.0,0.009503209077760774,0.03191595898999238,0.0,0.012623754341075552,0.0,0.0,0.0,0.0,0.0,0.0,0.0,0.0,0.0,0.0,0.0,0.0
SEMA3G,FCGR2A,0.0,0.8297530668122428,0.6601803807848429,0.5969777983198756,0.7534316386047163,0.6328198367899114,0.0,0.4144566910607474,0.2448840050333475,0.18168142256838024,0.33813526285322093,0.21752346103841608,0.0,0.2778338597755082,0.10826117374810829,0.04505859128314101,0.20151243156798168,0.08090062975317686,0.0,0.28160557374115147,0.11203288771375156,0.04883030524878428,0.20528414553362495,0.08467234371882013,0.0,0.0,0.0,0.0,0.0,0.0,0.0,0.0,0.0,0.0,0.0,0.0
VCAM1,VCAM1,0.0,0.0,0.0,0.0,0.0,0.0,0.0,0.0,0.0,0.0,0.0,0.0,0.0,0.0,0.05009785904941789,0.030210418412108066,0.05173857606155276,0.03331681605497822,0.0,0.0,0.030210418412108066,0.01032297777479824,0.031851135424242935,0.013429375417668397,0.0,0.0,0.05173857606155276,0.031851135424242935,0.053379293073687634,0.03495753306711309,0.0,0.0,0.03331681605497822,0.013429375417668397,0.03495753306711309,0.016535773060538553
CCL5,ACKR4,0.0,0.0,0.0,0.0,0.0,0.0,0.0,0.0,0.17551818867900626,0.16580532916954585,0.18079109314390293,0.0,0.0,0.0,0.15290278052709189,0.14318992101763148,0.15817568499198856,0.0,0.0,0.0,0.041715227688104324,0.03200236817864391,0.046988132153000975,0.0,0.0,0.0,0.22145753685023561,0.2117446773407752,0.2267304413151323,0.0,0.0,0.0,0.10723175196022655,0.09751889245076613,0.1125046564251232,0.0
FLT4,FCRL1,0.0,0.0,0.0,0.0,0.0,0.0,0.0,0.0,0.0,0.0,0.0,0.0,0.0,0.0,0.0,0.0,0.0,0.0,0.0,0.0,0.0,0.0,0.0,0.0,0.0,0.0,0.0,0.0,0.0,0.0,0.0,0.0,0.0,0.0,0.0,0.0
CRLF1,LIFR,0.0,0.0,0.0,0.0,0.0,0.0,0.0,0.0,0.0,0.0,0.0,0.0,0.0,0.34512862072412265,0.22689013572103048,0.22014606887900695,0.0,0.0,0.0,0.2403465051001833,0.12210802009709107,0.11536395325506756,0.0,0.0,0.0,0.23962271684094477,0.12138423183785257,0.11464016499582906,0.0,0.0,0.0,0.1821259693665938,0.06388748436350158,0.05714341752147807,0.0,0.0
PCSK9,CD36,0.0,0.0,0.0,0.0,0.0,0.0,0.0,0.0,0.0,0.0,0.0,0.0,0.0,0.0,0.0,0.0,0.0,0.0,0.0,0.0,0.0,0.0,0.0,0.0,0.0,0.0,0.0,0.0,0.0,0.0,0.0,0.0,0.0,0.0,0.0,0.0
THBS1,GP9,0.0,0.0,0.0,0.0,0.0,0.0,0.0,0.0,0.0,0.0,0.0,0.0,0.0,0.0,0.0,0.0,0.0,0.0,0.0,0.0,0.0,0.0,0.0,0.0,0.0,0.0,0.0,0.0,0.0,0.0,0.0,0.0,0.0,0.0,0.0,0.0
EFNB2,FCRL1,0.0,0.0,0.0,0.0,0.0,0.0,0.0,0.0,0.0,0.0,0.0,0.0,0.0,0.0,0.0,0.0,0.0,0.0,0.0,0.0,0.0,0.0,0.0,0.0,0.0,0.0,0.0,0.0,0.0,0.0,0.0,0.0,0.0,0.0,0.0,0.0
VCAN,LDLR,0.0,0.0,0.7326518546146561,0.7453143866757869,0.7553371222395646,0.7481137427416715,0.0,0.0,0.5289889908151523,0.541651522876283,0.5516742584400608,0.5444508789421676,0.0,0.0,0.5873202066344908,0.5999827386956216,0.6100054742593993,0.6027820947615061,0.0,0.0,0.07969909431032152,0.09236162637145227,0.10238436193522998,0.09516098243733685,0.0,0.0,0.2352500466999557,0.24791257876108647,0.25793531432486416,0.2507119348269711,0.0,0.0,0.21814589930868966,0.23080843136982043,0.24083116693359813,0.233607787435705
CEACAM5,CEACAM6,0.0,0.0,0.0,0.0,0.0,0.0,0.0,0.0,0.0,0.0,0.0,0.0,0.0,0.0,0.0,0.0,0.0,0.0,0.0,0.0,0.0,0.0,0.0,0.0,0.0,0.0,0.0,0.0,0.0,0.0,0.0,0.0,0.0,0.0,0.0,0.0
CEACAM6,CEACAM5,0.0,0.0,0.0,0.0,0.0,0.0,0.0,0.0,0.0,0.0,0.0,0.0,0.0,0.0,0.0,0.0,0.0,0.0,0.0,0.0,0.0,0.0,0.0,0.0,0.0,0.0,0.0,0.0,0.0,0.0,0.0,0.0,0.0,0.0,0.0,0.0
CCN1,ITGA6,0.0,0.672001736504691,0.5819901555896284,0.604668017360639,0.5824448241476428,0.0,0.0,0.687555364200047,0.5975437832849845,0.6202216450559951,0.5979984518429988,0.0,0.0,0.49785822154596077,0.4078466406308982,0.4305245024019088,0.4083013091889125,0.0,0.0,0.23169194293180623,0.14168036201674364,0.16435822378775425,0.14213503057475793,0.0,0.0,0.2848820642271735,0.19487048331211093,0.21754834508312154,0.19532515187012522,0.0,0.0,0.24697642837251937,0.15696484745745679,0.1796427092284674,0.15741951601547108,0.0
CCL3L1,CCR4,0.0,0.0,0.0,0.0,0.0,0.0,0.0,0.0,0.0,0.0,0.0,0.0,0.0,0.0,0.0,0.017437986285630893,0.0,0.0,0.0,0.0,0.0,0.004149993375335195,0.0,0.0,0.0,0.0,0.0,0.015767446856116054,0.0,0.0,0.0,0.0,0.0,0.011570420606411495,0.0,0.0
CTSG,CXCL12,0.0,0.0,0.0,0.0,0.0,0.0,0.0,0.47769203356334144,0.33017236767181773,0.20483532015165373,0.2418479935865952,0.2651849176976588,0.0,0.328998801322484,0.1814791354309603,0.0561420879107963,0.09315476134573775,0.11649168545680136,0.0,0.3163057747904402,0.1687861088989165,0.04344906137875249,0.08046173481369394,0.10379865892475754,0.0,0.0,0.0,0.0,0.0,0.0,0.0,0.0,0.0,0.0,0.0,0.0
KDR,FLT1,0.0,0.0,0.0,0.0,0.0,0.0,0.0,0.0,0.0,0.0,0.0,0.0,0.5775382303329836,0.4451454236667456,0.04804748799427446,0.07539395476645118,0.09085775352108934,0.08949944769304657,0.5829934701780825,0.45060066351184447,0.05350272783937336,0.08084919461155007,0.09631299336618825,0.09495468753814548,0.5913162461498327,0.45892343948359476,0.06182550381112366,0.08917197058330037,0.10463576933793853,0.10327746350989578,0.574501260844144,0.44210845417790595,0.045010518505434874,0.07235698527761159,0.08782078403224974,0.086462478204207
KDR,CDH5,0.0,0.0,0.0,0.0,0.0,0.0,0.0,0.0,0.0,0.0,0.0,0.0,0.0,0.4297313474747072,0.059656968317836165,0.07691161023659238,0.03291064856093219,0.03170342024942087,0.0,0.4351865873198061,0.06511220816293507,0.08236685008169128,0.03836588840603109,0.03715866009451978,0.0,0.4435093632915564,0.07343498413468535,0.09068962605344157,0.04668866437778138,0.04548143606627006,0.0,0.42669437798586757,0.05661999882899658,0.07387464074775278,0.029873679072092596,0.028666450760581278
CXCL8,MMP9,0.0,0.0,0.0,0.0,0.0,0.0,0.0,0.0,0.0,0.0,0.0,0.0,0.0,0.0,0.0,0.0168185738197002,0.1665218935295533,0.0,0.0,0.0,0.0,0.008824918165770029,0.15852823787562315,0.0,0.0,0.0,0.0,0.020593184599449768,0.17029650430930288,0.0,0.0,0.0,0.0,0.0,0.0,0.0
CCL22,CCR7,0.0,0.0,0.0,0.0,0.0,0.0,0.0,0.0,0.0,0.0,0.0,0.0,0.0,0.0,0.04281192730708294,0.023340898262758078,0.06434205712412357,0.0,0.0,0.0,0.02563402728774856,0.006162998243423694,0.04716415710478918,0.0,0.0,0.0,0.05369608821412318,0.034225059169798316,0.0752262180311638,0.0,0.0,0.0,0.0,0.0,0.0,0.0
FLT4,KDR,0.0,0.0,0.0,0.0,0.0,0.0,0.0,0.0,0.08281508913959365,0.08827032898469256,0.09659310495644285,0.07977811965075407,0.0,0.0,0.0738233090883278,0.0792785489334267,0.087601324905177,0.07078633959948821,0.0,0.0,0.0508113530577667,0.0562665929028656,0.06458936887461589,0.047774383568927103,0.0,0.0,0.04086793870004683,0.04632317854514574,0.05464595451689603,0.037830969211207245,0.0,0.0,0.03553256459721861,0.04098780444231752,0.0493105804140678,0.032495595108379016
KDR,FLT4,0.0,0.0,0.0,0.0,0.0,0.0,0.0,0.0,0.0,0.0,0.0,0.0,0.0,0.08281508913959365,0.0738233090883278,0.0508113530577667,0.04086793870004683,0.03553256459721861,0.0,0.08827032898469256,0.0792785489334267,0.0562665929028656,0.04632317854514574,0.04098780444231752,0.0,0.09659310495644285,0.087601324905177,0.06458936887461589,0.05464595451689603,0.0493105804140678,0.0,0.07977811965075407,0.07078633959948821,0.047774383568927103,0.037830969211207245,0.032495595108379016
THBS1,MMP2,0.0,0.0,0.0,0.0,0.0,0.0,0.0,0.8557607531547546,0.9258579425748845,0.6361883721600486,0.6727871576646216,0.7475391858583921,0.0,0.5812598911428752,0.6513570805630052,0.3616875101481693,0.3982862956527423,0.47303832384651273,0.0,0.3733834789739296,0.4434806683940596,0.15381109797922363,0.19040988348379667,0.2651619116775671,0.0,0.42190878530193987,0.49200597472206986,0.2023364043072339,0.23893518981180695,0.31368721800557736,0.0,0.5275673503999586,0.5976645398200886,0.30799496940525267,0.3445937549098257,0.4193457831035961
NPPA,MME,0.0,0.0,0.0,0.0,0.0,0.0,0.0,0.0,0.0,0.0,0.0,0.0,0.0,0.0,0.0,0.0,0.0,0.0,0.0,0.0,0.0,0.0,0.0,0.0,0.0,0.0,0.0,0.0,0.0,0.0,0.0,0.0,0.0,0.0,0.0,0.0
THBS1,MMP9,0.0,0.0,0.0,0.0,0.0,0.0,0.0,0.0,0.0,0.535437319385525,0.685140639095378,0.0,0.0,0.0,0.0,0.2609364573736456,0.41063977708349875,0.0,0.0,0.0,0.0,0.05306004520469996,0.20276336491455307,0.0,0.0,0.0,0.0,0.10158535153271023,0.2512886712425633,0.0,0.0,0.0,0.0,0.207243916630729,0.3569472363405821,0.0
SFTPA1,SFTPA2,0.0,0.0,0.0,0.0,0.0,0.0,0.0,0.0,0.0,0.0,0.0,0.0,0.0,0.0,0.0,0.0,0.0,0.0,0.0,0.0,0.0023688278246157372,0.0,0.0,0.0,0.0,0.0,0.0,0.0,0.0,0.0,0.0,0.0,0.0,0.0,0.0,0.0
KDR,PLCG2,0.0,0.0,0.0,0.0,0.0,0.0,0.0,0.0,0.0,0.0,0.0,0.0,0.0,0.15756092301334243,0.047742186301204574,0.03185491500325975,0.028899061468181237,0.0,0.0,0.16301616285844134,0.053197426146303475,0.03731015484835866,0.03435430131328014,0.0,0.0,0.17133893883019163,0.06152020211805377,0.04563293082010895,0.04267707728503043,0.0,0.0,0.15452395352450285,0.04470521681236499,0.028817945514420164,0.025862091979341646,0.0
IFNG,TNF,0.0,0.0,0.0,0.0,0.0,0.0,0.0,0.0,0.0,0.0,0.0,0.0,0.0,0.0,0.0,0.0,0.0,0.0,0.0,0.0,0.0,0.0,0.0,0.0,0.0,0.0,0.0,0.0,0.0,0.0,0.0,0.0,0.0,0.0,0.0,0.0
PRSS3,F2RL3,0.0,0.0,0.0,0.0,0.0,0.0,0.0,0.12254226207733154,0.06637025142769258,0.08097496175470383,0.06865313962886208,0.07732970389452848,0.0,0.0,0.0,0.0,0.0,0.0,0.0,0.06244728248680718,0.006275271837168217,0.02087998216417946,0.008558160038337715,0.01723472430400411,0.0,0.0,0.0,0.0,0.0,0.0,0.0,0.0,0.0,0.0,0.0,0.0
CSF1,TNF,0.0,0.0,0.0,0.5560609659661598,0.0,0.0,0.0,0.0,0.0,0.0,0.0,0.0,0.0,0.0,0.0,0.06281971975994519,0.0,0.0,0.0,0.0,0.0,0.02650086269269199,0.0,0.0,0.0,0.0,0.0,0.015969342626423143,0.0,0.0,0.0,0.0,0.0,0.015146973387826739,0.0,0.0
KDR,HSP90AA1,0.0,0.0,0.0,0.0,0.0,0.0,0.0,0.0,0.0,0.0,0.0,0.0,0.0,0.5075179804212665,0.33317234477843627,0.6946719241825879,0.5048236997478786,0.3194575094314943,0.0,0.5129732202663655,0.33862758462353515,0.7001271640276868,0.5102789395929774,0.3249127492765932,0.0,0.5212959962381157,0.34695036059528545,0.7084499399994371,0.5186017155647278,0.3332355252483435,0.0,0.5044810109324269,0.33013537528959663,0.6916349546937484,0.501786730259039,0.3164205399426547
THBS1,ELANE,0.0,0.0,0.0,0.0,0.0,0.0,0.0,0.0,0.5369385450445778,0.5285258705895884,0.0,0.0,0.0,0.0,0.26243768303269843,0.2540250085777091,0.0,0.0,0.0,0.0,0.05456127086375279,0.04614859640876345,0.0,0.0,0.0,0.0,0.10308657719176305,0.09467390273677372,0.0,0.0,0.0,0.0,0.2087451422897818,0.20033246783479247,0.0,0.0
AREG,MMP9,0.0,0.0,0.0,0.0,0.0,0.0,0.0,0.0,0.0,0.0,0.0,0.0,0.0,0.0,0.0,0.0,0.0,0.0,0.0,0.0,0.0,0.008578628605277833,0.15828194831513093,0.0,0.0,0.0,0.0,0.0,0.0,0.0,0.0,0.0,0.0,0.0,0.0,0.0
IL1RN,IL2RA,0.0,0.0,0.0,0.0,0.0,0.0,0.0,0.0,0.0,0.0,0.0,0.0,0.0,0.0,0.0,0.0,0.0,0.0,0.0,0.0,0.03391595617816301,0.01953431840628393,0.0519923534504391,0.033306237452038645,0.0,0.0,0.07752897088181465,0.06314733310993557,0.09560536815409075,0.07691925215569029,0.0,0.0,0.03449179915104003,0.020110161379160947,0.052568196423316116,0.03388208042491566
CCL1,ACKR4,0.0,0.0,0.0,0.0,0.0,0.0,0.0,0.0,0.0,0.0,0.0,0.0,0.0,0.0,0.0,0.0,0.0,0.0,0.0,0.0,0.0,0.0,0.0,0.0,0.0,0.0,0.0,0.0,0.0,0.0,0.0,0.0,0.0,0.0,0.0,0.0
CTSG,F2RL3,0.0,0.0,0.0,0.0,0.0,0.0,0.0,0.2260379535811288,0.16986594293148985,0.1844706532585011,0.17214883113265933,0.18082539539832573,0.0,0.07734472134027137,0.021172710690632403,0.03577742101764365,0.0234555988918019,0.032132163157468294,0.0,0.06465169480822755,0.008479684158588593,0.023084394485599836,0.010762572359758091,0.019439136625424486,0.0,0.0,0.0,0.0,0.0,0.0,0.0,0.0,0.0,0.0,0.0,0.0
PRSS2,F2RL3,0.0,0.0,0.0,0.0,0.0,0.0,0.0,0.0,0.0,0.0,0.0,0.0,0.0,0.06758307309514547,0.011411062445506513,0.026015772772517758,0.013693950646676011,0.022370514912342408,0.0,0.10971390501143977,0.05354189436180081,0.06814660468881206,0.05582478256297031,0.0645013468286367,0.0,0.07509887950462207,0.018926868854983115,0.033531579181994356,0.021209757056152613,0.02988632132181901,0.0,0.09192047119140626,0.03574846054176729,0.05035317086877853,0.03803134874293679,0.04670791300860318
PRSS1,F2RL3,0.0,0.0,0.0,0.0,0.0,0.0,0.0,0.0,0.0,0.0,0.0,0.0,0.0,0.06407919466256137,0.007907184012922418,0.022511894339933662,0.010190072214091916,0.018866636479758312,0.0,0.07376711784315261,0.017595107193513652,0.03219981752052489,0.01987799539468315,0.028554559660349546,0.0,0.0,0.0,0.0,0.0,0.0,0.0,0.0,0.0,0.0,0.0,0.0
THBS4,CD36,0.0,0.0,0.0,0.0,0.0,0.0,0.0,0.0,0.0,0.0,0.0,0.0,0.0,0.0,0.06876491327362366,0.05000989208556708,0.10102907060644536,0.0,0.0,0.0,0.03185490656566421,0.01309988537760762,0.0641190638984859,0.0,0.0,0.0,0.0386523008472545,0.019897279659197912,0.07091645818007619,0.0,0.0,0.0,0.0,0.0,0.0,0.0
MDK,PTPRB,0.0,0.0,0.0,0.0,0.0,0.0,0.0,0.7017812643732343,0.6252199397029647,0.6376596029299997,0.6165028475878531,0.6163698586550626,0.0,0.8152716589329643,0.7387103342626947,0.7511499974897297,0.7299932421475831,0.7298602532147925,0.0,1.3108808869265829,1.2343195622563132,1.2467592254833482,1.2256024701412016,1.225469481208411,0.0,0.7575301050691676,0.6809687803988981,0.693408443625933,0.6722516882837865,0.6721186993509959,0.0,0.5638237933059791,0.4872624686357095,0.4997021318627445,0.4785453765205979,0.4784123875878074
CSF2,CSF2,0.0,0.0,0.0,0.0,0.0,0.0,0.0,0.0,0.0,0.0,0.0,0.0,0.0,0.0,0.0,0.0,0.0,0.0,0.0,0.0,0.0,0.00918722040027475,0.0,0.0,0.0,0.0,0.0,0.0,0.0,0.0,0.0,0.0,0.0,0.0,0.0,0.0
IHH,GAS1,0.0,0.0,0.0,0.0,0.0,0.0,0.0,0.0,0.0,0.0,0.0,0.0,0.0,0.0,0.0,0.0,0.0,0.0,0.0,0.0,0.03605742387447672,0.005312618791047285,0.06240524058305297,0.014934766701129181,0.0,0.0,0.0,0.0,0.0,0.0,0.0,0.0,0.0,0.0,0.0,0.0
IFNG,IFNG,0.0,0.0,0.0,0.0,0.0,0.0,0.0,0.0,0.0,0.0,0.0,0.0,0.0,0.0,0.0,0.0,0.0,0.0,0.0,0.0,0.0,0.0,0.0,0.0,0.0,0.0,0.0,0.0,0.0,0.0,0.0,0.0,0.0,0.0,0.0,0.0
IL13,IL13,0.0,0.0,0.0,0.0,0.0,0.0,0.0,0.0,0.0,0.0,0.0,0.0,0.0,0.0,0.0,0.0,0.0,0.0,0.0,0.0,0.0,0.0,0.0,0.0,0.0,0.0,0.0,0.0,0.0,0.0,0.0,0.0,0.0,0.0,0.0,0.0
IL1A,IL1B,0.0,0.0,0.0,0.0,0.0,0.0,0.0,0.0,0.0,0.0,0.0,0.0,0.0,0.0,0.0,0.0,0.0,0.0,0.0,0.0,0.0,0.0,0.0,0.0,0.0,0.0,0.0,0.0,0.0,0.0,0.0,0.0,0.0,0.0,0.0,0.0
IL1B,IL1B,0.0,0.0,0.0,0.0,0.0,0.0,0.0,0.0,0.0,0.0,0.0,0.0,0.0,0.0,0.009497676029741525,0.00654473333387565,0.0,0.0,0.0,0.0,0.00654473333387565,0.0035917906380097753,0.0,0.0,0.0,0.0,0.0,0.0,0.0,0.0,0.0,0.0,0.0,0.0,0.0,0.0
IL1RN,IL1B,0.0,0.0,0.0,0.0,0.0,0.0,0.0,0.0,0.0,0.0,0.0,0.0,0.0,0.0,0.0,0.0,0.0,0.0,0.0,0.0,0.021661227567905943,0.018708284872040067,0.0,0.0,0.0,0.0,0.06527424227155759,0.06232129957569172,0.0,0.0,0.0,0.0,0.02223707054078296,0.019284127844917086,0.0,0.0
IL2,IL2,0.0,0.0,0.0,0.0,0.0,0.0,0.0,0.0,0.0,0.0,0.0,0.0,0.0,0.0,0.0,0.0,0.0,0.0,0.0,0.0,0.0,0.0,0.0,0.0,0.0,0.0,0.0,0.0,0.0,0.0,0.0,0.0,0.0,0.0,0.0,0.0
IL22,IL22,0.0,0.0,0.0,0.0,0.0,0.0,0.0,0.0,0.0,0.0,0.0,0.0,0.0,0.0,0.0,0.0,0.0,0.0,0.0,0.0,0.0,0.0,0.0,0.0,0.0,0.0,0.0,0.0,0.0,0.0,0.0,0.0,0.0,0.0,0.0,0.0
IL6,IL6,0.0,0.0,0.0,0.0,0.0,0.0,0.0,0.0,0.0,0.0,0.0,0.0,0.0,0.0,0.03342783498955539,0.01821850277704701,0.04859953933527142,0.0,0.0,0.0,0.01821850277704701,0.0030091705645386314,0.033390207122763034,0.0,0.0,0.0,0.04859953933527142,0.033390207122763034,0.06377124368098744,0.0,0.0,0.0,0.0,0.0,0.0,0.0
CLU,TYROBP,1.393139898777008,1.0821152670042855,1.1192504596039952,0.8738999270321607,1.4294981747342828,0.9017153111371127,2.3754652568272183,2.0644406250544955,2.101575817654205,1.8562252850823708,2.411823532784493,1.8840406691873228,2.07753606876695,1.7665114369942276,1.8036466295939373,1.5582960970221027,2.113894344724225,1.586111481127055,2.738991454957072,2.4279668231843496,2.4651020157840593,2.2197514832122245,2.7753497309143467,2.2475668673171767,1.9315555848573382,1.6205309530846157,1.6576661456843254,1.412315613112491,1.9679138608146132,1.440130997217443,1.6632142202420668,1.3521895884693442,1.3893247810690539,1.1439742484972193,1.6995724961993415,1.1717896326021715
ICOS,CD40LG,0.0,0.0,0.0,0.0,0.0,0.0,0.0,0.0,0.0,0.0,0.0,0.0,0.0,0.0,0.0,0.0,0.0,0.0,0.0,0.0,0.005356147296682501,0.0003763452929593467,0.0,0.0,0.0,0.0,0.0,0.0,0.0,0.0,0.0,0.0,0.0,0.0,0.0,0.0
CCL26,CXCR6,0.0,0.0,0.0,0.0,0.0,0.0,0.0,0.0,0.0,0.0,0.0,0.0,0.0,0.0,0.023905731348627543,0.02040629686903032,0.03551222878791545,0.042036011259065746,0.0,0.0,0.01054095764085479,0.007041523161257569,0.022147455080142694,0.028671237551292993,0.0,0.0,0.02102227040663554,0.017522835927038318,0.032628767845923445,0.039152550317073744,0.0,0.0,0.0,0.0,0.0,0.0
VEGFA,MMP9,0.0,0.0,0.0,0.0,0.0,0.0,0.0,0.0,0.0,0.0,0.0,0.0,0.0,0.0,0.0,0.05069460054968226,0.20039792025953537,0.0,0.0,0.0,0.0,0.2266035318089269,0.37630685151878,0.0,0.0,0.0,0.0,0.06121331134460684,0.21091663105445996,0.0,0.0,0.0,0.0,0.0318754710609103,0.18157879077076342,0.0
OSM,CXCL10,0.0,0.0,0.0,0.0,0.0,0.0,0.0,0.0,0.0,0.0,0.0,0.0,0.0,0.0,0.0,0.0,0.0,0.0,0.0,0.0,0.003784859567119511,0.003920660304578317,0.0,0.0,0.0,0.0,0.0,0.0,0.0,0.0,0.0,0.0,0.0,0.0,0.0,0.0
THBS1,VCAM1,0.0,0.0,0.0,0.0,0.0,0.0,0.0,0.0,0.5533261223216885,0.5334386816843787,0.5549668393338234,0.5365450793272489,0.0,0.0,0.2788252603098092,0.2589378196724994,0.28046597732194406,0.26204421731536953,0.0,0.0,0.07094884814086355,0.05106140750355372,0.07258956515299841,0.05416780514642388,0.0,0.0,0.11947415446887381,0.09958671383156399,0.12111487148100869,0.10269311147443415,0.0,0.0,0.22513271956689257,0.20524527892958275,0.22677343657902743,0.2083516765724529
IFNG,TYMS,0.0,0.0,0.0,0.0,0.0,0.0,0.0,0.0,0.0,0.0,0.0,0.0,0.0,0.0,0.0,0.0,0.0,0.0,0.0,0.0,0.0,0.0,0.0,0.0,0.0,0.0,0.0,0.0,0.0,0.0,0.0,0.0,0.0,0.0,0.0,0.0
CSF1,VEGFA,0.0,0.0,0.5995287461931925,0.7754376774524372,0.6100474569881171,0.5807096167044206,0.0,0.0,0.0,0.0,0.0,0.0,0.0,0.0,0.10628749998697795,0.2821964312462226,0.11680621078190254,0.087468370498206,0.0,0.0,0.06996864291972474,0.24587757417896938,0.08048735371464932,0.05114951343095279,0.0,0.0,0.0594371228534559,0.23534605411270054,0.06995583364838048,0.04061799336468394,0.0,0.0,0.058614753614859495,0.23452368487410413,0.06913346440978407,0.03979562412608754
VEGFA,CSF1,0.0,0.0,0.0,0.0,0.0,0.0,0.0,0.0,0.0,0.0,0.0,0.0,0.5995287461931925,0.0,0.10628749998697795,0.06996864291972474,0.0594371228534559,0.058614753614859495,0.7754376774524372,0.0,0.2821964312462226,0.24587757417896938,0.23534605411270054,0.23452368487410413,0.6100474569881171,0.0,0.11680621078190254,0.08048735371464932,0.06995583364838048,0.06913346440978407,0.5807096167044206,0.0,0.087468370498206,0.05114951343095279,0.04061799336468394,0.03979562412608754
CSF2,FLT1,0.0,0.0,0.0,0.0,0.0,0.0,0.0,0.0,0.0,0.0,0.0,0.0,0.0,0.0,0.0,0.0,0.0,0.0,0.560587882432193,0.42819507576595506,0.031097140093483952,0.05844360686566067,0.07390740562029884,0.07254909979225607,0.0,0.0,0.0,0.0,0.0,0.0,0.0,0.0,0.0,0.0,0.0,0.0
IFNG,CD74,0.0,0.0,0.0,0.0,0.0,0.0,0.0,0.0,0.0,0.0,0.0,0.0,0.0,0.0,0.0,0.0,0.0,0.0,0.0,0.0,0.0,0.0,0.0,0.0,0.0,0.0,0.0,0.0,0.0,0.0,0.0,0.0,0.0,0.0,0.0,0.0
CCL1,CCR7,0.0,0.0,0.0,0.0,0.0,0.0,0.0,0.0,0.0,0.0,0.0,0.0,0.0,0.0,0.0,0.0,0.0,0.0,0.0,0.0,0.0,0.0,0.0,0.0,0.0,0.0,0.0,0.0,0.0,0.0,0.0,0.0,0.0,0.0,0.0,0.0
IL6,IL17A,0.0,0.0,0.0,0.0,0.0,0.0,0.0,0.0,0.0,0.0,0.0,0.0,0.0,0.0,0.0,0.0,0.0,0.0,0.0,0.0,0.0,0.0,0.0,0.0,0.0,0.0,0.0,0.0,0.0,0.0,0.0,0.0,0.0,0.0,0.0,0.0
IL10,PTGS2,0.0,0.0,0.0,0.0,0.0,0.0,0.0,0.0,0.0,0.0,0.0,0.0,0.0,0.1762375761159042,0.012922020322347742,0.009612390897519698,0.0,0.018254639498288285,0.0,0.17382693019770742,0.010511374404150951,0.007201744979322908,0.0,0.015843993580091493,0.0,0.18307467107486008,0.0197591152813036,0.016449485856475557,0.0,0.025091734457244143,0.0,0.0,0.0,0.0,0.0,0.0
CXCL1,CXCR6,0.0,0.0,0.0,0.0,0.0,0.0,0.0,0.0,0.0,0.0,0.0,0.0,0.0,0.0,0.0,0.0,0.0,0.0,0.0,0.0,0.005818926131121952,0.0023194916515247316,0.017425423570409854,0.02394920604156016,0.0,0.0,0.0,0.0,0.0,0.0,0.0,0.0,0.0,0.0,0.0,0.0
VWF,THBS1,0.0,1.4096914870398385,1.135190625027959,0.9273142128590135,0.9758395191870237,1.0814980842850426,0.0,1.886382247720446,1.6118813857085665,1.404004973539621,1.4525302798676312,1.55818884496565,0.0,0.9698280553946328,0.6953271933827534,0.4874507812138078,0.535976087541818,0.6416346526398369,0.0,0.778440880728309,0.5039400187164296,0.296063606547484,0.34458891287549426,0.450247477973513,0.0,0.9997205693172033,0.725219707305324,0.5173432951363783,0.5658686014643887,0.6715271665624074,0.0,0.6823811156409127,0.40788025362903335,0.2000038414600877,0.24852914778809798,0.3541877128861167
XCL2,CCR7,0.0,0.0,0.0,0.0,0.0,0.0,0.0,0.0,0.0,0.0,0.0,0.0,0.0,0.0,0.03674004786464584,0.01726901882032097,0.058270177681686464,0.0,0.0,0.0,0.022126623052404405,0.0026555940080795364,0.04365675286944502,0.0,0.0,0.0,0.0,0.0,0.0,0.0,0.0,0.0,0.0,0.0,0.0,0.0
XCL1,CCR4,0.0,0.0,0.0,0.0,0.0,0.0,0.0,0.0,0.0,0.0,0.0,0.0,0.0,0.0,0.0,0.0,0.0,0.0,0.0,0.0,0.0,0.0005962980443302139,0.0,0.0,0.0,0.0,0.0,0.009609905371952537,0.0,0.0,0.0,0.0,0.0,0.0,0.0,0.0
CSF2,PLAU,0.0,0.0,0.0,0.0,0.0,0.0,0.0,0.0,0.0,0.0,0.0,0.0,0.0,0.0,0.0,0.0,0.0,0.0,0.0,0.09835254238190443,0.06065172427302132,0.04135877534238589,0.07633165618955876,0.0,0.0,0.0,0.0,0.0,0.0,0.0,0.0,0.0,0.0,0.0,0.0,0.0
STC1,TNF,0.0,0.0,0.0,0.0,0.0,0.0,0.0,0.0,0.0,0.35916361252137924,0.0,0.0,0.0,0.0,0.0,0.012985861651041673,0.0,0.0,0.0,0.0,0.0,0.01446203981120786,0.0,0.0,0.0,0.0,0.0,0.041238142006675374,0.0,0.0,0.0,0.0,0.0,0.008334580264373425,0.0,0.0
CSF2,CD1A,0.0,0.0,0.0,0.0,0.0,0.0,0.0,0.0,0.0,0.0,0.0,0.0,0.0,0.0,0.0,0.0,0.0,0.0,0.0,0.0,0.009713528540797378,0.00514130235420759,0.018479829776922814,0.0,0.0,0.0,0.0,0.0,0.0,0.0,0.0,0.0,0.0,0.0,0.0,0.0
CSF2,MMP9,0.0,0.0,0.0,0.0,0.0,0.0,0.0,0.0,0.0,0.0,0.0,0.0,0.0,0.0,0.0,0.0,0.0,0.0,0.0,0.0,0.0,0.01175373678868273,0.16145705649853584,0.0,0.0,0.0,0.0,0.0,0.0,0.0,0.0,0.0,0.0,0.0,0.0,0.0
IFNG,PTGS2,0.0,0.0,0.0,0.0,0.0,0.0,0.0,0.0,0.0,0.0,0.0,0.0,0.0,0.0,0.0,0.0,0.0,0.0,0.0,0.0,0.0,0.0,0.0,0.0,0.0,0.0,0.0,0.0,0.0,0.0,0.0,0.0,0.0,0.0,0.0,0.0
CXCL8,CCR6,0.0,0.0,0.0,0.0,0.0,0.0,0.0,0.0,0.0,0.0,0.0,0.0,0.0,0.0,0.01813714930331372,0.014233369630040012,0.025969207034859894,0.0,0.0,0.0,0.01014349364938355,0.006239713976109845,0.017975551380929725,0.0,0.0,0.0,0.021911760083063288,0.01800798040978958,0.029743817814609462,0.0,0.0,0.0,0.0,0.0,0.0,0.0
CTSG,THBD,0.0,0.0,0.0,0.0,0.0,0.0,0.0,0.7678192002432687,0.29558926229154114,0.19186190517664264,0.21030054026677794,0.20878282073256257,0.0,0.6191259680024113,0.1468960300506837,0.04316867293578522,0.0616073080259205,0.060089588491705134,0.0,0.6064329414703674,0.13420300351863987,0.030475646403741403,0.04891428149387669,0.047396561959661326,0.0,0.0,0.0,0.0,0.0,0.0,0.0,0.0,0.0,0.0,0.0,0.0
CCL2,TNF,0.0,0.0,0.0,0.0,0.0,0.0,0.0,0.0,0.0,0.0,0.0,0.0,0.0,0.0,0.0,0.1397627596540492,0.0,0.0,0.0,0.0,0.0,0.018951661656127057,0.0,0.0,0.0,0.0,0.0,0.13009667271629338,0.0,0.0,0.0,0.0,0.0,0.10295249704345806,0.0,0.0
IL13,CXCL12,0.0,0.0,0.0,0.0,0.0,0.0,0.0,0.0,0.0,0.0,0.0,0.0,0.0,0.0,0.0,0.0,0.0,0.0,0.0,0.0,0.0,0.0,0.0,0.0,0.0,0.0,0.0,0.0,0.0,0.0,0.0,0.0,0.0,0.0,0.0,0.0
IL10,VEGFA,0.0,0.0,0.0,0.0,0.0,0.0,0.0,0.0,0.0,0.0,0.0,0.0,0.0,0.0,0.04604148936558918,0.22195042062483383,0.05656020016051377,0.027222359876817228,0.0,0.0,0.043630843447392396,0.21953977470663705,0.05414955424231698,0.024811713958620436,0.0,0.0,0.05287858432454504,0.22878751558378968,0.06339729511946962,0.034059454835773086,0.0,0.0,0.0,0.0,0.0,0.0
PPBP,CCR4,0.0,0.0,0.0,0.0,0.0,0.0,0.0,0.0,0.0,0.0,0.0,0.0,0.0,0.0,0.0,0.0,0.0,0.0,0.0,0.0,0.0,0.0006625062815539527,0.0,0.0,0.0,0.0,0.0,0.0,0.0,0.0,0.0,0.0,0.0,0.010425257157037383,0.0,0.0
CXCL2,CXCR6,0.0,0.0,0.0,0.0,0.0,0.0,0.0,0.0,0.39737984939888166,0.39388041491928444,0.40898634683816953,0.41551012930931985,0.0,0.0,0.029295387756393614,0.025795953276796395,0.04090188519568152,0.04742566766683182,0.0,0.0,0.024798080169896576,0.021298645690299357,0.03640457760918448,0.04292836008033478,0.0,0.0,0.06850381354604304,0.06500437906644582,0.08011031098533095,0.08663409345648125,0.0,0.0,0.03196491737703461,0.028465482897437385,0.04357141481632251,0.05009519728747281
CXCL13,CCR6,0.0,0.0,0.0,0.0,0.0,0.0,0.0,0.0,0.0,0.0,0.0,0.0,0.0,0.0,0.0,0.0,0.0,0.0,0.0,0.0,0.009015352674320219,0.005111573001046512,0.01684741040586639,0.0,0.0,0.0,0.0,0.0,0.0,0.0,0.0,0.0,0.0,0.0,0.0,0.0
IL2,CXCL12,0.0,0.0,0.0,0.0,0.0,0.0,0.0,0.0,0.0,0.0,0.0,0.0,0.0,0.0,0.0,0.0,0.0,0.0,0.0,0.0,0.0,0.0,0.0,0.0,0.0,0.0,0.0,0.0,0.0,0.0,0.0,0.0,0.0,0.0,0.0,0.0
IL6,VEGFA,0.0,0.0,0.0,0.0,0.0,0.0,0.0,0.0,0.0,0.0,0.0,0.0,0.0,0.0,0.060248391455914596,0.23615732271515924,0.07076710225083918,0.04142926196714264,0.0,0.0,0.04503905924340622,0.22094799050265088,0.0555577700383308,0.02621992975463426,0.0,0.0,0.07542009580163062,0.2513290270608753,0.0859388065965552,0.056600966312858665,0.0,0.0,0.0,0.0,0.0,0.0
CCL8,CCR4,0.0,0.0,0.0,0.0,0.0,0.0,0.0,0.0,0.0,0.0,0.0,0.0,0.0,0.0,0.0,0.0036383328110452945,0.0,0.0,0.0,0.0,0.0,0.0010273229379253541,0.0,0.0,0.0,0.0,0.0,0.0,0.0,0.0,0.0,0.0,0.0,0.0,0.0,0.0
CD40LG,C3,0.0,0.0,0.0,0.0,0.0,0.0,0.0,0.0,0.0,0.0,0.0,0.0,0.6829341271794943,0.3991448841625702,0.9057701086423483,0.5030222576917506,0.7667909681078899,0.4549952042107166,0.6779543251757711,0.39416508215884705,0.9007903066386251,0.49804245568802746,0.7618111661041668,0.45001540220699343,0.0,0.0,0.0,0.0,0.0,0.0,0.0,0.0,0.0,0.0,0.0,0.0
CXCL14,CCR7,0.0,0.0,0.0,0.0,0.0,0.0,0.0,0.0,0.0,0.0,0.0,0.0,0.0,0.0,0.441846773806346,0.42237574476202117,0.4633769036233866,0.0,0.0,0.0,0.4083463181128618,0.38887528906853697,0.4298764479299024,0.0,0.0,0.0,0.4849557255531965,0.46548469650887164,0.5064858553702372,0.0,0.0,0.0,0.23628800447599085,0.21681697543166598,0.25781813429303146,0.0
CXCL11,CCR6,0.0,0.0,0.0,0.0,0.0,0.0,0.0,0.0,0.0,0.0,0.0,0.0,0.0,0.0,0.0,0.0,0.0,0.0,0.0,0.0,0.009495948682446562,0.0055921690091728544,0.017328006413992732,0.0,0.0,0.0,0.0,0.0,0.0,0.0,0.0,0.0,0.0,0.0,0.0,0.0
CXCL11,CXCR6,0.0,0.0,0.0,0.0,0.0,0.0,0.0,0.0,0.0,0.0,0.0,0.0,0.0,0.0,0.0,0.0,0.0,0.0,0.0,0.0,0.00613686812460423,0.0026374336450070094,0.01774336556389213,0.024267148035042433,0.0,0.0,0.0,0.0,0.0,0.0,0.0,0.0,0.0,0.0,0.0,0.0
CXCL12,CCR6,0.0,0.0,0.0,0.0,0.0,0.0,0.0,0.0,0.3214039130930373,0.3175001334197636,0.32923597082458345,0.0,0.0,0.0,0.17388424720151358,0.16998046752823986,0.18171630493305976,0.0,0.0,0.0,0.04854719968134958,0.044643420008075876,0.056379257412895754,0.0,0.0,0.0,0.08555987311629104,0.08165609344301733,0.0933919308478372,0.0,0.0,0.0,0.10889679722735464,0.10499301755408093,0.11672885495890081,0.0
CXCL9,CCR4,0.0,0.0,0.0,0.0,0.0,0.0,0.0,0.0,0.0,0.0,0.0,0.0,0.0,0.0,0.0,0.0,0.0,0.0,0.0,0.0,0.0,0.005732982754414654,0.0,0.0,0.0,0.0,0.0,0.020003772739144856,0.0,0.0,0.0,0.0,0.0,0.0,0.0,0.0
IL2,IDO1,0.0,0.0,0.0,0.0,0.0,0.0,0.0,0.0,0.0,0.0,0.0,0.0,0.0,0.0,0.0,0.0,0.0,0.0,0.0,0.0,0.0,0.0,0.0,0.0,0.0,0.0,0.0,0.0,0.0,0.0,0.0,0.0,0.0,0.0,0.0,0.0
CCL1,CXCR6,0.0,0.0,0.0,0.0,0.0,0.0,0.0,0.0,0.0,0.0,0.0,0.0,0.0,0.0,0.0,0.0,0.0,0.0,0.0,0.0,0.0,0.0,0.0,0.0,0.0,0.0,0.0,0.0,0.0,0.0,0.0,0.0,0.0,0.0,0.0,0.0
CCL11,PIK3C2G,0.0,0.0,0.0,0.0,0.0,0.0,0.0,0.0,0.0,0.0,0.0,0.0,0.0,0.0,0.0,0.0,0.0,0.0,0.0,0.0,0.0,0.0,0.0,0.0,0.0,0.0,0.0,0.0,0.0,0.0,0.0,0.0,0.0,0.0,0.0,0.0
IL1B,PLAUR,0.0,0.0,0.0,0.0,0.0,0.0,0.0,0.0,0.0,0.0,0.0,0.0,0.0,0.0,0.04733300951111269,0.022355795869101424,0.08363444138419877,0.01757944872362764,0.0,0.0,0.04438006681524682,0.01940285317323555,0.0806814986883329,0.014626506027761768,0.0,0.0,0.0,0.0,0.0,0.0,0.0,0.0,0.0,0.0,0.0,0.0
CCL7,CCR7,0.0,0.0,0.0,0.0,0.0,0.0,0.0,0.0,0.0,0.0,0.0,0.0,0.0,0.0,0.0,0.0,0.0,0.0,0.0,0.0,0.021289963786575505,0.001818934742250637,0.042820093603616126,0.0,0.0,0.0,0.0,0.0,0.0,0.0,0.0,0.0,0.0,0.0,0.0,0.0
XCL1,CCR7,0.0,0.0,0.0,0.0,0.0,0.0,0.0,0.0,0.0,0.0,0.0,0.0,0.0,0.0,0.0,0.0,0.0,0.0,0.0,0.0,0.02151492352566771,0.0020438944813428394,0.04304505334270833,0.0,0.0,0.0,0.03052853085329003,0.011057501808965163,0.05205866067033065,0.0,0.0,0.0,0.0,0.0,0.0,0.0
CSF3,MMP9,0.0,0.0,0.0,0.0,0.0,0.0,0.0,0.0,0.0,0.14317709150095992,0.292880411210813,0.0,0.0,0.0,0.0,0.0,0.0,0.0,0.0,0.0,0.0,0.0,0.0,0.0,0.0,0.0,0.0,0.0,0.0,0.0,0.0,0.0,0.0,0.0,0.0,0.0
IL1B,CSF1,0.0,0.0,0.0,0.0,0.0,0.0,0.0,0.0,0.0,0.0,0.0,0.0,0.5607431102469265,0.0,0.0675018640407118,0.031183006973458605,0.020651486907189757,0.019829117668593355,0.5577901675510606,0.0,0.06454892134484592,0.02823006427759273,0.017698544211323882,0.01687617497272748,0.0,0.0,0.0,0.0,0.0,0.0,0.0,0.0,0.0,0.0,0.0,0.0
CSF2,CDH11,0.0,0.0,0.0,0.0,0.0,0.0,0.0,0.0,0.0,0.0,0.0,0.0,0.0,0.0,0.0,0.0,0.0,0.0,0.560587882432193,0.1783241709115893,0.13810002460209947,0.028147807789762044,0.14101235642894105,0.11981094585777731,0.0,0.0,0.0,0.0,0.0,0.0,0.0,0.0,0.0,0.0,0.0,0.0
ADIPOQ,TNF,0.0,0.0,0.0,0.0,0.0,0.0,0.0,0.0,0.0,0.0,0.0,0.0,0.0,0.0,0.0,0.0,0.0,0.0,0.0,0.0,0.0,0.0,0.0,0.0,0.0,0.0,0.0,0.0,0.0,0.0,0.0,0.0,0.0,0.0,0.0,0.0
TNF,CDK6,0.0,0.0,0.0,0.0,0.0,0.0,0.0,0.0,0.0,0.0,0.0,0.0,0.0,0.0,0.0,0.0,0.0,0.0,0.0,0.0,0.012069580512004937,0.012011512115198946,0.013509270188500982,0.0,0.0,0.0,0.0,0.0,0.0,0.0,0.0,0.0,0.0,0.0,0.0,0.0
CCL4,CCR7,0.0,0.0,0.0,0.0,0.0,0.0,0.0,0.0,0.0,0.0,0.0,0.0,0.0,0.0,0.04660391233053552,0.027132883286210652,0.06813404214757614,0.0,0.0,0.0,0.032653514876709686,0.013182485832384815,0.0541836446937503,0.0,0.0,0.0,0.08597627659474939,0.06650524755042451,0.10750640641179002,0.0,0.0,0.0,0.06423290308133753,0.04476187403701266,0.08576303289837814,0.0
CXCL1,CCR7,0.0,0.0,0.0,0.0,0.0,0.0,0.0,0.0,0.0,0.0,0.0,0.0,0.0,0.0,0.0,0.0,0.0,0.0,0.0,0.0,0.021883725106687298,0.002412696062362431,0.04341385492372792,0.0,0.0,0.0,0.0,0.0,0.0,0.0,0.0,0.0,0.0,0.0,0.0,0.0
CCL13,CCR6,0.0,0.0,0.0,0.0,0.0,0.0,0.0,0.0,0.0,0.0,0.0,0.0,0.0,0.0,0.026054139596870148,0.02215035992359644,0.033886197328416315,0.0,0.0,0.0,0.010672641899199368,0.006768862225925662,0.018504699630745542,0.0,0.0,0.0,0.0,0.0,0.0,0.0,0.0,0.0,0.0,0.0,0.0,0.0
CXCL8,CCR7,0.0,0.0,0.0,0.0,0.0,0.0,0.0,0.0,0.0,0.0,0.0,0.0,0.0,0.0,0.030842867721036733,0.011371838676711868,0.05237299753807736,0.0,0.0,0.0,0.022849212067106568,0.0033781830227816983,0.04437934188414719,0.0,0.0,0.0,0.0346174785007863,0.015146449456461436,0.056147608317826926,0.0,0.0,0.0,0.0,0.0,0.0,0.0
IFNG,PIGR,0.0,0.0,0.0,0.0,0.0,0.0,0.0,0.0,0.0,0.0,0.0,0.0,0.0,0.0,0.0,0.0,0.0,0.0,0.0,0.0,0.0,0.0,0.0,0.0,0.0,0.0,0.0,0.0,0.0,0.0,0.0,0.0,0.0,0.0,0.0,0.0
CALCA,CDH11,0.0,0.0,0.0,0.0,0.0,0.0,0.0,0.0,0.0,0.0,0.0,0.0,0.0,0.0,0.0,0.0,0.0,0.0,0.5570823280737554,0.17481861655315167,0.13459447024366183,0.024642253431324403,0.13750680207050342,0.11630539149933967,0.0,0.0,0.0,0.0,0.0,0.0,0.0,0.0,0.0,0.0,0.0,0.0
CCL15,CCR6,0.0,0.0,0.0,0.0,0.0,0.0,0.0,0.0,0.0,0.0,0.0,0.0,0.0,0.0,0.0,0.0,0.0,0.0,0.0,0.0,0.0,0.0,0.0,0.0,0.0,0.0,0.0,0.0,0.0,0.0,0.0,0.0,0.0,0.0,0.0,0.0
CSF3,TNF,0.0,0.0,0.0,0.0,0.0,0.0,0.0,0.0,0.0,0.1360836586465187,0.0,0.0,0.0,0.0,0.0,0.0,0.0,0.0,0.0,0.0,0.0,0.0,0.0,0.0,0.0,0.0,0.0,0.0,0.0,0.0,0.0,0.0,0.0,0.0,0.0,0.0
CXCL2,CCR7,0.0,0.0,0.0,0.0,0.0,0.0,0.0,0.0,0.413444648374447,0.39397361933012215,0.4349747781914876,0.0,0.0,0.0,0.04536018673195896,0.025889157687634095,0.06689031654899959,0.0,0.0,0.0,0.040862879145461925,0.021391850101137058,0.06239300896250255,0.0,0.0,0.0,0.0845686125216084,0.06509758347728352,0.10609874233864902,0.0,0.0,0.0,0.04802971635259995,0.028558687308275085,0.06955984616964057,0.0
CXCL12,MMP13,0.0,0.0,0.0,0.0,0.0,0.0,0.0,0.0,0.0,0.0,0.0,0.0,0.0,0.0,0.0,0.0,0.0,0.0,0.0,0.0,0.0,0.0,0.0,0.0,0.0,0.0,0.0,0.0,0.0,0.0,0.0,0.0,0.0,0.0,0.0,0.0
CXCL12,CXCR6,0.0,0.0,0.0,0.0,0.0,0.0,0.0,0.0,0.31804483253519494,0.3145453980555977,0.3296513299744828,0.33617511244563314,0.0,0.0,0.17052516664367126,0.16702573216407404,0.18213166408295917,0.18865544655410946,0.0,0.0,0.04518811912350725,0.04168868464391003,0.05679461656279515,0.06331839903394545,0.0,0.0,0.0822007925584487,0.07870135807885148,0.0938072899977366,0.10033107246888691,0.0,0.0,0.1055377166695123,0.10203828218991508,0.1171442141088002,0.1236679965799505
PPBP,CXCR6,0.0,0.0,0.0,0.0,0.0,0.0,0.0,0.0,0.0,0.0,0.0,0.0,0.0,0.0,0.0,0.0,0.0,0.0,0.0,0.0,0.005516332787326099,0.002016898307728879,0.017122830226614004,0.023646612697764306,0.0,0.0,0.0,0.0,0.0,0.0,0.0,0.0,0.01527908366280953,0.01177964918321231,0.026885581102097433,0.03340936357324774
IL22,MMP1,0.0,0.0,0.0,0.0,0.0,0.0,0.0,0.0,0.0,0.0,0.0,0.0,0.0,0.0,0.0,0.0,0.0,0.0,0.0,0.0,0.0,0.0,0.0,0.0,0.0,0.0,0.0,0.0,0.0,0.0,0.0,0.0,0.0,0.0,0.0,0.0
CD40LG,PTGS2,0.0,0.0,0.0,0.0,0.0,0.0,0.0,0.0,0.0,0.0,0.0,0.0,0.0,0.17890420605653465,0.015588650262978183,0.012279020838150141,0.0,0.020921269438918727,0.0,0.1739244040528115,0.01060884825925503,0.007299218834426986,0.0,0.015941467435195575,0.0,0.0,0.0,0.0,0.0,0.0,0.0,0.0,0.0,0.0,0.0,0.0
CCL5,MMP9,0.0,0.0,0.0,0.0,0.0,0.0,0.0,0.0,0.0,0.17192694913100837,0.3216302688408615,0.0,0.0,0.0,0.0,0.149311540979094,0.2990148606889471,0.0,0.0,0.0,0.0,0.03812398814010644,0.18782730784995955,0.0,0.0,0.0,0.0,0.21786629730223772,0.36756961701209084,0.0,0.0,0.0,0.0,0.10364051241222866,0.2533438321220818,0.0
RELN,ITGB6,0.0,0.0,0.0,0.0,0.0,0.0,0.0,0.0,0.0,0.0,0.0,0.0,0.0,0.0,0.006217310227543475,0.04292455501032905,0.05741729282899428,0.0,0.0,0.0,0.003245607694856598,0.03995285247764218,0.054445590296307404,0.0,0.0,0.0,0.0,0.0,0.0,0.0,0.0,0.0,0.0,0.0,0.0,0.0
IFNG,CTSL,0.0,0.0,0.0,0.0,0.0,0.0,0.0,0.0,0.0,0.0,0.0,0.0,0.0,0.0,0.0,0.0,0.0,0.0,0.0,0.0,0.0,0.0,0.0,0.0,0.0,0.0,0.0,0.0,0.0,0.0,0.0,0.0,0.0,0.0,0.0,0.0
CCL17,CCR6,0.0,0.0,0.0,0.0,0.0,0.0,0.0,0.0,0.10223763425392593,0.09833385458065222,0.11006969198547209,0.0,0.0,0.0,0.07355230448236427,0.06964852480909056,0.08138436221391043,0.0,0.0,0.0,0.020570143778197672,0.01666636410492397,0.028402201509743846,0.0,0.0,0.0,0.08718354703633686,0.08327976736306315,0.09501560476788304,0.0,0.0,0.0,0.0,0.0,0.0,0.0
IFNG,CTSK,0.0,0.0,0.0,0.0,0.0,0.0,0.0,0.0,0.0,0.0,0.0,0.0,0.0,0.0,0.0,0.0,0.0,0.0,0.0,0.0,0.0,0.0,0.0,0.0,0.0,0.0,0.0,0.0,0.0,0.0,0.0,0.0,0.0,0.0,0.0,0.0
CCL13,CXCR6,0.0,0.0,0.0,0.0,0.0,0.0,0.0,0.0,0.0,0.0,0.0,0.0,0.0,0.0,0.022695059039027812,0.019195624559430594,0.03430155647831572,0.04082533894946602,0.0,0.0,0.007313561341357036,0.0038141268617598164,0.01892005878064494,0.025443841251795243,0.0,0.0,0.0,0.0,0.0,0.0,0.0,0.0,0.0,0.0,0.0,0.0
IFNG,CD40LG,0.0,0.0,0.0,0.0,0.0,0.0,0.0,0.0,0.0,0.0,0.0,0.0,0.0,0.0,0.0,0.0,0.0,0.0,0.0,0.0,0.0,0.0,0.0,0.0,0.0,0.0,0.0,0.0,0.0,0.0,0.0,0.0,0.0,0.0,0.0,0.0
TNF,PTGS2,0.0,0.0,0.0,0.0,0.0,0.0,0.0,0.0,0.0,0.0,0.0,0.0,0.0,0.0,0.0,0.0,0.0,0.0,0.0,0.17379725444555608,0.010481698651999608,0.007172069227171564,0.0,0.015814317827940152,0.0,0.0,0.0,0.0,0.0,0.0,0.0,0.0,0.0,0.0,0.0,0.0
IL1A,ITGA6,0.0,0.0,0.0,0.0,0.0,0.0,0.0,0.0,0.0,0.0,0.0,0.0,0.0,0.0,0.0,0.0,0.0,0.0,0.0,0.0,0.0,0.0,0.0,0.0,0.0,0.0,0.0,0.0,0.0,0.0,0.0,0.0,0.0,0.0,0.0,0.0
IL6,NOTCH3,0.0,0.0,0.0,0.0,0.0,0.0,0.0,0.0,0.0,0.0,0.0,0.0,0.7320933344373741,0.49378261419800734,0.15883736557749858,0.2058727547501837,0.15954323999601044,0.11167539978123095,0.7168840022248657,0.478573281985499,0.14362803336499022,0.19066342253767535,0.14433390778350208,0.09646606756872257,0.7472650387830901,0.5089543185437234,0.17400906992321463,0.22104445909589976,0.17471494434172646,0.12684710412694697,0.0,0.0,0.0,0.0,0.0,0.0
IL1B,PTGS2,0.0,0.0,0.0,0.0,0.0,0.0,0.0,0.0,0.0,0.0,0.0,0.0,0.0,0.17847939872632268,0.015163842932766222,0.01185421350793818,0.0,0.020496462108706766,0.0,0.17552645603045683,0.012210900236900347,0.008901270812072305,0.0,0.01754351941284089,0.0,0.0,0.0,0.0,0.0,0.0,0.0,0.0,0.0,0.0,0.0,0.0
IFNG,TPO,0.0,0.0,0.0,0.0,0.0,0.0,0.0,0.0,0.0,0.0,0.0,0.0,0.0,0.0,0.0,0.0,0.0,0.0,0.0,0.0,0.0,0.0,0.0,0.0,0.0,0.0,0.0,0.0,0.0,0.0,0.0,0.0,0.0,0.0,0.0,0.0
IGF1,HMOX1,0.0,0.0,0.0,0.0,0.0,0.0,0.0,0.0,0.0,0.0,0.0,0.0,0.0,0.0,0.4082345081620427,0.15278292536306326,0.6593948754428229,0.1273781896333879,0.0,0.0,0.37392870189938643,0.11847711910040701,0.6250890691801667,0.09307238337073165,0.0,0.0,0.4130430124799285,0.15759142968094902,0.6642033797607088,0.13218669395127364,0.0,0.0,0.3743590015179487,0.11890741871896925,0.6255193687987289,0.09350268298929387
SAA1,MMP9,0.0,0.0,0.0,0.0,0.0,0.0,0.0,0.0,0.0,0.0,0.0,0.0,0.0,0.0,0.0,0.36616616330483803,0.5158694830146912,0.0,0.0,0.0,0.0,0.03167721587069755,0.18138053558055067,0.0,0.0,0.0,0.0,0.12253701211142122,0.27224033182127433,0.0,0.0,0.0,0.0,0.21633752418646518,0.3660408438963183,0.0
CXCL11,CCR7,0.0,0.0,0.0,0.0,0.0,0.0,0.0,0.0,0.0,0.0,0.0,0.0,0.0,0.0,0.0,0.0,0.0,0.0,0.0,0.0,0.022201667100169575,0.0027306380558447087,0.0437317969172102,0.0,0.0,0.0,0.0,0.0,0.0,0.0,0.0,0.0,0.0,0.0,0.0,0.0
CCL4,CXCR6,0.0,0.0,0.0,0.0,0.0,0.0,0.0,0.0,0.0,0.0,0.0,0.0,0.0,0.0,0.03053911335497017,0.027039678875372952,0.042145610794258076,0.04866939326540838,0.0,0.0,0.016588715901144337,0.013089281421547114,0.028195213340432238,0.03471899581158254,0.0,0.0,0.06991147761918404,0.06641204313958682,0.08151797505847194,0.08804175752962225,0.0,0.0,0.04816810410577218,0.04466866962617496,0.05977460154506008,0.06629838401621038
CCL2,CXCR6,0.0,0.0,0.0,0.0,0.0,0.0,0.0,0.0,0.0,0.0,0.0,0.0,0.0,0.0,0.1448156874342616,0.14131625295466438,0.1564221848735495,0.1629459673446998,0.0,0.0,0.02400458943633945,0.02050515495674223,0.035611086875627355,0.042134869346777654,0.0,0.0,0.1351496004965058,0.13165016601690857,0.1467560979357937,0.15327988040694399,0.0,0.0,0.10800542482367045,0.10450599034407324,0.11961192226295836,0.12613570473410868
COMP,ITGA6,0.0,1.8429369500705175,1.752925369155455,1.7756032309264653,1.7533800377134692,0.0,0.0,0.5527126874242511,0.46270110650918844,0.48537896828019905,0.46315577506720274,0.0,0.0,1.770409131419433,1.6803975505043702,1.703075412275381,1.6808522190623847,0.0,0.0,0.5410171761763334,0.4510055952612708,0.47368345703228143,0.4514602638192851,0.0,0.0,0.9638905622307817,0.8738789813157192,0.8965568430867298,0.8743336498737335,0.0,0.0,1.4667835622638852,1.3767719813488224,1.3994498431198332,1.3772266499068369,0.0
CXCL3,CXCR6,0.0,0.0,0.0,0.0,0.0,0.0,0.0,0.0,0.0,0.0,0.0,0.0,0.0,0.0,0.010575096051855738,0.007075661572258518,0.022181593491143643,0.028705375962293944,0.0,0.0,0.006356878076970742,0.0028574435973735225,0.017963375516258647,0.02448715798740895,0.0,0.0,0.0,0.0,0.0,0.0,0.0,0.0,0.0,0.0,0.0,0.0
CCL20,CXCR6,0.0,0.0,0.0,0.0,0.0,0.0,0.0,0.0,0.0,0.0,0.0,0.0,0.0,0.0,0.008772101507608192,0.005272667028010971,0.020378598946896094,0.026902381418046396,0.0,0.0,0.005656889821377462,0.0021574553417802412,0.017263387260665366,0.023787169731815667,0.0,0.0,0.01398188583796938,0.01048245135837216,0.025588383277257286,0.032112165748407584,0.0,0.0,0.0,0.0,0.0,0.0
CCL18,CCR6,0.0,0.0,0.0,0.0,0.0,0.0,0.0,0.0,0.0,0.0,0.0,0.0,0.0,0.0,0.04428241243324126,0.04037863275996756,0.05211447016478744,0.0,0.0,0.0,0.04066364150213134,0.03675986182885763,0.04849569923367751,0.0,0.0,0.0,0.28905101137795225,0.28514723170467854,0.2968830691094984,0.0,0.0,0.0,0.031230357975888398,0.027326578302614694,0.03906241570743457,0.0
IFNG,KLRD1,0.0,0.0,0.0,0.0,0.0,0.0,0.0,0.0,0.0,0.0,0.0,0.0,0.0,0.0,0.0,0.0,0.0,0.0,0.0,0.0,0.0,0.0,0.0,0.0,0.0,0.0,0.0,0.0,0.0,0.0,0.0,0.0,0.0,0.0,0.0,0.0
FLT4,FLT1,0.0,0.0,0.0,0.0,0.0,0.0,0.6172654032707214,0.48487259660448345,0.08777466093201235,0.11512112770418906,0.13058492645882724,0.12922662063078447,0.6082736232194556,0.47588081655321757,0.07878288088074649,0.1061293476529232,0.12159314640756137,0.12023484057951861,0.5852616671888945,0.4528688605226565,0.055770924850185394,0.0831173916223621,0.09858119037700028,0.0972228845489575,0.5753182528311747,0.4429254461649366,0.04582751049246553,0.07317397726464225,0.08863777601928041,0.08727947019123765,0.5699828787283464,0.4375900720621084,0.04049213638963731,0.06783860316181402,0.08330240191645219,0.08194409608840943
CCL3,CXCR6,0.0,0.0,0.0,0.0,0.0,0.0,0.0,0.0,0.0,0.0,0.0,0.0,0.0,0.0,0.02680756097816559,0.023308126498568373,0.038414058417453496,0.044937840888603794,0.0,0.0,0.01511359417307635,0.011614159693479129,0.02672009161236425,0.033243874083514556,0.0,0.0,0.045816530021747306,0.04231709554215009,0.05742302746103521,0.06394680993218552,0.0,0.0,0.032768254690946734,0.029268820211349515,0.04437475213023464,0.05089853460138494
CXCL2,CCR6,0.0,0.0,0.0,0.0,0.0,0.0,0.0,0.0,0.400738929956724,0.3968351502834503,0.40857098768827016,0.0,0.0,0.0,0.03265446831423595,0.02875068864096224,0.04048652604578212,0.0,0.0,0.0,0.02815716072773891,0.024253381054465204,0.035989218459285086,0.0,0.0,0.0,0.07186289410388538,0.06795911443061167,0.07969495183543154,0.0,0.0,0.0,0.035323997934876936,0.03142021826160323,0.04315605566642311,0.0
CSF2,CEACAM5,0.0,0.0,0.0,0.0,0.0,0.0,0.0,0.0,0.0,0.0,0.0,0.0,0.0,0.0,0.0,0.0,0.0,0.0,0.0,0.0,0.0,0.0,0.0,0.0,0.0,0.0,0.0,0.0,0.0,0.0,0.0,0.0,0.0,0.0,0.0,0.0
FGF7,SFTPA1,0.0,0.0,0.0,0.0,0.0,0.0,0.0,0.0,0.0,0.0,0.0,0.0,0.0,0.0,0.0,0.084580665056968,0.0,0.0,0.0,0.0,0.0,0.007274081021832682,0.0,0.0,0.0,0.0,0.0,0.053413663548415286,0.0,0.0,0.0,0.0,0.0,0.03751475898755958,0.0,0.0
VEGFA,PDGFRB,0.0,0.0,0.0,0.0,0.0,0.0,0.0,0.0,0.0,0.0,0.0,0.0,0.0,0.2848054673982227,0.15512916625264178,0.14050327931133003,0.11349851475082476,0.1339905413931937,0.0,0.4607143986574674,0.33103809751188645,0.31641221057057467,0.2894074460100694,0.30989947265243833,0.0,0.2953241781931473,0.16564787704756637,0.1510219901062546,0.12401722554574934,0.14450925218811828,0.0,0.26598633790945075,0.13631003676386982,0.12168414982255807,0.0946793852620528,0.11517141190442173
CCL1,CCR4,0.0,0.0,0.0,0.0,0.0,0.0,0.0,0.0,0.0,0.0,0.0,0.0,0.0,0.0,0.0,0.0,0.0,0.0,0.0,0.0,0.0,0.0,0.0,0.0,0.0,0.0,0.0,0.0,0.0,0.0,0.0,0.0,0.0,0.0,0.0,0.0
IL1B,MMP9,0.0,0.0,0.0,0.0,0.0,0.0,0.0,0.0,0.0,0.0,0.0,0.0,0.0,0.0,0.0,0.011908964603416117,0.16161228431326924,0.0,0.0,0.0,0.0,0.008956021907550241,0.15865934161740336,0.0,0.0,0.0,0.0,0.0,0.0,0.0,0.0,0.0,0.0,0.0,0.0,0.0
CCL3L1,CCR6,0.0,0.0,0.0,0.0,0.0,0.0,0.0,0.0,0.0,0.0,0.0,0.0,0.0,0.0,0.02565089334924537,0.021747113675971666,0.033482951080791544,0.0,0.0,0.0,0.012362900438949673,0.008459120765675968,0.020194958170495846,0.0,0.0,0.0,0.02398035391973053,0.020076574246456827,0.031812411651276705,0.0,0.0,0.0,0.019783327670025976,0.01587954799675227,0.027615385401572146,0.0
CCL14,CCR6,0.0,0.0,0.0,0.0,0.0,0.0,0.0,0.0,0.1641177374333126,0.16021395776003888,0.17194979516485878,0.0,0.0,0.0,0.07689736310736722,0.07299358343409351,0.08472942083891338,0.0,0.0,0.0,0.06992919112960681,0.0660254114563331,0.07776124886115299,0.0,0.0,0.0,0.12582973107503448,0.12192595140176078,0.13366178880658067,0.0,0.0,0.0,0.04710022198453181,0.043196442311258104,0.05493227971607798,0.0
CCL2,VEGFA,0.0,0.0,0.0,0.0,0.0,0.0,0.0,0.0,0.0,0.0,0.0,0.0,0.0,0.0,0.18323053988108196,0.3591394711403266,0.19374925067600654,0.16441141039231,0.0,0.0,0.062419441883159815,0.23832837314240446,0.0729381526780844,0.04360031239438786,0.0,0.0,0.17356445294332615,0.3494733842025708,0.18408316373825073,0.1547453234545542,0.0,0.0,0.1464202772704908,0.32232920852973546,0.1569389880654154,0.12760114778171885
XCL1,CXCR6,0.0,0.0,0.0,0.0,0.0,0.0,0.0,0.0,0.0,0.0,0.0,0.0,0.0,0.0,0.0,0.0,0.0,0.0,0.0,0.0,0.00545012455010236,0.00195069007050514,0.017056621989390265,0.023580404460540567,0.0,0.0,0.014463731877724683,0.010964297398127463,0.026070229317012587,0.03259401178816289,0.0,0.0,0.0,0.0,0.0,0.0
XCL2,CCR4,0.0,0.0,0.0,0.0,0.0,0.0,0.0,0.0,0.0,0.0,0.0,0.0,0.0,0.0,0.0,0.015821422383308345,0.0,0.0,0.0,0.0,0.0,0.001207997571066911,0.0,0.0,0.0,0.0,0.0,0.0,0.0,0.0,0.0,0.0,0.0,0.0,0.0,0.0
IL17A,TNF,0.0,0.0,0.0,0.0,0.0,0.0,0.0,0.0,0.0,0.0,0.0,0.0,0.0,0.0,0.0,0.0,0.0,0.0,0.0,0.0,0.0,0.0,0.0,0.0,0.0,0.0,0.0,0.0,0.0,0.0,0.0,0.0,0.0,0.0,0.0,0.0
CCL18,CXCR6,0.0,0.0,0.0,0.0,0.0,0.0,0.0,0.0,0.0,0.0,0.0,0.0,0.0,0.0,0.040923331875398934,0.037423897395801715,0.05252982931468683,0.05905361178583714,0.0,0.0,0.03730456094428901,0.03380512646469179,0.048911058383576914,0.05543484085472721,0.0,0.0,0.2856919308201099,0.2821924963405127,0.2972984282593978,0.3038222107305481,0.0,0.0,0.02787127741804607,0.024371842938448848,0.039477774857333975,0.04600155732848427
TPSAB1,MMP2,0.0,0.0,0.0,0.0,0.0,0.0,0.0,0.0,0.0,0.0,0.0,0.0,0.0,0.3646727809260374,0.4347699703461674,0.14510039993133145,0.1816991854359045,0.25645121362967493,0.0,0.3327622609083966,0.4028594503285266,0.11318987991369066,0.1497886654182637,0.2245406936120341,0.0,0.0,0.0,0.0,0.0,0.0,0.0,0.33575144688804426,0.40584863630817425,0.1161790658933383,0.15277785139791134,0.22752987959168175
CCL13,CCR7,0.0,0.0,0.0,0.0,0.0,0.0,0.0,0.0,0.0,0.0,0.0,0.0,0.0,0.0,0.03875985801459316,0.019288828970268294,0.06028998783163378,0.0,0.0,0.0,0.023378360316922385,0.003907331272597516,0.044908490133963,0.0,0.0,0.0,0.0,0.0,0.0,0.0,0.0,0.0,0.0,0.0,0.0,0.0
IFNG,LOX,0.0,0.0,0.0,0.0,0.0,0.0,0.0,0.0,0.0,0.0,0.0,0.0,0.0,0.0,0.0,0.0,0.0,0.0,0.0,0.0,0.0,0.0,0.0,0.0,0.0,0.0,0.0,0.0,0.0,0.0,0.0,0.0,0.0,0.0,0.0,0.0
IL17A,MMP9,0.0,0.0,0.0,0.0,0.0,0.0,0.0,0.0,0.0,0.0,0.0,0.0,0.0,0.0,0.0,0.0,0.0,0.0,0.0,0.0,0.0,0.0,0.0,0.0,0.0,0.0,0.0,0.0,0.0,0.0,0.0,0.0,0.0,0.0,0.0,0.0
CXCL10,CXCR6,0.0,0.0,0.0,0.0,0.0,0.0,0.0,0.0,0.0,0.0,0.0,0.0,0.0,0.0,0.008128506591521114,0.0046290721119238935,0.019735004030809015,0.02625878650195932,0.0,0.0,0.00826430732897992,0.0047648728493826994,0.019870804768267823,0.026394587239418125,0.0,0.0,0.0,0.0,0.0,0.0,0.0,0.0,0.0,0.0,0.0,0.0
CCL20,CCR4,0.0,0.0,0.0,0.0,0.0,0.0,0.0,0.0,0.0,0.0,0.0,0.0,0.0,0.0,0.0,0.003918275001836045,0.0,0.0,0.0,0.0,0.0,0.0008030633156053153,0.0,0.0,0.0,0.0,0.0,0.009128059332197234,0.0,0.0,0.0,0.0,0.0,0.0,0.0,0.0
CCL7,CXCR6,0.0,0.0,0.0,0.0,0.0,0.0,0.0,0.0,0.0,0.0,0.0,0.0,0.0,0.0,0.0,0.0,0.0,0.0,0.0,0.0,0.0052251648110101575,0.0017257303314129376,0.01683166225029806,0.023355444721448362,0.0,0.0,0.0,0.0,0.0,0.0,0.0,0.0,0.0,0.0,0.0,0.0
CD40LG,VEGFA,0.0,0.0,0.0,0.0,0.0,0.0,0.0,0.0,0.0,0.0,0.0,0.0,0.0,0.0,0.04870811930621963,0.22461705056546427,0.05922683010114421,0.02988898981744767,0.0,0.0,0.043728317302496475,0.21963724856174113,0.05424702809742106,0.024909187813724518,0.0,0.0,0.0,0.0,0.0,0.0,0.0,0.0,0.0,0.0,0.0,0.0
CSF3,BIRC3,0.0,0.0,0.0,0.0,0.0,0.0,0.0,0.0,0.15411529890504708,0.14706354838696037,0.15942253773672538,0.1524426286870783,0.0,0.0,0.0,0.0,0.0,0.0,0.0,0.0,0.0,0.0,0.0,0.0,0.0,0.0,0.0,0.0,0.0,0.0,0.0,0.0,0.0,0.0,0.0,0.0
XCL2,CXCR6,0.0,0.0,0.0,0.0,0.0,0.0,0.0,0.0,0.0,0.0,0.0,0.0,0.0,0.0,0.02067524888908049,0.01717581440948327,0.032281746328368395,0.03880552879951869,0.0,0.0,0.006061824076839057,0.002562389597241837,0.01766832151612696,0.024192103987277263,0.0,0.0,0.0,0.0,0.0,0.0,0.0,0.0,0.0,0.0,0.0,0.0
IL20,PTGS2,0.0,0.0,0.0,0.0,0.0,0.0,0.0,0.0,0.0,0.0,0.0,0.0,0.0,0.0,0.0,0.0,0.0,0.0,0.0,0.0,0.0,0.0,0.0,0.0,0.0,0.0,0.0,0.0,0.0,0.0,0.0,0.0,0.0,0.0,0.0,0.0
IL6,MMP9,0.0,0.0,0.0,0.0,0.0,0.0,0.0,0.0,0.0,0.0,0.0,0.0,0.0,0.0,0.0,0.02387404408332305,0.17357736379317615,0.0,0.0,0.0,0.0,0.008664711870814669,0.15836803158066778,0.0,0.0,0.0,0.0,0.03904574842903907,0.1887490681388922,0.0,0.0,0.0,0.0,0.0,0.0,0.0
CCL8,CXCR6,0.0,0.0,0.0,0.0,0.0,0.0,0.0,0.0,0.0,0.0,0.0,0.0,0.0,0.0,0.008492159316817441,0.004992724837220221,0.020098656756105344,0.026622439227255646,0.0,0.0,0.0058811494436975,0.00238171496410028,0.017487646882985403,0.024011429354135704,0.0,0.0,0.0,0.0,0.0,0.0,0.0,0.0,0.0,0.0,0.0,0.0
CCL21,CCR4,0.0,0.0,0.0,1.2382514059704584,0.0,0.0,0.0,0.0,0.0,0.5006715153105812,0.0,0.0,0.0,0.0,0.0,0.5255449483115145,0.0,0.0,0.0,0.0,0.0,0.06200432932891982,0.0,0.0,0.0,0.0,0.0,0.2609036555576681,0.0,0.0,0.0,0.0,0.0,0.17817074983212505,0.0,0.0
IL12B,CXCL9,0.0,0.0,0.0,0.0,0.0,0.0,0.0,0.0,0.0,0.0,0.0,0.0,0.0,0.0,0.0,0.0,0.0,0.0,0.0,0.0,0.0,0.0,0.0,0.0,0.0,0.0,0.0,0.0,0.0,0.0,0.0,0.0,0.0,0.0,0.0,0.0
NPPA,TNF,0.0,0.0,0.0,0.0,0.0,0.0,0.0,0.0,0.0,0.0,0.0,0.0,0.0,0.0,0.0,0.0,0.0,0.0,0.0,0.0,0.0,0.0,0.0,0.0,0.0,0.0,0.0,0.0,0.0,0.0,0.0,0.0,0.0,0.0,0.0,0.0
IL1B,MMP3,0.0,0.0,0.0,0.0,0.0,0.0,0.0,0.0,0.0,0.0,0.0,0.0,0.0,0.0,0.010677032681354079,0.005250960292408754,0.0,0.0,0.0,0.0,0.007724089985488203,0.002298017596542879,0.0,0.0,0.0,0.0,0.0,0.0,0.0,0.0,0.0,0.0,0.0,0.0,0.0,0.0
CCL7,CCR4,0.0,0.0,0.0,0.0,0.0,0.0,0.0,0.0,0.0,0.0,0.0,0.0,0.0,0.0,0.0,0.0,0.0,0.0,0.0,0.0,0.0,0.0003713383052380115,0.0,0.0,0.0,0.0,0.0,0.0,0.0,0.0,0.0,0.0,0.0,0.0,0.0,0.0
CCL14,CCR7,0.0,0.0,0.0,0.0,0.0,0.0,0.0,0.0,0.17682345585103562,0.15735242680671074,0.19835358566807623,0.0,0.0,0.0,0.08960308152509024,0.07013205248076536,0.11113321134213086,0.0,0.0,0.0,0.08263490954732983,0.06316388050300496,0.10416503936437045,0.0,0.0,0.0,0.1385354494927575,0.11906442044843263,0.16006557930979812,0.0,0.0,0.0,0.05980594040225483,0.04033491135792996,0.08133607021929545,0.0
PPBP,CCR6,0.0,0.0,0.0,0.0,0.0,0.0,0.0,0.0,0.0,0.0,0.0,0.0,0.0,0.0,0.0,0.0,0.0,0.0,0.0,0.0,0.00887541334516843,0.004971633671894724,0.016707471076714605,0.0,0.0,0.0,0.0,0.0,0.0,0.0,0.0,0.0,0.018638164220651864,0.014734384547378156,0.026470221952198034,0.0
TNF,CXCL10,0.0,0.0,0.0,0.0,0.0,0.0,0.0,0.0,0.0,0.0,0.0,0.0,0.0,0.0,0.0,0.0,0.0,0.0,0.0,0.0,0.0030755788113087184,0.0032113795487675244,0.0,0.0,0.0,0.0,0.0,0.0,0.0,0.0,0.0,0.0,0.0,0.0,0.0,0.0
IL6,HMOX1,0.0,0.0,0.0,0.0,0.0,0.0,0.0,0.0,0.0,0.0,0.0,0.0,0.0,0.0,0.36035430742554875,0.10490272462656933,0.611514674706329,0.07949798889689395,0.0,0.0,0.3451449752130404,0.08969339241406095,0.5963053424938206,0.06428865668438558,0.0,0.0,0.37552601177126477,0.12007442897228535,0.626686379052045,0.09466969324260997,0.0,0.0,0.0,0.0,0.0,0.0
CCL22,CCR6,0.0,0.0,0.0,0.0,0.0,0.0,0.0,0.0,0.0,0.0,0.0,0.0,0.0,0.0,0.03010620888935993,0.026202429216086225,0.0379382666209061,0.0,0.0,0.0,0.012928308870025548,0.00902452919675184,0.02076036660157172,0.0,0.0,0.0,0.04099036979640017,0.03708659012312646,0.04882242752794634,0.0,0.0,0.0,0.0,0.0,0.0,0.0
CCL2,F3,0.0,0.0,0.0,0.0,0.0,0.0,0.0,0.0,0.0,0.0,0.0,0.0,0.0,0.0,0.17284430294151765,0.2034635321375391,0.1992303667575455,0.0,0.0,0.0,0.05203320494359552,0.08265243413961697,0.07841926875962335,0.0,0.0,0.0,0.16317821600376187,0.1937974451997833,0.18956427981978968,0.0,0.0,0.0,0.13603404033092653,0.16665326952694798,0.16242010414695435,0.0
MDK,VEGFA,0.0,0.0,0.0,0.0,0.0,0.0,0.0,0.0,0.6515568061526041,0.8274657374118488,0.6620755169475288,0.6327376766638322,0.0,0.0,0.7650472007123341,0.9409561319715788,0.7755659115072587,0.7462280712235622,0.0,0.0,1.2606564287059527,1.4365653599651973,1.2711751395008772,1.2418372992171807,0.0,0.0,0.7073056468485375,0.8832145781077821,0.7178243576434621,0.6884865173597655,0.0,0.0,0.5135993350853489,0.6895082663445936,0.5241180458802736,0.49478020559657704
IL2,FCER2,0.0,0.0,0.0,0.0,0.0,0.0,0.0,0.0,0.0,0.0,0.0,0.0,0.0,0.0,0.0,0.0,0.0,0.0,0.0,0.0,0.0,0.0,0.0,0.0,0.0,0.0,0.0,0.0,0.0,0.0,0.0,0.0,0.0,0.0,0.0,0.0
LEP,FLT1,0.0,0.0,0.0,0.0,0.0,0.0,0.0,0.0,0.0,0.0,0.0,0.0,0.0,0.0,0.0,0.0,0.0,0.0,0.556194805905768,0.42380199923953005,0.026704063567058928,0.05405053033923564,0.06951432909387381,0.06815602326583105,0.5685337666879621,0.4361409600217241,0.03904302434925296,0.06638949112142968,0.08185328987606784,0.08049498404802508,0.0,0.0,0.0,0.0,0.0,0.0
CXCL14,CCR6,0.0,0.0,0.0,0.0,0.0,0.0,0.0,0.0,0.0,0.0,0.0,0.0,0.0,0.0,0.429141055388623,0.4252372757153493,0.4369731131201692,0.0,0.0,0.0,0.3956405996951388,0.3917368200218651,0.403472657426685,0.0,0.0,0.0,0.4722500071354735,0.4683462274621998,0.48008206486701965,0.0,0.0,0.0,0.22358228605826783,0.21967850638499412,0.23141434378981401,0.0
SPARC,MMP14,0.0,0.7937679461070469,0.8318181341910458,0.7264303381294341,0.7683937146998289,0.7529895793307911,0.0,1.2765414714813232,1.314591659565322,1.2092038635037103,1.251167240074105,1.2357631047050672,0.0,1.5439692549300619,1.5820194430140606,1.476631646952449,1.5185950235228436,1.5031908881538059,0.0,0.9424496886475017,0.9804998767315005,0.8751120806698889,0.9170754572402836,0.9016713218712459,0.0,0.9746925185497541,1.012742706633753,0.9073549105721413,0.9493182871425361,0.9339141517734983,0.0,1.226500115301702,1.2645503033857008,1.1591625073240892,1.2011258838944838,1.185721748525446
IL10,CD14,0.0,0.0,0.0,0.0,0.0,0.0,0.0,0.0,0.0,0.0,0.0,0.0,0.0,0.27079791829152416,0.4551875246576516,0.1536134003739299,0.5485044081174302,0.2452197580365379,0.0,0.2683872723733273,0.45277687873945477,0.1512027544557331,0.5460937621992333,0.2428091121183411,0.0,0.27763501325048,0.46202461961660746,0.16045049533288575,0.555341503076386,0.25205685299549374,0.0,0.0,0.0,0.0,0.0,0.0
IL1A,CSF1,0.0,0.0,0.0,0.0,0.0,0.0,0.0,0.0,0.0,0.0,0.0,0.0,0.0,0.0,0.0,0.0,0.0,0.0,0.0,0.0,0.0,0.0,0.0,0.0,0.0,0.0,0.0,0.0,0.0,0.0,0.0,0.0,0.0,0.0,0.0,0.0
IL2,HSP90AA1,0.0,0.0,0.0,0.0,0.0,0.0,0.0,0.0,0.0,0.0,0.0,0.0,0.0,0.0,0.0,0.0,0.0,0.0,0.0,0.0,0.0,0.0,0.0,0.0,0.0,0.0,0.0,0.0,0.0,0.0,0.0,0.0,0.0,0.0,0.0,0.0
CCL5,CCR6,0.0,0.0,0.0,0.0,0.0,0.0,0.0,0.0,0.1732455246146219,0.16934174494134818,0.18107758234616808,0.0,0.0,0.0,0.15063011646270752,0.1467263367894338,0.1584621741942537,0.0,0.0,0.0,0.03944256362371996,0.03553878395044625,0.047274621355266125,0.0,0.0,0.0,0.21918487278585125,0.21528109311257754,0.22701693051739744,0.0,0.0,0.0,0.10495908789584218,0.10105530822256847,0.11279114562738835,0.0
CCL2,CCR6,0.0,0.0,0.0,0.0,0.0,0.0,0.0,0.0,0.0,0.0,0.0,0.0,0.0,0.0,0.1481747679921039,0.1442709883188302,0.1560068257236501,0.0,0.0,0.0,0.027363669994181786,0.02345989032090808,0.03519572772572796,0.0,0.0,0.0,0.1385086810543481,0.1346049013810744,0.1463407387858943,0.0,0.0,0.0,0.1113645053815128,0.10746072570823909,0.11919656311305896,0.0
CSF2,MMP14,0.0,0.0,0.0,0.0,0.0,0.0,0.0,0.0,0.0,0.0,0.0,0.0,0.0,0.0,0.0,0.0,0.0,0.0,0.0,0.1206010744727727,0.15865126255677156,0.05326346649515989,0.0952268430655546,0.07982270769651688,0.0,0.0,0.0,0.0,0.0,0.0,0.0,0.0,0.0,0.0,0.0,0.0
PI3,TNF,0.0,0.0,0.0,0.0,0.0,0.0,0.0,0.0,0.0,0.0,0.0,0.0,0.0,0.0,0.0,0.0,0.0,0.0,0.0,0.0,0.0,0.00023038648370732963,0.0,0.0,0.0,0.0,0.0,0.0,0.0,0.0,0.0,0.0,0.0,0.0,0.0,0.0
OSM,PTGS2,0.0,0.0,0.0,0.0,0.0,0.0,0.0,0.0,0.0,0.0,0.0,0.0,0.0,0.0,0.0,0.0,0.0,0.0,0.0,0.17450653520136689,0.0111909794078104,0.007881349982982358,0.0,0.016523598583750944,0.0,0.0,0.0,0.0,0.0,0.0,0.0,0.0,0.0,0.0,0.0,0.0
FGF7,PDGFRA,0.0,0.0,0.0,0.0,0.0,0.0,0.0,0.0,0.0,0.0,0.0,0.0,0.0,0.0,0.15500167861999758,0.09634722418693162,0.13754379219521026,0.12564914224355836,0.0,0.0,0.07769509458486226,0.01904064015179631,0.060237208160074954,0.04834255820842305,0.0,0.0,0.12383467711144486,0.06518022267837892,0.10637679068665756,0.09448214073500566,0.0,0.0,0.10793577255058916,0.049281318117523204,0.09047788612580185,0.07858323617414995
CCL13,CCR4,0.0,0.0,0.0,0.0,0.0,0.0,0.0,0.0,0.0,0.0,0.0,0.0,0.0,0.0,0.0,0.017841232533255667,0.0,0.0,0.0,0.0,0.0,0.0024597348355848902,0.0,0.0,0.0,0.0,0.0,0.0,0.0,0.0,0.0,0.0,0.0,0.0,0.0,0.0
COL6A3,ITGA6,0.0,0.9279419950076512,0.8379304140925886,0.8606082758635992,0.838385082650603,0.0,0.0,0.0,0.0,0.0,0.0,0.0,0.0,0.5129989433822041,0.4229873624671415,0.44566522423815214,0.4234420310251558,0.0,0.0,0.16870945865789921,0.07869787774283662,0.10137573951384724,0.07915254630085092,0.0,0.0,0.3284263937993157,0.23841481288425315,0.26109267465526376,0.23886948144226744,0.0,0.0,0.2549764478361452,0.16496486692108261,0.18764272869209322,0.1654195354790969,0.0
CCL3,CCR7,0.0,0.0,0.0,0.0,0.0,0.0,0.0,0.0,0.0,0.0,0.0,0.0,0.0,0.0,0.04287235995373094,0.023401330909406073,0.06440248977077156,0.0,0.0,0.0,0.031178393148641695,0.011707364104316829,0.05270852296568232,0.0,0.0,0.0,0.06188132899731265,0.042410299952987784,0.08341145881435327,0.0,0.0,0.0,0.04883305366651208,0.029362024622187215,0.07036318348355271,0.0
COMP,ITGB6,0.0,0.0,1.7299685226865562,1.7666757674693416,1.781168505288007,0.0,0.0,0.0,0.43974426004028977,0.47645150482307536,0.4909442426417406,0.0,0.0,0.0,1.6574407040354717,1.6941479488182574,1.7086406866369224,0.0,0.0,0.0,0.42804874879237215,0.46475599357515773,0.47924873139382296,0.0,0.0,0.0,0.8509221348468206,0.8876293796296061,0.9021221174482713,0.0,0.0,0.0,1.3538151348799239,1.3905223796627095,1.4050151174813745,0.0
IGFBP2,CD24,0.0,0.0,0.0,0.0,0.0,0.0,0.0,0.5658240062849862,0.7594558274137242,1.0516550399328808,0.8530384773449192,0.5874555093901498,0.0,0.2054954460825786,0.39912726721131664,0.6913264797304731,0.49270991714251167,0.22712694918774218,0.0,0.19897121106512916,0.39260303219386716,0.6848022447130236,0.4861856821250622,0.22060271417029273,0.0,0.08834920902001231,0.2819810301487503,0.5741802426679068,0.37556368007994534,0.10998071212517588,0.0,0.2601100141351873,0.4537418352639253,0.7459410477830818,0.5473244851951203,0.2817415172403509
IL6,PTGS2,0.0,0.0,0.0,0.0,0.0,0.0,0.0,0.0,0.0,0.0,0.0,0.0,0.0,0.19044447820622962,0.027128922412673156,0.023819292987845114,0.0,0.032461541588613696,0.0,0.17523514599372125,0.011919590200164774,0.008609960775336732,0.0,0.017252209376105318,0.0,0.20561618255194564,0.04230062675838918,0.038990997333561137,0.0,0.04763324593432972,0.0,0.0,0.0,0.0,0.0,0.0
IFNG,CXCL9,0.0,0.0,0.0,0.0,0.0,0.0,0.0,0.0,0.0,0.0,0.0,0.0,0.0,0.0,0.0,0.0,0.0,0.0,0.0,0.0,0.0,0.0,0.0,0.0,0.0,0.0,0.0,0.0,0.0,0.0,0.0,0.0,0.0,0.0,0.0,0.0
CSF3,CXCL12,0.0,0.0,0.0,0.0,0.0,0.0,0.0,0.44894217593329294,0.30142251004176923,0.17608546252160526,0.2130981359565467,0.2364350600676103,0.0,0.0,0.0,0.0,0.0,0.0,0.0,0.0,0.0,0.0,0.0,0.0,0.0,0.0,0.0,0.0,0.0,0.0,0.0,0.0,0.0,0.0,0.0,0.0
IGF1,FLT4,0.0,0.0,0.0,0.0,0.0,0.0,0.0,0.0,0.0,0.0,0.0,0.0,0.0,0.12586524926993742,0.11687346921867156,0.09386151318811045,0.0839180988303906,0.07858272472756238,0.0,0.09155944300728117,0.08256766295601531,0.0595557069254542,0.04961229256773434,0.04427691846490611,0.0,0.13067375358782318,0.12168197353655731,0.09867001750599622,0.08872660314827635,0.08339122904544813,0.0,0.09198974262584339,0.08299796257457753,0.05998600654401644,0.05004259218629657,0.04470721808346835
IL1B,PTGDS,0.0,0.0,0.0,0.0,0.0,0.0,0.0,0.0,0.0,0.0,0.0,0.0,0.0,0.0,0.18844280281220094,0.04754370116248109,0.26711564003803895,0.13266239216311126,0.0,0.0,0.1854898601163351,0.04459075846661522,0.26416269734217307,0.1297094494672454,0.0,0.0,0.0,0.0,0.0,0.0,0.0,0.0,0.0,0.0,0.0,0.0
FGFR4,MMP9,0.0,0.0,0.0,0.0,0.0,0.0,0.0,0.0,0.0,0.0,0.0,0.0,0.0,0.0,0.0,0.01294559613779337,0.16264891584764649,0.0,0.0,0.0,0.0,0.008807295020107202,0.1585106147299603,0.0,0.0,0.0,0.0,0.0,0.0,0.0,0.0,0.0,0.0,0.0,0.0,0.0
CXCL9,CCR7,0.0,0.0,0.0,0.0,0.0,0.0,0.0,0.0,0.0,0.0,0.0,0.0,0.0,0.0,0.0,0.0,0.0,0.0,0.0,0.0,0.026651608235752147,0.00718057919142728,0.04818173805279277,0.0,0.0,0.0,0.04092239822048235,0.021451369176157482,0.06245252803752297,0.0,0.0,0.0,0.0,0.0,0.0,0.0
IGF1,PDGFRB,0.0,0.0,0.0,0.0,0.0,0.0,0.0,0.0,0.0,0.0,0.0,0.0,0.0,0.3058651116683575,0.17618881052277652,0.1615629235814648,0.1345581590209595,0.15505018566332843,0.0,0.2715593054057012,0.14188300426012027,0.1272571173188085,0.10025235275830324,0.12074437940067217,0.0,0.3106736159862432,0.18099731484066228,0.16637142789935053,0.13936666333884523,0.15985868998121416,0.0,0.27198960502426345,0.14231330387868252,0.12768741693737076,0.10068265237686547,0.1211746790192344
S100B,BIRC3,0.0,0.0,0.0,0.0,0.0,0.0,0.0,0.0,0.0,0.0,0.0,0.0,0.0,0.0,0.04953998686319375,0.04248823634510704,0.05484722569487206,0.04786731664522498,0.0,0.0,0.032310988826194355,0.02525923830810765,0.03761822765787268,0.03063831860822559,0.0,0.0,0.11415681979339234,0.10710506927530565,0.11946405862507067,0.11248414957542359,0.0,0.0,0.05974402668790341,0.0526922761698167,0.06505126551958172,0.05807135646993464
VEGFA,PDGFRA,0.0,0.0,0.0,0.0,0.0,0.0,0.0,0.0,0.0,0.0,0.0,0.0,0.0,0.0,0.11402083568304897,0.05536638124998303,0.09656294925826167,0.08466829930660977,0.0,0.0,0.2899297669422936,0.23127531250922767,0.2724718805175063,0.2605772305658544,0.0,0.0,0.12453954647797355,0.06588509204490761,0.10708166005318626,0.09518701010153435,0.0,0.0,0.09520170619427701,0.03654725176121107,0.07774381976948971,0.06584916981783781
IL17A,CXCL12,0.0,0.0,0.0,0.0,0.0,0.0,0.0,0.0,0.0,0.0,0.0,0.0,0.0,0.0,0.0,0.0,0.0,0.0,0.0,0.0,0.0,0.0,0.0,0.0,0.0,0.0,0.0,0.0,0.0,0.0,0.0,0.0,0.0,0.0,0.0,0.0
COL6A3,ITGB6,0.0,0.0,0.81497356762369,0.8516808124064755,0.8661735502251408,0.0,0.0,0.0,0.0,0.0,0.0,0.0,0.0,0.0,0.40003051599824285,0.43673776078102844,0.45123049859969366,0.0,0.0,0.0,0.055741031273937966,0.09244827605672354,0.10694101387538876,0.0,0.0,0.0,0.21545796641535447,0.25216521119814006,0.2666579490168053,0.0,0.0,0.0,0.14200802045218394,0.17871526523496953,0.19320800305363475,0.0
OLR1,MMP3,0.0,0.0,0.0,0.0,0.0,0.0,0.0,0.0,0.0,0.0,0.0,0.0,0.0,0.0,0.0088747076720119,0.0034486352830665756,0.0,0.0,0.0,0.0,0.01510245969063197,0.009676387301686646,0.0,0.0,0.0,0.0,0.03726536802801061,0.03183929563906528,0.0,0.0,0.0,0.0,0.0,0.0,0.0,0.0
CD160,KLRD1,0.0,0.0,0.0,0.0,0.0,0.0,0.0,0.0,0.0,0.0,0.0,0.0,0.0,0.0,0.0,0.0,0.0,0.0,0.0,0.0,0.0,0.0032093234738875104,0.03200295678307971,0.017224833265153477,0.0,0.0,0.0,0.0,0.0,0.0,0.0,0.0,0.0,0.0,0.0,0.0
CCL22,CXCR6,0.0,0.0,0.0,0.0,0.0,0.0,0.0,0.0,0.0,0.0,0.0,0.0,0.0,0.0,0.0267471283315176,0.023247693851920378,0.038353625770805505,0.0448774082419558,0.0,0.0,0.009569228312183216,0.0060697938325859945,0.021175725751471117,0.02769950822262142,0.0,0.0,0.03763128923855784,0.03413185475896062,0.049237786677845743,0.05576156914899604,0.0,0.0,0.0,0.0,0.0,0.0
CXCL1,CCR4,0.0,0.0,0.0,0.0,0.0,0.0,0.0,0.0,0.0,0.0,0.0,0.0,0.0,0.0,0.0,0.0,0.0,0.0,0.0,0.0,0.0,0.0009650996253498058,0.0,0.0,0.0,0.0,0.0,0.0,0.0,0.0,0.0,0.0,0.0,0.0,0.0,0.0
LAMA3,ITGB6,0.0,0.0,0.0,0.0,0.0,0.0,0.0,0.0,0.0,0.0,0.0,0.0,0.0,0.0,0.01918868822266299,0.05589593300544857,0.07038867082411379,0.0,0.0,0.0,0.005209416823774064,0.041916661606559644,0.05640939942522487,0.0,0.0,0.0,0.020021779457576883,0.05672902424036246,0.0712217620590277,0.0,0.0,0.0,0.0,0.0,0.0,0.0
IL2,TNFRSF9,0.0,0.0,0.0,0.0,0.0,0.0,0.0,0.0,0.0,0.0,0.0,0.0,0.0,0.0,0.0,0.0,0.0,0.0,0.0,0.0,0.0,0.0,0.0,0.0,0.0,0.0,0.0,0.0,0.0,0.0,0.0,0.0,0.0,0.0,0.0,0.0
TNF,INSR,0.0,0.0,0.0,0.0,0.0,0.0,0.0,0.0,0.0,0.0,0.0,0.0,0.0,0.0,0.0,0.0,0.0,0.0,0.0,0.1360836586465187,0.05174174506514547,0.20530727268245805,0.039310308198579544,0.03918262875628488,0.0,0.0,0.0,0.0,0.0,0.0,0.0,0.0,0.0,0.0,0.0,0.0
IL6,TSHR,0.0,0.0,0.0,0.0,0.0,0.0,0.0,0.0,0.0,0.0,0.0,0.0,0.0,0.07798504853344347,0.10710579444126911,0.5647933479334637,0.17538835419784057,0.05324974029810162,0.0,0.0627757163209351,0.09189646222876073,0.5495840157209553,0.1601790219853322,0.03804040808559323,0.0,0.09315675287915949,0.12227749878698513,0.5799650522791797,0.19056005854355662,0.06842144464381764,0.0,0.0,0.0,0.0,0.0,0.0
CXCL6,CXCR6,0.0,0.0,0.0,0.0,0.0,0.0,0.0,0.0,0.0,0.0,0.0,0.0,0.0,0.0,0.0,0.0,0.0,0.0,0.0,0.0,0.0,0.0,0.0,0.0,0.0,0.0,0.0,0.0,0.0,0.0,0.0,0.0,0.0,0.0,0.0,0.0
LEP,F3,0.0,0.0,0.0,0.0,0.0,0.0,0.0,0.0,0.0,0.0,0.0,0.0,0.0,0.0,0.0,0.0,0.0,0.0,0.0,0.0,0.03334877069528496,0.06396799989130642,0.059734834511312784,0.0,0.0,0.0,0.045687731477478996,0.07630696067350044,0.07207379529350683,0.0,0.0,0.0,0.0,0.0,0.0,0.0
CCL1,CCR6,0.0,0.0,0.0,0.0,0.0,0.0,0.0,0.0,0.0,0.0,0.0,0.0,0.0,0.0,0.0,0.0,0.0,0.0,0.0,0.0,0.0,0.0,0.0,0.0,0.0,0.0,0.0,0.0,0.0,0.0,0.0,0.0,0.0,0.0,0.0,0.0
CCL2,CCR7,0.0,0.0,0.0,0.0,0.0,0.0,0.0,0.0,0.0,0.0,0.0,0.0,0.0,0.0,0.16088048640982694,0.14140945736550206,0.18241061622686755,0.0,0.0,0.0,0.0400693884119048,0.020598359367579932,0.061599518228945424,0.0,0.0,0.0,0.15121439947207113,0.13174337042774625,0.17274452928911174,0.0,0.0,0.0,0.12407022379923581,0.10459919475491093,0.14560035361627643,0.0
CCL26,CCR4,0.0,0.0,0.0,0.0,0.0,0.0,0.0,0.0,0.0,0.0,0.0,0.0,0.0,0.0,0.0,0.019051904842855395,0.0,0.0,0.0,0.0,0.0,0.005687131135082643,0.0,0.0,0.0,0.0,0.0,0.016168443900863392,0.0,0.0,0.0,0.0,0.0,0.0,0.0,0.0
CXCL9,CCR6,0.0,0.0,0.0,0.0,0.0,0.0,0.0,0.0,0.0,0.0,0.0,0.0,0.0,0.0,0.0,0.0,0.0,0.0,0.0,0.0,0.013945889818029134,0.010042110144755426,0.021777947549575304,0.0,0.0,0.0,0.028216679802759333,0.02431290012948563,0.03604873753430551,0.0,0.0,0.0,0.0,0.0,0.0,0.0
CCL8,CCR7,0.0,0.0,0.0,0.0,0.0,0.0,0.0,0.0,0.0,0.0,0.0,0.0,0.0,0.0,0.02455695829238279,0.00508592924805792,0.046087088109423406,0.0,0.0,0.0,0.021945948419262847,0.0024749193749379794,0.04347607823630347,0.0,0.0,0.0,0.0,0.0,0.0,0.0,0.0,0.0,0.0,0.0,0.0,0.0
CD40LG,F3,0.0,0.0,0.0,0.0,0.0,0.0,0.0,0.0,0.0,0.0,0.0,0.0,0.0,0.0,0.03832188236665534,0.0689411115626768,0.06470794618268316,0.0,0.0,0.0,0.03334208036293219,0.06396130955895363,0.05972814417896001,0.0,0.0,0.0,0.0,0.0,0.0,0.0,0.0,0.0,0.0,0.0,0.0,0.0
CXCL10,CCR7,0.0,0.0,0.0,0.0,0.0,0.0,0.0,0.0,0.0,0.0,0.0,0.0,0.0,0.0,0.02419330556708646,0.004722276522761593,0.045723435384127084,0.0,0.0,0.0,0.024329106304545267,0.004858077260220399,0.04585923612158589,0.0,0.0,0.0,0.0,0.0,0.0,0.0,0.0,0.0,0.0,0.0,0.0,0.0
FGF7,PDGFRB,0.0,0.0,0.0,0.0,0.0,0.0,0.0,0.0,0.0,0.0,0.0,0.0,0.0,0.32578631033517136,0.19611000918959037,0.18148412224827865,0.15447935768777335,0.17497138433014228,0.0,0.248479726300036,0.11880342515445508,0.10417753821314332,0.07717277365263804,0.09766480029500697,0.0,0.29461930882661863,0.16494300768103767,0.15031712073972592,0.12331235617922065,0.14380438282158958,0.0,0.27872040426576294,0.14904410312018196,0.13441821617887023,0.10741345161836494,0.12790547826073387
CCL17,CXCR6,0.0,0.0,0.0,0.0,0.0,0.0,0.0,0.0,0.09887855369608359,0.09537911921648637,0.11048505113537149,0.1170088336065218,0.0,0.0,0.07019322392452193,0.06669378944492471,0.08179972136380984,0.08832350383496014,0.0,0.0,0.017211063220355344,0.013711628740758122,0.028817560659643245,0.03534134313079355,0.0,0.0,0.08382446647849452,0.0803250319988973,0.09543096391778243,0.10195474638893273,0.0,0.0,0.0,0.0,0.0,0.0
CXCL12,MMP9,0.0,0.0,0.0,0.0,0.0,0.0,0.0,0.0,0.0,0.32008533760942376,0.4697886573192769,0.0,0.0,0.0,0.0,0.17256567171790005,0.32226899142775317,0.0,0.0,0.0,0.0,0.04722862419773606,0.19693194390758917,0.0,0.0,0.0,0.0,0.08424129763267751,0.23394461734253064,0.0,0.0,0.0,0.0,0.10757822174374111,0.2572815414535942,0.0
CXCL3,CCR4,0.0,0.0,0.0,0.0,0.0,0.0,0.0,0.0,0.0,0.0,0.0,0.0,0.0,0.0,0.0,0.005721269546083592,0.0,0.0,0.0,0.0,0.0,0.0015030515711985963,0.0,0.0,0.0,0.0,0.0,0.0,0.0,0.0,0.0,0.0,0.0,0.0,0.0,0.0
IGF1,FLT1,0.0,0.0,0.0,0.0,0.0,0.0,0.0,0.0,0.0,0.0,0.0,0.0,0.6205883904633274,0.4881955837970893,0.09109764812461822,0.11844411489679493,0.13390791365143312,0.13254960782339034,0.586282584200671,0.45388977753443305,0.05679184186196197,0.08413830863413868,0.09960210738877684,0.09824380156073409,0.6253968947812131,0.4930040881149751,0.09590615244250397,0.1232526192146807,0.13871641796931886,0.13735811214127608,0.5867128838192333,0.4543200771529953,0.0572221414805242,0.08456860825270092,0.10003240700733908,0.09867410117929631
IL13,MUC5AC,0.0,0.0,0.0,0.0,0.0,0.0,0.0,0.0,0.0,0.0,0.0,0.0,0.0,0.0,0.0,0.0,0.0,0.0,0.0,0.0,0.0,0.0,0.0,0.0,0.0,0.0,0.0,0.0,0.0,0.0,0.0,0.0,0.0,0.0,0.0,0.0
CXCL14,CCR4,0.0,0.0,0.0,0.0,0.0,0.0,0.0,0.0,0.0,0.0,0.0,0.0,0.0,0.0,0.0,0.4209281483250085,0.0,0.0,0.0,0.0,0.0,0.3874276926315243,0.0,0.0,0.0,0.0,0.0,0.464037100071859,0.0,0.0,0.0,0.0,0.0,0.21536937899465336,0.0,0.0
OSM,F3,0.0,0.0,0.0,0.0,0.0,0.0,0.0,0.0,0.0,0.0,0.0,0.0,0.0,0.0,0.0,0.0,0.0,0.0,0.0,0.0,0.033924211511487556,0.064543440707509,0.06031027532751538,0.0,0.0,0.0,0.0,0.0,0.0,0.0,0.0,0.0,0.0,0.0,0.0,0.0
CCL4,CCR6,0.0,0.0,0.0,0.0,0.0,0.0,0.0,0.0,0.0,0.0,0.0,0.0,0.0,0.0,0.033898193912812506,0.0299944142395388,0.041730251644358674,0.0,0.0,0.0,0.019947796458986665,0.01604401678571296,0.02777985419053284,0.0,0.0,0.0,0.07327055817702638,0.06936677850375267,0.08110261590857254,0.0,0.0,0.0,0.05152718466361451,0.047623404990340804,0.05935924239516068,0.0
HLA-G,KLRC2,0.0,0.0,0.0,0.0,0.0,0.0,0.0,0.0,0.0,0.0,0.0,0.0,0.0,0.0,0.0,0.0,0.0,0.0,0.0,0.0,0.0,0.0,0.0,0.0,0.0,0.0,0.0,0.0,0.0,0.0,0.0,0.0,0.0,0.0,0.0,0.0
CSF2,TNF,0.0,0.0,0.0,0.0,0.0,0.0,0.0,0.0,0.0,0.0,0.0,0.0,0.0,0.0,0.0,0.0,0.0,0.0,0.0,0.0,0.0,0.004660303934241523,0.0,0.0,0.0,0.0,0.0,0.0,0.0,0.0,0.0,0.0,0.0,0.0,0.0,0.0
IGF1,FGFR2,0.0,0.0,0.0,0.0,0.0,0.0,0.0,0.0,0.0,0.0,0.0,0.0,0.0,0.12586524926993742,0.06962299131485353,0.14871532801891507,0.09446399150401688,0.0,0.0,0.09155944300728117,0.035317185052197275,0.11440952175625882,0.06015818524136062,0.0,0.0,0.13067375358782318,0.07443149563273928,0.15352383233680084,0.09927249582190263,0.0,0.0,0.09198974262584339,0.035747484670759506,0.11483982137482104,0.06058848485992285,0.0
CCL3,CCR6,0.0,0.0,0.0,0.0,0.0,0.0,0.0,0.0,0.0,0.0,0.0,0.0,0.0,0.0,0.030166641536007927,0.02626286186273422,0.0379986992675541,0.0,0.0,0.0,0.01847267473091868,0.014568895057644974,0.026304732462464855,0.0,0.0,0.0,0.049175610579589635,0.04527183090631593,0.05700766831113581,0.0,0.0,0.0,0.03612733524878907,0.03222355557551536,0.04395939298033524,0.0
IFNG,CCR6,0.0,0.0,0.0,0.0,0.0,0.0,0.0,0.0,0.0,0.0,0.0,0.0,0.0,0.0,0.0,0.0,0.0,0.0,0.0,0.0,0.0,0.0,0.0,0.0,0.0,0.0,0.0,0.0,0.0,0.0,0.0,0.0,0.0,0.0,0.0,0.0
CXCL6,CCR7,0.0,0.0,0.0,0.0,0.0,0.0,0.0,0.0,0.0,0.0,0.0,0.0,0.0,0.0,0.0,0.0,0.0,0.0,0.0,0.0,0.0,0.0,0.0,0.0,0.0,0.0,0.0,0.0,0.0,0.0,0.0,0.0,0.0,0.0,0.0,0.0
CCL4,CCR4,0.0,0.0,0.0,0.0,0.0,0.0,0.0,0.0,0.0,0.0,0.0,0.0,0.0,0.0,0.0,0.025685286849198026,0.0,0.0,0.0,0.0,0.0,0.011734889395372188,0.0,0.0,0.0,0.0,0.0,0.0650576511134119,0.0,0.0,0.0,0.0,0.0,0.043314277600000034,0.0,0.0
CCL23,CCR6,0.0,0.0,0.0,0.0,0.0,0.0,0.0,0.0,0.0,0.0,0.0,0.0,0.0,0.0,0.014012862400836256,0.01010908272756255,0.021844920132382428,0.0,0.0,0.0,0.009682270369097124,0.005778490695823419,0.0175143281006433,0.0,0.0,0.0,0.0145392699363594,0.010635490263085693,0.022371327667905574,0.0,0.0,0.0,0.0,0.0,0.0,0.0
CCL14,CCR4,0.0,0.0,0.0,0.0,0.0,0.0,0.0,0.0,0.0,0.15590483036969813,0.0,0.0,0.0,0.0,0.0,0.06868445604375274,0.0,0.0,0.0,0.0,0.0,0.06171628406599234,0.0,0.0,0.0,0.0,0.0,0.11761682401142001,0.0,0.0,0.0,0.0,0.0,0.038887314920917335,0.0,0.0
OSM,ADAMTS4,0.0,0.0,0.0,0.0,0.0,0.0,0.0,0.0,0.0,0.0,0.0,0.0,0.0,0.0,0.0,0.0,0.0,0.0,0.5567702467219706,0.09453490667168199,0.026082421453918415,0.0116756165090545,0.0,0.008922230156474333,0.0,0.0,0.0,0.0,0.0,0.0,0.0,0.0,0.0,0.0,0.0,0.0
ADM,HMOX1,0.0,0.0,0.0,0.0,0.0,0.0,0.0,0.0,0.0,0.0,0.0,0.0,0.0,0.0,0.3655538719341937,0.11010228913521425,0.6167142392149739,0.08469755340553888,0.0,0.0,0.37031794956851344,0.11486636676953403,0.6214783168492938,0.08946163103985866,0.0,0.0,0.35099549329802443,0.09554391049904498,0.6021558605788047,0.07013917476936961,0.0,0.0,0.0,0.0,0.0,0.0
CCL8,CCR6,0.0,0.0,0.0,0.0,0.0,0.0,0.0,0.0,0.0,0.0,0.0,0.0,0.0,0.0,0.011851239874659773,0.007947460201386066,0.019683297606205945,0.0,0.0,0.0,0.009240230001539833,0.005336450328266126,0.017072287733086004,0.0,0.0,0.0,0.0,0.0,0.0,0.0,0.0,0.0,0.0,0.0,0.0,0.0
IL6,INSR,0.0,0.0,0.0,0.0,0.0,0.0,0.0,0.0,0.0,0.0,0.0,0.0,0.0,0.15273088240719224,0.06838896882581902,0.2219544964431316,0.0559575319592531,0.055829852516958434,0.0,0.13752155019468387,0.05317963661331064,0.20674516423062322,0.040748199746744714,0.04062052030445005,0.0,0.16790258675290826,0.08356067317153504,0.2371262007888476,0.07112923630496912,0.07100155686267445,0.0,0.0,0.0,0.0,0.0,0.0
CCL3L1,CCR7,0.0,0.0,0.0,0.0,0.0,0.0,0.0,0.0,0.0,0.0,0.0,0.0,0.0,0.0,0.03835661176696839,0.01888558272264352,0.05988674158400901,0.0,0.0,0.0,0.02506861885667269,0.00559758981234782,0.04659874867371331,0.0,0.0,0.0,0.03668607233745355,0.01721504329312868,0.05821620215449417,0.0,0.0,0.0,0.03248904608774899,0.013018017043424122,0.05401917590478961,0.0
DKK1,LRP1,0.0,0.0,0.0,0.0,0.0,0.0,0.0,0.0,0.0,0.0,0.0,0.0,0.0,0.0,0.0,0.0,0.0,0.0,0.0,0.19758621128191386,0.7388235894980867,0.21094603901658104,0.5517312184572256,0.3188295364286757,0.0,0.0,0.0,0.0,0.0,0.0,0.0,0.0,0.0,0.0,0.0,0.0
IGF1,KDR,0.0,0.0,0.0,0.0,0.0,0.0,0.0,0.0,0.0,0.0,0.0,0.0,0.0,0.0,0.08613807633219953,0.09159331617729843,0.09991609214904873,0.08310110684335995,0.0,0.0,0.051832270069543274,0.057287509914642175,0.06561028588639246,0.04879530058070368,0.0,0.0,0.09094658065008528,0.09640182049518418,0.10472459646693447,0.08790961116124568,0.0,0.0,0.052262569688105505,0.057717809533204406,0.0660405855049547,0.04922560019926592
CXCL6,CCR4,0.0,0.0,0.0,0.0,0.0,0.0,0.0,0.0,0.0,0.0,0.0,0.0,0.0,0.0,0.0,0.0,0.0,0.0,0.0,0.0,0.0,0.0,0.0,0.0,0.0,0.0,0.0,0.0,0.0,0.0,0.0,0.0,0.0,0.0,0.0,0.0
CCL21,CXCL10,0.0,0.0,1.2409944960391186,1.2411302967765774,0.0,0.0,0.0,0.0,0.5034146053792413,0.5035504061167002,0.0,0.0,0.0,0.0,0.5282880383801747,0.5284238391176336,0.0,0.0,0.0,0.0,0.06474741939757998,0.06488322013503879,0.0,0.0,0.0,0.0,0.2636467456263283,0.26378254636378706,0.0,0.0,0.0,0.0,0.18091383990078522,0.18104964063824402,0.0,0.0
CCL26,CCR6,0.0,0.0,0.0,0.0,0.0,0.0,0.0,0.0,0.0,0.0,0.0,0.0,0.0,0.0,0.02726481190646987,0.023361032233196168,0.035096869638016046,0.0,0.0,0.0,0.013900038198697121,0.009996258525423414,0.021732095930243292,0.0,0.0,0.0,0.02438135096447787,0.020477571291204165,0.03221340869602404,0.0,0.0,0.0,0.0,0.0,0.0,0.0
CCL7,CCR6,0.0,0.0,0.0,0.0,0.0,0.0,0.0,0.0,0.0,0.0,0.0,0.0,0.0,0.0,0.0,0.0,0.0,0.0,0.0,0.0,0.00858424536885249,0.004680465695578783,0.016416303100398662,0.0,0.0,0.0,0.0,0.0,0.0,0.0,0.0,0.0,0.0,0.0,0.0,0.0
IL10,CSF1,0.0,0.0,0.0,0.0,0.0,0.0,0.0,0.0,0.0,0.0,0.0,0.0,0.558501287636508,0.0,0.06526004143029332,0.028941184363040124,0.018409664296771277,0.01758729505817487,0.5560906417183111,0.0,0.06284939551209653,0.02653053844484333,0.015999018378574485,0.015176649139978082,0.5653383825954638,0.0,0.07209713638924918,0.03577827932199598,0.025246759255727134,0.02442439001713073,0.0,0.0,0.0,0.0,0.0,0.0
THBS1,ITGB6,0.0,0.0,0.0,0.0,0.0,0.0,0.0,0.0,0.5313162296856537,0.5680234744684393,0.5825162122871045,0.0,0.0,0.0,0.25681536767377433,0.2935226124565599,0.30801535027522514,0.0,0.0,0.0,0.048938955504828685,0.08564620028761427,0.1001389381062795,0.0,0.0,0.0,0.09746426183283896,0.13417150661562455,0.14866424443428977,0.0,0.0,0.0,0.2031228269308577,0.2398300717136433,0.2543228095323085,0.0
PRSS1,PRSS2,0.0,0.0,0.0,0.0,0.0,0.0,0.0,0.0,0.0,0.0,0.0,0.0,0.0,0.0,0.00912000568037531,0.05125083759666961,0.01663581208985191,0.033457403776636085,0.0,0.0,0.018807928860966546,0.06093876077726085,0.026323735270443148,0.04314532695722732,0.0,0.0,0.0,0.0,0.0,0.0,0.0,0.0,0.0,0.0,0.0,0.0
IL17F,CXCL10,0.0,0.0,0.0,0.0,0.0,0.0,0.0,0.0,0.0,0.0,0.0,0.0,0.0,0.0,0.0,0.0,0.0,0.0,0.0,0.0,0.003132936186830417,0.003268736924289223,0.0,0.0,0.0,0.0,0.0,0.0,0.0,0.0,0.0,0.0,0.0,0.0,0.0,0.0
VEGFA,CDH5,0.0,0.0,0.0,0.0,0.0,0.0,0.0,0.0,0.0,0.0,0.0,0.0,0.0,0.4517218633349162,0.08164748417804518,0.0989021260968014,0.05490116442114121,0.053693936109629886,0.0,0.6276307945941608,0.25755641543728985,0.27481105735604605,0.23081009568038585,0.22960286736887453,0.0,0.46224057412984076,0.09216619497296977,0.10942083689172598,0.06541987521606579,0.06421264690455447,0.0,0.43290273384614425,0.06282835468927322,0.08008299660802944,0.03608203493236925,0.03487480662085793
THBS4,ITGB6,0.0,0.0,0.0,0.0,0.0,0.0,0.0,0.0,0.0,0.0,0.0,0.0,0.0,0.0,0.04378022199653717,0.08048746677932275,0.09498020459798798,0.0,0.0,0.0,0.006870215288577715,0.043577460071363296,0.05807019789002852,0.0,0.0,0.0,0.013667609570168007,0.05037485435295359,0.0648675921716188,0.0,0.0,0.0,0.0,0.0,0.0,0.0
TNF,MUC5AC,0.0,0.0,0.0,0.0,0.0,0.0,0.0,0.0,0.0,0.0,0.0,0.0,0.0,0.0,0.0,0.0,0.0,0.0,0.0,0.0,0.0,0.0,0.0,0.0,0.0,0.0,0.0,0.0,0.0,0.0,0.0,0.0,0.0,0.0,0.0,0.0
CCL5,CXCR6,0.0,0.0,0.0,0.0,0.0,0.0,0.0,0.0,0.16988644405677958,0.16638700957718236,0.18149294149606748,0.18801672396721777,0.0,0.0,0.1472710359048652,0.143771601425268,0.1588775333441531,0.1654013158153034,0.0,0.0,0.03608348306587762,0.032584048586280404,0.04768998050516553,0.05421376297631583,0.0,0.0,0.21582579222800893,0.21232635774841171,0.22743228966729684,0.23395607213844713,0.0,0.0,0.10160000733799984,0.09810057285840262,0.11320650477728775,0.11973028724843805
CCL18,CCR7,0.0,0.0,0.0,0.0,0.0,0.0,0.0,0.0,0.0,0.0,0.0,0.0,0.0,0.0,0.05698813085096428,0.03751710180663941,0.07851826066800491,0.0,0.0,0.0,0.05336935991985435,0.03389833087552949,0.07489948973689498,0.0,0.0,0.0,0.30175672979567525,0.2822857007513504,0.32328685961271586,0.0,0.0,0.0,0.04393607639361141,0.024465047349286548,0.06546620621065204,0.0
IL2,C3,0.0,0.0,0.0,0.0,0.0,0.0,0.0,0.0,0.0,0.0,0.0,0.0,0.0,0.0,0.0,0.0,0.0,0.0,0.0,0.0,0.0,0.0,0.0,0.0,0.0,0.0,0.0,0.0,0.0,0.0,0.0,0.0,0.0,0.0,0.0,0.0
CSF2,CD1C,0.0,0.0,0.0,0.0,0.0,0.0,0.0,0.0,0.0,0.0,0.0,0.0,0.0,0.0,0.0,0.0,0.0,0.0,0.0,0.0,0.012150343557517089,0.006208501662898935,0.0106541780643379,0.0,0.0,0.0,0.0,0.0,0.0,0.0,0.0,0.0,0.0,0.0,0.0,0.0
IL1A,PLAU,0.0,0.0,0.0,0.0,0.0,0.0,0.0,0.0,0.0,0.0,0.0,0.0,0.0,0.0,0.0,0.0,0.0,0.0,0.0,0.0,0.0,0.0,0.0,0.0,0.0,0.0,0.0,0.0,0.0,0.0,0.0,0.0,0.0,0.0,0.0,0.0
CXCL5,CCR6,0.0,0.0,0.0,0.0,0.0,0.0,0.0,0.0,0.0,0.0,0.0,0.0,0.0,0.0,0.0,0.0,0.0,0.0,0.0,0.0,0.0,0.0,0.0,0.0,0.0,0.0,0.0,0.0,0.0,0.0,0.0,0.0,0.0,0.0,0.0,0.0
CCN1,IL17A,0.0,0.0,0.0,0.0,0.0,0.0,0.0,0.0,0.0,0.0,0.0,0.0,0.0,0.0,0.0,0.0,0.0,0.0,0.0,0.0,0.0,0.0,0.0,0.0,0.0,0.0,0.0,0.0,0.0,0.0,0.0,0.0,0.0,0.0,0.0,0.0
CCL21,CCR6,0.0,0.0,1.246464313034073,1.2425605333607992,1.2542963707656192,0.0,0.0,0.0,0.5088844223741956,0.5049806427009219,0.5167164801057418,0.0,0.0,0.0,0.533757855375129,0.5298540757018553,0.5415899131066751,0.0,0.0,0.0,0.0702172363925343,0.06631345671926059,0.07804929412408046,0.0,0.0,0.0,0.2691165626212826,0.2652127829480089,0.27694862035282874,0.0,0.0,0.0,0.18638365689573952,0.1824798772224658,0.1942157146272857,0.0
CXCL10,CCR6,0.0,0.0,0.0,0.0,0.0,0.0,0.0,0.0,0.0,0.0,0.0,0.0,0.0,0.0,0.011487587149363446,0.007583807476089739,0.01931964488090962,0.0,0.0,0.0,0.011623387886822252,0.007719608213548545,0.019455445618368424,0.0,0.0,0.0,0.0,0.0,0.0,0.0,0.0,0.0,0.0,0.0,0.0,0.0
CSF2,CPE,0.0,0.0,0.0,0.0,0.0,0.0,0.0,0.0,0.0,0.0,0.0,0.0,0.0,0.0,0.0,0.0,0.0,0.0,0.0,0.0,0.30855661334913165,0.777586838924238,0.23877611961407405,0.1357192358971866,0.0,0.0,0.0,0.0,0.0,0.0,0.0,0.0,0.0,0.0,0.0,0.0
IL1B,LDLR,0.0,0.0,0.0,0.0,0.0,0.0,0.0,0.0,0.0,0.0,0.0,0.0,0.0,0.0,0.02202127568693046,0.03468380774806122,0.044706543311838924,0.0374831638139458,0.0,0.0,0.019068332991064585,0.03173086505219534,0.04175360061597305,0.03453022111807993,0.0,0.0,0.0,0.0,0.0,0.0,0.0,0.0,0.0,0.0,0.0,0.0
SPP1,ITGA6,0.0,0.0,0.0,0.0,0.0,0.0,0.0,0.0,0.0,0.0,0.0,0.0,0.0,0.15608801016914248,0.06607642925407992,0.08875429102509053,0.06653109781209421,0.0,0.0,0.14447332622251383,0.05446174530745125,0.07713960707846186,0.054916413865465544,0.0,0.0,0.428060387608999,0.33804880669393644,0.36072666846494705,0.33850347525195074,0.0,0.0,0.0,0.0,0.0,0.0,0.0
CXCL2,CCR4,0.0,0.0,0.0,0.0,0.0,0.0,0.0,0.0,0.0,0.3925260228931095,0.0,0.0,0.0,0.0,0.0,0.02444156125062147,0.0,0.0,0.0,0.0,0.0,0.01994425366412443,0.0,0.0,0.0,0.0,0.0,0.0636499870402709,0.0,0.0,0.0,0.0,0.0,0.02711109087126246,0.0,0.0
VWF,ITGB6,0.0,0.0,0.884453331131533,0.9211605759143185,0.9356533137329838,0.0,0.0,0.0,1.3611440918121405,1.3978513365949259,1.4123440744135913,0.0,0.0,0.0,0.44458989948632727,0.48129714426911285,0.4957898820877781,0.0,0.0,0.0,0.25320272482000344,0.28990996960278903,0.30440270742145425,0.0,0.0,0.0,0.47448241340889785,0.5111896581916835,0.5256823960103487,0.0,0.0,0.0,0.15714295973260717,0.19385020451539275,0.20834294233405798,0.0
EDN1,MMP1,0.0,0.0,0.0,0.0,0.0,0.0,0.0,0.0,0.3980234981745875,0.39551739839070693,0.0,0.0,0.0,0.0,0.029612507446702706,0.027106407662822136,0.0,0.0,0.0,0.0,0.014015561240773423,0.011509461456892855,0.0,0.0,0.0,0.0,0.02166591918234139,0.01915981939846082,0.0,0.0,0.0,0.0,0.05291734032058159,0.05041124053670102,0.0,0.0
VEGFA,VCAM1,0.0,0.0,0.0,0.0,0.0,0.0,0.0,0.0,0.0,0.0,0.0,0.0,0.0,0.0,0.06858340348584585,0.04869596284853602,0.07022412049798071,0.05180236049140618,0.0,0.0,0.2444923347450905,0.22460489410778067,0.24613305175722539,0.22771129175065083,0.0,0.0,0.07910211428077044,0.05921467364346061,0.0807428312929053,0.06232107128633076,0.0,0.0,0.04976427399707389,0.029876833359764064,0.05140499100920876,0.03298323100263422
S100B,TNF,0.0,0.0,0.0,0.0,0.0,0.0,0.0,0.0,0.0,0.0,0.0,0.0,0.0,0.0,0.0,0.03150834660466537,0.0,0.0,0.0,0.0,0.0,0.014279348567665984,0.0,0.0,0.0,0.0,0.0,0.09612517953486398,0.0,0.0,0.0,0.0,0.0,0.04171238642937503,0.0,0.0
IL13,PTGS2,0.0,0.0,0.0,0.0,0.0,0.0,0.0,0.0,0.0,0.0,0.0,0.0,0.0,0.0,0.0,0.0,0.0,0.0,0.0,0.0,0.0,0.0,0.0,0.0,0.0,0.0,0.0,0.0,0.0,0.0,0.0,0.0,0.0,0.0,0.0,0.0
CCL26,CCR7,0.0,0.0,0.0,0.0,0.0,0.0,0.0,0.0,0.0,0.0,0.0,0.0,0.0,0.0,0.039970530324192885,0.02049950127986802,0.06150066014123351,0.0,0.0,0.0,0.02660575661642014,0.007134727572095268,0.048135886433460756,0.0,0.0,0.0,0.03708706938220088,0.01761604033787602,0.05861719919924151,0.0,0.0,0.0,0.0,0.0,0.0,0.0
CD40LG,VCAM1,0.0,0.0,0.0,0.0,0.0,0.0,0.0,0.0,0.0,0.0,0.0,0.0,0.0,0.0,0.030222574869791668,0.010335134232481844,0.03186329188192654,0.013441531875352,0.0,0.0,0.025242772866068516,0.00535533222875869,0.02688348987820339,0.008461729871628847,0.0,0.0,0.0,0.0,0.0,0.0,0.0,0.0,0.0,0.0,0.0,0.0
TNF,F3,0.0,0.0,0.0,0.0,0.0,0.0,0.0,0.0,0.0,0.0,0.0,0.0,0.0,0.0,0.0,0.0,0.0,0.0,0.0,0.0,0.03321493075567676,0.06383415995169821,0.059600994571704584,0.0,0.0,0.0,0.0,0.0,0.0,0.0,0.0,0.0,0.0,0.0,0.0,0.0
IL17A,PTGS2,0.0,0.0,0.0,0.0,0.0,0.0,0.0,0.0,0.0,0.0,0.0,0.0,0.0,0.0,0.0,0.0,0.0,0.0,0.0,0.0,0.0,0.0,0.0,0.0,0.0,0.0,0.0,0.0,0.0,0.0,0.0,0.0,0.0,0.0,0.0,0.0
CXCL1,CCR6,0.0,0.0,0.0,0.0,0.0,0.0,0.0,0.0,0.0,0.0,0.0,0.0,0.0,0.0,0.0,0.0,0.0,0.0,0.0,0.0,0.009178006688964284,0.0052742270156905776,0.017010064420510458,0.0,0.0,0.0,0.0,0.0,0.0,0.0,0.0,0.0,0.0,0.0,0.0,0.0
CXCL14,CXCR6,0.0,0.0,0.0,0.0,0.0,0.0,0.0,0.0,0.0,0.0,0.0,0.0,0.0,0.0,0.4257819748307807,0.42228254035118346,0.43738847227006855,0.44391225474121887,0.0,0.0,0.3922815191372965,0.38878208465769926,0.40388801657658435,0.41041179904773467,0.0,0.0,0.46889092657763115,0.46539149209803393,0.48049742401691903,0.48702120648806935,0.0,0.0,0.2202232055004255,0.2167237710208283,0.23182970293971342,0.2383534854108637
IFNG,VCAM1,0.0,0.0,0.0,0.0,0.0,0.0,0.0,0.0,0.0,0.0,0.0,0.0,0.0,0.0,0.0,0.0,0.0,0.0,0.0,0.0,0.0,0.0,0.0,0.0,0.0,0.0,0.0,0.0,0.0,0.0,0.0,0.0,0.0,0.0,0.0,0.0
TNF,PIGR,0.0,0.0,0.0,0.0,0.0,0.0,0.0,0.0,0.0,0.0,0.0,0.0,0.0,0.0,0.0,0.0,0.0,0.0,0.0,0.0,0.009675739486663948,0.0022454050244027674,0.0,0.0,0.0,0.0,0.0,0.0,0.0,0.0,0.0,0.0,0.0,0.0,0.0,0.0
CCL5,CXCL12,0.0,0.0,0.0,0.0,0.0,0.0,0.0,0.47769203356334144,0.33017236767181773,0.20483532015165373,0.2418479935865952,0.2651849176976588,0.0,0.455076625411427,0.30755695951990336,0.18221991199973936,0.21923258543468083,0.2425695095457444,0.0,0.34388907257243945,0.1963694066809158,0.07103235916075179,0.10804503259569324,0.13138195670675684,0.0,0.5236313817345708,0.3761117158430471,0.2507746683228831,0.28778734175782456,0.31112426586888814,0.0,0.4094055968445617,0.261885930953038,0.13654888343287402,0.17356155686781546,0.19689848097887908
IL10,DCN,0.0,0.0,0.0,0.0,0.0,0.0,0.0,0.0,0.0,0.0,0.0,0.0,0.0,0.31693547259646454,1.0070050140940041,0.158894268880701,0.5479529783605295,0.4169024571966803,0.0,0.3145248266782677,1.0045943681758074,0.1564836229625042,0.5455423324423326,0.41449181127848345,0.0,0.3237725675554204,1.0138421090529601,0.16573136383965686,0.5547900733194853,0.42373955215563613,0.0,0.0,0.0,0.0,0.0,0.0
CXCL8,CXCR6,0.0,0.0,0.0,0.0,0.0,0.0,0.0,0.0,0.0,0.0,0.0,0.0,0.0,0.0,0.014778068745471388,0.011278634265874167,0.02638456618475929,0.032908348655909594,0.0,0.0,0.006784413091541219,0.003284978611943999,0.018390910530829124,0.024914693001979425,0.0,0.0,0.018552679525220956,0.015053245045623736,0.030159176964508858,0.03668295943565916,0.0,0.0,0.0,0.0,0.0,0.0
EDN1,MCAM,0.0,0.0,0.0,0.0,0.0,0.0,0.0,0.7126203434807914,0.4395586892030599,0.4562057846880968,0.42091906078178487,0.4581148721180953,0.0,0.3442093527529066,0.07114769847517512,0.087794793960212,0.052508070053900055,0.08970388139021052,0.0,0.3286124065469773,0.055550752269245836,0.07219784775428272,0.03691112384797077,0.07410693518428124,0.0,0.3362627644885453,0.0632011102108138,0.07984820569585069,0.04456148178953874,0.0817572931258492,0.0,0.3675141856267855,0.094452531349054,0.11109962683409089,0.07581290292777894,0.1130087142640894
IL1B,VEGFA,0.0,0.0,0.0,0.0,0.0,0.0,0.0,0.0,0.0,0.0,0.0,0.0,0.0,0.0,0.048283311976007666,0.22419224323525233,0.05880202277093225,0.02946418248723571,0.0,0.0,0.045330369280141794,0.22123930053938645,0.05584908007506638,0.026511239791369833,0.0,0.0,0.0,0.0,0.0,0.0,0.0,0.0,0.0,0.0,0.0,0.0
CSF3,PLAUR,0.0,0.0,0.0,0.0,0.0,0.0,0.0,0.0,0.1786011364086565,0.15362392276664522,0.21490256828174256,0.14884757562117143,0.0,0.0,0.0,0.0,0.0,0.0,0.0,0.0,0.0,0.0,0.0,0.0,0.0,0.0,0.0,0.0,0.0,0.0,0.0,0.0,0.0,0.0,0.0,0.0
ADIPOQ,WIF1,0.0,0.0,0.0,0.0,0.0,0.0,0.0,0.0,0.0,0.0,0.0,0.0,0.0,0.0,0.0,0.0,0.0,0.0,0.0,0.0,0.0,0.0,0.0,0.0,0.0,0.0,0.0,0.0,0.0,0.0,0.0,0.0,0.0,0.0,0.0,0.0
IL1B,MMP1,0.0,0.0,0.0,0.0,0.0,0.0,0.0,0.0,0.0,0.0,0.0,0.0,0.0,0.0,0.010512108304893157,0.00800600852101259,0.0,0.0,0.0,0.0,0.007559165609027281,0.005053065825146714,0.0,0.0,0.0,0.0,0.0,0.0,0.0,0.0,0.0,0.0,0.0,0.0,0.0,0.0
CSF2,MMP1,0.0,0.0,0.0,0.0,0.0,0.0,0.0,0.0,0.0,0.0,0.0,0.0,0.0,0.0,0.0,0.0,0.0,0.0,0.0,0.0,0.01035688049015977,0.0078507807062792,0.0,0.0,0.0,0.0,0.0,0.0,0.0,0.0,0.0,0.0,0.0,0.0,0.0,0.0
CCL15,CCR7,0.0,0.0,0.0,0.0,0.0,0.0,0.0,0.0,0.0,0.0,0.0,0.0,0.0,0.0,0.0,0.0,0.0,0.0,0.0,0.0,0.0,0.0,0.0,0.0,0.0,0.0,0.0,0.0,0.0,0.0,0.0,0.0,0.0,0.0,0.0,0.0
CCL23,CCR4,0.0,0.0,0.0,0.0,0.0,0.0,0.0,0.0,0.0,0.0,0.0,0.0,0.0,0.0,0.0,0.005799955337221777,0.0,0.0,0.0,0.0,0.0,0.0014693633054826466,0.0,0.0,0.0,0.0,0.0,0.006326362872744922,0.0,0.0,0.0,0.0,0.0,0.0,0.0,0.0
VEGFD,PDGFRB,0.0,0.0,0.0,0.0,0.0,0.0,0.0,0.0,0.0,0.0,0.0,0.0,0.0,0.2446167105856943,0.11494040944011336,0.1003145224988016,0.07330975793829632,0.09380178458066525,0.0,0.0,0.0,0.0,0.0,0.0,0.0,0.0,0.0,0.0,0.0,0.0,0.0,0.0,0.0,0.0,0.0,0.0
CSF2,FCER2,0.0,0.0,0.0,0.0,0.0,0.0,0.0,0.0,0.0,0.0,0.0,0.0,0.0,0.0,0.0,0.0,0.0,0.0,0.0,0.0,0.0,0.004711122506085701,0.0,0.0,0.0,0.0,0.0,0.0,0.0,0.0,0.0,0.0,0.0,0.0,0.0,0.0
IL12B,TNF,0.0,0.0,0.0,0.0,0.0,0.0,0.0,0.0,0.0,0.0,0.0,0.0,0.0,0.0,0.0,0.0,0.0,0.0,0.0,0.0,0.0,0.0,0.0,0.0,0.0,0.0,0.0,0.0,0.0,0.0,0.0,0.0,0.0,0.0,0.0,0.0
IGFBP3,MMP14,0.0,0.0,0.0,0.0,0.0,0.0,0.0,0.6470097473689488,0.6850599354529476,0.579672139391336,0.6216355159617307,0.606231380592693,0.0,0.15680232132842195,0.1948525094124208,0.08946471335080913,0.13142808992120383,0.11602395455216613,0.0,0.20007265376489,0.23812284184888888,0.13273504578727718,0.1746984223576719,0.15929428698863418,0.0,0.15893989778999099,0.19699008587398986,0.09160228981237818,0.1335656663827729,0.11816153101373517,0.0,0.21264748596525812,0.25069767404925697,0.1453098779876453,0.18727325455804,0.17186911918900227
THBS2,ITGB6,0.0,0.0,0.5590333091207298,0.5957405539035153,0.6102332917221805,0.0,0.0,0.0,0.17526635142899216,0.21197359621177775,0.22646633403044297,0.0,0.0,0.0,0.4900607619898386,0.5267680067726241,0.5412607445912894,0.0,0.0,0.0,0.0738948377001745,0.11060208248296008,0.1250948203016253,0.0,0.0,0.0,0.21339402383237074,0.25010126861515636,0.2645940064338216,0.0,0.0,0.0,0.3530146407075675,0.3897218854903531,0.4042146233090183,0.0
CCL23,CCR7,0.0,0.0,0.0,0.0,0.0,0.0,0.0,0.0,0.0,0.0,0.0,0.0,0.0,0.0,0.02671858081855927,0.007247551774234403,0.04824871063559989,0.0,0.0,0.0,0.02238798878682014,0.002916959742495272,0.04391811860386076,0.0,0.0,0.0,0.027244988354082414,0.007773959309757547,0.04877511817112304,0.0,0.0,0.0,0.0,0.0,0.0,0.0
SPP1,PLAU,0.0,0.0,0.0,0.0,0.0,0.0,0.0,0.0,0.0,0.0,0.0,0.0,0.0,0.13383947807827423,0.09613865996939111,0.07684571103875568,0.11181859188592855,0.0,0.0,0.12222479413164555,0.08452397602276245,0.06523102709212703,0.10020390793929988,0.0,0.0,0.40581185551813076,0.36811103740924767,0.34881808847861223,0.38379096932578505,0.0,0.0,0.0,0.0,0.0,0.0,0.0
VEGFA,FLT4,0.0,0.0,0.0,0.0,0.0,0.0,0.0,0.0,0.0,0.0,0.0,0.0,0.0,0.10480560499980268,0.09581382494853682,0.07280186891797572,0.06285845456025585,0.05752308045742763,0.0,0.2807145362590473,0.27172275620778147,0.24871080017722036,0.23876738581950052,0.23343201171667227,0.0,0.11532431579472727,0.10633253574346141,0.0833205797129003,0.07337716535518043,0.06804179125235221,0.0,0.08598647551103072,0.07699469545976487,0.05398273942920376,0.0440393250714839,0.03870395096865567
LAMA4,ITGB6,0.0,0.0,0.6807995187230858,0.7175067635058713,0.7319995013245365,0.0,0.0,0.0,0.06431016792733986,0.10101741271012543,0.11551015052879066,0.0,0.0,0.0,0.11828637314608778,0.15499361792887334,0.16948635574753856,0.0,0.0,0.0,0.05808249745897365,0.09478974224175923,0.10928248006042446,0.0,0.0,0.0,0.06329755298281492,0.1000047977656005,0.11449753558426573,0.0,0.0,0.0,0.08675952587044122,0.1234667706532268,0.13795950847189203,0.0
CCL11,CXCR6,0.0,0.0,0.0,0.0,0.0,0.0,0.0,0.0,0.0,0.0,0.0,0.0,0.0,0.0,0.0,0.0,0.0,0.0,0.0,0.0,0.0055129922382048105,0.0020135577586075904,0.017119489677492713,0.023643272148643014,0.0,0.0,0.0,0.0,0.0,0.0,0.0,0.0,0.0,0.0,0.0,0.0
CCL19,CCR6,0.0,0.0,0.8204132328071747,0.816509453133901,0.8282452905387209,0.0,0.0,0.0,0.0,0.0,0.0,0.0,0.0,0.0,0.6489350324174965,0.6450312527442228,0.6567670901490427,0.0,0.0,0.0,0.0736739488677331,0.06977016919445939,0.08150600659927926,0.0,0.0,0.0,0.620828540613424,0.6169247609401503,0.6286605983449701,0.0,0.0,0.0,0.22930437747297952,0.2254005977997058,0.2371364352045257,0.0
IL1A,CXCL12,0.0,0.0,0.0,0.0,0.0,0.0,0.0,0.0,0.0,0.0,0.0,0.0,0.0,0.0,0.0,0.0,0.0,0.0,0.0,0.0,0.0,0.0,0.0,0.0,0.0,0.0,0.0,0.0,0.0,0.0,0.0,0.0,0.0,0.0,0.0,0.0
TNF,MMP13,0.0,0.0,0.0,0.0,0.0,0.0,0.0,0.0,0.0,0.0,0.0,0.0,0.0,0.0,0.0,0.0,0.0,0.0,0.0,0.0,0.0,0.0,0.0,0.0,0.0,0.0,0.0,0.0,0.0,0.0,0.0,0.0,0.0,0.0,0.0,0.0
PPBP,CCR7,0.0,0.0,0.0,0.0,0.0,0.0,0.0,0.0,0.0,0.0,0.0,0.0,0.0,0.0,0.0,0.0,0.0,0.0,0.0,0.0,0.021581131762891448,0.002110102718566578,0.043111261579932066,0.0,0.0,0.0,0.0,0.0,0.0,0.0,0.0,0.0,0.03134388263837488,0.01187285359405001,0.052874012455415495,0.0
CXCL12,GZMB,0.0,0.0,0.0,0.0,0.0,0.0,0.0,0.0,0.33032556935691726,0.3193134965435758,0.36623706405324147,0.0,0.0,0.0,0.18280590346539358,0.17179383065205214,0.2187173981617178,0.0,0.0,0.0,0.05746885594522956,0.04645678313188813,0.0933803506415538,0.0,0.0,0.0,0.09448152938017101,0.08346945656682958,0.13039302407649525,0.0,0.0,0.0,0.11781845349123461,0.10680638067789318,0.15372994818755886,0.0
IGF1,PDGFRA,0.0,0.0,0.0,0.0,0.0,0.0,0.0,0.0,0.0,0.0,0.0,0.0,0.0,0.0,0.13508047995318373,0.07642602552011776,0.11762259352839641,0.1057279435767445,0.0,0.0,0.10077467369052745,0.04212021925746151,0.08331678726574016,0.07142213731408825,0.0,0.0,0.13988898427106947,0.08123452983800351,0.12243109784628216,0.11053644789463025,0.0,0.0,0.10120497330908969,0.04255051887602374,0.08374708688430238,0.07185243693265048
IFNG,CSF1,0.0,0.0,0.0,0.0,0.0,0.0,0.0,0.0,0.0,0.0,0.0,0.0,0.0,0.0,0.0,0.0,0.0,0.0,0.0,0.0,0.0,0.0,0.0,0.0,0.0,0.0,0.0,0.0,0.0,0.0,0.0,0.0,0.0,0.0,0.0,0.0
VEGFD,PDGFRA,0.0,0.0,0.0,0.0,0.0,0.0,0.0,0.0,0.0,0.0,0.0,0.0,0.0,0.0,0.07383207887052054,0.015177624437454592,0.05637419244573323,0.04447954249408133,0.0,0.0,0.0,0.0,0.0,0.0,0.0,0.0,0.0,0.0,0.0,0.0,0.0,0.0,0.0,0.0,0.0,0.0
SST,F3,0.0,0.0,0.0,0.0,0.0,0.0,0.0,0.0,0.0,0.0,0.0,0.0,0.0,0.0,0.0,0.0,0.0,0.0,0.0,0.0,0.0,0.0,0.0,0.0,0.0,0.0,0.0,0.0,0.0,0.0,0.0,0.0,0.0,0.0,0.0,0.0
IL12B,GZMB,0.0,0.0,0.0,0.0,0.0,0.0,0.0,0.0,0.0,0.0,0.0,0.0,0.0,0.0,0.0,0.0,0.0,0.0,0.0,0.0,0.0,0.0,0.0,0.0,0.0,0.0,0.0,0.0,0.0,0.0,0.0,0.0,0.0,0.0,0.0,0.0
TNF,CHI3L1,0.0,0.0,0.0,0.0,0.0,0.0,0.0,0.0,0.0,0.0,0.0,0.0,0.0,0.0,0.0,0.0,0.0,0.0,0.0,0.0,0.0812546328034614,0.22463928096100647,0.2388504903624204,0.04316222931586629,0.0,0.0,0.0,0.0,0.0,0.0,0.0,0.0,0.0,0.0,0.0,0.0
CCL5,CCR7,0.0,0.0,0.0,0.0,0.0,0.0,0.0,0.0,0.18595124303234492,0.16648021398802004,0.20748137284938553,0.0,0.0,0.0,0.16333583488043055,0.14386480583610567,0.18486596469747116,0.0,0.0,0.0,0.05214828204144297,0.0326772529971181,0.07367841185848359,0.0,0.0,0.0,0.23189059120357428,0.2124195621592494,0.2534207210206149,0.0,0.0,0.0,0.1176648063135652,0.09819377726924032,0.13919493613060582,0.0
IFNG,IDO1,0.0,0.0,0.0,0.0,0.0,0.0,0.0,0.0,0.0,0.0,0.0,0.0,0.0,0.0,0.0,0.0,0.0,0.0,0.0,0.0,0.0,0.0,0.0,0.0,0.0,0.0,0.0,0.0,0.0,0.0,0.0,0.0,0.0,0.0,0.0,0.0
IL2,GZMB,0.0,0.0,0.0,0.0,0.0,0.0,0.0,0.0,0.0,0.0,0.0,0.0,0.0,0.0,0.0,0.0,0.0,0.0,0.0,0.0,0.0,0.0,0.0,0.0,0.0,0.0,0.0,0.0,0.0,0.0,0.0,0.0,0.0,0.0,0.0,0.0
IGF1,VEGFA,0.0,0.0,0.0,0.0,0.0,0.0,0.0,0.0,0.0,0.0,0.0,0.0,0.0,0.0,0.10812859219240856,0.28403752345165323,0.11864730298733314,0.0893094627036366,0.0,0.0,0.07382278592975229,0.24973171718899695,0.08434149672467688,0.055003656440980334,0.0,0.0,0.1129370965102943,0.28884602776953894,0.12345580730521888,0.09411796702152234,0.0,0.0,0.07425308554831453,0.2501620168075592,0.08477179634323911,0.05543395605954257
CCL11,CCR4,0.0,0.0,0.0,0.0,0.0,0.0,0.0,0.0,0.0,0.0,0.0,0.0,0.0,0.0,0.0,0.0,0.0,0.0,0.0,0.0,0.0,0.0006591657324326644,0.0,0.0,0.0,0.0,0.0,0.0,0.0,0.0,0.0,0.0,0.0,0.0,0.0,0.0
CXCL13,CCR7,0.0,0.0,0.0,0.0,0.0,0.0,0.0,0.0,0.0,0.0,0.0,0.0,0.0,0.0,0.0,0.0,0.0,0.0,0.0,0.0,0.021721071092043232,0.0022500420477183656,0.04325120090908385,0.0,0.0,0.0,0.0,0.0,0.0,0.0,0.0,0.0,0.0,0.0,0.0,0.0
FGF7,PLAU,0.0,0.0,0.0,0.0,0.0,0.0,0.0,0.0,0.0,0.0,0.0,0.0,0.0,0.17827424907985256,0.14057343097096944,0.12128048204033401,0.15625336288750688,0.0,0.0,0.10096766504471724,0.06326684693583413,0.04397389800519871,0.07894677885237157,0.0,0.0,0.14710724757129984,0.10940642946241674,0.09011348053178131,0.12508636137895418,0.0,0.0,0.13120834301044415,0.09350752490156103,0.0742145759709256,0.10918745681809847,0.0
CCL5,TNFRSF4,0.0,0.0,0.0,0.0,0.0,0.0,0.0,0.0,0.2308354577112663,0.21199761643780515,0.3282492349769238,0.1730347090727323,0.0,0.0,0.20822004955935192,0.18938220828589078,0.3056338268250095,0.15041930092081793,0.0,0.0,0.09703249672036435,0.0781946554469032,0.1944462739860219,0.03923174808183036,0.0,0.0,0.27677480588249564,0.2579369646090345,0.3741885831481532,0.21897405724396166,0.0,0.0,0.16254902099248658,0.14371117971902542,0.2599627982581441,0.10474827235395258
IL6,KDR,0.0,0.0,0.0,0.0,0.0,0.0,0.0,0.0,0.0,0.0,0.0,0.0,0.0,0.0,0.03825787559570558,0.04371311544080449,0.05203589141255477,0.035220906106865985,0.0,0.0,0.023048543383197197,0.028503783228296102,0.03682655920004639,0.020011573894357607,0.0,0.0,0.0534295799414216,0.058884819786520506,0.06720759575827079,0.05039261045258201,0.0,0.0,0.0,0.0,0.0,0.0
IFNG,CXCL12,0.0,0.0,0.0,0.0,0.0,0.0,0.0,0.0,0.0,0.0,0.0,0.0,0.0,0.0,0.0,0.0,0.0,0.0,0.0,0.0,0.0,0.0,0.0,0.0,0.0,0.0,0.0,0.0,0.0,0.0,0.0,0.0,0.0,0.0,0.0,0.0
DCN,VEGFA,0.0,0.0,0.0,0.0,0.0,0.0,0.0,0.0,0.35796293115314914,0.5338718624123938,0.3684816419480737,0.3391438016643772,0.0,0.0,1.0480324726506889,1.2239414039099334,1.0585511834456134,1.0292133431619168,0.0,0.0,0.19992172743738562,0.37583065869663024,0.2104404382323102,0.18110259794861366,0.0,0.0,0.588980436917214,0.7648893681764587,0.5994991477121386,0.5701613074284421,0.0,0.0,0.4579299157533649,0.6338388470126095,0.46844862654828945,0.43911078626459293
IL1B,CXCL10,0.0,0.0,0.0,0.0,0.0,0.0,0.0,0.0,0.0,0.0,0.0,0.0,0.0,0.0,0.007757723092075333,0.007893523829534139,0.0,0.0,0.0,0.0,0.004804780396209457,0.004940581133668263,0.0,0.0,0.0,0.0,0.0,0.0,0.0,0.0,0.0,0.0,0.0,0.0,0.0,0.0
XCL1,CCR6,0.0,0.0,0.0,0.0,0.0,0.0,0.0,0.0,0.0,0.0,0.0,0.0,0.0,0.0,0.0,0.0,0.0,0.0,0.0,0.0,0.008809205107944692,0.0049054254346709856,0.016641262839490866,0.0,0.0,0.0,0.017822812435567013,0.01391903276229331,0.025654870167113188,0.0,0.0,0.0,0.0,0.0,0.0,0.0
THBS4,ITGA6,0.0,0.0,0.0,0.0,0.0,0.0,0.0,0.0,0.0,0.0,0.0,0.0,0.0,0.15674864938049843,0.06673706846543584,0.08941493023644645,0.06719173702345013,0.0,0.0,0.11983864267253895,0.029827061757476382,0.05250492352848699,0.030281730315490675,0.0,0.0,0.12663603695412926,0.03662445603906667,0.05930231781007728,0.037079124597080966,0.0,0.0,0.0,0.0,0.0,0.0,0.0
TNF,CDH11,0.0,0.0,0.0,0.0,0.0,0.0,0.0,0.0,0.0,0.0,0.0,0.0,0.0,0.0,0.0,0.0,0.0,0.0,0.5560609659661598,0.17379725444555608,0.13357310813606624,0.023620891323728816,0.13648543996290782,0.11528402939174408,0.0,0.0,0.0,0.0,0.0,0.0,0.0,0.0,0.0,0.0,0.0,0.0
IL6,CCR7,0.0,0.0,0.0,0.0,0.0,0.0,0.0,0.0,0.0,0.0,0.0,0.0,0.0,0.0,0.03789833798465959,0.01842730894033472,0.059428467801700205,0.0,0.0,0.0,0.022689005772151206,0.0032179767278263383,0.04421913558919183,0.0,0.0,0.0,0.053070042330375614,0.03359901328605074,0.07460017214741624,0.0,0.0,0.0,0.0,0.0,0.0,0.0
CXCL3,CCR7,0.0,0.0,0.0,0.0,0.0,0.0,0.0,0.0,0.0,0.0,0.0,0.0,0.0,0.0,0.026639895027421086,0.007168865983096217,0.04817002484446171,0.0,0.0,0.0,0.02242167705253609,0.002950648008211222,0.04395180686957671,0.0,0.0,0.0,0.0,0.0,0.0,0.0,0.0,0.0,0.0,0.0,0.0,0.0
IFNG,CXCL10,0.0,0.0,0.0,0.0,0.0,0.0,0.0,0.0,0.0,0.0,0.0,0.0,0.0,0.0,0.0,0.0,0.0,0.0,0.0,0.0,0.0,0.0,0.0,0.0,0.0,0.0,0.0,0.0,0.0,0.0,0.0,0.0,0.0,0.0,0.0,0.0
S100A8,MMP1,0.0,0.0,0.0,0.0,0.0,0.0,0.0,0.0,0.0,0.0,0.0,0.0,0.0,0.0,0.229637333188191,0.22713123340431043,0.0,0.0,0.0,0.0,0.030129355653399213,0.027623255869518647,0.0,0.0,0.0,0.0,0.4954169397184295,0.4929108399345489,0.0,0.0,0.0,0.0,0.04230147998843937,0.0397953802045588,0.0,0.0
FGF7,SFTPA2,0.0,0.0,0.0,0.0,0.0,0.0,0.0,0.0,0.0,0.0,0.0,0.0,0.0,0.0,0.08681879656381875,0.0,0.0,0.0,0.0,0.0,0.009512212528683436,0.0,0.0,0.0,0.0,0.0,0.05565179505526604,0.0,0.0,0.0,0.0,0.0,0.03975289049441033,0.0,0.0,0.0
ADIPOQ,CXCL12,0.0,0.0,0.0,0.0,0.0,0.0,0.0,0.0,0.0,0.0,0.0,0.0,0.0,0.0,0.0,0.0,0.0,0.0,0.0,0.0,0.0,0.0,0.0,0.0,0.0,0.0,0.0,0.0,0.0,0.0,0.0,0.0,0.0,0.0,0.0,0.0
SAA1,F3,0.0,0.0,0.0,0.0,0.0,0.0,0.0,0.0,0.0,0.0,0.0,0.0,0.0,0.0,0.39215427373786527,0.4227735029338867,0.4185403375538931,0.0,0.0,0.0,0.05766532630372481,0.08828455549974626,0.08405139011975263,0.0,0.0,0.0,0.1485251225444485,0.17914435174046994,0.1749111863604763,0.0,0.0,0.0,0.2423256346194924,0.27294486381551386,0.26871169843552023,0.0
IL6,CXCL12,0.0,0.0,0.0,0.0,0.0,0.0,0.0,0.0,0.0,0.0,0.0,0.0,0.0,0.3296391285156561,0.1821194626241324,0.056782415103968406,0.09379508853890986,0.11713201264997346,0.0,0.3144297963031477,0.16691013041162403,0.04157308289146002,0.07858575632640148,0.10192268043746508,0.0,0.3448108328613721,0.19729116696984844,0.07195411944968443,0.10896679288462588,0.1323037169956895,0.0,0.0,0.0,0.0,0.0,0.0
CCL21,CXCR6,0.0,0.0,1.2431052324762306,1.2396057979966333,1.2547117299155186,1.2612355123866688,0.0,0.0,0.5055253418163533,0.5020259073367561,0.5171318392556412,0.5236556217267916,0.0,0.0,0.5303987748172867,0.5268993403376895,0.5420052722565746,0.5485290547277248,0.0,0.0,0.06685815583469196,0.06335872135509474,0.07846465327397986,0.08498843574513017,0.0,0.0,0.26575748206344024,0.262258047583843,0.2773639795027281,0.28388776197387844,0.0,0.0,0.1830245763378972,0.17952514185829999,0.1946310737771851,0.2011548562483354
CCL14,CXCR6,0.0,0.0,0.0,0.0,0.0,0.0,0.0,0.0,0.16075865687547028,0.15725922239587306,0.17236515431475818,0.17888893678590848,0.0,0.0,0.07353828254952488,0.07003884806992766,0.08514477998881279,0.09166856245996309,0.0,0.0,0.06657011057176448,0.06307067609216727,0.07817660801105239,0.08470039048220268,0.0,0.0,0.12247065051719215,0.11897121603759493,0.13407714795648007,0.14060093042763036,0.0,0.0,0.04374114142668948,0.04024170694709226,0.05534763886597738,0.06187142133712768
CCL11,CCR7,0.0,0.0,0.0,0.0,0.0,0.0,0.0,0.0,0.0,0.0,0.0,0.0,0.0,0.0,0.0,0.0,0.0,0.0,0.0,0.0,0.021577791213770157,0.0021067621694452897,0.04310792103081078,0.0,0.0,0.0,0.0,0.0,0.0,0.0,0.0,0.0,0.0,0.0,0.0,0.0
CXCL12,CCR7,0.0,0.0,0.0,0.0,0.0,0.0,0.0,0.0,0.3341096315107603,0.31463860246643544,0.3556397613278009,0.0,0.0,0.0,0.1865899656192366,0.16711893657491173,0.2081200954362772,0.0,0.0,0.0,0.0612529180990726,0.04178188905474773,0.08278304791611321,0.0,0.0,0.0,0.09826559153401405,0.07879456248968918,0.11979572135105468,0.0,0.0,0.0,0.12160251564507765,0.10213148660075277,0.14313264546211826,0.0
CCL17,CCR7,0.0,0.0,0.0,0.0,0.0,0.0,0.0,0.0,0.11494335267164894,0.09547232362732407,0.13647348248868957,0.0,0.0,0.0,0.08625802290008729,0.06678699385576241,0.10778815271712791,0.0,0.0,0.0,0.033275862195920686,0.013804833151595822,0.05480599201296131,0.0,0.0,0.0,0.09988926545405988,0.080418236409735,0.12141939527110049,0.0,0.0,0.0,0.0,0.0,0.0,0.0
CCL3L1,CXCR6,0.0,0.0,0.0,0.0,0.0,0.0,0.0,0.0,0.0,0.0,0.0,0.0,0.0,0.0,0.02229181279140304,0.01879237831180582,0.03389831023069094,0.040422092701841245,0.0,0.0,0.009003819881107341,0.005504385401510121,0.020610317320395245,0.027134099791545546,0.0,0.0,0.020621273361888202,0.01712183888229098,0.0322277708011761,0.038751553272326406,0.0,0.0,0.01642424711218364,0.012924812632586422,0.028030744551471545,0.03455452702262185
CXCL6,CCR6,0.0,0.0,0.0,0.0,0.0,0.0,0.0,0.0,0.0,0.0,0.0,0.0,0.0,0.0,0.0,0.0,0.0,0.0,0.0,0.0,0.0,0.0,0.0,0.0,0.0,0.0,0.0,0.0,0.0,0.0,0.0,0.0,0.0,0.0,0.0,0.0
IL1A,C3,0.0,0.0,0.0,0.0,0.0,0.0,0.0,0.0,0.0,0.0,0.0,0.0,0.0,0.0,0.0,0.0,0.0,0.0,0.0,0.0,0.0,0.0,0.0,0.0,0.0,0.0,0.0,0.0,0.0,0.0,0.0,0.0,0.0,0.0,0.0,0.0
IL6,CSF1,0.0,0.0,0.0,0.0,0.0,0.0,0.0,0.0,0.0,0.0,0.0,0.0,0.5727081897268333,0.0,0.07946694352061874,0.04314808645336554,0.03261656638709669,0.031794197148500285,0.5574988575143249,0.0,0.06425761130811036,0.027938754240857157,0.01740723417458831,0.016584864935991907,0.5878798940725494,0.0,0.09463864786633476,0.05831979079908156,0.047788270732812714,0.04696590149421631,0.0,0.0,0.0,0.0,0.0,0.0
IL6,GZMB,0.0,0.0,0.0,0.0,0.0,0.0,0.0,0.0,0.0,0.0,0.0,0.0,0.0,0.0,0.034114275830816554,0.02310220301747512,0.07002577052714079,0.0,0.0,0.0,0.018904943618308172,0.007892870804966739,0.054816438314632406,0.0,0.0,0.0,0.04928598017653257,0.03827390736319114,0.08519747487285681,0.0,0.0,0.0,0.0,0.0,0.0,0.0
IL1A,MMP9,0.0,0.0,0.0,0.0,0.0,0.0,0.0,0.0,0.0,0.0,0.0,0.0,0.0,0.0,0.0,0.0,0.0,0.0,0.0,0.0,0.0,0.0,0.0,0.0,0.0,0.0,0.0,0.0,0.0,0.0,0.0,0.0,0.0,0.0,0.0,0.0
SAA1,PTGS2,0.0,0.0,0.0,0.0,0.0,0.0,0.0,0.0,0.0,0.0,0.0,0.0,0.0,0.5327365974277446,0.3694210416341881,0.36611141220936005,0.0,0.3747536608101287,0.0,0.1982476499936041,0.034932094200047656,0.031622464775219614,0.0,0.0402647133759882,0.0,0.2891074462343278,0.12579189044077133,0.12248226101594328,0.0,0.13112450961671188,0.0,0.38290795830937174,0.21959240251581527,0.21628277309098723,0.0,0.22492502169175582
FGFR4,PLAU,0.0,0.0,0.0,0.0,0.0,0.0,0.0,0.0,0.0,0.0,0.0,0.0,0.0,0.09954440173101507,0.06184358362213196,0.04255063469149653,0.0775235155386694,0.0,0.0,0.0954061006133289,0.05770528250444579,0.03841233357381036,0.07338521442098322,0.0,0.0,0.0,0.0,0.0,0.0,0.0,0.0,0.0,0.0,0.0,0.0,0.0
TNF,PLAU,0.0,0.0,0.0,0.0,0.0,0.0,0.0,0.0,0.0,0.0,0.0,0.0,0.0,0.0,0.0,0.0,0.0,0.0,0.0,0.0938256259158712,0.056124807806988086,0.03683185887635266,0.07180473972352552,0.0,0.0,0.0,0.0,0.0,0.0,0.0,0.0,0.0,0.0,0.0,0.0,0.0
CSF2,CSF1,0.0,0.0,0.0,0.0,0.0,0.0,0.0,0.0,0.0,0.0,0.0,0.0,0.0,0.0,0.0,0.0,0.0,0.0,0.560587882432193,0.0,0.06734663622597842,0.03102777915872522,0.02049625909245637,0.019673889853859965,0.0,0.0,0.0,0.0,0.0,0.0,0.0,0.0,0.0,0.0,0.0,0.0
CXCL5,CCR4,0.0,0.0,0.0,0.0,0.0,0.0,0.0,0.0,0.0,0.0,0.0,0.0,0.0,0.0,0.0,0.0,0.0,0.0,0.0,0.0,0.0,0.0,0.0,0.0,0.0,0.0,0.0,0.0,0.0,0.0,0.0,0.0,0.0,0.0,0.0,0.0
VWF,ITGA6,0.0,0.9974217585154942,0.9074101776004316,0.9300880393714422,0.907864846158446,0.0,0.0,1.4741125191961018,1.3841009382810392,1.4067788000520496,1.3845556068390534,0.0,0.0,0.5575583268702885,0.46754674595522594,0.49022460772623655,0.46800141451324023,0.0,0.0,0.3661711522039647,0.2761595712889021,0.2988374330599127,0.2766142398469164,0.0,0.0,0.5874508407928591,0.4974392598777965,0.5201171216488072,0.4978939284358108,0.0,0.0,0.2701113871165684,0.18009980620150584,0.20277766797251645,0.18055447475952013,0.0
CXCL8,CCR4,0.0,0.0,0.0,0.0,0.0,0.0,0.0,0.0,0.0,0.0,0.0,0.0,0.0,0.0,0.0,0.009924242239699241,0.0,0.0,0.0,0.0,0.0,0.0019305865857690728,0.0,0.0,0.0,0.0,0.0,0.01369885301944881,0.0,0.0,0.0,0.0,0.0,0.0,0.0,0.0
IL2,PRF1,0.0,0.0,0.0,0.0,0.0,0.0,0.0,0.0,0.0,0.0,0.0,0.0,0.0,0.0,0.0,0.0,0.0,0.0,0.0,0.0,0.0,0.0,0.0,0.0,0.0,0.0,0.0,0.0,0.0,0.0,0.0,0.0,0.0,0.0,0.0,0.0
RELN,ITGA6,0.0,0.0,0.0,0.0,0.0,0.0,0.0,0.0,0.0,0.0,0.0,0.0,0.0,0.11918573761150472,0.02917415669644214,0.05185201846745275,0.029628825254456433,0.0,0.0,0.11621403507881783,0.026202454163755263,0.048880315934765876,0.026657122721769556,0.0,0.0,0.0,0.0,0.0,0.0,0.0,0.0,0.0,0.0,0.0,0.0,0.0
FGF7,VEGFA,0.0,0.0,0.0,0.0,0.0,0.0,0.0,0.0,0.0,0.0,0.0,0.0,0.0,0.0,0.1280497908592224,0.3039587221184671,0.138568501654147,0.10923066137045045,0.0,0.0,0.050743206824087096,0.22665213808333173,0.06126191761901168,0.03192407733531514,0.0,0.0,0.0968827893506697,0.27279172060991436,0.10740150014559428,0.07806365986189774,0.0,0.0,0.080983884789814,0.25689281604905867,0.09150259558473858,0.062164755301042034
CCL2,PTGS2,0.0,0.0,0.0,0.0,0.0,0.0,0.0,0.0,0.0,0.0,0.0,0.0,0.0,0.313426626631397,0.1501110708378405,0.14680144141301246,0.0,0.15544369001378106,0.0,0.19261552863347484,0.029299972839918368,0.025990343415090326,0.0,0.034632592015858915,0.0,0.30376053969364114,0.1404449839000847,0.13713535447525665,0.0,0.14577760307602525,0.0,0.27661636402080586,0.11330080822724937,0.10999117880242133,0.0,0.11863342740318991
NR0B2,TNF,0.0,0.0,0.0,0.0,0.0,0.0,0.0,0.0,0.0,0.0,0.0,0.0,0.0,0.0,0.0,0.0,0.0,0.0,0.0,0.0,0.0,0.0,0.0,0.0,0.0,0.0,0.0,0.0,0.0,0.0,0.0,0.0,0.0,0.0,0.0,0.0
CXCL13,CCR4,0.0,0.0,0.0,0.0,0.0,0.0,0.0,0.0,0.0,0.0,0.0,0.0,0.0,0.0,0.0,0.0,0.0,0.0,0.0,0.0,0.0,0.0008024456107057403,0.0,0.0,0.0,0.0,0.0,0.0,0.0,0.0,0.0,0.0,0.0,0.0,0.0,0.0
IL13,VEGFA,0.0,0.0,0.0,0.0,0.0,0.0,0.0,0.0,0.0,0.0,0.0,0.0,0.0,0.0,0.0,0.0,0.0,0.0,0.0,0.0,0.0,0.0,0.0,0.0,0.0,0.0,0.0,0.0,0.0,0.0,0.0,0.0,0.0,0.0,0.0,0.0
S100A9,MMP1,0.0,0.0,1.3989031690670304,1.3963970692831498,0.0,0.0,0.0,0.0,0.2551612378329432,0.2526551380490626,0.0,0.0,0.0,0.0,0.6955792233647113,0.6930731235808307,0.0,0.0,0.0,0.0,0.0906942867778553,0.08818818699397474,0.0,0.0,0.0,0.0,0.9144966021334487,0.9119905023495681,0.0,0.0,0.0,0.0,0.3927649082690096,0.39025880848512906,0.0,0.0
IL2,CES1,0.0,0.0,0.0,0.0,0.0,0.0,0.0,0.0,0.0,0.0,0.0,0.0,0.0,0.0,0.0,0.0,0.0,0.0,0.0,0.0,0.0,0.0,0.0,0.0,0.0,0.0,0.0,0.0,0.0,0.0,0.0,0.0,0.0,0.0,0.0,0.0
CXCL3,CCR6,0.0,0.0,0.0,0.0,0.0,0.0,0.0,0.0,0.0,0.0,0.0,0.0,0.0,0.0,0.01393417660969807,0.010030396936424364,0.021766234341244244,0.0,0.0,0.0,0.009715958634813074,0.005812178961539368,0.017548016366359248,0.0,0.0,0.0,0.0,0.0,0.0,0.0,0.0,0.0,0.0,0.0,0.0,0.0
CXCL11,CCR4,0.0,0.0,0.0,0.0,0.0,0.0,0.0,0.0,0.0,0.0,0.0,0.0,0.0,0.0,0.0,0.0,0.0,0.0,0.0,0.0,0.0,0.0012830416188320832,0.0,0.0,0.0,0.0,0.0,0.0,0.0,0.0,0.0,0.0,0.0,0.0,0.0,0.0
TNF,MMP9,0.0,0.0,0.0,0.0,0.0,0.0,0.0,0.0,0.0,0.0,0.0,0.0,0.0,0.0,0.0,0.0,0.0,0.0,0.0,0.0,0.0,0.007226820322649502,0.1569301400325026,0.0,0.0,0.0,0.0,0.0,0.0,0.0,0.0,0.0,0.0,0.0,0.0,0.0
CXCL9,CXCR6,0.0,0.0,0.0,0.0,0.0,0.0,0.0,0.0,0.0,0.0,0.0,0.0,0.0,0.0,0.0,0.0,0.0,0.0,0.0,0.0,0.010586809260186802,0.00708737478058958,0.022193306699474703,0.028717089170625005,0.0,0.0,0.024857599244917004,0.021358164765319782,0.0364640966842049,0.04298787915535521,0.0,0.0,0.0,0.0,0.0,0.0
CXCL10,CCR4,0.0,0.0,0.0,0.0,0.0,0.0,0.0,0.0,0.0,0.0,0.0,0.0,0.0,0.0,0.0,0.0032746800857489677,0.0,0.0,0.0,0.0,0.0,0.0034104808232077737,0.0,0.0,0.0,0.0,0.0,0.0,0.0,0.0,0.0,0.0,0.0,0.0,0.0,0.0
IL10,F3,0.0,0.0,0.0,0.0,0.0,0.0,0.0,0.0,0.0,0.0,0.0,0.0,0.0,0.0,0.035655252426024894,0.06627448162204634,0.06204131624205272,0.0,0.0,0.0,0.03324460650782811,0.06386383570384956,0.05963067032385593,0.0,0.0,0.0,0.042492347384980755,0.0731115765810022,0.06887841120100857,0.0,0.0,0.0,0.0,0.0,0.0,0.0
OSM,PLAT,0.0,0.0,0.0,0.0,0.0,0.0,0.0,0.0,0.0,0.0,0.0,0.0,0.0,0.0,0.0,0.0,0.0,0.0,0.0,0.5208329715166309,0.10949289133637793,0.03044421519382621,0.04088811646719166,0.07379701575314847,0.0,0.0,0.0,0.0,0.0,0.0,0.0,0.0,0.0,0.0,0.0,0.0
CCL23,KDR,0.0,0.0,0.0,0.0,0.0,0.0,0.0,0.0,0.0,0.0,0.0,0.0,0.0,0.0,0.027078118429605263,0.03253335827470417,0.040856134246454456,0.024041148940765672,0.0,0.0,0.022747526397866133,0.028202766242965038,0.03652554221471532,0.019710556909026542,0.0,0.0,0.027604525965128406,0.033059765810227314,0.0413825417819776,0.024567556476288818,0.0,0.0,0.0,0.0,0.0,0.0
IFNG,HSP90AA1,0.0,0.0,0.0,0.0,0.0,0.0,0.0,0.0,0.0,0.0,0.0,0.0,0.0,0.0,0.0,0.0,0.0,0.0,0.0,0.0,0.0,0.0,0.0,0.0,0.0,0.0,0.0,0.0,0.0,0.0,0.0,0.0,0.0,0.0,0.0,0.0
CCL19,CCR4,0.0,0.0,0.0,0.8122003257435603,0.0,0.0,0.0,0.0,0.0,0.0,0.0,0.0,0.0,0.0,0.0,0.6407221253538821,0.0,0.0,0.0,0.0,0.0,0.06546104180411862,0.0,0.0,0.0,0.0,0.0,0.6126156335498095,0.0,0.0,0.0,0.0,0.0,0.22109147040936505,0.0,0.0
XCL2,CCR6,0.0,0.0,0.0,0.0,0.0,0.0,0.0,0.0,0.0,0.0,0.0,0.0,0.0,0.0,0.024034329446922825,0.020130549773649118,0.031866387178469,0.0,0.0,0.0,0.00942090463468139,0.005517124961407683,0.017252962366227562,0.0,0.0,0.0,0.0,0.0,0.0,0.0,0.0,0.0,0.0,0.0,0.0,0.0
IL2,TNFRSF4,0.0,0.0,0.0,0.0,0.0,0.0,0.0,0.0,0.0,0.0,0.0,0.0,0.0,0.0,0.0,0.0,0.0,0.0,0.0,0.0,0.0,0.0,0.0,0.0,0.0,0.0,0.0,0.0,0.0,0.0,0.0,0.0,0.0,0.0,0.0,0.0
CXCL5,CCR7,0.0,0.0,0.0,0.0,0.0,0.0,0.0,0.0,0.0,0.0,0.0,0.0,0.0,0.0,0.0,0.0,0.0,0.0,0.0,0.0,0.0,0.0,0.0,0.0,0.0,0.0,0.0,0.0,0.0,0.0,0.0,0.0,0.0,0.0,0.0,0.0
SAA1,HMOX1,0.0,0.0,0.0,0.0,0.0,0.0,0.0,0.0,0.0,0.0,0.0,0.0,0.0,0.0,0.7026464266470638,0.4471948438480843,0.9538067939278441,0.4217901081184089,0.0,0.0,0.36815747921292324,0.11270589641394382,0.6193178464937036,0.08730116068426845,0.0,0.0,0.4590172754536469,0.2035656926546675,0.7101776427344272,0.17816095692499212,0.0,0.0,0.5528177875286908,0.2973662047297114,0.8039781548094711,0.27196146900003604
IFNG,IL17A,0.0,0.0,0.0,0.0,0.0,0.0,0.0,0.0,0.0,0.0,0.0,0.0,0.0,0.0,0.0,0.0,0.0,0.0,0.0,0.0,0.0,0.0,0.0,0.0,0.0,0.0,0.0,0.0,0.0,0.0,0.0,0.0,0.0,0.0,0.0,0.0
CCL20,CCR7,0.0,0.0,0.0,0.0,0.0,0.0,0.0,0.0,0.0,0.0,0.0,0.0,0.0,0.0,0.024836900483173538,0.00536587143884867,0.04636703030021416,0.0,0.0,0.0,0.02172168879694281,0.0022506597526179405,0.04325181861398343,0.0,0.0,0.0,0.03004668481353473,0.01057565576920986,0.05157681463057535,0.0,0.0,0.0,0.0,0.0,0.0,0.0
CXCL5,CXCR6,0.0,0.0,0.0,0.0,0.0,0.0,0.0,0.0,0.0,0.0,0.0,0.0,0.0,0.0,0.0,0.0,0.0,0.0,0.0,0.0,0.0,0.0,0.0,0.0,0.0,0.0,0.0,0.0,0.0,0.0,0.0,0.0,0.0,0.0,0.0,0.0
CCL15,CCR4,0.0,0.0,0.0,0.0,0.0,0.0,0.0,0.0,0.0,0.0,0.0,0.0,0.0,0.0,0.0,0.0,0.0,0.0,0.0,0.0,0.0,0.0,0.0,0.0,0.0,0.0,0.0,0.0,0.0,0.0,0.0,0.0,0.0,0.0,0.0,0.0
CCL15,CXCR6,0.0,0.0,0.0,0.0,0.0,0.0,0.0,0.0,0.0,0.0,0.0,0.0,0.0,0.0,0.0,0.0,0.0,0.0,0.0,0.0,0.0,0.0,0.0,0.0,0.0,0.0,0.0,0.0,0.0,0.0,0.0,0.0,0.0,0.0,0.0,0.0
CCL19,CXCR6,0.0,0.0,0.8170541522493324,0.8135547177697352,0.8286606496886203,0.8351844321597706,0.0,0.0,0.0,0.0,0.0,0.0,0.0,0.0,0.6455759518596542,0.642076517380057,0.6571824492989421,0.6637062317700924,0.0,0.0,0.07031486830989075,0.06681543383029354,0.08192136574917866,0.08844514822032896,0.0,0.0,0.6174694600555817,0.6139700255759845,0.6290759574948696,0.6355997399660198,0.0,0.0,0.2259452969151372,0.22244586243554,0.2375517943544251,0.2440755768255754
IL6,DCN,0.0,0.0,0.0,0.0,0.0,0.0,0.0,0.0,0.0,0.0,0.0,0.0,0.0,0.3311423746867899,1.0212119161843296,0.1731011709710264,0.5621598804508549,0.43110935928700567,0.0,0.31593304247428156,1.0060025839718212,0.15789183875851803,0.5469505482383464,0.4159000270744973,0.0,0.34631407903250594,1.0363836205300456,0.18827287531674242,0.5773315847965709,0.4462810636327217,0.0,0.0,0.0,0.0,0.0,0.0
CXCL13,CXCR6,0.0,0.0,0.0,0.0,0.0,0.0,0.0,0.0,0.0,0.0,0.0,0.0,0.0,0.0,0.0,0.0,0.0,0.0,0.0,0.0,0.005656272116477887,0.0021568376368806663,0.01726276955576579,0.02378655202691609,0.0,0.0,0.0,0.0,0.0,0.0,0.0,0.0,0.0,0.0,0.0,0.0
IL2,TNFRSF18,0.0,0.0,0.0,0.0,0.0,0.0,0.0,0.0,0.0,0.0,0.0,0.0,0.0,0.0,0.0,0.0,0.0,0.0,0.0,0.0,0.0,0.0,0.0,0.0,0.0,0.0,0.0,0.0,0.0,0.0,0.0,0.0,0.0,0.0,0.0,0.0
CCL18,CCR4,0.0,0.0,0.0,0.0,0.0,0.0,0.0,0.0,0.0,0.0,0.0,0.0,0.0,0.0,0.0,0.03606950536962679,0.0,0.0,0.0,0.0,0.0,0.032450734438516864,0.0,0.0,0.0,0.0,0.0,0.28083810431433776,0.0,0.0,0.0,0.0,0.0,0.02301745091227392,0.0,0.0
ADIPOQ,F3,0.0,0.0,0.0,0.0,0.0,0.0,0.0,0.0,0.0,0.0,0.0,0.0,0.0,0.0,0.0,0.0,0.0,0.0,0.0,0.0,0.0,0.0,0.0,0.0,0.0,0.0,0.0,0.0,0.0,0.0,0.0,0.0,0.0,0.0,0.0,0.0
CCL11,CCR6,0.0,0.0,0.0,0.0,0.0,0.0,0.0,0.0,0.0,0.0,0.0,0.0,0.0,0.0,0.0,0.0,0.0,0.0,0.0,0.0,0.008872072796047143,0.004968293122773436,0.016704130527593314,0.0,0.0,0.0,0.0,0.0,0.0,0.0,0.0,0.0,0.0,0.0,0.0,0.0
IFNG,MMP13,0.0,0.0,0.0,0.0,0.0,0.0,0.0,0.0,0.0,0.0,0.0,0.0,0.0,0.0,0.0,0.0,0.0,0.0,0.0,0.0,0.0,0.0,0.0,0.0,0.0,0.0,0.0,0.0,0.0,0.0,0.0,0.0,0.0,0.0,0.0,0.0
CCL23,CXCR6,0.0,0.0,0.0,0.0,0.0,0.0,0.0,0.0,0.0,0.0,0.0,0.0,0.0,0.0,0.010653781842993924,0.0071543473633967035,0.022260279282281827,0.02878406175343213,0.0,0.0,0.006323189811254793,0.0028237553316575728,0.017929687250542697,0.024453469721693,0.0,0.0,0.011180189378517068,0.007680754898919848,0.02278668681780497,0.029310469288955275,0.0,0.0,0.0,0.0,0.0,0.0
CSF2,HDC,0.0,0.0,0.0,0.0,0.0,0.0,0.0,0.0,0.0,0.0,0.0,0.0,0.0,0.0,0.0,0.0,0.0,0.0,0.0,0.0,0.0,0.0052515740092252,0.0,0.0,0.0,0.0,0.0,0.0,0.0,0.0,0.0,0.0,0.0,0.0,0.0,0.0
TNF,VCAM1,0.0,0.0,0.0,0.0,0.0,0.0,0.0,0.0,0.0,0.0,0.0,0.0,0.0,0.0,0.0,0.0,0.0,0.0,0.0,0.0,0.025115623258813093,0.005228182621503268,0.026756340270947965,0.008334580264373425,0.0,0.0,0.0,0.0,0.0,0.0,0.0,0.0,0.0,0.0,0.0,0.0
OSM,LDLR,0.0,0.0,0.0,0.0,0.0,0.0,0.0,0.0,0.0,0.0,0.0,0.0,0.0,0.0,0.0,0.0,0.0,0.0,0.0,0.0,0.01804841216197464,0.030710944223105396,0.0407336797868831,0.03351030028898998,0.0,0.0,0.0,0.0,0.0,0.0,0.0,0.0,0.0,0.0,0.0,0.0
CSF3,MPL,0.0,0.0,0.0,0.0,0.0,0.0,0.0,0.0,0.0,0.0,0.0,0.0,0.0,0.0,0.0,0.0,0.0,0.0,0.0,0.0,0.0,0.0,0.0,0.0,0.0,0.0,0.0,0.0,0.0,0.0,0.0,0.0,0.0,0.0,0.0,0.0
IL11,LIFR,0.0,0.0,0.0,0.0,0.0,0.0,0.0,0.0,0.0,0.0,0.0,0.0,0.0,0.0,0.0,0.0,0.0,0.0,0.0,0.0,0.0,0.0,0.0,0.0,0.0,0.0,0.0,0.0,0.0,0.0,0.0,0.0,0.0,0.0,0.0,0.0
IL6,LIFR,0.0,0.0,0.0,0.0,0.0,0.0,0.0,0.0,0.0,0.0,0.0,0.0,0.0,0.157411813975338,0.03917332897224579,0.03242926213022227,0.0,0.0,0.0,0.14220248176282962,0.023963996759737413,0.01721992991771389,0.0,0.0,0.0,0.172583518321054,0.05434503331796182,0.0476009664759383,0.0,0.0,0.0,0.0,0.0,0.0,0.0,0.0
OSM,IL13RA2,0.0,0.0,0.0,0.0,0.0,0.0,0.0,0.0,0.0,0.0,0.0,0.0,0.0,0.0,0.0,0.0,0.0,0.0,0.0,0.0,0.003409378551412395,0.001445876807157337,0.0,0.0,0.0,0.0,0.0,0.0,0.0,0.0,0.0,0.0,0.0,0.0,0.0,0.0
LEP,MPL,0.0,0.0,0.0,0.0,0.0,0.0,0.0,0.0,0.0,0.0,0.0,0.0,0.0,0.0,0.0,0.0,0.0,0.0,0.0,0.0,0.0,0.0,0.0,0.0,0.0,0.0,0.0,0.0,0.0,0.0,0.0,0.0,0.0,0.0,0.0,0.0
IL11,IL13RA2,0.0,0.0,0.0,0.0,0.0,0.0,0.0,0.0,0.0,0.0,0.0,0.0,0.0,0.0,0.0,0.0,0.0,0.0,0.0,0.0,0.0,0.0,0.0,0.0,0.0,0.0,0.0,0.0,0.0,0.0,0.0,0.0,0.0,0.0,0.0,0.0
IL6,IL13RA2,0.0,0.0,0.0,0.0,0.0,0.0,0.0,0.0,0.0,0.0,0.0,0.0,0.0,0.0,0.01934732155627515,0.017383819812020092,0.0,0.0,0.0,0.0,0.00413798934376677,0.002174487599511712,0.0,0.0,0.0,0.0,0.03451902590199117,0.03255552415773612,0.0,0.0,0.0,0.0,0.0,0.0,0.0,0.0
IL13,LIFR,0.0,0.0,0.0,0.0,0.0,0.0,0.0,0.0,0.0,0.0,0.0,0.0,0.0,0.0,0.0,0.0,0.0,0.0,0.0,0.0,0.0,0.0,0.0,0.0,0.0,0.0,0.0,0.0,0.0,0.0,0.0,0.0,0.0,0.0,0.0,0.0
GAS1,PTCH1,0.0,0.0,0.0,0.0,0.0,0.0,0.0,0.0,0.0,0.0,0.0,0.0,0.0,0.20968465790007212,0.0,0.0670187888760524,0.0,0.0,0.0,0.1789398528166427,0.0,0.03627398379262296,0.0,0.0,0.0,0.23603247460864837,0.0,0.09336660558462864,0.0,0.0,0.0,0.1885620007267246,0.0,0.04589613170270486,0.0,0.0
LEP,KDR,0.0,0.0,0.0,0.0,0.0,0.0,0.0,0.0,0.0,0.0,0.0,0.0,0.0,0.0,0.0,0.0,0.0,0.0,0.0,0.0,0.02174449177464023,0.027199731619739136,0.03552250759148942,0.01870752228580064,0.0,0.0,0.034083452556834266,0.03953869240193317,0.047861468373683456,0.031046483067994672,0.0,0.0,0.0,0.0,0.0,0.0
GDF15,TTN,0.0,0.0,0.0,0.0,0.0,0.0,0.0,0.0,0.0,0.0,0.0,0.0,0.0,0.0,0.0,0.02594173397916392,0.0,0.0,0.0,0.0,0.0,0.14398300160786281,0.0,0.0,0.0,0.0,0.0,0.03503356762686588,0.0,0.0,0.0,0.0,0.0,0.0,0.0,0.0
S100A8,MDM2,0.0,0.0,0.0,0.0,0.0,0.0,0.0,0.0,0.0,0.0,0.0,0.0,0.0,0.0,0.28981898132577,0.41632807226464896,0.322481959610957,0.23974617400192005,0.0,0.0,0.09031100379097821,0.21682009472985714,0.1229739820761652,0.040238196467128264,0.0,0.0,0.5555985878560085,0.6821076787948874,0.5882615661411955,0.5055257805321586,0.0,0.0,0.10248312812601837,0.2289922190648973,0.13514610641120534,0.05241032080216841
VEGFA,MDM2,0.0,0.0,0.0,0.0,0.0,0.0,0.0,0.0,0.0,0.0,0.0,0.0,0.0,0.0,0.1094793923887383,0.23598848332761724,0.14214237067392527,0.05940658506488834,0.0,0.0,0.28538832364798294,0.4118974145868619,0.31805130193316994,0.235315516324133,0.0,0.0,0.11999810318366289,0.24650719412254182,0.15266108146884985,0.06992529585981293,0.0,0.0,0.09066026289996634,0.21716935383884528,0.12332324118515331,0.040587455576116385
SHH,MDM2,0.0,0.0,0.0,0.0,0.0,0.0,0.0,0.0,0.0,0.0,0.0,0.0,0.0,0.0,0.0,0.0,0.0,0.0,0.0,0.0,0.0,0.0,0.0,0.0,0.0,0.0,0.0,0.0,0.0,0.0,0.0,0.0,0.0,0.0,0.0,0.0
CSF3,ACE,0.0,0.0,0.0,0.0,0.0,0.0,0.0,0.0,0.16068912940810484,0.15834548636601417,0.18882079971464055,0.0,0.0,0.0,0.0,0.0,0.0,0.0,0.0,0.0,0.0,0.0,0.0,0.0,0.0,0.0,0.0,0.0,0.0,0.0,0.0,0.0,0.0,0.0,0.0,0.0
NTS,GRIA1,0.0,0.0,0.0,0.0,0.0,0.0,0.0,0.0,0.0,0.0,0.0,0.0,0.0,0.0,0.006986979499878174,0.0,0.0,0.0,0.0,0.0,0.0,0.0,0.0,0.0,0.0,0.0,0.0204710088177328,0.0,0.0,0.0,0.0,0.0,0.016324782171315545,0.0,0.0,0.0
IFNG,GRIA1,0.0,0.0,0.0,0.0,0.0,0.0,0.0,0.0,0.0,0.0,0.0,0.0,0.0,0.0,0.0,0.0,0.0,0.0,0.0,0.0,0.0,0.0,0.0,0.0,0.0,0.0,0.0,0.0,0.0,0.0,0.0,0.0,0.0,0.0,0.0,0.0
TNF,GRIA1,0.0,0.0,0.0,0.0,0.0,0.0,0.0,0.0,0.0,0.0,0.0,0.0,0.0,0.0,0.0,0.0,0.0,0.0,0.0,0.0,0.004513431950397054,0.0,0.0,0.0,0.0,0.0,0.0,0.0,0.0,0.0,0.0,0.0,0.0,0.0,0.0,0.0
VCAM1,CDH5,0.0,0.0,0.0,0.0,0.0,0.0,0.0,0.0,0.0,0.0,0.0,0.0,0.0,0.43323631889848824,0.06316193974161723,0.08041658166037344,0.03641561998471325,0.03520839167320193,0.0,0.41334887826117844,0.043274499104307404,0.06052914102306361,0.016528179347403422,0.015320951035892106,0.0,0.4348770359106231,0.0648026567537521,0.0820572986725083,0.03805633699684812,0.03684910868533681,0.0,0.41645527590404857,0.04638089674717756,0.06363553866593377,0.01963457699027358,0.018427348678762265
TNF,CDH5,0.0,0.0,0.0,0.0,0.0,0.0,0.0,0.0,0.0,0.0,0.0,0.0,0.0,0.0,0.0,0.0,0.0,0.0,0.0,0.40825408310788347,0.03817970395101243,0.055434345869768635,0.011433384194108453,0.010226155882597135,0.0,0.0,0.0,0.0,0.0,0.0,0.0,0.0,0.0,0.0,0.0,0.0
IL1B,CDH5,0.0,0.0,0.0,0.0,0.0,0.0,0.0,0.0,0.0,0.0,0.0,0.0,0.0,0.41293622738865005,0.04286184823177905,0.06011649015053525,0.016115528474875067,0.014908300163363749,0.0,0.40998328469278417,0.039908905535913176,0.05716354745466938,0.013162585779009191,0.011955357467497874,0.0,0.0,0.0,0.0,0.0,0.0,0.0,0.0,0.0,0.0,0.0,0.0
ANGPT2,CDH5,0.0,0.0,0.0,0.0,0.0,0.0,0.0,0.0,0.0,0.0,0.0,0.0,0.0,0.4222384380049495,0.052164058848078475,0.06941870076683468,0.025417739091174493,0.024210510779663175,0.0,0.42797143871855037,0.057897059561679384,0.07515170148043558,0.0311507398047754,0.02994351149326408,0.0,0.0,0.0,0.0,0.0,0.0,0.0,0.4165349158373746,0.04646053668050359,0.06371517859925979,0.019714216923599606,0.018506988612088292
CXCL8,CDH5,0.0,0.0,0.0,0.0,0.0,0.0,0.0,0.0,0.0,0.0,0.0,0.0,0.0,0.41784583660493413,0.04777145744806313,0.06502609936681933,0.02102513769115915,0.01981790937964783,0.0,0.40985218095100395,0.03977780179413296,0.057032443712889166,0.013031482037228979,0.011824253725717661,0.0,0.4216204473846837,0.0515460682278127,0.0688007101465689,0.024799748470908718,0.023592520159397397,0.0,0.0,0.0,0.0,0.0,0.0
ADM,NOS1,0.0,0.0,0.0,0.0,0.0,0.0,0.0,0.0,0.0,0.0,0.0,0.0,0.0,0.0,0.0,0.0,0.0,0.0,0.0,0.0,0.0,0.0,0.0,0.0,0.0,0.0,0.0,0.0,0.0,0.0,0.0,0.0,0.0,0.0,0.0,0.0
IGF1,NOS1,0.0,0.0,0.0,0.0,0.0,0.0,0.0,0.0,0.0,0.0,0.0,0.0,0.0,0.0,0.0,0.0,0.0,0.0,0.0,0.0,0.0,0.0,0.0,0.0,0.0,0.0,0.0,0.0,0.0,0.0,0.0,0.0,0.0,0.0,0.0,0.0
