	B cell	Endothelial cell	Epithelial cell	Fibroblast	Malignant cell	Myeloid cell	NK cell	T cell
GSM6590734	0.046971568742624904	0.1009476339579797	0.11542658762532527	0.07616133856221688	0.2592406946085817	0.20803304131535033	0.016904436053892687	0.1763146991340287
GSM6590735	0.05102175641027491	0.0882541435714759	0.10399201205514057	0.06828107346052092	0.27042007269535423	0.22572177454096884	0.014440563004607988	0.17786860426165646
GSM6590736	0.10342460165521912	0.13509647431259827	0.15993930567077932	0.11660995520765335	0.1923561576691715	0.18997275946417191	0.010820548692845893	0.09178019732756063
GSM6590737	0.032312862887805896	0.11243314924407345	0.13327690977004206	0.10272269660596732	0.23834701291699026	0.19698389432781785	0.023550609309485236	0.16037286493781794
GSM6590738	0.050204492400695175	0.10755207268604704	0.12189417230044344	0.08684544863086968	0.2381366132023176	0.21185066593338864	0.009941740456704196	0.1735747943895342
GSM6590739	0.037221068261924506	0.10796019450215265	0.13178853472085944	0.07906815993207895	0.2490608137520961	0.198009879182831	0.018051178415538452	0.1788401712325188
GSM6590740	0.031361370868601496	0.11725045390685276	0.11946298147301869	0.11160163904246928	0.23466778317454282	0.20547560994593758	0.017451899694252503	0.1627282618943248
GSM6590741	0.05463479801251952	0.09745172302347957	0.11080694436764577	0.07996423062723618	0.24767637568204035	0.20692779068418216	0.022358650026536177	0.18017948757636024
GSM6590742	0.09732921457471487	0.10551462552605702	0.15354766129072137	0.10176004581211101	0.2052814846806801	0.20525871907757492	0.01024178307736341	0.12106646596077734
GSM6590743	0.040871075838931216	0.09425110268756387	0.10552719616336069	0.08898200537142682	0.24733387640170226	0.2239085522221057	0.018151476567511468	0.18097471474739799
GSM6590744	0.10786607987023196	0.0958123913116665	0.10534601306400239	0.08196639288548652	0.21130219911973938	0.25441846437864324	0.0025660205121431304	0.14072243885808694
GSM6590745	0.06397570491455949	0.10452201944827644	0.16959491886430747	0.08232622677219992	0.22876828410948183	0.19450464426390357	0.005277999418911917	0.15103020220835928
GSM6590746	0.04536381206580817	0.10418718007850741	0.12563638831336096	0.10315405377681269	0.23639991246805003	0.19351753738774394	0.05820322997514608	0.1335378859345707
GSM6590747	0.050022721617551245	0.08438127248422994	0.09755602420731715	0.06828195262953733	0.2598838468664092	0.21424377007376239	0.024567349277665063	0.20106306284352762
GSM6590748	0.05579076489717647	0.1020851254333414	0.15442792750512177	0.08180276382118289	0.24038011033199375	0.19287653731452217	0.021613232216813175	0.15102353847984828
GSM6590749	0.12400344768774269	0.08634305210552118	0.11062335661447008	0.07777899013070894	0.22508966810498665	0.23035470547768722	0.0	0.14580677987888335
GSM6590750	0.04833575398970156	0.11555419385992402	0.11559543454674102	0.11569806015243898	0.23342449782720404	0.20099579258000388	0.02281863503054382	0.14757763201344276
GSM6590751	0.04760530197527874	0.10082981170306868	0.11084840320786989	0.08835406532260659	0.24341078334434535	0.2114679791645444	0.017661852842322197	0.17982180243996415
GSM6590752	0.06154183123310816	0.10738634793943758	0.13251318371927173	0.11169990803640097	0.22349276493425557	0.21078535895514805	0.0	0.15258060518237795
GSM6590753	0.06164805191018259	0.0952340775259957	0.09317261119456255	0.08492777250484117	0.2546563977424586	0.20730884824120482	0.000529299863987615	0.2025229410167669
GSM6590754	0.06057379873718111	0.105087261082406	0.12615433316107721	0.08977827716118697	0.22481418455720553	0.21411913900365695	0.01997792887915424	0.159495077418132
GSM6590755	0.026886714596447616	0.12147047984601128	0.140399816685934	0.08632495040270526	0.24675885755745072	0.2020178874469652	0.017098176689818768	0.15904311677466731
GSM6590756	0.05211823947756841	0.12391418729780723	0.14515469343758305	0.0863206465984452	0.23969352446039627	0.20833357673997316	0.003913289857128754	0.14055184213109798
GSM6590757	0.03707626296293237	0.11381396153624347	0.11589415404155853	0.0816754651163217	0.244136866444679	0.2074487067685578	0.025718946270475176	0.17423563685923193
GSM6590758	0.05366149693730204	0.10112658448428885	0.10539319640314028	0.07307052404632831	0.2444280721628311	0.2135028919645292	0.019666026625432015	0.1891512073761483
GSM6590759	0.044746261708174626	0.10947004016412647	0.10758009518154747	0.07392708977715776	0.2530910129414861	0.20301413694118373	0.021425632125267297	0.18674573116105636
GSM6590760	0.043175804967691606	0.10993855700466867	0.11051861296668153	0.08556218930183125	0.24387339061729807	0.2088738249042895	0.02370783506712692	0.17434978517041244
GSM6590761	0.08208161362949362	0.09341274455594337	0.14016550667928307	0.12247262241764528	0.2006649074370241	0.22536029009980432	0.01267620782211105	0.1231661073586952
GSM6590762	0.04899457209249714	0.10309622894638447	0.09482866539157278	0.07658373097594537	0.25786193033787347	0.21456217720665768	0.00822257405260343	0.19585012099646562
GSM6590763	0.05986856541927038	0.09408013614537808	0.10376695703483342	0.08386648073715258	0.22856495382025563	0.22920145056083996	0.022745368899724564	0.17790608738254535
GSM6590764	0.04099254842035477	0.127477721303173	0.0832144809729463	0.09355114334351064	0.26062418829925244	0.21239301696530016	0.010530808052385997	0.1712160926430767
GSM6590765	0.06533513351333099	0.15229446122882034	0.1862038613490709	0.12146913451379211	0.20215999946721197	0.16922759010840407	0.0	0.10330981981936964
GSM6590766	0.07933608529823943	0.11352137077449218	0.15735627356959506	0.10033356834630565	0.20689358715375739	0.2080206739830976	0.016736066593959653	0.11780237428055296
GSM6590767	0.10594656442549777	0.10867683171179378	0.15064648635779912	0.09658980723629082	0.2110057223389604	0.2245276265206737	0.0	0.1026069614089844
GSM6590768	0.05584188571578909	0.12159774627348277	0.11843156945233442	0.08826823630466411	0.24182257700846033	0.20374149141290604	0.008842809481532465	0.16145368435083074
GSM6590769	0.06028697304643573	0.11021074909708847	0.10333339852712176	0.07775535351978476	0.23569198246799064	0.20739055649079366	0.024075689770210747	0.18125529708057433
GSM6590770	0.056734800148912516	0.13178601118559813	0.1655413050662473	0.08398985066853772	0.22987804977312054	0.19468146858986893	0.004230362892009811	0.13315815167570505
GSM6590771	0.07040077911092314	0.11623386529874764	0.15576417676709717	0.1012970485169254	0.2056596324698249	0.20325018526355745	0.0	0.14739431257292426
GSM6590772	0.03973491356997517	0.11051451135029158	0.10637909038691694	0.07415921976280576	0.25167019929115714	0.21121935112570367	0.021708819320767656	0.18461389519238208
GSM6590773	0.03681420663563327	0.11395148211067908	0.11409333200602816	0.08520450186632732	0.24445261798069284	0.20739122093335233	0.020114741603627972	0.17797789686365895
GSM6590774	0.0627004770126767	0.1348502355909334	0.1226016350862314	0.09934248856120066	0.21891711968073502	0.20260015260759562	0.007183680452378069	0.15180421100824915
GSM6590775	0.12111123252677383	0.08959703009151337	0.10811969059359058	0.08825182602057352	0.21826291532369613	0.2107412539613809	0.0013081747410187963	0.16260787674145294
GSM6590776	0.05509169490715909	0.109760714316605	0.1069595298747399	0.10314338243078477	0.2354587825638028	0.21009416551896676	0.01214473648344328	0.16734699390449842
GSM6590777	0.046929513740230785	0.11536156105339666	0.12280077685877255	0.09940129563498355	0.22892526722488327	0.2086180649813772	0.01577191307167325	0.16219160743468267
GSM6590778	0.05235115096441907	0.08488163090428369	0.10199996267690577	0.09329748411538946	0.23389493534618436	0.24400197775934152	0.017533183588227304	0.17203967464524886
GSM6590779	0.09501316087442466	0.1820617195192046	0.25548001143241306	0.12503378114112687	0.136589832917415	0.20582149411541575	0.0	0.0
GSM6590780	0.032774090077206386	0.10604821107082286	0.11760193976699602	0.07268382568671074	0.2522314528250407	0.20979986079884663	0.015727799024980817	0.1931328207493959
GSM6590781	0.08772565886735963	0.13368033795774295	0.1913149002422034	0.0950545562981218	0.20013414644852975	0.19496512753971876	0.0	0.09712527264632374
GSM6590782	0.050273546087349234	0.1112861282337493	0.12300409010038837	0.0873520505709642	0.2400967013355806	0.21207352785816483	0.022225013749820527	0.1536889420639829
GSM6590783	0.04002913117823264	0.11581733073705221	0.1120040273154291	0.07981117563025815	0.24523399815443522	0.20982381321173654	0.011863373405657225	0.185417150367199
GSM6590784	0.04071566242810708	0.1021213226008277	0.09760024387880169	0.07697053219771549	0.2520246551409571	0.21387656848735176	0.022938169811754235	0.19375284545448493
GSM6590785	0.06916614728098497	0.10517805039634895	0.013300068783118252	0.14498635667021673	0.2522747235552948	0.2310978754467574	0.00646591046651546	0.17753086740076346
GSM6590786	0.05451037508085742	0.1587757248299739	0.17589928874468985	0.12005945844443897	0.20996295469342197	0.1833716582378604	0.0067092307106455295	0.09071130925811192
GSM6590787	0.05967595893278095	0.09535863436238096	0.09202516480433719	0.06914350967563812	0.2500946064686052	0.21833717395986604	0.013087154525849565	0.202277797270542
GSM6590788	0.08905478048072861	0.09641785272119975	0.09663886359360235	0.08275023643319367	0.2456437692576435	0.2055258604436247	0.0	0.18396863707000746
GSM6590789	0.060588993016316185	0.10440978771944415	0.12298572376612772	0.09967474464635426	0.24027100841326512	0.20772018030256725	0.0	0.16434956213592541
GSM6590790	0.08088256451404978	0.12643319042602594	0.13862729206982305	0.10255663709293293	0.21270139918896364	0.20068613080415632	0.0	0.13811278590404844
GSM6590791	0.06001635899553394	0.1132466347429916	0.1038183078872776	0.08475919304308516	0.25040112773629664	0.2035998542729326	0.010996568258615218	0.17316195506326726
GSM6590792	0.062418899796163545	0.09220639375160358	0.08721784797500157	0.06979772376442615	0.26417918216627906	0.20637084603300618	0.009725746085452201	0.2080833604280677
GSM6590793	0.0623877552286792	0.10900281018477977	0.10640455983396659	0.08681791572746901	0.25527772927297276	0.18968916062836166	0.010397723562822071	0.18002234556094912
GSM6590794	0.10596596130607541	0.07977201160018335	0.0674300590006889	0.07897286912209238	0.2293774282508951	0.23705457861006998	0.0	0.20142709210999504
GSM6590795	0.09660654359567877	0.09029881206698633	0.08916430353126772	0.09009045140103052	0.23430926105211525	0.21542474788221996	0.0	0.18410588047070145
GSM6590796	0.05582107443045195	0.0987305592993012	0.08080845106663603	0.08271740407059451	0.2528244589175711	0.20864362097966832	0.0071962521604940505	0.21325817907528286
GSM6590797	0.060945816367604974	0.09119417041813525	0.09419007873335916	0.07310941043572683	0.25615614592152597	0.20574002804302408	0.017288196214636883	0.20137615386598687
GSM6590798	0.06327909152503823	0.10567497053438016	0.08041902310190438	0.09161460702363956	0.24638061303850828	0.20792495451335447	0.00838580038771962	0.19632093987545532
GSM6590799	0.05364182201971165	0.08880601037657827	0.08514071975221435	0.0864016231282842	0.2587578138607921	0.2258571874611151	0.003981507445871867	0.1974133159554324
GSM6590800	0.06658137186513374	0.11778030153654874	0.11064252615243363	0.08277766609799234	0.2372374103431009	0.1997067647696027	0.0	0.18527395923518789
GSM6590801	0.09826478750696022	0.09590700490980794	0.08843932702587078	0.11720919622108113	0.21940263209727798	0.20383707405278212	0.0	0.17693997818621976
GSM6590802	0.05449156151743007	0.09378326214263737	0.068233031027353	0.09756339456739371	0.24558825551695004	0.22210589809738895	0.022208415711088295	0.19602618141975853
GSM6590803	0.052014167748712085	0.1183971344630007	0.1414521619146544	0.13043138044306424	0.21425643731687674	0.22849638884352688	0.0	0.11495232927016494
GSM6590804	0.04462002962250604	0.09560173269828916	0.07706853456507354	0.08553267162084582	0.25390763450197623	0.22077138848849187	0.010555832810788502	0.21194217569202886
GSM6590805	0.06787226541719998	0.08075173204713557	0.04189585407733916	0.03162994490511967	0.30172317476287347	0.23408186014664015	0.015448596860203995	0.22659657178348802
GSM6590806	0.05457193910286226	0.10075237208405065	0.08654086968403663	0.08571603123771368	0.2557747355485427	0.2012370685034894	0.014926199387211953	0.20048078445209264
GSM6590807	0.06602207550302472	0.07815299806107844	0.08424467211155412	0.08190489645712078	0.25864458545016145	0.20755346730614607	0.011873557091240534	0.21160374801967374
GSM6590808	0.07167185788673136	0.09963718813308606	0.10177686972983004	0.09897614841889474	0.24390376220349697	0.20440716505887577	0.0	0.179627008569085
GSM6590809	0.06061731487594493	0.08204615690868196	0.08868534266122924	0.0731089504866139	0.26625164776674204	0.2108680510603014	0.012274768281063195	0.2061477679594233
GSM6590810	0.06290213582353797	0.09447530792290296	0.09437846915890613	0.08814035720012489	0.25234614865344085	0.20084620262740602	0.0	0.2069113786136812
GSM6590811	0.05542195349042063	0.08524892086751856	0.08349986072470617	0.06720029186790345	0.26766294699225096	0.2111838566424348	0.003996569032162135	0.22578560038260334
GSM6590812	0.06227540410054382	0.08997510017755937	0.09735762877495913	0.07070687345704019	0.25638843820641266	0.21610359620382408	0.005537651727224987	0.2016553073524359
GSM6590813	0.04988543277221264	0.07189886402732233	0.022961976750096553	0.0818974303726655	0.3011627023761152	0.23147943279153274	0.01250732388787095	0.22820683702218408
GSM6590814	0.057025190216000866	0.12837148372714222	0.16194538630989108	0.10962304691728389	0.21412059320353372	0.20040453753334733	0.0	0.12850976209280088
GSM6590815	0.05881008671611972	0.0948342541188698	0.09587424980985285	0.08109874561619206	0.2493358429019863	0.203562927960065	0.017282781863259274	0.19920111101365495
GSM6590816	0.05642173260370054	0.1077282477326191	0.10361439766382463	0.08105245430116159	0.24548438626533392	0.20470708033059906	0.0058966090242065575	0.19509509207855458
GSM6590817	0.0707059087262244	0.07908806301196195	0.0822130919959708	0.07861294430434536	0.2649566123828896	0.21364743795152596	0.006284336803162767	0.20449160482391915
GSM6590818	0.10059066161151903	0.08597430631501714	0.06067652919961978	0.09099293396410432	0.23704384002184542	0.2444190917412235	0.0	0.18030263714667077
GSM6590819	0.056967683075639895	0.09892026306962201	0.10528353958718338	0.09072161507773797	0.2452383823887815	0.21643434759607202	0.0038797816536640176	0.18255438755129919
GSM6590820	0.049289324872327116	0.0967483877802612	0.09726362007602778	0.08112412659877402	0.24417206741471123	0.21498857791376605	0.0034573263423178704	0.2129565690018147
GSM6590821	0.06946800111547224	0.08625503412335676	0.0907370044113327	0.07158230289214547	0.24583420629738795	0.2303155264556603	0.029917398192528928	0.17589052651211579
GSM6590822	0.06591112868156458	0.07770805263133751	0.0941644286575591	0.07354877063514195	0.25730783384444916	0.21983923094494573	0.005010034865039159	0.2065105197399628
GSM6590823	0.05712525925857161	0.12333670298884626	0.1521165525586419	0.10131140645300755	0.23737412012942152	0.20379049250247838	0.0	0.1249454661090327
GSM6590824	0.04308917103215733	0.12355608923170155	0.10557713607136912	0.09440989287802883	0.23245270833097728	0.20604572774225324	0.029086208665138502	0.16578306604837417
GSM6590825	0.03811853803361795	0.1261501161429072	0.12559516165418072	0.09016862848135272	0.23262816640200984	0.20141918851859733	0.015300680868134785	0.1706195198991995
GSM6590826	0.08850578549646379	0.10738867468568732	0.12159856841901245	0.08813789581681082	0.22335994180913787	0.20988064730641998	0.0	0.1611284864664678
GSM6590827	0.11407080603201314	0.0884887857217349	0.1349570751105042	0.11594701953052527	0.2090862961589225	0.21443457003620786	0.0	0.12301544741009207
GSM6590828	0.05876451675532503	0.08511995100370183	0.07954051279095509	0.08219251633424364	0.2468857313797619	0.22009410750999234	0.007122441224505828	0.2202802230015143
GSM6590829	0.06290511644314223	0.09066098463158595	0.1507298362154295	0.07846420913830635	0.23310949164845493	0.19843360734477497	0.001369940189571573	0.18432681438873444
GSM6590830	0.047159731543835695	0.13757996802660474	0.015737098630348466	0.19283857500934914	0.21985086268243767	0.2041858517531672	0.03845246214253013	0.14419545021172694
GSM6590831	0.06490354460033256	0.1308250714196854	0.15154945458946903	0.0796745167599056	0.2434801059198369	0.18291388529634783	0.00649690744081031	0.14015651397361245
GSM6590832	0.09929219537563827	0.09357473546132174	0.1924614383963451	0.11755188876989141	0.18935196157904244	0.20596847551296588	0.00938515564231779	0.09241414926247749
GSM6590833	0.06640592378203733	0.08819733819475904	0.08596979703042434	0.0850025083198076	0.2653596751712413	0.20608176518816607	0.004816369617694481	0.19816662269586988
GSM6590834	0.12271999302500641	0.07634812277809616	0.04243072894272048	0.08791158424012065	0.22901206325343268	0.2387092472942233	0.0	0.20286826046640036
GSM6590835	0.0668759821126917	0.09966743995512797	0.09761738521480008	0.08504772181033568	0.2670084771913368	0.20169101709671078	5.760348682472597e-06	0.1820862162703146
GSM6590836	0.04604961552287455	0.10426106865431603	0.10436813560690562	0.08463543738798833	0.2518554026127035	0.21457032480607152	0.01820234915730032	0.17605766625184013
GSM6590837	0.0790645940149497	0.10586404167540495	0.1455291329981549	0.10932518276729557	0.20549075460502686	0.21938095040544378	0.007286437211330888	0.12805890632239328
GSM6590838	0.0629733278833734	0.08181734231116498	0.0800426456134032	0.09090584708850193	0.26034993726758204	0.2227989445996721	0.005347634660709429	0.19576432057559298
GSM6590839	0.05519658180768425	0.0948435788331041	0.12636700670825787	0.05894721984333748	0.26341242490651784	0.20459795307378756	0.017695724716996625	0.17893951011031436
GSM6590840	0.0450693818279654	0.11097068161641242	0.10827143013931245	0.07499584783136982	0.25359584290380993	0.20726103029752876	0.01407882000026995	0.1857569653833311
GSM6590841	0.061624524955938946	0.11262890069976299	0.11265041361098671	0.06622196205190836	0.2542519034064186	0.20271408069114222	0.013451538853317964	0.1764566757305242
GSM6590842	0.03725764408024552	0.10666141384562543	0.1217150033118069	0.06880685654895125	0.24898044703745184	0.2042295393835526	0.0204320294018326	0.19191706639053388
GSM6590843	0.05914493128602089	0.10986593881428049	0.13614972474667375	0.06761292210809852	0.23790530879158558	0.19192945164993083	0.03710018633699236	0.16029153626641757
GSM6590844	0.06168272611168404	0.11026664880653259	0.12374796415720157	0.07904176344753543	0.24736224245253707	0.192476648557353	0.01842004654963827	0.16700195991751807
GSM6590845	0.09875561256674432	0.10458821629882722	0.13717366464946087	0.06906905707066954	0.22852413607290242	0.1998198545360446	0.004867737617980971	0.15720172118737014
GSM6590846	0.04304409424650769	0.10457508262225705	0.12692295401048503	0.06457020615208099	0.25511854145119417	0.2047949446303154	0.01391519255900332	0.1870589843281563
GSM6590847	0.03811134106309507	0.1060089345774823	0.14833523846358374	0.06868797913392587	0.2567277313238938	0.20170410659688473	0.01955749230350161	0.1608671765376329
GSM6590848	0.035463034467547803	0.11459205692180517	0.11487137362136014	0.07739611908106346	0.24878380403941747	0.20708938520785772	0.021141631252663703	0.18066259540828455
GSM6590849	0.06367788568887638	0.13470561168859535	0.16311990688768885	0.08190494504878372	0.23178678867585226	0.20212886385956277	0.006577298250084571	0.11609869990055618
GSM6590850	0.05683995038237363	0.11227134212156155	0.15793219154464463	0.11154889710928842	0.24076140205214772	0.20796344454676566	0.010105432475359678	0.10257733976785871
GSM6590851	0.04001353722725857	0.09918497717381503	0.1025137599485013	0.074388599326935	0.2565829644839597	0.21069730132150968	0.017696138000923112	0.19892272251709758
GSM6590852	0.12004638960552792	0.07998864436903964	0.09220468086681229	0.0934191725772872	0.22422425565115964	0.21787004936425902	0.0008551645381795095	0.17139164302773466
GSM6590853	0.04287974453186545	0.12871931327145392	0.1008094281755375	0.15001738314935847	0.23282011348847065	0.20193398225189202	0.015948967679013583	0.1268710674524084
GSM6590854	0.026246825201342198	0.12613275826517956	0.12489929255466534	0.10476735590963082	0.2358436290095306	0.20709018537080875	0.013425514834748619	0.16159443885409408
GSM6590855	0.11741566673173086	0.09063934716456896	0.09585532895031723	0.08112980196958929	0.216355146978562	0.21982231835299196	0.001500150185441094	0.17728223966679857
GSM6590856	0.07957852425539819	0.12136941986712839	0.13875292080810242	0.0952028070966053	0.22370900457252269	0.19080033817038997	0.006607161369385924	0.14397982386046723
GSM6590857	0.05685675949716333	0.10456838944944673	0.13828124503184575	0.0853557441056933	0.23971365375435064	0.19332586535989663	0.015750811722611318	0.1661475310789922
GSM6590858	0.05995626522625696	0.10121118878450466	0.11410163246640999	0.08490101119061344	0.2481275624407694	0.20511705146459608	0.019727731263168072	0.16685755716368145
GSM6590859	0.048014331947040405	0.0955578272044538	0.11042797336208708	0.06898401794559667	0.25588750802242916	0.22014475353303217	0.019016348118881164	0.18196723986647956
GSM6590860	0.04561964149599224	0.09995648835026837	0.10240492445497067	0.07781244696020914	0.2606413081369678	0.20941911334251714	0.020711732832249006	0.18343434442682555
GSM6590861	0.05761029674266832	0.10279896722089273	0.11924418113967274	0.06786626399968143	0.2661402615890147	0.19152483015433416	0.014512716461133321	0.18030248269260246
GSM6590862	0.04020028566736603	0.10614201610148392	0.125644804686987	0.08751109875951417	0.24686674535397454	0.2071488640651576	0.012644314361999897	0.1738418710035168
GSM6590863	0.038233976781275374	0.10912733597290167	0.10791173038106637	0.07841672287270549	0.258938990722905	0.20437057488478547	0.021626706190108085	0.18137396219425259
GSM6590864	0.04888547181785529	0.103333985349949	0.11119496811008392	0.08906462793466621	0.24390046787527953	0.21115519792624543	0.02061502502012398	0.17185025596579667
GSM6590865	0.05814920997826186	0.12229920062695983	0.13052634942979272	0.08473666867001853	0.23490989381353547	0.20489556704559098	0.002326108771887186	0.16215700166395342
GSM6590866	0.09786070876304076	0.11045840516665828	0.13315115970855101	0.08492539852174136	0.22131039528713375	0.20389831704797134	0.0	0.14839561550490332
GSM6590867	0.037708773643687764	0.11097108629858024	0.12480940672443605	0.07676464562737917	0.25407155282066507	0.2033079355311151	0.012001017427657829	0.18036558192647884
GSM6590868	0.03448339084086385	0.11361577025963439	0.14448785374866713	0.07553362899615627	0.24971214609768239	0.19390200148649792	0.010596209269165423	0.17766899930133265
GSM6590869	0.03205372870205127	0.1003358824038405	0.12281030780813158	0.07118158245628067	0.24612982639036254	0.2258791657380697	0.01604021900911249	0.18556928749215135
GSM6590870	0.05135134809506216	0.15942702875068662	0.1734955078255327	0.08978824929943921	0.2224671446316468	0.18139298825422295	0.013342721235967948	0.10873501190744175
GSM6590871	0.05812656012637114	0.10722712770071598	0.11349379813591093	0.08840447334892566	0.23899065989095267	0.203944527343217	0.012850890418311074	0.17696196303559555
GSM6590872	0.05507444756311515	0.10366182868750104	0.012074635026503092	0.18400212550870823	0.2219419430051533	0.23896125242095667	0.0	0.18428376778806263
GSM6590873	0.056771895539098165	0.13147580329484546	0.14804773700108081	0.07918967034296555	0.22774701886090956	0.2008083420558372	0.011927518576286817	0.1440320143289764
GSM6590874	0.05986395983418589	0.12288460351369213	0.12412056654399034	0.0881856227291863	0.23043288539638174	0.20503536408164408	0.011122309797164935	0.15835468810375447
GSM6590875	0.06318079202448144	0.1116211588737952	0.1167447696555425	0.07152279977569302	0.24169482368421522	0.20137863535815204	0.01918650558528912	0.17467051504283143
GSM6590876	0.06011440735295153	0.10138508127709585	0.04909034145618243	0.1421519880844583	0.24858135911083434	0.23350826865457439	0.0	0.16516855406390313
GSM6590877	0.06627894209534223	0.09624042939227619	0.08308317502602229	0.07961400618562442	0.24987867283121185	0.2103457826190473	0.005968251024243373	0.20859074082623247
GSM6590878	0.0660949505010103	0.10183052787191461	0.09292256447051458	0.08691374762324394	0.2544936521722536	0.19905893135545388	0.0034849648386389514	0.19520066116697019
GSM6590879	0.06453150214282374	0.09745873211763044	0.08941989976107857	0.08850510427344345	0.24291092667666656	0.20690370910276748	0.0013341886942662804	0.20893593723132342
GSM6590880	0.059958195692535035	0.0902202306682804	0.08118862307542946	0.09078916574895197	0.25513885256779273	0.20734235179616536	0.003962496696105143	0.21140008375473984
GSM6590881	0.08232825545221231	0.13860187382024985	0.18346700046663947	0.10142651844060342	0.2027692106175778	0.19026996800129448	0.0	0.10113717320142267
GSM6590882	0.09854765789361226	0.07921035565587367	0.10549676218510319	0.09797493327916623	0.21677290033593583	0.2579534503269672	0.017854662049884375	0.12618927827345722
GSM6590883	0.08514048920992241	0.11429376479431841	0.16867258298755136	0.10395602757879073	0.20183603508763764	0.20975488904965872	0.00588841306468637	0.11045779822743437
GSM6590884	0.03398774314897995	0.11483785289805688	0.11426483620321344	0.08359668926466876	0.25094267981648616	0.20727693089560345	0.013966835940184334	0.18112643183280705
GSM6590885	0.05676585225536197	0.13575429256214394	0.13968205433671513	0.09999324865927282	0.23100891919175143	0.1848679638233931	0.00930602874596192	0.14262164042539965
GSM6590886	0.09872623125325364	0.0931666259602589	0.10462574352018804	0.08364856078811596	0.22252512126400859	0.2181487407457226	0.01977232150438884	0.1593866549640634
GSM6590887	0.059321402191974446	0.12022639653952605	0.1267565621951391	0.08090534009090802	0.2373572428767893	0.18873766783624663	0.008913315128055398	0.1777820731413611
GSM6590888	0.06911640150756307	0.10955695094352416	0.13950916826843762	0.06673603849525139	0.2394850800578747	0.21978421429464856	0.0021467235565540144	0.15366542287614657
GSM6590889	0.036697958189210046	0.11445944746078673	0.09233794651773498	0.10520258268430845	0.23218668336897938	0.2252777554757681	0.02264646995759519	0.1711911563456172
GSM6590890	0.049452885983966986	0.10711395761830587	0.11001141664067302	0.07951116268480583	0.2450903027406694	0.20298976909534194	0.020707289803773687	0.1851232154324633
GSM6590891	0.11712331610987355	0.07636333993934011	0.0997019586851364	0.07810455853789938	0.22190932867496044	0.2170657367453015	0.0026438522099794548	0.1870879090975091
GSM6590892	0.07608583485147873	0.11710792754519622	0.14061134037032058	0.08204829102993155	0.2334440684060119	0.19548208747145293	0.0	0.1552204503256082
GSM6590893	0.0561488527059743	0.10569907538979939	0.11575960015671678	0.060093964801120454	0.2583244628174405	0.1964501868551438	0.010538764748405144	0.19698509252539959
GSM6590894	0.09954413985137994	0.10530124203042292	0.08075071572251256	0.12729879075966047	0.21399972476587165	0.2190525359723241	0.0	0.15405285089782836
GSM6590895	0.04672458057221913	0.08927481519736906	0.0969329238662291	0.0872792368224463	0.24838509860890134	0.22368151350608528	0.016668910981762042	0.19105292044498776
GSM6590896	0.04263078968859785	0.09533373857822368	0.09811680982601079	0.07547696896755691	0.2529433940225594	0.2157042833605628	0.027268388484386386	0.19252562707210222
GSM6590897	0.11624401807571215	0.1135210316153909	0.17556863184952112	0.10399448139652721	0.18315693898437224	0.21307101934089484	0.0	0.09444387873758157
GSM6590898	0.03192533748005844	0.12051205150766879	0.01947721699467301	0.16850912528742407	0.2355188776053014	0.22167777427250535	0.006346633729109301	0.1960329831232596
GSM6590899	0.06165524393839745	0.09933930651203236	0.14581754885049833	0.061593779732422166	0.24284485893919663	0.201730826586452	0.012622819263045596	0.17439561617795543
GSM6590900	0.05189359199004713	0.10181490633151631	0.09048942914294521	0.0704359213120734	0.2665324744577781	0.2162615949457666	0.023632542562086363	0.1789395392577868
GSM6590901	0.0626212219588655	0.08844014317545305	0.09095323838360926	0.08487367452783158	0.26196663004871223	0.21216838127727505	0.002183140965872051	0.19679356966238135
GSM6590902	0.052150319915453096	0.08175204689595737	0.07585994241790808	0.0816844471066094	0.25808094980370855	0.22647183642490087	0.010465153621896406	0.2135353038135663
GSM6590903	0.04333433825647658	0.08271727241988112	0.020629417489638233	0.1525464428154107	0.23011719359675278	0.2695248257506857	0.00726199711827019	0.19386851255288484
GSM6590904	0.0639504101532484	0.09713891487728325	0.1097574818057576	0.10594436489207411	0.23641925357478547	0.19531791694011164	0.0	0.19147165775673952
GSM6590905	0.06513571934245739	0.082844701279085	0.08759100193748737	0.08431338727976456	0.25624196931333804	0.2149948314623254	0.0009520168966132982	0.20792637248892898
GSM6590906	0.08902427566594773	0.08402505657562984	0.09111724849753214	0.08110482782833485	0.23467932425033408	0.22451540162496642	0.0	0.19553386555725494
GSM6590907	0.06745311039894776	0.09018631008053041	0.10489593100454025	0.0696428440958509	0.2613701672420456	0.19845217171142476	0.008583084959774627	0.1994163805068858
GSM6590908	0.11321988687525432	0.09853863622583595	0.11587505318689927	0.09276812399112268	0.20956919511666117	0.2207813782034598	0.0	0.14924772640076667
GSM6590909	0.045690240062721606	0.11110095002379029	0.11767709947319603	0.08185571159749279	0.2358754442868098	0.20701717742669465	0.028723964499614944	0.17205941262967986
GSM6590910	0.08967693054666283	0.09596526095942304	0.08773465073059802	0.07611284184502383	0.23472755839036336	0.2110303708051991	0.0	0.20475238672272977
GSM6590911	0.037334496841095674	0.10489464930882524	0.13995017762203077	0.07640801654534263	0.2502423936197327	0.19879440195661055	0.016728759750752123	0.17564710435561043
GSM6590912	0.05494786846727565	0.12018526115752914	0.15146603786569598	0.09325342679756088	0.2228713789762707	0.2058071026955817	0.0	0.15146892404008586
GSM6590913	0.034653024649509326	0.11214301504978007	0.11023996759459473	0.08164100726095776	0.2562350407886404	0.20458662790658425	0.013899773520669574	0.18660154322926392
GSM6590914	0.11256818209447822	0.09590527818443799	0.09344665339594874	0.1047437438619633	0.22050721376054597	0.216393139883269	0.0	0.15643578881935677
GSM6590915	0.06518808003894601	0.09181247256589989	0.11535405509010574	0.07258820358793606	0.24968506347971622	0.21130605936489374	0.006765298243101463	0.18730076762940095
GSM6590916	0.05121341804169269	0.13184521102900648	0.16817411698976792	0.0823222022995196	0.23685479641405607	0.19737633263461235	0.0	0.13221392259134476
GSM6590917	0.04072784929661001	0.11913695781457681	0.11643377760247017	0.06546089226295901	0.25081419634793717	0.20621008670433394	0.010528196069687468	0.19068804390142544
GSM6590918	0.062401727788445625	0.12548968635696928	0.13657590824411886	0.117175556227507	0.22006826196447032	0.1936823125613132	0.004019623824405054	0.1405869230327707
GSM6590919	0.07790003926142688	0.0802359076157432	0.09247922687973811	0.08822481013939876	0.2754536605471138	0.22513042254464136	0.016235077477436494	0.14434085553450143
GSM6590920	0.02385680613906867	0.1254537727275583	0.1333309241033197	0.07643158461510052	0.25392829277821366	0.2005061632296183	0.006810911974590241	0.1796815444325306
GSM6590921	0.053928276866317834	0.10940655320978532	0.13685008784002128	0.07181991211028876	0.23858742166939811	0.20376746909361373	0.022712338391477214	0.16292794081909767
GSM6590922	0.051440322949420705	0.10932358567755683	0.12860561639098933	0.07924011186597034	0.23728582130710668	0.20527231124918294	0.015411938638152814	0.17342029192162045
GSM6590923	0.044474429330451926	0.10963410058483115	0.12222699283589807	0.08316950020986229	0.24091645473652787	0.20680141282432835	0.020207835929648987	0.17256927354845134
GSM6590924	0.06121136806553922	0.10880467701745768	0.12018945709666937	0.0835984316762734	0.2455144051144348	0.1957916441062336	0.01400794064224682	0.17088207628114507
GSM6590925	0.05263357887247515	0.10609766949541061	0.10886117134292944	0.0744218230912101	0.25617316408062707	0.2055914212339103	0.016727025674796465	0.17949414620864082
GSM6590926	0.07443129189995354	0.09708000276588503	0.10758380068260613	0.08590460681915801	0.2420211958484217	0.20314783386684154	0.0	0.18983126811713397
GSM6590927	0.06274537625541943	0.08518779585148474	0.09034448400690431	0.08020212459448756	0.2545296295123514	0.2166002876901919	0.004759619799821713	0.20563068228933895
GSM6590928	0.04455636119977032	0.11976762463176203	0.11214594986994496	0.08015327123606918	0.24552900169372252	0.20365776476838865	0.016643243641498846	0.1775467829588435
GSM6590929	0.04305650114387253	0.10955282209220396	0.12360597313920217	0.0817010439804764	0.24409403066473812	0.20301362027147396	0.013873701724433585	0.1811023069835992
GSM6590930	0.09562494466574857	0.11062186256602792	0.13228584472730012	0.07184551688148816	0.22231572581804263	0.20130261916726788	0.005799538601670228	0.1602039475724545
GSM6590931	0.1309340904894947	0.07348522182549258	0.08435230078585383	0.09016776081518578	0.2259781614429532	0.2292522448403807	0.013467918675241624	0.1523623011253976
GSM6590932	0.13193689621809263	0.08795384151190111	0.13061486432571093	0.09449486790474589	0.1996036164161694	0.2140554720777485	0.0	0.14134044154563163
GSM6590933	0.06401252396148498	0.08864271702318602	0.06330436706435973	0.09339896141298851	0.2377275279203585	0.2271501127871371	0.0225563545182125	0.2032074353122727
GSM6590934	0.0570444575370625	0.11211000690457423	0.1212190286067922	0.07502532161807296	0.25775258632910797	0.1984291444570392	0.014761572696968045	0.16365788185038296
GSM6590935	0.07230540374622305	0.10366503064014526	0.12606359178524693	0.06326593560369274	0.2542150423320485	0.19683234655862886	0.005897580651904685	0.1777550686821099
GSM6590936	0.05083029228186263	0.08254943353037564	0.09600709708211035	0.061397395757421445	0.2703941848523655	0.2161861734435949	0.024692705824945815	0.19794271722732382
GSM6590937	0.06564487861494452	0.08882624900216889	0.1127814706658056	0.07563757589882183	0.2506243570429305	0.2046668916234825	0.01161612351818013	0.19020245363366606
GSM6590938	0.05747256206824057	0.10294452803462426	0.11672618219703579	0.06647499794695648	0.27183265278162155	0.20026698250552286	0.017220915942155485	0.16706117852384295
GSM6590939	0.040191254817626934	0.11082588765515779	0.08459136472675956	0.11775146760960915	0.2428403869378692	0.20841939364195913	0.024255372069294998	0.17112487254172315
GSM6590940	0.031600724259060464	0.11655677949800991	0.12482864798012945	0.07667464113939107	0.2674356092598892	0.2008957922618482	0.008614157929253158	0.1733936476724186
GSM6590941	0.05664809629202167	0.11528753422776553	0.10953347576275548	0.08586327839859356	0.2397002886689937	0.19694701060274108	0.010589826313777737	0.18543048973335116
GSM6590942	0.06871138248163004	0.11552215550099416	0.12159715750262975	0.09227328650794284	0.24339981391451398	0.18724281086330505	0.016439746705223877	0.15481364652376026
GSM6590943	0.08191221566916954	0.10717560877676574	0.13589089071214508	0.08999061336727694	0.22029638225904516	0.20923211848524503	0.0	0.1555021707303525
GSM6590944	0.04828659184534285	0.10260862653133818	0.10362346739106057	0.06936260896044219	0.25004649550401536	0.20501877934854332	0.0007076521498888588	0.22034577826936863
GSM6590945	0.052581094423150246	0.1290484417825264	0.13620718200201004	0.08493223414759228	0.23199188355233555	0.1859167349124882	0.017517646961512222	0.16180478221838498
GSM6590946	0.05831447661285486	0.08681029290617226	0.0620909147568458	0.0741430803384203	0.2806218645507054	0.2200897767217525	0.013419500195371706	0.20451009391787708
GSM6590947	0.03958958925540371	0.1133376278347215	0.1375006918668758	0.08130666373233329	0.2437341979887586	0.19961636690910803	0.019029116732177918	0.16588574568062125
GSM6590948	0.06520318611515451	0.08244778004686211	0.08913594586339714	0.07283724585733148	0.2561349628877504	0.2065777207867985	0.02293281532841155	0.20473034311429433
GSM6590949	0.042101807824627024	0.10605757525645895	0.11504576483084399	0.08531062607324777	0.24968641924667967	0.20347287720845192	0.015142805692625891	0.18318212386706484
GSM6590950	0.0499152316804032	0.09873579570013344	0.10398048682506336	0.08434009177145325	0.26014081077665024	0.2079965272223666	0.010310559469955934	0.18458049655397402
GSM6590951	0.04533109625573662	0.09949332902451749	0.1171323663834577	0.07654500555376217	0.25586509973795285	0.20631497864836906	0.012753095349076822	0.18656502904712724
GSM6590952	0.037423896560787005	0.10891065553160303	0.10412857818334693	0.08277047501739616	0.24585017452642485	0.2124705106867755	0.01688291440413771	0.19156279508952878
GSM6590953	0.06295496545465008	0.08778600513666902	0.06562715222429266	0.08586707793491846	0.24878015222750802	0.2186006387622173	0.01839296453566508	0.21199104372407934
GSM6590954	0.04953126711409325	0.10817138296801197	0.10402925267932162	0.07012441305088421	0.2566431225469235	0.20328770993560683	0.018054814688433528	0.1901580370167251
GSM6590955	0.0602926576657329	0.08893839510056181	0.09008122010597103	0.08025119552926292	0.24897088156846894	0.20854698539671984	0.0061366001818235925	0.21678206445145898
GSM6590956	0.03599085590957581	0.10298789231674714	0.11157136844885167	0.06463795193684195	0.2584893777989435	0.21330488292499147	0.031186516378363536	0.181831154285685
GSM6590957	0.048796974854180636	0.11334351865998689	0.08895427061085506	0.09752057090230962	0.2474101383902285	0.21864600695916353	0.01976182521367144	0.16556669440960425
GSM6590958	0.06013756497853443	0.08921962000008768	0.054973715191515234	0.05742183207075655	0.2865870586269716	0.2300630614929937	0.025563736545970446	0.19603341109317043
GSM6590959	0.09785471393164645	0.1331081590784598	0.1403923550497473	0.08305371408973797	0.20352707453535532	0.20286365466801556	0.005272187807381819	0.13392814083965557
GSM6590960	0.09937858802634403	0.10464666851696305	0.09579824891517148	0.09086063478934697	0.22635930740073756	0.21117257826451497	0.0	0.17178397408692198
GSM6590961	0.08609456365010883	0.15015005861189365	0.15255134840058887	0.08985006574644729	0.2086682023967656	0.18894191844302455	0.002170180600575119	0.12157366215059603
GSM6590962	0.05648058838339818	0.11653304950987399	0.14264271784391427	0.08478464671814195	0.23771721989045233	0.19407413969578408	0.007243482301719477	0.16052415565671566
GSM6590963	0.0615200287570163	0.11443303065604707	0.13160197021420106	0.0821922941204827	0.23426748307137174	0.20328382413581697	0.01499772878310664	0.15770364026195755
GSM6590964	0.013719155844266456	0.09873494329873439	0.026057926232615297	0.15089861101872565	0.26228199758370824	0.24695643290842242	0.0300034840500067	0.17134744906352076
GSM6590965	0.07388712283987045	0.11675893469674342	0.12757550990826907	0.08003939956142687	0.22886358854559755	0.21213379362098458	0.0006369291779816188	0.16010472164912654
GSM6590966	0.0761434186114808	0.07724375995339328	0.0739051358616551	0.09027563725660703	0.24635949247383232	0.23072785782910182	0.0005274546805259962	0.20481724333340376
GSM6590967	0.06343932217357705	0.09670970240950925	0.09376461796276338	0.06964483653915979	0.25702831119992847	0.20224185530173538	0.019240550102828144	0.19793080431049845
GSM6590968	0.06382484373518042	0.0823927454429964	0.07360032974508915	0.08527178411393531	0.2598499662503685	0.20870204431273384	0.013852343351963912	0.2125059430477325
GSM6590969	0.06284274761931752	0.08927508190067943	0.07992575816006832	0.08505577220004162	0.25902629409226224	0.21738190714519673	0.0023740731283095114	0.20411836575412454
GSM6590970	0.05923640461785199	0.10103950579469875	0.06852975954690864	0.08885486929943265	0.24169880298176033	0.21328763547274843	0.028102495344319394	0.19925052694227993
GSM6590971	0.05415178554337749	0.0786925793460171	0.017694932487048374	0.1262977045182767	0.251881123697291	0.2410481825832131	0.007288335643948892	0.22294535618082748
GSM6590972	0.08292648920419828	0.09004929090938898	0.04647262562372928	0.10400236315211464	0.2342777376004085	0.2208590798488022	0.00912909317921477	0.21228332048214332
GSM6590973	0.06746158399583845	0.10301291354596205	0.07323525327028943	0.0741809039779838	0.2579342855344887	0.20260589539354418	0.016971601557474774	0.20459756272441856
GSM6590974	0.048288282193374304	0.10239217508399247	0.09378696575658768	0.07719786391543565	0.24862004824735484	0.20545462818652163	0.0025745233413398245	0.22168551327539351
GSM6590975	0.04760801149198061	0.11761828023217323	0.09113470046774212	0.07266026349178781	0.25575719004734415	0.19826147222522836	0.008086826245978203	0.20887325579776544
GSM6590976	0.06336303372830958	0.11190181706431986	0.09484118856052676	0.0831069030429218	0.2600026559746052	0.2041456275602903	0.0	0.1826387740690265
GSM6590977	0.05517348295071594	0.09422477550406406	0.09178264752964527	0.08994171141671221	0.24070513402762403	0.20040488019283023	0.030432226674284982	0.19733514170412317
GSM6590978	0.04206428157650578	0.09659330837767019	0.0907813571729027	0.0946063345906305	0.24696470570093332	0.20581373270280476	0.0	0.2231762798785527
GSM6590979	0.06541215530872611	0.09999702496349677	0.07821495435355658	0.07547958238109859	0.25468410543142084	0.20223676990479078	0.014098516264775573	0.20987689139213483
GSM6590980	0.09470277959055631	0.09766409954255441	0.0907619569325275	0.09846587575950158	0.23343719884354672	0.20242905556749993	0.0	0.18253903376381375
GSM6590981	0.10404363168420441	0.08705791060345712	0.09746399459264946	0.08194096522935095	0.23028893465871567	0.20559144362888385	0.0	0.19361311960273855
GSM6590982	0.05933316365617274	0.09969607207161978	0.0884568350938036	0.08982683564015244	0.24743768909008793	0.20316053947818286	0.011021387044061453	0.20106747792591928
GSM6590983	0.06268346960302476	0.1102605519145636	0.08702712504059164	0.079346257751429	0.24465449950587395	0.20668513968075972	0.010450683619956524	0.1988922728838008
GSM6590984	0.08638850038043973	0.08993082985280551	0.07866191396926049	0.0864475030805855	0.24015919670867836	0.2094497832043676	0.0	0.20896227280386276
GSM6590985	0.061546767763374026	0.10721041333011784	0.09640250461338656	0.09277781774811684	0.25769481738773103	0.20088241157550535	0.0	0.18348526758176825
GSM6590986	0.09764295256266226	0.10606602700315414	0.10498894968298467	0.10239663580300848	0.22253772153561838	0.20679817015134444	0.0	0.1595695432612276
GSM6590987	0.0634634623468811	0.10525974917019464	0.07048183080647301	0.08389591971818565	0.2555034079317487	0.20542269455367707	0.011154856981735286	0.20481807849110456
GSM6590988	0.08899359249516896	0.09705939244598784	0.12271396275937826	0.09510107436941494	0.20807057803937593	0.20614501269166302	0.0	0.18191638719901113
GSM6590989	0.07906472786016108	0.09545226505916585	0.09843011598618655	0.09269023936477168	0.23369485170095755	0.20861605125484406	0.0021853445285952293	0.18986640424531812
GSM6590990	0.062067835001532456	0.09695766976324634	0.08810453236791965	0.08527148147581579	0.2556246855995507	0.20537980806247663	0.009079747950377073	0.19751423977908153
GSM6590991	0.0635523125027298	0.08908079081504772	0.05745075206578267	0.09079543241865794	0.26786314047038273	0.2114036735141543	0.006046045857808378	0.21380785235543648
GSM6590992	0.06541537219982071	0.09790561516628603	0.0825084065075503	0.07206111563792243	0.2635271006461902	0.20604663048572536	0.012800331743263558	0.19973542761324134
GSM6590993	0.0638610657125067	0.09824723071602563	0.083592995637694	0.08349618123252	0.2477024336541072	0.20218925550548336	0.01649329207547323	0.20441754546618995
GSM6590994	0.06347586423496566	0.0881016992234816	0.08383360446165015	0.08314464106599127	0.25411715999711887	0.20602617023274225	0.011348261420851156	0.209952599363199
GSM6590995	0.07056741315347582	0.09214681258105929	0.08686466743721616	0.0753275316634403	0.236225385213687	0.2288069111498111	0.0	0.21006127880131029
GSM6590996	0.06756637878505582	0.08188639690535611	0.06983133298769265	0.08252805419385456	0.2565461957053247	0.2145371295306562	0.008955983427300737	0.21814852846475916
GSM6590997	0.06668944485775848	0.08088226346599058	0.04115377048172728	0.06197579607206814	0.31224276017592906	0.22243619877395515	0.025119847942126166	0.18949991823044518
GSM6590998	0.05418758842031398	0.0907995151448171	0.05510128622546322	0.0431446708710869	0.3005262392734744	0.2269101017258964	0.018378590267174616	0.2109520080717733
GSM6590999	0.08047647366657984	0.07985679860566637	0.08414216221248584	0.07544343902029342	0.30065628037703385	0.24930408615024197	0.011891182847603163	0.11822957712009557
GSM6591000	0.05589529685561486	0.08773597184603156	0.04404141495612994	0.08082154713043667	0.28740065608529347	0.22822711166660656	0.021083510797698938	0.19479449066218785
GSM6591001	0.07133075264669964	0.06625074739782755	0.0632167072159553	0.12017853248739664	0.27431974237365725	0.2721816960409913	0.004840765950466381	0.1276810558870059
GSM6591002	0.053183930323142455	0.06905596240368218	0.047289206471319484	0.07101546246346913	0.32240182544751167	0.22247448482888887	0.015051454701755014	0.1995276733602311
GSM6591003	0.04011707616464974	0.10569320416119474	0.10262073853787969	0.09023238263423673	0.24637841066771962	0.21003784178163476	0.018902331851798123	0.18601801420088662
GSM6591004	0.08788126572568312	0.11557609318355391	0.1359870981065822	0.09238700278014421	0.2851288784715931	0.21946883075960189	0.0	0.06357083097284175
GSM6591005	0.0055423383724198605	0.13317427430080098	0.01763979985143671	0.2056356487256779	0.22764703355228066	0.2635835383695075	0.03871947074542484	0.10805789608245149
GSM6591006	0.12629469745751148	0.09012463191276075	0.12574668669944677	0.09748940598131253	0.20909073920888194	0.22083578570983667	0.0	0.13041805303024973
GSM6591007	0.07180277975865085	0.07657288244308436	0.10198397285617025	0.08129878780378265	0.24826724441836887	0.21281692119403928	0.0	0.2072574115259038
GSM6591008	0.06339626179064003	0.09110010905064604	0.10133061671614386	0.07804352013670855	0.2599731867636802	0.20737722080292204	0.0	0.19877908473925926
GSM6591009	0.05476616353727554	0.07956420065227121	0.04400634869539882	0.0561238721059429	0.30433106760587186	0.22979271863742123	0.02054888196516007	0.21086674680065823
GSM6591010	0.05240507642121431	0.09259295795546943	0.08688106438302605	0.05900918805429439	0.3183102791665553	0.24042601132313407	0.02797328655809494	0.12240213613821148
GSM6591011	0.14548783280658628	0.11274222124927147	0.13202569559550895	0.08954495691204593	0.2014437925934087	0.20916388154564017	0.0	0.10959161929753844
GSM6591012	0.11193560408526093	0.1234151778864999	0.1621574784247819	0.13637806173710632	0.18050740980819555	0.20250355646773735	0.0	0.0831027115904182
GSM6591013	0.05740413524621916	0.07780744766186731	0.055551376519004915	0.05870659212716364	0.3041985054584378	0.23097031937337859	0.016763687001436083	0.19859793661249248
GSM6591014	0.05643692854738915	0.09553158218724989	0.11862213141775103	0.13778508976132406	0.2576139389608011	0.20228908185272607	0.0	0.13172124727275877
GSM6591015	0.05583481935057544	0.08942052294561854	0.04398579827553121	0.054731880828023306	0.30181795877587453	0.21893153893266848	0.025949863442527196	0.20932761744918119
GSM6591016	0.04978228739107366	0.07990167249401842	0.04762536054103194	0.06527493968729804	0.2973713249407844	0.24082419062947188	0.012269240789259325	0.20695098352706245
GSM6591017	0.052943442269467886	0.07774961664476049	0.05537294680155187	0.048158361050957776	0.30512836772096025	0.2246942327461781	0.02237042948745221	0.21358260327867157
GSM6591018	0.059767204344692126	0.10245365429836434	0.05037929425861157	0.06133832028767357	0.3271044669296494	0.23926205708416284	0.011737651137076269	0.14795735165976992
GSM6591019	0.08233401851063475	0.06206151132806002	0.06860036068969368	0.11039786500301647	0.29670837291431723	0.2580918713007381	0.0	0.1218060002535398
GSM6591020	0.04559206325345741	0.09818727255012781	0.08436970775554913	0.10959029259855224	0.25092489432074844	0.22574772964906473	0.017871902437295875	0.16771613743520425
GSM6591021	0.05292546857341671	0.07558568737406467	0.06568805275688365	0.05888697503642889	0.2819327290845879	0.2366476425111867	0.028176638731481282	0.20015680593195018
GSM6591022	0.05615323620355987	0.07268170201563222	0.042541042624026824	0.05807929239497627	0.2929472973709789	0.24134736574477128	0.0190189963718293	0.21723106727422542
GSM6591023	0.051591747238901815	0.07448320005583631	0.044493615036672714	0.08513405897050569	0.2914541818196759	0.22607479356520468	0.023318532479070415	0.20344987083413243
GSM6591024	0.056742923366105355	0.09302185386991313	0.038896098951938	0.060098982883839164	0.3050670765957342	0.22900661245562404	0.016962111485776952	0.2002043403910691
GSM6591025	0.05853354454022384	0.10625465964846184	0.11381996915472761	0.07455453139042678	0.23770650996186166	0.2176834590286706	0.018476596080905554	0.1729707301947221
GSM6591026	0.07244715672231913	0.04378387281634528	0.07336510985248686	0.0879785878105397	0.321512636463691	0.2645591713972205	0.0	0.13635346493739753
GSM6591027	0.054869290741405195	0.08490807969877504	0.06538782557160318	0.057274118907250274	0.28650586195988664	0.228760454379932	0.01734612783154753	0.20494824090960004
GSM6591028	0.0636260652519675	0.08270869838088764	0.036363779412700296	0.0501575468114481	0.2886981472391586	0.23863519860949867	0.021292039350174725	0.2185185249441645
GSM6591029	0.09384373511225949	0.15039329306380922	0.10447381459592937	0.05603544109918023	0.20498982909564178	0.2434521006964907	0.011220081004403944	0.1355917053322851
GSM6591030	0.06864861617527569	0.14937401929344013	0.14919264199888166	0.09617565303907454	0.20472615897851582	0.1945784113098742	0.009398712163455183	0.12790578704148292
GSM6591031	0.10859905256671065	0.06681561507736646	0.07843268062677004	0.16386611103634544	0.25572167632096354	0.21829522124265263	0.005159773146529012	0.10310986998266214
GSM6591032	0.060494098159827606	0.12434959925766365	0.09550817788547662	0.06964723188336044	0.27654117329895056	0.20508818338118529	0.03592148789935515	0.13245004823418052
GSM6591033	0.060910339224584435	0.07282350557024266	0.03924696958858056	0.04355329444421051	0.30994534227504117	0.23217358814930428	0.02337413676002562	0.21797282398801085
GSM6591034	0.06392709256458555	0.08708953847588448	0.05119997802653444	0.072675993712545	0.29427015821180597	0.24119770108004593	0.005177284691575728	0.1844622532370229
GSM6591035	0.0639109640536567	0.07274800729417984	0.01812298156348793	0.1278778611034857	0.26470837443149847	0.2600743690609301	0.004932182818607959	0.18762525967415325
GSM6591036	0.05018285567144211	0.09868853355005823	0.04135948436628734	0.04305428816562461	0.31009480881225737	0.23517475792532272	0.024052293284928132	0.19739297822407958
GSM6591037	0.05619932819709066	0.07743767069689915	0.04186320996526635	0.03236428240967852	0.3126941594424416	0.24105297997362418	0.015354315845883896	0.22303405346911562
GSM6591038	0.04016721161534669	0.10562513679927522	0.1021879266061929	0.11740003861151989	0.251281364005682	0.21508117714986486	0.01809896825022442	0.15015817696189399
GSM6591039	0.05420150069885912	0.08436525597634033	0.04903255442553031	0.08052422713126692	0.2939884831872223	0.2326081312608708	0.018706626558810856	0.18657322076109933
GSM6591040	0.1278692000225423	0.13047488371248872	0.10082855069708012	0.07622771120034127	0.20736940060700443	0.2324132221671052	0.03403310662562949	0.0907839249678084
GSM6591041	0.05149215978699	0.08772011543026412	0.051293417664435924	0.06719314350540381	0.2970001338223156	0.22369225441139315	0.02846430668875325	0.1931444686904441
GSM6591042	0.11464715646428238	0.08910503307226098	0.12925108817419068	0.1869427109022391	0.1824670310849231	0.2439061068328278	0.025769393414841805	0.02791148005443414
GSM6591043	0.06671423855976656	0.05535058817280215	0.02485393453427114	0.08679536461779996	0.32691933948616725	0.24081582492127337	0.0	0.19855070970791955
GSM6591044	0.05239982269815216	0.07407394621322023	0.04946069274796127	0.028155132182570125	0.30721409637841696	0.24589566058460466	0.02156344366486141	0.22123720553021328
GSM6591045	0.06005572044979151	0.08983831642445801	0.027655783766628316	0.08173883599940059	0.3047255657098422	0.2316354239055493	0.004107794516987675	0.20024255922734238
GSM6591046	0.04933657629629242	0.0929298419869387	0.062460515237728324	0.06314947788136675	0.2899617350963443	0.22220891247466512	0.02442474416124305	0.19552819686542128
GSM6591047	0.06886026709537416	0.09992715388197854	0.020180734041448052	0.2067737618196146	0.25612326387902634	0.27336477515556973	0.0	0.07477004412698857
GSM6591048	0.04593589111367487	0.09295631822654608	0.033563056683010996	0.06128314571730448	0.31870298134451325	0.2576967154379857	0.01935138860387841	0.17051050287308617
GSM6591049	0.06426525510611401	0.06724417965088728	0.04251109514650101	0.09185288957541257	0.31658744407242534	0.263513997920094	0.013653220524039925	0.1403719180045259
GSM6591050	0.05193444243827732	0.0741704571560343	0.03492042424776843	0.05697069047794761	0.3081222201118323	0.23901792386286327	0.019297354223300096	0.21556648748197663
GSM6591051	0.06739645853757081	0.07381397476536226	0.055143457474783664	0.04533491327952638	0.30360784560041854	0.22993479635793318	0.0157953617485762	0.20897319223582894
GSM6591052	0.0572836873880952	0.07709897604726737	0.04781757957744391	0.03558932230565251	0.3056722917304469	0.23016531272936758	0.02082202179363638	0.22555080842809003
GSM6591053	0.045044783097998475	0.13375497968368746	0.057502125769161756	0.09739666378993452	0.2804651666312399	0.23359359942033012	0.010606355319456678	0.1416363262881909
GSM6591054	0.04820217400983856	0.08292142546786213	0.05879699015637099	0.039610097561166284	0.2924849394487172	0.23139209996759283	0.019654430246043103	0.22693784314240886
GSM6591055	0.05333097495453397	0.0696125377656763	0.045245013103857784	0.07916476814210734	0.27879057874789764	0.2720945222772008	0.010456315193191767	0.19130528981553444
GSM6591056	0.07460493552871064	0.0826882504870483	0.04155844115689611	0.062473516753795845	0.34053930187367915	0.25444571473543104	0.021179386872084375	0.12251045259235452
GSM6591057	0.06528098258807262	0.0766962992689199	0.02793127203589491	0.09195251632796565	0.30539676418644374	0.2308828330387526	0.0004634708202711893	0.20139586173367938
GSM6591058	0.08048363713661622	0.11508608121333973	0.12348553861140145	0.11014477624675162	0.24864868364934772	0.2172686627249362	0.012251404609464802	0.09263121580814226
GSM6591059	0.06348842100727625	0.10721777875811747	0.040397373945831795	0.06041278690690323	0.31774817840712993	0.2300501401975738	0.009997044424808851	0.1706882763523588
GSM6591060	0.052390121516723225	0.06998301102778749	0.03576754572650167	0.07628445601616894	0.2968173593223312	0.23377274594281333	0.015885465293118576	0.21909929515455537
GSM6591061	0.06792518672767338	0.10413320620119598	0.04119955687228019	0.04797833013341084	0.3204365789888	0.23818220312169272	0.020158405686578403	0.15998653226836854
GSM6591062	0.05504558222972779	0.07700295691737317	0.0340501822958838	0.08669292046929253	0.29525587657925884	0.23282406079266524	0.01982958529710731	0.19929883541869145
GSM6591063	0.05499111583889377	0.07763783243054756	0.05548527276572485	0.054016609456153	0.29262768290489305	0.22774781029332805	0.020124365702809087	0.2173693106076506
GSM6591064	0.04759296261753965	0.10195460529065606	0.06663890015086375	0.11553475523146704	0.28809971612052315	0.2350279914682429	0.0	0.14515106912070747
GSM6591065	0.059365739506085535	0.0867062098251852	0.04855606722635814	0.053137157235560006	0.3098875115237932	0.22411735699577795	0.02111299857581704	0.19711695911142293
GSM6591066	0.056102067219175794	0.08655150594552287	0.04005463251399827	0.051549419868563366	0.3054707681979668	0.23465132504284694	0.022638362031765513	0.20298191918016037
GSM6591067	0.06490217607576622	0.07364781871845108	0.07012644890277832	0.05680240048093144	0.31436960947697457	0.25499860103016336	0.009716496016486654	0.15543644929844821
GSM6591068	0.053152333174830146	0.11855475942760456	0.037287496169116405	0.09309059540439266	0.29855283647269226	0.2229097774600426	0.00587367144611171	0.17057853044520974
GSM6591069	0.045161135537454176	0.0983500126759481	0.08107850366140915	0.08844501783779654	0.25918641927941927	0.22723961554140829	0.023083205734212096	0.17745608973235244
GSM6591070	0.07999144048269456	0.12285605000234713	0.09931485581229488	0.11819064776258836	0.241655480983663	0.222007653175889	0.012975187315137011	0.10300868446538598
GSM6591071	0.061288205551718426	0.07632552083351367	0.05895157664387552	0.04568933949601588	0.2931972054395543	0.231274186261791	0.023661185974440304	0.2096127797990909
GSM6591072	0.04604389548443306	0.09012723947558796	0.06826924258991283	0.08254247622258465	0.27697569842447356	0.22526328759032688	0.028885574888861048	0.18189258532381986
GSM6591073	0.047470836494636785	0.10182094254169897	0.05646926847156695	0.08811760662983827	0.2779546606152972	0.2229331588206838	0.016609995349154725	0.18862353107712335
GSM6591074	0.12630118086508402	0.11660076305943327	0.04183167870571814	0.1386612981292591	0.19924695194712458	0.2704889331100449	0.0	0.10686919418333612
GSM6591075	0.05451234435573587	0.08478074133786287	0.057139425591914816	0.08315997629338527	0.2663502283557725	0.22969537357567998	0.02075188310057638	0.20361002738907225
GSM6591076	0.044559860343069004	0.08948119127967105	0.05505487419037725	0.08029206908635919	0.2863115571890869	0.2257171117375726	0.019491435266387087	0.19909190090747694
GSM6591077	0.049830916624314034	0.11011383049751496	0.06596482965158977	0.07415149768081275	0.2887108528112241	0.21939667893470233	0.009904875761961746	0.18192651803788032
GSM6591078	0.061029960969577406	0.16926665989347792	0.11008171202571655	0.18957435926961408	0.22363239960821946	0.20130076043279405	0.0	0.04511414780060052
GSM6591079	0.06585130787728498	0.09966941683500848	0.06340640210638186	0.04521961982811228	0.29362895479474055	0.21734174680194918	0.031870256674214496	0.1830122950823082
GSM6591080	0.0526561758466295	0.07668387796782947	0.04959097575794587	0.08898160641471375	0.28020590193800105	0.22372121482058338	0.0191638427918116	0.20899640446248532
GSM6591081	0.06410579159931781	0.08082936831731376	0.043748058504491635	0.09788140990930094	0.3208123622279476	0.24492230008402552	0.008323655757802384	0.13937705359980035
GSM6591082	0.06749316248945814	0.09096841678216552	0.041576894157551204	0.0956242128281596	0.2993060363774172	0.23273844195227109	0.008058951419187244	0.16423388399379
GSM6591083	0.07830810095907731	0.09398171223750981	0.08560376008831308	0.09338653090069565	0.25882478745115123	0.22710590735944702	0.01464285613915625	0.14814634486464975
GSM6591084	0.07929299013324106	0.09167983158382376	0.03719397239214357	0.0819611961186958	0.30152075090637975	0.2729373428673297	0.0	0.1354139159983863
GSM6591085	0.0805122967893037	0.0870920830390183	0.04169305177216409	0.18985174036420235	0.2625427014787913	0.23085018645374727	0.0	0.10745794010277296
GSM6591086	0.059976182359189445	0.07411692337570101	0.050949344299478366	0.1085965711531015	0.25503640006379424	0.24605623566417742	0.010944146578470561	0.19432419650608737
GSM6591087	0.06564258060259473	0.07827342293670797	0.024794471229559367	0.08444256413682204	0.297831409107458	0.2271729064615216	0.013326120309662138	0.2085165252156742
GSM6591088	0.0642237962770122	0.07241621634456594	0.03792389812955831	0.1088964711692408	0.26616113035785294	0.23839495351738946	0.014010127250844053	0.19797340695353635
GSM6591089	0.07010028823344318	0.06652392092127432	0.026601355847722847	0.05603584008828573	0.318527086053587	0.23538634206795628	0.01566067131338206	0.21116449547434857
GSM6591090	0.1088486441433495	0.10197397755879282	0.04315845210172199	0.14827867980488293	0.24079124799704418	0.21789951345405456	0.0	0.139049484940154
GSM6591091	0.062122815016975176	0.08559250483751674	0.048412981864687094	0.10032809450666696	0.29249901595860406	0.2321373882816606	0.0026096997433656985	0.1762974997905237
GSM6591092	0.0516713759502549	0.08339204471142013	0.03638506168090822	0.0654837000871977	0.30037431994712105	0.2284293017178297	0.01813280935275686	0.21613138655251146
GSM6591093	0.08145639473133529	0.0834511608118967	0.0603731043337893	0.1515435923369398	0.23281406608178715	0.22847726173514268	0.0	0.16188441996910916
GSM6591094	0.05477880740658811	0.09035562613671107	0.07796191774486187	0.09409515708634582	0.24549060382359722	0.2253448783183384	0.01198893692614685	0.19998407255741074
GSM6591095	0.05279282130409594	0.09226311215966035	0.026429651876370877	0.07018881323107037	0.3142714118865072	0.23365329568282547	0.013335653152363333	0.19706524070710646
GSM6591096	0.06506357510242727	0.08022508480301316	0.0452504456477552	0.0695892029782155	0.29592433804982193	0.23022637566830192	0.015147070328926098	0.198573907421539
GSM6591097	0.05128697583125866	0.11367617721973591	0.10099893865159523	0.09549732941574537	0.249812819166085	0.20901456200150387	0.010782431363743888	0.16893076635033197
GSM6591098	0.06515415092873164	0.09122713978321939	0.051773453612213124	0.09212543939376487	0.2810326133956415	0.21921757900075925	0.014313485356088302	0.18515613852958185
GSM6591099	0.0598814134883072	0.06659465004831043	0.034546088669144034	0.07875589799598298	0.3006755776323995	0.23271524025578982	0.018787754470703705	0.20804337743936227
GSM6591100	0.09159823719913966	0.1315760217401928	0.14021400720841906	0.08407155127887783	0.25626130924914575	0.22772608525661614	0.013942868012725795	0.05460992005488294
GSM6591101	0.05753636211353159	0.0795128160718504	0.07058115983867057	0.08503526110658775	0.2714838471169449	0.23392936666365624	0.013141960174130116	0.18877922691462845
GSM6591102	0.039097960100551665	0.1055426226237982	0.08405985175684011	0.07832717682581253	0.2702523579048121	0.22278341822587722	0.020222765520111246	0.1797138470421968
GSM6591103	0.13216050785426356	0.09133135287614372	0.11901284846721481	0.14089851248079052	0.18804745883494928	0.2233986070873781	0.004890661988504672	0.10026005041075527
GSM6591104	0.05712548385142694	0.07443656147034203	0.044082187719121334	0.08615394926902019	0.2909224134465943	0.22830481002462358	0.011670093786312327	0.20730450043255927
GSM6591105	0.0647336747435961	0.0851632931968522	0.04948326220717958	0.04360226481954838	0.2993727549240598	0.22327772065206727	0.027629029056346566	0.20673800040034995
GSM6591106	0.05220211032517282	0.09985738527253145	0.07584126718142019	0.07578452520259349	0.26640496617042503	0.2220619597049145	0.02295713713732285	0.18489064900561972
GSM6591107	0.06028714050100437	0.10303184945129594	0.08646522114303903	0.04604027530534025	0.273191847753768	0.20898436653662428	0.016610471329392217	0.20538882797953595
GSM6591108	0.05921736406987971	0.08573373568698109	0.03617990305294632	0.06273997933923152	0.29496811946453483	0.2263089681778776	0.019906573027029917	0.214945357181519
GSM6591109	0.06079041034867623	0.13471879960393573	0.12078093083035255	0.06034647345979299	0.2567065093010013	0.20677589612781191	0.008579093624303952	0.15130188670412545
GSM6591110	0.04739285179533221	0.0873630158574102	0.0427139320705088	0.08313153626473196	0.29158697185471144	0.23508179683939975	0.02204965917651583	0.19068023614138985
GSM6591111	0.058807969261396496	0.10331012418246639	0.06637365961498683	0.06734455543197705	0.28341600125409816	0.2185759199445571	0.019483533062156153	0.1826882372483619
GSM6591112	0.04568892875871965	0.09239738142482373	0.05379216733215939	0.026211387623253694	0.29830760797346195	0.24682459398311296	0.017260322819901294	0.21951761008456724
GSM6591113	0.07936180823093127	0.09123255091187371	0.11082887852470123	0.0963039185243892	0.2263519591561352	0.24004752698113685	0.0	0.15587335767083252
GSM6591114	0.057808806408229475	0.09858675615153988	0.06472719160192353	0.08675845251122434	0.29098150760576524	0.2353653343469933	0.0021974750679554056	0.16357447630636893
GSM6591115	0.061095628351660304	0.07786807120083375	0.03922280727237758	0.050616972907625214	0.3030037580323131	0.22316738591309215	0.014753671140063313	0.23027170518203452
GSM6591116	0.05299904886209327	0.07646636085105928	0.053505227493924466	0.04618800746922525	0.29290619729927625	0.23527839816542853	0.02184504675474051	0.22081171310425238
GSM6591117	0.06221974535636718	0.10973708377075507	0.11500078447822117	0.07919401021952692	0.21772869337296433	0.2261707995938507	0.02087012982474087	0.1690787533835738
GSM6591118	0.05732751863552634	0.08581987312237438	0.05431786372870442	0.044326108814517956	0.3216963361895221	0.23497873350681242	0.020674442381302394	0.18085912362123996
GSM6591119	0.04522174539707242	0.0895545334499606	0.03381709818126144	0.0714639364621455	0.2992510820362215	0.2265631674169233	0.027699667790977	0.20642876926543824
GSM6591120	0.06529232396977046	0.12275924396618702	0.08316134227163487	0.1016825615118861	0.2769081546854201	0.22923554416869407	0.0075843565176347254	0.11337647290877255
GSM6591121	0.054961665075531414	0.09123648319153767	0.04202456090052617	0.05746068274680788	0.2955362847663264	0.23457855420928667	0.02410193309864133	0.20009983601134254
GSM6591122	0.06405711305394327	0.06378446600231713	0.06519335462357363	0.06465642165070846	0.3154887966796284	0.28719151858252884	0.0	0.13962832940730022
GSM6591123	0.06099160358182745	0.0882180481850539	0.025385894637494917	0.05597906132369978	0.3119307995665555	0.22768327590590784	0.016687978305860544	0.21312333849360002
GSM6591124	0.06028533839280929	0.10837125661232619	0.061820542955251745	0.06149126065240309	0.2756157028414294	0.22093804385825258	0.02818088681930858	0.18329696786821906
GSM6591125	0.0650873793349874	0.09889487894228029	0.04712280452026397	0.055508883279415645	0.2825513008987709	0.23083995348253733	0.02198302002795033	0.19801177951379406
GSM6591126	0.0867248699536781	0.09982343578216549	0.07685988755443275	0.1148067670134901	0.23303853497221003	0.2297642946021756	0.0	0.15898221012184782
GSM6591127	0.09532602522819286	0.1080054453531991	0.14294864452382378	0.1066312042685393	0.2067040090650279	0.2124835178032771	0.0	0.12790115375794006
GSM6591128	0.06071276005590841	0.11717355766805101	0.10760790697444353	0.12041640004143413	0.2867511591223653	0.215254832885091	0.004831669219938027	0.08725171403276871
GSM6591129	0.056662226967796644	0.0810178336889336	0.04437900638792596	0.06687039832137029	0.30341948272596064	0.24017375830386747	0.009996359760104953	0.19748093384404053
GSM6591130	0.05560530406829717	0.09807283369313174	0.03523254384192072	0.06198436646041328	0.3057437895915853	0.22849419095616524	0.007833071827366476	0.20703389956112006
GSM6591131	0.06584505042014638	0.08355716635343664	0.025159826188246425	0.07271088399605034	0.3037334033240771	0.2290705584318769	0.004850168742910656	0.21507294254325568
GSM6591132	0.05574758997007932	0.10339754410660582	0.0386399043437503	0.06485408776393392	0.30332450419719365	0.22665313958988936	0.01608154852951186	0.19130168149903579
GSM6591133	0.03669165985665505	0.10972203557617047	0.12834431026903675	0.04864159017971817	0.25151295238298665	0.21059157482894686	0.011812157322982408	0.2026837195835036
GSM6591134	0.0630042133747308	0.11093042679553815	0.12171295431319555	0.06618522377800208	0.223053952474217	0.2314623333156231	0.020085198545435484	0.1635656974032578
GSM6591135	0.06196826868121132	0.1302704259464705	0.1356798082192966	0.06958856437879056	0.26348192290684985	0.19637327321855594	0.008075318812472572	0.13456241783635267
GSM6591136	0.063558588802616	0.10624108095063603	0.09481235357249067	0.08244891094183363	0.252603363000189	0.21565318173980216	0.000628474814177508	0.184054046178255
GSM6591137	0.057834040856252454	0.14442543990461112	0.18338321102446303	0.07097929696280902	0.2090945790282235	0.18613157197731722	0.0	0.14815186024632368
GSM6591138	0.06144925535891035	0.12783670613812864	0.11226786478018826	0.11601653875765015	0.23295696271961086	0.21754410072948094	0.0	0.13192857151603066
GSM6591139	0.05512767359951458	0.097465201691649	0.0479615939340477	0.0717966723734231	0.2868887833952372	0.2295218486586109	0.015443645202744005	0.19579458114477355
GSM6591140	0.06803709544271633	0.07762265790979542	0.02930459931057462	0.07448314447080209	0.32180108922642686	0.24223176150665957	0.0	0.18651965213302513
GSM6591141	0.05722502890243043	0.08469548583156267	0.05134284420940846	0.03660334849565209	0.3022554031944581	0.22917299515936548	0.022831735148976275	0.21587315905814647
GSM6591142	0.04517664768537536	0.10059403642160931	0.04686794868709851	0.052404768713604326	0.2952608003706007	0.23277826683886796	0.03143894149044468	0.19547858979239918
GSM6591143	0.06272353165123147	0.10046835729862445	0.027158477169376683	0.08152759617478049	0.3162191523682936	0.22619581981066644	0.008820494254107221	0.17688657127291954
GSM6591144	0.0618515915890213	0.0926915960739503	0.02445921882929191	0.11381105768825044	0.27046805497962134	0.23284427736611785	0.0	0.2038742034737469
GSM6591145	0.06488209421584767	0.0820162723965365	0.025099624724859756	0.12199839746148901	0.2825781057646569	0.2486413311872539	0.0	0.17478417424935622
GSM6591146	0.07170186442402579	0.07130199793974216	0.049557765233978306	0.08288967292782772	0.3236706326691139	0.23585166864512438	0.017093893664660798	0.1479325044955271
GSM6591147	0.059076452905864336	0.07821337301880812	0.05157211709742183	0.11141343861914682	0.267670167657039	0.25079892360832856	0.001118244632806306	0.18013728246058508
GSM6591148	0.06624182765082304	0.10296801972417283	0.05981069887663207	0.1834087099946289	0.21443934368547216	0.26815649478136266	0.0	0.10497490528690831
GSM6591149	0.06587346222010611	0.09358154356045306	0.03251935997014783	0.031111298881459304	0.3101250549868521	0.2306780197973087	0.02323428232797834	0.21287697825569452
GSM6591150	0.04683448923789094	0.09282032097185053	0.07599318250487391	0.10060241829433568	0.2651045908512248	0.22113004881517864	0.017728530699486798	0.1797864186251589
GSM6591151	0.06615010523902165	0.08002700101709433	0.04115152097417758	0.0967757316403267	0.30674981449152744	0.2464932615082472	0.0	0.1626525651296052
GSM6591152	0.06030567438366523	0.10844160526805705	0.023337263792710384	0.09553364126482042	0.2926346210888759	0.2143678235461932	0.017437835630210303	0.18794153502546743
GSM6591153	0.06920941106302832	0.09456171960084177	0.06995071264483868	0.07926693840685264	0.27832369851677696	0.21914012058248086	0.01834303593964359	0.17120436324553726
GSM6591154	0.05373504180294538	0.0843326968631522	0.04709147409597384	0.05712269540727302	0.29722421882489625	0.22311027668634537	0.022028415583315978	0.2153551807360981
GSM6591155	0.05043062253554073	0.08770957668995868	0.06936456523174185	0.0781109034726732	0.28963236240329565	0.23578010468252428	0.02085012754008523	0.16812173744418032
GSM6591156	0.058399165421461785	0.08017248083439281	0.061286110423745606	0.06986166353838336	0.2779369958530331	0.22820359622678496	0.0134342801393474	0.21070570756285098
GSM6591157	0.024854818127430504	0.11840399583653834	0.11238766876364273	0.09547105106962048	0.24555557751382573	0.21451851376753392	0.00947146519923872	0.17933690972216965
GSM6591158	0.05476576113718916	0.08500603014572496	0.030283915601129238	0.07301239582229073	0.30028664375429726	0.23243676824821574	0.01054407929084929	0.21366440600030367
GSM6591159	0.05526970019038577	0.1181391329778258	0.12106966629315764	0.09611019819240256	0.23610416547848567	0.22795148128578072	0.0	0.14535565558196184
GSM6591160	0.06754468944521241	0.1457286661131523	0.13766895690720715	0.09351354074867128	0.22016800875983636	0.20225421588240888	0.0	0.13312192214351165
GSM6591161	0.07318562443648466	0.09801112474194029	0.09182006757597758	0.11569826456327259	0.23863868332225172	0.23088723200548664	0.0	0.15175900335458647
GSM6591162	0.0945318821735218	0.07387150397099501	0.03716722020471989	0.1767101784883827	0.2533154665221411	0.2339395690964214	0.0	0.13046417954381803
GSM6591163	0.06016854877489083	0.10132301473044038	0.042528587080766546	0.11141582304236922	0.2943397609619016	0.23100270085412006	0.0031123419412098525	0.15610922261430166
GSM6591164	0.07530999558938385	0.10991630376312897	0.07548366122169874	0.1309534108573917	0.2624481742407561	0.2433481032920184	0.0	0.10254035103562234
GSM6591165	0.0595058447568537	0.1019711741730608	0.061340534387898715	0.06371379122329295	0.269453934761978	0.2266520322352894	0.004133475773564358	0.213229212688062
GSM6591166	0.06356860222053683	0.0955402939760069	0.07028473480599536	0.07383493689062097	0.2749734734937069	0.22441731961357073	0.0007749568397280131	0.19660568215983437
GSM6591167	0.08920014661458782	0.08920006527314354	0.021940154292901852	0.0889684195133576	0.27545725287222883	0.25911116222096137	0.0	0.17612279921281898
GSM6591168	0.06565074666642319	0.10582507695252955	0.06734232439934595	0.08560265711244222	0.2693982261637667	0.21952417837116617	0.011243985379751431	0.17541280495457479
GSM6591169	0.05981668618738339	0.13293412805594979	0.054688246637299445	0.12565984767834593	0.25983815937601473	0.2312008515062601	0.015176945786382687	0.12068513477236407
GSM6591170	0.062450788365995456	0.10124417289055783	0.11226490661484644	0.08292923534288646	0.25697993548831605	0.2171480159450751	0.0	0.1669829453523227
GSM6591171	0.06354136585907444	0.07149355090543735	0.07208577665473233	0.08011171111439779	0.25579112017849837	0.2358283357256545	0.013715617638825455	0.20743252192337974
GSM6591172	0.07699376202251237	0.08521395533118974	0.035330197784640555	0.07508000874116345	0.30901326724875566	0.2580196972791372	0.03815047576669064	0.12219863582591045
GSM6591173	0.09882818150704548	0.09854967245588918	0.06198343868583456	0.10541150018217653	0.28912902555151915	0.2309953914724383	0.016726177616759836	0.09837661252833689
GSM6591174	0.06324355032765791	0.06456625097863157	0.039506800418431486	0.07567033981360909	0.2854750235115051	0.23440841948040392	0.012861074886307486	0.2242685405834535
GSM6591175	0.0619432316532607	0.08642283485717976	0.05649752619472843	0.0657068457726833	0.26897426192625995	0.2164569431816723	0.03063970070770577	0.21335865570650978
GSM6591176	0.051574537635261174	0.059057521751588134	0.03712753112026611	0.05176474130673743	0.33303054074547217	0.252378804475377	0.012657587132250656	0.2024087358330474
GSM6591177	0.05285987481455902	0.09408100956200477	0.042551945851082094	0.0500088182101254	0.30152242326318063	0.2232855814285613	0.016852236554137156	0.21883811031634956
GSM6591178	0.12938268892053612	0.07580814845372937	0.023861833678198646	0.20444402656799007	0.2605047753441889	0.23750045686696344	0.036066421971288315	0.03243164819710516
GSM6591179	0.06498168517758825	0.07490112022767169	0.03740097852716948	0.06335873880195218	0.30294800932538235	0.2366810575763436	0.022346494196924496	0.1973819161669679
GSM6591180	0.053639978004801456	0.07032523672731834	0.05939998747921671	0.07196284620615659	0.28779647972807426	0.23074224177651462	0.025335429934613355	0.2007978001433046
GSM6591181	0.08673394119895499	0.08870990777327939	0.047742123602875185	0.10396045820269786	0.25989179475914226	0.2393636109390442	0.005918410042302048	0.16767975348170408
GSM6591182	0.05603277104381118	0.0870167003768768	0.034743829956168044	0.09190357118047104	0.3145702514577666	0.2410553146021715	0.010136602659062235	0.16454095872367264
GSM6591183	0.04380317883520635	0.1357730107769437	0.058543279437408724	0.08463789009097446	0.27324452743795885	0.2183306212174035	0.0	0.18566749220410447
GSM6591184	0.04650257610747841	0.08786364385353242	0.025281679692922367	0.06743848702924536	0.29952395002926263	0.23334326635954122	0.022279252335083058	0.21776714459293448
GSM6591185	0.06393009223351503	0.06997184145369392	0.0639333699494907	0.043513858479481506	0.3019759991050796	0.2234030781738875	0.022762527364601957	0.2105092332402497
GSM6591186	0.04466381059395348	0.10758594205206458	0.09993372466056594	0.06483408016657712	0.25364067351766456	0.2068933059391536	0.013681095644526206	0.20876736742549465
GSM6591187	0.05855421171224239	0.09569386424382532	0.04464853001862335	0.025616556381936658	0.31100096183016623	0.23038235903194015	0.026455699286261524	0.20764781749500436
GSM6591188	0.04592522181038224	0.094500457268023	0.0359005092138076	0.03778725755207456	0.3057869852570142	0.25135165851268604	0.02164924513997205	0.20709866524604045
GSM6591189	0.0625124253243764	0.11463340741557505	0.06648754313175559	0.06070218924332608	0.31131066039204663	0.21966884567989273	0.009143484840805136	0.15554144397222222
GSM6591190	0.05446431457573003	0.07887690027434446	0.054558039134821795	0.07392663661816362	0.2947107237591898	0.22286773603210086	0.01132835495249563	0.20926729465315383
GSM6591191	0.06748459663545442	0.10514710890041624	0.13885853307003224	0.08111423313733568	0.23778404209082923	0.19577015465143066	0.011176528961521522	0.16266480255297996
GSM6591192	0.05517940991235401	0.06752767786121792	0.048150014600529506	0.058313863088738795	0.30108945699203277	0.2295498076025223	0.022989819013092296	0.21719995092951244
GSM6591193	0.06435372165774009	0.09587090480062332	0.07495796870970492	0.14016691856713864	0.22665752662107225	0.2353267967285641	0.0	0.1626661629151567
GSM6591194	0.08362390979647123	0.11107667477414368	0.011546037674246022	0.26075686891364425	0.21386027960907825	0.2564264456509438	0.0	0.06270978358147261
GSM6591195	0.05695285593728985	0.07401048628146518	0.05174348141707312	0.06800975546243776	0.28834236733078783	0.22656688817029685	0.023462656622006705	0.2109115087786426
GSM6591196	0.06629972678316176	0.1018987503860976	0.06656201598167365	0.08782943100061236	0.2638263050159203	0.22207706605824823	0.01338654965601127	0.1781201551182748
GSM6591197	0.06353900938329336	0.08834189956053165	0.05990567085875367	0.06289298249749423	0.295366985827489	0.2233050732119838	0.019119907708127798	0.18752847095232644
GSM6591198	0.13920859231424773	0.07620173839268421	0.09760773218935566	0.07908008233928139	0.23202571202295227	0.21422789792932476	0.001548959684324791	0.1600992851278293
GSM6591199	0.054185591727580064	0.08359272893293908	0.04821331085788504	0.038465952764684216	0.3092248697068075	0.23010607913707504	0.020788875192227566	0.21542259168080147
GSM6591200	0.08102810174856168	0.11257101359440574	0.14694224697966599	0.10588762248965722	0.23925889100043926	0.19981904617112364	0.0	0.11449307801614655
GSM6591201	0.08561631980498714	0.07754067352223677	0.06763747712391346	0.09069002318174423	0.2948867355324422	0.23654857743563212	0.006360262261400406	0.14071993113764356
GSM6591202	0.05009767345612817	0.09427818410342202	0.04815900272219507	0.05849616356371552	0.2968756593443366	0.2251578342969911	0.02226257341551105	0.2046729090977006
GSM6591203	0.054170519269769256	0.05703770511749854	0.03533203206592178	0.05478237303120043	0.30578673190483197	0.2626053928756543	0.0168302665044688	0.21345497923065496
GSM6591204	0.05722275204460011	0.07380514613739765	0.03548009065057792	0.11391650391361657	0.24233188733149588	0.2546374436457259	0.02376596109955893	0.19884021517702702
GSM6591205	0.04157087970962207	0.08820876083711686	0.03881619262187841	0.06865896658196473	0.3081867058572625	0.22688086901723445	0.01427250893139886	0.21340511644352217
GSM6591206	0.05423106770057643	0.08272675456291362	0.04113725818838087	0.07150171580076985	0.300386229544067	0.22237530950832554	0.020907383954754204	0.2067342807402125
GSM6591207	0.054874637452879654	0.09642762450321223	0.04794922628760264	0.06186100133542612	0.2890639366914098	0.22114423584745083	0.021303554502498972	0.2073757833795197
GSM6591208	0.04854427614377555	0.08075496773891931	0.029370046131914494	0.07572823966160638	0.3010096825854466	0.2345813708742967	0.018585534575692616	0.21142588228834833
GSM6591209	0.05887235804226309	0.09355464292645259	0.03797093554649703	0.0495263212288094	0.30492989583038815	0.2251645871421456	0.02005557442030243	0.20992568486314167
GSM6591210	0.05518063309498123	0.08116384866260679	0.043802254958130456	0.0693438674429325	0.28460102697280404	0.2342402883204389	0.017132983813684066	0.2145350967344222
GSM6591211	0.06239739836835649	0.10840759458633824	0.06592288051546658	0.08969035161764681	0.2515373944042139	0.23108797349233262	0.006789611049235886	0.18416679596640956
GSM6591212	0.04597350146597718	0.10985324505773439	0.07917825876693295	0.09218210635420784	0.26751313786190284	0.20944284854582113	0.011710308437249945	0.18414659351017368
GSM6591213	0.05184935822770175	0.06674888788711361	0.025779830591382107	0.09360168827290244	0.29649986913190857	0.22877812446621013	0.01819171806923968	0.2185505233535416
GSM6591214	0.049151578073199	0.06568174878726747	0.029056300618273436	0.07003913172543015	0.30389780514436254	0.2414416106041791	0.020554671357364062	0.22017715368992438
GSM6591215	0.0717690020321407	0.10336779891911503	0.03448236011224308	0.08423741916945614	0.27958750506408125	0.22815213960556854	0.012562725761864945	0.1858410493355304
GSM6591216	0.05085632218657642	0.10066806093648241	0.08069648655592056	0.08581972888517123	0.2664550745425942	0.21941073694092464	0.019765493174802085	0.17632809677752836
GSM6591217	0.07441904322016966	0.07432563230552794	0.06577786482375629	0.13830194125059525	0.2921283922680896	0.21626765198303524	0.0	0.13877947414882588
GSM6591218	0.05863305329331476	0.08108501265204521	0.05151498020523888	0.03366328618960409	0.3013225923941951	0.2351024181878698	0.020616134000784346	0.21806252307694773
GSM6591219	0.0724239525336667	0.1317670243129515	0.15080670319493933	0.13360854053832516	0.19114608134534666	0.20885458508912164	0.0	0.1113931129856491
GSM6591220	0.04298502976948787	0.11155849791394185	0.10980771095749048	0.06733693700694303	0.2523757434385463	0.19724007718456255	0.020349419152443836	0.19834658457658416
GSM6591221	0.06651364987752643	0.06016228260359314	0.019577072585467075	0.12535561310138066	0.26390981214725995	0.2676957994413741	0.0	0.19678577024339855
GSM6591222	0.07667316242054927	0.10534468145246877	0.02281250207851317	0.15470123439326905	0.28565641081418613	0.23138617792350252	0.0	0.12342583091751112
GSM6591223	0.05257085313924744	0.0716356996981052	0.05378741966022465	0.07434157792462043	0.2716209898212361	0.24820225699758644	0.015202089093153699	0.2126391136658261
GSM6591224	0.09099464333138084	0.142542531631025	0.08689537518075269	0.17002082519946163	0.18702478211162654	0.26151299715472176	0.01672004468218528	0.04428880070884622
GSM6591225	0.06792057488660021	0.12045162037217244	0.1441143582886944	0.09623194926790538	0.20635064137719517	0.19257690236295277	0.037783782777589654	0.13457017066689012
GSM6591226	0.05792986148993568	0.13137596542861657	0.07875811610207466	0.11437030632456421	0.25438111143371006	0.20926909414051884	0.009562782956415024	0.144352762124165
GSM6591227	0.07313728944832941	0.09769672481850343	0.05779173432630335	0.07573543681846627	0.2724137688444715	0.22128769078887892	0.02282919624749124	0.17910815870755586
GSM6591228	0.06609286361010926	0.10047758930523173	0.06609094172366972	0.06835540821419418	0.2861373345571042	0.2164321368440292	0.011662518952428192	0.18475120679323342
GSM6591229	0.065252092520184	0.11069518588188962	0.07173002934921212	0.0851084779708987	0.2928943779711879	0.23388150728858081	0.0	0.140438329018047
GSM6591230	0.043097007062206205	0.09925161370601505	0.07144532654497626	0.05028011924177878	0.2936585567064672	0.2184184870303246	0.022286953699339578	0.20156193600889233
GSM6591231	0.06276250188741321	0.09834201459177028	0.061136164655856196	0.06241297795889143	0.27773340733033763	0.21709880102804827	0.021289647307414224	0.19922448524026873
GSM6591232	0.08711210523844394	0.09568340250738526	0.11433777045387863	0.09801009813774267	0.24916367342183907	0.22179682198364228	0.0013363338807427477	0.13255979437632537
GSM6591233	0.07854793037586894	0.11861028160236123	0.1112305587148356	0.1786390167072807	0.22132336686982756	0.21767988727886303	0.0	0.07396895845096309
GSM6591234	0.06597577607033643	0.08477315786091406	0.030589160723269355	0.07303013609656434	0.30156616651032775	0.23378140509510503	0.00759673102538258	0.2026874666181005
GSM6591235	0.08321284599065809	0.10798319934182522	0.04658786176594648	0.1247314732703312	0.2707453052888588	0.22285903157451575	0.0	0.14388028276786452
GSM6591236	0.07617769436685873	0.15731103489274448	0.1506970904761039	0.07746825842073563	0.22633119224522286	0.23283662172079636	0.0	0.07917810787753798
GSM6591237	0.08850544083911113	0.07094448827620019	0.024723666524230848	0.12173780435682251	0.2843804952099387	0.2559416862874236	0.022959637493784303	0.1308067810124887
GSM6591238	0.07811435410090728	0.06850109686577856	0.05808754599542204	0.10405483857091685	0.30303938073340164	0.23506870079521924	0.0	0.15313408293835432
GSM6591239	0.06318881593878953	0.09694436431789488	0.029396275741500486	0.1247859083429321	0.2854748631727839	0.22241480001766914	0.0	0.17779497246842985
GSM6591240	0.06168204941144203	0.09479951547173371	0.029418065261009357	0.10739243243960472	0.2933555312879284	0.23056443903474308	0.012431572516683023	0.1703563945768558
GSM6591241	0.05895695255924296	0.06723170537797414	0.026343877528321215	0.0930671885682666	0.29387571794738576	0.24071889108405609	0.007921142396585	0.21188452453816814
GSM6591242	0.059357430256972404	0.0704979115121821	0.021993017732634495	0.09392830218797697	0.24884008812741942	0.2475547406829471	0.028055904802171773	0.22977260469769567
GSM6591243	0.05478828412232465	0.06131745017948198	0.0077588074643896	0.0945446303003548	0.2622414860910811	0.2605469553480136	0.013293306147116572	0.24550908034723762
GSM6591244	0.07195848469415841	0.12252267993526718	0.05198597037587842	0.06258499636278395	0.293356917524092	0.2155628975092013	0.0	0.18202805359861873
GSM6591245	0.054523286353805794	0.0851602642248959	0.07976371426729548	0.07923488896614539	0.2894264372445331	0.22967030214528392	0.004647898985173379	0.177573207812867
GSM6591246	0.060647675567658724	0.07929446082517204	0.036686670014616965	0.03196562250678411	0.31891891852770476	0.23223570292809337	0.01728571147765369	0.2229652381523163
GSM6591247	0.05743202318001985	0.07923807797646772	0.030872416621792485	0.0511088131198963	0.30222255685309923	0.23457855981613926	0.01975144812730682	0.2247961043052783
GSM6591248	0.13215738184588174	0.09195564664263221	0.058930004297158646	0.1246682534579603	0.2198373271430704	0.22289152143919835	0.0	0.14955986517409842
GSM6591249	0.05367627634760078	0.08918635611599648	0.08115312835340033	0.08413573807757403	0.259181661409785	0.22257422467650903	0.02230161002498212	0.18779100499415213
GSM6591250	0.09909354605026495	0.05783367448718757	0.06003594718770219	0.10608452072975243	0.3139094328874645	0.24085565426135883	0.0	0.1221872243962696
GSM6591251	0.056083356072192427	0.06069498710494705	0.009595213855194538	0.14122781183399988	0.24420898014791478	0.2573293765839937	0.012701940462827712	0.21815833393892986
GSM6591252	0.0521841150125736	0.07868953878254933	0.027379323747054957	0.09033515591690469	0.28196732991683904	0.23609691163741015	0.011799507156768576	0.2215481178298996
GSM6591253	0.05297125450717137	0.09607616759375208	0.03996607438223409	0.0944493050402263	0.2751203232686832	0.22558129987977496	0.012905333580432235	0.20293024174772575
GSM6591254	0.0467220048275439	0.1084386373699557	0.13046491456097697	0.06952751407213677	0.2397762568401036	0.2077112172252868	0.019524770073291935	0.17783468503070446
GSM6591255	0.0628397559085834	0.08081108960564545	0.05449063075035603	0.0990721144028319	0.27120444028532364	0.2274270725039848	0.016746440673908732	0.18740845586936614
GSM6591256	0.05245229666506446	0.06755018651788108	0.047228444976178306	0.052848057415264715	0.30677724897540987	0.23186999058470492	0.018682791424312138	0.22259098344118441
GSM6591257	0.09501020118048019	0.14180519301102548	0.11172858034480489	0.10881835751321103	0.2512476100813478	0.19266985005078308	0.01840335318573887	0.08031685463260865
GSM6591258	0.0477170764638282	0.0849339929179344	0.060635050498982476	0.03940693143746234	0.3090943950232866	0.2303023947249421	0.017355309447425422	0.21055484948613837
GSM6591259	0.060698872056033464	0.10910351281450029	0.13269224117624495	0.0667740208391469	0.24568956280103585	0.2026539763776682	0.012857183792082878	0.1695306301432875
GSM6591260	0.06638109890527193	0.09846147742732919	0.04462459304471542	0.051147834688086785	0.3317710328582933	0.23458152150971634	0.03358937059139597	0.13944307097519104
GSM6591261	0.1446794029838065	0.08444981906927987	0.054910186367574595	0.08276672800535209	0.23137116513663272	0.22449174238981687	0.001335722503957525	0.1759952335435798
GSM6591262	0.052071582138880065	0.07993294478120343	0.056159703968801634	0.039534994568137805	0.29771336798944287	0.22711118171077496	0.02282231407180269	0.22465391077095648
GSM6591263	0.04554237497077764	0.11643675094880195	0.1451547952125081	0.07093535655707905	0.24714071813608696	0.1920468396025084	0.013848089740994622	0.16889507483124314
GSM6591264	0.06553088532452012	0.08720516308931006	0.054776765177388956	0.08549055045061137	0.2755165247080481	0.22080793309280444	0.022987481939019398	0.18768469621829764
GSM6591265	0.04615303492942779	0.09475175038585028	0.0981453554391762	0.08062361290829327	0.2515799783849526	0.2137005028718334	0.022397648995740357	0.1926481160847261
GSM6591266	0.06638388098086485	0.09854515157269828	0.022683495049789407	0.07233759300487845	0.28904382807628154	0.22543405966273591	0.014085286507558845	0.21148670514519277
GSM6591267	0.061652996740173584	0.09984785271188557	0.035851694462967154	0.08931127298807896	0.2954971945146833	0.21687790959634304	0.015551778607004338	0.185409300378864
GSM6591268	0.08918113568028792	0.13023674918392836	0.17751462232439666	0.08456742593557354	0.1975884493269579	0.20376820191873876	0.00040343473167076574	0.1167399808984461
GSM6591269	0.06763840240449472	0.08374210211399234	0.04875903895431489	0.033992202276505554	0.3118276860085426	0.22008338363109065	0.0164619496280496	0.21749523498300968
GSM6591270	0.04779345294624643	0.0908111844998164	0.03495602307038677	0.07502845301760545	0.30453542785488114	0.22893162379006907	0.015197431461374165	0.20274640335962046
GSM6591271	0.049294016725964396	0.09834273147049205	0.058404050838549444	0.05763884229750514	0.2938213271652759	0.22476243296456663	0.018717932147721855	0.1990186663899245
GSM6591272	0.052287067482044085	0.09776346623670903	0.07822762603546775	0.1433588754883616	0.25253401653060203	0.29268664342673706	0.0015299619656314078	0.08161234283444689
GSM6591273	0.09310315186939516	0.10144345873021707	0.08168317454487632	0.09710978604050033	0.2493470763515352	0.24533127821349957	0.0	0.13198207424997643
GSM6591274	0.060112064490936416	0.06709679893609781	0.055417551288553114	0.04175111067106298	0.3247897375144792	0.24361250036265072	0.0033709817415498032	0.2038492549946699
GSM6591275	0.061142756544599705	0.07907048159069952	0.04178555638602917	0.03024468384286901	0.32111471683605797	0.2315311172351495	0.02405924675704596	0.21105144080754915
GSM6591276	0.06524438993590422	0.08496518315412001	0.07362960010068857	0.08533834839973291	0.26134850850248115	0.22235232742523764	0.010407848265653058	0.19671379421618257
GSM6591277	0.05740653671109087	0.07278521156488534	0.038580408268177054	0.028917866247507792	0.3198951984483176	0.23093461770877982	0.01872441897431201	0.23275574207692948
GSM6591278	0.04746407818890351	0.07182413566301508	0.023480961370560164	0.09659743532180975	0.27930089567532757	0.26110453194479555	0.017693923582868053	0.20253403825272023
GSM6591279	0.06976493503422573	0.07680571177351632	0.025401358416579176	0.05833040656786974	0.3237267611021768	0.21792344420542475	0.004829747260402346	0.22321763563980515
GSM6591280	0.057592443045958584	0.06949394806511824	0.0271319417061947	0.05798123684796733	0.306659057601077	0.2349943754318053	0.01851059871536624	0.22763639858651266
GSM6591281	0.05838848525909388	0.07329498249163656	0.0470801442149296	0.0483851162622253	0.29950901474674196	0.23399594025678447	0.022646316490334235	0.21670000027825403
GSM6591282	0.058582978539359426	0.10755569092919225	0.06218117823856483	0.08760463455875664	0.2957524412450695	0.2296972400807194	0.01478114209457214	0.14384469431376573
GSM6591283	0.08285667067543658	0.09148228759096186	0.0344775195444332	0.08726582762009431	0.2897938536782735	0.22013049950717867	0.005386049106458615	0.18860729227716325
GSM6591284	0.06413486624101689	0.0740351976345271	0.03470625483467374	0.06996519169846646	0.298368418816594	0.23992871711256686	0.009298470059733372	0.20956288360242156
GSM6591285	0.06444397943380752	0.09219141078430072	0.05592474490580667	0.07057790224705866	0.2776020321891995	0.2075681989578549	0.02471945918778304	0.20697227229418896
GSM6591286	0.06310476667680434	0.09535967222056724	0.04281111988256515	0.04746565130947421	0.33828913098707336	0.21550743695384145	0.022097117219410368	0.1753651047502638
GSM6591287	0.05906225694297394	0.0867242722241244	0.03480349891628505	0.051567176915748046	0.3124716820877827	0.22085955806914154	0.015263497241937238	0.21924805760200705
GSM6591288	0.0481812412867095	0.10283154057198379	0.07214593823356459	0.06134136818819365	0.28954491050262626	0.21667130958038425	0.023707139100061447	0.1855765525364764
GSM6591289	0.05663916367036996	0.0858740064812589	0.04697021023723451	0.07138185065458423	0.2912811240751575	0.2234136481520098	0.02527065586170549	0.19916934086767973
GSM6591290	0.05306540150049338	0.08540454944584773	0.034752593808254635	0.044302853663843095	0.31654442912157005	0.2296199676517637	0.020083777892495533	0.21622642691573168
GSM6591291	0.06172453344928915	0.0863409256650674	0.03341210651621441	0.06058998017571966	0.3017973988899185	0.21655086436747192	0.016450901924222276	0.2231332890120967
GSM6591292	0.06067970325214646	0.08318170878010932	0.04618443060763414	0.045390925646991036	0.2995586306284136	0.22770898006798612	0.021580089026273706	0.2157155319904456
GSM6591293	0.055041056045192376	0.08599642699428073	0.0590104410487312	0.03546803393402109	0.2984720213946386	0.23176667471513782	0.017616348946829362	0.21662899692116896
GSM6591294	0.0517895149884588	0.07990737526514122	0.0351061360024418	0.08432355547174576	0.3363005177358486	0.2517823028242348	0.015112732985541026	0.14567786472658795
GSM6591295	0.05630983264209805	0.08814838928838845	0.034714037195400074	0.0596052045685013	0.31833678770931534	0.23345559348976627	0.02044003340178983	0.18899012170474072
GSM6591296	0.07128224145810078	0.07745256377372971	0.05418054830294221	0.07978399507558799	0.29767071055783	0.2147498333012929	0.02440601830658377	0.18047408922393277
GSM6591297	0.04186527427649128	0.07247956102388994	0.0557716032849267	0.013328545633802426	0.3273489968701193	0.24780916064330671	0.015285024555752917	0.22611183371171056
GSM6591298	0.06915338166404414	0.06491835392027587	0.025461172514305755	0.08219129322768814	0.2956179807475274	0.23362629447995767	0.007842029984103088	0.2211894934620979
GSM6591299	0.06396009139397212	0.10235188656843723	0.10317676190829629	0.07096977387537438	0.2526386089056399	0.19641943732175857	0.018747683931418683	0.19173575609510288
GSM6591300	0.04951997166353792	0.08636616274174812	0.03610358335177283	0.03351487027947497	0.32347891735164275	0.22731450783454252	0.023302871450637343	0.2203991153266434
GSM6591301	0.06465810227150226	0.08370816756112963	0.06513167640298585	0.0941003488070053	0.26672931454027266	0.22318460840222382	0.006552432072712271	0.19593534994216827
GSM6591302	0.05832790542568911	0.09654976520851652	0.10560876101653109	0.08099768565000308	0.2470117104140519	0.2045393842310123	0.017263261377079148	0.18970152667711687
GSM6591303	0.053272418700004376	0.09556453907582349	0.053630882977863406	0.05986394945806782	0.2862122436746703	0.2200342905629247	0.02133364694152179	0.21008802860912415
GSM6591304	0.02727709369222178	0.10879331453446671	0.031574976727629996	0.13757443167584266	0.2543963310910112	0.23657431810690513	0.00038700963036949234	0.20342252454155302
GSM6591305	0.047565288797664	0.11161154335079651	0.08353281234952008	0.11335330558330367	0.24892203926429998	0.20508959391375817	0.02085863547006826	0.1690667812705893
GSM6591306	0.08705000000383063	0.07517840354654018	0.047965657846372495	0.12745441639021468	0.289056727041742	0.2458078900860172	0.0022687584814066086	0.12521814660387612
GSM6591307	0.0643794496488527	0.0732728374164598	0.0515195361427897	0.030698274195293664	0.29914697731039136	0.23544292343872814	0.0171623315973304	0.22837767025015415
GSM6591308	0.06050261844013777	0.10692560807440976	0.08668504553139353	0.08736206627780013	0.25757923934868765	0.2065433209434791	0.017945858432288464	0.17645624295180357
GSM6591309	0.04507384106901204	0.09054220978046787	0.0348378839158084	0.0957662230525686	0.3058608732908023	0.23257085380767856	0.014124437069197094	0.18122367801446518
GSM6591310	0.08774842707033764	0.07658252792726866	0.03582940576806366	0.06220431103780904	0.2782970963889709	0.23119817803605952	0.018979936877341338	0.20916011689414932
GSM6591311	0.053971587273036595	0.06730552011809195	0.005042525955367461	0.13075431301463633	0.24827746332548725	0.25266103280597013	0.00700630955136403	0.23498124795604625
GSM6591312	0.054391867389638325	0.08040301188199246	0.0037809811726345092	0.10949451041838207	0.247960950021662	0.2541295416675715	0.01608327005696431	0.23375586739115475
GSM6591313	0.046786224289004	0.08014505752717921	0.02765147700839205	0.06253687825503423	0.29653104859863916	0.24151317173492248	0.020831332804784546	0.22400480978204426
GSM6591314	0.04693742744854027	0.10336660995620599	0.05036788058922061	0.07938235551487884	0.28685559915200737	0.221203831615887	0.016043816749979598	0.1958424789732804
GSM6591315	0.03882782531300013	0.11438603526134627	0.1264770101855139	0.08184572698302868	0.25224240467117387	0.19557522045342718	0.01248691346918103	0.17815886366332875
GSM6591316	0.06251169289490209	0.13684692188349748	0.11242184178725988	0.0828942747656556	0.22688684832569972	0.2253976683856542	0.012229500501966329	0.14081125145536477
GSM6591317	0.06970475881709287	0.12436197294525994	0.0884953949506076	0.06734578630602125	0.2772113150048226	0.20559811697500271	0.009876461528060857	0.15740619347313214
GSM6591318	0.08451385099674523	0.1160395466506181	0.03272218738071399	0.06333882218526744	0.3324419524037175	0.22303986504158324	0.0	0.14790377534135454
GSM6591319	0.05851202893511712	0.08058874363471683	0.039860649875084406	0.06900803829846501	0.3038313905478532	0.22566882373045444	0.012067990087638978	0.21046233489067007
GSM6591320	0.043226439685436394	0.11039958951385236	0.0760492043726603	0.03150597414532581	0.2796567385422028	0.2178207575241787	0.028043246165758578	0.21329805005058505
GSM6591321	0.051411858728772984	0.074587993390682	0.028232584142474898	0.08744225052778114	0.2845222230122793	0.23096315319571903	0.0334492238533243	0.20939071314896635
GSM6591322	0.0712889231747137	0.07687595233566319	0.043233801850410265	0.1982568705469948	0.21652683351332297	0.2541706963227651	0.0	0.13964692225612998
GSM6591323	0.06819885844170033	0.09821846008837236	0.07225862564563855	0.0573162134051211	0.2784404686380641	0.21318762004314032	0.0043598119713013726	0.2080199417666618
GSM6591324	0.04632552470871186	0.06958651751301678	0.024958019004974342	0.09154135631376768	0.28664164598507647	0.23923738189979732	0.012937994371482242	0.2287715602031733
GSM6591325	0.05323735382099069	0.0630180650521371	0.031443357649941814	0.10336695522444242	0.2569263051106477	0.24579886549303057	0.013422148692010591	0.232786948956799
GSM6591326	0.06571344570093209	0.073090974986257	0.03340059983107709	0.12729023146602791	0.2601790550556595	0.22872555482751655	0.002294534230342745	0.20930560390218717
GSM6591327	0.09950839188794841	0.10602807861705693	0.011755263815969823	0.1074207463458236	0.26136928935674936	0.2255617854355765	0.0	0.18835644454087533
GSM6591328	0.06804182849688813	0.06290514821436943	0.024919256294321183	0.19120823001292825	0.2709273381834286	0.20509451082804808	0.022259250238780073	0.15464443773123615
GSM6591329	0.06277841449230041	0.05898037875673508	0.00961758838518736	0.08702516333232553	0.2500206332695501	0.2557497695368784	0.02502027746784073	0.2508077747591824
GSM6591330	0.06554827284223153	0.08581849300605572	0.03152757162305145	0.08857342707289252	0.2918159150105735	0.22420715423004892	0.007931150173704634	0.20457801604144157
GSM6591331	0.0671980133985095	0.06805668685531187	0.02801358436530634	0.06751661042452159	0.3071377218354034	0.23125393343562406	0.00960445572274147	0.22121899396258177
GSM6591332	0.07791018265447111	0.09149362334454737	0.07079962506500849	0.11468506040498538	0.25914110703578025	0.22186671436016728	0.0	0.16410368713504003
GSM6591333	0.06687809895051962	0.06521707418939161	0.04360771492899987	0.059877951412967555	0.29376118216392455	0.22908719158979562	0.0245892691247664	0.21698151763963489
GSM6591334	0.06527535450340655	0.0936806175736221	0.06620591139899117	0.08129222689942678	0.2653784509761658	0.21302772449616572	0.013663645840071771	0.2014760683121501
GSM6591335	0.0638854255989102	0.08659333732766714	0.09132118212729044	0.07225911132738876	0.2673808379949156	0.20850662337668813	0.0045452316563466795	0.20550825059079306
GSM6591336	0.06472838486211696	0.08153522667380637	0.06244693082187914	0.08618599283219149	0.2722840534244561	0.22127841017310332	0.0015903771427509135	0.20995062406969575
GSM6591337	0.06394956277850719	0.09065423286313395	0.06504746830592593	0.06725560586810027	0.2757860520764827	0.21160152655072442	0.012343736274390383	0.2133618152827351
GSM6591338	0.06690810161335928	0.08450472624353404	0.06405231808530196	0.07432473497030857	0.26935513796389804	0.21889834884524825	0.005548947327964845	0.21640768495038493
GSM6591339	0.07501340131834655	0.07753491852418196	0.056492726600898914	0.08645292964123509	0.2794881537270795	0.2198397707532488	0.015328920101424644	0.1898491793335845
GSM6591340	0.08766750532379161	0.08551068127836609	0.059360648530599684	0.08886419136427652	0.2617561483537514	0.22113476039668495	0.0	0.19570606475252977
GSM6591341	0.05972794825807518	0.07336659802920771	0.04931660551288111	0.11086177865212576	0.28523611235667096	0.24263794907393849	0.004546027780681097	0.17430698033641961
GSM6591342	0.05999138715772577	0.09884809010862357	0.058698222707790744	0.10261040840102123	0.2982693399169981	0.22110624897595021	0.0018294737565859348	0.15864682897530444
GSM6591343	0.06810555795767813	0.07490714450380005	0.03616267458022958	0.09235846146424694	0.2883466656195261	0.2282698588198209	0.00446246081344268	0.2073871762412556
GSM6591344	0.06988542259625495	0.11856316262528571	0.08953967307076847	0.09613908667074474	0.2523323649989008	0.20179115556697483	0.0	0.1717491344710704
GSM6591345	0.06566394586722166	0.0881637501827509	0.06331276932642461	0.08527393139454591	0.27576417205251474	0.21764793191202744	0.012431484906333863	0.19174201435818083
GSM6591346	0.059323485190857256	0.06780785327668017	0.02917078417864325	0.08141188020379682	0.2914295336939136	0.23653451100553	0.01615932991831589	0.21816262253226312
GSM6591347	0.06364757647490729	0.06025597153669037	0.038983484591824595	0.10039847919403787	0.2726740561277686	0.2367963690048095	0.008660782385117704	0.21858328068484414
GSM6591348	0.06609057226113535	0.077535641460695	0.023598368064936495	0.0744375646282265	0.31899212245356484	0.22777853441052492	0.002286989201914465	0.20928020751900242
GSM6591349	0.05421427118934148	0.07986380952477111	0.054265962979179	0.08764217023680572	0.2807848239819928	0.2194852916501447	0.01929224853051758	0.20445142190724766
GSM6591350	0.0651848954276482	0.0936363790756532	0.058055653619223074	0.06757383576058103	0.2802079074439093	0.21806238193439867	0.019016469302893035	0.19826247743569372
GSM6591351	0.07683627931545349	0.0840611114503543	0.06939616097572991	0.09404521805211989	0.25623861509731555	0.21616437224057883	0.0	0.20325824286844796
GSM6591352	0.06539342225469848	0.08972982865645569	0.07021854257549005	0.07654078591273324	0.26254613972910174	0.20704256106870217	0.015635777496586154	0.21289294230623265
GSM6591353	0.06847548739248387	0.08256214739966632	0.06442580238012947	0.07411700534125835	0.27776109377647806	0.21548727294966077	0.007241188811749528	0.20993000194857359
GSM6591354	0.06836489933081978	0.08601716567035435	0.028549243811224322	0.08203131123720149	0.30502164380718794	0.22494950285840015	0.007371275934580696	0.1976949573502315
GSM6591355	0.065193541371062	0.09800107511242992	0.024961554724936552	0.0827613533933861	0.29639404858926943	0.21885870977046462	0.011317943454676915	0.20251177358377448
GSM6591356	0.06329339091505726	0.07433281960264199	0.0423045824168871	0.08618028936162077	0.274384750695351	0.2258911664464219	0.012027648454957383	0.2215853521070625
GSM6591357	0.051824586727177054	0.08813386915314078	0.06817104871391688	0.07992490010248028	0.26390695154799804	0.21569400629377217	0.0	0.23234463746151487
GSM6591358	0.10718673053568999	0.08511816036059859	0.08741710056261164	0.12172878834584278	0.2540805913258312	0.22699280277473488	0.0	0.11747582609469082
GSM6591359	0.06314903667699277	0.06167479842903477	0.021052802253746776	0.08399898685921181	0.27950697401931907	0.24655998409683375	0.008568564167974786	0.2354888534968863
GSM6591360	0.061685086995655225	0.07260934034245076	0.04133781353246513	0.07222204649738216	0.2972541658701828	0.2306827109057417	0.015529268722120841	0.2086795671340015
GSM6591361	0.06719478527577716	0.07345347321732398	0.032304200663820656	0.06450157242449386	0.2995483126451769	0.2333609711288699	0.011040673816599915	0.2185960108279376
GSM6591362	0.066518155606289	0.06257215089115042	0.025574039236429102	0.08829235793295614	0.28952930572702923	0.22533231297902664	0.01896115867185185	0.22322051895526754
GSM6591363	0.0691917036127198	0.06430920211640315	0.02465573956731976	0.07560270272284329	0.3011286523708779	0.226802770299178	0.011145544633596936	0.2271636846770612
GSM6591364	0.06112413943478835	0.04443045464454985	0.026163324628349208	0.18181287055411943	0.25462454072285123	0.2440733235542542	0.0	0.18777134646108765
GSM6591365	0.06865498367415816	0.08798389239754863	0.04291962131588247	0.06479693029321766	0.28529740974271717	0.21611974128599698	0.00813798472251153	0.2260894365679674
