tcga_sample_id	B cell	Endothelial cell	Epithelial cell	Fibroblast	Malignant cell	Myeloid cell	NK cell	T cell
TCGA-DJ-A2Q6-01A	0.04853472710159948	0.1483569217387119	0.050213777583728775	0.12664775668189746	0.2949499132691969	0.23469457755363438	0.03558909736519298	0.06101322870603811
TCGA-FK-A3SE-01A	0.051090674121705516	0.09777680535108765	0.08215163688147573	0.07547243125492589	0.29790640683574654	0.20899449887299643	0.02127415029342175	0.16533339638864042
TCGA-DJ-A2QA-01A	0.03940877962325105	0.12460990165356908	0.1048391107461116	0.09569835241986148	0.30810065383190666	0.1961896290530315	0.015716791804395915	0.11543678086787268
TCGA-FY-A2QD-01A	0.04030960809374525	0.11563574382657452	0.13427692302751773	0.05631251399523743	0.2505546721467624	0.20031177336168335	0.0391475837991855	0.1634511817492938
TCGA-EL-A3GR-01A	0.048856899050602615	0.17454191854943332	0.062437552576706634	0.1038769202676149	0.31412524431337696	0.22898462591005841	0.014128434445169319	0.05304840488703785
TCGA-EL-A3T7-01A	0.04279876593334808	0.11350199267869909	0.03644798325885056	0.04984545021699502	0.3425832222875118	0.22678981868404194	0.029819155135292427	0.15821361180526095
TCGA-EL-A3T7-11A	0.047674840709084426	0.11133077271341853	0.12634438776864831	0.08406394297456408	0.2612303672126021	0.21113143871456336	0.03510501597182728	0.12311923393529188
TCGA-FE-A230-01A	0.04767660167375197	0.11557613504548876	0.06990630273019788	0.07224122646319549	0.3140587276894391	0.2276601918774597	0.015999521590523882	0.13688129292994317
TCGA-EM-A3FO-01A	0.04350825500612673	0.08146620384587444	0.04688542426532269	0.054207769240725096	0.3333147126730536	0.23023773848441997	0.05764133304056136	0.15273856344391595
TCGA-DJ-A3VB-01A	0.02061440030847395	0.11391948925858594	0.04794156376744239	0.05706669130167955	0.33867124228890627	0.2705311999340598	0.07020722922789158	0.08104818391296059
TCGA-BJ-A28X-11A	0.10616084090236898	0.12196982078398651	0.18374708176348573	0.09699586178174835	0.20772557665552138	0.23133035429810017	0.04712345245272453	0.00494701136206442
TCGA-BJ-A28X-01A	0.08860110441965019	0.11399824466749191	0.05485065724698836	0.08164829331427541	0.315933018220966	0.23025443734966322	0.009181813500893263	0.10553243128007161
TCGA-DJ-A2QB-01A	0.02997894506951031	0.15906229212687154	0.11329303163583984	0.07200989611049072	0.2560064517933306	0.21684073576226326	0.023347570288460726	0.129461077213233
TCGA-DO-A1K0-01A	0.044382920350886604	0.12576535138435918	0.05621091542346512	0.0627454198673423	0.3294349521340016	0.22637001816132052	0.010420116446717528	0.144670306231907
TCGA-EL-A4KD-01A	0.07631876304732665	0.10576108049440022	0.07893399495872958	0.0601461559557956	0.2935034648649956	0.18693271146448714	0.030608674089311807	0.16779515512495355
TCGA-BJ-A192-01A	0.042687804205752675	0.10037765952760162	0.07315663289463924	0.06765705136268087	0.28576698197061096	0.23286314731580324	0.013339026637587422	0.1841516960853241
TCGA-L6-A4EU-01A	0.0647976035536607	0.09632312125729493	0.05304413422867098	0.08343095735704731	0.2775710947666011	0.22565623846100766	0.037295902654398805	0.1618809477213185
TCGA-DJ-A3V0-01A	0.0368730778950739	0.13688865341385564	0.04506362376114461	0.11745421189551082	0.2976775110164852	0.2546518538701003	0.028672004029016363	0.08271906411881319
TCGA-EM-A2P2-01A	0.08477836009659923	0.10301843383184703	0.058222236772574605	0.03775285054637101	0.2922765970207032	0.2186536824212422	0.017360386097297967	0.18793745321336472
TCGA-BJ-A45G-01A	0.04769975397958768	0.12330547351367137	0.1009353453049564	0.06868035441375579	0.265083796237179	0.2447704193906821	0.039153669229095016	0.11037118793107269
TCGA-FY-A3R7-01A	0.09635809004897547	0.12769054497975482	0.09144647437960594	0.06982381573242873	0.30817697051481363	0.18733872929510448	0.03492647704107667	0.08423889800824025
TCGA-DJ-A3VG-01A	0.055825251755785565	0.12361154185609889	0.09418390708677223	0.09172016747588418	0.2733633627927071	0.20190300755264207	0.03760029826282886	0.12179246321728106
TCGA-ET-A25O-01A	0.06776733434934212	0.11285120451193782	0.062158525446625625	0.04068644804782847	0.32648160567727474	0.20108749988176863	0.022592442058978104	0.16637494002624456
TCGA-DJ-A3UR-01A	0.05576270253432302	0.14135899228371884	0.09872346715277779	0.054026540697182865	0.3099400344557764	0.2130856755520735	0.03868610105336091	0.08841648627078669
TCGA-E8-A415-01A	0.03853630091032014	0.15372594562675812	0.12154148952461795	0.0604230977079328	0.2841394703181298	0.2536965772243424	0.026419642703760154	0.06151747598413858
TCGA-DJ-A4UR-01A	0.0271718824026718	0.14286444718420543	0.11144405690242036	0.05853552452850674	0.2901155852330043	0.2143707476026479	0.06558915710667668	0.08990859903986681
TCGA-DJ-A13L-01A	0.05873230332263109	0.11715009816253907	0.06926018880116015	0.10743797251697194	0.29437350588158095	0.23621015437859488	0.044898056852298876	0.07193772008422303
TCGA-BJ-A45I-01A	0.07730928093034803	0.12469835637709838	0.039924629111137214	0.11176153719136094	0.3000933607103317	0.2207359136604894	0.06609431063145581	0.05938261138777858
TCGA-ET-A40S-01A	0.05909852057188336	0.13462302975042917	0.07176432901006259	0.07704824399635053	0.2847562821132009	0.2585968306799447	0.03639215050771652	0.07772061337041218
TCGA-EL-A3CZ-01A	0.02668819103275408	0.143532478039727	0.10270124312821569	0.06980542006456958	0.2584028151302722	0.206468447763871	0.027698134823063693	0.16470327001752685
TCGA-EM-A2P3-01A	0.051566580953026284	0.10098447081716291	0.05034340092623446	0.11689921353334576	0.3048639325601342	0.244261568690655	0.011698432685659935	0.11938239983378145
TCGA-BJ-A2N7-11A	0.05028730937553895	0.0820146249283987	0.1150160598942067	0.07529269169150908	0.25137128629893085	0.2097649242048946	0.04710063816298175	0.16915246544353948
TCGA-BJ-A2N7-01A	0.051929096919086246	0.12450727618517758	0.08370096242197239	0.0586134438045123	0.28231604183309467	0.21904917425858253	0.01748805498213804	0.16239594959543632
TCGA-EL-A3GW-01A	0.04468469794711912	0.10412515792362649	0.06647859818627448	0.09204014697567023	0.31634374289663203	0.2070795788751824	0.03527962398719336	0.13396845320830192
TCGA-DJ-A13P-01A	0.05957935266504773	0.14933225433093436	0.06317178149849423	0.07006050702704096	0.31046100250961	0.20332959781072937	0.03184463617620509	0.11222086798193821
TCGA-ET-A39O-01A	0.06830260879052441	0.11090737565101809	0.06366181783227239	0.0827105031011394	0.32152370835710414	0.2298697448752902	0.0527506727005285	0.07027356869212291
TCGA-IM-A3ED-01A	0.043405265374707055	0.12700531554657077	0.057755941548374136	0.1501613768879337	0.29445258895393517	0.2314998546251112	0.009484381626048968	0.08623527543731903
TCGA-ET-A39L-01A	0.05717611968629205	0.14413721245933342	0.07449494172793937	0.05758751318616501	0.2838573125112846	0.21080401778310676	0.03260352485385271	0.1393393577920262
TCGA-FY-A3YR-01A	0.05073892465006146	0.1166450244874109	0.05880220342957735	0.06631081553897233	0.2968769227747303	0.22265519469205008	0.0493150871032769	0.13865582732392046
TCGA-KS-A4IB-01A	0.049232234121957597	0.11959237094465014	0.04295212745495107	0.039118225666571686	0.3102235177880331	0.24719321907596287	0.04220520655542685	0.14948309839244672
TCGA-EM-A3ST-11A	0.008823224713881845	0.15950125219755026	0.1617745214852331	0.10125436148581926	0.2662760451322737	0.18062783831239762	0.015847673603782433	0.10589508306906172
TCGA-EM-A3ST-01A	0.02671758625021796	0.14314656350111446	0.0617503403738439	0.03928542936278578	0.3349432759037868	0.20009180695492143	0.0	0.19406499765332966
TCGA-E8-A413-01A	0.05649006863389021	0.11783174322221869	0.09568197521583559	0.09527524802304327	0.2826077272359247	0.2318476133461135	0.030875667835877363	0.08938995648709658
TCGA-EL-A3TA-01A	0.04230740252357563	0.12934890070215802	0.09304209944872142	0.10641335287768638	0.28460091130558146	0.22543781438638782	0.049016414516788155	0.06983310423910108
TCGA-EL-A3TA-11A	0.0451446947717236	0.09034082848074887	0.10929600935586199	0.10128471957865645	0.2692556091824832	0.2041025282905928	0.03337841657659822	0.14719719376333493
TCGA-DJ-A2PW-01A	0.05266813178753463	0.12927022860267912	0.07476070110346562	0.0557955579180652	0.30857052571544175	0.22081995836276433	0.053369555395898445	0.10474534111415097
TCGA-DJ-A2PO-01A	0.07077832532085404	0.1316176158120778	0.061256657222226986	0.0711181560760353	0.28723875239130253	0.2478090875607199	0.045707006850921696	0.08447439876586174
TCGA-ET-A3BT-01A	0.04837218141159119	0.14258540017235308	0.06384272764063642	0.07397055656171386	0.32226196251356837	0.2299939661215206	0.0609691049096648	0.05800410066895162
TCGA-EM-A2CJ-01A	0.046215077485322484	0.11987573705636893	0.12671913938228482	0.05833873850152347	0.2573511811337919	0.20662506357345733	0.036076834298486654	0.14879822856876437
TCGA-DJ-A3VD-01A	0.04796435813096199	0.12346967915938545	0.07317589767142019	0.12113959611767332	0.28362439837287223	0.24133523440967075	0.023368846887258776	0.08592198925075722
TCGA-DJ-A1QE-01A	0.05466388410071629	0.10524567201204806	0.06467209863600694	0.09832955248680447	0.33923973284274994	0.21150067624405255	0.022364008612103782	0.10398437506551803
TCGA-BJ-A0ZB-01A	0.055657058910207675	0.12710980151761025	0.06355986206941484	0.08691148364736	0.2895092233271078	0.21237688856618606	0.04004983420446988	0.12482584775764353
TCGA-IM-A3U3-01A	0.06445412735283139	0.12254500484301897	0.05104043813264949	0.0937020256717502	0.2994244995722346	0.23293541904897844	0.03997898797646588	0.09591949740207108
TCGA-BJ-A45F-01A	0.05542486355154007	0.14894935485501806	0.10930778133795599	0.07427975984549612	0.2308846851517159	0.2164088430751025	0.029138426234683976	0.1356062859484874
TCGA-EL-A4KG-01A	0.04447961043113275	0.14312431386042068	0.06023030256414695	0.06977975252704265	0.3118320345202367	0.22875119441288178	0.0655088498491236	0.07629394183501496
TCGA-ET-A39S-01A	0.02937872664174136	0.14163554840512937	0.08572359024184606	0.09637090058869023	0.28223676768617684	0.22657715296204373	0.06827246613868763	0.0698048473356848
TCGA-E8-A436-01A	0.0455562108000068	0.11208033183447075	0.09536686886250136	0.08831295121361231	0.3024453515573088	0.22515208235660614	0.04575906504668327	0.08532713832881061
TCGA-EM-A22K-01A	0.04381331955104554	0.1372056035076005	0.07928803635256981	0.07818372537996578	0.2646892175787395	0.19571640904737483	0.029439069463209067	0.17166461911949488
TCGA-E3-A3DY-01A	0.06627948392393838	0.11351144649174785	0.07302250625777143	0.054116859134780336	0.31944283138835705	0.23558732215564085	0.04316553779914339	0.09487401284862068
TCGA-KS-A4I7-01A	0.043098764195278166	0.10614635184195016	0.048309318760420474	0.05854941941466645	0.3322178654286028	0.23957150623451318	0.03615271686977214	0.13595405725479662
TCGA-4C-A93U-01A	0.03186199218893178	0.12076140894875044	0.02830541649328785	0.09619243880418814	0.2943949026226844	0.27772148024218624	0.025515654771332635	0.1252467059286386
TCGA-ET-A25G-01A	0.044450183648790886	0.08074955649776153	0.05387710269671064	0.07083732442593255	0.30849019402838707	0.23813859620342756	0.048545848542020195	0.15491119395696965
TCGA-EL-A3H4-01A	0.055099901977310295	0.0976424867545922	0.05682704738740686	0.05001476985031011	0.31108737679810883	0.22289440869822752	0.056764376969480355	0.14966963156456375
TCGA-EL-A3ZL-01A	0.030114605443780727	0.12976612846826008	0.03723371119352271	0.0920740293429149	0.30812576724136853	0.2256465580613703	0.030940842467075676	0.1460983577817071
TCGA-DJ-A3VE-01A	0.05343870755538023	0.11836724531292614	0.05784010185852206	0.0410294014208631	0.3093444567656252	0.19646530110535904	0.05781304282130067	0.16570174316002362
TCGA-DJ-A1QL-01A	0.03888913875569713	0.1534843837310271	0.11124927102075352	0.06224482732097716	0.2564106170153584	0.22115136224979615	0.03227579714397358	0.12429460276241701
TCGA-FE-A234-01A	0.07412862300946071	0.1468401749701639	0.05516411106263844	0.05938094654649437	0.2990358665879358	0.21790365798107209	0.026156857287381756	0.12138976255485287
TCGA-H2-A26U-01A	0.06522772991283964	0.10587172635062855	0.051684625997527024	0.10145183260899407	0.31448110640379084	0.24440520812831223	0.028068671905116815	0.08880909869279077
TCGA-EM-A1CS-01A	0.0426592060258253	0.11941130633865889	0.04899376224273599	0.07000061535471334	0.2898794526877196	0.22950456091964314	0.04182386651748827	0.15772722991321547
TCGA-CE-A484-01A	0.05110245193115521	0.1279046506197388	0.07294608126866113	0.05534851363448509	0.2891278261441289	0.21259723503059014	0.034466196037246204	0.15650704533399445
TCGA-DJ-A3VJ-01A	0.04223064809083944	0.11857922789803987	0.05197203433488018	0.026555144103315356	0.3975613466580485	0.19188074035770147	0.037806702933873754	0.1334141556233014
TCGA-ET-A39M-01A	0.05973377802343451	0.14113493032113164	0.06317683889732505	0.04142657724320131	0.3311880708574601	0.24148665373486117	0.020736821200628378	0.10111632972195785
TCGA-EL-A3MX-11A	0.04206887994183931	0.11434616930879023	0.13143363289179616	0.1006624655217311	0.23129698659143882	0.18894928571810807	0.07004004279493595	0.12120253723136029
TCGA-BJ-A2P4-01A	0.05477142056621712	0.14258004683525216	0.09135043445040895	0.072475855509209	0.2418035329782158	0.22345957149332293	0.04907416541656197	0.12448497275081208
TCGA-ET-A2MY-01A	0.049533210721150904	0.2007778166502865	0.07926749247625042	0.052373421742834055	0.2784139972280834	0.20704624437453414	0.04338751342031843	0.08920030338654214
TCGA-EL-A3ZP-01A	0.047300567194126425	0.1272675481005203	0.07874029167073864	0.0772368916820555	0.3393176826104829	0.22159975841284685	0.0	0.10853726032922954
TCGA-E8-A418-01A	0.06311358068959051	0.10160567475333342	0.07237517949992758	0.04062639722593722	0.3163713769159084	0.25256277805989374	0.041503503764180105	0.11184150909122911
TCGA-DJ-A2Q4-01A	0.018632113279043745	0.11368337813565195	0.028933532793004476	0.05398042614705026	0.37683358296293695	0.24983774784258025	0.010846597757023138	0.14725262108270923
TCGA-EL-A3MW-01A	0.058158791332998096	0.11058081500576336	0.05013166488595913	0.05000982278644129	0.3032725362440045	0.25481793416065196	0.03826369768020601	0.13476473790397564
TCGA-BJ-A0YZ-01A	0.051457992600679875	0.16668457606164844	0.08746152824741864	0.07988130542748147	0.2524616113916483	0.20244717702301945	0.037499119682382676	0.12210668956572113
TCGA-E8-A2JQ-01A	0.04488909621535394	0.12475369811489324	0.060252592780969456	0.1434347622326441	0.2900312123969692	0.2886372588440437	0.015084960005874316	0.032916419409251996
TCGA-E8-A2JQ-11A	0.10058624453239397	0.1226051781316316	0.11961809418454525	0.10949444323878488	0.22043671589664993	0.22559809207976958	0.05322667029944253	0.048434561636782246
TCGA-FY-A3NM-01A	0.05656220432177843	0.1339714344613475	0.12051836210480359	0.04669552541337295	0.26001907824500264	0.1986146624117445	0.02646499673576943	0.1571537363061809
TCGA-EM-A4FN-01A	0.029365738667381597	0.1213824920839439	0.06331957808456401	0.06227563666657349	0.3446978135261101	0.2529342977604828	0.024417162119267713	0.10160728109167627
TCGA-EL-A3H7-01A	0.05037891249392931	0.13829291596022686	0.03969226318058027	0.09149966268391516	0.31757888097717857	0.23425627668922805	0.04409756973461742	0.08420351828032446
TCGA-EL-A3H7-11A	0.07386439692315037	0.13416838478887197	0.13994258212062152	0.10767610717868198	0.24135697616353838	0.21659938252388347	0.014423758648154237	0.07196841165309809
TCGA-BJ-A2NA-11A	0.08658866680211703	0.11874968445208557	0.14968747121380405	0.10885478438206071	0.22976372455460897	0.21678715914765948	0.04845986785668799	0.041108641590976096
TCGA-DJ-A1QF-01A	0.033889894360265994	0.15392027024046218	0.0500238796615058	0.05829067472751913	0.29324042933190303	0.22617118887206492	0.03549174064170968	0.14897192216456925
TCGA-BJ-A2NA-01A	0.04500736983146869	0.13512110437406905	0.07009129436739986	0.10307199582194562	0.31435248714334624	0.23788913300646622	0.048232624058406885	0.046233991396897434
TCGA-BJ-A3PR-01A	0.1156588939977203	0.10805263338998938	0.08999745589018424	0.10639111142643733	0.2626602745543217	0.2463839972990066	0.0389262943397944	0.03192933910254602
TCGA-KS-A4I3-01A	0.05930780609226044	0.10295628759075198	0.06209586934845081	0.05566765046548787	0.3033916994739604	0.2306141922822341	0.015020623782091628	0.17094587096476271
TCGA-DJ-A2PY-01A	0.05372460541055827	0.08633157235179074	0.06393963544309006	0.09503395293753697	0.2935307462168525	0.2294697902250664	0.042407471661828434	0.13556222575327664
TCGA-EL-A3H8-01A	0.06173162609351236	0.15309671201231376	0.10870281615232665	0.05981070814080066	0.2951990161837677	0.19542536733332633	0.03412359404061447	0.09191016004333805
TCGA-EL-A3CO-01A	0.03696489070604065	0.14223593317266758	0.1262619697379803	0.12172458958066465	0.2654086731049619	0.22681795319189604	0.03735860763126796	0.04322738287452098
TCGA-EL-A4K2-01A	0.061041606799478156	0.13351644547360741	0.12115671050322988	0.057094989049146325	0.2510056870547517	0.2209889513675449	0.05305697017413042	0.10213863957811109
TCGA-FE-A23A-01A	0.06649035522449459	0.11159399174564906	0.0636971905076649	0.07004637958207702	0.3262797988673075	0.26414249041509325	0.04035735960500005	0.057392434052713694
TCGA-EL-A4K1-01A	0.03736318069140402	0.1141806040992671	0.0727671341600839	0.07939352215353879	0.3204574387881475	0.21343925697402713	0.040403201690352504	0.12199566144317908
TCGA-DJ-A3VF-01A	0.03787443084565768	0.13714009067674676	0.026655469478699387	0.1037527993658467	0.3040343392424065	0.2543058713406507	0.03217773024436378	0.10405926880562844
TCGA-CE-A482-01A	0.04582559641976616	0.11048429196684029	0.06575651302232939	0.05476889828844361	0.30339151243394713	0.24273219744098476	0.033438039264234935	0.14360295116345378
TCGA-EM-A3SU-01A	0.04537530155733335	0.10617393961728443	0.06373194401070396	0.08110243905019535	0.28520843155270587	0.27089017273841387	0.021949011790284453	0.12556875968307865
TCGA-FE-A3PC-01A	0.04261925831783091	0.12462550185660312	0.061937081709003035	0.07187640682580336	0.30518519147404005	0.23076505781004292	0.04279971265186157	0.12019178935481513
TCGA-EM-A3FQ-01A	0.06755963301817051	0.12334400233131616	0.07208165341308871	0.11221075533862197	0.31281314923407366	0.25472732738991477	0.05726347927481419	0.0
TCGA-EL-A3GO-01A	0.03504894665972638	0.14525442740694813	0.09924734418426347	0.06551351571430723	0.27759539415387285	0.2199750420092263	0.029098879236079258	0.1282664506355764
TCGA-E8-A44K-01A	0.06321980803965584	0.1135960871116498	0.07411500549860166	0.08950992255367418	0.2972228184972618	0.2378283145550107	0.0245032856009334	0.10000475814321262
TCGA-EM-A3SU-06A	0.10624896856279598	0.11928510990573359	0.06485151689351237	0.05793881124864859	0.31511891148145577	0.25011304149227276	0.0	0.08644364041558088
TCGA-DJ-A3UZ-01A	0.07647708149305052	0.11978010744616203	0.08712700453318721	0.13808655553310756	0.2598756797460169	0.19325307738896047	0.0737346145917105	0.05166587926780488
TCGA-BJ-A0ZE-01A	0.053741566257864276	0.12349983569139221	0.10438694182139861	0.04501409938751518	0.288827075366801	0.19169582826026282	0.0131718259797702	0.17966282723499566
TCGA-E8-A432-01A	0.03385565102301453	0.13722635831082727	0.053465488245271475	0.09948213754103888	0.2967026001435022	0.24596156808730102	0.03200817042294794	0.10129802622609674
TCGA-BJ-A18Y-01A	0.05502200251095888	0.11077596077005732	0.10298237246134713	0.0687008923800556	0.25494929840036995	0.22010817485604958	0.05070414021455394	0.13675715840660752
TCGA-DJ-A4UT-01A	0.05873852548517535	0.1311433569168817	0.05856825581893287	0.07482854571359075	0.28435767926064986	0.24782936915720222	0.047668657471187786	0.09686561017637953
TCGA-DJ-A2Q3-01A	0.05593112384154831	0.10548962402767066	0.07105679712641336	0.10128580786053085	0.3044553097592685	0.2362254949633537	0.015033933631245517	0.11052190878996924
TCGA-ET-A40R-01A	0.0775106112138975	0.14639211532185764	0.09744761858880993	0.09030365998098751	0.2812419498193285	0.22679679262355068	0.03377571214679596	0.04653154030477236
TCGA-EM-A2CR-01A	0.04663197845117973	0.13210713475977298	0.07322208640349205	0.06094462686247003	0.2852817693121708	0.2107094620254154	0.04557781038041245	0.14552513180508655
TCGA-J8-A4HY-01A	0.0583019794553747	0.11093153217304397	0.09646485622330639	0.046516774514958316	0.2689663977515641	0.2052822541504848	0.04012997300583754	0.17340623272543007
TCGA-DJ-A3UP-01A	0.06366439474890116	0.19572030547216143	0.04177647531358518	0.07109376866036762	0.26056075300933784	0.18959789374037292	0.022336174624362957	0.155250234430911
TCGA-EM-A3FR-01A	0.037899476834360846	0.13340260968343445	0.12182817277170367	0.10656555434194384	0.2393557118937076	0.20595003853656846	0.03852292642408782	0.11647550951419332
TCGA-DJ-A4UQ-01A	0.055430775048905534	0.12077122994262428	0.06590275422429469	0.09079799777575685	0.2883844218952877	0.2245118997993504	0.03625121912646088	0.11794970218731966
TCGA-ET-A4KQ-01A	0.03822016226881706	0.13687227038923303	0.10153560930500466	0.099884950051464	0.27718386334303896	0.2161191593999246	0.02860726012385301	0.10157672511866465
TCGA-CE-A481-01A	0.059423062423230394	0.124561701837711	0.07868220019973274	0.10010673783844339	0.28231337896951225	0.22422082978655838	0.06044827342186376	0.07024381552294803
TCGA-EM-A3O3-01A	0.05681823014117162	0.06979877988594002	0.019938014867720753	0.06354936484771556	0.38072481605085723	0.2609587594130788	0.010598589828932659	0.1376134449645833
TCGA-EM-A2CP-01A	0.05470615455259193	0.16216769785000304	0.10164216284637596	0.08870446544306299	0.2345747123870139	0.2220403528752383	0.05968996843310032	0.07647448561261352
TCGA-EL-A3GZ-11A	0.03960102795291834	0.12088816002003047	0.12268242773318873	0.08019454099537833	0.2518203419109702	0.2041446686938746	0.008706366982324024	0.1719624657113153
TCGA-EL-A3H3-01A	0.055387432897128615	0.09957069938160716	0.0330428703970402	0.08831235225694552	0.3214636185789572	0.2696170405754374	0.039305104457654824	0.09330088145522906
TCGA-EL-A3CS-01A	0.041253136606344144	0.1324017741169552	0.052777675355576995	0.0992133655169441	0.284478697936725	0.21012504398898288	0.047978340579165425	0.13177196589930637
TCGA-BJ-A0Z3-01A	0.08266163471163525	0.11287310183511498	0.0767686928118365	0.09282411402812826	0.30151564395418834	0.2627914975567679	0.02840176229929911	0.04216355280302964
TCGA-DJ-A2PT-01A	0.028028732416194475	0.11089020889301748	0.05569697451892173	0.11432048561232716	0.3381887131708417	0.24094903746924135	0.04617136480357687	0.06575448311587924
TCGA-ET-A39I-01A	0.04143851209830777	0.12677923935814628	0.09800021625034099	0.056339283788580885	0.25821867569478985	0.20390938214747217	0.05237589830108749	0.16293879236127445
TCGA-FK-A3SD-01A	0.0515827934425844	0.1618170262783012	0.12210984091223502	0.08238896734331584	0.23547671121429312	0.1944236500614223	0.008634474862728937	0.14356653588511933
TCGA-DJ-A13W-01A	0.05217365153870473	0.16817403702491648	0.10439393375348488	0.07830098798459768	0.24267748184010585	0.20504331916895202	0.0	0.14923658868923842
TCGA-DJ-A13R-01A	0.0486163112139559	0.12665057962077506	0.12216587847043553	0.08369987858007637	0.2428845370590206	0.2544572943394853	0.03369140266231469	0.08783411805393661
TCGA-DJ-A1QI-01A	0.06452766457386654	0.10230709976997	0.06260041283261798	0.07204325978461713	0.3166852622057713	0.22754394746786322	0.05330409723009633	0.10098825613519741
TCGA-EL-A3ZK-01A	0.049523639873271255	0.1220518501274069	0.06448714748124192	0.06178762154098478	0.2970218083309758	0.2460366737311786	0.04384802748179309	0.11524323143314766
TCGA-ET-A3DW-11A	0.0381256254483472	0.1339301215693111	0.12452489280503355	0.09353563424524894	0.2820256877239596	0.1770938060764315	0.018537129591544563	0.13222710254012346
TCGA-EL-A4JZ-01A	0.060447668502098595	0.10666424049657378	0.05377226568985368	0.11521981774269319	0.32416540133948246	0.24174381034947018	0.027269563055273182	0.07071723282455483
TCGA-ET-A2N4-01A	0.06633638899489942	0.1355640551846987	0.045331340846101006	0.07054652543155493	0.2908503836818436	0.21916459097979665	0.027099719016488777	0.14510699586461684
TCGA-ET-A3DS-01A	0.07562408345083481	0.1581035242565711	0.16682643873918035	0.0732948592605024	0.2113192892132697	0.19412814260021077	0.03926969717337314	0.08143396530605772
TCGA-EL-A3D4-01A	0.045246166993318945	0.14112490561162394	0.07829360416371478	0.09309232775780077	0.2802863366801933	0.19985234808842034	0.028756691731739555	0.13334761897318848
TCGA-DJ-A2PZ-01A	0.058109802368255956	0.12073155154593386	0.06853590121478416	0.06750368178405794	0.27845840659435206	0.24798204733355086	0.024054825797019036	0.13462378336204608
TCGA-FY-A3RA-01A	0.046960605323823006	0.11744413707077878	0.09157223121795632	0.060033601849431795	0.30752432663551543	0.21135208915329318	0.0	0.16511300874920146
TCGA-EM-A4FV-01A	0.0703051895319049	0.1395415799647129	0.05297301548106283	0.05865932086363087	0.30585151947158523	0.24897975182685916	0.038948295057400675	0.08474132780284335
TCGA-EM-A3AN-01A	0.03610932092699993	0.11339947935112832	0.08775913931106573	0.04954261261103154	0.3878685366659442	0.21185466120006224	0.029834193530927373	0.08363205640284073
TCGA-DJ-A3UN-01A	0.03243260382689938	0.12334361053513154	0.06831304849613283	0.05401527490829762	0.29229078864859315	0.27012916259910674	0.029490963247199853	0.12998454773863888
TCGA-J8-A42S-01A	0.053563476367009026	0.1090815362361713	0.062239192489858014	0.07256489809353793	0.296669087701465	0.2401587936608155	0.04341921252522509	0.12230380292591816
TCGA-EL-A4JX-01A	0.08138763033219187	0.09352936086378487	0.03985369431979122	0.06289696055621026	0.31275751785772093	0.26548865425703866	0.015745814909834958	0.1283403669034273
TCGA-DE-A0Y2-01A	0.01895808659137894	0.11072438775616232	0.07472334687727317	0.07562129145300837	0.3234415748828643	0.2304095976100877	0.034632491381018496	0.13148922344820657
TCGA-EL-A4JV-01A	0.06718874075667178	0.14475362998515104	0.09186019596010282	0.054612153371318035	0.27799840516443014	0.1913536137913672	0.040657457112728376	0.1315758038582307
TCGA-KS-A4I1-01A	0.04247553333993299	0.09751841200872427	0.04293367057235413	0.03920350278357303	0.357703292608118	0.2201148318638496	0.0347649013547585	0.16528585546868949
TCGA-CE-A27D-01A	0.08182686671383854	0.13478103561242183	0.12773938868528298	0.10024633786656441	0.25631693846065107	0.20795614302905818	0.005253187292374552	0.08588010233980833
TCGA-BJ-A0Z0-01A	0.04576025192905964	0.11290022028276017	0.10583636380730832	0.03334747932110793	0.2681133008158567	0.20902950391798564	0.03684763738958022	0.18816524253634137
TCGA-EL-A3CU-01A	0.08422695454381338	0.1061584155852302	0.05576844686196987	0.10527811453654431	0.29916256218079085	0.2591673946629582	0.0240952255887568	0.06614288603993633
TCGA-EM-A1CV-11A	0.0337520316323044	0.10288975611847968	0.12863143795575338	0.07116960937502807	0.26608975858605094	0.19889639878592294	0.004794659522558403	0.1937763480239021
TCGA-EL-A3MY-11A	0.04791915687433979	0.14081701764257742	0.1325880001796959	0.09955279721205777	0.24405955608859048	0.21069122500747545	0.016175783091971263	0.108196463903292
TCGA-EM-A2CK-01A	0.03715294203213473	0.14483667766353556	0.10539692121920058	0.04536711445096099	0.2499387664782192	0.22630138147002354	0.04049442868304108	0.15051176800288435
TCGA-FK-A4UB-01A	0.047312294024120384	0.13721906804630324	0.060901738299090694	0.05382939825861804	0.32692117873362064	0.20480360411198728	0.04329189538270126	0.12572082314355842
TCGA-ET-A2N5-01A	0.049552204213458136	0.13653456664859118	0.09573854637050468	0.11227957278788048	0.26195341809022865	0.20361868351608087	0.017759197236683486	0.1225638111365726
TCGA-ET-A2N5-11B	0.08129376305734078	0.11698744733720837	0.1399422238032917	0.08994948831948439	0.25172894969426574	0.1866665304596026	0.03182101728111445	0.10161058004769204
TCGA-EM-A2P0-01A	0.03862749259331378	0.1185556444203417	0.08789480548608149	0.0817548286939118	0.30392383376000226	0.22924593112293332	0.03483304712139137	0.10516441680202433
TCGA-H2-A421-01A	0.04153714314456431	0.11467075259782974	0.032543253812427946	0.05817670905253605	0.3758781799353761	0.24197158929125004	0.011794475016488254	0.12342789714952752
TCGA-CE-A483-01A	0.03972256254001955	0.09561405736286642	0.07630118929743394	0.040313640664633575	0.30860370655951397	0.23205790514071467	0.09553805890722653	0.1118488795275913
TCGA-FY-A76V-01A	0.04797069211722804	0.13979504813314894	0.08448033136856205	0.06693422658255936	0.28704585052824744	0.22916297554487847	0.02316248076454457	0.12144839496083121
TCGA-EL-A3GX-01A	0.06563276295207629	0.1004438498258705	0.07723767024058031	0.03341533140498939	0.326033395633601	0.24563359164468843	0.031112207001515266	0.12049119129667879
TCGA-DO-A2HM-01B	0.08115840994577217	0.13572494355457912	0.048550327139416136	0.10876591222490563	0.29227760966265615	0.294515744829208	0.039007052643462894	0.0
TCGA-IM-A3U2-01A	0.04616538613750215	0.09359471065417624	0.034073850652184566	0.09308623423227523	0.3238265767029401	0.222280096120415	0.026769795164457075	0.16020335033604977
TCGA-EL-A3T0-11A	0.05402649554642681	0.16581077294532187	0.11944260104954942	0.11772729859171434	0.2564450485125011	0.2037778132280989	0.023253802977297497	0.059516167149090096
TCGA-EL-A3T0-01A	0.03180522228965345	0.15436646372053034	0.08815632067185061	0.09208982064475413	0.2910985553073963	0.20597101176662738	0.06377289122793656	0.07273971437125111
TCGA-E3-A3E1-01A	0.045199416436636185	0.1317537257564582	0.10141257577065589	0.05099856171215308	0.30487240191299514	0.23294244605156306	0.08838122130758606	0.04443965105195241
TCGA-ET-A3BX-01A	0.054469533262234984	0.10229511667866868	0.050606553036670554	0.04556236886628624	0.31617482928826407	0.23639388202608363	0.01812453163999008	0.17637318520180162
TCGA-BJ-A0ZJ-01A	0.053800706979327755	0.13904949729772131	0.1004653791983783	0.09426568022519576	0.27264499505469886	0.20820336968982273	0.053303287247766895	0.07826708430708852
TCGA-EL-A3T9-01A	0.04880706444721673	0.10130301522460405	0.03329639324118207	0.125019126917542	0.3165362165249249	0.22419145875185045	0.020514173398267686	0.13033255149441217
TCGA-EM-A1YD-01A	0.05643117731762072	0.15969248156214064	0.11763844813025365	0.10019687262713677	0.23328378643960193	0.2024485234346202	0.021664715151296823	0.10864399533732923
TCGA-EL-A3T6-11A	0.09266678563821476	0.14287428800993657	0.18969866930043316	0.08488853326047252	0.2340215107374891	0.17077812412754054	0.0	0.08507208892591347
TCGA-ET-A3BP-01A	0.04577312146515575	0.12231311561678151	0.060757458829734726	0.0506734491998132	0.2923386437815747	0.2309451883147823	0.05478757537555191	0.142411447416606
TCGA-EL-A3H1-01A	0.059183081410040264	0.1319741115067211	0.11491984742366282	0.044013302412650175	0.2572560686440195	0.2135196788022426	0.03265613481678468	0.14647777498387882
TCGA-DJ-A3VK-01A	0.03226084572050622	0.1409767488367327	0.0699282042905435	0.095807363254276	0.26835420977667634	0.20902269236832255	0.02785221938486824	0.1557977163680745
TCGA-EM-A4FR-01A	0.043436791909053994	0.11374706990650033	0.08828124350037869	0.03484128305758696	0.2725474876450332	0.22977483177957717	0.03853028780076715	0.17884100440110257
TCGA-EM-A22M-01A	0.06802694000744308	0.1021052277967448	0.04211973359551552	0.06027307192563599	0.34550248360126257	0.2338226750680835	0.027782647132027823	0.1203672208732868
TCGA-EL-A3T8-11A	0.03266337512146302	0.11163624018325059	0.13576987597176096	0.09193692198516937	0.2585901258602293	0.22476705795390747	0.026191338677323293	0.11844506424689596
TCGA-EL-A3ZR-01A	0.040698290619194194	0.11034259476200155	0.08469286398962049	0.0547903144840977	0.2910585856263612	0.20881652075271542	0.042795686931401115	0.1668051428346083
TCGA-DJ-A4UW-01A	0.0397189796633428	0.11581515201798309	0.06354124475042497	0.11440380691551798	0.29469681276219106	0.21813938597496987	0.0733812265699474	0.08030339134562277
TCGA-DJ-A13V-01A	0.06255083683150736	0.15096641488576948	0.055158946534402516	0.0445266471697388	0.346592392789613	0.19805635456633697	0.05538180602374082	0.08676660119889089
TCGA-E8-A417-01A	0.0	0.12796885658648163	0.05824750209665595	0.08936695001043325	0.3308178911071	0.23123212441628294	0.026638909793132052	0.13572776598991412
TCGA-EM-A2P1-06A	0.06322450121755628	0.11255959729980917	0.037692519106413185	0.0813824812611412	0.31770311566317394	0.25117793429938584	0.045388848179425276	0.09087100297309508
TCGA-DJ-A1QQ-01A	0.05084790042347249	0.13209775094249726	0.06994088265154688	0.06346792900766143	0.36103482414534654	0.2054772605673252	0.0	0.11713345226215018
TCGA-ET-A39R-01A	0.06780235166094004	0.11408310167237676	0.09133724214433127	0.08282103226310747	0.28090499307159705	0.21169355592196606	0.04608968327785502	0.10526803998782631
TCGA-ET-A3DR-01A	0.055618871717938584	0.14326748112343968	0.08527340899210537	0.07356597257438106	0.2842592958599741	0.2084921134313639	0.03582006082465212	0.11370279547614515
TCGA-ET-A2N3-01B	0.039768754059145074	0.11982302114243432	0.09914953186158418	0.07328637943951263	0.24833472918122335	0.22805705943094248	0.028876339603917	0.1627041852812409
TCGA-CE-A485-01A	0.05306122716515005	0.10224831304809628	0.08044411335558903	0.11762680962328535	0.26750601096728077	0.23098014684753385	0.03752235197463511	0.11061102701842954
TCGA-ET-A3DT-01A	0.0774088602048051	0.14771466021067556	0.07728274413187619	0.09940237082391683	0.27430926177534193	0.22660814582202035	0.045704597231486066	0.05156935979987797
TCGA-CE-A13K-01A	0.03880372468235488	0.144917186293252	0.07460215616295734	0.0800839617257554	0.3133586272227245	0.20791397612687418	0.0431149153735253	0.09720545241255647
TCGA-DJ-A3V8-01A	0.02054241759813883	0.11283309575940204	0.06744116244099806	0.05600075211738889	0.3378084760959212	0.22553474094354775	0.0742736783273165	0.10556567671728674
TCGA-BJ-A290-01A	0.0604408211187833	0.1059118434483996	0.05304165891170618	0.08769786228958679	0.2912739556726988	0.2080859785938672	0.059693386513671516	0.13385449345128655
TCGA-ET-A3BO-01A	0.025101598043418667	0.14833595521145473	0.05845485870482741	0.11674234164692399	0.32238703650672895	0.2268448034502599	0.0	0.10213340643638631
TCGA-EL-A3N3-01A	0.0742984701606015	0.0942618125162298	0.06413838135030357	0.06018415619915661	0.3103521982825307	0.2688271165401319	0.03512846775978793	0.09280939719125804
TCGA-EL-A3N3-11A	0.11144318701779206	0.13114005081973443	0.15729980860923634	0.07460960958791595	0.24530388564333971	0.17672980540988065	0.0	0.10347365291210087
TCGA-DJ-A1QH-01A	0.06800410194950995	0.10332902540969836	0.05298555123204033	0.07739510754444752	0.2882240593058142	0.24008686615568245	0.0	0.16997528840280712
TCGA-J8-A3O2-06A	0.03526220027958755	0.10512191156261258	0.07489621297640976	0.05623680111197892	0.34247298853113056	0.2199139111755068	0.029785936023241307	0.1363100383395326
TCGA-DJ-A2Q9-01A	0.08391646565847728	0.12283473044727662	0.08162147743822284	0.20308440226028274	0.2688046603006403	0.23245829811841345	0.007279965776686585	0.0
TCGA-BJ-A190-01A	0.04748190657133289	0.11680314978392982	0.10447813749068481	0.06400366792241177	0.2616243439757732	0.20113679141411542	0.013951806595365945	0.19052019624638614
TCGA-DE-A3KN-01A	0.04232056922597015	0.13770912013027714	0.08522028602024463	0.07450390500039211	0.2791984060976097	0.23384522206429284	0.04529086172477465	0.10191162973643891
TCGA-EM-A3AL-01A	0.044027079019494694	0.1261239742020493	0.0914345878328838	0.06324220034981243	0.27030625079638554	0.21128767432383844	0.04182517768025172	0.15175305579528417
TCGA-ET-A25R-01A	0.05106206284330297	0.09871912537407693	0.042870794786198485	0.06344848426191116	0.32858150592084007	0.23133933822949215	0.00994635830885254	0.17403233027532578
TCGA-EM-A1YC-01A	0.016550190606087197	0.14191934374045592	0.16007063427100673	0.04612808689946711	0.24001139212104178	0.2382419099293963	0.023961371974170923	0.13311707045837395
TCGA-ET-A3DO-01A	0.04561668543242707	0.11380563639324238	0.08127739377966618	0.08027030842120167	0.32796873326671266	0.23744874361960067	0.0011884563810451905	0.11242404270610412
TCGA-EM-A3SZ-01A	0.06971812877565779	0.12844578646077096	0.08243279276438929	0.061218004951083524	0.31389592407765926	0.22471034110701077	0.03244707314013285	0.08713194872329559
TCGA-BJ-A18Z-01A	0.05292483214313669	0.11893418608813744	0.0417735518136592	0.09113649761727685	0.30887447707727	0.22847132527272826	0.03146115173122404	0.1264239782565676
TCGA-EM-A4FK-01A	0.049884645154033964	0.1412125789298385	0.10038180127228971	0.03863789738107972	0.2695690467285015	0.207999017955622	0.024386582687992774	0.1679284298906418
TCGA-EM-A3FK-01A	0.043776264285881245	0.11287479458170133	0.06599569978860856	0.04959915802286478	0.343196447030179	0.2243956043535347	0.024513584381792658	0.1356484475554377
TCGA-EM-A3SX-01A	0.060226232700713374	0.12422376018968471	0.0406529339279042	0.05324944516199428	0.2947877367838244	0.21828995067399823	0.035437585861428075	0.17313235470045282
TCGA-EL-A3ZH-11A	0.05389259932417412	0.13416395173695952	0.15829938635791885	0.08886775559771769	0.2788383032616126	0.20980174478600205	0.002231777684362569	0.07390448125125267
TCGA-BJ-A0Z5-01A	0.03213860691000815	0.1289228957728144	0.0902177416697884	0.058942752761152184	0.28712761640390605	0.21846004371103642	0.0370182884068136	0.14717205436448086
TCGA-EM-A4FM-01A	0.07590385741541872	0.10638186410307665	0.0415216569118177	0.09754943777636399	0.30960011884736927	0.21604720877681916	0.049748858125525694	0.10324699804360883
TCGA-EL-A3GY-01A	0.032253446709326464	0.15536677853376657	0.08274345065808968	0.06832481569318152	0.3002026420103162	0.23959935429643628	0.032498544647667243	0.08901096745121598
TCGA-DO-A1JZ-01A	0.0481822871124244	0.08376291011344156	0.059147418969337784	0.04532112304026253	0.31587657188014995	0.22838604236282728	0.03642277353277615	0.18290087298878047
TCGA-EM-A3AO-01A	0.046067165539900666	0.14763546317770287	0.08074125982620087	0.09229341341988798	0.29845267446883694	0.22247223053782392	0.03808166137617864	0.07425613165346823
TCGA-ET-A39J-01A	0.06915529545775306	0.11859307913696124	0.050230727221881634	0.05752767198323014	0.28414900009137384	0.215927894981342	0.05517509284990492	0.14924123827755323
TCGA-E8-A437-01A	0.036851555649922804	0.11114303195718953	0.07169884429896084	0.07090802953657031	0.29467092855883986	0.231496433119182	0.05004897892422851	0.13318219795510616
TCGA-EM-A2OZ-01A	0.0	0.17921339873088005	0.09281149034157843	0.06970308687178421	0.28307825931943636	0.21675519844252086	0.03723092588559331	0.12120764040820677
TCGA-EM-A1CW-01A	0.05713678747743465	0.15097193593994906	0.16182342670834923	0.0649164791680069	0.24644684688168436	0.20755693994948188	0.0	0.11114758387509382
TCGA-BJ-A2N9-11A	0.08349370666356228	0.10931746814400001	0.18634075531330468	0.11458398357486213	0.22450445871798963	0.2091091981606944	0.027010479887579642	0.04563994953800722
TCGA-DJ-A3VM-01A	0.04271918220406624	0.12085247899112184	0.07619713436637957	0.08240162204764681	0.28900458025962733	0.199757874617917	0.040328906651389156	0.148738220861852
TCGA-EM-A2CL-01A	0.034684234262360815	0.11303125188992078	0.09536938062101906	0.062143747476853264	0.2537129188304472	0.21177817957086595	0.02226214985473902	0.2070181374937938
TCGA-ET-A40T-01A	0.06705451718437978	0.15132296001031093	0.035741080771074275	0.09897275953153155	0.2967862309827259	0.20818414298286292	0.05271698353418818	0.0892213250029265
TCGA-ET-A25K-01A	0.03452651924650731	0.11990971296213553	0.09277175683644007	0.058859996371694256	0.305162293125849	0.20172346527283394	0.05175191898563643	0.1352943371989035
TCGA-FE-A236-01A	0.04829313262263486	0.13704957939330767	0.07014745400147529	0.07194955598128375	0.282853146506109	0.21008080843937046	0.04443896495592486	0.13518735809989416
TCGA-EL-A3ZQ-01A	0.04936039710871961	0.11805580069552504	0.0789616941075306	0.06919490082019618	0.31735153966126683	0.23863920109521294	0.017742521798953755	0.11069394471259504
TCGA-EL-A3ZQ-11A	0.07908134010119393	0.1160720628811702	0.13219563403361456	0.12300460135188115	0.2597747951357285	0.20110716263355868	0.03665750107132509	0.05210690279152792
TCGA-EL-A3CP-01A	0.051100401749044205	0.10321500964684777	0.03940718048284022	0.07227036312141451	0.30112037975235717	0.21619380990785755	0.058502199348185485	0.15819065599145307
TCGA-DJ-A1QM-01A	0.023607082869329523	0.27337744168516626	0.09841621023089493	0.11267159413870248	0.23750203550424479	0.19363752051822336	0.028273215631250296	0.032514899422188465
TCGA-DJ-A3UQ-01A	0.03192561767872634	0.10882909045234529	0.0804895907463955	0.1283992505644839	0.3111497720211941	0.27296344281106033	0.023859084591855782	0.04238415113393876
TCGA-BJ-A0ZF-01A	0.039430590952745655	0.13906196007024652	0.10553084525055474	0.07354005508251354	0.28809682487801364	0.18842256185035236	0.037209628596678	0.12870753331889562
TCGA-EM-A3O7-01A	0.044151677227265373	0.1279160941335725	0.049185291495454364	0.05809177614859587	0.3153008320719408	0.21568588870585795	0.053336829030660005	0.13633161118665313
TCGA-IM-A3EB-01A	0.05577359817616203	0.12589070263951113	0.08166503346473453	0.07270284346225266	0.3509560058894381	0.22505281142563513	0.03219192581928269	0.05576707912298366
TCGA-EL-A3ZO-01A	0.08950233264761491	0.12506277326923543	0.05115572349805097	0.10859631018592177	0.3075698671840622	0.23511937424919072	0.015181517843601585	0.06781210112232253
TCGA-EL-A3H5-01A	0.044233823538797436	0.10810205989873167	0.04140842653741814	0.14789035371353723	0.29566187354749507	0.23351888722838518	0.014759523707811313	0.11442505182782399
TCGA-EL-A3ZK-11A	0.07972289725735059	0.1352098432051008	0.11805414992126163	0.09589544284112013	0.24771014676389716	0.21997726976267346	0.04425907758447863	0.05917117266411757
TCGA-EM-A3AK-01A	0.013717442750532412	0.13818569060660205	0.05879925797814328	0.07972914212958972	0.4797321589757432	0.20369670386320263	0.0	0.02613960369618683
TCGA-ET-A25L-01A	0.05202394485938409	0.09424884420197095	0.05450423381127615	0.1041598410411082	0.3120614822981197	0.21822482033707405	0.044969568649699504	0.11980726480136744
TCGA-FY-A3ON-01A	0.04994596868012681	0.1283910092380857	0.06780710893961345	0.07089565038032067	0.3125310093200504	0.24273415026948464	0.05413251944064129	0.07356258373167714
TCGA-DE-A4MB-01A	0.05871245308478609	0.08495614700773117	0.05277219886703663	0.09097933596917498	0.2886613863024488	0.25362065686780805	0.02809367165646685	0.14220415024454736
TCGA-EL-A3CT-01A	0.035756511719652946	0.11398795746502874	0.04628030426148467	0.10855323228341546	0.31779972753236707	0.2552589662950114	0.04056473805991668	0.0817985623831231
TCGA-ET-A2MZ-01A	0.02725819776743845	0.17732373402758406	0.043333367980188074	0.0829056179931197	0.2863070114865445	0.21583416871412486	0.02774430058935697	0.1392936014416434
TCGA-EM-A4FU-01A	0.054317046397260704	0.126743958918362	0.07166046625913347	0.0745718076682151	0.2858467321603421	0.20411691125316436	0.03590455105622833	0.14683852628729385
TCGA-EM-A1CU-01A	0.062405200551506924	0.12213021954548342	0.05096331044428395	0.058468604057634536	0.30905866562903106	0.22262489478922293	0.042893699872592124	0.13145540511024512
TCGA-FY-A3TY-01A	0.06129276467025026	0.09919881690394902	0.08693715323331395	0.2156525794173	0.24927947663320071	0.17790928041960585	0.012858176707300675	0.09687175201507951
TCGA-EM-A3FN-01A	0.06317250471730378	0.14451842105677237	0.1144892498628404	0.04607596393822123	0.2506402163758927	0.2088525653988875	0.04552251890427455	0.1267285597458075
TCGA-E3-A3DZ-01A	0.01284175325831238	0.12083071465600877	0.12658464128682098	0.05360177769916999	0.26691525364553526	0.1885975585984685	0.020318139050494413	0.2103101618051898
TCGA-EM-A1YA-01A	0.05328729687357574	0.134165952887516	0.12724869394603164	0.0875146523965053	0.22812182354380786	0.1779225009092791	0.07013647342019293	0.12160260602309139
TCGA-EL-A4KH-01A	0.04217597957256256	0.1310313660087101	0.07989170530652623	0.06532597395638877	0.2977732885745105	0.2359647451756696	0.026969433862041436	0.12086750754359075
TCGA-E3-A3E0-01A	0.04940687523152228	0.12242834164736419	0.06750056539284478	0.047789019077220184	0.2945589197684805	0.23988314220062415	0.03492818893796596	0.14350494774397804
TCGA-FE-A232-01A	0.038589840722157445	0.13750381809312417	0.10427417563805053	0.0956445148593445	0.30293348922930713	0.2750133927499869	0.0056139213295375075	0.04042684737849195
TCGA-EL-A3T3-11A	0.06256141052645404	0.12865323905579337	0.12934337512428354	0.08426290410450504	0.24309381346905132	0.19959222554804576	0.03223647488110385	0.12025655729076304
TCGA-BJ-A0ZC-01A	0.04586865626175867	0.14958685185767664	0.13210432041570172	0.046478287438672376	0.24223521266097295	0.20810853773690258	0.049121834377082514	0.12649629925123243
TCGA-EM-A2CU-01A	0.08654255360136677	0.16393968629149888	0.040817756458507666	0.05190272222731324	0.30773480238943723	0.23377503614273662	0.04749787871934113	0.06778956416979838
TCGA-DJ-A2PV-01A	0.03996948741504237	0.14231516575094597	0.09991299485330797	0.11510284174467778	0.2811524598498918	0.2123395195862269	0.01825705312374004	0.09095047767616705
TCGA-DJ-A3V3-01A	0.040122311170626694	0.16298650783413682	0.09618241629693847	0.06577741556733732	0.3029889160548727	0.20560482115025028	0.058438530696556516	0.06789908122928116
TCGA-BJ-A45K-01A	0.05306532946734384	0.12470489244574044	0.0990394282539776	0.05881272000421765	0.25173961075116486	0.19014976715695042	0.019933454532002962	0.20255479738860221
TCGA-EM-A3OB-01A	0.06820297421632522	0.12989662236366026	0.07808605223205906	0.0652626442672212	0.2742811494217601	0.1847939557784836	0.03166519070196691	0.16781141101852357
TCGA-FY-A3R6-01A	0.07322536219351918	0.1421279089007802	0.09271806130388967	0.09836636211993581	0.29173551455750774	0.21027605310868897	0.05382906891683754	0.03772166889884106
TCGA-E8-A2EA-01A	0.09224217799296669	0.1324199900067718	0.0863451607899174	0.12011295023867156	0.2814380612547838	0.22371102741853174	0.038312707156128896	0.025417925142227963
TCGA-DJ-A3V7-01A	0.041846687077145464	0.10972494665019686	0.08118786086657555	0.08524522269073066	0.3563663131735433	0.22308346946528074	0.0197397155597081	0.0828057845168192
TCGA-IM-A41Z-01A	0.06532422195922917	0.11487307422973063	0.10989045626297404	0.056726614688307295	0.26610332553175653	0.20800826448964108	0.044977223176900775	0.13409681966146036
TCGA-EL-A3CX-01A	0.03221621170344449	0.1058515569739119	0.028844349187411994	0.07011709484444549	0.2884951980623145	0.267597087680609	0.011917077116797918	0.19496142443106462
TCGA-EM-A2OX-01A	0.040678783659949806	0.11159375820638583	0.041797325510575974	0.06746679092364906	0.30538392065814995	0.23421085411888043	0.05417126953284544	0.14469729738956355
TCGA-DJ-A3UT-01A	0.06104432265172596	0.1424761670464563	0.12193763551984627	0.07281583462584586	0.2626288654114768	0.19468172261951047	0.026173794447895474	0.11824165767724285
TCGA-J8-A3YH-01A	0.039718602108238146	0.17205691294821093	0.051508885032280065	0.06928337391961906	0.29043702317448256	0.22687944164434892	0.03533368814418028	0.11478207302864012
TCGA-FY-A3NN-01A	0.06485572866092473	0.11798808964963686	0.06882659987220964	0.05087004867313883	0.3034241400048982	0.24024161939742783	0.03760391526987264	0.11618985847189126
TCGA-EM-A1YB-01A	0.03548115125426378	0.15551018874085182	0.10334100464594143	0.08939190966949047	0.23558788653462048	0.1966011475963808	0.03406715753757468	0.1500195540208766
TCGA-DJ-A4V4-01A	0.0761001459689339	0.14733912510133435	0.09431912309727311	0.09091162533196533	0.292915959427043	0.2225376662419545	0.026719135626578152	0.04915721920491762
TCGA-ET-A3DV-01A	0.04742612635771443	0.1152005616616141	0.10930771084465087	0.04706942532510236	0.27371321022842776	0.21710880490644202	0.019156637721763164	0.17101752295428538
TCGA-EM-A4FF-01A	0.0808492945732613	0.11249842702080753	0.04665506962152365	0.0610368529391339	0.30181503599005405	0.2377424598233805	0.04499537690300451	0.11440748312883452
TCGA-DJ-A13M-01A	0.038444637696017435	0.13565071669415626	0.12088720593277053	0.03790435650924082	0.28120999575290584	0.22928087757980806	0.013812522959791892	0.1428096868753091
TCGA-EL-A3D1-01A	0.03737502074853481	0.12984296292552905	0.08333614373461061	0.07782131571597059	0.35191642926156685	0.24168332125760825	0.05556861052785775	0.022456195828322152
TCGA-BJ-A28V-01A	0.0	0.21465510691008088	0.1426746322870812	0.07271112064208526	0.23264032758769654	0.1739136150332851	0.027946316158093384	0.13545888138167758
TCGA-BJ-A3EZ-01A	0.048076282143305046	0.11073148618465105	0.042969853207944844	0.05120954451408181	0.3213338011108874	0.2371305807595686	0.05085717239827979	0.1376912796812814
TCGA-H2-A3RI-01A	0.06446794919762307	0.10288571987704531	0.07408408184951164	0.0677653318905438	0.27771613343586093	0.255116355420882	0.02891287575422595	0.12905155257430723
TCGA-H2-A3RI-11A	0.049020907123864935	0.11868643555254121	0.12278495449270155	0.0985684703001332	0.2554293027094352	0.20170004610149936	0.021540575381443196	0.13226930833838133
TCGA-EM-A3FP-01A	0.041888979808107026	0.16802277827836035	0.10096870389487841	0.052598613666112105	0.2777075157217754	0.22404732448725379	0.04547776305669429	0.08928832108681864
TCGA-ET-A3DU-01A	0.07579667480546813	0.0676067528347768	0.054031072552011804	0.07391172424591355	0.34633635143697217	0.28561718537349384	0.014302854323663891	0.08239738442769971
TCGA-EM-A22N-01A	0.0065762459781153445	0.15665373593767276	0.10544416027542167	0.0913154763392985	0.23139457958190487	0.22206138446503515	0.0	0.1865544174225516
TCGA-DE-A0Y3-01B	0.036780202066370705	0.10222177875359625	0.0593613922941345	0.039760574080302535	0.3272560563840005	0.22508652590109662	0.05171422730547593	0.15781924321502291
TCGA-FY-A3BL-01A	0.04740371034979491	0.11567651709790588	0.08609384466644461	0.037083757710548615	0.31642949163861417	0.21692577361487514	0.034610433197412444	0.14577647172440425
TCGA-QD-A8IV-01A	0.06340506750531401	0.14515083144870417	0.11391491351768233	0.06842880024035282	0.2556341689794318	0.20309170864166945	0.030530509697896308	0.11984399996894905
TCGA-FY-A3R8-01A	0.03969781050180594	0.11148878362459694	0.05503492795828733	0.07993552924901996	0.3064647667776238	0.23200476815395968	0.04096606534956495	0.13440734838514135
TCGA-EM-A22J-01A	0.0629504319567107	0.16176549639453072	0.10113631757257954	0.057385561997247383	0.2350916202820288	0.19861684964327692	0.03767890923597168	0.1453748129176542
TCGA-FE-A235-01A	0.06790410175149783	0.1326355538930983	0.04182171960894896	0.06956438682150609	0.31423398282978293	0.24781864565093376	0.06648541101230038	0.059536198431931676
TCGA-ET-A3BS-01A	0.07082884359309136	0.15459376827436822	0.04935273972802412	0.02998295992123492	0.36642221957501714	0.25512000703856524	0.004082532531192842	0.06961692933850613
TCGA-J8-A3YE-01A	0.052377869682826234	0.11266187594015296	0.059843819372051334	0.053586653123559945	0.2924344477452255	0.21369939665887852	0.0422636954306417	0.1731322420466638
TCGA-EM-A2CT-01A	0.04680084400046037	0.13829351836535575	0.0854804475965949	0.08183620511937285	0.2589792558766305	0.20196683438580984	0.029693428998564867	0.156949465657211
TCGA-DJ-A3VL-01A	0.06571173907929892	0.1221959223202123	0.12587520470245445	0.08908226384630837	0.2819292442349073	0.1957570123403757	0.042983877716296595	0.07646473576014634
TCGA-EM-A3FJ-01A	0.0422151604030971	0.12428094274845962	0.09784498220169237	0.06383758141974968	0.2942881707326023	0.2245206813961041	0.04971580659504994	0.10329667450324492
TCGA-DJ-A1QG-01A	0.0	0.1922976559469662	0.11204843716047776	0.06487983229524645	0.24361797443447228	0.21989401842427056	0.013142455880362752	0.15411962585820393
TCGA-EM-A4G1-01A	0.042783164061097445	0.10552557560743725	0.10266815570618777	0.03967619327090477	0.27169826959530086	0.24067342146544313	0.037262398299984074	0.1597128219936447
TCGA-BJ-A4O9-01A	0.049217665443930275	0.12642989115426392	0.07962284601724277	0.03863810718209646	0.3134135467680904	0.21417884851580743	0.041064013972797596	0.1374350809457712
TCGA-DE-A4MD-01A	0.05341460135026261	0.09661153783906098	0.04571254253241677	0.04755002442967417	0.323837178987809	0.22582830621628378	0.020460417326891273	0.18658539131760132
TCGA-DE-A4MD-06A	0.04540825279109133	0.1873005409584558	0.06797851743614881	0.1569554206990405	0.2720925020054058	0.21604178379931982	0.03681125568728692	0.017411726623251102
TCGA-EM-A3FL-01A	0.03636451571817516	0.16426344080680297	0.1613802597869989	0.0837422772205927	0.23144151552063394	0.19545782150964083	0.03715419155184765	0.09019597788530785
TCGA-FY-A3I4-01A	0.018233631706467864	0.13032735537093865	0.19558921812870497	0.0892933853508401	0.2801570356441855	0.2504381215280385	0.01845234500752185	0.0175089072633025
TCGA-DJ-A3UM-01A	0.039082288334461555	0.1290465070021217	0.07500766323485528	0.06134557597936949	0.3179742738827776	0.22562677982133367	0.039560415800593406	0.11235649594448743
TCGA-EM-A2OY-01A	0.05472530990004067	0.14310382856867562	0.11294375831968195	0.05475502529494355	0.2296870185454724	0.1960625154350556	0.04657775343029468	0.16214479050583544
TCGA-DJ-A3UK-01A	0.0485001503307624	0.13295487282249185	0.05243189162740635	0.04511678447338677	0.32505997501499406	0.22066586786706444	0.025167227641630947	0.15010323022226327
TCGA-EM-A3AJ-01A	0.07698419642935965	0.13248171090842653	0.1019323948285188	0.0871149430825249	0.21479920533456406	0.22909053502240512	0.04981743643102215	0.1077795779631789
TCGA-FY-A3R9-01A	0.043690769336887765	0.14667147209738662	0.12278679694767367	0.061079127247466135	0.2533993319295646	0.20801033657408954	0.0016681694093177624	0.16269399645761395
TCGA-L6-A4EQ-01A	0.03685642258877003	0.11850458442143733	0.05768764175539992	0.03633438229496547	0.3527714076912788	0.21641807604090071	0.05666215404578598	0.12476533116146186
TCGA-DJ-A3UO-01A	0.04245930072881806	0.08803288722083402	0.07859041373796923	0.06608103806964509	0.3173950547024776	0.21219861914745095	0.032532252532461815	0.16271043386034323
TCGA-DJ-A1QD-01A	0.04414159268380254	0.1326060541563536	0.07730025198048729	0.07014531793972978	0.282017755479234	0.23499091117513463	0.04700628724475477	0.11179182934050355
TCGA-DJ-A4V2-01A	0.05033829211518159	0.11313166400066729	0.07931532966112363	0.06737066499829807	0.30674954487786793	0.2555643409769873	0.043830202921224984	0.08369996044864922
TCGA-EL-A4K7-01A	0.039250765878747394	0.1094192476250549	0.05200108863308435	0.05321488088450334	0.3398172958513081	0.20010275999772614	0.06149283555378027	0.14470112557579548
TCGA-MK-A4N6-01A	0.04905196774127013	0.08744644328609952	0.06598447277864267	0.08818026358747069	0.33222664891768755	0.24953066723863965	0.03945475499347933	0.08812478145671032
TCGA-EL-A3GP-01A	0.036603221967966476	0.12091232424274816	0.058355493006532526	0.1336384464255117	0.29427656545850434	0.2534820769899278	0.0178347702328697	0.08489710167593927
TCGA-EL-A3GU-01A	0.041871637501848934	0.09765211394936346	0.04065207766990762	0.09352379178797107	0.3138980248345885	0.2115473253858061	0.015213520993165652	0.18564150787734868
TCGA-FE-A238-01A	0.03886951553663882	0.13704598540572843	0.07498009238877772	0.07052065129542757	0.28179006984785215	0.23141997006301887	0.03323282971796592	0.13214088574459054
TCGA-CE-A3ME-01A	0.03668560673623478	0.12979080632561382	0.04994308086518636	0.0767897891469148	0.33957098469832925	0.22634974957131335	0.03647771536531518	0.10439226729109247
TCGA-EL-A3ZL-11A	0.03742122841621079	0.11859682418353158	0.12111464275738643	0.08845556654280458	0.2640005199448209	0.2060496686360503	0.014447229510324682	0.14991432000887062
TCGA-EM-A4FO-01A	0.1005135860197644	0.13737988653872898	0.07560624561772583	0.1082344785905986	0.2576409041444968	0.2188843821217701	0.058331753921032035	0.04340876304588315
TCGA-IM-A420-01A	0.03671000333789058	0.18597869707592835	0.0612026294537163	0.07906315978913685	0.30031166156141736	0.2724040320132255	0.04044386107609287	0.023885955692592234
TCGA-DJ-A2Q1-01A	0.09150248366182716	0.1169284625852111	0.06780855733465228	0.10606204756653663	0.2973156592147099	0.2251532652544253	0.040744517029675575	0.05448500735296198
TCGA-FK-A3SH-01A	0.04512504781791004	0.1033242919127048	0.04822619182100876	0.07942590206571003	0.32222876438879827	0.2181926112801398	0.025135815772256497	0.1583413749414718
TCGA-EM-A1CS-11A	0.06137307215692213	0.11992003786967798	0.15388335110874896	0.09620872932386615	0.2395967430766362	0.20644774865724114	0.0268943708704604	0.09567594693644704
TCGA-EM-A1YE-01A	0.03992003997710994	0.11298166914300195	0.11046807351997505	0.10846339237597	0.26691088595878926	0.18385863931581994	0.029692791513252947	0.14770450819608089
TCGA-KS-A4I5-01A	0.05561177243475063	0.14739673404713827	0.039337403503038736	0.06220623096964451	0.32071818209624586	0.2198768226469062	0.030599462406712467	0.12425339189556342
TCGA-EL-A3GV-01A	0.039619294057273165	0.15855519733226675	0.06833366524964761	0.09639743133725312	0.302537884826694	0.22479346738363928	0.03163023830713637	0.07813282150608969
TCGA-FE-A233-01A	0.03121034835198824	0.11523414178317459	0.07355975488084415	0.026221730437740537	0.31366893731275824	0.2325058630034915	0.04974121718509863	0.15785800704490419
TCGA-EL-A3MX-01A	0.045580200928744034	0.08659587527227988	0.03809189811917636	0.04506920631951292	0.34578895733908027	0.21589515934418738	0.020280018477948573	0.20269868419907067
TCGA-BJ-A45D-01A	0.038297421080821265	0.13178973663724253	0.0800277462961869	0.05920412294728043	0.283193225496964	0.23135337675785303	0.04887141366104307	0.12726295712260874
TCGA-EL-A3ZP-11A	0.08061634082556782	0.1320578295953825	0.11661432258963128	0.09045349817078512	0.2321821112068319	0.21778230404862572	0.0253687145381687	0.10492487902500688
TCGA-MK-A4N7-01A	0.044442941466646804	0.12661413656830733	0.02496258437128258	0.07225568605676397	0.3117454541768393	0.22027424645048388	0.03763035307837093	0.1620745978313052
TCGA-ET-A25N-01A	0.03389509021053638	0.12180175232717384	0.07824967899577602	0.05245827950931872	0.2791023865793974	0.2808433990156351	0.0218533935555939	0.13179601980656863
TCGA-DJ-A2PQ-01A	0.04174556952095553	0.11104147824387714	0.06634619201243101	0.07987393034288381	0.3203522325240904	0.21351674426881498	0.03807088703248023	0.12905296605446692
TCGA-E8-A438-01A	0.05440302560702738	0.1563304619737397	0.06816869670688679	0.07094353766048732	0.29055550325403967	0.1932346622159632	0.051919966686702804	0.11444414589515323
TCGA-EM-A22I-01A	0.04935934823951506	0.12411226667449522	0.05401701128783656	0.0573802968826408	0.3020557041243413	0.2675132213301657	0.0670679550653512	0.0784941963956542
TCGA-DJ-A1QO-01A	0.02401997984293213	0.1246421072040207	0.09115104864316226	0.09119362044165555	0.2943705366708626	0.29663774742068777	0.02213284630521944	0.05585211347145957
TCGA-E8-A3X7-01A	0.04171285100935317	0.12565963197163268	0.05681568054240632	0.09604143822370009	0.3187830200057633	0.190524209000073	0.06325622631268746	0.10720694293438406
TCGA-EL-A3MW-11A	0.04168161490648103	0.09197667164204286	0.10529789620682252	0.09586868884601188	0.254679513810775	0.21505747319928584	0.016509322183928136	0.17892881920465278
TCGA-E3-A3E2-01A	0.07133767790802976	0.15565519993631308	0.0730062342443584	0.08375109099530008	0.29683289458185297	0.21420485247122237	0.062122657214464215	0.043089392648459054
TCGA-E8-A434-01A	0.031807260318132594	0.12516756827292563	0.10105963996743274	0.07349301573516584	0.32194549805024714	0.20819926637026628	0.061259493518121294	0.07706825776770845
TCGA-EL-A3MZ-01A	0.059049764910415546	0.0969064002743309	0.0520117943740583	0.09128565116185758	0.29835242476736573	0.21918834824897168	0.04094736016813156	0.1422582560948687
TCGA-ET-A3DQ-01A	0.06591362703384246	0.1701286296640864	0.102149420917113	0.08170919890099029	0.2795478323461446	0.20863837073048472	0.004329603976746594	0.08758331643059208
TCGA-J8-A3O1-01A	0.03917654768385997	0.11636302572816117	0.05457099696571837	0.05974820040932011	0.2959859220903889	0.2271263068380022	0.04673914225986719	0.16028985802468215
TCGA-BJ-A0Z2-01A	0.07297215902069357	0.10946448950939919	0.09033607619681915	0.041772957604193084	0.2862177190636133	0.19796401128307228	0.059379018390877024	0.14189356893133248
TCGA-DJ-A2PN-01A	0.04240422772598784	0.12619593550016636	0.06435782247528217	0.05148059497308785	0.30160517860161945	0.22050408340389663	0.026325861864607378	0.16712629545535232
TCGA-EL-A3CV-01A	0.02879272072387932	0.13474246197984063	0.061697642109170746	0.13704981609450717	0.3008826001142433	0.254639723348388	0.023368511015709872	0.05882652461426107
TCGA-FE-A239-01A	0.04632864301660778	0.1300515175425727	0.11066556412295442	0.06972001861723316	0.250752318684386	0.20447894869431749	0.021988283484734507	0.16601470583719388
TCGA-BJ-A3PR-11A	0.09589329918926393	0.1019812248341499	0.13024583153191885	0.09449156493161423	0.21999346096425462	0.23037271551265553	0.046598077953711854	0.08042382508243111
TCGA-BJ-A28W-11A	0.08004940120007983	0.12009408556547492	0.18701009587106743	0.0735668940844364	0.22953261547972212	0.22061688711655297	0.023296574373102983	0.06583344630956338
TCGA-DE-A4M8-01A	0.06847912350538417	0.14514272887923269	0.09483495649865777	0.09276777135722516	0.2534661666628617	0.22412940460229866	0.04894371406920024	0.07223613442513951
TCGA-BJ-A28W-01A	0.10701780906304442	0.14887034899433674	0.13844197897990732	0.12148289249664111	0.21821646639462391	0.21162341587355582	0.054347088197890706	0.0
TCGA-EM-A22L-01A	0.04853986877524919	0.14614417942783592	0.11095133979498722	0.052195595899121816	0.24749107602606915	0.19716767481036535	0.037784385065476905	0.15972588020089454
TCGA-BJ-A28T-01A	0.13665514252921232	0.138909764960394	0.16769251808065735	0.10987584969445642	0.2198935656159196	0.2108738731149889	0.0007594667377598465	0.015339819266611631
TCGA-EM-A3FQ-06A	0.045533273742047645	0.13040796401983334	0.08187315665745505	0.03683956648913415	0.36277645420322857	0.22653100188499256	0.01475686831883952	0.10128171468446909
TCGA-DJ-A4V0-01A	0.07344629658478126	0.1209359138051097	0.10064071108875133	0.08112524931921546	0.2662216908765059	0.25617182148313383	0.029353833476937406	0.07210448336556523
TCGA-EL-A3H2-01A	0.0548210401936476	0.13233643136403203	0.1011453824408782	0.06613179960420806	0.2412657584214953	0.21171638178342705	0.038544844410576616	0.1540383617817352
TCGA-DJ-A3UY-01A	0.04687641901034631	0.10016411722923962	0.09619807174693669	0.09189558445352017	0.26913220535097315	0.2623839789566827	0.023456819882554762	0.10989280336974663
TCGA-J8-A3O2-01A	0.07129447678247841	0.14903622380016168	0.0973512129108836	0.10782433599379967	0.2916482714771925	0.22541502527383722	0.02902481666872827	0.028405637092918573
TCGA-EM-A2CO-01A	0.0	0.16316412510203684	0.1278557825249212	0.06597463074790817	0.22967249936400844	0.19352222387821624	0.04796461089392015	0.17184612748898906
TCGA-FE-A3PB-01A	0.03217120684620475	0.13836655751218208	0.07070941385078729	0.13838711050516583	0.3993591740542785	0.17254647427328174	0.0	0.04846006295809983
TCGA-EL-A3ZM-01A	0.06995777759974543	0.10229459240932343	0.0	0.10366508307290509	0.396864383378921	0.25600520733379134	0.023178234169738788	0.04803472203557478
TCGA-BJ-A4O8-01A	0.057877304564613326	0.10861847034337944	0.04807823073141544	0.08959755837434415	0.3467237695412463	0.21043980811848143	0.04960299490981837	0.08906186341670146
TCGA-EM-A1YC-11A	0.07245915666296797	0.14418104815584468	0.1416028361113259	0.12195987698746048	0.2627730946016802	0.19186920016766434	0.04879464516997684	0.016360142143079737
TCGA-EM-A3AP-01A	0.05561303195493578	0.1327040048860819	0.0919584511682163	0.04867455066475748	0.2682042144170839	0.22498197319918317	0.029772303198665865	0.1480914705110757
TCGA-FE-A3PA-01A	0.04777521465926885	0.1376729090646526	0.05808732273465783	0.049508930816450254	0.30645678245619545	0.22662505544042616	0.04231783669641774	0.13155594813193122
TCGA-ET-A25P-01A	0.06241617593462435	0.14036591955444797	0.08504177249117506	0.0713877550587156	0.3011590237556492	0.20270941116230032	0.017643260032159602	0.11927668201092789
TCGA-EL-A3ZH-01A	0.04550069446203785	0.11715403814328255	0.0886463199817509	0.07842910619517679	0.274066016779731	0.21194332503131486	0.028621265538417907	0.15563923386828818
TCGA-DJ-A2PU-01A	0.02805527057740828	0.16909699263999764	0.06896433403025842	0.07405480926805874	0.28543302552829647	0.22782093249200877	0.04234761540840523	0.10422702005556655
TCGA-ET-A3DP-01A	0.036564388500331904	0.13383228001270162	0.06065656641979445	0.0758646005020382	0.2920699681565496	0.27540730314347384	0.03203186513768347	0.09357302812742702
TCGA-DO-A1JZ-11A	0.053341512741590026	0.12191526786173021	0.1322970682083278	0.07194376168949222	0.24476141289746922	0.2024335450171118	0.025074489008163458	0.1482329425761152
TCGA-DJ-A2QC-01A	0.05999943504902126	0.14523109517779495	0.06987983139198498	0.038631715203192286	0.32267339134891604	0.22921655304562627	0.0568771432722286	0.07749083551123559
TCGA-KS-A41J-11A	0.06932603932084988	0.1476044429935315	0.1873879833531343	0.10483483117201564	0.23826149112411335	0.17003476914164725	0.0	0.08255044289470807
TCGA-MK-A4N9-01A	0.05049096942042957	0.14555718502346734	0.0410581141709705	0.05432949504385885	0.3204489577954338	0.2162506992082118	0.04598574426267747	0.12587883507495073
TCGA-EL-A3GS-01A	0.05827484573440945	0.12035850190363984	0.06362091153679496	0.0442325979155097	0.31543296012895994	0.21205017492485467	0.040194025063436334	0.1458359827923951
TCGA-MK-A84Z-01A	0.04521484558456379	0.16198938645383026	0.13027750882548428	0.08111699724859728	0.2632295930802199	0.18806039615355097	0.027408624397527413	0.10270264825622613
TCGA-EM-A3OA-01A	0.05166558688616699	0.15686953487157096	0.1319381588454314	0.058575933401781535	0.22916823195541713	0.20858181474310486	0.021916384237992442	0.14128435505853462
TCGA-DJ-A3VA-01A	0.0690830408774014	0.10812419325401114	0.058659007063268216	0.06913133168848315	0.3096758381942011	0.21856389420232267	0.06437532391639743	0.10238737080391498
TCGA-H2-A2K9-11A	0.09134504819603861	0.16093271223853342	0.12978422301398312	0.09273231196804756	0.2430013813290563	0.19964527740910679	0.02115255173564957	0.06140649410958464
TCGA-BJ-A191-01A	0.05996005065852919	0.10573240559969085	0.08246223811642567	0.05131713245774845	0.3022085535903669	0.2651909363417371	0.02132081789491375	0.11180786534058809
TCGA-EL-A3ZG-01A	0.03513276017776386	0.14696441383337494	0.06299775118645635	0.10232999702474856	0.2878483782581799	0.20579559335905676	0.05073782420253763	0.10819328195788203
TCGA-EL-A3ZG-11A	0.049985502504343235	0.10155279070108698	0.16091506880153827	0.08457435172108045	0.2581813051842493	0.19863968381710628	0.0264264237345133	0.11972487353608217
TCGA-EM-A3O9-01A	0.02750545285631701	0.15152846630510297	0.13381106234279788	0.07208349824363798	0.24377519367149797	0.22524275776332423	0.03402102791873079	0.11203254089859126
TCGA-EL-A3N2-01A	0.052219033009955555	0.11370627193850315	0.05711057077884038	0.06184641422370497	0.31290589785867584	0.2088105635307433	0.049577367319276484	0.1438238813403002
TCGA-DJ-A3UV-01A	0.0446976957609629	0.12524007150627828	0.09069178330618434	0.09473698278341185	0.2791081601237675	0.21486000683754805	0.031167263868668638	0.11949803581317853
TCGA-FE-A3PD-01A	0.062152893768126175	0.10767971814544394	0.05739778141547017	0.06488932139996031	0.2964651106490022	0.24446570048183233	0.048878524020370455	0.11807095011979434
TCGA-IM-A4EB-01A	0.060500982240648246	0.11223324180818078	0.05893745110136396	0.12496908479119184	0.33796303051839016	0.21714850250219198	0.055475412951498514	0.03277229408653445
TCGA-ET-A3BN-01A	0.05617128271411687	0.11309861546431134	0.09866242506774227	0.04867720674354921	0.32265142483283693	0.1949681198407503	0.06345205384966494	0.1023188714870282
TCGA-BJ-A45E-01A	0.08766703549661088	0.10875315564654485	0.09481958465716368	0.11471280586687227	0.23357265701681945	0.2101600436834321	0.03883675467438942	0.11147796295816728
TCGA-EL-A3ZO-11A	0.05626176245311383	0.1367747960972101	0.1458466685441966	0.10598665028975718	0.24858990675402462	0.1847399300861429	0.00595351851978376	0.11584676725577102
TCGA-FY-A40L-01A	0.06675020402900796	0.11972425993279133	0.060025733704120086	0.07880608792008671	0.2906096775830518	0.24745939497103112	0.042449375689405086	0.09417526617050592
TCGA-E3-A3E5-01A	0.05743810362352559	0.13679862347357993	0.0550655159125688	0.05248642023157827	0.31713717794228014	0.22629232830834006	0.03061373722359257	0.1241680932845346
TCGA-EL-A3D5-01A	0.06487192135611701	0.11046113103190258	0.10764483870162879	0.10279432348814804	0.24967255647573797	0.18962086725382044	0.0279827250968824	0.14695163659576277
TCGA-DJ-A3UW-01A	0.07126376097801239	0.12829450418934454	0.08715982993877526	0.08368566151898371	0.2833478577651307	0.21880116232932698	0.033828184089504505	0.09361903919092192
TCGA-EL-A3D0-01A	0.05319326069170728	0.10627529306298686	0.03810936409562808	0.07691786731572495	0.30236036314706033	0.229487332424438	0.02978533566183913	0.16387118360061542
TCGA-BJ-A290-11A	0.039785352515453135	0.13570881083396882	0.14791523919840802	0.11085211378354766	0.24308985517889264	0.21105047275991726	0.02075461186096882	0.09084354386884365
TCGA-EL-A4K6-01A	0.05884058536309257	0.10925146624132251	0.09769672741454252	0.039960394606074735	0.2777726603360107	0.21382929504368153	0.03343350593597917	0.16921536505929616
TCGA-ET-A3BV-01A	0.04813517628711794	0.08227257304501018	0.04669285411630293	0.09690768157199013	0.32697346952023676	0.2210480714258645	0.04024906553038249	0.13772110850309519
TCGA-H2-A3RH-01A	0.050769241037387614	0.13137444203520182	0.07261099927516611	0.06644537807818877	0.283925357898067	0.2260171724293847	0.029847482974210145	0.13900992627239372
TCGA-FY-A4B3-01A	0.05384026203879216	0.09951432974964769	0.04111169701743843	0.07370819027399028	0.3273593043551059	0.22254252799426558	0.042910314112703365	0.1390133744580565
TCGA-EL-A3CW-01A	0.1063619678313328	0.1240166043481284	0.11023993904654611	0.0886146204052068	0.2621361120433733	0.23629270053223225	0.03451191575536833	0.0378261400378121
TCGA-FY-A3NP-01A	0.05004089634461344	0.11968722925102093	0.1186870597453694	0.057682006139939755	0.2584732083310608	0.19514070751448542	0.04143628618541115	0.15885260648809893
TCGA-EL-A3ZM-11A	0.040572788469653544	0.13567227783105504	0.1351237529770381	0.11113244781917164	0.27491955250575706	0.18755821032835213	0.03860515749804294	0.07641581257092955
TCGA-DJ-A2PP-01A	0.049999096443947	0.1491385729482704	0.0915635949230531	0.06800783134541537	0.24815213030982358	0.2091798256413888	0.02679885155824062	0.15716009682986115
TCGA-EL-A4K0-01A	0.06142057741918978	0.09193753590072354	0.03970393437393956	0.07484440454977163	0.30825249131504134	0.24133513340809176	0.050215479950356724	0.13229044308288568
TCGA-DJ-A13T-01A	0.051182457511253075	0.13016871674349229	0.06239574646144745	0.046707814586838294	0.3049177454284606	0.22789273182584668	0.03440222099712813	0.14233256644553344
TCGA-EM-A1CW-11A	0.05281473836264096	0.1008846171198771	0.15050403347795788	0.06442376514666058	0.2546189050031167	0.2033865706280061	0.0	0.17336737026174062
TCGA-KS-A41J-01A	0.03713255923912595	0.12722759018553273	0.06910234359464254	0.05853308483467879	0.3278283978506581	0.2483533805724516	0.05296140714329364	0.07886123657961666
TCGA-ET-A2N0-01A	0.07180275280182324	0.15641930836434406	0.11544292482479408	0.06402295406241311	0.29411910032331356	0.237249236711843	0.04203325063129624	0.01891047228017273
TCGA-H2-A2K9-01A	0.05802361522344187	0.1259740309160893	0.08456618807937613	0.06911676969817555	0.2501911909497683	0.22325652058519277	0.026867206822313142	0.1620044777256429
TCGA-EM-A1CT-01A	0.054552317140759865	0.09796619744358147	0.09154752644085809	0.05967736051301996	0.28983143769351816	0.23618335014383432	0.03796076757925839	0.13228104304516983
TCGA-EL-A3CN-01A	0.04535779963651083	0.12975565047034063	0.07632634408924127	0.08500043632067975	0.34449529058388084	0.24512591203011083	0.04536728703054663	0.02857127983868925
TCGA-BJ-A0ZA-01A	0.0770451364511347	0.14270543388529291	0.11012077995222515	0.0954378165939989	0.24367649491379495	0.20955331677881628	0.025542270233774922	0.09591875119096226
TCGA-BJ-A3PU-11A	0.026935101833175094	0.11425231623156432	0.10239360124653712	0.21560586239939525	0.27246011061379044	0.1720969005533303	0.0005095126714651595	0.09574659445074216
TCGA-KS-A41L-11A	0.05816694364767002	0.11553778341886926	0.10745615661948017	0.09390762093986088	0.2632392651485366	0.21679267894345303	0.017856078135301132	0.1270434731468289
TCGA-KS-A41L-01A	0.05053799932359578	0.1309557236657118	0.12718107158353567	0.07008164539584065	0.2543341351700139	0.19738541636552662	0.01725480587857151	0.1522692026172042
TCGA-E8-A433-01A	0.02983260531168574	0.13839155137558548	0.10680351980653022	0.1643587235414937	0.30530950002672574	0.21947837598310196	0.03582572395487708	0.0
TCGA-E8-A242-01A	0.053708658257868934	0.11588208939289518	0.03854041645894374	0.10668310193150196	0.35752332687635235	0.23483334667663636	0.02416227986599157	0.06866678053980989
TCGA-EL-A4JW-01A	0.05547061571950892	0.19878349607383083	0.07563282185379955	0.07953742260229472	0.2808639108361204	0.21160810689549564	0.024582234219580935	0.07352139179936883
TCGA-KS-A4I9-01A	0.037651295310227234	0.11466686604474086	0.07075183730709166	0.055034700397702634	0.3213571241174384	0.23875435906665882	0.026040829854379517	0.13574298790176095
TCGA-EM-A1CU-11A	0.08696429859455666	0.10519822355376483	0.14992178436419923	0.08537212668537116	0.2545508210593477	0.20682040514222874	0.0302656813371094	0.08090665926342232
TCGA-BJ-A28R-01A	0.08054101472767988	0.13841197170690764	0.06821923026651794	0.04856142901746972	0.3184686077639777	0.23098327454691647	0.02852387198551058	0.0862905999850202
TCGA-BJ-A28S-01A	0.040719967269472974	0.12070487550040022	0.07884433851027325	0.05887082522445875	0.28143098355248436	0.2099905902372511	0.028795953006329377	0.18064246669932998
TCGA-FY-A4B4-01A	0.060280141399927836	0.13736020475369295	0.069609441103538	0.0787231601968879	0.3169629772654142	0.24333229091812814	0.022773849281645622	0.07095793508076544
TCGA-BJ-A45J-01A	0.04845473335723128	0.12474596256011387	0.07052656813216497	0.06794590836452115	0.31939471855642393	0.22825217414084634	0.026696813891640858	0.11398312099705755
TCGA-BJ-A28Z-01A	0.06846314362372469	0.1409098451020223	0.04770535604976855	0.08097839019034593	0.3092269782203226	0.2263241307539125	0.041628668311978416	0.08476348774792508
TCGA-EM-A3AR-01A	0.04300726774834609	0.0995954339222907	0.10224897971676362	0.07698343396229194	0.2733810158176086	0.2172783750254378	0.02722552423778455	0.1602799695694768
TCGA-DJ-A3US-01A	0.08808410524816192	0.11084383669146405	0.09103288367722447	0.07839126282945466	0.2703472049642292	0.23649931320616246	0.03914261799661496	0.08565877538668831
TCGA-BJ-A2N8-01A	0.028260804930450172	0.1526857837336477	0.10040166708040249	0.05258310473770614	0.2849715241304622	0.25267731092967327	0.037344287596123744	0.09107551686153426
TCGA-BJ-A2N8-11A	0.03377726383619533	0.11309712946800315	0.1357101935621553	0.0700316977254643	0.2688905043614248	0.19474497351708017	0.05827382319704715	0.12547441433262976
TCGA-FE-A231-01A	0.03642966490510676	0.09374640872258462	0.03761426937383576	0.04073131289840791	0.31003290443076575	0.3027995005457705	0.02077920309339318	0.15786673603013548
TCGA-DE-A2OL-01A	0.04747777620168112	0.1359129363730145	0.10595272995334945	0.06817181544923892	0.24491737751838494	0.20080324790492138	0.03972044660263372	0.157043669996776
TCGA-EM-A1CV-01A	0.04322144963500007	0.14428853992224866	0.04655667656301565	0.07538427754064372	0.30189948878755657	0.21849776506906388	0.021889145267356556	0.14826265721511483
TCGA-DJ-A13O-01A	0.0819666794606394	0.14288840421462798	0.1429055874594997	0.07485764302555421	0.2895020626320946	0.2154494280082198	0.049259306280946394	0.0031708889184178845
TCGA-EL-A3MY-01A	0.057936355862854	0.1269390930947268	0.0447932110493717	0.12906782084380106	0.29780780173029653	0.25590513274710036	0.017759796861487848	0.06979078781036172
TCGA-BJ-A45H-01A	0.050814912742177386	0.09154097206989456	0.12249759337342558	0.0668574675374229	0.31951380250784284	0.2640637724979817	0.039286884907518756	0.04542459436373628
TCGA-DJ-A3V2-01A	0.0828024196420673	0.16614227407707818	0.08012707666176902	0.01671624512545116	0.3085979710340941	0.2659694494312888	0.05742216880481394	0.022222395223437455
TCGA-FK-A3S3-01A	0.04190412538816589	0.1279930662534536	0.07032663954058185	0.11572857321984126	0.2973107756748053	0.20356760730392928	0.038441796806134056	0.10472741581308873
TCGA-ET-A39T-01A	0.06997905329836412	0.11898319661067434	0.08144706668478488	0.03056677401118688	0.289965950516809	0.21139811276121	0.040462695017836434	0.15719715109913443
TCGA-DJ-A2Q7-01A	0.03771293107956814	0.15983775746526588	0.06784557630658619	0.08818222894017869	0.2940594831812393	0.22078487846629247	0.04864877057773132	0.08292837398313799
TCGA-DE-A69K-01A	0.05435370605508598	0.11247792041901696	0.06778109320316072	0.06665535524396132	0.2976509975038413	0.23276127529011434	0.011440282565985834	0.15687936971883376
TCGA-ET-A25M-01A	0.04396993280023911	0.09658650706406355	0.05999678654273439	0.07823832738718325	0.29887418760085216	0.22411473913164798	0.06091162049676532	0.1373078989765143
TCGA-GE-A2C6-11A	0.08550216322375169	0.13186297226116594	0.13839982064833603	0.08593919212764307	0.23252528509012438	0.21090698092030463	0.0	0.1148635857286742
TCGA-DJ-A4V5-01A	0.0639856004888506	0.16390628691384979	0.07693332305975985	0.04578167440000551	0.3067458727534886	0.23754601096493064	0.06058246367960003	0.044518767739515075
TCGA-DE-A4M9-01A	0.05801248913614614	0.09817186631236104	0.08180564183192707	0.07817202346182396	0.26750859126407095	0.20913019183837886	0.0387102054015736	0.1684889907537183
TCGA-BJ-A0Z9-01A	0.04889696157529608	0.1016235912905353	0.061487950259563065	0.06162147801510998	0.32064918770189915	0.25432185628937776	0.05761935182871971	0.093779623039499
TCGA-ET-A39N-01A	0.0602753111288275	0.11059723527629772	0.07734939194325077	0.05698981534648974	0.27261672772702994	0.20909189902451258	0.02463233844315656	0.188447281110435
TCGA-BJ-A0ZH-01A	0.06102760658526569	0.17066156722681078	0.07282792409576064	0.06226904760028244	0.2990914343266695	0.22712797833429565	0.04093200011175735	0.06606244171915782
TCGA-E8-A416-01A	0.06036111899251244	0.09894312240649844	0.12144489917952984	0.11429156411044125	0.2516425151285337	0.20116341970712576	0.053213223680205694	0.09894013679515293
TCGA-EL-A3T2-11A	0.050169255643035995	0.1356866214484639	0.11426828453708095	0.10142173790084635	0.2760771316750495	0.18498614739894997	0.01548927532010203	0.12190154607647129
TCGA-KS-A4ID-01A	0.06589555293479468	0.12179721327076429	0.12937034246728288	0.05461761458655673	0.2682950006507725	0.24423722251687696	0.027460963002747613	0.08832609057020428
TCGA-DJ-A13U-01A	0.07440509038524917	0.13135231410746157	0.08455248356747846	0.041165338914723806	0.2851772852351528	0.21061561288642475	0.04137817222061157	0.13135370268289787
TCGA-EL-A3T2-01A	0.04949479254084163	0.12428296776962888	0.11185156721088829	0.046921003719831544	0.27425140807179466	0.2163965771238116	0.04055131953238785	0.13625036403081564
TCGA-FY-A40K-01A	0.037148533573112937	0.11415311851135639	0.06205959384444891	0.056706152104772325	0.32360852922768024	0.23983005416525943	0.04970152007149722	0.11679249850187261
TCGA-DE-A4MA-01A	0.013472395169625565	0.10180967848064806	0.0664519029739548	0.08596037357151184	0.3423829322058874	0.22415285798700774	0.024749273905389946	0.14102058570597467
TCGA-DJ-A2Q0-01A	0.04510346590613575	0.13879807587196144	0.11716298071745361	0.06444761925704585	0.277824574187298	0.20616657140683964	0.035423806489671	0.11507290616359478
TCGA-EL-A3T6-01A	0.07760039292774394	0.12320677092103875	0.0976921670524005	0.010180640206672469	0.3598247908023041	0.25472661090159027	0.0	0.07676862718824994
TCGA-EL-A3H1-11A	0.06208045139574507	0.14311843128009233	0.19906088985709042	0.1025124577432599	0.22365923172481733	0.18198196815077416	0.0	0.0875865698482208
TCGA-KS-A41F-01A	0.0692962388748805	0.0971513614008037	0.07658806624843147	0.04169198244478919	0.3215101329802976	0.20911877697737044	0.01678759104013444	0.16785585003329256
TCGA-EL-A3T8-01A	0.06161663952106973	0.12659754254716715	0.061501982308581185	0.0579145014340273	0.2874659948184084	0.20554500869316203	0.06656103140344291	0.13279729927414133
TCGA-EL-A3ZR-11A	0.058890855502662466	0.12590104981409594	0.11058902868881718	0.12287180227199496	0.25009081508207254	0.21857940921167263	0.0030534172025259796	0.1100236222261584
TCGA-EM-A3O8-01A	0.0540098935246855	0.13271185941870764	0.08604576736632813	0.06377774611289809	0.2671787699134855	0.19803598293840657	0.0	0.1982399807254886
TCGA-L6-A4EP-01A	0.0367855848378397	0.11948657974919329	0.06569673627093077	0.06619060175433701	0.3159917776060112	0.21384482375003516	0.06214608425833683	0.11985781177331602
TCGA-J8-A3YG-01A	0.06124493106492396	0.12571214054648508	0.06884716111918601	0.0943106825910439	0.3205070826218341	0.2096125691927424	0.03697537770706572	0.0827900551567189
TCGA-DE-A69J-01A	0.03448178669674314	0.1444169352307954	0.05504360540469643	0.0533438547460812	0.31871518606522037	0.23640585784219378	0.03339125883202726	0.12420151518224241
TCGA-J8-A3YH-06A	0.06581133519760363	0.151285622034897	0.05960575170419459	0.10078213460711308	0.3090753094531845	0.20504337654543994	0.04070112483155297	0.06769534562601424
TCGA-E8-A419-01A	0.040172603180498465	0.09640715627222425	0.0774245470424219	0.05400132757646284	0.38440172568213904	0.25636883774946906	0.0	0.09122380249678443
TCGA-DJ-A2Q2-01A	0.03742983292840481	0.13635406744264428	0.16533645062964722	0.1010894518035215	0.22682011154996604	0.2165832164685241	0.03733259257497789	0.07905427660231411
TCGA-BJ-A0ZG-01A	0.027856096130967636	0.15121541717261078	0.12989103776456956	0.11074552781123594	0.2612700656458355	0.2035828251005742	0.00786878177327055	0.10757024860093582
TCGA-EM-A2OW-01A	0.028691815852766867	0.18659813189869576	0.1449374898194517	0.09415730432892495	0.23910276340897782	0.2041328098454081	0.0	0.10237968484577481
TCGA-EL-A3ZS-11A	0.13262353507642136	0.10525830841038755	0.0830678584986514	0.10849272035887898	0.21555658740609845	0.24922191250918144	0.062398072012386646	0.04338100572799419
TCGA-BJ-A3F0-01A	0.029866641861478454	0.17440764358707098	0.1119966866797728	0.07671615436514335	0.24832734962626155	0.20416538132556458	0.031100855622374687	0.12341928693233355
TCGA-EL-A3CY-01A	0.10435357199782183	0.14616349456095934	0.03502222449943696	0.16544959909607626	0.28760790781173323	0.22562049426141845	0.029840501012052843	0.005942206760501199
TCGA-EM-A3AQ-01A	0.050789756474981365	0.16710355241517255	0.09181493722318551	0.061653977431938047	0.3074954018910324	0.20187139969345844	0.038218179857677594	0.08105279501255404
TCGA-J8-A4HW-06A	0.08468887186211452	0.14316381029419134	0.06843054258435868	0.0772887035817026	0.3302754844733203	0.2275306056455782	0.04493175042892366	0.02369023112981066
TCGA-J8-A4HW-01A	0.04812613885354727	0.14577537773655644	0.05954554255823485	0.06711031204012223	0.30481646137769014	0.210792072122325	0.01674002915628681	0.14709406615523735
TCGA-L6-A4ET-01A	0.0524628516507375	0.13154302872843435	0.05366860980941106	0.05303918227492631	0.3426296935143418	0.20673923724059257	0.023864488608583707	0.13605290817297264
TCGA-DJ-A3V4-01A	0.08314846738311184	0.10228965130023017	0.10260166706244078	0.06811506392172416	0.27930524553231895	0.22119434535198984	0.07542027665158682	0.06792528279659737
TCGA-EL-A3H2-11A	0.027452704037106354	0.1181836112563923	0.11981706678588286	0.084481962329863	0.2417939183363144	0.22195763905072893	0.02335670754438705	0.16295639065932516
TCGA-BJ-A291-01A	0.04079704758766256	0.16455421694114364	0.11667072754932883	0.0767029568915723	0.27084630125638615	0.18018982731498212	0.022592894499648707	0.12764602795927574
TCGA-J8-A3NZ-01A	0.04293576297815654	0.1257374625389785	0.062301574789297404	0.0776654616076432	0.37086156373576573	0.21786192254959463	0.022800784789126644	0.07983546701143747
TCGA-DJ-A3UU-01A	0.07534641082435033	0.1012333910955003	0.07929361522260293	0.08988268661539486	0.27325203925020747	0.2246649941093616	0.06464487206183375	0.09168199082074878
TCGA-EL-A4K4-01A	0.007234247739269359	0.10779581004099399	0.04993208614139523	0.10877597402506141	0.3203325540846092	0.2882796549509019	0.04006994263164	0.07757973038612898
TCGA-J8-A3YF-01A	0.026572845205397915	0.11251887982145058	0.06070871589008178	0.09460472656086881	0.3150762858866448	0.25183828266293723	0.038119628628461966	0.10056063534415685
TCGA-ET-A25I-01A	0.05589218766253005	0.13123371722433635	0.11944574517447326	0.06258827351094473	0.25113994561086195	0.22149974280697168	0.04359958302332207	0.11460080498656
TCGA-DJ-A3VI-01A	0.03222341170126433	0.10720810340138831	0.08484693359204264	0.11200685369353089	0.27823279160215875	0.23210738923516291	0.06487515002503612	0.08849936674941597
TCGA-CE-A3MD-01A	0.046659159290619465	0.13490642785167345	0.05705588930169004	0.06586307047378806	0.2869125472343286	0.23022190426304107	0.02695151351820468	0.1514294880666546
TCGA-DJ-A2Q5-01A	0.09933797315809711	0.12582398779136117	0.05280761883450536	0.07898315016461867	0.29543196825657575	0.22261035776561117	0.049722278025612306	0.07528266600361842
TCGA-ET-A3DP-11A	0.027173465584690772	0.12346773735789544	0.15097360485606043	0.08988969364929762	0.2675160657490554	0.21221572148271403	0.030162643336694585	0.0986010679835917
TCGA-EM-A22P-01A	0.0910741476875616	0.13903524954582186	0.07075752327717842	0.12952671578044125	0.29299273113771607	0.2471945512186547	0.029419081352626112	0.0
TCGA-EL-A4KI-01A	0.05529148248994491	0.1229486879158027	0.08667856519284747	0.06257071831000831	0.2876325770931506	0.20144505229936646	0.0311718220785964	0.15226109462028314
TCGA-EL-A3ZN-01A	0.05656376633520792	0.12250111498028492	0.08558321646309651	0.08657549779295498	0.27826534327669633	0.2328535499478588	0.01608254874550191	0.12157496245839858
TCGA-DJ-A1QN-01A	0.044437495572084394	0.16774499733449338	0.05044414626607657	0.06511224488043739	0.2938504490457859	0.23659779044330229	0.040357514533547044	0.1014553619242731
TCGA-BJ-A2N9-01A	0.0426197809578644	0.1434768751616282	0.1738325509473497	0.10573478169392976	0.24512409897147658	0.22182580796054185	0.018061533340690907	0.04932457096651855
TCGA-DE-A7U5-01A	0.06883173401142335	0.14151014203669454	0.03611523207716866	0.1087446818291989	0.3049329284736161	0.27538168108441846	0.0	0.06448360048748009
TCGA-EL-A3D6-01A	0.06198838358633627	0.11614506561753435	0.054124067896500705	0.06251729667501162	0.34952701491871485	0.21971710246896886	0.0	0.13598106883693328
TCGA-E8-A414-01A	0.06997542433135324	0.13321173510747303	0.09832824233917974	0.13322484956976827	0.25652063993965835	0.23898187370995158	0.038536414155953845	0.031220820846661973
TCGA-DJ-A4UP-01A	0.10382940357175309	0.1557137918448119	0.0951116928034564	0.11253165312147333	0.2631942187812707	0.23099615001473262	0.03726458840146174	0.001358501461040246
TCGA-EL-A3CM-01A	0.059741175968594046	0.1216400211231062	0.06063470566415504	0.11006723725297138	0.2581178269754966	0.22552510004457801	0.056880155474957735	0.10739377749614099
TCGA-EL-A3CR-01A	0.006674129015961245	0.14237101076653214	0.06798978857644607	0.11743381220617692	0.29688732211501395	0.2678071395492891	0.0535230712424991	0.047313726528081454
TCGA-EM-A1CT-11A	0.059805865969682175	0.1169848987685221	0.1160394359070361	0.08834873105367298	0.2650872351913184	0.19523761366632156	0.012777138577127515	0.14571908086631907
TCGA-BJ-A3PT-01A	0.029343280634425522	0.1621343689402735	0.09850538342750752	0.09351227486034941	0.25270843142558114	0.2303489282222121	0.045673823133781974	0.08777350935586896
TCGA-ET-A3BW-01A	0.0426361268423061	0.11062718301493771	0.0635971942114143	0.08983878215098136	0.28639831738961197	0.18969485903477754	0.052034752408193115	0.16517278494777787
TCGA-EM-A2CM-01A	0.0443606385552056	0.10727704007769759	0.08277638514692985	0.04073581052442513	0.2805283986839313	0.2392632692711573	0.04557651730349909	0.15948194043715416
TCGA-DJ-A2PR-01A	0.07067896486247136	0.09962724271569076	0.060437545726007375	0.05044674300004278	0.3132443630985681	0.22665632464499919	0.04959308380312863	0.1293157321490917
TCGA-EL-A3GZ-01A	0.034959098620642025	0.11834870212610447	0.05051591192419694	0.06732960047577576	0.30765171903420147	0.258434626693322	0.05454636933528718	0.10821397179047013
TCGA-E8-A44M-01A	0.07870386212334489	0.13067480129675121	0.10478520135265877	0.10155082991052099	0.2670885667298298	0.2703757555160433	0.02783521223464974	0.018985770836201343
TCGA-DJ-A3V9-01A	0.06663924376933159	0.15724418992613523	0.07646647226911829	0.07666573826505185	0.2967306828418913	0.2218779641681935	0.029304835572281234	0.07507087318799714
TCGA-EL-A3N2-11A	0.03529602996388819	0.11558676123108302	0.11327131906788974	0.09661416735843711	0.25606604620100176	0.1978139309905559	0.020742816310653486	0.16460892887649073
TCGA-DJ-A13X-01A	0.05375956729068028	0.11370905864703665	0.0694867570469762	0.047852694773161446	0.2871082758083086	0.22301153325210815	0.029753882698302737	0.17531823048342585
TCGA-EM-A3O6-01A	0.0269882595772564	0.12610424681929627	0.13823488177443938	0.07853255766608906	0.2411685385322083	0.19675391743125223	0.04176289984191012	0.15045469835754824
TCGA-DE-A0XZ-01A	0.06898177875064361	0.11754174698872613	0.0704053569284856	0.07456558518804009	0.30834418930313306	0.22215828967277773	0.039265499414900394	0.09873755375329338
TCGA-DJ-A3V6-01A	0.058297572342793674	0.13600934496740455	0.05612887923704417	0.06994372959799142	0.3025834387504339	0.24906093500957277	0.029941015700842493	0.09803508439391692
TCGA-EM-A4FH-01A	0.0397319322697807	0.13536919138135123	0.12783507422620996	0.06072918975307026	0.22747823245797852	0.19241866775071065	0.029768698398617538	0.18666901376228112
TCGA-ET-A3DW-01A	0.048858376034019595	0.11326351134752327	0.061785190691774565	0.03564807016055484	0.3283763089071106	0.23065906014995669	0.053271309478329504	0.12813817323073087
TCGA-ET-A39P-01A	0.037941792168690314	0.10469959541352526	0.06785864230808383	0.08176018885283266	0.33167705801661984	0.21978894938612709	0.03028512591275713	0.12598864794136402
TCGA-BJ-A3PU-01A	0.05755296361440041	0.11412928783679635	0.06582165000127609	0.07930618081296363	0.3263260429404261	0.23259963045315266	0.013963533583395912	0.11030071075758877
TCGA-EM-A2CN-01A	0.05490323951385221	0.10621712345822644	0.07492367240507425	0.06100095855020929	0.2829265245392687	0.20964756580919336	0.03693192473425398	0.17344899098992184
TCGA-FY-A40N-01A	0.058160277060124506	0.12396272059078885	0.10176606899622925	0.04352402510462295	0.2899490736742795	0.2120885862588149	0.0426033565157905	0.12794589179934954
TCGA-ET-A3BU-01A	0.06689291434660248	0.14267343827486847	0.06125396256729704	0.061558638299605964	0.34267632998879966	0.2302847798922778	0.032186495453981404	0.062473441176567335
TCGA-KS-A4IC-01A	0.008760504504682635	0.1268393089628281	0.09250587428092294	0.06441580364399738	0.3114413027099923	0.25065077526191204	0.03232434082926148	0.1130620898064031
TCGA-EL-A3GQ-01A	0.059465736114367784	0.11371469869048213	0.06592036700514325	0.09532520835834814	0.2564907175769749	0.23245747354082358	0.03734727195730798	0.13927852675655236
TCGA-J8-A3YD-01A	0.037226885596460285	0.13600653770859533	0.09524477261464155	0.09096919989051079	0.275397608297552	0.1940007041163509	0.04187040897921178	0.12928388279667732
TCGA-EM-A4FQ-01A	0.08133520001866668	0.13248781174846413	0.08556368410173289	0.07009355149658018	0.2986570648241741	0.2357175081257344	0.06470649076434372	0.03143868892030392
TCGA-FY-A3WA-01A	0.041661614157592945	0.1230067113022964	0.12586810976973736	0.07636108961898654	0.2676090797083001	0.2017027356957152	0.021437705435963482	0.142352954311408
TCGA-FY-A3TY-11A	0.07162206826308717	0.1038528545374587	0.12559501284196256	0.09562971797757311	0.2536824306912561	0.19687286502499193	0.017002456801299987	0.13574259386237036
TCGA-ET-A2MX-11C	0.06134047257559493	0.10941991036443098	0.14531396777093425	0.08727123531698291	0.2504137335192378	0.22364479248733365	0.03233667761316776	0.09025921035231778
TCGA-ET-A2MX-01A	0.0542296382213962	0.09924362640980001	0.10148274296723774	0.06858728617310098	0.2882229036397631	0.20791085013307767	0.010300394538617958	0.17002255791700643
TCGA-FY-A3I5-01B	0.08659976167576804	0.10633885334797198	0.10942058254514907	0.07352044690879214	0.23531359879410157	0.2248470545571047	0.03904915561100197	0.12491054656011061
TCGA-IM-A41Y-01A	0.05205818777380136	0.09000852121827135	0.08226270814130822	0.05652904666274305	0.3299322034857085	0.2238927427335667	0.02913721766356079	0.13617937232104
TCGA-BJ-A28R-11A	0.0803264524102183	0.12926164816996794	0.1313663496687905	0.09758065389024533	0.22862767845905643	0.22310819312291136	0.04951836095417412	0.06021066332463609
TCGA-EM-A2OV-01A	0.043624723341972774	0.14561117348284364	0.13431737139984706	0.0713809907414236	0.22223365998215996	0.1862139233111768	0.04886554956341978	0.14775260817715632
TCGA-E3-A3E3-01A	0.04621825947721541	0.10802614791390068	0.0713319354890737	0.0677940484019654	0.3458140624899575	0.23029110601369818	0.02036538297001652	0.11015905724417274
TCGA-ET-A3BQ-01B	0.0	0.15940126468335067	0.04624325077976939	0.08513361674058957	0.2824550408176033	0.21834500139143745	0.008223570383462076	0.20019825520378753
TCGA-J8-A3O0-01A	0.037547264096208934	0.12105902684466681	0.08358969420296385	0.0550725662896122	0.2894369298028771	0.23273955992329998	0.03830597165203836	0.1422489871883327
TCGA-EL-A3CL-01A	0.030520161365732473	0.09755822676520538	0.0635352907234619	0.059085673657203734	0.3116378620791801	0.22675881765997968	0.030774515998971425	0.1801294517502654
TCGA-EL-A3T3-01A	0.025047296400671607	0.121349764980429	0.048301336201160325	0.16064241096184317	0.3265689571222377	0.19664744381533267	0.017853708238564775	0.1035890822797608
TCGA-ET-A25J-01A	0.028017622955734373	0.1404505554394714	0.07689084667667438	0.09619408793363005	0.29606673614494217	0.218050813297561	0.0354002434413038	0.1089290941106828
TCGA-EL-A3ZT-01A	0.04760630890959074	0.0966176376504271	0.06223393117718396	0.06617265674502165	0.3077928114243223	0.22068789383890713	0.028327094339331747	0.17056166591521535
TCGA-EL-A3ZT-11A	0.0355225607736889	0.1356907628994142	0.14345768213558938	0.08611806128380213	0.23988102575421974	0.1882220601124325	0.016458660090957006	0.15464918694989613
TCGA-EM-A3AI-01A	0.048377468800887204	0.13693347660086605	0.11464991063901277	0.07736382517972686	0.25463043051267903	0.20484333018533316	0.02533513998815043	0.1378664180933446
TCGA-EM-A22O-01A	0.06429578940350779	0.12768480113899824	0.04406188508778513	0.07852467431357338	0.3145064518042693	0.20511188776338785	0.029743237719659445	0.13607127276881886
TCGA-ET-A40Q-01A	0.037265028948599295	0.11352979649576267	0.0399722683217877	0.10154386218782896	0.32616687917415743	0.25031830743563915	0.06423402934211592	0.06696982809410897
TCGA-FY-A4B0-01A	0.05159872386556656	0.10897033839394264	0.10329190920557997	0.08422978219968896	0.24858369138788405	0.2173724943936608	0.03814975273227725	0.14780330782139972
TCGA-ET-A39K-01A	0.03554562852092125	0.10695625656148434	0.07492226324030439	0.07217263493006072	0.30336079926521864	0.26083255941572603	0.0	0.1462098580662846
TCGA-EM-A2CQ-01A	0.02796334563843362	0.14612443390369248	0.11008461038080375	0.0674779101435366	0.2663801116918773	0.22440620131438838	0.04213239222069877	0.1154309947065691
TCGA-EM-A2CS-01A	0.031161432598916072	0.12601558459345966	0.08328501879577499	0.06722501521804485	0.2828847453593729	0.21884429017686718	0.054628793451541674	0.13595511980602273
TCGA-EM-A2CS-06A	0.02890736916052869	0.17092252489796878	0.08624604584029155	0.08190499771630408	0.305262388349768	0.20174029250269895	0.03686563252698839	0.08815074900545163
TCGA-FY-A40M-01A	0.03222224294140114	0.09665847846733625	0.06823279677842267	0.05674060978324385	0.41797523544887644	0.22246546877858328	0.0	0.10570516780213629
TCGA-ET-A4KN-01A	0.04461565680446925	0.10260269596032158	0.0340134376811339	0.08477041761323297	0.3384928491901298	0.2554254848306218	0.060582610810498545	0.07949684710959225
TCGA-KS-A41I-11A	0.10315722191848778	0.09286067281282176	0.1458017149782446	0.09054806423662096	0.22509054205260126	0.1986065998859652	0.0	0.1439351841152584
TCGA-KS-A41I-01A	0.0	0.1497707985370007	0.10062817262116529	0.07381095840405914	0.29658914252248214	0.2217908392381927	0.05236750771855208	0.10504258095854797
TCGA-DJ-A4UL-01A	0.06217287291685928	0.09917404809195181	0.0519777468943607	0.04500519013762982	0.2958144918564745	0.23655071651029574	0.04962086248957049	0.15968407110285768
TCGA-ET-A40P-01A	0.05791511639995584	0.1491464590145336	0.10837192069706351	0.08246411430413392	0.24992501888604665	0.2264194127277283	0.03575984178722954	0.08999811618330869
TCGA-DJ-A3V5-01A	0.10349933532779623	0.08861230471761712	0.08902534656501827	0.0811284491768279	0.28134112059244026	0.20711781732451914	0.030434537474221566	0.11884108882155948
TCGA-FE-A22Z-01A	0.052412453484091445	0.09722143258343273	0.037747505674387456	0.0740774449284726	0.3077611718867034	0.21315924372437414	0.04582966147782751	0.17179108624071082
TCGA-FE-A237-01A	0.04837198254365874	0.1325832580616606	0.05022969080880676	0.10530214539916374	0.3438408789519154	0.2373902320951418	0.03959344211194251	0.04268837002771055
TCGA-FK-A3SG-01A	0.05417368096158595	0.12854587066272138	0.06976523218753967	0.07827643833906889	0.2987244829099211	0.2204799945127788	0.03284048164919084	0.11719381877719336
TCGA-GE-A2C6-01A	0.05735261150910993	0.1351623422341394	0.04646406829888	0.10137935167932516	0.33483793518271154	0.21233340722005517	0.0025520171736992145	0.10991826670207965
TCGA-EM-A22Q-01A	0.05308507757010509	0.12324687264131472	0.12384893849469363	0.0626326006197423	0.29428569381047437	0.20399632603527387	0.021788404920711314	0.11711608590768463
TCGA-FY-A3W9-01A	0.07018022450266174	0.1354026781457568	0.08022672091050437	0.051752876234254286	0.2840454779603034	0.19049378790302382	0.015106030613714053	0.1727922037297816
TCGA-DE-A4MC-01A	0.03588936225154448	0.09607485337737613	0.04613156384786533	0.06794032707872733	0.3022113962937124	0.25161982521625453	0.04156636123370849	0.15856631070081134
TCGA-EL-A4K9-01A	0.04723292739875894	0.12769638346474851	0.03842707830848731	0.06090276473621839	0.322663624333889	0.2242823096977472	0.03678516346714913	0.1420097485930015
TCGA-FK-A3SB-01A	0.07688190068951332	0.12893648624354018	0.05682817794208441	0.06091173596824636	0.3089256506972567	0.20017212601950093	0.03856336511862811	0.1287805573212299
TCGA-H2-A422-01A	0.05493495833087308	0.1211138408584674	0.08258714332674624	0.022897527201778768	0.3134707395528359	0.2369073916369637	0.04342732045494205	0.124661078637393
TCGA-EM-A3FM-01A	0.05626308216343192	0.13061450189882617	0.05029462475438791	0.07418284062531959	0.30512902548841536	0.23359500374457046	0.04000072704056407	0.10992019428448443
TCGA-DJ-A13S-01A	0.04803538547762405	0.11945749570923815	0.11074195515632926	0.048345268811778766	0.2599388454625319	0.20771285690107572	0.04341398684258367	0.1623542056388387
TCGA-EM-A3SY-01A	0.04562124634262578	0.1521161760312715	0.13365089157396937	0.04703352786343304	0.246757212926117	0.2277200135322797	0.0220040324690518	0.12509689926125167
TCGA-EM-A2P1-01A	0.07983291374265288	0.12567330560307743	0.08390877299915407	0.09761733154869275	0.2900062734875108	0.23299562666182502	0.03444304489752197	0.05552273105956511
TCGA-EL-A3T1-01A	0.09738170975309056	0.08395368332322763	0.05374632914670496	0.05470368182051199	0.33821057885580674	0.2469378659824265	0.0	0.1250661511182316
TCGA-EL-A3T1-11A	0.0752613124529354	0.1358016480469918	0.15484172559577314	0.137382123604829	0.2396388334669861	0.20514927498738006	0.0	0.0519250818451045
TCGA-DJ-A2PS-01A	0.06123412179754701	0.12856302766927358	0.08859747825451353	0.08213107638657381	0.27632698507279824	0.2216336760904264	0.05223539808851582	0.08927823664035166
TCGA-EL-A3TB-11A	0.06430531588143767	0.18110949781107577	0.18698185609701268	0.11249739088819635	0.24484563288486236	0.16397929583767037	0.0007950058808285804	0.04548600471891626
TCGA-EL-A3TB-01A	0.07571477102674075	0.12507571835246906	0.0748217116018407	0.0846912044072538	0.29338972609281894	0.1989704567761433	0.03775712766493609	0.1095792840777974
TCGA-BJ-A45C-01A	0.040139055511846454	0.13057943083593088	0.10923865297726473	0.0726405862454659	0.26094177925135414	0.20602535759948826	0.0397696687717172	0.14066546880693248
TCGA-DJ-A3UX-01A	0.06869512269259623	0.1285791474166032	0.1316336476928362	0.09367406191019603	0.2799237201773879	0.23713919160901858	0.020737913605751297	0.03961719489561052
TCGA-DJ-A2PX-01A	0.08957281686312082	0.14992561941989202	0.08097519743947111	0.08732124087831292	0.25689870751339977	0.22231040307338765	0.04190186366064748	0.07109415115176815
TCGA-EL-A3ZS-01A	0.09956799595943142	0.11767370581498607	0.07156808622805019	0.0934909955996835	0.282526053867911	0.21422195639585215	0.04728876965062306	0.07366243648346264
