cluster_1,,B cell,B cell,B cell,B cell,B cell,B cell,Endothelial cell,Endothelial cell,Endothelial cell,Endothelial cell,Endothelial cell,Endothelial cell,Fibroblast,Fibroblast,Fibroblast,Fibroblast,Fibroblast,Fibroblast,Malignant cell,Malignant cell,Malignant cell,Malignant cell,Malignant cell,Malignant cell,Myeloid cell,Myeloid cell,Myeloid cell,Myeloid cell,Myeloid cell,Myeloid cell,T cell,T cell,T cell,T cell,T cell,T cell
cluster_2,,B cell,Endothelial cell,Fibroblast,Malignant cell,Myeloid cell,T cell,B cell,Endothelial cell,Fibroblast,Malignant cell,Myeloid cell,T cell,B cell,Endothelial cell,Fibroblast,Malignant cell,Myeloid cell,T cell,B cell,Endothelial cell,Fibroblast,Malignant cell,Myeloid cell,T cell,B cell,Endothelial cell,Fibroblast,Malignant cell,Myeloid cell,T cell,B cell,Endothelial cell,Fibroblast,Malignant cell,Myeloid cell,T cell
source,target,,,,,,,,,,,,,,,,,,,,,,,,,,,,,,,,,,,,
CCL2,MMP14,0.0,0.0,0.0,0.0,0.0,0.0,0.0,0.3178665041923523,0.7467030107381925,0.3974349113916038,0.5233124661863896,0.5160549410751888,0.0,0.25309646618900017,0.6819329727348403,0.3326648733882517,0.4585424281830375,0.45128490307183666,0.0,0.17824618083816682,0.607082687384007,0.25781458803741836,0.3836921428322041,0.3764346177210033,0.0,0.2104538067391044,0.6392903132849446,0.290022213938356,0.4158997687331417,0.4086422436219409,0.0,0.24888919506754192,0.6777257016133821,0.3284576022667935,0.45433515706157923,0.4470776319503784
TNFSF9,TNFRSF9,0.0,0.0,0.0,0.0,0.0,0.0,0.0,0.0,0.0,0.0,0.0,0.0,0.0,0.0,0.0,0.0,0.0,0.0,0.0,0.0,0.010531678101830021,0.0034859582469316487,0.0,0.0,0.0,0.0,0.02094693710180314,0.013901217246904768,0.0,0.0,0.0,0.0,0.0,0.0,0.0,0.0
SHH,PTCH1,0.0,0.0,0.0,0.0,0.0,0.0,0.0,0.0,0.0,0.0,0.0,0.0,0.0,0.0,0.0,0.0,0.0,0.0,0.0,0.0,0.0,0.0,0.0,0.0,0.0,0.0,0.02432020205607368,0.027175618759390594,0.022503659390566644,0.0,0.0,0.0,0.0,0.0,0.0,0.0
IHH,PTCH1,0.0,0.0,0.0,0.0,0.0,0.0,0.0,0.0,0.0,0.0,0.0,0.0,0.0,0.0,0.0,0.0,0.0,0.0,0.0,0.0,0.0,0.0,0.0,0.0,0.0,0.0,0.0,0.0,0.0,0.0,0.0,0.0,0.0,0.0,0.0,0.0
JAG1,NOTCH3,0.0,0.0,0.0,0.0,0.0,0.0,0.0,2.4107848405838013,1.4345239308936086,1.354916817182736,1.3182530800501506,1.317052770228613,0.0,1.3344298847279146,0.3581689750377218,0.2785618613268493,0.24189812419426382,0.24069781437272625,0.0,1.3357029109851484,0.35944200129495557,0.27983488758408304,0.24317115045149756,0.24197084062996,0.0,1.2693390360004024,0.2930781263102097,0.21347101259933712,0.17680727546675162,0.17560696564521408,0.0,1.5052404205004375,0.5289795108102447,0.4493723970993722,0.41270865996678674,0.41150835014524917
HLA-DRB5,CTSL,0.0,0.0,0.0,0.0,0.0,0.0,2.200812056660652,0.0,0.5668489517115834,0.5948157219892444,0.6027256869956067,0.6233772160041899,2.025543475625527,0.0,0.3915803706764582,0.41954714095411905,0.42745710596048136,0.44810863496906467,2.121420963255989,0.0,0.4874578583069202,0.515424628584581,0.5233345935909434,0.5439861225995266,2.524597029936941,0.0,0.8906339249878723,0.9186006952655332,0.9265106602718955,0.9471621892804789,1.8498139097577049,0.0,0.21585080480863628,0.24381757508629714,0.25172754009265946,0.27237906910124277
HLA-DQA2,CTSL,0.0,0.0,0.0,0.0,0.0,0.0,0.0,0.0,0.0,0.0,0.0,0.0,1.7598108008726319,0.0,0.12584769592356326,0.1538144662012241,0.16172443120758642,0.18237596021616975,1.7461757686667798,0.0,0.11221266371771119,0.14017943399537203,0.14808939900173435,0.16874092801031768,1.7811356552860194,0.0,0.14717255033695065,0.1751393206146115,0.1830492856209738,0.20370081462955714,0.0,0.0,0.0,0.0,0.0,0.0
HLA-DRB1,CTSL,3.45255708694458,0.0,1.8185939819955115,1.8465607522731722,1.8544707172795345,1.8751222462881179,2.2937132716178894,0.0,0.6597501666688207,0.6877169369464816,0.6956269019528439,0.7162784309614272,2.6040991980638077,0.0,0.970136093114739,0.9981028633924,1.0060128283987622,1.0266643574073455,2.5709478961765218,0.0,0.9369847912274533,0.9649515615051142,0.9728615265114765,0.9935130555200598,3.5533972204777236,0.0,1.9194341155286547,1.9474008858063154,1.9553108508126777,1.975962379821261,2.3760637186822438,0.0,0.742100613733175,0.770067384010836,0.7779773490171983,0.7986288780257815
IL2,IL2RA,0.0,0.0,0.0,0.0,0.0,0.0,0.0,0.0,0.0,0.0,0.0,0.0,0.0,0.0,0.0,0.0,0.0,0.0,0.0,0.0,0.0043585852081854965,0.0087840271012694,0.0,0.0,0.0,0.0,0.0,0.0,0.0,0.0,0.0,0.0,0.0,0.0,0.0,0.0
HLA-DQB2,CTSL,0.0,0.0,0.0,0.0,0.0,0.0,0.0,0.0,0.0,0.0,0.0,0.0,1.8230880119314241,0.0,0.18912490698235546,0.2170916772600163,0.22500164226637862,0.24565317127496195,1.8031234616562626,0.0,0.16916035670719398,0.19712712698485485,0.20503709199121717,0.22568862099980047,1.8433483661266796,0.0,0.20938526117761086,0.23735203145527173,0.24526199646163405,0.2659135254702174,0.0,0.0,0.0,0.0,0.0,0.0
HLA-DRA,CTSL,3.45255708694458,0.0,1.8185939819955115,1.8465607522731722,1.8544707172795345,1.8751222462881179,2.3491863757371902,0.0,0.7152232707881215,0.7431900410657825,0.7511000060721448,0.771751535080728,2.8203237213898653,0.0,1.1863606164407967,1.2143273867184574,1.2222373517248197,1.242888880733403,2.699330151398443,0.0,1.065367046449374,1.093333816727035,1.1012437817333973,1.1218953107419807,3.654422304086518,0.0,2.020459199137449,2.04842596941511,2.0563359344214724,2.0769874634300556,2.8045194546381635,0.0,1.1705563496890947,1.1985231199667554,1.2064330849731177,1.227084613981701
IL1RN,IL1R2,0.0,0.0,0.0,0.0,0.0,0.0,0.0,0.0,0.0,0.0,0.0,0.0,0.0,0.0,0.06358391995453716,0.06280328479333197,0.05594526605476225,0.0,0.0,0.0,0.03598479601232035,0.03520416085111516,0.028346142112545443,0.0,0.0,0.0,0.11740919241389544,0.11662855725269027,0.10977053851412054,0.0,0.0,0.0,0.0,0.0,0.0,0.0
IL1B,IL1R2,0.0,0.0,0.0,0.0,0.0,0.0,0.0,0.0,0.0,0.0,0.0,0.0,0.0,0.0,0.0,0.0,0.0,0.0,0.0,0.0,0.019192016880631615,0.018411381719426433,0.011553362980856711,0.0,0.0,0.0,0.02696417271700727,0.026183537555802088,0.019325518817232365,0.0,0.0,0.0,0.0,0.0,0.0,0.0
GAS1,SHH,0.0,0.0,0.0,0.0,0.0,0.0,0.0,0.0,0.0,0.0,0.0,0.0,0.0,0.0,0.0,0.0,0.1704279578428176,0.0,0.0,0.0,0.0,0.0,0.029699201573795943,0.0,0.0,0.0,0.0,0.0,0.14769566581960308,0.0,0.0,0.0,0.0,0.0,0.1587779196282676,0.0
SHH,GAS1,0.0,0.0,0.0,0.0,0.0,0.0,0.0,0.0,0.0,0.0,0.0,0.0,0.0,0.0,0.0,0.0,0.0,0.0,0.0,0.0,0.0,0.0,0.0,0.0,0.0,0.0,0.1704279578428176,0.029699201573795943,0.14769566581960308,0.1587779196282676,0.0,0.0,0.0,0.0,0.0,0.0
IL1A,IL1R2,0.0,0.0,0.0,0.0,0.0,0.0,0.0,0.0,0.0,0.0,0.0,0.0,0.0,0.0,0.0,0.0,0.0,0.0,0.0,0.0,0.017790743652081283,0.0170101084908761,0.01015208975230638,0.0,0.0,0.0,0.0,0.0,0.0,0.0,0.0,0.0,0.0,0.0,0.0,0.0
DLL1,NOTCH3,0.0,0.0,0.0,0.0,0.0,0.0,0.0,0.0,0.0,0.0,0.0,0.0,0.0,1.2430845884541375,0.2668236787639447,0.18721656505307216,0.15055282792048666,0.14935251809894912,0.0,1.2423289796803756,0.266068069990183,0.18646095627931047,0.14979721914672497,0.14859690932518743,0.0,0.0,0.0,0.0,0.0,0.0,0.0,1.3064003075872148,0.3301393978970222,0.25053228418614965,0.21386854705356417,0.2126682372320266
DLL4,NOTCH4,0.0,0.0,0.0,0.0,0.0,0.0,0.0,1.2913162559270859,1.0852895176677562,1.0611681859002864,0.0,1.075906828045845,0.0,0.3009615746600118,0.09493483640068207,0.0708135046332124,0.0,0.08555214677877093,0.0,0.2943400026568813,0.0883132643975516,0.06419193263008194,0.0,0.0789305747756405,0.0,0.3068532551589765,0.10082651689964678,0.07670518513217711,0.0,0.09144382727773566,0.0,0.32672361674762906,0.12069687848829935,0.09657554672082969,0.0,0.11131418886638823
IL13,IL13RA2,0.0,0.0,0.0,0.0,0.0,0.0,0.0,0.0,0.0,0.0,0.0,0.0,0.0,0.0,0.0,0.0,0.0,0.0,0.0,0.0,0.0,0.0,0.0,0.0,0.0,0.0,0.0,0.0,0.0,0.0,0.0,0.0,0.0,0.0,0.0,0.0
IL22,IL20RA,0.0,0.0,0.0,0.0,0.0,0.0,0.0,0.0,0.0,0.0,0.0,0.0,0.0,0.0,0.0,0.0,0.0,0.0,0.0,0.0,0.0,0.0,0.0,0.0,0.0,0.0,0.0,0.0,0.0,0.0,0.0,0.0,0.0,0.0,0.0,0.0
IL20,IL20RA,0.0,0.0,0.0,0.0,0.0,0.0,0.0,0.0,0.0,0.0,0.0,0.0,0.0,0.0,0.0,0.0,0.0,0.0,0.0,0.0,0.0,0.0,0.0,0.0,0.0,0.0,0.0,0.0,0.0,0.0,0.0,0.0,0.0,0.0,0.0,0.0
IL24,IL20RA,0.0,0.0,0.0,0.0,0.0,0.0,0.0,0.0,0.0,0.0,0.0,0.0,0.0,0.0,0.0,0.0,0.0,0.0,0.0,0.0,0.0,0.0035038664058182844,0.03180213495175883,0.0,0.0,0.0,0.0,0.0,0.0,0.0,0.0,0.0,0.0,0.0,0.0,0.0
FGF7,FGFR2,0.0,0.0,0.0,0.0,0.0,0.0,0.0,0.0,0.0,0.0,0.0,0.0,0.0,0.0,0.23054065040094937,0.25090149362152625,0.2346932910193508,0.0,0.0,0.0,0.051325563368754754,0.07168640658933166,0.055478203987156194,0.0,0.0,0.0,0.0,0.0,0.0,0.0,0.0,0.0,0.12469621190130076,0.14505705512187766,0.12884885251970218,0.0
IL22,IL22RA2,0.0,0.0,0.0,0.0,0.0,0.0,0.0,0.0,0.0,0.0,0.0,0.0,0.0,0.0,0.0,0.0,0.0,0.0,0.0,0.0,0.0,0.0,0.0,0.0,0.0,0.0,0.0,0.0,0.0,0.0,0.0,0.0,0.0,0.0,0.0,0.0
CCL19,ACKR4,0.0,0.0,0.0,0.0,0.0,0.0,0.0,0.0,0.0,0.0,0.0,0.0,0.0,0.0,0.04185695553300393,0.02992528220844314,0.0,0.0,0.0,0.0,0.016711601977704122,0.004779928653143336,0.0,0.0,0.0,0.0,0.05371560610910772,0.04178393278454694,0.0,0.0,0.0,0.0,0.0,0.0,0.0,0.0
CCL21,ACKR4,0.0,0.0,0.0,0.0,0.0,0.0,0.0,0.0,0.0,0.0,0.0,0.0,0.0,0.0,0.017729918162027996,0.0057982448374672094,0.0,0.0,0.0,0.0,0.01398079035995317,0.002049117035392384,0.0,0.0,0.0,0.0,0.0,0.0,0.0,0.0,0.0,0.0,0.0,0.0,0.0,0.0
ADM,CALCRL,0.0,0.0,0.0,0.0,0.0,0.0,0.0,0.0,0.0,0.0,0.0,0.0,0.0,0.7298540306180271,0.17181827713601033,0.1421563908129759,0.0,0.0,0.0,0.8193056531064945,0.2612698996244777,0.23160801330144332,0.0,0.0,0.0,0.7221263790862602,0.16409062560424345,0.13442873928120905,0.0,0.0,0.0,0.7164598412456966,0.1584240877636799,0.12876220144064549,0.0,0.0
ADM,RAMP2,0.0,0.0,0.0,0.0,0.0,0.0,0.0,0.0,0.0,0.0,0.0,0.0,0.0,1.502037076362923,0.18295375713661535,0.16799067918051122,0.15733871365692267,0.15272093776616122,0.0,1.5914886988513903,0.27240537962508277,0.25744230166897863,0.24679033614539006,0.24217256025462863,0.0,1.4943094248311561,0.17522610560484847,0.16026302764874434,0.1496110621251558,0.14499328623439434,0.0,1.4886428869905926,0.16955956776428494,0.1545964898081808,0.14394452428459226,0.1393267483938308
CALCA,CALCRL,0.0,0.0,0.0,0.0,0.0,0.0,0.0,0.0,0.0,0.0,0.0,0.0,0.0,0.0,0.0,0.0,0.0,0.0,0.0,0.6390296566796881,0.08099390319767133,0.05133201687463692,0.0,0.0,0.0,0.0,0.0,0.0,0.0,0.0,0.0,0.0,0.0,0.0,0.0,0.0
CALCA,RAMP2,0.0,0.0,0.0,0.0,0.0,0.0,0.0,0.0,0.0,0.0,0.0,0.0,0.0,0.0,0.0,0.0,0.0,0.0,0.0,1.411212702424584,0.09212938319827636,0.07716630524217223,0.06651433971858368,0.06189656382782223,0.0,0.0,0.0,0.0,0.0,0.0,0.0,0.0,0.0,0.0,0.0,0.0
CALCB,CALCRL,0.0,0.0,0.0,0.0,0.0,0.0,0.0,0.0,0.0,0.0,0.0,0.0,0.0,0.0,0.0,0.0,0.0,0.0,0.0,0.6362235522188178,0.07818779873680104,0.04852591241376662,0.0,0.0,0.0,0.0,0.0,0.0,0.0,0.0,0.0,0.0,0.0,0.0,0.0,0.0
CALCB,RAMP2,0.0,0.0,0.0,0.0,0.0,0.0,0.0,0.0,0.0,0.0,0.0,0.0,0.0,0.0,0.0,0.0,0.0,0.0,0.0,1.4084065979637137,0.08932327873740607,0.07436020078130194,0.06370823525771338,0.05909045936695193,0.0,0.0,0.0,0.0,0.0,0.0,0.0,0.0,0.0,0.0,0.0,0.0
ADM,RAMP3,0.0,0.0,0.0,0.0,0.0,0.0,0.0,0.0,0.0,0.0,0.0,0.0,0.0,0.544584883460358,0.19512120704745772,0.15922263844239998,0.10898857398880936,0.0,0.0,0.6340365059488254,0.2845728295359251,0.24867426093086736,0.19844019647727676,0.0,0.0,0.5368572319285911,0.18739355551569087,0.15149498691063312,0.10126092245704249,0.0,0.0,0.5311906940880275,0.1817270176751273,0.14582844907006956,0.09559438461647894,0.0
CALCA,RAMP3,0.0,0.0,0.0,0.0,0.0,0.0,0.0,0.0,0.0,0.0,0.0,0.0,0.0,0.0,0.0,0.0,0.0,0.0,0.0,0.453760509522019,0.10429683310911873,0.06839826450406099,0.01816420005047037,0.0,0.0,0.0,0.0,0.0,0.0,0.0,0.0,0.0,0.0,0.0,0.0,0.0
CALCB,RAMP3,0.0,0.0,0.0,0.0,0.0,0.0,0.0,0.0,0.0,0.0,0.0,0.0,0.0,0.0,0.0,0.0,0.0,0.0,0.0,0.4509544050611487,0.10149072864824844,0.0655921600431907,0.015358095589600072,0.0,0.0,0.0,0.0,0.0,0.0,0.0,0.0,0.0,0.0,0.0,0.0,0.0
APELA,APLNR,0.0,0.0,0.0,0.0,0.0,0.0,0.0,0.0,0.0,0.0,0.0,0.0,0.0,0.0,0.11360763613857439,0.05486774131240128,0.0,0.1290994636878615,0.0,0.0,0.09815415743763602,0.03941426261146291,0.0,0.1136459849869231,0.0,0.0,0.0,0.0,0.0,0.0,0.0,0.0,0.0,0.0,0.0,0.0
CCL17,CCR4,0.0,0.0,0.0,0.0,0.0,0.0,0.0,0.0,0.0,0.0,0.0,0.0,0.0,0.0,0.0,0.0,0.0,0.0,0.0,0.0,0.0,0.0,0.0,0.0,0.0,0.0,0.0,0.0,0.0,0.0,0.0,0.0,0.0,0.0,0.0,0.0
CCL22,CCR4,0.0,0.0,0.0,0.0,0.0,0.0,0.0,0.0,0.0,0.0,0.0,0.0,0.0,0.0,0.0,0.0,0.0,0.0,0.0,0.0,0.0,0.0,0.0,0.0,0.0,0.0,0.0,0.0,0.0,0.0,0.0,0.0,0.0,0.0,0.0,0.0
CCL20,CCR6,0.0,0.0,0.0,0.0,0.0,0.0,0.0,0.0,0.0,0.0,0.0,0.0,0.0,0.0,0.0,0.0,0.0,0.0,0.0,0.0,0.0647755131538343,0.03712894784123057,0.14619768431984048,0.0,0.0,0.0,0.054951242070511455,0.02730467675790773,0.13637341323651764,0.0,0.0,0.0,0.0,0.0,0.0,0.0
CCL19,CCR7,0.0,0.0,0.0,0.0,0.0,0.0,0.0,0.0,0.0,0.0,0.0,0.0,0.0,0.0,0.06747661004612102,0.03575503856776752,0.0,0.0,0.0,0.0,0.042331256490821215,0.010609685012467722,0.0,0.0,0.0,0.0,0.07933526062222482,0.04761368914387132,0.0,0.0,0.0,0.0,0.0,0.0,0.0,0.0
CCL21,CCR7,0.0,0.0,0.0,0.0,0.0,0.0,0.0,0.0,0.0,0.0,0.0,0.0,0.0,0.0,0.04334957267514509,0.011628001196791596,0.0,0.0,0.0,0.0,0.03960044487307026,0.00787887339471677,0.0,0.0,0.0,0.0,0.0,0.0,0.0,0.0,0.0,0.0,0.0,0.0,0.0,0.0
SAA1,FPR2,0.0,0.0,0.0,0.0,0.0,0.0,0.0,0.0,0.0,0.0,0.0,0.0,0.0,0.0,0.0,0.05057165350843182,0.0,0.0,0.0,0.0,0.0,0.08423127367760531,0.0,0.0,0.0,0.0,0.0,0.1390650967087073,0.0,0.0,0.0,0.0,0.0,0.0,0.0,0.0
RSPO3,LGR5,0.0,0.0,0.0,0.0,0.0,0.0,0.0,0.0,0.0,0.0,0.0,0.0,0.0,0.0,0.026737338867946644,0.013022814943383667,0.0,0.0,0.0,0.0,0.017460717241895688,0.0037461933173327114,0.0,0.0,0.0,0.0,0.04377089268751062,0.030056368762947643,0.0,0.0,0.0,0.0,0.0,0.0,0.0,0.0
NMU,NMUR2,0.0,0.0,0.0,0.0,0.0,0.0,0.0,0.0,0.0,0.0,0.0,0.0,0.0,0.0,0.0,0.002946161829573457,0.0,0.0,0.0,0.0,0.0,0.0034911876439384206,0.0,0.0,0.0,0.0,0.0,0.0,0.0,0.0,0.0,0.0,0.0,0.0,0.0,0.0
SST,SSTR1,0.0,0.0,0.0,0.0,0.0,0.0,0.0,0.0,0.0,0.0,0.0,0.0,0.0,0.0,0.0,0.0,0.0,0.0,0.0,0.0,0.0,0.0,0.0,0.0,0.0,0.0,0.0,0.0,0.0,0.0,0.0,0.0,0.0,0.0,0.0,0.0
SST,SSTR2,0.0,0.0,0.0,0.0,0.0,0.0,0.0,0.0,0.0,0.0,0.0,0.0,0.0,0.0,0.0,0.0,0.0,0.0,0.0,0.0,0.0,0.004756242861949289,0.006258763372726789,0.0,0.0,0.0,0.0,0.0,0.0,0.0,0.0,0.0,0.0,0.0,0.0,0.0
TNF,HMOX1,0.0,0.0,0.0,0.0,0.0,0.0,0.0,0.0,0.0,0.0,0.0,0.0,0.0,0.0,0.02967491760775818,0.025458993852599754,0.05821025156949821,0.0,0.0,0.0,0.022310606982288927,0.018094683227130502,0.05084594094402896,0.0,0.0,0.0,0.0,0.0,0.0,0.0,0.0,0.0,0.0,0.0,0.0,0.0
HLA-DRA,LGMN,0.0,0.0,1.7740021496269833,1.833420566018295,1.7849616115553337,1.7812590599060059,0.0,0.0,0.6706314384195935,0.730049854810905,0.6815909003479439,0.677888348698616,0.0,0.0,1.1417687840722686,1.2011872004635802,1.152728246000619,1.149025694351291,0.0,0.0,1.0207752140808461,1.0801936304721576,1.0317346760091963,1.0280321243598687,0.0,0.0,1.975867366768921,2.0352857831602327,1.9868268286972715,1.9831242770479436,0.0,0.0,1.1259645173205666,1.1853829337118782,1.136923979248917,1.133221427599589
HLA-DRB5,LGMN,0.0,0.0,0.0,0.0,0.0,0.0,0.0,0.0,0.5222571193430554,0.5816755357343669,0.5332165812714058,0.5295140296220779,0.0,0.0,0.3469885383079301,0.4064069546992416,0.3579480002362805,0.3542454485869526,0.0,0.0,0.4428660259383921,0.5022844423297036,0.4538254878667425,0.4501229362174146,0.0,0.0,0.8460420926193443,0.9054605090106558,0.8570015545476947,0.8532990028983668,0.0,0.0,0.17125897244010824,0.23067738883141975,0.1822184343684586,0.17851588271913074
HLA-DQA2,LGMN,0.0,0.0,0.0,0.0,0.0,0.0,0.0,0.0,0.0,0.0,0.0,0.0,0.0,0.0,0.0812558635550352,0.1406742799463467,0.09221532548338557,0.0885127738340577,0.0,0.0,0.06762083134918312,0.12703924774049463,0.07858029327753349,0.07487774162820564,0.0,0.0,0.10258071796842258,0.1619991343597341,0.11354017989677295,0.10983762824744508,0.0,0.0,0.0,0.0,0.0,0.0
HLA-DRB1,LGMN,0.0,0.0,1.7740021496269833,1.833420566018295,1.7849616115553337,1.7812590599060059,0.0,0.0,0.6151583343002927,0.6745767506916042,0.626117796228643,0.6224152445793152,0.0,0.0,0.925544260746211,0.9849626771375225,0.9365037226745614,0.9328011710252335,0.0,0.0,0.8923929588589252,0.9518113752502367,0.9033524207872756,0.8996498691379478,0.0,0.0,1.8748422831601266,1.9342606995514382,1.885801745088477,1.882099193439149,0.0,0.0,0.697508781364647,0.7569271977559585,0.7084682432929974,0.7047656916436695
HLA-DQB2,LGMN,0.0,0.0,0.0,0.0,0.0,0.0,0.0,0.0,0.0,0.0,0.0,0.0,0.0,0.0,0.14453307461382736,0.20395149100513887,0.15549253654217776,0.1517899848928499,0.0,0.0,0.12456852433866591,0.18398694072997743,0.1355279862670163,0.13182543461768842,0.0,0.0,0.16479342880908282,0.22421184520039433,0.1757528907374332,0.17205033908810533,0.0,0.0,0.0,0.0,0.0,0.0
LAMA3,ITGA6,0.0,0.0,0.0,0.0,0.0,0.0,0.0,0.0,0.0,0.0,0.0,0.0,0.0,0.6595184328544199,0.15949299145693802,0.15292316381600596,0.09739395361915562,0.0,0.0,0.6627127868349165,0.16268734543743457,0.15611751779650251,0.10058830759965218,0.0,0.0,0.6308131008817438,0.13078765948426196,0.12421783184332989,0.06868862164647956,0.0,0.0,0.0,0.0,0.0,0.0,0.0
VEGFD,KDR,0.0,0.0,0.0,0.0,0.0,0.0,0.0,0.0,0.0,0.0,0.0,0.0,0.0,0.0,0.0,0.0,0.0,0.0,0.0,0.8814746207639399,0.023623038754539027,0.029232907786399007,0.02059460008485086,0.0,0.0,0.0,0.0,0.0,0.0,0.0,0.0,0.0,0.0,0.0,0.0,0.0
CTSG,C3,0.0,0.0,0.0,0.0,0.0,0.0,0.0,0.0,0.0,0.0,0.0,0.0,0.0,0.16493927587324114,0.9718003611066448,0.7858582891544096,0.8351240904894945,0.9290824149971577,0.0,0.15906157712714544,0.9659226623605491,0.7799805904083139,0.8292463917433989,0.923204716251062,0.0,0.0,0.0,0.0,0.0,0.0,0.0,0.0,0.0,0.0,0.0,0.0
CGA,TSHR,0.0,0.0,0.0,0.0,0.0,0.0,0.0,0.0,0.0,0.0,0.0,0.0,0.0,0.0,0.0,0.0,0.0,0.0,0.0,0.1594278847268962,0.17034230785456878,0.40345235649852734,0.12236612024402994,0.15159679517351732,0.0,0.0,0.0,0.0,0.0,0.0,0.0,0.0,0.0,0.0,0.0,0.0
VEGFA,FLT1,0.0,0.0,0.0,0.0,0.0,0.0,0.0,0.0,0.0,0.0,0.0,0.0,0.0,0.756279783684816,0.208277619300197,0.2490791926896353,0.24304627392047923,0.1851761845849301,0.0,0.972270338306616,0.4242681739219971,0.46506974731143536,0.45903682854227934,0.4011667392067302,0.0,0.7678979219574678,0.2198957575728488,0.2606973309622871,0.254664412193131,0.1967943228575819,0.0,0.6295702492906934,0.08156808490607445,0.12236965829551272,0.11633673952635666,0.058466650190807525
PLAUR,PLAU,0.0,0.0,0.0,0.0,0.0,0.0,0.0,0.0,0.0,0.0,0.0,0.0,1.8435816551322368,0.0,0.325241764979576,0.515641512507854,0.4832489961930425,0.21392230896044895,1.775581635334584,0.0,0.2572417451819231,0.44764149271020104,0.41524897639538966,0.1459222891627961,1.8348182946966405,0.0,0.3164784045439798,0.5068781520722577,0.4744856357574463,0.20515894852485275,0.0,0.0,0.0,0.0,0.0,0.0
OSM,LIFR,0.0,0.0,0.0,0.0,0.0,0.0,0.0,0.0,0.0,0.0,0.0,0.0,0.0,0.0,0.04440761472455304,0.015466710528537585,0.016806491626498277,0.0,0.0,0.0,0.04447663799404843,0.015535733798032976,0.016875514895993666,0.0,0.0,0.0,0.0,0.0,0.0,0.0,0.0,0.0,0.0,0.0,0.0,0.0
VEGFA,KDR,0.0,0.0,0.0,0.0,0.0,0.0,0.0,0.0,0.0,0.0,0.0,0.0,0.0,1.0369370154925246,0.17908543348312378,0.18469530251498376,0.17605699481343562,0.0,0.0,1.2529275701143248,0.3950759881049239,0.40068585713678384,0.3920475494352357,0.0,0.0,1.0485551537651765,0.19070357175577557,0.19631344078763555,0.1876751330860874,0.0,0.0,0.9102274810984021,0.05237589908900122,0.0579857681208612,0.04934746041931305,0.0
KDR,VEGFA,0.0,0.0,0.0,0.0,0.0,0.0,0.0,0.0,1.0369370154925246,1.2529275701143248,1.0485551537651765,0.9102274810984021,0.0,0.0,0.17908543348312378,0.3950759881049239,0.19070357175577557,0.05237589908900122,0.0,0.0,0.18469530251498376,0.40068585713678384,0.19631344078763555,0.0579857681208612,0.0,0.0,0.17605699481343562,0.3920475494352357,0.1876751330860874,0.04934746041931305,0.0,0.0,0.0,0.0,0.0,0.0
HLA-G,CD160,0.0,0.0,0.0,0.0,0.0,0.0,0.0,0.0,0.0,0.0,0.0,0.0,0.0,0.0,0.0,0.0,0.0,0.0,0.0,0.0,0.0,0.0030343908069564974,0.0,0.0,0.0,0.0,0.0,0.0,0.0,0.0,0.0,0.0,0.0,0.0,0.0,0.0
EDN1,EDNRB,0.0,0.0,0.0,0.0,0.0,0.0,0.0,0.0,0.0,0.0,0.0,0.0,0.0,0.0,0.0,0.0,0.0,0.0,0.0,0.0,0.030740007590413475,0.03351203102965108,0.0,0.0,0.0,0.0,0.0,0.0,0.0,0.0,0.0,0.0,0.0,0.0,0.0,0.0
LAMA4,ITGA6,0.0,0.0,0.0,0.0,0.0,0.0,0.0,1.1541569381952286,0.6541314967977467,0.6475616691568147,0.5920324589599643,0.0,0.0,0.7324957798666029,0.232470338469121,0.22590051082818893,0.1703713006313386,0.0,0.0,0.647301802636267,0.14727636123878513,0.14070653359785307,0.08517732340100272,0.0,0.0,0.6255175669987997,0.12549212560131776,0.11892229796038568,0.06339308776353535,0.0,0.0,0.7580880948475429,0.25806265345006096,0.2514928258091289,0.1959636156122786,0.0
VWF,GP9,0.0,0.0,0.0,0.0,0.0,0.0,0.0,0.0,0.0,0.45607380992775665,0.0,0.0,0.0,0.0,0.0,0.18392817640224038,0.0,0.0,0.0,0.0,0.0,0.12265324667291434,0.0,0.0,0.0,0.0,0.0,0.05506194976625975,0.0,0.0,0.0,0.0,0.0,0.042061829121678405,0.0,0.0
VEGFD,FLT4,0.0,0.0,0.0,0.0,0.0,0.0,0.0,0.0,0.0,0.0,0.0,0.0,0.0,0.0,0.0,0.0,0.0,0.0,0.0,0.22198484009949596,0.021628496088203424,0.01178949675370169,0.0,0.0,0.0,0.0,0.0,0.0,0.0,0.0,0.0,0.0,0.0,0.0,0.0,0.0
CCL2,CCR4,0.0,0.0,0.0,0.0,0.0,0.0,0.0,0.0,0.0,0.0,0.0,0.0,0.0,0.0,0.0,0.0,0.0,0.0,0.0,0.0,0.0,0.0,0.0,0.0,0.0,0.0,0.0,0.0,0.0,0.0,0.0,0.0,0.0,0.0,0.0,0.0
TG,TPO,0.0,0.0,0.0,1.729564404185876,0.0,0.0,0.0,0.0,0.0,1.388636624511346,0.0,0.0,0.0,0.0,0.0,1.5297321124404482,0.0,0.0,0.0,0.0,0.0,1.9096215246574828,0.0,0.0,0.0,0.0,0.0,1.0995956135543308,0.0,0.0,0.0,0.0,0.0,0.9463423589686344,0.0,0.0
HLA-G,KLRC1,0.0,0.0,0.0,0.0,0.0,0.0,0.0,0.0,0.0,0.0,0.0,0.0,0.0,0.0,0.0,0.0,0.0,0.0,0.0,0.0,0.0,0.004297040007412824,0.0,0.0,0.0,0.0,0.0,0.0,0.0,0.0,0.0,0.0,0.0,0.0,0.0,0.0
MMP9,LRP1,0.0,0.0,0.0,0.0,0.0,0.0,0.0,0.0,0.0,0.0,0.0,0.0,0.0,0.0,0.7736061421496357,0.2745100460102896,0.43081276155822906,0.38900589909041783,0.0,0.0,0.7786231359886981,0.27952703984935195,0.43582975539729135,0.3940228929294801,0.0,0.0,0.832715711159118,0.3336196150197719,0.4899223305677113,0.44811546809990005,0.0,0.0,0.8224070310041933,0.32331093486484713,0.4796136504127866,0.43780678794497535
MMRN2,CD93,0.0,0.0,0.0,0.0,0.0,0.0,0.0,2.471900999546051,1.4188948426377122,1.342235578304623,1.489158557695255,1.3846602936585743,0.0,1.240103352870514,0.18709719596217522,0.11043793162908605,0.2573609110197181,0.15286264698303756,0.0,1.2567170145793245,0.20371085767098562,0.12705159333789645,0.2739745727285285,0.16947630869184796,0.0,0.0,0.0,0.0,0.0,0.0,0.0,1.328299906991777,0.27529375008343804,0.19863448575034887,0.3455574651409809,0.24105920110430037
TSPAN1,ITGA6,0.0,0.0,0.0,0.0,0.0,0.0,0.0,0.0,0.0,0.0,0.0,0.0,0.0,0.6723732370049206,0.17234779560743874,0.16577796796650668,0.11024875776965633,0.0,0.0,0.8996991463259429,0.399673704928461,0.39310387728752894,0.3375746670906786,0.0,0.0,0.8208282370316355,0.3208027956341536,0.31423296799322153,0.2587037577963712,0.0,0.0,0.0,0.0,0.0,0.0,0.0
MMRN2,CLEC14A,0.0,0.0,0.0,0.0,0.0,0.0,0.0,2.0324216037988663,1.303956250497951,1.2902682732404998,0.0,1.3702926763466425,0.0,0.8006239571233293,0.07215860382241396,0.05847062656496281,0.0,0.13849502967110575,0.0,0.8172376188321397,0.08877226553122436,0.07508428827377323,0.0,0.15510869137991615,0.0,0.0,0.0,0.0,0.0,0.0,0.0,0.8888205112445922,0.16035515794367677,0.14666718068622564,0.0,0.2266915837923686
SAA1,CD36,0.0,0.0,0.0,0.0,0.0,0.0,0.0,0.0,0.0,0.0,0.0,0.0,0.0,0.3812619914759451,0.08082312108272344,0.06901308363423235,0.0,0.07936400730049009,0.0,0.4149216116451186,0.11448274125189695,0.10267270380340585,0.0,0.11302362746966359,0.0,0.46975543467622055,0.1693165642829989,0.1575065268345078,0.0,0.16785745050076556,0.0,0.0,0.0,0.0,0.0,0.0
LY6H,CD36,0.0,0.0,0.0,0.0,0.0,0.0,0.0,0.0,0.0,0.0,0.0,0.0,0.0,0.35178088148434955,0.05134201109112792,0.039531973642636824,0.0,0.049882897308894565,0.0,0.333392124930653,0.03295325453743135,0.02114321708894026,0.0,0.031494140755198,0.0,0.0,0.0,0.0,0.0,0.0,0.0,0.0,0.0,0.0,0.0,0.0
CCL11,ACKR1,0.0,0.0,0.0,0.0,0.0,0.0,0.0,0.0,0.0,0.0,0.0,0.0,0.0,0.0,0.054445189030016244,0.029963234651853424,0.040468531945326715,0.0,0.0,0.0,0.03790044668387906,0.013418492305716243,0.023923789599189532,0.0,0.0,0.0,0.0,0.0,0.0,0.0,0.0,0.0,0.0,0.0,0.0,0.0
CCL13,ACKR1,0.0,0.0,0.0,0.0,0.0,0.0,0.0,0.0,0.0,0.0,0.0,0.0,0.0,0.0,0.06439505406280062,0.039913099684637805,0.050418396978111096,0.0,0.0,0.0,0.0510952985516653,0.026613344173502484,0.03711864146697577,0.0,0.0,0.0,0.1437113813218973,0.11922942694373448,0.12973472423720778,0.0,0.0,0.0,0.11415316415493931,0.08967120977677649,0.10017650707024979,0.0
CCL14,ACKR1,0.0,0.0,0.0,0.0,0.0,0.0,0.0,0.0,0.0,0.0,0.0,0.0,0.0,0.0,0.0617202389892654,0.03723828461110259,0.04774358190457588,0.0,0.0,0.0,0.045524927835523615,0.021042973457360798,0.03154827075083409,0.0,0.0,0.0,0.0,0.0,0.0,0.0,0.0,0.0,0.0,0.0,0.0,0.0
CCL17,ACKR1,0.0,0.0,0.0,0.0,0.0,0.0,0.0,0.0,0.0,0.0,0.0,0.0,0.0,0.0,0.23981920670514084,0.215337252326978,0.2258425496204513,0.0,0.0,0.0,0.11803884370977312,0.0935568893316103,0.1040621866250836,0.0,0.0,0.0,0.4786713766502317,0.4541894222720689,0.46469471956554215,0.0,0.0,0.0,0.14774189714683905,0.12325994276867624,0.13376524006214954,0.0
CCL2,ACKR1,0.0,0.0,0.0,0.0,0.0,0.0,0.0,0.0,0.1938490062507231,0.16936705187256026,0.17987234916603356,0.0,0.0,0.0,0.12907896824737092,0.10459701386920811,0.11510231116268141,0.0,0.0,0.0,0.054228682896537594,0.02974672851837478,0.04025202581184807,0.0,0.0,0.0,0.08643630879747521,0.061954354419312394,0.07245965171278569,0.0,0.0,0.0,0.12487169712591273,0.10038974274774991,0.1108950400412232,0.0
CCL5,ACKR1,0.0,0.0,0.0,0.0,0.0,0.0,0.0,0.0,0.0,0.0,0.0,0.0,0.0,0.0,0.07837324800776012,0.0538912936295973,0.0643965909230706,0.0,0.0,0.0,0.06616903819080082,0.041687083812638,0.052192381106111296,0.0,0.0,0.0,0.2111230586782492,0.18664110430008637,0.19714640159355967,0.0,0.0,0.0,0.0,0.0,0.0,0.0
CXCL8,ACKR1,0.0,0.0,0.0,0.0,0.0,0.0,0.0,0.0,0.0,0.0,0.0,0.0,0.0,0.0,0.038697804088023174,0.014215849709860355,0.024721147003333645,0.0,0.0,0.0,0.04378132500667224,0.01929937062850942,0.029804667921982712,0.0,0.0,0.0,0.0605601778233916,0.03607822344522878,0.046583520738702075,0.0,0.0,0.0,0.0,0.0,0.0,0.0
PPBP,ACKR1,0.0,0.0,0.0,0.0,0.0,0.0,0.0,0.0,0.0,0.0,0.0,0.0,0.0,0.0,0.0,0.0,0.0,0.0,0.0,0.0,0.035784782737266735,0.011302828359103921,0.021808125652577212,0.0,0.0,0.0,0.1200974871270099,0.09561553274884708,0.10612083004232038,0.0,0.0,0.0,0.0,0.0,0.0,0.0
CXCL1,ACKR1,0.0,0.0,0.0,0.0,0.0,0.0,0.0,0.0,0.0,0.0,0.0,0.0,0.0,0.0,0.044083192870391544,0.019601238492228727,0.030106535785702018,0.0,0.0,0.0,0.03766517004293329,0.01318321566477047,0.02368851295824376,0.0,0.0,0.0,0.0,0.0,0.0,0.0,0.0,0.0,0.0,0.0,0.0,0.0
CXCL2,ACKR1,0.0,0.0,0.0,0.0,0.0,0.0,0.0,0.0,0.3053056984695036,0.2808237440913408,0.2913290413848141,0.0,0.0,0.0,0.056685517379893594,0.03220356300173077,0.04270886029520407,0.0,0.0,0.0,0.0692241406206845,0.04474218624252167,0.05524748353599496,0.0,0.0,0.0,0.07425823285648978,0.04977627847832697,0.06028157577180025,0.0,0.0,0.0,0.08513331451395681,0.060651360135794,0.07115665742926729,0.0
CXCL13,ACKR4,0.0,0.0,0.0,0.0,0.0,0.0,0.0,0.0,0.0,0.0,0.0,0.0,0.0,0.0,0.026748383519661367,0.014816710195100582,0.0,0.0,0.0,0.0,0.012827389110673187,0.0008957157861124017,0.0,0.0,0.0,0.0,0.03535791509717695,0.023426241772616166,0.0,0.0,0.0,0.0,0.0,0.0,0.0,0.0
CCL5,CCR4,0.0,0.0,0.0,0.0,0.0,0.0,0.0,0.0,0.0,0.0,0.0,0.0,0.0,0.0,0.0,0.0,0.0,0.0,0.0,0.0,0.0,0.0,0.0,0.0,0.0,0.0,0.0,0.0,0.0,0.0,0.0,0.0,0.0,0.0,0.0,0.0
DEFB1,CCR6,0.0,0.0,0.0,0.0,0.0,0.0,0.0,0.0,0.0,0.0,0.0,0.0,0.0,0.0,0.0,0.0,0.0,0.0,0.0,0.0,0.05005591586650471,0.02240935055390098,0.1314780870325109,0.0,0.0,0.0,0.0,0.0,0.0,0.0,0.0,0.0,0.0,0.0,0.0,0.0
CCL23,FPR2,0.0,0.0,0.0,0.0,0.0,0.0,0.0,0.0,0.0,0.0,0.0,0.0,0.0,0.0,0.0,0.0,0.0,0.0,0.0,0.0,0.0,0.0008060590145550423,0.0,0.0,0.0,0.0,0.0,0.011775637337977053,0.0,0.0,0.0,0.0,0.0,0.0,0.0,0.0
DCN,KDR,0.0,0.0,0.0,0.0,0.0,0.0,0.0,1.1024985313415527,0.24464694933215184,0.2502568183640118,0.24161851066246368,0.0,0.0,2.377992263258393,1.5201406812489924,1.5257505502808524,1.5171122425793042,0.0,0.0,1.2239179984345387,0.3660664164251379,0.3716762854569978,0.36303797775544966,0.0,0.0,1.7813818195932791,0.9235302375838781,0.9291401066157381,0.9205017989141899,0.0,0.0,2.058197544444175,1.200345962434774,1.205955831466634,1.197317523765086,0.0
GREM1,KDR,0.0,0.0,0.0,0.0,0.0,0.0,0.0,0.0,0.0,0.0,0.0,0.0,0.0,0.9531119935103317,0.09526041150093079,0.10087028053279076,0.09223197283124263,0.0,0.0,0.8887687110162656,0.03091712900686473,0.03652699803872471,0.02788869033717656,0.0,0.0,0.0,0.0,0.0,0.0,0.0,0.0,0.0,0.0,0.0,0.0,0.0
APOE,LDLR,0.0,0.0,0.0,0.0,0.0,0.0,0.0,0.7608752548694611,0.4045895893330598,0.4193181482193745,0.4300285543788943,0.0,0.0,1.1681235335507796,0.8118378680143783,0.826566426900693,0.8372768330602128,0.0,0.0,1.4541139124720546,1.0978282469356533,1.112556805821968,1.123267211981488,0.0,0.0,1.2207219571920862,0.864436291655685,0.8791648505419998,0.8898752567015196,0.0,0.0,0.42240368255547117,0.06611801701906987,0.08084657590538459,0.09155698206490442,0.0
MDK,LRP1,0.0,0.0,0.0,0.0,0.0,0.0,0.0,0.0,1.2794541471929692,0.7803580510536231,0.9366607666015625,0.8948539041337513,0.0,0.0,1.7139203769354086,1.2148242807960623,1.3711269963440018,1.3293201338761904,0.0,0.0,1.8070224187499384,1.3079263226105922,1.4642290381585317,1.4224221756907205,0.0,0.0,1.2825934652743398,0.7834973691349937,0.9398000846829331,0.8979932222151219,0.0,0.0,0.910742037014158,0.4116459408748119,0.5679486564227513,0.5261417939549401
DLK1,NOTCH3,0.0,0.0,0.0,0.0,0.0,0.0,0.0,0.0,0.0,0.0,0.0,0.0,0.0,0.0,0.0,0.0,0.0,0.0,0.0,0.0,0.0,0.0,0.0,0.0,0.0,0.0,0.0,0.0,0.0,0.0,0.0,0.0,0.0,0.0,0.0,0.0
DLL4,NOTCH3,0.0,0.0,0.0,0.0,0.0,0.0,0.0,2.2480892091989517,1.271828299508759,1.1922211857978864,1.155557448665301,1.1543571388437635,0.0,1.2577345279318777,0.28147361824168493,0.2018665045308124,0.1652027673982269,0.16400245757668935,0.0,1.2511129559287473,0.27485204623855447,0.19524493252768196,0.15858119539509646,0.15738088557355892,0.0,1.2636262084308423,0.28736529874064964,0.2077581850297771,0.17109444789719164,0.16989413807565407,0.0,1.283496570019495,0.3072356603293022,0.22762854661842968,0.1909648094858442,0.18976449966430664
DLL1,NOTCH4,0.0,0.0,0.0,0.0,0.0,0.0,0.0,0.0,0.0,0.0,0.0,0.0,0.0,0.28631163518227154,0.08028489692294183,0.05616356515547216,0.0,0.07090220730103071,0.0,0.28555602640850986,0.07952928814918012,0.05540795638171045,0.0,0.070146598527269,0.0,0.0,0.0,0.0,0.0,0.0,0.0,0.349627354315349,0.14360061605601931,0.11947928428854965,0.0,0.13421792643410818
JAG1,NOTCH4,0.0,0.0,0.0,0.0,0.0,0.0,0.0,1.4540118873119354,1.2479851490526057,1.223863817285136,0.0,1.2386024594306946,0.0,0.3776569314560487,0.17163019319671896,0.1475088614292493,0.0,0.16224750357480783,0.0,0.3789299577132824,0.1729032194539527,0.14878188768648304,0.0,0.16352052983204157,0.0,0.3125660827285365,0.10653934446920678,0.08241801270173711,0.0,0.09715665484729566,0.0,0.5484674672285716,0.3424407289692419,0.3183193972017722,0.0,0.33305803934733075
DLK1,NOTCH4,0.0,0.0,0.0,0.0,0.0,0.0,0.0,0.0,0.0,0.0,0.0,0.0,0.0,0.0,0.0,0.0,0.0,0.0,0.0,0.0,0.0,0.0,0.0,0.0,0.0,0.0,0.0,0.0,0.0,0.0,0.0,0.0,0.0,0.0,0.0,0.0
TNFSF14,TNFRSF6B,0.0,0.0,0.0,0.0,0.0,0.0,0.0,0.0,0.0,0.0,0.0,0.0,0.0,0.0,0.0,0.0,0.0,0.0,0.0,0.4174812558457392,0.0661817312419477,0.04595632171978488,0.09797276708189655,0.08851194186091371,0.0,0.0,0.0,0.0,0.0,0.0,0.0,0.0,0.0,0.0,0.0,0.0
SCT,RAMP2,0.0,0.0,0.0,0.0,0.0,0.0,0.0,0.0,0.0,0.0,0.0,0.0,0.0,1.4285009054105673,0.10941758618425967,0.09445450822815554,0.08380254270456698,0.07918476681380554,0.0,1.4084669137532246,0.08938359452691688,0.07442051657081275,0.0637685510472242,0.059150775156462755,0.0,1.4182233219606835,0.0991400027343758,0.08417692477827167,0.07352495925468311,0.06890718336392167,0.0,0.0,0.0,0.0,0.0,0.0
SCT,RAMP3,0.0,0.0,0.0,0.0,0.0,0.0,0.0,0.0,0.0,0.0,0.0,0.0,0.0,0.47104871250800234,0.12158503609510204,0.0856864674900443,0.035452403036453674,0.0,0.0,0.4510147208506595,0.10155104443775925,0.0656524758327015,0.015418411379110892,0.0,0.0,0.46077112905811846,0.11130745264521817,0.07540888404016043,0.0251748195865698,0.0,0.0,0.0,0.0,0.0,0.0,0.0
SCT,TSHR,0.0,0.0,0.0,0.0,0.0,0.0,0.0,0.0,0.0,0.0,0.0,0.0,0.0,0.18178434647730926,0.19269876960498183,0.42580881824894046,0.14472258199444302,0.17395325692393038,0.0,0.1617503548199665,0.17266477794763907,0.40577482659159764,0.12468859033710022,0.1539192652665876,0.0,0.1715067630274254,0.18242118615509798,0.41553123479905657,0.13444499854455913,0.16367567347404652,0.0,0.0,0.0,0.0,0.0,0.0
COMP,CD36,0.0,0.0,0.0,0.0,0.0,0.0,0.0,0.0,0.0,0.0,0.0,0.0,0.0,1.5530052588353702,1.2525663884421485,1.2407563509936574,0.0,1.2511072746599152,0.0,0.6336566734604958,0.3332178030672741,0.32140776561878304,0.0,0.33175868928504076,0.0,0.6599559198346054,0.3595170494413838,0.3477070119928927,0.0,0.35805793565915045,0.0,1.5839419180438632,1.2835030476506415,1.2716930102021504,0.0,1.2820439338684082
CCL2,ACKR4,0.0,0.0,0.0,0.0,0.0,0.0,0.0,0.0,0.17139427504729277,0.15946260172273197,0.0,0.0,0.0,0.0,0.1066242370439406,0.09469256371937981,0.0,0.0,0.0,0.0,0.03177395169310727,0.019842278368546483,0.0,0.0,0.0,0.0,0.06398157759404488,0.0520499042694841,0.0,0.0,0.0,0.0,0.1024169659224824,0.09048529259792161,0.0,0.0
CCL13,ACKR4,0.0,0.0,0.0,0.0,0.0,0.0,0.0,0.0,0.0,0.0,0.0,0.0,0.0,0.0,0.04194032285937029,0.030008649534809508,0.0,0.0,0.0,0.0,0.028640567348234974,0.016708894023674186,0.0,0.0,0.0,0.0,0.12125665011846697,0.10932497679390618,0.0,0.0,0.0,0.0,0.09169843295150898,0.0797667596269482,0.0,0.0
CXCL6,ACKR1,0.0,0.0,0.0,0.0,0.0,0.0,0.0,0.0,0.0,0.0,0.0,0.0,0.0,0.0,0.0,0.0,0.0,0.0,0.0,0.0,0.03968552426328642,0.015203569885123603,0.025708867178596894,0.0,0.0,0.0,0.058766142848774724,0.034284188470611904,0.0447894857640852,0.0,0.0,0.0,0.0,0.0,0.0,0.0
CEACAM6,STAB1,0.0,0.0,0.0,0.0,0.0,0.0,0.0,0.0,0.0,0.0,0.0,0.0,0.0,0.0,0.0,0.0,0.0,0.0,0.0,0.32207513097698065,0.16198808626940248,0.09502335379527561,0.184652890882846,0.0893394786778263,0.0,0.32771960319134225,0.16763255848376407,0.10066782600963722,0.1902973630972076,0.0949839508921879,0.0,0.0,0.0,0.0,0.0,0.0
THBS1,ITGA6,0.0,0.0,0.0,0.0,0.0,0.0,0.0,0.7604545056819916,0.2604290642845097,0.2538592366435776,0.1983300264467273,0.0,0.0,1.4231137123273974,0.9230882709299153,0.9165184432889832,0.8609892330921329,0.0,0.0,0.8211258134827858,0.32110037208530384,0.3145305444443718,0.2590013342475215,0.0,0.0,0.8294935754516668,0.32946813405418496,0.3228983064132529,0.2673690962164026,0.0,0.0,1.029499161811102,0.5294737204136202,0.5229038927726881,0.4673746825758377,0.0
THBS1,CD36,0.0,0.0,0.0,0.0,0.0,0.0,0.0,0.4900645613670349,0.18962569097381327,0.17781565352532216,0.0,0.18816657719157992,0.0,1.1527237680124407,0.8522848976192189,0.8404748601707278,0.0,0.8508257838369856,0.0,0.5507358691678291,0.2502969987746074,0.23848696132611635,0.0,0.2488378849923741,0.0,0.5591036311367101,0.25866476074348854,0.24685472329499744,0.0,0.2572056469612552,0.0,0.7591092174961453,0.4586703471029237,0.44686030965443263,0.0,0.45721123332069036
VWF,SCARA5,0.0,0.0,0.0,0.0,0.0,0.0,0.0,0.0,0.0,0.4566304721182327,0.0,0.0,0.0,0.0,0.0,0.18448483859271644,0.0,0.0,0.0,0.0,0.0,0.12320990886339041,0.0,0.0,0.0,0.0,0.0,0.055618611956735814,0.0,0.0,0.0,0.0,0.0,0.04261849131215447,0.0,0.0
FGF7,FGFR4,0.0,0.0,0.0,0.0,0.0,0.0,0.0,0.0,0.0,0.0,0.0,0.0,0.0,0.0,0.0,0.20142284619669293,0.0,0.0,0.0,0.0,0.0,0.02220775916449833,0.0,0.0,0.0,0.0,0.0,0.0,0.0,0.0,0.0,0.0,0.0,0.09557840769704433,0.0,0.0
PTH2,TSHR,0.0,0.0,0.0,0.0,0.0,0.0,0.0,0.0,0.0,0.0,0.0,0.0,0.0,0.0,0.0,0.0,0.0,0.0,0.0,0.0,0.0,0.0,0.0,0.0,0.0,0.0,0.0,0.0,0.0,0.0,0.0,0.0,0.0,0.0,0.0,0.0
TFF2,MUC6,0.0,0.0,0.0,0.0,0.0,0.0,0.0,0.0,0.0,0.0,0.0,0.0,0.0,0.0,0.0,0.0,0.0,0.0,0.0,0.0,0.0,0.0,0.0,0.0,0.0,0.0,0.0,0.0,0.0,0.0,0.0,0.0,0.0,0.0,0.0,0.0
TFF1,MUC5AC,0.0,0.0,0.0,0.0,0.0,0.0,0.0,0.0,0.0,0.0,0.0,0.0,0.0,0.0,0.0,0.0,0.0,0.0,0.0,0.0,0.0,0.0,0.0,0.0,0.0,0.0,0.0,0.0,0.0,0.0,0.0,0.0,0.0,0.0,0.0,0.0
S100A1,RYR2,0.0,0.0,0.0,0.0,0.0,0.0,0.0,0.0,0.0,0.0,0.0,0.0,0.0,0.0,0.0,0.12832252604844174,0.0,0.0,0.0,0.0,0.0,0.2545698902241368,0.0,0.0,0.0,0.0,0.0,0.09355672872094115,0.0,0.0,0.0,0.0,0.0,0.0,0.0,0.0
SCGB3A1,MARCO,0.0,0.0,0.0,0.0,0.0,0.0,0.0,0.0,0.2895803719907258,0.285054089982419,0.5286148467607665,0.0,0.0,0.0,0.2006861923345879,0.1961599103262811,0.43972066710462865,0.0,0.0,0.0,0.3584458760723687,0.3539195940640619,0.5974803508424095,0.0,0.0,0.0,0.17648400461901603,0.17195772261070927,0.41551847938905684,0.0,0.0,0.0,0.0,0.0,0.0,0.0
ANGPTL4,GPIHBP1,0.0,0.0,0.0,0.0,0.0,0.0,0.0,0.0,0.0,0.0,0.0,0.0,0.0,0.0,0.13686453999571538,0.13190081719464236,0.0,0.0,0.0,0.0,0.18669717198239755,0.18173344918132453,0.0,0.0,0.0,0.0,0.1535388399915378,0.1485751171904648,0.0,0.0,0.0,0.0,0.0,0.0,0.0,0.0
ANGPTL4,TIE1,0.0,0.0,0.0,0.0,0.0,0.0,0.0,0.0,0.0,0.0,0.0,0.0,0.0,0.3491573629539404,0.16394290342852844,0.1487296237040148,0.15765768764030874,0.0,0.0,0.3989899949406226,0.2137755354152106,0.19856225569069696,0.2074903196269909,0.0,0.0,0.3658316629497629,0.18061720342435086,0.16540392369983722,0.17433198763613117,0.0,0.0,0.0,0.0,0.0,0.0,0.0
IGF1,INSR,0.0,0.0,0.0,0.0,0.0,0.0,0.0,0.0,0.0,0.0,0.0,0.0,0.0,0.5405420284366134,0.13093142871239885,0.16493335760742955,0.0,0.16413587539350216,0.0,0.49166442806616445,0.08205382834194998,0.11605575723698067,0.0,0.11525827502305329,0.0,0.0,0.0,0.0,0.0,0.0,0.0,0.0,0.0,0.0,0.0,0.0
PCSK9,LDLR,0.0,0.0,0.0,0.0,0.0,0.0,0.0,0.0,0.0,0.0,0.0,0.0,0.0,0.0,0.0,0.0,0.0,0.0,0.0,0.3811115567739638,0.02482589123756251,0.03955445012387723,0.05026485628339707,0.0,0.0,0.41100235440229116,0.054716688865889866,0.06944524775220459,0.08015565391172443,0.0,0.0,0.0,0.0,0.0,0.0,0.0
CXCL11,ACKR1,0.0,0.0,0.0,0.0,0.0,0.0,0.0,0.0,0.0,0.0,0.0,0.0,0.0,0.0,0.0,0.0,0.0,0.0,0.0,0.0,0.0360207958334393,0.011538841455276484,0.022044138748749775,0.0,0.0,0.0,0.0,0.0,0.0,0.0,0.0,0.0,0.0,0.0,0.0,0.0
ANGPT2,TIE1,0.0,0.0,0.0,0.0,0.0,0.0,0.0,0.7012267559766769,0.5160122964512649,0.5007990167267513,0.5097270806630453,0.0,0.0,0.24087950594686158,0.05566504642144957,0.04045176669693594,0.04937983063322987,0.0,0.0,0.23732987449530069,0.05211541496988868,0.036902135245375056,0.04583019918166899,0.0,0.0,0.0,0.0,0.0,0.0,0.0,0.0,0.29925047712666647,0.11403601760125448,0.09882273787674085,0.10775080181303479,0.0
CALCA,TSHR,0.0,0.0,0.0,0.0,0.0,0.0,0.0,0.0,0.0,0.0,0.0,0.0,0.0,0.0,0.0,0.0,0.0,0.0,0.0,0.16449614349132596,0.17541056661899854,0.40852061526295713,0.12743437900845972,0.15666505393794708,0.0,0.0,0.0,0.0,0.0,0.0,0.0,0.0,0.0,0.0,0.0,0.0
THBS2,NOTCH4,0.0,2.3352624475955963,2.1292357093362666,2.105114377568797,0.0,2.1198530197143555,0.0,0.7558918595314026,0.5498651212720729,0.5257437895046032,0.0,0.5404824316501617,0.0,1.3361731499285248,1.130146411669195,1.1060250799017253,0.0,1.120763722047284,0.0,0.4857401020854204,0.27971336382609063,0.25559203205862097,0.0,0.27033067420417956,0.0,0.7445491149760128,0.5385223767166831,0.5144010449492135,0.0,0.529139687094772,0.0,1.2826427008424486,1.0766159625831189,1.052494630815649,0.0,1.0672332729612077
THBS2,ITGA6,0.0,2.666393756866455,2.166368315468973,2.159798487828041,2.104269277631191,0.0,0.0,1.0870231688022614,0.5869977274047795,0.5804278997638475,0.524898689566997,0.0,0.0,1.6673044591993835,1.1672790178019017,1.1607091901609696,1.1051799799641193,0.0,0.0,0.8168714113562792,0.3168459699587972,0.31027614231786516,0.25474693212101485,0.0,0.0,1.0756804242468716,0.5756549828493898,0.5690851552084577,0.5135559450116074,0.0,0.0,1.6137740101133073,1.1137485687158255,1.1071787410748934,1.0516495308780431,0.0
THBS2,CD36,0.0,2.3960038125514984,2.0955649421582767,2.0837549047097856,0.0,2.094105828376043,0.0,0.8166332244873047,0.516194354094083,0.5043843166455919,0.0,0.5147352403118497,0.0,1.3969145148844269,1.0964756444912052,1.084665607042714,0.0,1.0950165307089719,0.0,0.5464814670413225,0.24604259664810083,0.23423255919960972,0.0,0.24458348286586748,0.0,0.8052904799319149,0.5048516095386933,0.4930415720902023,0.0,0.50339249575646,0.0,1.3433840657983507,1.042945195405129,1.031135157956638,0.0,1.0414860816228957
S100A8,CD36,0.0,0.0,0.0,0.0,0.0,0.0,0.0,0.0,0.0,0.0,0.0,0.0,0.0,0.3394967508849813,0.03905788049175965,0.027247843043268556,0.0,0.0375987667095263,0.0,0.34028360586452294,0.03984473547130132,0.028034698022810223,0.0,0.038385621689067964,0.0,0.3461770786528002,0.04573820825957853,0.033928170811087434,0.0,0.044279094477345175,0.0,0.0,0.0,0.0,0.0,0.0
S100A12,CD36,0.0,0.0,0.0,0.0,0.0,0.0,0.0,0.0,0.0,0.0,0.0,0.0,0.0,0.0,0.0,0.0,0.0,0.0,0.0,0.0,0.0,0.0,0.0,0.0,0.0,0.0,0.0,0.0,0.0,0.0,0.0,0.0,0.0,0.0,0.0,0.0
S100A9,CD36,0.0,0.0,0.0,0.0,0.0,0.0,0.0,0.4900645613670349,0.18962569097381327,0.17781565352532216,0.0,0.18816657719157992,0.0,0.3930281642361067,0.09258929384288503,0.08077925639439394,0.0,0.09113018006065168,0.0,0.4126765232699219,0.11223765287670025,0.10042761542820915,0.0,0.11077853909446689,0.0,0.7275853465523636,0.427146476159142,0.4153364387106509,0.0,0.42568736237690863,0.0,0.0,0.0,0.0,0.0,0.0
CALCB,TSHR,0.0,0.0,0.0,0.0,0.0,0.0,0.0,0.0,0.0,0.0,0.0,0.0,0.0,0.0,0.0,0.0,0.0,0.0,0.0,0.16169003903045567,0.17260446215812825,0.4057145108020868,0.12462827454758942,0.1538589494770768,0.0,0.0,0.0,0.0,0.0,0.0,0.0,0.0,0.0,0.0,0.0,0.0
MDK,ITGA6,0.0,0.0,0.0,0.0,0.0,0.0,0.0,1.1618579626083374,0.6618325212108556,0.6552626935699235,0.5997334833730731,0.0,0.0,1.5963241923507767,1.0962987509532947,1.0897289233123626,1.0341997131155123,0.0,0.0,1.6894262341653066,1.1894007927678247,1.1828309651268927,1.1273017549300424,0.0,0.0,1.164997280689708,0.6649718392922261,0.6584020116512941,0.6028728014544437,0.0,0.0,0.7931458524295262,0.29312041103204434,0.2865505833911123,0.23102137319426191,0.0
ADM,TSHR,0.0,0.0,0.0,0.0,0.0,0.0,0.0,0.0,0.0,0.0,0.0,0.0,0.0,0.25532051742966494,0.26623494055733754,0.4993449892012961,0.2182587529467987,0.24748942787628608,0.0,0.3447721399181324,0.3556865630458049,0.5887966116897635,0.3077103754352661,0.33694105036475347,0.0,0.24759286589789808,0.25850728902557063,0.49161733766952925,0.21053110141503184,0.2397617763445192,0.0,0.24192632805733455,0.2528407511850071,0.4859507998289657,0.20486456357446828,0.23409523850395564
CGA,RAMP3,0.0,0.0,0.0,0.0,0.0,0.0,0.0,0.0,0.0,0.0,0.0,0.0,0.0,0.0,0.0,0.0,0.0,0.0,0.0,0.44869225075758923,0.09922857434468897,0.06333000573963123,0.013095941286040602,0.0,0.0,0.0,0.0,0.0,0.0,0.0,0.0,0.0,0.0,0.0,0.0,0.0
CXCL8,CD79A,0.0,0.0,0.0,0.0,0.0,0.0,0.0,0.0,0.0,0.0,0.0,0.0,0.0,0.0,0.013936332209193292,0.009841195217401816,0.0,0.0,0.0,0.0,0.019019853127842358,0.01492471613605088,0.0,0.0,0.0,0.0,0.03579870594456172,0.03170356895277024,0.0,0.0,0.0,0.0,0.0,0.0,0.0,0.0
PTH2,RAMP3,0.0,0.0,0.0,0.0,0.0,0.0,0.0,0.0,0.0,0.0,0.0,0.0,0.0,0.0,0.0,0.0,0.0,0.0,0.0,0.0,0.0,0.0,0.0,0.0,0.0,0.0,0.0,0.0,0.0,0.0,0.0,0.0,0.0,0.0,0.0,0.0
APOE,LRP1,0.0,0.0,0.0,0.0,0.0,0.0,0.0,0.0,1.0995550656051778,0.6004589694658317,0.7567616850137711,0.7149548225459599,0.0,0.0,1.5068033442864963,1.00770724814715,1.1640099636950896,1.1222031012272784,0.0,0.0,1.7927937232077713,1.293697627068425,1.4500003426163646,1.4081934801485534,0.0,0.0,1.559401767927803,1.060305671788457,1.2166083873363962,1.174801524868585,0.0,0.0,0.7610834932911879,0.2619873971518417,0.41829011269978117,0.37648325023196993
PCSK9,LRP1,0.0,0.0,0.0,0.0,0.0,0.0,0.0,0.0,0.0,0.0,0.0,0.0,0.0,0.0,0.0,0.0,0.0,0.0,0.0,0.0,0.7197913675096805,0.22069527137033437,0.3769979869182738,0.33519112445046256,0.0,0.0,0.7496821651380079,0.2505860689986617,0.40688878454660116,0.3650819220787899,0.0,0.0,0.0,0.0,0.0,0.0
THBS1,LRP1,0.0,0.0,0.0,0.0,0.0,0.0,0.0,0.0,0.8780506902666234,0.3789545941272773,0.5352573096752167,0.49345044720740544,0.0,0.0,1.5407098969120292,1.041613800772683,1.1979165163206225,1.156109653852811,0.0,0.0,0.9387219980674176,0.43962590192807144,0.5959286174760109,0.5541217550081996,0.0,0.0,0.9470897600362986,0.4479936638969525,0.6042963794448919,0.5624895169770807,0.0,0.0,1.1470953463957339,0.6479992502563877,0.8043019658043271,0.7624951033365159
VWF,LRP1,0.0,0.0,0.0,0.0,0.0,0.0,0.0,0.0,1.1750954740972661,0.67599937795792,0.8323020935058594,0.7904952310380482,0.0,0.0,0.9029498405717499,0.4038537444324037,0.5601564599803431,0.5183495975125318,0.0,0.0,0.8416749108424239,0.34257881470307766,0.4988815302510171,0.4570746677832058,0.0,0.0,0.7740836139357692,0.27498751779642305,0.4312902333443625,0.38948337087655127,0.0,0.0,0.7610834932911879,0.2619873971518417,0.41829011269978117,0.37648325023196993
CGA,RAMP2,0.0,0.0,0.0,0.0,0.0,0.0,0.0,0.0,0.0,0.0,0.0,0.0,0.0,0.0,0.0,0.0,0.0,0.0,0.0,1.4061444436601542,0.0870611244338466,0.07209804647774247,0.061446080954153916,0.05682830506339247,0.0,0.0,0.0,0.0,0.0,0.0,0.0,0.0,0.0,0.0,0.0,0.0
CCL11,ACKR4,0.0,0.0,0.0,0.0,0.0,0.0,0.0,0.0,0.0,0.0,0.0,0.0,0.0,0.0,0.03199045782658591,0.020058784502025126,0.0,0.0,0.0,0.0,0.015445715480448732,0.003514042155887946,0.0,0.0,0.0,0.0,0.0,0.0,0.0,0.0,0.0,0.0,0.0,0.0,0.0,0.0
CCL7,ACKR4,0.0,0.0,0.0,0.0,0.0,0.0,0.0,0.0,0.0,0.0,0.0,0.0,0.0,0.0,0.0,0.0,0.0,0.0,0.0,0.0,0.012765966241051495,0.0008342929164907099,0.0,0.0,0.0,0.0,0.022128488512431245,0.010196815187870458,0.0,0.0,0.0,0.0,0.0,0.0,0.0,0.0
CCL8,ACKR4,0.0,0.0,0.0,0.0,0.0,0.0,0.0,0.0,0.0,0.0,0.0,0.0,0.0,0.0,0.015532339093697011,0.0036006657691362264,0.0,0.0,0.0,0.0,0.016117663565781492,0.004185990241220707,0.0,0.0,0.0,0.0,0.0,0.0,0.0,0.0,0.0,0.0,0.0,0.0,0.0,0.0
S100A9,CD68,0.0,0.0,0.0,0.0,0.0,0.0,0.0,0.38043762743473053,0.2669649555611966,0.22974172848256044,0.63126053255901,0.263510640178408,0.0,0.2834012303038023,0.16992855843026838,0.1327053313516322,0.5342241354280818,0.1664742430474797,0.0,0.3030495893376175,0.18957691746408362,0.15235369038544744,0.553872494461897,0.18612260208129494,0.0,0.6179584126200592,0.5044857407465253,0.4672625136678892,0.8687813177443388,0.5010314253637367,0.0,0.0,0.0,0.0,0.0,0.0
S100A8,CD68,0.0,0.0,0.0,0.0,0.0,0.0,0.0,0.0,0.0,0.0,0.0,0.0,0.0,0.22986981695267691,0.116397145079143,0.07917391800050683,0.48069272207695646,0.11294282969635433,0.0,0.2306566719322186,0.11718400005868468,0.0799607729800485,0.4814795770564981,0.113729684675896,0.0,0.2365501447204958,0.12307747284696188,0.0858542457683257,0.4873730498447753,0.11962315746417321,0.0,0.0,0.0,0.0,0.0,0.0
PTH2,RAMP2,0.0,0.0,0.0,0.0,0.0,0.0,0.0,0.0,0.0,0.0,0.0,0.0,0.0,0.0,0.0,0.0,0.0,0.0,0.0,0.0,0.0,0.0,0.0,0.0,0.0,0.0,0.0,0.0,0.0,0.0,0.0,0.0,0.0,0.0,0.0,0.0
TNF,FLT4,0.0,0.0,0.0,0.0,0.0,0.0,0.0,0.0,0.0,0.0,0.0,0.0,0.0,0.230530323896242,0.030173979884949492,0.020334980550447752,0.0,0.0,0.0,0.22316601327077276,0.02280966925948024,0.012970669924978504,0.0,0.0,0.0,0.0,0.0,0.0,0.0,0.0,0.0,0.0,0.0,0.0,0.0,0.0
THBS2,NOTCH3,0.0,3.292035400867462,2.3157744911772693,2.236167377466397,2.1995036403338113,2.1983033305122737,0.0,1.7126648128032684,0.7364039031130758,0.6567967894022032,0.6201330522696177,0.6189327424480802,0.0,2.2929461032003906,1.316685193510198,1.2370780797993253,1.20041434266674,1.1992140328452023,0.0,1.4425130553572862,0.4662521456670935,0.386645031956221,0.3499812948236355,0.348780985002098,0.0,1.7013220682478787,0.725061158557686,0.6454540448468136,0.608790307714228,0.6075899978926904,0.0,2.2394156541143144,1.2631547444241218,1.183547630713249,1.1468838935806638,1.1456835837591262
SCGB3A1,NOTCH3,0.0,0.0,0.0,0.0,0.0,0.0,0.0,1.4975528419017792,0.5212919322115865,0.44168481850071395,0.4050210813681284,0.4038207715465909,0.0,1.4086586622456414,0.4323977525554486,0.35279063884457607,0.31612690171199054,0.314926591890453,0.0,1.566418345983422,0.5901574362932294,0.5105503225823569,0.47388658544977136,0.47268627562823384,0.0,1.3844564745300694,0.40819556483987673,0.32858845112900426,0.2919247139964187,0.2907244041748812,0.0,0.0,0.0,0.0,0.0,0.0
CXCL8,KDR,0.0,0.0,0.0,0.0,0.0,0.0,0.0,0.0,0.0,0.0,0.0,0.0,0.0,0.8847762059364745,0.02692462392707369,0.032534492958933674,0.023896185257385523,0.0,0.0,0.8898597268551236,0.03200814484572276,0.037618013877582734,0.02897970617603459,0.0,0.0,0.906638579671843,0.048786997662442114,0.0543968666943021,0.04575855899275395,0.0,0.0,0.0,0.0,0.0,0.0,0.0
CXCL9,FCGR2A,0.0,0.0,0.0,0.0,0.0,0.0,0.0,0.0,0.0,0.0,0.0,0.0,0.0,0.0,0.15892435958729453,0.0824525481430857,0.4192220905776672,0.0,0.0,0.0,0.16234314233747899,0.08587133089327015,0.42264087332785166,0.0,0.0,0.0,0.0,0.0,0.0,0.0,0.0,0.0,0.0,0.0,0.0,0.0
VEGFD,FLT1,0.0,0.0,0.0,0.0,0.0,0.0,0.0,0.0,0.0,0.0,0.0,0.0,0.0,0.0,0.0,0.0,0.0,0.0,0.0,0.6008173889562312,0.052815224571612265,0.09361679796105053,0.08758387919189448,0.029713789856345332,0.0,0.0,0.0,0.0,0.0,0.0,0.0,0.0,0.0,0.0,0.0,0.0
TNF,ICOS,0.0,0.0,0.0,0.0,0.0,0.0,0.0,0.0,0.0,0.0,0.0,0.0,0.0,0.0,0.017440520412293242,0.013536094094451901,0.017113388052908157,0.0,0.0,0.0,0.01007620978682399,0.0061717834689826515,0.009749077427438906,0.0,0.0,0.0,0.0,0.0,0.0,0.0,0.0,0.0,0.0,0.0,0.0,0.0
IL6,F3,0.0,0.0,0.0,0.0,0.0,0.0,0.0,0.0,0.0,0.0,0.0,0.0,0.0,0.0,0.0,0.0,0.0,0.0,0.0,0.0,0.0,0.0,0.0,0.0,0.0,0.0,0.0,0.0,0.0,0.0,0.0,0.0,0.0,0.0,0.0,0.0
CXCL12,CCR4,0.0,0.0,0.0,0.0,0.0,0.0,0.0,0.0,0.0,0.0,0.0,0.0,0.0,0.0,0.0,0.0,0.0,0.0,0.0,0.0,0.0,0.0,0.0,0.0,0.0,0.0,0.0,0.0,0.0,0.0,0.0,0.0,0.0,0.0,0.0,0.0
CCL3,CCR4,0.0,0.0,0.0,0.0,0.0,0.0,0.0,0.0,0.0,0.0,0.0,0.0,0.0,0.0,0.0,0.0,0.0,0.0,0.0,0.0,0.0,0.0,0.0,0.0,0.0,0.0,0.0,0.0,0.0,0.0,0.0,0.0,0.0,0.0,0.0,0.0
PTN,PTPRB,0.0,0.0,0.0,0.0,0.0,0.0,0.0,0.0,0.0,0.0,0.0,0.0,0.0,0.5927476431451627,0.06443385965195461,0.07006985916025206,0.04929301255065816,0.07211812150842685,0.0,0.564489852676112,0.03617606918290388,0.04181206869120132,0.02103522208160743,0.04386033103937611,0.0,0.584975255947364,0.05666147245415595,0.06229747196245339,0.0415206253528595,0.06434573431062818,0.0,0.0,0.0,0.0,0.0,0.0
CCL8,ACKR1,0.0,0.0,0.0,0.0,0.0,0.0,0.0,0.0,0.0,0.0,0.0,0.0,0.0,0.0,0.03798707029712734,0.013505115918964524,0.024010413212437815,0.0,0.0,0.0,0.03857239476921182,0.014090440391049003,0.024595737684522296,0.0,0.0,0.0,0.0,0.0,0.0,0.0,0.0,0.0,0.0,0.0,0.0,0.0
EDN1,ADGRL4,0.0,0.0,0.0,0.0,0.0,0.0,0.0,0.0,0.0,0.0,0.0,0.0,0.0,0.0,0.0,0.0,0.0,0.0,0.0,0.0,0.051529033914842204,0.03270592869089753,0.03982441029369095,0.0,0.0,0.0,0.0,0.0,0.0,0.0,0.0,0.0,0.0,0.0,0.0,0.0
MDK,TSPAN1,0.0,0.0,0.0,0.0,0.0,0.0,0.0,0.0,0.6311886924416271,0.8585146017626495,0.7796436924683421,0.0,0.0,0.0,1.0656549221840663,1.2929808315050886,1.2141099222107812,0.0,0.0,0.0,1.1587569639985964,1.3860828733196187,1.3072119640253113,0.0,0.0,0.0,0.6343280105229977,0.8616539198440201,0.7827830105497127,0.0,0.0,0.0,0.26247658226281595,0.48980249158383826,0.41093158228953086,0.0
CCL1,ACKR1,0.0,0.0,0.0,0.0,0.0,0.0,0.0,0.0,0.0,0.0,0.0,0.0,0.0,0.0,0.0,0.0,0.0,0.0,0.0,0.0,0.035620004720300164,0.011138050342137348,0.021643347635610637,0.0,0.0,0.0,0.043532790329856505,0.019050835951693684,0.029556133245166975,0.0,0.0,0.0,0.0,0.0,0.0,0.0
IGF1,ITGA6,0.0,0.0,0.0,0.0,0.0,0.0,0.0,0.0,0.0,0.0,0.0,0.0,0.0,0.6634304742908004,0.16340503289331842,0.15683520525238637,0.10130599505553604,0.0,0.0,0.6145528739203515,0.11452743252286957,0.10795760488193751,0.05242839468508717,0.0,0.0,0.0,0.0,0.0,0.0,0.0,0.0,0.0,0.0,0.0,0.0,0.0
CCL18,ACKR1,0.0,0.0,0.0,0.0,0.0,0.0,0.0,0.0,0.0,0.0,0.0,0.0,0.0,0.0,0.045233376287109224,0.020751421908946407,0.031256719202419694,0.0,0.0,0.0,0.06054857052506009,0.03606661614689727,0.04657191344037056,0.0,0.0,0.0,0.49239614920392655,0.46791419482576374,0.478419492119237,0.0,0.0,0.0,0.0,0.0,0.0,0.0
CXCL3,ACKR1,0.0,0.0,0.0,0.0,0.0,0.0,0.0,0.0,0.0,0.0,0.0,0.0,0.0,0.0,0.0,0.0,0.0,0.0,0.0,0.0,0.03981600285381798,0.015334048475655159,0.025839345769128448,0.0,0.0,0.0,0.048012696345085315,0.023530741966922494,0.034036039260395785,0.0,0.0,0.0,0.0,0.0,0.0,0.0
CXCL5,ACKR1,0.0,0.0,0.0,0.0,0.0,0.0,0.0,0.0,0.0,0.0,0.0,0.0,0.0,0.0,0.04093566433114199,0.01645370995297917,0.026959007246452463,0.0,0.0,0.0,0.04312009799922567,0.018638143621062857,0.029143440914536148,0.0,0.0,0.0,0.2115061220447878,0.18702416766662497,0.19752946496009827,0.0,0.0,0.0,0.0,0.0,0.0,0.0
CXCL9,ACKR1,0.0,0.0,0.0,0.0,0.0,0.0,0.0,0.0,0.0,0.0,0.0,0.0,0.0,0.0,0.03756526661156422,0.013083312233401402,0.023588609526874693,0.0,0.0,0.0,0.04098404936174867,0.016502094983585854,0.027007392277059145,0.0,0.0,0.0,0.0,0.0,0.0,0.0,0.0,0.0,0.0,0.0,0.0,0.0
CXCL10,ACKR1,0.0,0.0,0.0,0.0,0.0,0.0,0.0,0.0,0.0,0.0,0.0,0.0,0.0,0.0,0.042632137068468544,0.018150182690305723,0.028655479983779014,0.0,0.0,0.0,0.038468868746755716,0.013986914368592895,0.024492211662066186,0.0,0.0,0.0,0.0,0.0,0.0,0.0,0.0,0.0,0.0,0.0,0.0,0.0
CXCL13,ACKR1,0.0,0.0,0.0,0.0,0.0,0.0,0.0,0.0,0.0,0.0,0.0,0.0,0.0,0.0,0.0492031147230917,0.024721160344928876,0.03522645763840217,0.0,0.0,0.0,0.035282120314103514,0.010800165935940699,0.021305463229413988,0.0,0.0,0.0,0.057812646300607284,0.033330691922444464,0.043835989215917755,0.0,0.0,0.0,0.0,0.0,0.0,0.0
CCL7,ACKR1,0.0,0.0,0.0,0.0,0.0,0.0,0.0,0.0,0.0,0.0,0.0,0.0,0.0,0.0,0.0,0.0,0.0,0.0,0.0,0.0,0.03522069744448182,0.010738743066319006,0.0212440403597923,0.0,0.0,0.0,0.04458321971586157,0.020101265337698754,0.030606562631172046,0.0,0.0,0.0,0.0,0.0,0.0,0.0
SPP1,ITGB6,0.0,0.0,0.0,0.0,0.0,0.0,0.0,0.0,0.0,0.0,0.0,0.0,0.0,0.0,0.08760682415606372,0.14331794109348964,0.10564595267360015,0.0,0.0,0.0,0.10129009962766809,0.15700121656509403,0.11932922814520452,0.0,0.0,0.0,0.37568121911281377,0.43139233605023974,0.39372034763035024,0.0,0.0,0.0,0.0,0.0,0.0,0.0
ANGPTL4,CDH5,0.0,0.0,0.0,0.0,0.0,0.0,0.0,0.0,0.0,0.0,0.0,0.0,0.0,1.3026930985610876,0.1851218695664287,0.1653898213163573,0.13732045317670066,0.2346324144989019,0.0,1.3525257305477698,0.23495450155311087,0.21522245330303946,0.18715308516338286,0.28446504648558407,0.0,1.31936739855691,0.20179616956225113,0.18206412131217972,0.1539947531725231,0.2513067144947243,0.0,0.0,0.0,0.0,0.0,0.0
ANGPTL4,CDH11,0.0,0.0,0.0,0.0,0.0,0.0,0.0,0.0,0.0,0.0,0.0,0.0,0.0,0.38068212546519375,0.828072836001714,0.2987641708783667,0.3465004155900535,0.4582821887778151,0.0,0.43051475745187595,0.8779054679883962,0.34859680286504885,0.3963330475767357,0.5081148207644973,0.0,0.39735642546101624,0.8447471359975365,0.3154384708741891,0.36317471558587594,0.4749564887736376,0.0,0.0,0.0,0.0,0.0,0.0
SLC1A2,GRIA1,0.0,0.0,0.0,0.0,0.0,0.0,0.0,0.0,0.0,0.0,0.0,0.0,0.0,0.0,0.0,0.0,0.0,0.0,0.0,0.0,0.0,0.0,0.0,0.0,0.0,0.0,0.0,0.0,0.0,0.0,0.0,0.0,0.0,0.0,0.0,0.0
SLC1A6,GRIA1,0.0,0.0,0.0,0.0,0.0,0.0,0.0,0.0,0.0,0.0,0.0,0.0,0.0,0.0,0.0,0.0,0.0,0.0,0.0,0.0,0.0,0.0,0.0,0.0,0.0,0.0,0.0,0.0,0.0,0.0,0.0,0.0,0.0,0.0,0.0,0.0
APOE,TYROBP,0.0,0.0,0.0,0.0,0.0,0.0,0.0,0.7924000173807144,0.600869627215376,0.5640539618533685,1.062116433915339,0.48890836253052666,0.0,1.199648296062033,1.0081179058966945,0.9713022405346871,1.4693647125966576,0.8961566412118451,0.0,1.485638674983308,1.2941082848179695,1.2572926194559622,1.7553550915179326,1.1821470201331201,0.0,1.2522467197033396,1.060716329538001,1.0239006641759938,1.5219631362379644,0.948755064853152,0.0,0.45392844506672453,0.26239805490138607,0.22558238953937865,0.7236448616013491,0.15043679021653675
CCL20,ACKR4,0.0,0.0,0.0,0.0,0.0,0.0,0.0,0.0,0.0,0.0,0.0,0.0,0.0,0.0,0.0,0.0,0.0,0.0,0.0,0.0,0.02761192847076238,0.015680255146201597,0.0,0.0,0.0,0.0,0.01778765738743954,0.005855984062878756,0.0,0.0,0.0,0.0,0.0,0.0,0.0,0.0
FAM3D,FPR2,0.0,0.0,0.0,0.0,0.0,0.0,0.0,0.0,0.0,0.0,0.0,0.0,0.0,0.0,0.0,0.005375548806360051,0.0,0.0,0.0,0.0,0.0,0.0016546097448581478,0.0,0.0,0.0,0.0,0.0,0.0,0.0,0.0,0.0,0.0,0.0,0.0,0.0,0.0
HLA-G,KLRD1,0.0,0.0,0.0,0.0,0.0,0.0,0.0,0.0,0.0,0.0,0.0,0.0,0.0,0.0,0.0,0.0,0.0,0.0,0.0,0.0,0.015693706284584462,0.006674788047609604,0.0,0.0,0.0,0.0,0.0,0.0,0.0,0.0,0.0,0.0,0.0,0.0,0.0,0.0
FGFR4,MCAM,0.0,0.0,0.0,0.0,0.0,0.0,0.0,0.0,0.0,0.0,0.0,0.0,0.0,0.0,0.0,0.0,0.0,0.0,0.0,1.3789731289893583,0.12347026612429947,0.10477658587496919,0.07883160100199536,0.12378955854761282,0.0,0.0,0.0,0.0,0.0,0.0,0.0,0.0,0.0,0.0,0.0,0.0
LAIR2,FGFR4,0.0,0.0,0.0,0.0,0.0,0.0,0.0,0.0,0.0,0.0,0.0,0.0,0.0,0.0,0.0,0.008945562113967066,0.0,0.0,0.0,0.0,0.0,0.0039022973791096815,0.0,0.0,0.0,0.0,0.0,0.012100260472369482,0.0,0.0,0.0,0.0,0.0,0.0,0.0,0.0
IL2,DLK1,0.0,0.0,0.0,0.0,0.0,0.0,0.0,0.0,0.0,0.0,0.0,0.0,0.0,0.0,0.0,0.0,0.0,0.0,0.0,0.0,0.0,0.0,0.0,0.0,0.0,0.0,0.0,0.0,0.0,0.0,0.0,0.0,0.0,0.0,0.0,0.0
TNFSF9,FCRL1,0.0,0.0,0.0,0.0,0.0,0.0,0.0,0.0,0.0,0.0,0.0,0.0,0.0,0.0,0.0,0.0,0.0,0.0,0.0,0.0,0.0,0.0,0.0,0.0,0.0,0.0,0.0,0.0,0.0,0.0,0.0,0.0,0.0,0.0,0.0,0.0
DCN,LRP1,0.0,0.0,0.0,0.0,0.0,0.0,0.0,0.0,0.9406218135090016,0.4415257173696555,0.5978284329175949,0.5560215704497837,0.0,0.0,2.216115545425842,1.7170194492864959,1.8733221648344354,1.8315153023666242,0.0,0.0,1.0620412806019877,0.5629451844626415,0.7192479000105809,0.6774410375427697,0.0,0.0,1.619505101760728,1.1204090056213818,1.2767117211693213,1.23490485870151,0.0,0.0,1.8963208266116238,1.3972247304722776,1.553527446020217,1.511720583552406
IFNG,MPL,0.0,0.0,0.0,0.0,0.0,0.0,0.0,0.0,0.0,0.0,0.0,0.0,0.0,0.0,0.0,0.0,0.0,0.0,0.0,0.0,0.0,0.0,0.0,0.0,0.0,0.0,0.0,0.0,0.0,0.0,0.0,0.0,0.0,0.0,0.0,0.0
TPO,MPL,0.0,0.0,0.0,0.0,0.0,0.0,0.0,0.0,0.0,0.0,0.0,0.0,0.0,0.0,0.0,0.0,0.0,0.0,0.0,0.0,0.0,0.0,0.0,0.0,0.0,0.0,0.0,0.0,0.0,0.0,0.0,0.0,0.0,0.0,0.0,0.0
HAPLN1,IL1RL1,0.0,0.0,0.0,0.0,0.0,0.0,0.0,0.0,0.0,0.0,0.0,0.0,0.0,0.0,0.03775122657937197,0.040112752338531864,0.0,0.0,0.0,0.0,0.022363511402711256,0.024725037161871147,0.0,0.0,0.0,0.0,0.0,0.0,0.0,0.0,0.0,0.0,0.0,0.0,0.0,0.0
SEMA3G,FCGR2A,0.0,0.0,0.0,0.0,0.0,0.0,0.0,0.0,0.8107074419064308,0.734235630462222,1.0710051728968035,0.0,0.0,0.0,0.1587131672830724,0.08224135583886355,0.41901089827344506,0.0,0.0,0.0,0.16328622505302842,0.0868144136088196,0.4235839560434011,0.0,0.0,0.0,0.0,0.0,0.0,0.0,0.0,0.0,0.2557791590097532,0.17930734756554434,0.5160768900001258,0.0
VCAM1,VCAM1,0.0,0.0,0.0,0.0,0.0,0.0,0.0,0.0,0.0,0.0,0.0,0.0,0.0,0.0,0.323453356970602,0.18268909704155345,0.24416348267113486,0.3110696298057676,0.0,0.0,0.18268909704155345,0.04192483711250488,0.1033992227420863,0.170305369876719,0.0,0.0,0.24416348267113486,0.1033992227420863,0.1648736083716677,0.2317797555063004,0.0,0.0,0.3110696298057676,0.170305369876719,0.2317797555063004,0.2986859026409331
CCL5,ACKR4,0.0,0.0,0.0,0.0,0.0,0.0,0.0,0.0,0.0,0.0,0.0,0.0,0.0,0.0,0.05591851680432979,0.04398684347976901,0.0,0.0,0.0,0.0,0.04371430698737049,0.03178263366280971,0.0,0.0,0.0,0.0,0.18866832747481888,0.17673665415025808,0.0,0.0,0.0,0.0,0.0,0.0,0.0,0.0
FLT4,FCRL1,0.0,0.0,0.0,0.0,0.0,0.0,0.0,0.0,0.0,0.0,0.0,0.0,0.0,0.0,0.0,0.0,0.0,0.0,0.0,0.0,0.0,0.0,0.0,0.0,0.0,0.0,0.0,0.0,0.0,0.0,0.0,0.0,0.0,0.0,0.0,0.0
CRLF1,LIFR,0.0,0.0,0.0,0.0,0.0,0.0,0.0,0.0,0.0,0.0,0.0,0.0,0.0,0.0,0.1656939763927934,0.13675307219677796,0.13809285329473864,0.0,0.0,0.0,0.24889362150959993,0.21995271731358448,0.22129249841154516,0.0,0.0,0.0,0.12470068767545858,0.09575978347944313,0.09709956457740382,0.0,0.0,0.0,0.08439136733378429,0.05545046313776883,0.056790244235729516,0.0
PCSK9,CD36,0.0,0.0,0.0,0.0,0.0,0.0,0.0,0.0,0.0,0.0,0.0,0.0,0.0,0.0,0.0,0.0,0.0,0.0,0.0,0.33180523861009203,0.03136636821687038,0.019556330768379284,0.0,0.029907254434637025,0.0,0.3616960362384194,0.061257165845197734,0.04944712839670664,0.0,0.05979805206296438,0.0,0.0,0.0,0.0,0.0,0.0
THBS1,GP9,0.0,0.0,0.0,0.0,0.0,0.0,0.0,0.0,0.0,0.15902902609711395,0.0,0.0,0.0,0.0,0.0,0.8216882327425196,0.0,0.0,0.0,0.0,0.0,0.21970033389790813,0.0,0.0,0.0,0.0,0.0,0.22806809586678922,0.0,0.0,0.0,0.0,0.0,0.4280736822262244,0.0,0.0
EFNB2,FCRL1,0.0,0.0,0.0,0.0,0.0,0.0,0.0,0.0,0.0,0.0,0.0,0.0,0.0,0.0,0.0,0.0,0.0,0.0,0.0,0.0,0.0,0.0,0.0,0.0,0.0,0.0,0.0,0.0,0.0,0.0,0.0,0.0,0.0,0.0,0.0,0.0
VCAN,LDLR,0.0,0.0,0.0,0.0,0.0,0.0,0.0,0.0,0.0,0.0,0.0,0.0,0.0,0.8753885194585098,0.5191028539221085,0.5338314128084233,0.5445418189679431,0.0,0.0,0.5032031069195989,0.14691744138319765,0.16164600026951237,0.17235640642903222,0.0,0.0,0.6097084014562139,0.25342273591981257,0.26815129480612726,0.2788617009656471,0.0,0.0,0.8575229623488018,0.5012372968124005,0.5159658556987152,0.526676261858235,0.0
CEACAM5,CEACAM6,0.0,0.0,0.0,0.0,0.0,0.0,0.0,0.0,0.0,0.0,0.0,0.0,0.0,0.0,0.0,0.0,0.0,0.0,0.0,0.0,0.0,0.0,0.0,0.0,0.0,0.0,0.0,0.0,0.0,0.0,0.0,0.0,0.0,0.0,0.0,0.0
CEACAM6,CEACAM5,0.0,0.0,0.0,0.0,0.0,0.0,0.0,0.0,0.0,0.0,0.0,0.0,0.0,0.0,0.0,0.0,0.0,0.0,0.0,0.0,0.0,0.0,0.0,0.0,0.0,0.0,0.0,0.0,0.0,0.0,0.0,0.0,0.0,0.0,0.0,0.0
CCN1,ITGA6,0.0,0.0,0.0,0.0,0.0,0.0,0.0,1.1689559817314148,0.668930540333933,0.6623607126930009,0.6068315024961505,0.0,0.0,1.0537291290748179,0.553703687677336,0.547133860036404,0.49160464983955354,0.0,0.0,0.7344485747323983,0.2344231333349164,0.22785330569398435,0.172324095497134,0.0,0.0,0.7729670206705729,0.27294157927309104,0.266371751632159,0.21084254143530862,0.0,0.0,1.205339877378373,0.7053144359808909,0.6987446083399589,0.6432153981431086,0.0
CCL3L1,CCR4,0.0,0.0,0.0,0.0,0.0,0.0,0.0,0.0,0.0,0.0,0.0,0.0,0.0,0.0,0.0,0.0,0.0,0.0,0.0,0.0,0.0,0.0,0.0,0.0,0.0,0.0,0.0,0.0,0.0,0.0,0.0,0.0,0.0,0.0,0.0,0.0
CTSG,CXCL12,0.0,0.0,0.0,0.0,0.0,0.0,0.0,0.0,0.0,0.0,0.0,0.0,0.0,0.22751039911561938,0.16153531169416893,0.0619552748529957,0.08273171742538658,0.2572930668717,0.0,0.22163270036952368,0.15565761294807323,0.0560775761069,0.07685401867929088,0.2514153681256043,0.0,0.0,0.0,0.0,0.0,0.0,0.0,0.0,0.0,0.0,0.0,0.0
KDR,FLT1,0.0,0.0,0.0,0.0,0.0,0.0,0.0,1.481331080198288,0.9333289158136691,0.9741304892031073,0.9680975704339513,0.9102274810984021,0.0,0.623479498188887,0.07547733380426815,0.11627890719370641,0.11024598842455036,0.05237589908900122,0.0,0.629089367220747,0.08108720283612814,0.1218887762255664,0.11585585745641033,0.0579857681208612,0.0,0.6204510595191989,0.07244889513457999,0.11325046852401825,0.1072175497548622,0.04934746041931305,0.0,0.0,0.0,0.0,0.0,0.0
KDR,CDH5,0.0,0.0,0.0,0.0,0.0,0.0,0.0,2.0560342669487,0.9384630379540411,0.9187309897039696,0.8906616215643129,0.9879735828865142,0.0,1.1981826849392991,0.08061145594464013,0.060879407694568705,0.03281003955491209,0.13012200087711331,0.0,1.2037925539711591,0.0862213249765001,0.06648927672642868,0.03841990858677207,0.1357318699089733,0.0,1.195154246269611,0.07758301727495195,0.05785096902488053,0.029781600885223924,0.12709356220742515,0.0,0.0,0.0,0.0,0.0,0.0
CXCL8,MMP9,0.0,0.0,0.0,0.0,0.0,0.0,0.0,0.0,0.0,0.0,0.0,0.0,0.0,0.0,0.058270753912664765,0.06328774775172706,0.11738032292214699,0.10707164276722228,0.0,0.0,0.06335427483131383,0.06837126867037613,0.12246384384079606,0.11215516368587135,0.0,0.0,0.08013312764803318,0.0851501214870955,0.13924269665751543,0.1289340165025907,0.0,0.0,0.0,0.0,0.0,0.0
CCL22,CCR7,0.0,0.0,0.0,0.0,0.0,0.0,0.0,0.0,0.0,0.0,0.0,0.0,0.0,0.0,0.09683373792847591,0.06511216645012241,0.0,0.0,0.0,0.0,0.07316124079982894,0.041439669321475456,0.0,0.0,0.0,0.0,0.08944946351897876,0.05772789204062526,0.0,0.0,0.0,0.0,0.0,0.0,0.0,0.0
FLT4,KDR,0.0,0.0,0.0,0.0,0.0,0.0,0.0,1.1024985313415527,0.24464694933215184,0.2502568183640118,0.24161851066246368,0.0,0.0,0.9021421873302602,0.04429060532085931,0.04990047435271929,0.04126216665117115,0.0,0.0,0.8923031879957585,0.034451605986357575,0.04006147501821755,0.03142316731666941,0.0,0.0,0.0,0.0,0.0,0.0,0.0,0.0,0.0,0.0,0.0,0.0,0.0
KDR,FLT4,0.0,0.0,0.0,0.0,0.0,0.0,0.0,1.1024985313415527,0.9021421873302602,0.8923031879957585,0.0,0.0,0.0,0.24464694933215184,0.04429060532085931,0.034451605986357575,0.0,0.0,0.0,0.2502568183640118,0.04990047435271929,0.04006147501821755,0.0,0.0,0.0,0.24161851066246368,0.04126216665117115,0.03142316731666941,0.0,0.0,0.0,0.0,0.0,0.0,0.0,0.0
THBS1,MMP2,0.0,0.0,0.0,0.0,0.0,0.0,0.0,1.0460675358772278,1.0430761888549103,0.3336235349253308,0.5194271128428609,1.037745190518243,0.0,1.7087267425226336,1.7057353955003158,0.9962827415707365,1.1820863194882667,1.7004043971636487,0.0,1.1067388436780219,1.1037474966557044,0.394294842726125,0.5800984206436551,1.0984164983190372,0.0,1.115106605646903,1.1121152586245855,0.40266260469500614,0.5884661826125362,1.1067842602879183,0.0,1.3151121920063382,1.3121208449840207,0.6026681910544412,0.7884717689719714,1.3067898466473533
NPPA,MME,0.0,0.0,0.0,0.0,0.0,0.0,0.0,0.0,0.0,0.0,0.0,0.0,0.0,0.0,0.0,0.0,0.0,0.0,0.0,0.0,0.006845118452253174,0.002461314714009609,0.020622131144914665,0.0,0.0,0.0,0.0,0.0,0.0,0.0,0.0,0.0,0.0,0.0,0.0,0.0
THBS1,MMP9,0.0,0.0,0.0,0.0,0.0,0.0,0.0,0.0,0.21342195607536468,0.21843894991442697,0.2725315250848469,0.2622228449299222,0.0,0.0,0.8760811627207703,0.8810981565598327,0.9351907317302526,0.9248820515753279,0.0,0.0,0.27409326387615884,0.2791102577152212,0.3332028328856411,0.32289415273071637,0.0,0.0,0.28246102584503996,0.28747801968410225,0.3415705948545222,0.3312619146995975,0.0,0.0,0.4824666122044751,0.4874836060435374,0.5415761812139573,0.5312675010590326
SFTPA1,SFTPA2,0.0,0.0,0.0,0.0,0.0,0.0,0.0,0.0,0.0,0.0,0.0,0.0,0.0,0.0,0.0,0.0,0.0,0.0,0.0,0.0,0.0,0.013357672762238027,0.0,0.0,0.0,0.0,0.0,0.0,0.0,0.0,0.0,0.0,0.0,0.0,0.0,0.0
KDR,PLCG2,0.0,0.0,0.0,0.0,0.0,0.0,0.0,0.0,0.8945850724752863,0.8987559142863063,0.9474044402963236,0.9102274810984021,0.0,0.0,0.03673349046588537,0.0409043322769054,0.08955285828692278,0.05237589908900122,0.0,0.0,0.04234335949774535,0.046514201308765386,0.09516272731878275,0.0579857681208612,0.0,0.0,0.033705051796197205,0.03787589360721724,0.08652441961723462,0.04934746041931305,0.0,0.0,0.0,0.0,0.0,0.0
IFNG,TNF,0.0,0.0,0.0,0.0,0.0,0.0,0.0,0.0,0.0,0.0,0.0,0.0,0.0,0.0,0.0,0.0,0.0,0.0,0.0,0.0,0.009118901649680256,0.001754591024211006,0.0,0.0,0.0,0.0,0.0,0.0,0.0,0.0,0.0,0.0,0.0,0.0,0.0,0.0
PRSS3,F2RL3,0.0,0.0,0.0,0.0,0.0,0.0,0.0,0.0,0.0,0.0,0.0,0.0,0.0,0.24411453795966817,0.08280497819036987,0.06856016645849676,0.06486000322365393,0.07759067905482961,0.0,0.2233793083358639,0.0620697485665656,0.04782493683469249,0.044124773599849655,0.05685544943102534,0.0,0.2714347847198185,0.11012522495052021,0.0958804132186471,0.09218024998380427,0.10491092581497996,0.0,0.0,0.0,0.0,0.0,0.0
CSF1,TNF,0.0,0.0,0.0,0.0,0.0,0.0,0.0,0.0,0.0,0.0,0.0,0.0,0.0,0.0,0.07366161322712306,0.06629730260165381,0.0,0.0,0.0,0.0,0.056202333472788586,0.048838022847319335,0.0,0.0,0.0,0.0,0.06367086417608218,0.05630655355061294,0.0,0.0,0.0,0.0,0.08137894829029553,0.07401463766482629,0.0,0.0
KDR,HSP90AA1,0.0,0.0,0.0,0.0,0.0,0.0,0.0,1.6577613204717636,1.2502175614756732,1.478528726802038,1.5077548186507141,1.2008928663673855,0.0,0.7999097384623627,0.3923659794662723,0.6206771447926369,0.6499032366413132,0.34304128435798464,0.0,0.8055196074942227,0.3979758484981322,0.6262870138244969,0.6555131056731732,0.3486511533898446,0.0,0.7968812997926745,0.38933754079658406,0.6176487061229488,0.6468747979716251,0.34001284568829643,0.0,0.0,0.0,0.0,0.0,0.0
THBS1,ELANE,0.0,0.0,0.0,0.0,0.0,0.0,0.0,0.0,0.0,0.16152613228711826,0.17855128855036018,0.0,0.0,0.0,0.0,0.8241853389325239,0.8412104951957659,0.0,0.0,0.0,0.0,0.22219744008791245,0.23922259635115434,0.0,0.0,0.0,0.0,0.23056520205679354,0.24759035832003545,0.0,0.0,0.0,0.0,0.4305707884162287,0.4475959446794706,0.0
AREG,MMP9,0.0,0.0,0.0,0.0,0.0,0.0,0.0,0.0,0.0,0.0,0.0,0.0,0.0,0.0,0.07155546264268865,0.07657245648175096,0.1306650316521709,0.12035635149724618,0.0,0.0,0.06676738091545718,0.07178437475451949,0.12587694992493942,0.11556826977001469,0.0,0.0,0.08094900491413068,0.08596599875319297,0.1400585739236129,0.12974989376868817,0.0,0.0,0.0,0.0,0.0,0.0
IL1RN,IL2RA,0.0,0.0,0.0,0.0,0.0,0.0,0.0,0.0,0.0,0.0,0.0,0.0,0.0,0.0,0.05044756481303504,0.05487300670611894,0.0,0.0,0.0,0.0,0.022848440870818235,0.027273882763902135,0.0,0.0,0.0,0.0,0.10427283727239332,0.10869827916547724,0.0,0.0,0.0,0.0,0.0,0.0,0.0,0.0
CCL1,ACKR4,0.0,0.0,0.0,0.0,0.0,0.0,0.0,0.0,0.0,0.0,0.0,0.0,0.0,0.0,0.0,0.0,0.0,0.0,0.0,0.0,0.013165273516869837,0.001233600192309051,0.0,0.0,0.0,0.0,0.021078059126426175,0.00914638580186539,0.0,0.0,0.0,0.0,0.0,0.0,0.0,0.0
CTSG,F2RL3,0.0,0.0,0.0,0.0,0.0,0.0,0.0,0.0,0.0,0.0,0.0,0.0,0.0,0.22751039911561938,0.06620083934632107,0.05195602761444796,0.04825586437960513,0.060986540210780815,0.0,0.22163270036952368,0.060323140600225374,0.04607832886835226,0.04237816563350943,0.055108841464685115,0.0,0.0,0.0,0.0,0.0,0.0,0.0,0.0,0.0,0.0,0.0,0.0
PRSS2,F2RL3,0.0,0.0,0.0,0.0,0.0,0.0,0.0,0.0,0.0,0.0,0.0,0.0,0.0,0.4027047539083519,0.24139519413905358,0.22715038240718047,0.22345021917233765,0.23618089500351333,0.0,0.5579009010001217,0.39659134123082335,0.3823465294989502,0.37864636626410736,0.39137704209528307,0.0,0.5070764937421732,0.3457669339728749,0.33152212224100175,0.3278219590061589,0.3405526348373346,0.0,0.0,0.0,0.0,0.0,0.0
PRSS1,F2RL3,0.0,0.0,0.0,0.0,0.0,0.0,0.0,0.0,0.0,0.0,0.0,0.0,0.0,0.23783831387313445,0.07652875410383614,0.062283942371963025,0.05858377913712019,0.07131445496829589,0.0,0.25672777786577516,0.09541821809647683,0.08117340636460371,0.0774732431297609,0.09020391896093657,0.0,0.23292708057060577,0.07161752080130745,0.05737270906943435,0.053672545834591516,0.0664032216657672,0.0,0.0,0.0,0.0,0.0,0.0
THBS4,CD36,0.0,0.0,0.0,0.0,0.0,0.0,0.0,0.0,0.0,0.0,0.0,0.0,0.0,0.4044720837429388,0.10403321334971717,0.09222317590122607,0.0,0.10257409956748381,0.0,0.345720139870403,0.04528126947718136,0.03347123202869026,0.0,0.043822155694948,0.0,0.4161816098188099,0.11574273942558827,0.10393270197709717,0.0,0.11428362564335491,0.0,0.4097600763752347,0.10932120598201304,0.09751116853352194,0.0,0.10786209219977969
MDK,PTPRB,0.0,0.0,0.0,0.0,0.0,0.0,0.0,1.1101995557546616,0.5818857722614535,0.587521771769751,0.5667449251601571,0.5895700341179257,0.0,1.5446657854971009,1.0163520020038928,1.02198800151219,1.0012111549025962,1.0240362638603648,0.0,1.6377678273116307,1.1094540438184226,1.1150900433267201,1.0943131967171262,1.117138305674895,0.0,1.1133388738360321,0.5850250903428241,0.5906610898511215,0.5698842432415276,0.5927093521992963,0.0,0.7414874455758503,0.2131736620826423,0.21880966159093976,0.19803281498134587,0.22085792393911455
CSF2,CSF2,0.0,0.0,0.0,0.0,0.0,0.0,0.0,0.0,0.0,0.0,0.0,0.0,0.0,0.0,0.006569249119924668,0.016891274926618925,0.027601468747247105,0.0,0.0,0.0,0.016891274926618925,0.02721330073331318,0.03792349455394136,0.0,0.0,0.0,0.027601468747247105,0.03792349455394136,0.04863368837456954,0.0,0.0,0.0,0.0,0.0,0.0,0.0
IFNG,IFNG,0.0,0.0,0.0,0.0,0.0,0.0,0.0,0.0,0.0,0.0,0.0,0.0,0.0,0.0,0.0,0.0,0.0,0.0,0.0,0.0,0.0,0.00018590618398523894,0.0,0.0,0.0,0.0,0.0,0.0,0.0,0.0,0.0,0.0,0.0,0.0,0.0,0.0
IL13,IL13,0.0,0.0,0.0,0.0,0.0,0.0,0.0,0.0,0.0,0.0,0.0,0.0,0.0,0.0,0.0,0.0,0.0,0.0,0.0,0.0,0.0,0.0,0.0,0.0,0.0,0.0,0.0,0.0,0.0,0.0,0.0,0.0,0.0,0.0,0.0,0.0
IL1A,IL1B,0.0,0.0,0.0,0.0,0.0,0.0,0.0,0.0,0.0,0.0,0.0,0.0,0.0,0.0,0.0,0.0,0.0,0.0,0.0,0.0,0.0,0.002389346221327625,0.01016150205770328,0.0,0.0,0.0,0.0,0.0,0.0,0.0,0.0,0.0,0.0,0.0,0.0,0.0
IL1B,IL1B,0.0,0.0,0.0,0.0,0.0,0.0,0.0,0.0,0.0,0.0,0.0,0.0,0.0,0.0,0.0,0.0,0.0,0.0,0.0,0.0,0.0,0.0037906194498779576,0.011562775286253612,0.0,0.0,0.0,0.0,0.011562775286253612,0.019334931122629267,0.0,0.0,0.0,0.0,0.0,0.0,0.0
IL1RN,IL1B,0.0,0.0,0.0,0.0,0.0,0.0,0.0,0.0,0.0,0.0,0.0,0.0,0.0,0.0,0.0,0.0481825225237835,0.05595467836015915,0.0,0.0,0.0,0.0,0.02058339858156669,0.028355554417942345,0.0,0.0,0.0,0.0,0.10200779498314179,0.10977995081951744,0.0,0.0,0.0,0.0,0.0,0.0,0.0
IL2,IL2,0.0,0.0,0.0,0.0,0.0,0.0,0.0,0.0,0.0,0.0,0.0,0.0,0.0,0.0,0.0,0.0,0.0,0.0,0.0,0.0,0.0,0.00039646638798994914,0.0,0.0,0.0,0.0,0.0,0.0,0.0,0.0,0.0,0.0,0.0,0.0,0.0,0.0
IL22,IL22,0.0,0.0,0.0,0.0,0.0,0.0,0.0,0.0,0.0,0.0,0.0,0.0,0.0,0.0,0.0,0.0,0.0,0.0,0.0,0.0,0.0,0.0,0.0,0.0,0.0,0.0,0.0,0.0,0.0,0.0,0.0,0.0,0.0,0.0,0.0,0.0
IL6,IL6,0.0,0.0,0.0,0.0,0.0,0.0,0.0,0.0,0.0,0.0,0.0,0.0,0.0,0.0,0.0,0.0,0.0,0.0,0.0,0.0,0.0,0.0,0.0,0.0,0.0,0.0,0.0,0.0,0.0,0.0,0.0,0.0,0.0,0.0,0.0,0.0
CLU,TYROBP,0.0,2.4768348932266235,2.285304503061285,2.2484888376992775,2.746551309761248,2.173343238376436,0.0,1.9110418260097504,1.719511435844412,1.6826957704824046,2.180758242544375,1.6075501711595626,0.0,2.515476413034088,2.3239460228687494,2.287130357506742,2.7851928295687127,2.2119847581839003,0.0,2.865535498407534,2.6740051082421954,2.637189442880188,3.1352519149421587,2.5620438435573463,0.0,2.301923891954255,2.1103935017889164,2.073577836426909,2.5716403084888793,1.9984322371040668,0.0,1.9781544378825597,1.7866240477172213,1.749808382355214,2.2478708544171844,1.674662783032372
ICOS,CD40LG,0.0,0.0,0.0,0.0,0.0,0.0,0.0,0.0,0.0,0.0,0.0,0.0,0.0,0.0,0.0,0.009124602498761184,0.0,0.0,0.0,0.0,0.0,0.005220176180919845,0.0,0.0,0.0,0.0,0.0,0.0087974701393761,0.0,0.0,0.0,0.0,0.0,0.0,0.0,0.0
CCL26,CXCR6,0.0,0.0,0.0,0.0,0.0,0.0,0.0,0.0,0.0,0.0,0.0,0.0,0.0,0.0,0.0,0.0,0.0,0.0,0.0,0.0,0.005457373732101948,0.004268309406613929,0.025276215971461853,0.0,0.0,0.0,0.0,0.0,0.0,0.0,0.0,0.0,0.0,0.0,0.0,0.0
VEGFA,MMP9,0.0,0.0,0.0,0.0,0.0,0.0,0.0,0.0,0.0,0.0,0.0,0.0,0.0,0.0,0.21043156346871486,0.21544855730777715,0.2695411324781971,0.25923245232327236,0.0,0.0,0.42642211809051495,0.43143911192957723,0.48553168709999717,0.47522300694507247,0.0,0.0,0.22204970174136665,0.22706669558042894,0.2811592707508489,0.27085059059592415,0.0,0.0,0.0837220290745923,0.0887390229136546,0.14283159808407453,0.1325229179291498
OSM,CXCL10,0.0,0.0,0.0,0.0,0.0,0.0,0.0,0.0,0.0,0.0,0.0,0.0,0.0,0.0,0.00969868542543098,0.005535417103718153,0.0,0.0,0.0,0.0,0.009767708694926373,0.005604440373213544,0.0,0.0,0.0,0.0,0.0,0.0,0.0,0.0,0.0,0.0,0.0,0.0,0.0,0.0
THBS1,VCAM1,0.0,0.0,0.0,0.0,0.0,0.0,0.0,0.0,0.3206599305814771,0.1798956706524286,0.24137005628201,0.3082762034166427,0.0,0.0,0.9833191372268828,0.8425548772978343,0.9040292629274157,0.9709354100620484,0.0,0.0,0.38133123838227134,0.24056697845322278,0.3020413640828042,0.36894751121743685,0.0,0.0,0.38969900035115246,0.24893474042210387,0.31040912605168525,0.37731527318631797,0.0,0.0,0.5897045867105876,0.448940326781539,0.5104147124111205,0.5773208595457531
IFNG,TYMS,0.0,0.0,0.0,0.0,0.0,0.0,0.0,0.0,0.0,0.0,0.0,0.0,0.0,0.0,0.0,0.0,0.0,0.0,0.0,0.0,0.02686568496077447,0.03307374027529597,0.03899007843652002,0.0,0.0,0.0,0.0,0.0,0.0,0.0,0.0,0.0,0.0,0.0,0.0,0.0
CSF1,VEGFA,0.0,0.0,0.0,0.0,0.0,0.0,0.0,0.0,0.0,0.0,0.0,0.0,0.0,0.0,0.22057852415896173,0.43656907878076184,0.23219666243161352,0.09386898976483918,0.0,0.0,0.20311924440462728,0.41910979902642737,0.21473738267727907,0.07640971001050471,0.0,0.0,0.21058777510792087,0.426578329729721,0.22220591338057266,0.08387824071379832,0.0,0.0,0.22829585922213422,0.4442864138439343,0.239913997494786,0.10158632482801165
VEGFA,CSF1,0.0,0.0,0.0,0.0,0.0,0.0,0.0,0.0,0.0,0.0,0.0,0.0,0.0,0.0,0.22057852415896173,0.20311924440462728,0.21058777510792087,0.22829585922213422,0.0,0.0,0.43656907878076184,0.41910979902642737,0.426578329729721,0.4442864138439343,0.0,0.0,0.23219666243161352,0.21473738267727907,0.22220591338057266,0.239913997494786,0.0,0.0,0.09386898976483918,0.07640971001050471,0.08387824071379832,0.10158632482801165
CSF2,FLT1,0.0,0.0,0.0,0.0,0.0,0.0,0.0,0.0,0.0,0.0,0.0,0.0,0.0,0.603621548755252,0.055619384370633025,0.0964209577600713,0.09038803899091524,0.0325179496553661,0.0,0.6139435745619461,0.06594141017732728,0.10674298356676555,0.1007100647976095,0.04283997546206035,0.0,0.6246537683825744,0.07665160399795547,0.11745317738739373,0.11142025861823768,0.053550169282688534,0.0,0.0,0.0,0.0,0.0,0.0
IFNG,CD74,0.0,0.0,0.0,0.0,0.0,0.0,0.0,0.0,0.0,0.0,0.0,0.0,0.0,0.0,0.0,0.0,0.0,0.0,2.064965456372632,0.9242292639078038,1.323306209209116,1.4407451899812544,2.0213516920949566,0.8803444515414091,0.0,0.0,0.0,0.0,0.0,0.0,0.0,0.0,0.0,0.0,0.0,0.0
CCL1,CCR7,0.0,0.0,0.0,0.0,0.0,0.0,0.0,0.0,0.0,0.0,0.0,0.0,0.0,0.0,0.0,0.0,0.0,0.0,0.0,0.0,0.038784928029986926,0.007063356551633437,0.0,0.0,0.0,0.0,0.04669771363954327,0.014976142161189775,0.0,0.0,0.0,0.0,0.0,0.0,0.0,0.0
IL6,IL17A,0.0,0.0,0.0,0.0,0.0,0.0,0.0,0.0,0.0,0.0,0.0,0.0,0.0,0.0,0.0,0.0,0.0,0.0,0.0,0.0,0.0,0.0,0.0,0.0,0.0,0.0,0.0,0.0,0.0,0.0,0.0,0.0,0.0,0.0,0.0,0.0
IL10,PTGS2,0.0,0.0,0.0,0.0,0.0,0.0,0.0,0.0,0.0,0.0,0.0,0.0,0.0,0.0,0.0,0.0,0.0,0.0,0.0,0.0,0.0,0.0,0.0,0.0,0.0,0.0,0.0,0.0,0.0,0.0,0.0,0.0,0.0,0.0,0.0,0.0
CXCL1,CXCR6,0.0,0.0,0.0,0.0,0.0,0.0,0.0,0.0,0.0,0.0,0.0,0.0,0.0,0.0,0.01366544066376947,0.012476376338281452,0.03348428290312938,0.0,0.0,0.0,0.007247417836311213,0.0060583535108231935,0.02706626007567112,0.0,0.0,0.0,0.0,0.0,0.0,0.0,0.0,0.0,0.0,0.0,0.0,0.0
VWF,THBS1,0.0,0.0,0.0,0.0,0.0,0.0,0.0,0.614911288022995,1.2775704946684008,0.6755825958237892,0.6839503577926702,0.8839559441521054,0.0,0.34276565449747876,1.0054248611428844,0.4034369622982729,0.411804724267154,0.6118103106265892,0.0,0.28149072476815273,0.9441499314135584,0.3421620325689469,0.35052979453782795,0.5505353808972632,0.0,0.21389942786149813,0.8765586345069037,0.2745707356622923,0.2829384976311734,0.48294408399060856,0.0,0.20089930721691676,0.8635585138623224,0.26157061501771095,0.26993837698659207,0.4699439633460272
XCL2,CCR7,0.0,0.0,0.0,0.0,0.0,0.0,0.0,0.0,0.0,0.0,0.0,0.0,0.0,0.0,0.0,0.0,0.0,0.0,0.0,0.0,0.03939366629278401,0.0076720948144305265,0.0,0.0,0.0,0.0,0.0,0.0,0.0,0.0,0.0,0.0,0.0,0.0,0.0,0.0
XCL1,CCR4,0.0,0.0,0.0,0.0,0.0,0.0,0.0,0.0,0.0,0.0,0.0,0.0,0.0,0.0,0.0,0.0,0.0,0.0,0.0,0.0,0.0,0.0,0.0,0.0,0.0,0.0,0.0,0.0,0.0,0.0,0.0,0.0,0.0,0.0,0.0,0.0
CSF2,PLAU,0.0,0.0,0.0,0.0,0.0,0.0,0.0,0.0,0.0,0.0,0.0,0.0,1.7295631680322523,0.0,0.2112232778795916,0.4016230254078695,0.3692305090930581,0.09990382186046458,1.7398851938389466,0.0,0.22154530368628586,0.41194505121456376,0.3795525348997524,0.11022584766715883,1.7505953876595748,0.0,0.23225549750691404,0.4226552450351919,0.39026272872038054,0.12093604148778701,0.0,0.0,0.0,0.0,0.0,0.0
STC1,TNF,0.0,0.0,0.0,0.0,0.0,0.0,0.0,0.0,0.4209883385036715,0.4136240278782023,0.0,0.0,0.0,0.0,0.040463470997501964,0.03309916037203271,0.0,0.0,0.0,0.0,0.05734333456356702,0.04997902393809777,0.0,0.0,0.0,0.0,0.03739757124557955,0.030033260620110296,0.0,0.0,0.0,0.0,0.12147254052531575,0.11410822989984651,0.0,0.0
CSF2,CD1A,0.0,0.0,0.0,0.0,0.0,0.0,0.0,0.0,0.0,0.0,0.0,0.0,0.0,0.0,0.011809804842839788,0.03396246817430092,0.0972989105092009,0.0,0.0,0.0,0.022131830649534043,0.04428449398099517,0.10762093631589516,0.0,0.0,0.0,0.032842024470162226,0.05499468780162335,0.11833113013652334,0.0,0.0,0.0,0.0,0.0,0.0,0.0
CSF2,MMP9,0.0,0.0,0.0,0.0,0.0,0.0,0.0,0.0,0.0,0.0,0.0,0.0,0.0,0.0,0.05777332853915086,0.06279032237821316,0.1168828975486331,0.10657421739370838,0.0,0.0,0.06809535434584511,0.07311234818490742,0.12720492335532735,0.11689624320040264,0.0,0.0,0.0788055481664733,0.0838225420055356,0.13791511717595553,0.1276064370210308,0.0,0.0,0.0,0.0,0.0,0.0
IFNG,PTGS2,0.0,0.0,0.0,0.0,0.0,0.0,0.0,0.0,0.0,0.0,0.0,0.0,0.0,0.0,0.0,0.0,0.0,0.0,0.0,0.0,0.01289761609537324,0.0071515671733088145,0.0,0.0,0.0,0.0,0.0,0.0,0.0,0.0,0.0,0.0,0.0,0.0,0.0,0.0
CXCL8,CCR6,0.0,0.0,0.0,0.0,0.0,0.0,0.0,0.0,0.0,0.0,0.0,0.0,0.0,0.0,0.05340665756766476,0.025760092255061033,0.13482882873367094,0.0,0.0,0.0,0.058490178486313826,0.030843613173710097,0.13991234965232002,0.0,0.0,0.0,0.07526903130303318,0.047622465990429456,0.1566912024690394,0.0,0.0,0.0,0.0,0.0,0.0,0.0
CTSG,THBD,0.0,0.0,0.0,0.0,0.0,0.0,0.0,0.0,0.0,0.0,0.0,0.0,0.0,0.840816608560619,0.058684405699298156,0.03590193427471727,0.06062378163704794,0.11298545066058086,0.0,0.8349389098145233,0.052806706953202456,0.030024235528621573,0.05474608289095224,0.10710775191448516,0.0,0.0,0.0,0.0,0.0,0.0,0.0,0.0,0.0,0.0,0.0,0.0
CCL2,TNF,0.0,0.0,0.0,0.0,0.0,0.0,0.0,0.0,0.16795920065386377,0.16059489002839453,0.0,0.0,0.0,0.0,0.10318916265051163,0.09582485202504239,0.0,0.0,0.0,0.0,0.028338877299678294,0.020974566674209046,0.0,0.0,0.0,0.0,0.060546503200615914,0.05318219257514666,0.0,0.0,0.0,0.0,0.09898189152905343,0.09161758090358418,0.0,0.0
IL13,CXCL12,0.0,0.0,0.0,0.0,0.0,0.0,0.0,0.0,0.0,0.0,0.0,0.0,0.0,0.0,0.0,0.0,0.0,0.0,0.0,0.0,0.0,0.0,0.0,0.0,0.0,0.0,0.0,0.0,0.0,0.0,0.0,0.0,0.0,0.0,0.0,0.0
IL10,VEGFA,0.0,0.0,0.0,0.0,0.0,0.0,0.0,0.0,0.0,0.0,0.0,0.0,0.0,0.0,0.0,0.0,0.0,0.0,0.0,0.0,0.0,0.0,0.0,0.0,0.0,0.0,0.0,0.0,0.0,0.0,0.0,0.0,0.0,0.0,0.0,0.0
PPBP,CCR4,0.0,0.0,0.0,0.0,0.0,0.0,0.0,0.0,0.0,0.0,0.0,0.0,0.0,0.0,0.0,0.0,0.0,0.0,0.0,0.0,0.0,0.0,0.0,0.0,0.0,0.0,0.0,0.0,0.0,0.0,0.0,0.0,0.0,0.0,0.0,0.0
CXCL2,CXCR6,0.0,0.0,0.0,0.0,0.0,0.0,0.0,0.0,0.27488794626288154,0.2736988819373935,0.2947067885022414,0.0,0.0,0.0,0.02626776517327152,0.025078700847783502,0.04608660741263143,0.0,0.0,0.0,0.038806388414062414,0.03761732408857439,0.05862523065342232,0.0,0.0,0.0,0.04384048064986771,0.04265141632437969,0.06365932288922761,0.0,0.0,0.0,0.05471556230733474,0.05352649798184672,0.07453440454669465,0.0
CXCL13,CCR6,0.0,0.0,0.0,0.0,0.0,0.0,0.0,0.0,0.0,0.0,0.0,0.0,0.0,0.0,0.06391196820273327,0.036265402890129556,0.14533413936873948,0.0,0.0,0.0,0.0499909737937451,0.022344408481141373,0.1314131449597513,0.0,0.0,0.0,0.07252149978024887,0.044874934467645136,0.15394367094625505,0.0,0.0,0.0,0.0,0.0,0.0,0.0
IL2,CXCL12,0.0,0.0,0.0,0.0,0.0,0.0,0.0,0.0,0.0,0.0,0.0,0.0,0.0,0.0,0.0,0.0,0.0,0.0,0.0,0.22170260853254936,0.15572752111109892,0.05614748426992568,0.07692392684231657,0.25148527628863,0.0,0.0,0.0,0.0,0.0,0.0,0.0,0.0,0.0,0.0,0.0,0.0
IL6,VEGFA,0.0,0.0,0.0,0.0,0.0,0.0,0.0,0.0,0.0,0.0,0.0,0.0,0.0,0.0,0.0,0.0,0.0,0.0,0.0,0.0,0.0,0.0,0.0,0.0,0.0,0.0,0.0,0.0,0.0,0.0,0.0,0.0,0.0,0.0,0.0,0.0
CCL8,CCR4,0.0,0.0,0.0,0.0,0.0,0.0,0.0,0.0,0.0,0.0,0.0,0.0,0.0,0.0,0.0,0.0,0.0,0.0,0.0,0.0,0.0,0.0,0.0,0.0,0.0,0.0,0.0,0.0,0.0,0.0,0.0,0.0,0.0,0.0,0.0,0.0
CD40LG,C3,0.0,0.0,0.0,0.0,0.0,0.0,0.0,0.0,0.0,0.0,0.0,0.0,0.0,0.0,0.0,0.0,0.0,0.0,0.0,0.15964328274033174,0.9665043679737354,0.7805622960215002,0.8298280973565851,0.9237864218642483,0.0,0.0,0.0,0.0,0.0,0.0,0.0,0.0,0.0,0.0,0.0,0.0
CXCL14,CCR7,0.0,0.0,1.7643592209365238,1.7326376494581703,0.0,0.0,0.0,0.0,0.29110981531404145,0.2593882438356879,0.0,0.0,0.0,0.0,1.1303618668916806,1.0986402954133272,0.0,0.0,0.0,0.0,1.1532441741291775,1.121522602650824,0.0,0.0,0.0,0.0,0.7385445256200752,0.7068229541417217,0.0,0.0,0.0,0.0,0.5961427426795716,0.564421171201218,0.0,0.0
CXCL11,CCR6,0.0,0.0,0.0,0.0,0.0,0.0,0.0,0.0,0.0,0.0,0.0,0.0,0.0,0.0,0.0,0.0,0.0,0.0,0.0,0.0,0.05072964931308088,0.02308308400047716,0.13215182047908708,0.0,0.0,0.0,0.0,0.0,0.0,0.0,0.0,0.0,0.0,0.0,0.0,0.0
CXCL11,CXCR6,0.0,0.0,0.0,0.0,0.0,0.0,0.0,0.0,0.0,0.0,0.0,0.0,0.0,0.0,0.0,0.0,0.0,0.0,0.0,0.0,0.005603043626817229,0.004413979301329209,0.025421885866177135,0.0,0.0,0.0,0.0,0.0,0.0,0.0,0.0,0.0,0.0,0.0,0.0,0.0
CXCL12,CCR6,0.0,0.0,0.0,0.0,0.0,0.0,0.0,0.0,0.2711289829727429,0.24348241766013917,0.3525511541387491,0.0,0.0,0.0,0.20515389555129246,0.17750733023868873,0.2865760667172986,0.0,0.0,0.0,0.10557385871011923,0.0779272933975155,0.18699602987612543,0.0,0.0,0.0,0.12635030128251012,0.09870373596990639,0.20777247244851632,0.0,0.0,0.0,0.30091165072882353,0.2732650854162198,0.38233382189482973,0.0
CXCL9,CCR4,0.0,0.0,0.0,0.0,0.0,0.0,0.0,0.0,0.0,0.0,0.0,0.0,0.0,0.0,0.0,0.0,0.0,0.0,0.0,0.0,0.0,0.0,0.0,0.0,0.0,0.0,0.0,0.0,0.0,0.0,0.0,0.0,0.0,0.0,0.0,0.0
IL2,IDO1,0.0,0.0,0.0,0.0,0.0,0.0,0.0,0.0,0.0,0.0,0.0,0.0,0.0,0.0,0.0,0.0,0.0,0.0,0.0,0.15913148529017113,0.007224440581738872,0.004439442505178726,0.0,0.0,0.0,0.0,0.0,0.0,0.0,0.0,0.0,0.0,0.0,0.0,0.0,0.0
CCL1,CXCR6,0.0,0.0,0.0,0.0,0.0,0.0,0.0,0.0,0.0,0.0,0.0,0.0,0.0,0.0,0.0,0.0,0.0,0.0,0.0,0.0,0.005202252513678092,0.004013188188190073,0.025021094753037997,0.0,0.0,0.0,0.01311503812323443,0.011925973797746412,0.032933880362594335,0.0,0.0,0.0,0.0,0.0,0.0,0.0
CCL11,PIK3C2G,0.0,0.0,0.0,0.0,0.0,0.0,0.0,0.0,0.0,0.0,0.0,0.0,0.0,0.0,0.0,0.0,0.0,0.0,0.0,0.0,0.0,0.0,0.0,0.0,0.0,0.0,0.0,0.0,0.0,0.0,0.0,0.0,0.0,0.0,0.0,0.0
IL1B,PLAUR,0.0,0.0,0.0,0.0,0.0,0.0,0.0,0.0,0.0,0.0,0.0,0.0,0.0,0.0,0.0,0.0,0.0,0.0,0.0,0.0,0.1191984213848857,0.05119840158723285,0.1104350609492895,0.0,0.0,0.0,0.12697057722126137,0.0589705574236085,0.11820721678566515,0.0,0.0,0.0,0.0,0.0,0.0,0.0
CCL7,CCR7,0.0,0.0,0.0,0.0,0.0,0.0,0.0,0.0,0.0,0.0,0.0,0.0,0.0,0.0,0.0,0.0,0.0,0.0,0.0,0.0,0.038385620754168584,0.0066640492758150965,0.0,0.0,0.0,0.0,0.047748143025548334,0.016026571547194845,0.0,0.0,0.0,0.0,0.0,0.0,0.0,0.0
XCL1,CCR7,0.0,0.0,0.0,0.0,0.0,0.0,0.0,0.0,0.0,0.0,0.0,0.0,0.0,0.0,0.042578679412158565,0.010857107933805076,0.0,0.0,0.0,0.0,0.039583430627617655,0.007861859149264164,0.0,0.0,0.0,0.0,0.0,0.0,0.0,0.0,0.0,0.0,0.0,0.0,0.0,0.0
CSF3,MMP9,0.0,0.0,0.0,0.0,0.0,0.0,0.0,0.0,0.0,0.0,0.0,0.0,0.0,0.0,0.0,0.0,0.0,0.0,0.0,0.0,0.05455730227546211,0.05957429611452442,0.11366687128494433,0.10335819113001962,0.0,0.0,0.0,0.0,0.0,0.0,0.0,0.0,0.0,0.0,0.0,0.0
IL1B,CSF1,0.0,0.0,0.0,0.0,0.0,0.0,0.0,0.0,0.0,0.0,0.0,0.0,0.0,0.0,0.0,0.0,0.0,0.0,0.0,0.0,0.0665309743943744,0.04907169464003993,0.056540225343333535,0.07424830945754687,0.0,0.0,0.07430313023075005,0.05684385047641558,0.0643123811797092,0.08202046529392253,0.0,0.0,0.0,0.0,0.0,0.0
CSF2,CDH11,0.0,0.0,0.0,0.0,0.0,0.0,0.0,0.0,0.0,0.0,0.0,0.0,0.0,0.25631376240977005,0.7037044729462903,0.17439580782294298,0.2221320525346298,0.3339138257223914,0.0,0.26663578821646433,0.7140264987529845,0.18471783362963723,0.23245407834132406,0.3442358515290857,0.0,0.2773459820370925,0.7247366925736127,0.1954280274502654,0.24316427216195224,0.35494604534971386,0.0,0.0,0.0,0.0,0.0,0.0
ADIPOQ,TNF,0.0,0.0,0.0,0.0,0.0,0.0,0.0,0.0,0.0,0.0,0.0,0.0,0.0,0.0,0.0,0.0,0.0,0.0,0.0,0.0,0.0,0.0,0.0,0.0,0.0,0.0,0.0,0.0,0.0,0.0,0.0,0.0,0.0,0.0,0.0,0.0
TNF,CDK6,0.0,0.0,0.0,0.0,0.0,0.0,0.0,0.0,0.0,0.0,0.0,0.0,0.0,0.0,0.012310573117649971,0.026285952841833583,0.045541880891784445,0.0,0.0,0.0,0.0049462624921807205,0.018921642216364335,0.03817757026631519,0.0,0.0,0.0,0.0,0.0,0.0,0.0,0.0,0.0,0.0,0.0,0.0,0.0
CCL4,CCR7,0.0,0.0,0.0,0.0,0.0,0.0,0.0,0.0,0.0,0.0,0.0,0.0,0.0,0.0,0.060250971447769086,0.028529399969415597,0.0,0.0,0.0,0.0,0.05655010791431521,0.024828536435961723,0.0,0.0,0.0,0.0,0.18346695713923222,0.15174538566087872,0.0,0.0,0.0,0.0,0.0,0.0,0.0,0.0
CXCL1,CCR7,0.0,0.0,0.0,0.0,0.0,0.0,0.0,0.0,0.0,0.0,0.0,0.0,0.0,0.0,0.047248116180078306,0.015526544701724817,0.0,0.0,0.0,0.0,0.04083009335262005,0.009108521874266558,0.0,0.0,0.0,0.0,0.0,0.0,0.0,0.0,0.0,0.0,0.0,0.0,0.0,0.0
CCL13,CCR6,0.0,0.0,0.0,0.0,0.0,0.0,0.0,0.0,0.0,0.0,0.0,0.0,0.0,0.0,0.0791039075424422,0.051457342229838485,0.1605260787084484,0.0,0.0,0.0,0.06580415203130688,0.03815758671870316,0.14722632319731307,0.0,0.0,0.0,0.15842023480153888,0.13077366948893515,0.23984240596754508,0.0,0.0,0.0,0.12886201763458088,0.10121545232197718,0.21028418880058708,0.0
CXCL8,CCR7,0.0,0.0,0.0,0.0,0.0,0.0,0.0,0.0,0.0,0.0,0.0,0.0,0.0,0.0,0.04186272739770994,0.010141155919356444,0.0,0.0,0.0,0.0,0.046946248316359004,0.015224676838005512,0.0,0.0,0.0,0.0,0.06372510113307836,0.03200352965472487,0.0,0.0,0.0,0.0,0.0,0.0,0.0,0.0
IFNG,PIGR,0.0,0.0,0.0,0.0,0.0,0.0,0.0,0.0,0.0,0.0,0.0,0.0,0.0,0.0,0.0,0.0,0.0,0.0,0.0,0.0,0.0,0.004880871394280525,0.0,0.0,0.0,0.0,0.0,0.0,0.0,0.0,0.0,0.0,0.0,0.0,0.0,0.0
CALCA,CDH11,0.0,0.0,0.0,0.0,0.0,0.0,0.0,0.0,0.0,0.0,0.0,0.0,0.0,0.0,0.0,0.0,0.0,0.0,0.0,0.25859202924495756,0.7059827397814779,0.17667407465813045,0.22441031936981728,0.3361920925575789,0.0,0.0,0.0,0.0,0.0,0.0,0.0,0.0,0.0,0.0,0.0,0.0
CCL15,CCR6,0.0,0.0,0.0,0.0,0.0,0.0,0.0,0.0,0.0,0.0,0.0,0.0,0.0,0.0,0.0,0.0,0.0,0.0,0.0,0.0,0.0,0.0,0.0,0.0,0.0,0.0,0.0,0.0,0.0,0.0,0.0,0.0,0.0,0.0,0.0,0.0
CSF3,TNF,0.0,0.0,0.0,0.0,0.0,0.0,0.0,0.0,0.0,0.0,0.0,0.0,0.0,0.0,0.0,0.0,0.0,0.0,0.0,0.0,0.00909454685396122,0.0017302362284919693,0.0,0.0,0.0,0.0,0.0,0.0,0.0,0.0,0.0,0.0,0.0,0.0,0.0,0.0
CXCL2,CCR7,0.0,0.0,0.0,0.0,0.0,0.0,0.0,0.0,0.3084706217791904,0.27674905030083685,0.0,0.0,0.0,0.0,0.059850440689580356,0.028128869211226867,0.0,0.0,0.0,0.0,0.07238906393037126,0.040667492452017756,0.0,0.0,0.0,0.0,0.07742315616617654,0.04570158468782305,0.0,0.0,0.0,0.0,0.08829823782364357,0.056576666345290086,0.0,0.0
CXCL12,MMP13,0.0,0.0,0.0,0.0,0.0,0.0,0.0,0.0,0.416115237631608,0.2492089981498834,0.2817855892997039,0.49611991289116086,0.0,0.0,0.35014015021015754,0.18323391072843295,0.21581050187825346,0.43014482546971045,0.0,0.0,0.2505601133689843,0.08365387388725971,0.11623046503708022,0.33056478862853717,0.0,0.0,0.27133655594137523,0.10443031645965059,0.1370069076094711,0.3513412312009281,0.0,0.0,0.44589790538768864,0.278991665905964,0.3115682570557845,0.5259025806472415
CXCL12,CXCR6,0.0,0.0,0.0,0.0,0.0,0.0,0.0,0.0,0.22600237728647926,0.22481331296099122,0.24582121952583916,0.0,0.0,0.0,0.1600272898650288,0.15883822553954077,0.1798461321043887,0.0,0.0,0.0,0.06044725302385557,0.05925818869836755,0.08026609526321547,0.0,0.0,0.0,0.08122369559624645,0.08003463127075844,0.10104253783560636,0.0,0.0,0.0,0.2557850450425599,0.25459598071707185,0.27560388728191976,0.0
PPBP,CXCR6,0.0,0.0,0.0,0.0,0.0,0.0,0.0,0.0,0.0,0.0,0.0,0.0,0.0,0.0,0.0,0.0,0.0,0.0,0.0,0.0,0.005367030530644665,0.004177966205156647,0.025185872770004572,0.0,0.0,0.0,0.08967973492038783,0.08849067059489982,0.10949857715974774,0.0,0.0,0.0,0.0,0.0,0.0,0.0
IL22,MMP1,0.0,0.0,0.0,0.0,0.0,0.0,0.0,0.0,0.0,0.0,0.0,0.0,0.0,0.0,0.0,0.0,0.0,0.0,0.0,0.0,0.0,0.0,0.0,0.0,0.0,0.0,0.0,0.0,0.0,0.0,0.0,0.0,0.0,0.0,0.0,0.0
CD40LG,PTGS2,0.0,0.0,0.0,0.0,0.0,0.0,0.0,0.0,0.0,0.0,0.0,0.0,0.0,0.0,0.0,0.0,0.0,0.0,0.0,0.0,0.0135146936475362,0.0077686447254717746,0.0,0.0,0.0,0.0,0.0,0.0,0.0,0.0,0.0,0.0,0.0,0.0,0.0,0.0
CCL5,MMP9,0.0,0.0,0.0,0.0,0.0,0.0,0.0,0.0,0.0,0.0,0.0,0.0,0.0,0.0,0.09794619783240172,0.102963191671464,0.15705576684188394,0.14674708668695924,0.0,0.0,0.08574198801544242,0.0907589818545047,0.14485155702492464,0.13454287686999994,0.0,0.0,0.2306960085028908,0.23571300234195308,0.289805577512373,0.2794968973574483,0.0,0.0,0.0,0.0,0.0,0.0
RELN,ITGB6,0.0,0.0,0.0,0.0,0.0,0.0,0.0,0.0,0.0,0.0,0.0,0.0,0.0,0.0,0.0,0.0,0.0,0.0,0.0,0.0,0.04972651768521073,0.10543763462263665,0.06776564620274717,0.0,0.0,0.0,0.0,0.0,0.0,0.0,0.0,0.0,0.0,0.0,0.0,0.0
IFNG,CTSL,0.0,0.0,0.0,0.0,0.0,0.0,0.0,0.0,0.0,0.0,0.0,0.0,0.0,0.0,0.0,0.0,0.0,0.0,1.7263714965642827,0.0,0.09240839161521398,0.12037516189287484,0.12828512689923716,0.1489366559078205,0.0,0.0,0.0,0.0,0.0,0.0,0.0,0.0,0.0,0.0,0.0,0.0
CCL17,CCR6,0.0,0.0,0.0,0.0,0.0,0.0,0.0,0.0,0.0,0.0,0.0,0.0,0.0,0.0,0.2545280601847824,0.22688149487217868,0.3359502313507886,0.0,0.0,0.0,0.1327476971894147,0.10510113187681097,0.2141698683554209,0.0,0.0,0.0,0.49338023012987325,0.4657336648172695,0.5748024012958795,0.0,0.0,0.0,0.16245075062648065,0.13480418531387692,0.24387292179248685,0.0
IFNG,CTSK,0.0,0.0,0.0,0.0,0.0,0.0,0.0,0.0,0.0,0.0,0.0,0.0,0.0,0.0,0.0,0.0,0.0,0.0,0.0,0.0,0.5346214401527862,0.10198174327670512,0.1778710679671503,0.29509317697839166,0.0,0.0,0.0,0.0,0.0,0.0,0.0,0.0,0.0,0.0,0.0,0.0
CCL13,CXCR6,0.0,0.0,0.0,0.0,0.0,0.0,0.0,0.0,0.0,0.0,0.0,0.0,0.0,0.0,0.033977301856178546,0.03278823753069053,0.053796144095538456,0.0,0.0,0.0,0.020677546345043228,0.01948848201955521,0.04049638858440313,0.0,0.0,0.0,0.11329362911527523,0.11210456478978721,0.13311247135463514,0.0,0.0,0.0,0.08373541194831724,0.08254634762282922,0.10355425418767715,0.0
IFNG,CD40LG,0.0,0.0,0.0,0.0,0.0,0.0,0.0,0.0,0.0,0.0,0.0,0.0,0.0,0.0,0.0,0.0,0.0,0.0,0.0,0.0,0.0,0.0008029837361481993,0.0,0.0,0.0,0.0,0.0,0.0,0.0,0.0,0.0,0.0,0.0,0.0,0.0,0.0
TNF,PTGS2,0.0,0.0,0.0,0.0,0.0,0.0,0.0,0.0,0.0,0.0,0.0,0.0,0.0,0.0,0.021830611561068254,0.016084562639003833,0.0,0.0,0.0,0.0,0.014466300935599006,0.008720252013534581,0.0,0.0,0.0,0.0,0.0,0.0,0.0,0.0,0.0,0.0,0.0,0.0,0.0,0.0
IL1A,ITGA6,0.0,0.0,0.0,0.0,0.0,0.0,0.0,0.0,0.0,0.0,0.0,0.0,0.0,0.0,0.0,0.0,0.0,0.0,0.0,0.6020152900822041,0.10198984868472218,0.09542002104379012,0.03989081084693979,0.0,0.0,0.0,0.0,0.0,0.0,0.0,0.0,0.0,0.0,0.0,0.0,0.0
IL6,NOTCH3,0.0,0.0,0.0,0.0,0.0,0.0,0.0,0.0,0.0,0.0,0.0,0.0,0.0,0.0,0.0,0.0,0.0,0.0,0.0,0.0,0.0,0.0,0.0,0.0,0.0,0.0,0.0,0.0,0.0,0.0,0.0,0.0,0.0,0.0,0.0,0.0
IL1B,PTGS2,0.0,0.0,0.0,0.0,0.0,0.0,0.0,0.0,0.0,0.0,0.0,0.0,0.0,0.0,0.0,0.0,0.0,0.0,0.0,0.0,0.014699972728319598,0.008953923806255173,0.0,0.0,0.0,0.0,0.022472128564695253,0.01672607964263083,0.0,0.0,0.0,0.0,0.0,0.0,0.0,0.0
IFNG,TPO,0.0,0.0,0.0,0.0,0.0,0.0,0.0,0.0,0.0,0.0,0.0,0.0,0.0,0.0,0.0,0.0,0.0,0.0,0.0,0.0,0.0,0.003378813805578577,0.0,0.0,0.0,0.0,0.0,0.0,0.0,0.0,0.0,0.0,0.0,0.0,0.0,0.0
IGF1,HMOX1,0.0,0.0,0.0,0.0,0.0,0.0,0.0,0.0,0.0,0.0,0.0,0.0,0.0,0.0,0.08255818975505544,0.07834226599989702,0.11109352371679548,0.0,0.0,0.0,0.03368058938460657,0.029464665629448147,0.062215923346346604,0.0,0.0,0.0,0.0,0.0,0.0,0.0,0.0,0.0,0.0,0.0,0.0,0.0
SAA1,MMP9,0.0,0.0,0.0,0.0,0.0,0.0,0.0,0.0,0.0,0.0,0.0,0.0,0.0,0.0,0.10461938618427485,0.10963638002333716,0.16372895519375708,0.15342027503883238,0.0,0.0,0.13827900635344836,0.14329600019251065,0.19738857536293059,0.1870798952080059,0.0,0.0,0.19311282938455032,0.1981298232236126,0.25222239839403254,0.24191371823910784,0.0,0.0,0.0,0.0,0.0,0.0
CXCL11,CCR7,0.0,0.0,0.0,0.0,0.0,0.0,0.0,0.0,0.0,0.0,0.0,0.0,0.0,0.0,0.0,0.0,0.0,0.0,0.0,0.0,0.03918571914312606,0.007464147664772573,0.0,0.0,0.0,0.0,0.0,0.0,0.0,0.0,0.0,0.0,0.0,0.0,0.0,0.0
CCL4,CXCR6,0.0,0.0,0.0,0.0,0.0,0.0,0.0,0.0,0.0,0.0,0.0,0.0,0.0,0.0,0.02666829593146025,0.025479231605972232,0.04648713817082016,0.0,0.0,0.0,0.022967432398006377,0.02177836807251836,0.042786274637366284,0.0,0.0,0.0,0.1498842816229234,0.14869521729743534,0.16970312386228328,0.0,0.0,0.0,0.0,0.0,0.0,0.0
CCL2,CXCR6,0.0,0.0,0.0,0.0,0.0,0.0,0.0,0.0,0.16343125404410103,0.16224218971861298,0.18325009628346092,0.0,0.0,0.0,0.09866121604074886,0.09747215171526084,0.11848005828010877,0.0,0.0,0.0,0.023810930689915525,0.022621866364427506,0.04362977292927543,0.0,0.0,0.0,0.05601855659085314,0.05482949226536512,0.07583739883021305,0.0,0.0,0.0,0.09445394491929066,0.09326488059380264,0.11427278715865057,0.0
COMP,ITGA6,0.0,0.0,0.0,0.0,0.0,0.0,0.0,0.0,0.0,0.0,0.0,0.0,0.0,1.8233952031503269,1.323369761752845,1.316799934111913,1.2612707239150627,0.0,0.0,0.9040466177754525,0.4040211763779705,0.39745134873703847,0.34192213854018816,0.0,0.0,0.9303458641495621,0.4303204227520802,0.42375059511114815,0.3682213849142978,0.0,0.0,1.8543318623588199,1.354306420961338,1.347736593320406,1.2922073831235557,0.0
CXCL3,CXCR6,0.0,0.0,0.0,0.0,0.0,0.0,0.0,0.0,0.0,0.0,0.0,0.0,0.0,0.0,0.0,0.0,0.0,0.0,0.0,0.0,0.009398250647195903,0.008209186321707885,0.029217092886555808,0.0,0.0,0.0,0.01759494413846324,0.01640587981297522,0.037413786377823145,0.0,0.0,0.0,0.0,0.0,0.0,0.0
CCL20,CXCR6,0.0,0.0,0.0,0.0,0.0,0.0,0.0,0.0,0.0,0.0,0.0,0.0,0.0,0.0,0.0,0.0,0.0,0.0,0.0,0.0,0.01964890746757064,0.01845984314208262,0.039467749706930545,0.0,0.0,0.0,0.009824636384247798,0.008635572058759778,0.029643478623607705,0.0,0.0,0.0,0.0,0.0,0.0,0.0
CCL18,CCR6,0.0,0.0,0.0,0.0,0.0,0.0,0.0,0.0,0.0,0.0,0.0,0.0,0.0,0.0,0.05994222976675081,0.03229566445414708,0.141364400932757,0.0,0.0,0.0,0.07525742400470167,0.04761085869209794,0.15667959517070787,0.0,0.0,0.0,0.5071050026835682,0.4794584373709644,0.5885271738495743,0.0,0.0,0.0,0.0,0.0,0.0,0.0
IFNG,KLRD1,0.0,0.0,0.0,0.0,0.0,0.0,0.0,0.0,0.0,0.0,0.0,0.0,0.0,0.0,0.0,0.0,0.0,0.0,0.0,0.0,0.0128235675548878,0.0038046493179129427,0.0,0.0,0.0,0.0,0.0,0.0,0.0,0.0,0.0,0.0,0.0,0.0,0.0,0.0
FLT4,FLT1,0.0,0.0,0.0,0.0,0.0,0.0,0.0,0.821841299533844,0.2738391351492251,0.3146407085386633,0.3086077897695073,0.25073770043395815,0.0,0.6214849555225515,0.07348279113793255,0.11428436452737081,0.10825144575821476,0.05038135642266561,0.0,0.6116459561880497,0.06364379180343081,0.10444536519286908,0.09841244642371302,0.04054235708816388,0.0,0.0,0.0,0.0,0.0,0.0,0.0,0.0,0.0,0.0,0.0,0.0
CCL3,CXCR6,0.0,0.0,0.0,0.0,0.0,0.0,0.0,0.0,0.0,0.0,0.0,0.0,0.0,0.0,0.012204348744444586,0.011015284418956568,0.03202319098380449,0.0,0.0,0.0,0.013082854247796347,0.011893789922308329,0.032901696487156254,0.0,0.0,0.0,0.02474156562087735,0.02355250129538933,0.04456040786023725,0.0,0.0,0.0,0.0,0.0,0.0,0.0
CXCL2,CCR6,0.0,0.0,0.0,0.0,0.0,0.0,0.0,0.0,0.3200145519491452,0.29236798663654145,0.4014367231151514,0.0,0.0,0.0,0.07139437085953518,0.04374780554693145,0.15281654202554137,0.0,0.0,0.0,0.08393299410032606,0.056286428787722345,0.16535516526633226,0.0,0.0,0.0,0.08896708633613137,0.06132052102352764,0.17038925750213757,0.0,0.0,0.0,0.09984216799359841,0.07219560268099467,0.1812643391596046,0.0
CSF2,CEACAM5,0.0,0.0,0.0,0.0,0.0,0.0,0.0,0.0,0.0,0.0,0.0,0.0,0.0,0.0,0.0,0.0,0.0,0.0,0.0,0.0,0.0,0.0,0.0,0.0,0.0,0.0,0.0,0.0,0.0,0.0,0.0,0.0,0.0,0.0,0.0,0.0
FGF7,SFTPA1,0.0,0.0,0.0,0.0,0.0,0.0,0.0,0.0,0.0,0.0,0.0,0.0,0.0,0.0,0.0,0.20910592049623683,0.0,0.0,0.0,0.0,0.0,0.02989083346404223,0.0,0.0,0.0,0.0,0.0,0.0,0.0,0.0,0.0,0.0,0.0,0.10326148199658823,0.0,0.0
VEGFA,PDGFRB,0.0,0.0,0.0,0.0,0.0,0.0,0.0,0.0,0.0,0.0,0.0,0.0,0.0,0.6345756672211548,0.5151352315992859,0.25113671235165225,0.23844202425068478,0.3583453944285202,0.0,0.8505662218429548,0.7311257862210859,0.4671272669734523,0.4544325788724849,0.5743359490503204,0.0,0.6461938054938066,0.5267533698719377,0.26275485062430404,0.25006016252333657,0.369963532701172,0.0,0.5078661328270322,0.3884256972051633,0.12442717795752968,0.11173248985656221,0.23163586003439768
CCL1,CCR4,0.0,0.0,0.0,0.0,0.0,0.0,0.0,0.0,0.0,0.0,0.0,0.0,0.0,0.0,0.0,0.0,0.0,0.0,0.0,0.0,0.0,0.0,0.0,0.0,0.0,0.0,0.0,0.0,0.0,0.0,0.0,0.0,0.0,0.0,0.0,0.0
IL1B,MMP9,0.0,0.0,0.0,0.0,0.0,0.0,0.0,0.0,0.0,0.0,0.0,0.0,0.0,0.0,0.0,0.0,0.0,0.0,0.0,0.0,0.05638401370412751,0.06140100754318981,0.11549358271360974,0.10518490255868503,0.0,0.0,0.06415616954050316,0.06917316337956547,0.12326573854998539,0.11295705839506068,0.0,0.0,0.0,0.0,0.0,0.0
CCL3L1,CCR6,0.0,0.0,0.0,0.0,0.0,0.0,0.0,0.0,0.0,0.0,0.0,0.0,0.0,0.0,0.052695923776768926,0.0250493584641652,0.13411809494277513,0.0,0.0,0.0,0.05246007391041296,0.02481350859780924,0.13388224507641916,0.0,0.0,0.0,0.062225916289509076,0.03457935097690535,0.14364808745551527,0.0,0.0,0.0,0.0,0.0,0.0,0.0
CCL14,CCR6,0.0,0.0,0.0,0.0,0.0,0.0,0.0,0.0,0.0,0.0,0.0,0.0,0.0,0.0,0.07642909246890699,0.04878252715630327,0.1578512636349132,0.0,0.0,0.0,0.0602337813151652,0.032587216002561474,0.1416559524811714,0.0,0.0,0.0,0.0,0.0,0.0,0.0,0.0,0.0,0.0,0.0,0.0,0.0
CCL2,VEGFA,0.0,0.0,0.0,0.0,0.0,0.0,0.0,0.0,0.3148761115857025,0.5308666662075026,0.3264942498583543,0.18816657719157992,0.0,0.0,0.2501060735823503,0.46609662820415043,0.2617242118550021,0.12339653918822775,0.0,0.0,0.175255788231517,0.39124634285331705,0.18687392650416879,0.04854625383739442,0.0,0.0,0.20746341413245462,0.4234539687542547,0.2190815524051064,0.08075387973833204,0.0,0.0,0.24589880246089213,0.4618893570826922,0.2575169407335439,0.11918926806676955
XCL1,CXCR6,0.0,0.0,0.0,0.0,0.0,0.0,0.0,0.0,0.0,0.0,0.0,0.0,0.0,0.0,0.00899600389584973,0.007806939570361712,0.028814846135209637,0.0,0.0,0.0,0.006000755111308819,0.0048116907858207995,0.025819597350668726,0.0,0.0,0.0,0.0,0.0,0.0,0.0,0.0,0.0,0.0,0.0,0.0,0.0
XCL2,CCR4,0.0,0.0,0.0,0.0,0.0,0.0,0.0,0.0,0.0,0.0,0.0,0.0,0.0,0.0,0.0,0.0,0.0,0.0,0.0,0.0,0.0,0.0,0.0,0.0,0.0,0.0,0.0,0.0,0.0,0.0,0.0,0.0,0.0,0.0,0.0,0.0
IL17A,TNF,0.0,0.0,0.0,0.0,0.0,0.0,0.0,0.0,0.0,0.0,0.0,0.0,0.0,0.0,0.0,0.0,0.0,0.0,0.0,0.0,0.0,0.0,0.0,0.0,0.0,0.0,0.0,0.0,0.0,0.0,0.0,0.0,0.0,0.0,0.0,0.0
CCL18,CXCR6,0.0,0.0,0.0,0.0,0.0,0.0,0.0,0.0,0.0,0.0,0.0,0.0,0.0,0.0,0.014815624080487151,0.013626559754999133,0.034634466319847054,0.0,0.0,0.0,0.030130818318438012,0.028941753992949994,0.04994966055779792,0.0,0.0,0.0,0.4619783969973045,0.46078933267181643,0.48179723923666434,0.0,0.0,0.0,0.0,0.0,0.0,0.0
TPSAB1,MMP2,0.0,0.0,0.0,0.0,0.0,0.0,0.0,0.0,0.0,0.0,0.0,0.0,0.0,0.9079031367503588,0.9049117897280413,0.1954591357984619,0.381262713715992,0.899580791391374,0.0,0.8928492516083923,0.8898579045860748,0.1804052506564954,0.36620882857402554,0.8845269062494076,0.0,0.9109846724752795,0.907993325452962,0.19854067152338248,0.3843442494409126,0.9026623271162946,0.0,0.0,0.0,0.0,0.0,0.0
CCL13,CCR7,0.0,0.0,0.0,0.0,0.0,0.0,0.0,0.0,0.0,0.0,0.0,0.0,0.0,0.0,0.06755997737248738,0.035838405894133896,0.0,0.0,0.0,0.0,0.05426022186135206,0.022538650382998574,0.0,0.0,0.0,0.0,0.14687630463158408,0.11515473315323058,0.0,0.0,0.0,0.0,0.11731808746462608,0.08559651598627259,0.0,0.0
IFNG,LOX,0.0,0.0,0.0,0.0,0.0,0.0,0.0,0.0,0.0,0.0,0.0,0.0,0.0,0.0,0.0,0.0,0.0,0.0,0.0,0.0,0.13432864387075338,0.09554725475755775,0.12744109428119973,0.14677955246013344,0.0,0.0,0.0,0.0,0.0,0.0,0.0,0.0,0.0,0.0,0.0,0.0
IL17A,MMP9,0.0,0.0,0.0,0.0,0.0,0.0,0.0,0.0,0.0,0.0,0.0,0.0,0.0,0.0,0.0,0.0,0.0,0.0,0.0,0.0,0.0,0.0,0.0,0.0,0.0,0.0,0.0,0.0,0.0,0.0,0.0,0.0,0.0,0.0,0.0,0.0
CXCL10,CXCR6,0.0,0.0,0.0,0.0,0.0,0.0,0.0,0.0,0.0,0.0,0.0,0.0,0.0,0.0,0.012214384861846467,0.011025320536358449,0.032033227101206374,0.0,0.0,0.0,0.00805111654013364,0.006862052214645621,0.027869958779493546,0.0,0.0,0.0,0.0,0.0,0.0,0.0,0.0,0.0,0.0,0.0,0.0,0.0
CCL20,CCR4,0.0,0.0,0.0,0.0,0.0,0.0,0.0,0.0,0.0,0.0,0.0,0.0,0.0,0.0,0.0,0.0,0.0,0.0,0.0,0.0,0.0,0.0,0.0,0.0,0.0,0.0,0.0,0.0,0.0,0.0,0.0,0.0,0.0,0.0,0.0,0.0
CCL7,CXCR6,0.0,0.0,0.0,0.0,0.0,0.0,0.0,0.0,0.0,0.0,0.0,0.0,0.0,0.0,0.0,0.0,0.0,0.0,0.0,0.0,0.00480294523785975,0.003613880912371732,0.02462178747721966,0.0,0.0,0.0,0.014165467509239499,0.01297640318375148,0.03398430974859941,0.0,0.0,0.0,0.0,0.0,0.0,0.0
CD40LG,VEGFA,0.0,0.0,0.0,0.0,0.0,0.0,0.0,0.0,0.0,0.0,0.0,0.0,0.0,0.0,0.0,0.0,0.0,0.0,0.0,0.0,0.15665289013368192,0.372643444755482,0.1682710284063337,0.029943355739559342,0.0,0.0,0.0,0.0,0.0,0.0,0.0,0.0,0.0,0.0,0.0,0.0
CSF3,BIRC3,0.0,0.0,0.0,0.0,0.0,0.0,0.0,0.0,0.0,0.0,0.0,0.0,0.0,0.0,0.0,0.0,0.0,0.0,0.0,0.0,0.062210515534461615,0.03387056444899752,0.01426974894783726,0.0,0.0,0.0,0.0,0.0,0.0,0.0,0.0,0.0,0.0,0.0,0.0,0.0
XCL2,CXCR6,0.0,0.0,0.0,0.0,0.0,0.0,0.0,0.0,0.0,0.0,0.0,0.0,0.0,0.0,0.0,0.0,0.0,0.0,0.0,0.0,0.005810990776475181,0.004621926450987163,0.025629833015835088,0.0,0.0,0.0,0.0,0.0,0.0,0.0,0.0,0.0,0.0,0.0,0.0,0.0
IL20,PTGS2,0.0,0.0,0.0,0.0,0.0,0.0,0.0,0.0,0.0,0.0,0.0,0.0,0.0,0.0,0.0,0.0,0.0,0.0,0.0,0.0,0.0,0.0,0.0,0.0,0.0,0.0,0.0,0.0,0.0,0.0,0.0,0.0,0.0,0.0,0.0,0.0
IL6,MMP9,0.0,0.0,0.0,0.0,0.0,0.0,0.0,0.0,0.0,0.0,0.0,0.0,0.0,0.0,0.0,0.0,0.0,0.0,0.0,0.0,0.0,0.0,0.0,0.0,0.0,0.0,0.0,0.0,0.0,0.0,0.0,0.0,0.0,0.0,0.0,0.0
CCL8,CXCR6,0.0,0.0,0.0,0.0,0.0,0.0,0.0,0.0,0.0,0.0,0.0,0.0,0.0,0.0,0.007569318090505268,0.006380253765017248,0.027388160329865175,0.0,0.0,0.0,0.008154642562589747,0.006965578237101729,0.027973484801949656,0.0,0.0,0.0,0.0,0.0,0.0,0.0,0.0,0.0,0.0,0.0,0.0,0.0
CCL21,CCR4,0.0,0.0,0.0,0.0,0.0,0.0,0.0,0.0,0.0,0.0,0.0,0.0,0.0,0.0,0.0,0.0,0.0,0.0,0.0,0.0,0.0,0.0,0.0,0.0,0.0,0.0,0.0,0.0,0.0,0.0,0.0,0.0,0.0,0.0,0.0,0.0
IL12B,CXCL9,0.0,0.0,0.0,0.0,0.0,0.0,0.0,0.0,0.0,0.0,0.0,0.0,0.0,0.0,0.0,0.0,0.0,0.0,0.0,0.0,0.0,0.0,0.0,0.0,0.0,0.0,0.0,0.0,0.0,0.0,0.0,0.0,0.0,0.0,0.0,0.0
NPPA,TNF,0.0,0.0,0.0,0.0,0.0,0.0,0.0,0.0,0.0,0.0,0.0,0.0,0.0,0.0,0.0,0.0,0.0,0.0,0.0,0.0,0.009185110809383841,0.001820800183914592,0.0,0.0,0.0,0.0,0.0,0.0,0.0,0.0,0.0,0.0,0.0,0.0,0.0,0.0
IL1B,MMP3,0.0,0.0,0.0,0.0,0.0,0.0,0.0,0.0,0.0,0.0,0.0,0.0,0.0,0.0,0.0,0.0,0.0,0.0,0.0,0.0,0.012547103964002146,0.005160118793753778,0.0,0.0,0.0,0.0,0.0203192598003778,0.012932274630129432,0.0,0.0,0.0,0.0,0.0,0.0,0.0,0.0
CCL7,CCR4,0.0,0.0,0.0,0.0,0.0,0.0,0.0,0.0,0.0,0.0,0.0,0.0,0.0,0.0,0.0,0.0,0.0,0.0,0.0,0.0,0.0,0.0,0.0,0.0,0.0,0.0,0.0,0.0,0.0,0.0,0.0,0.0,0.0,0.0,0.0,0.0
CCL14,CCR7,0.0,0.0,0.0,0.0,0.0,0.0,0.0,0.0,0.0,0.0,0.0,0.0,0.0,0.0,0.06488516229895216,0.03316359082059868,0.0,0.0,0.0,0.0,0.04868985114521038,0.01696827966685689,0.0,0.0,0.0,0.0,0.0,0.0,0.0,0.0,0.0,0.0,0.0,0.0,0.0,0.0
PPBP,CCR6,0.0,0.0,0.0,0.0,0.0,0.0,0.0,0.0,0.0,0.0,0.0,0.0,0.0,0.0,0.0,0.0,0.0,0.0,0.0,0.0,0.05049363621690832,0.022847070904304597,0.13191580738291453,0.0,0.0,0.0,0.13480634060665148,0.10715977529404777,0.21622851177265767,0.0,0.0,0.0,0.0,0.0,0.0,0.0
TNF,CXCL10,0.0,0.0,0.0,0.0,0.0,0.0,0.0,0.0,0.0,0.0,0.0,0.0,0.0,0.0,0.01674233147160924,0.012579063149896411,0.0,0.0,0.0,0.0,0.00937802084613999,0.005214752524427161,0.0,0.0,0.0,0.0,0.0,0.0,0.0,0.0,0.0,0.0,0.0,0.0,0.0,0.0
IL6,HMOX1,0.0,0.0,0.0,0.0,0.0,0.0,0.0,0.0,0.0,0.0,0.0,0.0,0.0,0.0,0.0,0.0,0.0,0.0,0.0,0.0,0.0,0.0,0.0,0.0,0.0,0.0,0.0,0.0,0.0,0.0,0.0,0.0,0.0,0.0,0.0,0.0
CCL22,CCR6,0.0,0.0,0.0,0.0,0.0,0.0,0.0,0.0,0.0,0.0,0.0,0.0,0.0,0.0,0.10837766809843072,0.080731102785827,0.18979983926443691,0.0,0.0,0.0,0.08470517096978378,0.057058605657180045,0.16612734213578997,0.0,0.0,0.0,0.10099339368893358,0.07334682837632986,0.18241556485493976,0.0,0.0,0.0,0.0,0.0,0.0,0.0
CCL2,F3,0.0,0.0,0.0,0.0,0.0,0.0,0.0,0.0,0.23958164349717287,0.3075820207351704,0.2991761267185211,0.0,0.0,0.0,0.17481160549382072,0.24281198273181823,0.23440608871516896,0.0,0.0,0.0,0.09996132014298738,0.1679616973809849,0.15955580336433564,0.0,0.0,0.0,0.13216894604392498,0.2001693232819225,0.19176342926527323,0.0,0.0,0.0,0.1706043343723625,0.23860471161036,0.23019881759371075,0.0
MDK,VEGFA,0.0,0.0,0.0,0.0,0.0,0.0,0.0,0.0,0.7162795685120483,0.9322701231338484,0.7278977067847001,0.5895700341179257,0.0,0.0,1.1507457982544875,1.3667363528762877,1.1623639365271392,1.0240362638603648,0.0,0.0,1.2438478400690174,1.4598383946908176,1.2554659783416693,1.117138305674895,0.0,0.0,0.7194188865934189,0.935409441215219,0.7310370248660707,0.5927093521992963,0.0,0.0,0.3475674583332371,0.5635580129550372,0.3591855966058889,0.22085792393911455
IL2,FCER2,0.0,0.0,0.0,0.0,0.0,0.0,0.0,0.0,0.0,0.0,0.0,0.0,0.0,0.0,0.0,0.0,0.0,0.0,0.0,0.0,0.0,0.0004062919558891307,0.0,0.0,0.0,0.0,0.0,0.0,0.0,0.0,0.0,0.0,0.0,0.0,0.0,0.0
LEP,FLT1,0.0,0.0,0.0,0.0,0.0,0.0,0.0,0.0,0.0,0.0,0.0,0.0,0.0,0.0,0.0,0.0,0.0,0.0,0.0,0.0,0.0,0.0,0.0,0.0,0.0,0.0,0.0,0.0,0.0,0.0,0.0,0.0,0.0,0.0,0.0,0.0
CXCL14,CCR6,0.0,0.0,1.7759031511064785,1.7482565857938748,1.8573253222724848,0.0,0.0,0.0,0.30265374548399626,0.27500718017139253,0.38407591665000246,0.0,0.0,0.0,1.1419057970616353,1.1142592317490316,1.2233279682276417,0.0,0.0,0.0,1.1647881042991322,1.1371415389865285,1.2462102754651385,0.0,0.0,0.0,0.75008845579003,0.7224418904774264,0.8315106269560362,0.0,0.0,0.0,0.6076866728495264,0.5800401075369227,0.6891088440155326,0.0
SPARC,MMP14,0.0,0.0,0.0,0.0,0.0,0.0,0.0,2.178901582956314,2.6077380895021545,2.258469990155566,2.3843475449503515,2.3770900198391507,0.0,1.954269932721978,2.3831064392678183,2.0338383399212296,2.1597158947160153,2.1524583696048145,0.0,1.1185299668895619,1.5473664734354022,1.1980983740888136,1.3239759288835993,1.3167184037723985,0.0,1.063214508587854,1.492051015133694,1.1427829157871054,1.2686604705818914,1.2614029454706905,0.0,2.1388484338919325,2.5676849404377724,2.2184168410911838,2.3442943958859694,2.3370368707747686
IL10,CD14,0.0,0.0,0.0,0.0,0.0,0.0,0.0,0.0,0.0,0.0,0.0,0.0,0.0,0.0,0.0,0.0,0.0,0.0,0.0,0.0,0.0,0.0,0.0,0.0,0.0,0.0,0.0,0.0,0.0,0.0,0.0,0.0,0.0,0.0,0.0,0.0
IL1A,CSF1,0.0,0.0,0.0,0.0,0.0,0.0,0.0,0.0,0.0,0.0,0.0,0.0,0.0,0.0,0.0,0.0,0.0,0.0,0.0,0.0,0.06512970116582406,0.0476704214114896,0.0551389521147832,0.07284703622899653,0.0,0.0,0.0,0.0,0.0,0.0,0.0,0.0,0.0,0.0,0.0,0.0
IL2,HSP90AA1,0.0,0.0,0.0,0.0,0.0,0.0,0.0,0.0,0.0,0.0,0.0,0.0,0.0,0.0,0.0,0.0,0.0,0.0,0.0,0.7769653976627602,0.36942163866666977,0.5977328039930344,0.6269588958417107,0.32009694355838214,0.0,0.0,0.0,0.0,0.0,0.0,0.0,0.0,0.0,0.0,0.0,0.0
CCL5,CCR6,0.0,0.0,0.0,0.0,0.0,0.0,0.0,0.0,0.0,0.0,0.0,0.0,0.0,0.0,0.0930821014874017,0.06543553617479797,0.1745042726534079,0.0,0.0,0.0,0.0808778916704424,0.05323132635783868,0.1623000628364486,0.0,0.0,0.0,0.22583191215789078,0.19818534684528705,0.307254083323897,0.0,0.0,0.0,0.0,0.0,0.0,0.0
CCL2,CCR6,0.0,0.0,0.0,0.0,0.0,0.0,0.0,0.0,0.20855785973036467,0.18091129441776094,0.28998003089637087,0.0,0.0,0.0,0.14378782172701252,0.11614125641440878,0.2252099928930187,0.0,0.0,0.0,0.06893753637617918,0.04129097106357546,0.1503597075421854,0.0,0.0,0.0,0.1011451622771168,0.07349859696451308,0.18256733344312298,0.0,0.0,0.0,0.1395805506055543,0.1119339852929506,0.2210027217715605,0.0
CSF2,MMP14,0.0,0.0,0.0,0.0,0.0,0.0,0.0,0.0,0.0,0.0,0.0,0.0,0.0,0.1622178766561385,0.5910543832019787,0.24178628385539003,0.36766383865017577,0.36040631353897495,0.0,0.17253990246283274,0.6013764090086728,0.25210830966208425,0.37798586445687005,0.37072833934566923,0.0,0.18325009628346092,0.612086602829301,0.26281850348271246,0.3886960582774982,0.3814385331662974,0.0,0.0,0.0,0.0,0.0,0.0
PI3,TNF,0.0,0.0,0.0,0.0,0.0,0.0,0.0,0.0,0.0,0.0,0.0,0.0,0.0,0.0,0.0,0.0,0.0,0.0,0.0,0.0,0.009310366142558101,0.0019460555170888513,0.0,0.0,0.0,0.0,0.0,0.0,0.0,0.0,0.0,0.0,0.0,0.0,0.0,0.0
OSM,PTGS2,0.0,0.0,0.0,0.0,0.0,0.0,0.0,0.0,0.0,0.0,0.0,0.0,0.0,0.0,0.014786965514889998,0.009040916592825573,0.0,0.0,0.0,0.0,0.014855988784385389,0.009109939862320964,0.0,0.0,0.0,0.0,0.0,0.0,0.0,0.0,0.0,0.0,0.0,0.0,0.0,0.0
FGF7,PDGFRA,0.0,0.0,0.0,0.0,0.0,0.0,0.0,0.0,0.0,0.0,0.0,0.0,0.0,0.0,0.31007591616455005,0.22182463912700756,0.34709574059373766,0.2702635445743905,0.0,0.0,0.13086082913235542,0.042609552094812944,0.16788065356154305,0.0910484575421959,0.0,0.0,0.0,0.0,0.0,0.0,0.0,0.0,0.2042314776649014,0.11598020062735893,0.24125130209408904,0.16441910607474192
CCL13,CCR4,0.0,0.0,0.0,0.0,0.0,0.0,0.0,0.0,0.0,0.0,0.0,0.0,0.0,0.0,0.0,0.0,0.0,0.0,0.0,0.0,0.0,0.0,0.0,0.0,0.0,0.0,0.0,0.0,0.0,0.0,0.0,0.0,0.0,0.0,0.0,0.0
COL6A3,ITGA6,0.0,0.0,0.0,0.0,0.0,0.0,0.0,0.0,0.0,0.0,0.0,0.0,0.0,1.2917980439034267,0.7917726025059448,0.7852027748650128,0.7296735646681625,0.0,0.0,0.7495585960991495,0.24953315470166762,0.24296332706073556,0.18743411686388523,0.0,0.0,0.8402391128372728,0.34021367143979087,0.3336438437988588,0.2781146336020085,0.0,0.0,0.9119933275949388,0.41196788619745683,0.4053980585565248,0.34986884835967447,0.0
CCL3,CCR7,0.0,0.0,0.0,0.0,0.0,0.0,0.0,0.0,0.0,0.0,0.0,0.0,0.0,0.0,0.04578702426075342,0.014065452782399932,0.0,0.0,0.0,0.0,0.04666552976410518,0.014943958285751693,0.0,0.0,0.0,0.0,0.058324241137186185,0.026602669658832696,0.0,0.0,0.0,0.0,0.0,0.0,0.0,0.0
COMP,ITGB6,0.0,0.0,0.0,0.0,0.0,0.0,0.0,0.0,0.0,0.0,0.0,0.0,0.0,0.0,1.271052686580971,1.326763803518397,1.2890918150985076,0.0,0.0,0.0,0.3517041012060966,0.40741521814352255,0.36974322972363305,0.0,0.0,0.0,0.37800334758020626,0.4337144645176322,0.39604247609774273,0.0,0.0,0.0,1.301989345789464,1.35770046272689,1.3200284743070005,0.0
IGFBP2,CD24,0.0,0.0,0.0,0.0,0.0,0.0,0.0,0.38043762743473053,0.5771756014272349,0.9032688709964602,0.44158220264995307,0.25073770043395815,0.0,0.2662103334766122,0.4629483074691165,0.789041577038342,0.32735490869183476,0.13651040647583984,0.0,0.2623747851611707,0.459112759153675,0.7852060287229005,0.32351936037639323,0.1326748581603983,0.0,0.3514459682138342,0.5481839422063386,0.874277211775564,0.41259054342905677,0.22174604121306188,0.0,0.24830034659022376,0.4450383205827281,0.7711315901519535,0.3094449218054463,0.11860041958945138
IL6,PTGS2,0.0,0.0,0.0,0.0,0.0,0.0,0.0,0.0,0.0,0.0,0.0,0.0,0.0,0.0,0.0,0.0,0.0,0.0,0.0,0.0,0.0,0.0,0.0,0.0,0.0,0.0,0.0,0.0,0.0,0.0,0.0,0.0,0.0,0.0,0.0,0.0
IFNG,CXCL9,0.0,0.0,0.0,0.0,0.0,0.0,0.0,0.0,0.0,0.0,0.0,0.0,0.0,0.0,0.0,0.0,0.0,0.0,0.0,0.0,0.0027424655490099013,0.006161248299194351,0.0,0.0,0.0,0.0,0.0,0.0,0.0,0.0,0.0,0.0,0.0,0.0,0.0,0.0
CSF3,CXCL12,0.0,0.0,0.0,0.0,0.0,0.0,0.0,0.0,0.0,0.0,0.0,0.0,0.0,0.0,0.0,0.0,0.0,0.0,0.0,0.22157297363482797,0.15559788621337753,0.05601784937220429,0.07679429194459517,0.2513556413909086,0.0,0.0,0.0,0.0,0.0,0.0,0.0,0.0,0.0,0.0,0.0,0.0
IGF1,FLT4,0.0,0.0,0.0,0.0,0.0,0.0,0.0,0.0,0.0,0.0,0.0,0.0,0.0,0.2834135960435393,0.08305725203224676,0.07321825269774503,0.0,0.0,0.0,0.2345359956730904,0.034179651661797886,0.024340652327296153,0.0,0.0,0.0,0.0,0.0,0.0,0.0,0.0,0.0,0.0,0.0,0.0,0.0,0.0
IL1B,PTGDS,0.0,0.0,0.0,0.0,0.0,0.0,0.0,0.0,0.0,0.0,0.0,0.0,0.0,0.0,0.0,0.0,0.0,0.0,0.0,0.0,0.09760455413513593,0.02151810585339291,0.020193061469527193,0.1383750507760225,0.0,0.0,0.10537670997151158,0.029290261689768567,0.02796521730590285,0.14614720661239816,0.0,0.0,0.0,0.0,0.0,0.0
FGFR4,MMP9,0.0,0.0,0.0,0.0,0.0,0.0,0.0,0.0,0.0,0.0,0.0,0.0,0.0,0.0,0.0,0.0,0.0,0.0,0.0,0.0,0.05525429841692645,0.060271292255988755,0.11436386742640868,0.10405518727148397,0.0,0.0,0.0,0.0,0.0,0.0,0.0,0.0,0.0,0.0,0.0,0.0
CXCL9,CCR7,0.0,0.0,0.0,0.0,0.0,0.0,0.0,0.0,0.0,0.0,0.0,0.0,0.0,0.0,0.040730189921250985,0.009008618442897492,0.0,0.0,0.0,0.0,0.04414897267143543,0.01242740119308194,0.0,0.0,0.0,0.0,0.0,0.0,0.0,0.0,0.0,0.0,0.0,0.0,0.0,0.0
IGF1,PDGFRB,0.0,0.0,0.0,0.0,0.0,0.0,0.0,0.0,0.0,0.0,0.0,0.0,0.0,0.5405420284366134,0.4211015928147444,0.15710307356711084,0.14440838546614337,0.2643117556439788,0.0,0.49166442806616445,0.37222399244429555,0.10822547319666195,0.09553078509569449,0.21543415527352994,0.0,0.0,0.0,0.0,0.0,0.0,0.0,0.0,0.0,0.0,0.0,0.0
S100B,BIRC3,0.0,0.0,0.0,0.0,0.0,0.0,0.0,0.0,0.0,0.0,0.0,0.0,0.0,0.0,0.23647332458353754,0.20813337349807345,0.1885325579969132,0.0,0.0,0.0,0.1775474083459137,0.14920745726044962,0.12960664175928938,0.0,0.0,0.0,0.4629337353508458,0.43459378426538176,0.4149929687642215,0.0,0.0,0.0,0.28248552972743424,0.2541455786419701,0.23454476314080988,0.0
VEGFA,PDGFRA,0.0,0.0,0.0,0.0,0.0,0.0,0.0,0.0,0.0,0.0,0.0,0.0,0.0,0.0,0.26536152389512135,0.17711024685757887,0.30238134832430896,0.2255491523049618,0.0,0.0,0.4813520785169214,0.3931008014793789,0.518371902946109,0.4415397069267619,0.0,0.0,0.27697966216777314,0.18872838513023066,0.31399948659696075,0.2371672905776136,0.0,0.0,0.13865198950099877,0.050400712463456294,0.1756718139301864,0.09883961791083926
IL17A,CXCL12,0.0,0.0,0.0,0.0,0.0,0.0,0.0,0.0,0.0,0.0,0.0,0.0,0.0,0.0,0.0,0.0,0.0,0.0,0.0,0.0,0.0,0.0,0.0,0.0,0.0,0.0,0.0,0.0,0.0,0.0,0.0,0.0,0.0,0.0,0.0,0.0
COL6A3,ITGB6,0.0,0.0,0.0,0.0,0.0,0.0,0.0,0.0,0.0,0.0,0.0,0.0,0.0,0.0,0.7394555273340709,0.7951666442714969,0.7574946558516074,0.0,0.0,0.0,0.1972160795297937,0.2529271964672196,0.21525520804733012,0.0,0.0,0.0,0.28789659626791697,0.3436077132053429,0.3059357247854534,0.0,0.0,0.0,0.3596508110255829,0.41536192796300886,0.37768993954311936,0.0
OLR1,MMP3,0.0,0.0,0.0,0.0,0.0,0.0,0.0,0.0,0.0,0.0,0.0,0.0,0.0,0.0,0.024759302388376266,0.017372317218127896,0.0,0.0,0.0,0.0,0.017719683983188544,0.010332698812940175,0.0,0.0,0.0,0.0,0.11681024945197413,0.10942326428172576,0.0,0.0,0.0,0.0,0.0,0.0,0.0,0.0
CD160,KLRD1,0.0,0.0,0.0,0.0,0.0,0.0,0.0,0.0,0.0,0.0,0.0,0.0,0.0,0.0,0.0,0.0,0.0,0.0,0.0,0.0,0.012801913448162396,0.00378299521118754,0.0,0.0,0.0,0.0,0.0,0.0,0.0,0.0,0.0,0.0,0.0,0.0,0.0,0.0
CCL22,CXCR6,0.0,0.0,0.0,0.0,0.0,0.0,0.0,0.0,0.0,0.0,0.0,0.0,0.0,0.0,0.06325106241216708,0.062061998086679046,0.08306990465152697,0.0,0.0,0.0,0.03957856528352011,0.03838950095803209,0.059397407522880016,0.0,0.0,0.0,0.05586678800266992,0.0546777236771819,0.07568563024202983,0.0,0.0,0.0,0.0,0.0,0.0,0.0
CXCL1,CCR4,0.0,0.0,0.0,0.0,0.0,0.0,0.0,0.0,0.0,0.0,0.0,0.0,0.0,0.0,0.0,0.0,0.0,0.0,0.0,0.0,0.0,0.0,0.0,0.0,0.0,0.0,0.0,0.0,0.0,0.0,0.0,0.0,0.0,0.0,0.0,0.0
LAMA3,ITGB6,0.0,0.0,0.0,0.0,0.0,0.0,0.0,0.0,0.0,0.0,0.0,0.0,0.0,0.0,0.1071759162850641,0.16288703322249,0.12521504480260054,0.0,0.0,0.0,0.11037027026556065,0.16608138720298657,0.1284093987830971,0.0,0.0,0.0,0.07847058431238803,0.13418170124981396,0.09650971282992446,0.0,0.0,0.0,0.0,0.0,0.0,0.0
IL2,TNFRSF9,0.0,0.0,0.0,0.0,0.0,0.0,0.0,0.0,0.0,0.0,0.0,0.0,0.0,0.0,0.0,0.0,0.0,0.0,0.0,0.0,0.00900668647868086,0.001960966623782487,0.0,0.0,0.0,0.0,0.0,0.0,0.0,0.0,0.0,0.0,0.0,0.0,0.0,0.0
TNF,INSR,0.0,0.0,0.0,0.0,0.0,0.0,0.0,0.0,0.0,0.0,0.0,0.0,0.0,0.48765875628931604,0.07804815656510158,0.11205008546013227,0.0,0.1112526032462049,0.0,0.4802944456638468,0.07068384593963234,0.10468577483466303,0.0,0.10388829262073565,0.0,0.0,0.0,0.0,0.0,0.0,0.0,0.0,0.0,0.0,0.0,0.0
IL6,TSHR,0.0,0.0,0.0,0.0,0.0,0.0,0.0,0.0,0.0,0.0,0.0,0.0,0.0,0.0,0.0,0.0,0.0,0.0,0.0,0.0,0.0,0.0,0.0,0.0,0.0,0.0,0.0,0.0,0.0,0.0,0.0,0.0,0.0,0.0,0.0,0.0
CXCL6,CXCR6,0.0,0.0,0.0,0.0,0.0,0.0,0.0,0.0,0.0,0.0,0.0,0.0,0.0,0.0,0.0,0.0,0.0,0.0,0.0,0.0,0.009267772056664347,0.008078707731176329,0.029086614296024254,0.0,0.0,0.0,0.02834839064215265,0.027159326316664633,0.04816723288151256,0.0,0.0,0.0,0.0,0.0,0.0,0.0
LEP,F3,0.0,0.0,0.0,0.0,0.0,0.0,0.0,0.0,0.0,0.0,0.0,0.0,0.0,0.0,0.0,0.0,0.0,0.0,0.0,0.0,0.0,0.0,0.0,0.0,0.0,0.0,0.0,0.0,0.0,0.0,0.0,0.0,0.0,0.0,0.0,0.0
CCL1,CCR6,0.0,0.0,0.0,0.0,0.0,0.0,0.0,0.0,0.0,0.0,0.0,0.0,0.0,0.0,0.0,0.0,0.0,0.0,0.0,0.0,0.05032885819994175,0.022682292887338022,0.13175102936594796,0.0,0.0,0.0,0.05824164380949809,0.030595078496894364,0.13966381497550429,0.0,0.0,0.0,0.0,0.0,0.0,0.0
CCL2,CCR7,0.0,0.0,0.0,0.0,0.0,0.0,0.0,0.0,0.19701392956040986,0.16529235808205636,0.0,0.0,0.0,0.0,0.13224389155705768,0.10052232007870421,0.0,0.0,0.0,0.0,0.05739360620622436,0.02567203472787087,0.0,0.0,0.0,0.0,0.08960123210716198,0.057879660628808484,0.0,0.0,0.0,0.0,0.1280366204355995,0.096315048957246,0.0,0.0
CCL26,CCR4,0.0,0.0,0.0,0.0,0.0,0.0,0.0,0.0,0.0,0.0,0.0,0.0,0.0,0.0,0.0,0.0,0.0,0.0,0.0,0.0,0.0,0.0,0.0,0.0,0.0,0.0,0.0,0.0,0.0,0.0,0.0,0.0,0.0,0.0,0.0,0.0
CXCL9,CCR6,0.0,0.0,0.0,0.0,0.0,0.0,0.0,0.0,0.0,0.0,0.0,0.0,0.0,0.0,0.05227412009120581,0.024627554778602078,0.133696291257212,0.0,0.0,0.0,0.05569290284139025,0.028046337528786526,0.13711507400739645,0.0,0.0,0.0,0.0,0.0,0.0,0.0,0.0,0.0,0.0,0.0,0.0,0.0
CCL8,CCR7,0.0,0.0,0.0,0.0,0.0,0.0,0.0,0.0,0.0,0.0,0.0,0.0,0.0,0.0,0.041151993606814104,0.009430422128460613,0.0,0.0,0.0,0.0,0.041737318078898585,0.010015746600545094,0.0,0.0,0.0,0.0,0.0,0.0,0.0,0.0,0.0,0.0,0.0,0.0,0.0,0.0
CD40LG,F3,0.0,0.0,0.0,0.0,0.0,0.0,0.0,0.0,0.0,0.0,0.0,0.0,0.0,0.0,0.0,0.0,0.0,0.0,0.0,0.0,0.0813584220451523,0.14935879928314982,0.14095290526650056,0.0,0.0,0.0,0.0,0.0,0.0,0.0,0.0,0.0,0.0,0.0,0.0,0.0
CXCL10,CCR7,0.0,0.0,0.0,0.0,0.0,0.0,0.0,0.0,0.0,0.0,0.0,0.0,0.0,0.0,0.045797060378155306,0.014075488899801814,0.0,0.0,0.0,0.0,0.04163379205644248,0.009912220578088986,0.0,0.0,0.0,0.0,0.0,0.0,0.0,0.0,0.0,0.0,0.0,0.0,0.0,0.0
FGF7,PDGFRB,0.0,0.0,0.0,0.0,0.0,0.0,0.0,0.0,0.0,0.0,0.0,0.0,0.0,0.6792900594905834,0.5598496238687145,0.29585110462108094,0.2831564165201135,0.40305978669794895,0.0,0.5000749724583888,0.38063453683651993,0.11663601758888634,0.10394132948791887,0.22384469966575432,0.0,0.0,0.0,0.0,0.0,0.0,0.0,0.5734456209909349,0.4540051853690659,0.19000666612143233,0.17731197802046486,0.2972153481983003
CCL17,CXCR6,0.0,0.0,0.0,0.0,0.0,0.0,0.0,0.0,0.0,0.0,0.0,0.0,0.0,0.0,0.20940145449851877,0.20821239017303073,0.22922029673787866,0.0,0.0,0.0,0.08762109150315105,0.08643202717766303,0.10743993374251096,0.0,0.0,0.0,0.4482536244436096,0.44706456011812157,0.4680724666829695,0.0,0.0,0.0,0.11732414494021699,0.11613508061472898,0.1371429871795769,0.0
CXCL12,MMP9,0.0,0.0,0.0,0.0,0.0,0.0,0.0,0.0,0.2759930793177429,0.2810100731568052,0.33510264832722514,0.32479396817230044,0.0,0.0,0.21001799189629247,0.21503498573535476,0.2691275609057747,0.25881888075084997,0.0,0.0,0.11043795505511923,0.11545494889418154,0.16954752406460147,0.15923884390967674,0.0,0.0,0.1312143976275101,0.13623139146657243,0.19032396663699236,0.18001528648206763,0.0,0.0,0.30577574707382355,0.31079274091288583,0.36488531608330577,0.35457663592838107
CXCL3,CCR4,0.0,0.0,0.0,0.0,0.0,0.0,0.0,0.0,0.0,0.0,0.0,0.0,0.0,0.0,0.0,0.0,0.0,0.0,0.0,0.0,0.0,0.0,0.0,0.0,0.0,0.0,0.0,0.0,0.0,0.0,0.0,0.0,0.0,0.0,0.0,0.0
IGF1,FLT1,0.0,0.0,0.0,0.0,0.0,0.0,0.0,0.0,0.0,0.0,0.0,0.0,0.0,0.6622461449002746,0.1142439805156556,0.15504555390509386,0.14901263513593782,0.09114254580038866,0.0,0.6133685445298257,0.06536638014520672,0.10616795353464499,0.10013503476548893,0.0422649454299398,0.0,0.0,0.0,0.0,0.0,0.0,0.0,0.0,0.0,0.0,0.0,0.0
IL13,MUC5AC,0.0,0.0,0.0,0.0,0.0,0.0,0.0,0.0,0.0,0.0,0.0,0.0,0.0,0.0,0.0,0.0,0.0,0.0,0.0,0.0,0.0,0.0,0.0,0.0,0.0,0.0,0.0,0.0,0.0,0.0,0.0,0.0,0.0,0.0,0.0,0.0
CXCL14,CCR4,0.0,0.0,0.0,0.0,0.0,0.0,0.0,0.0,0.0,0.0,0.0,0.0,0.0,0.0,0.0,0.0,0.0,0.0,0.0,0.0,0.0,0.0,0.0,0.0,0.0,0.0,0.0,0.0,0.0,0.0,0.0,0.0,0.0,0.0,0.0,0.0
OSM,F3,0.0,0.0,0.0,0.0,0.0,0.0,0.0,0.0,0.0,0.0,0.0,0.0,0.0,0.0,0.0826306939125061,0.15063107115050361,0.14222517713385435,0.0,0.0,0.0,0.08269971718200149,0.15070009441999901,0.14229420040334975,0.0,0.0,0.0,0.0,0.0,0.0,0.0,0.0,0.0,0.0,0.0,0.0,0.0
CCL4,CCR6,0.0,0.0,0.0,0.0,0.0,0.0,0.0,0.0,0.0,0.0,0.0,0.0,0.0,0.0,0.07179490161772391,0.04414833630512018,0.1532170727837301,0.0,0.0,0.0,0.06809403808427003,0.04044747277166631,0.14951620925027623,0.0,0.0,0.0,0.19501088730918703,0.1673643219965833,0.2764330584751932,0.0,0.0,0.0,0.0,0.0,0.0,0.0
HLA-G,KLRC2,0.0,0.0,0.0,0.0,0.0,0.0,0.0,0.0,0.0,0.0,0.0,0.0,0.0,0.0,0.0,0.0,0.0,0.0,0.0,0.0,0.0,0.0038167662713505805,0.0,0.0,0.0,0.0,0.0,0.0,0.0,0.0,0.0,0.0,0.0,0.0,0.0,0.0
CSF2,TNF,0.0,0.0,0.0,0.0,0.0,0.0,0.0,0.0,0.0,0.0,0.0,0.0,0.0,0.0,0.012310573117649971,0.0049462624921807205,0.0,0.0,0.0,0.0,0.022632598924344226,0.015268288298874977,0.0,0.0,0.0,0.0,0.033342792744972406,0.025978482119503158,0.0,0.0,0.0,0.0,0.0,0.0,0.0,0.0
IGF1,FGFR2,0.0,0.0,0.0,0.0,0.0,0.0,0.0,0.0,0.0,0.0,0.0,0.0,0.0,0.0,0.09179261934697924,0.11215346256755615,0.0959452599653807,0.0,0.0,0.0,0.04291501897653038,0.06327586219710729,0.04706765959493182,0.0,0.0,0.0,0.0,0.0,0.0,0.0,0.0,0.0,0.0,0.0,0.0,0.0
CCL3,CCR6,0.0,0.0,0.0,0.0,0.0,0.0,0.0,0.0,0.0,0.0,0.0,0.0,0.0,0.0,0.05733095443070824,0.029684389118104518,0.13875312559671443,0.0,0.0,0.0,0.05820945993406,0.03056289462145628,0.1396316311000662,0.0,0.0,0.0,0.06986817130714101,0.04222160599453728,0.1512903424731472,0.0,0.0,0.0,0.0,0.0,0.0,0.0
IFNG,CCR6,0.0,0.0,0.0,0.0,0.0,0.0,0.0,0.0,0.0,0.0,0.0,0.0,0.0,0.0,0.0,0.0,0.0,0.0,0.0,0.0,0.049717560726181144,0.022070995413577415,0.13113973189218733,0.0,0.0,0.0,0.0,0.0,0.0,0.0,0.0,0.0,0.0,0.0,0.0,0.0
CXCL6,CCR7,0.0,0.0,0.0,0.0,0.0,0.0,0.0,0.0,0.0,0.0,0.0,0.0,0.0,0.0,0.0,0.0,0.0,0.0,0.0,0.0,0.04285044757297318,0.011128876094619693,0.0,0.0,0.0,0.0,0.06193106615846149,0.030209494680107998,0.0,0.0,0.0,0.0,0.0,0.0,0.0,0.0
CCL4,CCR4,0.0,0.0,0.0,0.0,0.0,0.0,0.0,0.0,0.0,0.0,0.0,0.0,0.0,0.0,0.0,0.0,0.0,0.0,0.0,0.0,0.0,0.0,0.0,0.0,0.0,0.0,0.0,0.0,0.0,0.0,0.0,0.0,0.0,0.0,0.0,0.0
CCL23,CCR6,0.0,0.0,0.0,0.0,0.0,0.0,0.0,0.0,0.0,0.0,0.0,0.0,0.0,0.0,0.0,0.0,0.0,0.0,0.0,0.0,0.04998969534539807,0.022343130032794346,0.13141186651140427,0.0,0.0,0.0,0.060959273668820084,0.03331270835621636,0.1423814448348263,0.0,0.0,0.0,0.0,0.0,0.0,0.0
CCL14,CCR4,0.0,0.0,0.0,0.0,0.0,0.0,0.0,0.0,0.0,0.0,0.0,0.0,0.0,0.0,0.0,0.0,0.0,0.0,0.0,0.0,0.0,0.0,0.0,0.0,0.0,0.0,0.0,0.0,0.0,0.0,0.0,0.0,0.0,0.0,0.0,0.0
OSM,ADAMTS4,0.0,0.0,0.0,0.0,0.0,0.0,0.0,0.0,0.0,0.0,0.0,0.0,0.0,0.2550114403613171,0.03636773723867995,0.025647257917679595,0.0,0.09892887406596582,0.0,0.2550804636308125,0.03643676050817534,0.025716281187174988,0.0,0.0989978973354612,0.0,0.0,0.0,0.0,0.0,0.0,0.0,0.0,0.0,0.0,0.0,0.0
ADM,HMOX1,0.0,0.0,0.0,0.0,0.0,0.0,0.0,0.0,0.0,0.0,0.0,0.0,0.0,0.0,0.11703623438355934,0.11282031062840092,0.14557156834529938,0.0,0.0,0.0,0.20648785687202675,0.2022719331168683,0.23502319083376677,0.0,0.0,0.0,0.10930858285179249,0.10509265909663405,0.1378439168135325,0.0,0.0,0.0,0.10364204501122892,0.0994261212560705,0.13217737897296897,0.0
CCL8,CCR6,0.0,0.0,0.0,0.0,0.0,0.0,0.0,0.0,0.0,0.0,0.0,0.0,0.0,0.0,0.052695923776768926,0.0250493584641652,0.13411809494277513,0.0,0.0,0.0,0.053281248248853406,0.02563468293624968,0.1347034194148596,0.0,0.0,0.0,0.0,0.0,0.0,0.0,0.0,0.0,0.0,0.0,0.0,0.0
IL6,INSR,0.0,0.0,0.0,0.0,0.0,0.0,0.0,0.0,0.0,0.0,0.0,0.0,0.0,0.0,0.0,0.0,0.0,0.0,0.0,0.0,0.0,0.0,0.0,0.0,0.0,0.0,0.0,0.0,0.0,0.0,0.0,0.0,0.0,0.0,0.0,0.0
CCL3L1,CCR7,0.0,0.0,0.0,0.0,0.0,0.0,0.0,0.0,0.0,0.0,0.0,0.0,0.0,0.0,0.041151993606814104,0.009430422128460613,0.0,0.0,0.0,0.0,0.04091614374045814,0.009194572262104654,0.0,0.0,0.0,0.0,0.050681986119554254,0.01896041464120076,0.0,0.0,0.0,0.0,0.0,0.0,0.0,0.0
DKK1,LRP1,0.0,0.0,0.0,0.0,0.0,0.0,0.0,0.0,0.0,0.0,0.0,0.0,0.0,0.0,0.0,0.0,0.0,0.0,0.0,0.0,0.7199241693728684,0.22082807323352224,0.37713078878146167,0.33532392631365043,0.0,0.0,0.0,0.0,0.0,0.0,0.0,0.0,0.0,0.0,0.0,0.0
IGF1,KDR,0.0,0.0,0.0,0.0,0.0,0.0,0.0,0.0,0.0,0.0,0.0,0.0,0.0,0.9429033767079833,0.08505179469858236,0.09066166373044235,0.0820233560288942,0.0,0.0,0.8940257763375344,0.03617419432813349,0.04178406335999347,0.033145755658445325,0.0,0.0,0.0,0.0,0.0,0.0,0.0,0.0,0.0,0.0,0.0,0.0,0.0
CXCL6,CCR4,0.0,0.0,0.0,0.0,0.0,0.0,0.0,0.0,0.0,0.0,0.0,0.0,0.0,0.0,0.0,0.0,0.0,0.0,0.0,0.0,0.0,0.0,0.0,0.0,0.0,0.0,0.0,0.0,0.0,0.0,0.0,0.0,0.0,0.0,0.0,0.0
CCL21,CXCL10,0.0,0.0,0.0,0.0,0.0,0.0,0.0,0.0,0.0,0.0,0.0,0.0,0.0,0.0,0.012985278124832989,0.00882200980312016,0.0,0.0,0.0,0.0,0.009236150322758162,0.005072882001045335,0.0,0.0,0.0,0.0,0.0,0.0,0.0,0.0,0.0,0.0,0.0,0.0,0.0,0.0
CCL26,CCR6,0.0,0.0,0.0,0.0,0.0,0.0,0.0,0.0,0.0,0.0,0.0,0.0,0.0,0.0,0.0,0.0,0.0,0.0,0.0,0.0,0.05058397941836561,0.022937414105761878,0.1320061505843718,0.0,0.0,0.0,0.0,0.0,0.0,0.0,0.0,0.0,0.0,0.0,0.0,0.0
CCL7,CCR6,0.0,0.0,0.0,0.0,0.0,0.0,0.0,0.0,0.0,0.0,0.0,0.0,0.0,0.0,0.0,0.0,0.0,0.0,0.0,0.0,0.049929550924123406,0.022282985611519684,0.1313517220901296,0.0,0.0,0.0,0.059292073195503156,0.03164550788289943,0.14071424436150937,0.0,0.0,0.0,0.0,0.0,0.0,0.0
IL10,CSF1,0.0,0.0,0.0,0.0,0.0,0.0,0.0,0.0,0.0,0.0,0.0,0.0,0.0,0.0,0.0,0.0,0.0,0.0,0.0,0.0,0.0,0.0,0.0,0.0,0.0,0.0,0.0,0.0,0.0,0.0,0.0,0.0,0.0,0.0,0.0,0.0
THBS1,ITGB6,0.0,0.0,0.0,0.0,0.0,0.0,0.0,0.0,0.20811198911263576,0.26382310605006165,0.2261511176301722,0.0,0.0,0.0,0.8707711957580414,0.9264823126954673,0.8888103242755778,0.0,0.0,0.0,0.26878329691342995,0.32449441385085587,0.28682242543096637,0.0,0.0,0.0,0.277151058882311,0.332862175819737,0.2951901873998475,0.0,0.0,0.0,0.47715664524174617,0.5328677621791721,0.49519577375928264,0.0
PRSS1,PRSS2,0.0,0.0,0.0,0.0,0.0,0.0,0.0,0.0,0.0,0.0,0.0,0.0,0.0,0.0,0.19753431710437758,0.3527304641961473,0.30190605693819883,0.0,0.0,0.0,0.21642378109701826,0.371619928188788,0.3207955209308395,0.0,0.0,0.0,0.1926230838018489,0.3478192308936186,0.29699482363567015,0.0,0.0,0.0,0.0,0.0,0.0,0.0
IL17F,CXCL10,0.0,0.0,0.0,0.0,0.0,0.0,0.0,0.0,0.0,0.0,0.0,0.0,0.0,0.0,0.0,0.0,0.0,0.0,0.0,0.0,0.0,0.0,0.0,0.0,0.0,0.0,0.0,0.0,0.0,0.0,0.0,0.0,0.0,0.0,0.0,0.0
VEGFA,CDH5,0.0,0.0,0.0,0.0,0.0,0.0,0.0,0.0,0.0,0.0,0.0,0.0,0.0,1.3309829704352278,0.21341174144056899,0.19367969319049758,0.16561032505084095,0.26292228637304216,0.0,1.546973525057028,0.42940229606236907,0.40967024781229766,0.38160087967264106,0.47891284099484227,0.0,1.3426011087078797,0.22502987971322078,0.20529783146314937,0.17722846332349274,0.27454042464569395,0.0,1.2042734360411054,0.08670220704644643,0.06697015879637501,0.03890079065671839,0.13621275197891963
THBS4,ITGB6,0.0,0.0,0.0,0.0,0.0,0.0,0.0,0.0,0.0,0.0,0.0,0.0,0.0,0.0,0.12251951148853965,0.1782306284259656,0.1405586400060761,0.0,0.0,0.0,0.06376756761600386,0.11947868455342978,0.08180669613354029,0.0,0.0,0.0,0.13422903756441076,0.18994015450183668,0.1522681660819472,0.0,0.0,0.0,0.12780750412083552,0.18351862105826144,0.14584663263837197,0.0
TNF,MUC5AC,0.0,0.0,0.0,0.0,0.0,0.0,0.0,0.0,0.0,0.0,0.0,0.0,0.0,0.0,0.0,0.0,0.0,0.0,0.0,0.0,0.0,0.0,0.0,0.0,0.0,0.0,0.0,0.0,0.0,0.0,0.0,0.0,0.0,0.0,0.0,0.0
CCL5,CXCR6,0.0,0.0,0.0,0.0,0.0,0.0,0.0,0.0,0.0,0.0,0.0,0.0,0.0,0.0,0.047955495801138046,0.046766431475650024,0.06777433804049796,0.0,0.0,0.0,0.035751285984178746,0.034562221658690724,0.055570128223538656,0.0,0.0,0.0,0.18070530647162714,0.1795162421461391,0.20052414871098703,0.0,0.0,0.0,0.0,0.0,0.0,0.0
CCL18,CCR7,0.0,0.0,0.0,0.0,0.0,0.0,0.0,0.0,0.0,0.0,0.0,0.0,0.0,0.0,0.048398299596795986,0.016676728118442497,0.0,0.0,0.0,0.0,0.06371349383474685,0.03199192235639336,0.0,0.0,0.0,0.0,0.4955610725136133,0.4638395010352598,0.0,0.0,0.0,0.0,0.0,0.0,0.0,0.0
IL2,C3,0.0,0.0,0.0,0.0,0.0,0.0,0.0,0.0,0.0,0.0,0.0,0.0,0.0,0.0,0.0,0.0,0.0,0.0,0.0,0.15913148529017113,0.9659925705235748,0.7800504985713396,0.8293162999064245,0.9232746244140877,0.0,0.0,0.0,0.0,0.0,0.0,0.0,0.0,0.0,0.0,0.0,0.0
CSF2,CD1C,0.0,0.0,0.0,0.0,0.0,0.0,0.0,0.0,0.0,0.0,0.0,0.0,0.0,0.0,0.05545880664047317,0.02169840829091357,0.1433548287091751,0.0,0.0,0.0,0.06578083244716743,0.032020434097607825,0.15367685451586935,0.0,0.0,0.0,0.07649102626779561,0.04273062791823601,0.16438704833649753,0.0,0.0,0.0,0.0,0.0,0.0,0.0
IL1A,PLAU,0.0,0.0,0.0,0.0,0.0,0.0,0.0,0.0,0.0,0.0,0.0,0.0,0.0,0.0,0.0,0.0,0.0,0.0,1.7267725799686786,0.0,0.20843268981601792,0.3988324373442958,0.3664399210294844,0.09711323379689088,0.0,0.0,0.0,0.0,0.0,0.0,0.0,0.0,0.0,0.0,0.0,0.0
CXCL5,CCR6,0.0,0.0,0.0,0.0,0.0,0.0,0.0,0.0,0.0,0.0,0.0,0.0,0.0,0.0,0.05564451781078358,0.027997952498179848,0.13706668897678978,0.0,0.0,0.0,0.057828951478867255,0.030182386166263533,0.13925112264487347,0.0,0.0,0.0,0.22621497552442937,0.19856841021182564,0.30763714669043557,0.0,0.0,0.0,0.0,0.0,0.0,0.0
CCN1,IL17A,0.0,0.0,0.0,0.0,0.0,0.0,0.0,0.0,0.0,0.0,0.0,0.0,0.0,0.0,0.0,0.0,0.0,0.0,0.0,0.0,0.0,0.0,0.0,0.0,0.0,0.0,0.0,0.0,0.0,0.0,0.0,0.0,0.0,0.0,0.0,0.0
CCL21,CCR6,0.0,0.0,0.0,0.0,0.0,0.0,0.0,0.0,0.0,0.0,0.0,0.0,0.0,0.0,0.05489350284509991,0.02724693753249618,0.1363156740111061,0.0,0.0,0.0,0.05114437504302508,0.023497809730421357,0.13256654620903127,0.0,0.0,0.0,0.0,0.0,0.0,0.0,0.0,0.0,0.0,0.0,0.0,0.0
CXCL10,CCR6,0.0,0.0,0.0,0.0,0.0,0.0,0.0,0.0,0.0,0.0,0.0,0.0,0.0,0.0,0.05734099054811013,0.0296944252355064,0.13876316171411632,0.0,0.0,0.0,0.0531777222263973,0.02553115691379357,0.1345998933924035,0.0,0.0,0.0,0.0,0.0,0.0,0.0,0.0,0.0,0.0,0.0,0.0,0.0
CSF2,CPE,0.0,0.0,0.0,0.0,0.0,0.0,0.0,0.0,0.0,0.0,0.0,0.0,0.0,0.38372225199469284,0.6218941093084231,0.687278636164342,0.25981189104142877,0.18989587956993143,0.0,0.3940442778013871,0.6322161351151173,0.6976006619710362,0.27013391684812305,0.20021790537662568,0.0,0.4047544716220153,0.6429263289357455,0.7083108557916644,0.2808441106687512,0.21092809919725386,0.0,0.0,0.0,0.0,0.0,0.0
IL1B,LDLR,0.0,0.0,0.0,0.0,0.0,0.0,0.0,0.0,0.0,0.0,0.0,0.0,0.0,0.0,0.0,0.0,0.0,0.0,0.0,0.3823329371596695,0.026047271623268226,0.04077583050958295,0.05148623666910279,0.0,0.0,0.3901050929960452,0.03381942745964388,0.0485479863459586,0.059258392505478444,0.0,0.0,0.0,0.0,0.0,0.0,0.0
SPP1,ITGA6,0.0,0.0,0.0,0.0,0.0,0.0,0.0,0.0,0.0,0.0,0.0,0.0,0.0,0.6399493407254195,0.13992389932793764,0.13335407168700558,0.07782486149015524,0.0,0.0,0.653632616197024,0.15360717479954203,0.14703734715860997,0.09150813696175963,0.0,0.0,0.9280237356821697,0.4279982942846877,0.42142846664375566,0.36589925644690535,0.0,0.0,0.0,0.0,0.0,0.0,0.0
CXCL2,CCR4,0.0,0.0,0.0,0.0,0.0,0.0,0.0,0.0,0.0,0.0,0.0,0.0,0.0,0.0,0.0,0.0,0.0,0.0,0.0,0.0,0.0,0.0,0.0,0.0,0.0,0.0,0.0,0.0,0.0,0.0,0.0,0.0,0.0,0.0,0.0,0.0
VWF,ITGB6,0.0,0.0,0.0,0.0,0.0,0.0,0.0,0.0,0.5051567729432784,0.5608678898807044,0.5231959014608148,0.0,0.0,0.0,0.2330111394177622,0.2887222563551881,0.2510502679352986,0.0,0.0,0.0,0.17173620968843617,0.2274473266258621,0.1897753382059726,0.0,0.0,0.0,0.10414491278178156,0.15985602971920748,0.12218404129931801,0.0,0.0,0.0,0.09114479213720023,0.14685590907462615,0.10918392065473667,0.0
EDN1,MMP1,0.0,0.0,0.0,0.0,0.0,0.0,0.0,0.0,0.0,0.0,0.0,0.0,0.0,0.0,0.0,0.0,0.0,0.0,0.0,0.0,0.017649059623149877,0.007132600314260935,0.03450699732333209,0.08110720123778321,0.0,0.0,0.0,0.0,0.0,0.0,0.0,0.0,0.0,0.0,0.0,0.0
VEGFA,VCAM1,0.0,0.0,0.0,0.0,0.0,0.0,0.0,0.0,0.0,0.0,0.0,0.0,0.0,0.0,0.31766953797482733,0.17690527804577877,0.23837966367536018,0.30528581080999284,0.0,0.0,0.5336600925966274,0.3928958326675788,0.4543702182971603,0.5212763654317929,0.0,0.0,0.3292876762474791,0.18852341631843056,0.24999780194801197,0.31690394908264463,0.0,0.0,0.19096000358070478,0.0501957436516562,0.11167012928123761,0.17857627641587032
S100B,TNF,0.0,0.0,0.0,0.0,0.0,0.0,0.0,0.0,0.0,0.0,0.0,0.0,0.0,0.0,0.18335735590303714,0.1759930452775679,0.0,0.0,0.0,0.0,0.12443143966541333,0.11706712903994408,0.0,0.0,0.0,0.0,0.4098177666703454,0.4024534560448762,0.0,0.0,0.0,0.0,0.22936956104693382,0.22200525042146457,0.0,0.0
IL13,PTGS2,0.0,0.0,0.0,0.0,0.0,0.0,0.0,0.0,0.0,0.0,0.0,0.0,0.0,0.0,0.0,0.0,0.0,0.0,0.0,0.0,0.0,0.0,0.0,0.0,0.0,0.0,0.0,0.0,0.0,0.0,0.0,0.0,0.0,0.0,0.0,0.0
CCL26,CCR7,0.0,0.0,0.0,0.0,0.0,0.0,0.0,0.0,0.0,0.0,0.0,0.0,0.0,0.0,0.0,0.0,0.0,0.0,0.0,0.0,0.039040049248410785,0.0073184777700572926,0.0,0.0,0.0,0.0,0.0,0.0,0.0,0.0,0.0,0.0,0.0,0.0,0.0,0.0
CD40LG,VCAM1,0.0,0.0,0.0,0.0,0.0,0.0,0.0,0.0,0.0,0.0,0.0,0.0,0.0,0.0,0.0,0.0,0.0,0.0,0.0,0.0,0.1624367091294566,0.02167244920040802,0.08314683482998943,0.15005298196462213,0.0,0.0,0.0,0.0,0.0,0.0,0.0,0.0,0.0,0.0,0.0,0.0
TNF,F3,0.0,0.0,0.0,0.0,0.0,0.0,0.0,0.0,0.0,0.0,0.0,0.0,0.0,0.0,0.08967433995868436,0.15767471719668186,0.1492688231800326,0.0,0.0,0.0,0.08231002933321512,0.1503104065712126,0.14190451255456335,0.0,0.0,0.0,0.0,0.0,0.0,0.0,0.0,0.0,0.0,0.0,0.0,0.0
IL17A,PTGS2,0.0,0.0,0.0,0.0,0.0,0.0,0.0,0.0,0.0,0.0,0.0,0.0,0.0,0.0,0.0,0.0,0.0,0.0,0.0,0.0,0.0,0.0,0.0,0.0,0.0,0.0,0.0,0.0,0.0,0.0,0.0,0.0,0.0,0.0,0.0,0.0
CXCL1,CCR6,0.0,0.0,0.0,0.0,0.0,0.0,0.0,0.0,0.0,0.0,0.0,0.0,0.0,0.0,0.05879204635003313,0.031145481037429402,0.14021421751603932,0.0,0.0,0.0,0.05237402352257487,0.024727458209971145,0.13379619468858106,0.0,0.0,0.0,0.0,0.0,0.0,0.0,0.0,0.0,0.0,0.0,0.0,0.0
CXCL14,CXCR6,0.0,0.0,1.7307765454202149,1.729587481094727,1.7505953876595748,0.0,0.0,0.0,0.2575271397977326,0.2563380754722446,0.2773459820370925,0.0,0.0,0.0,1.0967791913753717,1.0955901270498838,1.1165980336147316,0.0,0.0,0.0,1.1196614986128686,1.1184724342873806,1.1394803408522285,0.0,0.0,0.0,0.7049618501037663,0.7037727857782784,0.7247806923431263,0.0,0.0,0.0,0.5625600671632627,0.5613710028377747,0.5823789094026226,0.0
IFNG,VCAM1,0.0,0.0,0.0,0.0,0.0,0.0,0.0,0.0,0.0,0.0,0.0,0.0,0.0,0.0,0.0,0.0,0.0,0.0,0.0,0.0,0.16181963157729362,0.021055371648245058,0.08252975727782647,0.14943590441245916,0.0,0.0,0.0,0.0,0.0,0.0,0.0,0.0,0.0,0.0,0.0,0.0
TNF,PIGR,0.0,0.0,0.0,0.0,0.0,0.0,0.0,0.0,0.0,0.0,0.0,0.0,0.0,0.0,0.0,0.013813866859975541,0.0,0.0,0.0,0.0,0.0,0.0064495562345062915,0.0,0.0,0.0,0.0,0.0,0.0,0.0,0.0,0.0,0.0,0.0,0.0,0.0,0.0
CCL5,CXCL12,0.0,0.0,0.0,0.0,0.0,0.0,0.0,0.0,0.0,0.0,0.0,0.0,0.0,0.26496186919176756,0.19898678177031712,0.09940674492914389,0.12018318750153477,0.2947445369478482,0.0,0.25275765937480826,0.18678257195335782,0.08720253511218459,0.10797897768457547,0.2825403271308889,0.0,0.39771167986225664,0.3317365924408062,0.23215655559963297,0.25293299817202386,0.42749434761833727,0.0,0.0,0.0,0.0,0.0,0.0
IL10,DCN,0.0,0.0,0.0,0.0,0.0,0.0,0.0,0.0,0.0,0.0,0.0,0.0,0.0,0.0,0.0,0.0,0.0,0.0,0.0,0.0,0.0,0.0,0.0,0.0,0.0,0.0,0.0,0.0,0.0,0.0,0.0,0.0,0.0,0.0,0.0,0.0
CXCL8,CXCR6,0.0,0.0,0.0,0.0,0.0,0.0,0.0,0.0,0.0,0.0,0.0,0.0,0.0,0.0,0.0082800518814011,0.007090987555913081,0.028098894120761005,0.0,0.0,0.0,0.013363572800050166,0.012174508474562147,0.03318241503941007,0.0,0.0,0.0,0.030142425616769525,0.028953361291281506,0.049961267856129435,0.0,0.0,0.0,0.0,0.0,0.0,0.0
EDN1,MCAM,0.0,0.0,0.0,0.0,0.0,0.0,0.0,0.0,0.0,0.0,0.0,0.0,0.0,0.0,0.0,0.0,0.0,0.0,0.0,1.3815686340012916,0.12606577113623266,0.10737209088690237,0.08142710601392855,0.126385063559546,0.0,0.0,0.0,0.0,0.0,0.0,0.0,0.0,0.0,0.0,0.0,0.0
IL1B,VEGFA,0.0,0.0,0.0,0.0,0.0,0.0,0.0,0.0,0.0,0.0,0.0,0.0,0.0,0.0,0.0,0.0,0.0,0.0,0.0,0.0,0.1578381692144653,0.37382872383626536,0.1694563074871171,0.03112863482034274,0.0,0.0,0.16561032505084095,0.38160087967264106,0.17722846332349274,0.03890079065671839,0.0,0.0,0.0,0.0,0.0,0.0
CSF3,PLAUR,0.0,0.0,0.0,0.0,0.0,0.0,0.0,0.0,0.0,0.0,0.0,0.0,0.0,0.0,0.0,0.0,0.0,0.0,0.0,0.0,0.1173717099562203,0.049371690158567454,0.10860834952062409,0.0,0.0,0.0,0.0,0.0,0.0,0.0,0.0,0.0,0.0,0.0,0.0,0.0
ADIPOQ,WIF1,0.0,0.0,0.0,0.0,0.0,0.0,0.0,0.0,0.0,0.0,0.0,0.0,0.0,0.0,0.0,0.0,0.0,0.0,0.0,0.0,0.0,0.0,0.0,0.0,0.0,0.0,0.0,0.0,0.0,0.0,0.0,0.0,0.0,0.0,0.0,0.0
IL1B,MMP1,0.0,0.0,0.0,0.0,0.0,0.0,0.0,0.0,0.0,0.0,0.0,0.0,0.0,0.0,0.0,0.0,0.0,0.0,0.0,0.0,0.016183269898417747,0.005666810589528802,0.03304120759859996,0.07964141151305108,0.0,0.0,0.023955425734793402,0.013438966425904458,0.04081336343497561,0.08741356734942674,0.0,0.0,0.0,0.0,0.0,0.0
CSF2,MMP1,0.0,0.0,0.0,0.0,0.0,0.0,0.0,0.0,0.0,0.0,0.0,0.0,0.0,0.0,0.0175725847334411,0.007056125424552157,0.03443052243362331,0.08103072634807444,0.0,0.0,0.027894610540135357,0.017378151231246412,0.04475254824031757,0.0913527521547687,0.0,0.0,0.03860480436076354,0.028088345051874596,0.055462742060945744,0.10206294597539688,0.0,0.0,0.0,0.0,0.0,0.0
CCL15,CCR7,0.0,0.0,0.0,0.0,0.0,0.0,0.0,0.0,0.0,0.0,0.0,0.0,0.0,0.0,0.0,0.0,0.0,0.0,0.0,0.0,0.0,0.0,0.0,0.0,0.0,0.0,0.0,0.0,0.0,0.0,0.0,0.0,0.0,0.0,0.0,0.0
CCL23,CCR4,0.0,0.0,0.0,0.0,0.0,0.0,0.0,0.0,0.0,0.0,0.0,0.0,0.0,0.0,0.0,0.0,0.0,0.0,0.0,0.0,0.0,0.0,0.0,0.0,0.0,0.0,0.0,0.0,0.0,0.0,0.0,0.0,0.0,0.0,0.0,0.0
VEGFD,PDGFRB,0.0,0.0,0.0,0.0,0.0,0.0,0.0,0.0,0.0,0.0,0.0,0.0,0.0,0.0,0.0,0.0,0.0,0.0,0.0,0.47911327249256996,0.35967283687070106,0.0956743176230675,0.08297962952210003,0.20288299969993548,0.0,0.0,0.0,0.0,0.0,0.0,0.0,0.0,0.0,0.0,0.0,0.0
CSF2,FCER2,0.0,0.0,0.0,0.0,0.0,0.0,0.0,0.0,0.0,0.0,0.0,0.0,0.0,0.0,0.0,0.00349268332185649,0.0,0.0,0.0,0.0,0.0,0.013814709128550746,0.0,0.0,0.0,0.0,0.0,0.024524902949178928,0.0,0.0,0.0,0.0,0.0,0.0,0.0,0.0
IL12B,TNF,0.0,0.0,0.0,0.0,0.0,0.0,0.0,0.0,0.0,0.0,0.0,0.0,0.0,0.0,0.0,0.0,0.0,0.0,0.0,0.0,0.0,0.0,0.0,0.0,0.0,0.0,0.0,0.0,0.0,0.0,0.0,0.0,0.0,0.0,0.0,0.0
IGFBP3,MMP14,0.0,0.0,0.0,0.0,0.0,0.0,0.0,1.664951503276825,2.0937880098226653,1.7445199104760765,1.8703974652708624,1.8631399401596616,0.0,0.47630822554749636,0.9051447320933366,0.5558766327467479,0.6817541875415336,0.6744966624303328,0.0,0.27660273111194644,0.7054392376577866,0.356171138311198,0.48204869310598375,0.47479116799478294,0.0,0.2529940552878798,0.6818305618337199,0.33256246248713134,0.45844001728191713,0.4511824921707163,0.0,0.46879672294571284,0.897633229491553,0.5483651301449644,0.6742426849397501,0.6669851598285493
THBS2,ITGB6,0.0,0.0,2.1140512402970995,2.169762357234525,2.1320903688146355,0.0,0.0,0.0,0.5346806522329055,0.5903917691703314,0.5527197807504419,0.0,0.0,0.0,1.1149619426300277,1.1706730595674537,1.1330010711475642,0.0,0.0,0.0,0.2645288947869233,0.32024001172434924,0.28256802330445974,0.0,0.0,0.0,0.5233379076775159,0.5790490246149418,0.5413770361950523,0.0,0.0,0.0,1.0614314935439515,1.1171426104813775,1.079470622061488,0.0
CCL23,CCR7,0.0,0.0,0.0,0.0,0.0,0.0,0.0,0.0,0.0,0.0,0.0,0.0,0.0,0.0,0.0,0.0,0.0,0.0,0.0,0.0,0.03844576517544325,0.006724193697089761,0.0,0.0,0.0,0.0,0.04941534349886526,0.017693772020511773,0.0,0.0,0.0,0.0,0.0,0.0,0.0,0.0
SPP1,PLAU,0.0,0.0,0.0,0.0,0.0,0.0,0.0,0.0,0.0,0.0,0.0,0.0,1.7647066306118941,0.0,0.24636674045923337,0.4367664879875113,0.4043739716726999,0.13504728444010633,1.7783899060834985,0.0,0.26005001593083776,0.45044976345911564,0.41805724714430426,0.14873055991171072,2.052781025568644,0.0,0.5344411354159835,0.7248408829442614,0.69244836662945,0.4231216793968564,0.0,0.0,0.0,0.0,0.0,0.0
VEGFA,FLT4,0.0,0.0,0.0,0.0,0.0,0.0,0.0,0.0,0.0,0.0,0.0,0.0,0.0,0.37744723482808074,0.1770908908167882,0.16725189148228645,0.0,0.0,0.0,0.5934377894498808,0.39308144543858825,0.38324244610408653,0.0,0.0,0.0,0.3890653731007325,0.18870902908943998,0.17887002975493824,0.0,0.0,0.0,0.25073770043395815,0.05038135642266561,0.04054235708816388,0.0,0.0
LAMA4,ITGB6,0.0,0.0,0.0,0.0,0.0,0.0,0.0,0.0,0.6018144216258727,0.6575255385632987,0.6198535501434091,0.0,0.0,0.0,0.18015326329724707,0.235864380234673,0.1981923918147835,0.0,0.0,0.0,0.09495928606691117,0.1506704030043371,0.11299841458444762,0.0,0.0,0.0,0.07317505042944382,0.12888616736686975,0.09121417894698025,0.0,0.0,0.0,0.20574557827818707,0.261456695215613,0.2237847067957235,0.0
CCL11,CXCR6,0.0,0.0,0.0,0.0,0.0,0.0,0.0,0.0,0.0,0.0,0.0,0.0,0.0,0.0,0.024027436823394168,0.02283837249790615,0.043846279062754075,0.0,0.0,0.0,0.007482694477256987,0.006293630151768969,0.027301536716616892,0.0,0.0,0.0,0.0,0.0,0.0,0.0,0.0,0.0,0.0,0.0,0.0,0.0
CCL19,CCR6,0.0,0.0,0.0,0.0,0.0,0.0,0.0,0.0,0.0,0.0,0.0,0.0,0.0,0.0,0.07902054021607584,0.05137397490347211,0.16044271138208205,0.0,0.0,0.0,0.05387518666077604,0.02622862134817231,0.13529735782678223,0.0,0.0,0.0,0.09087919079217963,0.06323262547957591,0.17230136195818582,0.0,0.0,0.0,0.0,0.0,0.0,0.0
IL1A,CXCL12,0.0,0.0,0.0,0.0,0.0,0.0,0.0,0.0,0.0,0.0,0.0,0.0,0.0,0.0,0.0,0.0,0.0,0.0,0.0,0.22199841183494304,0.1560233244134926,0.05644328757231935,0.07721973014471023,0.25178107959102364,0.0,0.0,0.0,0.0,0.0,0.0,0.0,0.0,0.0,0.0,0.0,0.0
TNF,MMP13,0.0,0.0,0.0,0.0,0.0,0.0,0.0,0.0,0.0,0.0,0.0,0.0,0.0,0.0,0.20363681085074126,0.03673057136901664,0.06930716251883715,0.2836414861102941,0.0,0.0,0.196272500225272,0.029366260743547392,0.0619428518933679,0.2762771754848249,0.0,0.0,0.0,0.0,0.0,0.0,0.0,0.0,0.0,0.0,0.0,0.0
PPBP,CCR7,0.0,0.0,0.0,0.0,0.0,0.0,0.0,0.0,0.0,0.0,0.0,0.0,0.0,0.0,0.0,0.0,0.0,0.0,0.0,0.0,0.0389497060469535,0.007228134568600011,0.0,0.0,0.0,0.0,0.12326241043669667,0.09154083895834318,0.0,0.0,0.0,0.0,0.0,0.0,0.0,0.0
CXCL12,GZMB,0.0,0.0,0.0,0.0,0.0,0.0,0.0,0.0,0.0,0.22508480280227616,0.23318320904907427,0.0,0.0,0.0,0.0,0.15910971538082572,0.16720812162762383,0.0,0.0,0.0,0.0,0.0595296785396525,0.06762808478645059,0.0,0.0,0.0,0.0,0.08030612111204338,0.08840452735884148,0.0,0.0,0.0,0.0,0.2548674705583568,0.2629658768051549,0.0
IGF1,PDGFRA,0.0,0.0,0.0,0.0,0.0,0.0,0.0,0.0,0.0,0.0,0.0,0.0,0.0,0.0,0.17132788511057992,0.08307660807303743,0.20834770953976756,0.1315155135204204,0.0,0.0,0.12245028474013105,0.03419900770258857,0.15947010916931867,0.08263791314997153,0.0,0.0,0.0,0.0,0.0,0.0,0.0,0.0,0.0,0.0,0.0,0.0
IFNG,CSF1,0.0,0.0,0.0,0.0,0.0,0.0,0.0,0.0,0.0,0.0,0.0,0.0,0.0,0.0,0.0,0.0,0.0,0.0,0.0,0.0,0.06472861776142803,0.04726933800709357,0.054737868710387175,0.0724459528246005,0.0,0.0,0.0,0.0,0.0,0.0,0.0,0.0,0.0,0.0,0.0,0.0
VEGFD,PDGFRA,0.0,0.0,0.0,0.0,0.0,0.0,0.0,0.0,0.0,0.0,0.0,0.0,0.0,0.0,0.0,0.0,0.0,0.0,0.0,0.0,0.10989912916653659,0.021647852128994102,0.1469189535957242,0.07008675757637707,0.0,0.0,0.0,0.0,0.0,0.0,0.0,0.0,0.0,0.0,0.0,0.0
SST,F3,0.0,0.0,0.0,0.0,0.0,0.0,0.0,0.0,0.0,0.0,0.0,0.0,0.0,0.0,0.0,0.0,0.0,0.0,0.0,0.0,0.08081108397799507,0.14881146121599256,0.1404055671993433,0.0,0.0,0.0,0.0,0.0,0.0,0.0,0.0,0.0,0.0,0.0,0.0,0.0
IL12B,GZMB,0.0,0.0,0.0,0.0,0.0,0.0,0.0,0.0,0.0,0.0,0.0,0.0,0.0,0.0,0.0,0.0,0.0,0.0,0.0,0.0,0.0,0.0,0.0,0.0,0.0,0.0,0.0,0.0,0.0,0.0,0.0,0.0,0.0,0.0,0.0,0.0
TNF,CHI3L1,0.0,0.0,0.0,0.0,0.0,0.0,0.0,0.0,0.0,0.0,0.0,0.0,0.0,0.16795920065386377,0.19449234038443114,0.403902783837118,0.4044365605217963,0.3700301251516498,0.0,0.16059489002839453,0.1871280297589619,0.39653847321164876,0.39707224989632706,0.3626658145261806,0.0,0.0,0.0,0.0,0.0,0.0,0.0,0.0,0.0,0.0,0.0,0.0
CCL5,CCR7,0.0,0.0,0.0,0.0,0.0,0.0,0.0,0.0,0.0,0.0,0.0,0.0,0.0,0.0,0.08153817131744688,0.04981659983909339,0.0,0.0,0.0,0.0,0.06933396150048758,0.03761239002213409,0.0,0.0,0.0,0.0,0.21428798198793597,0.18256641050958247,0.0,0.0,0.0,0.0,0.0,0.0,0.0,0.0
IFNG,IDO1,0.0,0.0,0.0,0.0,0.0,0.0,0.0,0.0,0.0,0.0,0.0,0.0,0.0,0.0,0.0,0.0,0.0,0.0,0.0,0.15902620518816876,0.007119160479736517,0.0043341624031763715,0.0,0.0,0.0,0.0,0.0,0.0,0.0,0.0,0.0,0.0,0.0,0.0,0.0,0.0
IL2,GZMB,0.0,0.0,0.0,0.0,0.0,0.0,0.0,0.0,0.0,0.0,0.0,0.0,0.0,0.0,0.0,0.0,0.0,0.0,0.0,0.0,0.0,0.003778660657716766,0.011877066904514866,0.0,0.0,0.0,0.0,0.0,0.0,0.0,0.0,0.0,0.0,0.0,0.0,0.0
IGF1,VEGFA,0.0,0.0,0.0,0.0,0.0,0.0,0.0,0.0,0.0,0.0,0.0,0.0,0.0,0.0,0.21785208019451124,0.4338426348163113,0.22947021846716303,0.09114254580038866,0.0,0.0,0.16897447982406236,0.38496503444586244,0.18059261809671415,0.0422649454299398,0.0,0.0,0.0,0.0,0.0,0.0,0.0,0.0,0.0,0.0,0.0,0.0
CCL11,CCR4,0.0,0.0,0.0,0.0,0.0,0.0,0.0,0.0,0.0,0.0,0.0,0.0,0.0,0.0,0.0,0.0,0.0,0.0,0.0,0.0,0.0,0.0,0.0,0.0,0.0,0.0,0.0,0.0,0.0,0.0,0.0,0.0,0.0,0.0,0.0,0.0
CXCL13,CCR7,0.0,0.0,0.0,0.0,0.0,0.0,0.0,0.0,0.0,0.0,0.0,0.0,0.0,0.0,0.05236803803277846,0.020646466554424966,0.0,0.0,0.0,0.0,0.03844704362379028,0.006725472145436788,0.0,0.0,0.0,0.0,0.06097756961029405,0.029255998131940554,0.0,0.0,0.0,0.0,0.0,0.0,0.0,0.0
FGF7,PLAU,0.0,0.0,0.0,0.0,0.0,0.0,0.0,0.0,0.0,0.0,0.0,0.0,1.9269357952312451,0.0,0.4085959050785843,0.5989956526068622,0.5666031362920508,0.29727644905945727,1.7477207081990505,0.0,0.22938081804638968,0.4197805655746676,0.3873880492598562,0.11806136202726264,0.0,0.0,0.0,0.0,0.0,0.0,1.8210913567315965,0.0,0.3027514665789357,0.4931512141072136,0.4607586977924022,0.19143201055980863
CCL5,TNFRSF4,0.0,0.0,0.0,0.0,0.0,0.0,0.0,0.0,0.0,0.0,0.0,0.0,0.0,0.37458880312407195,0.0942411434591113,0.08353874303945745,0.0665567866418024,0.0,0.0,0.36238459330711265,0.082036933642152,0.07133453322249815,0.05435257682484309,0.0,0.0,0.507338613794561,0.22699095412960038,0.21628855370994654,0.19930659731229147,0.0,0.0,0.0,0.0,0.0,0.0,0.0
IL6,KDR,0.0,0.0,0.0,0.0,0.0,0.0,0.0,0.0,0.0,0.0,0.0,0.0,0.0,0.0,0.0,0.0,0.0,0.0,0.0,0.0,0.0,0.0,0.0,0.0,0.0,0.0,0.0,0.0,0.0,0.0,0.0,0.0,0.0,0.0,0.0,0.0
IFNG,CXCL12,0.0,0.0,0.0,0.0,0.0,0.0,0.0,0.0,0.0,0.0,0.0,0.0,0.0,0.0,0.0,0.0,0.0,0.0,0.0,0.221597328430547,0.15562224100909655,0.056042204167923326,0.0768186467403142,0.25137999618662765,0.0,0.0,0.0,0.0,0.0,0.0,0.0,0.0,0.0,0.0,0.0,0.0
DCN,VEGFA,0.0,0.0,0.0,0.0,0.0,0.0,0.0,0.0,0.37744723482808074,0.5934377894498808,0.3890653731007325,0.25073770043395815,0.0,0.0,1.652940966744921,1.8689315213667212,1.664559105017573,1.5262314323507986,0.0,0.0,0.49886670192106675,0.7148572565428668,0.5104848401937185,0.37215716752694417,0.0,0.0,1.056330523079807,1.2723210777016072,1.0679486613524587,0.9296209886856844,0.0,0.0,1.3331462479307028,1.549136802552503,1.3447643862033547,1.2064367135365803
IL1B,CXCL10,0.0,0.0,0.0,0.0,0.0,0.0,0.0,0.0,0.0,0.0,0.0,0.0,0.0,0.0,0.0,0.0,0.0,0.0,0.0,0.0,0.009611692638860582,0.005448424317147754,0.0,0.0,0.0,0.0,0.017383848475236236,0.013220580153523408,0.0,0.0,0.0,0.0,0.0,0.0,0.0,0.0
XCL1,CCR6,0.0,0.0,0.0,0.0,0.0,0.0,0.0,0.0,0.0,0.0,0.0,0.0,0.0,0.0,0.05412260958211339,0.026476044269509662,0.1355447807481196,0.0,0.0,0.0,0.05112736079757248,0.02348079548496875,0.13254953196357866,0.0,0.0,0.0,0.0,0.0,0.0,0.0,0.0,0.0,0.0,0.0,0.0,0.0
THBS4,ITGA6,0.0,0.0,0.0,0.0,0.0,0.0,0.0,0.0,0.0,0.0,0.0,0.0,0.0,0.6748620280578955,0.17483658666041357,0.16826675901948152,0.11273754882263119,0.0,0.0,0.6161100841853597,0.11608464278787778,0.10951481514694572,0.053985604950095384,0.0,0.0,0.6865715541337666,0.18654611273628469,0.17997628509535263,0.12444707489850229,0.0,0.0,0.6801500206901914,0.18012457929270947,0.17355475165177742,0.11802554145492707,0.0
TNF,CDH11,0.0,0.0,0.0,0.0,0.0,0.0,0.0,0.0,0.0,0.0,0.0,0.0,0.0,0.26205508640749536,0.7094457969440157,0.18013713182066826,0.2278733765323551,0.33965514972011673,0.0,0.25469077578202615,0.7020814863185464,0.17277282119519902,0.22050906590688585,0.3322908390946475,0.0,0.0,0.0,0.0,0.0,0.0,0.0,0.0,0.0,0.0,0.0,0.0
IL6,CCR7,0.0,0.0,0.0,0.0,0.0,0.0,0.0,0.0,0.0,0.0,0.0,0.0,0.0,0.0,0.0,0.0,0.0,0.0,0.0,0.0,0.0,0.0,0.0,0.0,0.0,0.0,0.0,0.0,0.0,0.0,0.0,0.0,0.0,0.0,0.0,0.0
CXCL3,CCR7,0.0,0.0,0.0,0.0,0.0,0.0,0.0,0.0,0.0,0.0,0.0,0.0,0.0,0.0,0.0,0.0,0.0,0.0,0.0,0.0,0.04298092616350474,0.011259354685151247,0.0,0.0,0.0,0.0,0.05117761965477208,0.019456048176418585,0.0,0.0,0.0,0.0,0.0,0.0,0.0,0.0
IFNG,CXCL10,0.0,0.0,0.0,0.0,0.0,0.0,0.0,0.0,0.0,0.0,0.0,0.0,0.0,0.0,0.0,0.0,0.0,0.0,0.0,0.0,0.007809336005914222,0.003646067684201394,0.0,0.0,0.0,0.0,0.0,0.0,0.0,0.0,0.0,0.0,0.0,0.0,0.0,0.0
S100A8,MMP1,0.0,0.0,0.0,0.0,0.0,0.0,0.0,0.0,0.0,0.0,0.0,0.0,0.0,0.0,0.0226534017876013,0.012136942478712357,0.03951133948778351,0.08611154340223463,0.0,0.0,0.023440256767142967,0.012923797458254026,0.040298194467325174,0.0868983983817763,0.0,0.0,0.029333729555420178,0.018817270246531233,0.046191667255602385,0.09279187117005351,0.0,0.0,0.0,0.0,0.0,0.0
FGF7,SFTPA2,0.0,0.0,0.0,0.0,0.0,0.0,0.0,0.0,0.0,0.0,0.0,0.0,0.0,0.0,0.0,0.20556625578391122,0.0,0.0,0.0,0.0,0.0,0.026351168751716614,0.0,0.0,0.0,0.0,0.0,0.0,0.0,0.0,0.0,0.0,0.0,0.0997218172842626,0.0,0.0
ADIPOQ,CXCL12,0.0,0.0,0.0,0.0,0.0,0.0,0.0,0.0,0.0,0.0,0.0,0.0,0.0,0.0,0.0,0.0,0.0,0.0,0.0,0.0,0.0,0.0,0.0,0.0,0.0,0.0,0.0,0.0,0.0,0.0,0.0,0.0,0.0,0.0,0.0,0.0
SAA1,F3,0.0,0.0,0.0,0.0,0.0,0.0,0.0,0.0,0.0,0.0,0.0,0.0,0.0,0.0,0.13077907360608304,0.19877945084408055,0.1903735568274313,0.0,0.0,0.0,0.16443869377525655,0.23243907101325406,0.2240331769966048,0.0,0.0,0.0,0.2192725168063585,0.287272894044356,0.27886700002770676,0.0,0.0,0.0,0.0,0.0,0.0,0.0
IL6,CXCL12,0.0,0.0,0.0,0.0,0.0,0.0,0.0,0.0,0.0,0.0,0.0,0.0,0.0,0.0,0.0,0.0,0.0,0.0,0.0,0.0,0.0,0.0,0.0,0.0,0.0,0.0,0.0,0.0,0.0,0.0,0.0,0.0,0.0,0.0,0.0,0.0
CCL21,CXCR6,0.0,0.0,0.0,0.0,0.0,0.0,0.0,0.0,0.0,0.0,0.0,0.0,0.0,0.0,0.00976689715883625,0.008577832833348231,0.029585739398196156,0.0,0.0,0.0,0.006017769356761425,0.004828705031273406,0.025836611596121332,0.0,0.0,0.0,0.0,0.0,0.0,0.0,0.0,0.0,0.0,0.0,0.0,0.0
CCL14,CXCR6,0.0,0.0,0.0,0.0,0.0,0.0,0.0,0.0,0.0,0.0,0.0,0.0,0.0,0.0,0.03130248678264333,0.030113422457155314,0.05112132902200324,0.0,0.0,0.0,0.015107175628901542,0.013918111303413524,0.03492601786826145,0.0,0.0,0.0,0.0,0.0,0.0,0.0,0.0,0.0,0.0,0.0,0.0,0.0
CCL11,CCR7,0.0,0.0,0.0,0.0,0.0,0.0,0.0,0.0,0.0,0.0,0.0,0.0,0.0,0.0,0.05761011233970301,0.025888540861349514,0.0,0.0,0.0,0.0,0.041065369993565824,0.009343798515212332,0.0,0.0,0.0,0.0,0.0,0.0,0.0,0.0,0.0,0.0,0.0,0.0,0.0,0.0
CXCL12,CCR7,0.0,0.0,0.0,0.0,0.0,0.0,0.0,0.0,0.2595850528027881,0.2278634813244346,0.0,0.0,0.0,0.0,0.19360996538133762,0.16188839390298415,0.0,0.0,0.0,0.0,0.0940299285401644,0.06230835706181091,0.0,0.0,0.0,0.0,0.11480637111255529,0.0830847996342018,0.0,0.0,0.0,0.0,0.2893677205588687,0.2576461490805152,0.0,0.0
CCL17,CCR7,0.0,0.0,0.0,0.0,0.0,0.0,0.0,0.0,0.0,0.0,0.0,0.0,0.0,0.0,0.2429841300148276,0.2112625585364741,0.0,0.0,0.0,0.0,0.12120376701945988,0.0894821955411064,0.0,0.0,0.0,0.0,0.48183629995991845,0.4501147284815649,0.0,0.0,0.0,0.0,0.15090682045652581,0.11918524897817234,0.0,0.0
CCL3L1,CXCR6,0.0,0.0,0.0,0.0,0.0,0.0,0.0,0.0,0.0,0.0,0.0,0.0,0.0,0.0,0.007569318090505268,0.006380253765017248,0.027388160329865175,0.0,0.0,0.0,0.0073334682241493095,0.00614440389866129,0.027152310463509216,0.0,0.0,0.0,0.01709931060324542,0.015910246277757396,0.03691815284260532,0.0,0.0,0.0,0.0,0.0,0.0,0.0
CXCL6,CCR6,0.0,0.0,0.0,0.0,0.0,0.0,0.0,0.0,0.0,0.0,0.0,0.0,0.0,0.0,0.0,0.0,0.0,0.0,0.0,0.0,0.054394377742928005,0.02674781243032428,0.13581654890893421,0.0,0.0,0.0,0.07347499632841631,0.04582843101581258,0.1548971674944225,0.0,0.0,0.0,0.0,0.0,0.0,0.0
IL1A,C3,0.0,0.0,0.0,0.0,0.0,0.0,0.0,0.0,0.0,0.0,0.0,0.0,0.0,0.0,0.0,0.0,0.0,0.0,0.0,0.1594272885925648,0.9662883738259685,0.7803463018737333,0.8296121032088183,0.9235704277164815,0.0,0.0,0.0,0.0,0.0,0.0,0.0,0.0,0.0,0.0,0.0,0.0
IL6,CSF1,0.0,0.0,0.0,0.0,0.0,0.0,0.0,0.0,0.0,0.0,0.0,0.0,0.0,0.0,0.0,0.0,0.0,0.0,0.0,0.0,0.0,0.0,0.0,0.0,0.0,0.0,0.0,0.0,0.0,0.0,0.0,0.0,0.0,0.0,0.0,0.0
IL6,GZMB,0.0,0.0,0.0,0.0,0.0,0.0,0.0,0.0,0.0,0.0,0.0,0.0,0.0,0.0,0.0,0.0,0.0,0.0,0.0,0.0,0.0,0.0,0.0,0.0,0.0,0.0,0.0,0.0,0.0,0.0,0.0,0.0,0.0,0.0,0.0,0.0
IL1A,MMP9,0.0,0.0,0.0,0.0,0.0,0.0,0.0,0.0,0.0,0.0,0.0,0.0,0.0,0.0,0.0,0.0,0.0,0.0,0.0,0.0,0.05498274047557718,0.05999973431463948,0.1140923094850594,0.10378362933013469,0.0,0.0,0.0,0.0,0.0,0.0,0.0,0.0,0.0,0.0,0.0,0.0
SAA1,PTGS2,0.0,0.0,0.0,0.0,0.0,0.0,0.0,0.0,0.0,0.0,0.0,0.0,0.0,0.0,0.06293534520846694,0.05718929628640252,0.0,0.0,0.0,0.0,0.09659496537764045,0.09084891645557602,0.0,0.0,0.0,0.0,0.1514287884087424,0.14568273948667798,0.0,0.0,0.0,0.0,0.0,0.0,0.0,0.0
FGFR4,PLAU,0.0,0.0,0.0,0.0,0.0,0.0,0.0,0.0,0.0,0.0,0.0,0.0,0.0,0.0,0.0,0.0,0.0,0.0,1.7270441379100279,0.0,0.20870424775736718,0.3991039952856451,0.3667114789708337,0.09738479173824016,0.0,0.0,0.0,0.0,0.0,0.0,0.0,0.0,0.0,0.0,0.0,0.0
TNF,PLAU,0.0,0.0,0.0,0.0,0.0,0.0,0.0,0.0,0.0,0.0,0.0,0.0,1.7353044920299776,0.0,0.2169646018773169,0.4073643494055948,0.3749718330907834,0.10564514585818988,1.7279401814045083,0.0,0.20960029125184765,0.4000000387801256,0.3676075224653142,0.09828083523272063,0.0,0.0,0.0,0.0,0.0,0.0,0.0,0.0,0.0,0.0,0.0,0.0
CSF2,CSF1,0.0,0.0,0.0,0.0,0.0,0.0,0.0,0.0,0.0,0.0,0.0,0.0,0.0,0.0,0.06792028922939776,0.05046100947506328,0.057929540178356886,0.07563762429257023,0.0,0.0,0.07824231503609201,0.06078303528175754,0.06825156598505114,0.08595965009926448,0.0,0.0,0.0889525088567202,0.07149322910238572,0.07896175980567932,0.09666984391989267,0.0,0.0,0.0,0.0,0.0,0.0
CXCL5,CCR4,0.0,0.0,0.0,0.0,0.0,0.0,0.0,0.0,0.0,0.0,0.0,0.0,0.0,0.0,0.0,0.0,0.0,0.0,0.0,0.0,0.0,0.0,0.0,0.0,0.0,0.0,0.0,0.0,0.0,0.0,0.0,0.0,0.0,0.0,0.0,0.0
VWF,ITGA6,0.0,0.0,0.0,0.0,0.0,0.0,0.0,1.0574992895126343,0.5574738481151524,0.5509040204742204,0.49537481027736996,0.0,0.0,0.785353655987118,0.2853282145896361,0.27875838694870403,0.22322917675185372,0.0,0.0,0.724078726257792,0.2240532848603101,0.21748345721937803,0.1619542470225277,0.0,0.0,0.6564874293511374,0.1564619879536555,0.14989216031272345,0.0943629501158731,0.0,0.0,0.643487308706556,0.14346186730907415,0.1368920396681421,0.08136282947129175,0.0
CXCL8,CCR4,0.0,0.0,0.0,0.0,0.0,0.0,0.0,0.0,0.0,0.0,0.0,0.0,0.0,0.0,0.0,0.0,0.0,0.0,0.0,0.0,0.0,0.0,0.0,0.0,0.0,0.0,0.0,0.0,0.0,0.0,0.0,0.0,0.0,0.0,0.0,0.0
IL2,PRF1,0.0,0.0,0.0,0.0,0.0,0.0,0.0,0.0,0.0,0.0,0.0,0.0,0.0,0.0,0.0,0.0,0.0,0.0,0.0,0.0,0.0,0.008160442777886148,0.0,0.0,0.0,0.0,0.0,0.0,0.0,0.0,0.0,0.0,0.0,0.0,0.0,0.0
RELN,ITGA6,0.0,0.0,0.0,0.0,0.0,0.0,0.0,0.0,0.0,0.0,0.0,0.0,0.0,0.0,0.0,0.0,0.0,0.0,0.0,0.6020690342545666,0.10204359285708466,0.0954737652161526,0.03994455501930227,0.0,0.0,0.0,0.0,0.0,0.0,0.0,0.0,0.0,0.0,0.0,0.0,0.0
FGF7,VEGFA,0.0,0.0,0.0,0.0,0.0,0.0,0.0,0.0,0.0,0.0,0.0,0.0,0.0,0.0,0.35660011124848134,0.5725906658702814,0.36821824952113313,0.2298905768543588,0.0,0.0,0.17738502421628674,0.3933755788380868,0.18900316248893853,0.050675489822164174,0.0,0.0,0.0,0.0,0.0,0.0,0.0,0.0,0.2507556727488327,0.4667462273706328,0.2623738110214845,0.12404613835471016
CCL2,PTGS2,0.0,0.0,0.0,0.0,0.0,0.0,0.0,0.0,0.17173791509955677,0.16599186617749234,0.0,0.0,0.0,0.0,0.10696787709620462,0.10122182817414019,0.0,0.0,0.0,0.0,0.03211759174537128,0.026371542823306855,0.0,0.0,0.0,0.0,0.0643252176463089,0.05857916872424447,0.0,0.0,0.0,0.0,0.10276060597474641,0.09701455705268199,0.0,0.0
NR0B2,TNF,0.0,0.0,0.0,0.0,0.0,0.0,0.0,0.0,0.0,0.0,0.0,0.0,0.0,0.0,0.0,0.0,0.0,0.0,0.0,0.0,0.0,0.0,0.0,0.0,0.0,0.0,0.0,0.0,0.0,0.0,0.0,0.0,0.0,0.0,0.0,0.0
CXCL13,CCR4,0.0,0.0,0.0,0.0,0.0,0.0,0.0,0.0,0.0,0.0,0.0,0.0,0.0,0.0,0.0,0.0,0.0,0.0,0.0,0.0,0.0,0.0,0.0,0.0,0.0,0.0,0.0,0.0,0.0,0.0,0.0,0.0,0.0,0.0,0.0,0.0
IL13,VEGFA,0.0,0.0,0.0,0.0,0.0,0.0,0.0,0.0,0.0,0.0,0.0,0.0,0.0,0.0,0.0,0.0,0.0,0.0,0.0,0.0,0.0,0.0,0.0,0.0,0.0,0.0,0.0,0.0,0.0,0.0,0.0,0.0,0.0,0.0,0.0,0.0
S100A9,MMP1,0.0,0.0,0.0,0.0,0.0,0.0,0.0,0.0,0.17322121226965492,0.16270475296076597,0.19007914996983713,0.23667935388428823,0.0,0.0,0.07618481513872669,0.06566835582983774,0.0930427528389089,0.13964295675336003,0.0,0.0,0.09583317417254189,0.08531671486365296,0.1126911118727241,0.15929131578717523,0.0,0.0,0.41074199745498363,0.4002255381460947,0.4275999351551658,0.47420013906961694,0.0,0.0,0.0,0.0,0.0,0.0
IL2,CES1,0.0,0.0,0.0,0.0,0.0,0.0,0.0,0.0,0.0,0.0,0.0,0.0,0.0,0.0,0.0,0.0,0.0,0.0,0.0,0.0,0.09506652604997418,0.011748340332375286,0.006606449331630055,0.0,0.0,0.0,0.0,0.0,0.0,0.0,0.0,0.0,0.0,0.0,0.0,0.0
CXCL3,CCR6,0.0,0.0,0.0,0.0,0.0,0.0,0.0,0.0,0.0,0.0,0.0,0.0,0.0,0.0,0.0,0.0,0.0,0.0,0.0,0.0,0.05452485633345956,0.026878291020855836,0.13594702749946574,0.0,0.0,0.0,0.0627215498247269,0.03507498451212317,0.14414372099073308,0.0,0.0,0.0,0.0,0.0,0.0,0.0
CXCL11,CCR4,0.0,0.0,0.0,0.0,0.0,0.0,0.0,0.0,0.0,0.0,0.0,0.0,0.0,0.0,0.0,0.0,0.0,0.0,0.0,0.0,0.0,0.0,0.0,0.0,0.0,0.0,0.0,0.0,0.0,0.0,0.0,0.0,0.0,0.0,0.0,0.0
TNF,MMP9,0.0,0.0,0.0,0.0,0.0,0.0,0.0,0.0,0.0,0.0,0.0,0.0,0.0,0.0,0.06351465253687616,0.06853164637593846,0.1226242215463584,0.11231554139143368,0.0,0.0,0.056150341911406915,0.06116733575046922,0.11525991092088915,0.10495123076596444,0.0,0.0,0.0,0.0,0.0,0.0,0.0,0.0,0.0,0.0,0.0,0.0
CXCL9,CXCR6,0.0,0.0,0.0,0.0,0.0,0.0,0.0,0.0,0.0,0.0,0.0,0.0,0.0,0.0,0.007147514404942146,0.005958450079454128,0.026966356644302053,0.0,0.0,0.0,0.010566297155126596,0.009377232829638578,0.030385139394486504,0.0,0.0,0.0,0.0,0.0,0.0,0.0,0.0,0.0,0.0,0.0,0.0,0.0
CXCL10,CCR4,0.0,0.0,0.0,0.0,0.0,0.0,0.0,0.0,0.0,0.0,0.0,0.0,0.0,0.0,0.0,0.0,0.0,0.0,0.0,0.0,0.0,0.0,0.0,0.0,0.0,0.0,0.0,0.0,0.0,0.0,0.0,0.0,0.0,0.0,0.0,0.0
IL10,F3,0.0,0.0,0.0,0.0,0.0,0.0,0.0,0.0,0.0,0.0,0.0,0.0,0.0,0.0,0.0,0.0,0.0,0.0,0.0,0.0,0.0,0.0,0.0,0.0,0.0,0.0,0.0,0.0,0.0,0.0,0.0,0.0,0.0,0.0,0.0,0.0
OSM,PLAT,0.0,0.0,0.0,0.0,0.0,0.0,0.0,0.0,0.0,0.0,0.0,0.0,0.0,0.2550114403613171,0.11619954204084862,0.07068323886223184,0.10020965232403374,0.0,0.0,0.2550804636308125,0.116268565310344,0.07075226213172722,0.10027867559352913,0.0,0.0,0.0,0.0,0.0,0.0,0.0,0.0,0.0,0.0,0.0,0.0,0.0
CCL23,KDR,0.0,0.0,0.0,0.0,0.0,0.0,0.0,0.0,0.0,0.0,0.0,0.0,0.0,0.0,0.0,0.0,0.0,0.0,0.0,0.8813592437142079,0.023507661704807007,0.029117530736666987,0.02047922303511884,0.0,0.0,0.8923288220376299,0.03447724002822902,0.040087109060089,0.03144880135854085,0.0,0.0,0.0,0.0,0.0,0.0,0.0
IFNG,HSP90AA1,0.0,0.0,0.0,0.0,0.0,0.0,0.0,0.0,0.0,0.0,0.0,0.0,0.0,0.0,0.0,0.0,0.0,0.0,0.0,0.7768601175607579,0.36931635856466744,0.5976275238910321,0.6268536157397084,0.3199916634563798,0.0,0.0,0.0,0.0,0.0,0.0,0.0,0.0,0.0,0.0,0.0,0.0
CCL19,CCR4,0.0,0.0,0.0,0.0,0.0,0.0,0.0,0.0,0.0,0.0,0.0,0.0,0.0,0.0,0.0,0.0,0.0,0.0,0.0,0.0,0.0,0.0,0.0,0.0,0.0,0.0,0.0,0.0,0.0,0.0,0.0,0.0,0.0,0.0,0.0,0.0
XCL2,CCR6,0.0,0.0,0.0,0.0,0.0,0.0,0.0,0.0,0.0,0.0,0.0,0.0,0.0,0.0,0.0,0.0,0.0,0.0,0.0,0.0,0.050937596462738835,0.023291031150135113,0.13235976762874505,0.0,0.0,0.0,0.0,0.0,0.0,0.0,0.0,0.0,0.0,0.0,0.0,0.0
IL2,TNFRSF4,0.0,0.0,0.0,0.0,0.0,0.0,0.0,0.0,0.0,0.0,0.0,0.0,0.0,0.0,0.0,0.0,0.0,0.0,0.0,0.33132954246485374,0.050981882799893095,0.04027948238023924,0.023297525982584184,0.0,0.0,0.0,0.0,0.0,0.0,0.0,0.0,0.0,0.0,0.0,0.0,0.0
CXCL5,CCR7,0.0,0.0,0.0,0.0,0.0,0.0,0.0,0.0,0.0,0.0,0.0,0.0,0.0,0.0,0.044100587640828755,0.012379016162475262,0.0,0.0,0.0,0.0,0.04628502130891243,0.014563449830558947,0.0,0.0,0.0,0.0,0.21467104535447457,0.18294947387612107,0.0,0.0,0.0,0.0,0.0,0.0,0.0,0.0
SAA1,HMOX1,0.0,0.0,0.0,0.0,0.0,0.0,0.0,0.0,0.0,0.0,0.0,0.0,0.0,0.0,0.07077965125515687,0.06656372749999845,0.0993149852168969,0.0,0.0,0.0,0.10443927142433038,0.10022334766917194,0.1329746053860704,0.0,0.0,0.0,0.15927309445543233,0.15505717070027392,0.18780842841717235,0.0,0.0,0.0,0.0,0.0,0.0,0.0
IFNG,IL17A,0.0,0.0,0.0,0.0,0.0,0.0,0.0,0.0,0.0,0.0,0.0,0.0,0.0,0.0,0.0,0.0,0.0,0.0,0.0,0.0,0.0,0.0,0.0,0.0,0.0,0.0,0.0,0.0,0.0,0.0,0.0,0.0,0.0,0.0,0.0,0.0
CCL20,CCR7,0.0,0.0,0.0,0.0,0.0,0.0,0.0,0.0,0.0,0.0,0.0,0.0,0.0,0.0,0.0,0.0,0.0,0.0,0.0,0.0,0.05323158298387948,0.021510011505525985,0.0,0.0,0.0,0.0,0.04340731190055663,0.011685740422203142,0.0,0.0,0.0,0.0,0.0,0.0,0.0,0.0
CXCL5,CXCR6,0.0,0.0,0.0,0.0,0.0,0.0,0.0,0.0,0.0,0.0,0.0,0.0,0.0,0.0,0.010517912124519916,0.009328847799031897,0.030336754363879823,0.0,0.0,0.0,0.012702345792603601,0.011513281467115583,0.03252118803196351,0.0,0.0,0.0,0.18108836983816573,0.1798993055126777,0.20090721207752563,0.0,0.0,0.0,0.0,0.0,0.0,0.0
CCL15,CCR4,0.0,0.0,0.0,0.0,0.0,0.0,0.0,0.0,0.0,0.0,0.0,0.0,0.0,0.0,0.0,0.0,0.0,0.0,0.0,0.0,0.0,0.0,0.0,0.0,0.0,0.0,0.0,0.0,0.0,0.0,0.0,0.0,0.0,0.0,0.0,0.0
CCL15,CXCR6,0.0,0.0,0.0,0.0,0.0,0.0,0.0,0.0,0.0,0.0,0.0,0.0,0.0,0.0,0.0,0.0,0.0,0.0,0.0,0.0,0.0,0.0,0.0,0.0,0.0,0.0,0.0,0.0,0.0,0.0,0.0,0.0,0.0,0.0,0.0,0.0
CCL19,CXCR6,0.0,0.0,0.0,0.0,0.0,0.0,0.0,0.0,0.0,0.0,0.0,0.0,0.0,0.0,0.03389393452981218,0.03270487020432416,0.05371277676917209,0.0,0.0,0.0,0.008748580974512378,0.007559516649024359,0.028567423213872283,0.0,0.0,0.0,0.045752585105915976,0.044563520780427954,0.06557142734527588,0.0,0.0,0.0,0.0,0.0,0.0,0.0
IL6,DCN,0.0,0.0,0.0,0.0,0.0,0.0,0.0,0.0,0.0,0.0,0.0,0.0,0.0,0.0,0.0,0.0,0.0,0.0,0.0,0.0,0.0,0.0,0.0,0.0,0.0,0.0,0.0,0.0,0.0,0.0,0.0,0.0,0.0,0.0,0.0,0.0
CXCL13,CXCR6,0.0,0.0,0.0,0.0,0.0,0.0,0.0,0.0,0.0,0.0,0.0,0.0,0.0,0.0,0.018785362516469624,0.017596298190981602,0.03860420475582953,0.0,0.0,0.0,0.004864368107481443,0.0036753037819934236,0.024683210346841348,0.0,0.0,0.0,0.027394894093985208,0.02620582976849719,0.047213736333345115,0.0,0.0,0.0,0.0,0.0,0.0,0.0
IL2,TNFRSF18,0.0,0.0,0.0,0.0,0.0,0.0,0.0,0.0,0.0,0.0,0.0,0.0,0.0,0.0,0.0,0.0,0.0,0.0,0.0,0.0,0.03030299844549626,0.01814613044554878,0.006294303989723424,0.0,0.0,0.0,0.0,0.0,0.0,0.0,0.0,0.0,0.0,0.0,0.0,0.0
CCL18,CCR4,0.0,0.0,0.0,0.0,0.0,0.0,0.0,0.0,0.0,0.0,0.0,0.0,0.0,0.0,0.0,0.0,0.0,0.0,0.0,0.0,0.0,0.0,0.0,0.0,0.0,0.0,0.0,0.0,0.0,0.0,0.0,0.0,0.0,0.0,0.0,0.0
ADIPOQ,F3,0.0,0.0,0.0,0.0,0.0,0.0,0.0,0.0,0.0,0.0,0.0,0.0,0.0,0.0,0.0,0.0,0.0,0.0,0.0,0.0,0.0,0.0,0.0,0.0,0.0,0.0,0.0,0.0,0.0,0.0,0.0,0.0,0.0,0.0,0.0,0.0
CCL11,CCR6,0.0,0.0,0.0,0.0,0.0,0.0,0.0,0.0,0.0,0.0,0.0,0.0,0.0,0.0,0.06915404250965783,0.041507477197054096,0.150576213675664,0.0,0.0,0.0,0.052609300163520646,0.02496273485091692,0.13403147132952684,0.0,0.0,0.0,0.0,0.0,0.0,0.0,0.0,0.0,0.0,0.0,0.0,0.0
IFNG,MMP13,0.0,0.0,0.0,0.0,0.0,0.0,0.0,0.0,0.0,0.0,0.0,0.0,0.0,0.0,0.0,0.0,0.0,0.0,0.0,0.0,0.19470381538504625,0.027797575903321624,0.060374167053142136,0.2747084906445991,0.0,0.0,0.0,0.0,0.0,0.0,0.0,0.0,0.0,0.0,0.0,0.0
CCL23,CXCR6,0.0,0.0,0.0,0.0,0.0,0.0,0.0,0.0,0.0,0.0,0.0,0.0,0.0,0.0,0.0,0.0,0.0,0.0,0.0,0.0,0.004863089659134416,0.003674025333646397,0.02468193189849432,0.0,0.0,0.0,0.015832667982556427,0.014643603657068408,0.03565151022191633,0.0,0.0,0.0,0.0,0.0,0.0,0.0
CSF2,HDC,0.0,0.0,0.0,0.0,0.0,0.0,0.0,0.0,0.0,0.0,0.0,0.0,0.0,0.0,0.0,0.0049990491770528465,0.0,0.0,0.0,0.0,0.0,0.015321074983747103,0.0,0.0,0.0,0.0,0.0,0.026031268804375285,0.0,0.0,0.0,0.0,0.0,0.0,0.0,0.0
TNF,VCAM1,0.0,0.0,0.0,0.0,0.0,0.0,0.0,0.0,0.0,0.0,0.0,0.0,0.0,0.0,0.17075262704298863,0.029988367113940075,0.09146275274352149,0.15836889987815417,0.0,0.0,0.16338831641751939,0.022624056488470826,0.08409844211805224,0.15100458925268492,0.0,0.0,0.0,0.0,0.0,0.0,0.0,0.0,0.0,0.0,0.0,0.0
OSM,LDLR,0.0,0.0,0.0,0.0,0.0,0.0,0.0,0.0,0.0,0.0,0.0,0.0,0.0,0.3824199299462399,0.026134264409838626,0.040862823296153344,0.05157322945567319,0.0,0.0,0.3824889532157353,0.02620328767933402,0.04093184656564874,0.05164225272516858,0.0,0.0,0.0,0.0,0.0,0.0,0.0,0.0,0.0,0.0,0.0,0.0,0.0
CSF3,MPL,0.0,0.0,0.0,0.0,0.0,0.0,0.0,0.0,0.0,0.0,0.0,0.0,0.0,0.0,0.0,0.0,0.0,0.0,0.0,0.0,0.0,0.0,0.0,0.0,0.0,0.0,0.0,0.0,0.0,0.0,0.0,0.0,0.0,0.0,0.0,0.0
IL11,LIFR,0.0,0.0,0.0,0.0,0.0,0.0,0.0,0.0,0.0,0.0,0.0,0.0,0.0,0.0,0.0,0.0,0.0,0.0,0.0,0.0,0.043274966434875245,0.014334062238859788,0.015673843336820478,0.0,0.0,0.0,0.0,0.0,0.0,0.0,0.0,0.0,0.0,0.0,0.0,0.0
IL6,LIFR,0.0,0.0,0.0,0.0,0.0,0.0,0.0,0.0,0.0,0.0,0.0,0.0,0.0,0.0,0.0,0.0,0.0,0.0,0.0,0.0,0.0,0.0,0.0,0.0,0.0,0.0,0.0,0.0,0.0,0.0,0.0,0.0,0.0,0.0,0.0,0.0
OSM,IL13RA2,0.0,0.0,0.0,0.0,0.0,0.0,0.0,0.0,0.0,0.0,0.0,0.0,0.0,0.2550114403613171,0.0,0.0040263393104208916,0.0,0.0569628189452252,0.0,0.2550804636308125,0.0,0.004095362579916283,0.0,0.05703184221472059,0.0,0.0,0.0,0.0,0.0,0.0,0.0,0.0,0.0,0.0,0.0,0.0
LEP,MPL,0.0,0.0,0.0,0.0,0.0,0.0,0.0,0.0,0.0,0.0,0.0,0.0,0.0,0.0,0.0,0.0,0.0,0.0,0.0,0.0,0.0,0.0,0.0,0.0,0.0,0.0,0.0,0.0,0.0,0.0,0.0,0.0,0.0,0.0,0.0,0.0
IL11,IL13RA2,0.0,0.0,0.0,0.0,0.0,0.0,0.0,0.0,0.0,0.0,0.0,0.0,0.0,0.0,0.0,0.0,0.0,0.0,0.0,0.2538787920716393,0.0,0.0028936910207430938,0.0,0.0558301706555474,0.0,0.0,0.0,0.0,0.0,0.0,0.0,0.0,0.0,0.0,0.0,0.0
IL6,IL13RA2,0.0,0.0,0.0,0.0,0.0,0.0,0.0,0.0,0.0,0.0,0.0,0.0,0.0,0.0,0.0,0.0,0.0,0.0,0.0,0.0,0.0,0.0,0.0,0.0,0.0,0.0,0.0,0.0,0.0,0.0,0.0,0.0,0.0,0.0,0.0,0.0
IL13,LIFR,0.0,0.0,0.0,0.0,0.0,0.0,0.0,0.0,0.0,0.0,0.0,0.0,0.0,0.0,0.0,0.0,0.0,0.0,0.0,0.0,0.0,0.0,0.0,0.0,0.0,0.0,0.0,0.0,0.0,0.0,0.0,0.0,0.0,0.0,0.0,0.0
GAS1,PTCH1,0.0,0.0,0.0,0.0,0.0,0.0,0.0,0.0,0.0,0.0,0.0,0.0,0.0,0.0,0.17258644608122795,0.17544186278454485,0.1707699034157209,0.0,0.0,0.0,0.03185768981220626,0.03471310651552317,0.030041147146699226,0.0,0.0,0.0,0.14985415405801342,0.15270957076133032,0.14803761139250637,0.0,0.0,0.0,0.16093640786667793,0.16379182456999483,0.15911986520117088,0.0
LEP,KDR,0.0,0.0,0.0,0.0,0.0,0.0,0.0,0.0,0.0,0.0,0.0,0.0,0.0,0.0,0.0,0.0,0.0,0.0,0.0,0.0,0.0,0.0,0.0,0.0,0.0,0.0,0.0,0.0,0.0,0.0,0.0,0.0,0.0,0.0,0.0,0.0
GDF15,TTN,0.0,0.0,0.0,0.0,0.0,0.0,0.0,0.0,0.0,0.0,0.0,0.0,0.0,0.0,0.0,0.11920065004702717,0.0,0.0,0.0,0.0,0.0,0.2970064721396132,0.0,0.0,0.0,0.0,0.0,0.12000434322786804,0.0,0.0,0.0,0.0,0.0,0.10138232167525393,0.0,0.0
S100A8,MDM2,0.0,0.0,0.0,0.0,0.0,0.0,0.0,0.0,0.0,0.0,0.0,0.0,0.0,0.22986981695267691,0.12731567440341363,0.18359194583894256,0.19572534769359887,0.2965639751264197,0.0,0.2306566719322186,0.12810252938295527,0.18437880081848423,0.19651220267314054,0.2973508301059613,0.0,0.2365501447204958,0.1339960021712325,0.19027227360676144,0.20240567546141774,0.30324430289423854,0.0,0.0,0.0,0.0,0.0,0.0
VEGFA,MDM2,0.0,0.0,0.0,0.0,0.0,0.0,0.0,0.0,0.0,0.0,0.0,0.0,0.0,0.37744723482808074,0.2748930922788174,0.33116936371434635,0.34330276556900263,0.4441413930018234,0.0,0.5934377894498808,0.4908836469006175,0.5471599183361464,0.5592933201908028,0.6601319476236236,0.0,0.3890653731007325,0.2865112305514692,0.34278750198699814,0.3549209038416544,0.4557595312744752,0.0,0.25073770043395815,0.14818355788469484,0.2044598293202238,0.2165932311748801,0.3174318586077009
SHH,MDM2,0.0,0.0,0.0,0.0,0.0,0.0,0.0,0.0,0.0,0.0,0.0,0.0,0.0,0.0,0.0,0.0,0.0,0.0,0.0,0.0,0.0,0.0,0.0,0.0,0.0,0.23258523224738606,0.13003108969812277,0.1863073611336517,0.198440762988308,0.29927939042112883,0.0,0.0,0.0,0.0,0.0,0.0
CSF3,ACE,0.0,0.0,0.0,0.0,0.0,0.0,0.0,0.0,0.0,0.0,0.0,0.0,0.0,0.0,0.0,0.0,0.0,0.0,0.0,0.6508994632025846,0.03437662112036647,0.027561657521312233,0.11254007161785363,0.029301923391677344,0.0,0.0,0.0,0.0,0.0,0.0,0.0,0.0,0.0,0.0,0.0,0.0
NTS,GRIA1,0.0,0.0,0.0,0.0,0.0,0.0,0.0,0.0,0.0,0.0,0.0,0.0,0.0,0.0,0.0,0.0,0.0,0.0,0.0,0.0,0.0,0.0,0.0,0.0,0.0,0.0,0.0,0.0,0.0,0.0,0.0,0.0,0.0,0.0,0.0,0.0
IFNG,GRIA1,0.0,0.0,0.0,0.0,0.0,0.0,0.0,0.0,0.0,0.0,0.0,0.0,0.0,0.0,0.0,0.0,0.0,0.0,0.0,0.0,0.0,0.0,0.0,0.0,0.0,0.0,0.0,0.0,0.0,0.0,0.0,0.0,0.0,0.0,0.0,0.0
TNF,GRIA1,0.0,0.0,0.0,0.0,0.0,0.0,0.0,0.0,0.0,0.0,0.0,0.0,0.0,0.0,0.0,0.0,0.0,0.0,0.0,0.0,0.0,0.0,0.0,0.0,0.0,0.0,0.0,0.0,0.0,0.0,0.0,0.0,0.0,0.0,0.0,0.0
VCAM1,CDH5,0.0,0.0,0.0,0.0,0.0,0.0,0.0,0.0,0.0,0.0,0.0,0.0,0.0,1.3367667894310027,0.21919556043634367,0.19946351218627226,0.17139414404661563,0.2687061053688169,0.0,1.196002529501954,0.0784313005072951,0.05869925225722368,0.030629884117567074,0.1279418454397683,0.0,1.2574769151315355,0.1399056861368765,0.1201736378868051,0.09210426974714848,0.1894162310693497,0.0,1.324383062266168,0.2068118332715092,0.1870797850214378,0.1590104168817812,0.2563223782039824
TNF,CDH5,0.0,0.0,0.0,0.0,0.0,0.0,0.0,0.0,0.0,0.0,0.0,0.0,0.0,1.1840660595033892,0.0664948305087303,0.04676278225865888,0.018693414119002272,0.1160053754412035,0.0,1.17670174887792,0.059130519883261054,0.03939847163318963,0.01132910349353302,0.10864106481573425,0.0,0.0,0.0,0.0,0.0,0.0,0.0,0.0,0.0,0.0,0.0,0.0
IL1B,CDH5,0.0,0.0,0.0,0.0,0.0,0.0,0.0,0.0,0.0,0.0,0.0,0.0,0.0,0.0,0.0,0.0,0.0,0.0,0.0,1.1769354206706406,0.05936419167598165,0.039632143425910225,0.011562775286253612,0.10887473660845484,0.0,1.1847075765070163,0.06713634751235731,0.04740429926228588,0.019334931122629267,0.1166468924448305,0.0,0.0,0.0,0.0,0.0,0.0
ANGPT2,CDH5,0.0,0.0,0.0,0.0,0.0,0.0,0.0,1.6547624915838242,0.5371912625891653,0.5174592143390938,0.4893898461994372,0.5867018075216384,0.0,1.1944152415540088,0.07684401255934986,0.05711196430927843,0.02904259616962182,0.12635455749182306,0.0,1.190865610102448,0.07329438110778896,0.05356233285771754,0.02549296471806093,0.12280492604026216,0.0,0.0,0.0,0.0,0.0,0.0,0.0,1.2527862127338136,0.13521498373915478,0.11548293548908334,0.08741356734942674,0.18472552867162795
CXCL8,CDH5,0.0,0.0,0.0,0.0,0.0,0.0,0.0,0.0,0.0,0.0,0.0,0.0,0.0,1.1788221608791778,0.061250931884518904,0.04151888363444748,0.013449515494790868,0.1107614768169921,0.0,1.1839056817978268,0.06633445280316796,0.04660240455309654,0.018533036413439934,0.11584499773564116,0.0,1.2006845346145463,0.08311330561988733,0.0633812573698159,0.035311889230159293,0.13262385055236053,0.0,0.0,0.0,0.0,0.0,0.0
ADM,NOS1,0.0,0.0,0.0,0.0,0.0,0.0,0.0,0.0,0.0,0.0,0.0,0.0,0.0,0.0,0.0,0.0,0.0,0.0,0.0,0.0,0.0,0.0,0.0,0.0,0.0,0.0,0.0,0.0,0.0,0.0,0.0,0.0,0.0,0.0,0.0,0.0
IGF1,NOS1,0.0,0.0,0.0,0.0,0.0,0.0,0.0,0.0,0.0,0.0,0.0,0.0,0.0,0.0,0.0,0.0,0.0,0.0,0.0,0.0,0.0,0.0,0.0,0.0,0.0,0.0,0.0,0.0,0.0,0.0,0.0,0.0,0.0,0.0,0.0,0.0
