split_name	fold_id	row_id	role
low_prevalence_stress_split	tesla_all	CNV0_00235	train
low_prevalence_stress_split	tesla_all	CNV0_00327	train
low_prevalence_stress_split	tesla_all	CNV0_00244	train
low_prevalence_stress_split	tesla_all	CNV0_01149	train
low_prevalence_stress_split	tesla_all	CNV0_00274	train
low_prevalence_stress_split	tesla_all	CNV0_01295	train
low_prevalence_stress_split	tesla_all	CNV0_00547	train
low_prevalence_stress_split	tesla_all	CNV0_00939	train
low_prevalence_stress_split	tesla_all	CNV0_01242	train
low_prevalence_stress_split	tesla_all	CNV0_00721	train
low_prevalence_stress_split	tesla_all	CNV0_00376	train
low_prevalence_stress_split	tesla_all	CNV0_00228	train
low_prevalence_stress_split	tesla_all	CNV0_01154	train
low_prevalence_stress_split	tesla_all	CNV0_00671	train
low_prevalence_stress_split	tesla_all	CNV0_00013	train
low_prevalence_stress_split	tesla_all	CNV0_01151	train
low_prevalence_stress_split	tesla_all	CNV0_00225	train
low_prevalence_stress_split	tesla_all	CNV0_01057	train
low_prevalence_stress_split	tesla_all	CNV0_00448	train
low_prevalence_stress_split	tesla_all	CNV0_00982	train
low_prevalence_stress_split	tesla_all	CNV0_01404	train
low_prevalence_stress_split	tesla_all	CNV0_00743	train
low_prevalence_stress_split	tesla_all	CNV0_01114	train
low_prevalence_stress_split	tesla_all	CNV0_01350	train
low_prevalence_stress_split	tesla_all	CNV0_00367	train
low_prevalence_stress_split	tesla_all	CNV0_00558	train
low_prevalence_stress_split	tesla_all	CNV0_00757	train
low_prevalence_stress_split	tesla_all	CNV0_00121	train
low_prevalence_stress_split	tesla_all	CNV0_01359	train
low_prevalence_stress_split	tesla_all	CNV0_00207	train
low_prevalence_stress_split	tesla_all	CNV0_00629	train
low_prevalence_stress_split	tesla_all	CNV0_00800	train
low_prevalence_stress_split	tesla_all	CNV0_00601	train
low_prevalence_stress_split	tesla_all	CNV0_00402	train
low_prevalence_stress_split	tesla_all	CNV0_00389	train
low_prevalence_stress_split	tesla_all	CNV0_00890	train
low_prevalence_stress_split	tesla_all	CNV0_00936	train
low_prevalence_stress_split	tesla_all	CNV0_01214	train
low_prevalence_stress_split	tesla_all	CNV0_01420	train
low_prevalence_stress_split	tesla_all	CNV0_00572	train
low_prevalence_stress_split	tesla_all	CNV0_00860	train
low_prevalence_stress_split	tesla_all	CNV0_00377	train
low_prevalence_stress_split	tesla_all	CNV0_00658	train
low_prevalence_stress_split	tesla_all	CNV0_00523	train
low_prevalence_stress_split	tesla_all	CNV0_00962	train
low_prevalence_stress_split	tesla_all	CNV0_00056	train
low_prevalence_stress_split	tesla_all	CNV0_01348	train
low_prevalence_stress_split	tesla_all	CNV0_00987	train
low_prevalence_stress_split	tesla_all	CNV0_01405	train
low_prevalence_stress_split	tesla_all	CNV0_00900	train
low_prevalence_stress_split	tesla_all	CNV0_01153	train
low_prevalence_stress_split	tesla_all	CNV0_00886	train
low_prevalence_stress_split	tesla_all	CNV0_01387	train
low_prevalence_stress_split	tesla_all	CNV0_00573	train
low_prevalence_stress_split	tesla_all	CNV0_00341	train
low_prevalence_stress_split	tesla_all	CNV0_00474	train
low_prevalence_stress_split	tesla_all	CNV0_00631	train
low_prevalence_stress_split	tesla_all	CNV0_00627	train
low_prevalence_stress_split	tesla_all	CNV0_00678	train
low_prevalence_stress_split	tesla_all	CNV0_01073	train
low_prevalence_stress_split	tesla_all	CNV0_01037	train
low_prevalence_stress_split	tesla_all	CNV0_01139	train
low_prevalence_stress_split	tesla_all	CNV0_00061	train
low_prevalence_stress_split	tesla_all	CNV0_01044	train
low_prevalence_stress_split	tesla_all	CNV0_01356	train
low_prevalence_stress_split	tesla_all	CNV0_00206	train
low_prevalence_stress_split	tesla_all	CNV0_00419	train
low_prevalence_stress_split	tesla_all	CNV0_00861	train
low_prevalence_stress_split	tesla_all	CNV0_01313	train
low_prevalence_stress_split	tesla_all	CNV0_00286	train
low_prevalence_stress_split	tesla_all	CNV0_01059	train
low_prevalence_stress_split	tesla_all	CNV0_00037	train
low_prevalence_stress_split	tesla_all	CNV0_01133	train
low_prevalence_stress_split	tesla_all	CNV0_00677	train
low_prevalence_stress_split	tesla_all	CNV0_00864	train
low_prevalence_stress_split	tesla_all	CNV0_01235	train
low_prevalence_stress_split	tesla_all	CNV0_00248	train
low_prevalence_stress_split	tesla_all	CNV0_00431	train
low_prevalence_stress_split	tesla_all	CNV0_00798	train
low_prevalence_stress_split	tesla_all	CNV0_01148	train
low_prevalence_stress_split	tesla_all	CNV0_00396	train
low_prevalence_stress_split	tesla_all	CNV0_00755	train
low_prevalence_stress_split	tesla_all	CNV0_00025	train
low_prevalence_stress_split	tesla_all	CNV0_01123	train
low_prevalence_stress_split	tesla_all	CNV0_01115	train
low_prevalence_stress_split	tesla_all	CNV0_00078	train
low_prevalence_stress_split	tesla_all	CNV0_00346	train
low_prevalence_stress_split	tesla_all	CNV0_00797	train
low_prevalence_stress_split	tesla_all	CNV0_01270	train
low_prevalence_stress_split	tesla_all	CNV0_00804	train
low_prevalence_stress_split	tesla_all	CNV0_00810	train
low_prevalence_stress_split	tesla_all	CNV0_01322	train
low_prevalence_stress_split	tesla_all	CNV0_00554	train
low_prevalence_stress_split	tesla_all	CNV0_00273	train
low_prevalence_stress_split	tesla_all	CNV0_00076	train
low_prevalence_stress_split	tesla_all	CNV0_01308	train
low_prevalence_stress_split	tesla_all	CNV0_00426	train
low_prevalence_stress_split	tesla_all	CNV0_00336	train
low_prevalence_stress_split	tesla_all	CNV0_00499	train
low_prevalence_stress_split	tesla_all	CNV0_01360	train
low_prevalence_stress_split	tesla_all	CNV0_00557	train
low_prevalence_stress_split	tesla_all	CNV0_00645	train
low_prevalence_stress_split	tesla_all	CNV0_00512	train
low_prevalence_stress_split	tesla_all	CNV0_01289	train
low_prevalence_stress_split	tesla_all	CNV0_01478	train
low_prevalence_stress_split	tesla_all	CNV0_00911	train
low_prevalence_stress_split	tesla_all	CNV0_00586	train
low_prevalence_stress_split	tesla_all	CNV0_00201	train
low_prevalence_stress_split	tesla_all	CNV0_01104	train
low_prevalence_stress_split	tesla_all	CNV0_01160	train
low_prevalence_stress_split	tesla_all	CNV0_00892	train
low_prevalence_stress_split	tesla_all	CNV0_00014	train
low_prevalence_stress_split	tesla_all	CNV0_01408	train
low_prevalence_stress_split	tesla_all	CNV0_00284	train
low_prevalence_stress_split	tesla_all	CNV0_00831	train
low_prevalence_stress_split	tesla_all	CNV0_00608	train
low_prevalence_stress_split	tesla_all	CNV0_00725	train
low_prevalence_stress_split	tesla_all	CNV0_01364	train
low_prevalence_stress_split	tesla_all	CNV0_00948	train
low_prevalence_stress_split	tesla_all	CNV0_00893	train
low_prevalence_stress_split	tesla_all	CNV0_00298	train
low_prevalence_stress_split	tesla_all	CNV0_01180	train
low_prevalence_stress_split	tesla_all	CNV0_01354	train
low_prevalence_stress_split	tesla_all	CNV0_00670	train
low_prevalence_stress_split	tesla_all	CNV0_00643	train
low_prevalence_stress_split	tesla_all	CNV0_00423	train
low_prevalence_stress_split	tesla_all	CNV0_00478	train
low_prevalence_stress_split	tesla_all	CNV0_01450	train
low_prevalence_stress_split	tesla_all	CNV0_00218	train
low_prevalence_stress_split	tesla_all	CNV0_00569	train
low_prevalence_stress_split	tesla_all	CNV0_01475	train
low_prevalence_stress_split	tesla_all	CNV0_00404	train
low_prevalence_stress_split	tesla_all	CNV0_00782	train
low_prevalence_stress_split	tesla_all	CNV0_00867	train
low_prevalence_stress_split	tesla_all	CNV0_00687	train
low_prevalence_stress_split	tesla_all	CNV0_00344	train
low_prevalence_stress_split	tesla_all	CNV0_00421	train
low_prevalence_stress_split	tesla_all	CNV0_00532	train
low_prevalence_stress_split	tesla_all	CNV0_00102	train
low_prevalence_stress_split	tesla_all	CNV0_00560	train
low_prevalence_stress_split	tesla_all	CNV0_00773	train
low_prevalence_stress_split	tesla_all	CNV0_00898	train
low_prevalence_stress_split	tesla_all	CNV0_00365	train
low_prevalence_stress_split	tesla_all	CNV0_01143	train
low_prevalence_stress_split	tesla_all	CNV0_01430	train
low_prevalence_stress_split	tesla_all	CNV0_00811	train
low_prevalence_stress_split	tesla_all	CNV0_01415	train
low_prevalence_stress_split	tesla_all	CNV0_00351	train
low_prevalence_stress_split	tesla_all	CNV0_00466	train
low_prevalence_stress_split	tesla_all	CNV0_01236	train
low_prevalence_stress_split	tesla_all	CNV0_00880	train
low_prevalence_stress_split	tesla_all	CNV0_01345	train
low_prevalence_stress_split	tesla_all	CNV0_00844	train
low_prevalence_stress_split	tesla_all	CNV0_00356	train
low_prevalence_stress_split	tesla_all	CNV0_00178	train
low_prevalence_stress_split	tesla_all	CNV0_00837	train
low_prevalence_stress_split	tesla_all	CNV0_00792	train
low_prevalence_stress_split	tesla_all	CNV0_00054	train
low_prevalence_stress_split	tesla_all	CNV0_01015	train
low_prevalence_stress_split	tesla_all	CNV0_00610	train
low_prevalence_stress_split	tesla_all	CNV0_00060	train
low_prevalence_stress_split	tesla_all	CNV0_00604	train
low_prevalence_stress_split	tesla_all	CNV0_00457	train
low_prevalence_stress_split	tesla_all	CNV0_01198	train
low_prevalence_stress_split	tesla_all	CNV0_00330	train
low_prevalence_stress_split	tesla_all	CNV0_00899	train
low_prevalence_stress_split	tesla_all	CNV0_00979	train
low_prevalence_stress_split	tesla_all	CNV0_00623	train
low_prevalence_stress_split	tesla_all	CNV0_00825	train
low_prevalence_stress_split	tesla_all	CNV0_01256	train
low_prevalence_stress_split	tesla_all	CNV0_01147	train
low_prevalence_stress_split	tesla_all	CNV0_01382	train
low_prevalence_stress_split	tesla_all	CNV0_00504	train
low_prevalence_stress_split	tesla_all	CNV0_01299	train
low_prevalence_stress_split	tesla_all	CNV0_00708	train
low_prevalence_stress_split	tesla_all	CNV0_00989	train
low_prevalence_stress_split	tesla_all	CNV0_00963	train
low_prevalence_stress_split	tesla_all	CNV0_01302	train
low_prevalence_stress_split	tesla_all	CNV0_00956	train
low_prevalence_stress_split	tesla_all	CNV0_00467	train
low_prevalence_stress_split	tesla_all	CNV0_00111	train
low_prevalence_stress_split	tesla_all	CNV0_00720	train
low_prevalence_stress_split	tesla_all	CNV0_00170	train
low_prevalence_stress_split	tesla_all	CNV0_00280	train
low_prevalence_stress_split	tesla_all	CNV0_01068	train
low_prevalence_stress_split	tesla_all	CNV0_00128	train
low_prevalence_stress_split	tesla_all	CNV0_00059	train
low_prevalence_stress_split	tesla_all	CNV0_01119	train
low_prevalence_stress_split	tesla_all	CNV0_00069	train
low_prevalence_stress_split	tesla_all	CNV0_01028	train
low_prevalence_stress_split	tesla_all	CNV0_00322	train
low_prevalence_stress_split	tesla_all	CNV0_01209	train
low_prevalence_stress_split	tesla_all	CNV0_00615	train
low_prevalence_stress_split	tesla_all	CNV0_00058	train
low_prevalence_stress_split	tesla_all	CNV0_00501	train
low_prevalence_stress_split	tesla_all	CNV0_01116	train
low_prevalence_stress_split	tesla_all	CNV0_00463	train
low_prevalence_stress_split	tesla_all	CNV0_00850	train
low_prevalence_stress_split	tesla_all	CNV0_00793	train
low_prevalence_stress_split	tesla_all	CNV0_00642	train
low_prevalence_stress_split	tesla_all	CNV0_01373	train
low_prevalence_stress_split	tesla_all	CNV0_00966	train
low_prevalence_stress_split	tesla_all	CNV0_01297	train
low_prevalence_stress_split	tesla_all	CNV0_01280	train
low_prevalence_stress_split	tesla_all	CNV0_00293	train
low_prevalence_stress_split	tesla_all	CNV0_00582	train
low_prevalence_stress_split	tesla_all	CNV0_00693	train
low_prevalence_stress_split	tesla_all	CNV0_01278	train
low_prevalence_stress_split	tesla_all	CNV0_00227	train
low_prevalence_stress_split	tesla_all	CNV0_01362	train
low_prevalence_stress_split	tesla_all	CNV0_00449	train
low_prevalence_stress_split	tesla_all	CNV0_00282	train
low_prevalence_stress_split	tesla_all	CNV0_00233	train
low_prevalence_stress_split	tesla_all	CNV0_01301	train
low_prevalence_stress_split	tesla_all	CNV0_00032	train
low_prevalence_stress_split	tesla_all	CNV0_00472	train
low_prevalence_stress_split	tesla_all	CNV0_00763	train
low_prevalence_stress_split	tesla_all	CNV0_01065	train
low_prevalence_stress_split	tesla_all	CNV0_01378	train
low_prevalence_stress_split	tesla_all	CNV0_00865	train
low_prevalence_stress_split	tesla_all	CNV0_00399	train
low_prevalence_stress_split	tesla_all	CNV0_00255	train
low_prevalence_stress_split	tesla_all	CNV0_01176	train
low_prevalence_stress_split	tesla_all	CNV0_01392	train
low_prevalence_stress_split	tesla_all	CNV0_00682	train
low_prevalence_stress_split	tesla_all	CNV0_01386	train
low_prevalence_stress_split	tesla_all	CNV0_00368	train
low_prevalence_stress_split	tesla_all	CNV0_00209	train
low_prevalence_stress_split	tesla_all	CNV0_00332	train
low_prevalence_stress_split	tesla_all	CNV0_01442	train
low_prevalence_stress_split	tesla_all	CNV0_01091	train
low_prevalence_stress_split	tesla_all	CNV0_00540	train
low_prevalence_stress_split	tesla_all	CNV0_00363	train
low_prevalence_stress_split	tesla_all	CNV0_00820	train
low_prevalence_stress_split	tesla_all	CNV0_00305	train
low_prevalence_stress_split	tesla_all	CNV0_00210	train
low_prevalence_stress_split	tesla_all	CNV0_00224	train
low_prevalence_stress_split	tesla_all	CNV0_00502	train
low_prevalence_stress_split	tesla_all	CNV0_01432	train
low_prevalence_stress_split	tesla_all	CNV0_00646	train
low_prevalence_stress_split	tesla_all	CNV0_00888	train
low_prevalence_stress_split	tesla_all	CNV0_00946	train
low_prevalence_stress_split	tesla_all	CNV0_00288	train
low_prevalence_stress_split	tesla_all	CNV0_00903	train
low_prevalence_stress_split	tesla_all	CNV0_00534	train
low_prevalence_stress_split	tesla_all	CNV0_01325	train
low_prevalence_stress_split	tesla_all	CNV0_01290	train
low_prevalence_stress_split	tesla_all	CNV0_00162	train
low_prevalence_stress_split	tesla_all	CNV0_01188	train
low_prevalence_stress_split	tesla_all	CNV0_00723	train
low_prevalence_stress_split	tesla_all	CNV0_00904	train
low_prevalence_stress_split	tesla_all	CNV0_00246	train
low_prevalence_stress_split	tesla_all	CNV0_00021	train
low_prevalence_stress_split	tesla_all	CNV0_00566	train
low_prevalence_stress_split	tesla_all	CNV0_01349	train
low_prevalence_stress_split	tesla_all	CNV0_00325	train
low_prevalence_stress_split	tesla_all	CNV0_00420	train
low_prevalence_stress_split	tesla_all	CNV0_00211	train
low_prevalence_stress_split	tesla_all	CNV0_01369	train
low_prevalence_stress_split	tesla_all	CNV0_00807	train
low_prevalence_stress_split	tesla_all	CNV0_01367	train
low_prevalence_stress_split	tesla_all	CNV0_00694	train
low_prevalence_stress_split	tesla_all	CNV0_00236	train
low_prevalence_stress_split	tesla_all	CNV0_00352	train
low_prevalence_stress_split	tesla_all	CNV0_00706	train
low_prevalence_stress_split	tesla_all	CNV0_00289	train
low_prevalence_stress_split	tesla_all	CNV0_00145	train
low_prevalence_stress_split	tesla_all	CNV0_00184	train
low_prevalence_stress_split	tesla_all	CNV0_00595	train
low_prevalence_stress_split	tesla_all	CNV0_00026	train
low_prevalence_stress_split	tesla_all	CNV0_01146	train
low_prevalence_stress_split	tesla_all	CNV0_00163	train
low_prevalence_stress_split	tesla_all	CNV0_00927	train
low_prevalence_stress_split	tesla_all	CNV0_00173	train
low_prevalence_stress_split	tesla_all	CNV0_01178	train
low_prevalence_stress_split	tesla_all	CNV0_00685	train
low_prevalence_stress_split	tesla_all	CNV0_01203	train
low_prevalence_stress_split	tesla_all	CNV0_00194	train
low_prevalence_stress_split	tesla_all	CNV0_00991	train
low_prevalence_stress_split	tesla_all	CNV0_00719	train
low_prevalence_stress_split	tesla_all	CNV0_00660	train
low_prevalence_stress_split	tesla_all	CNV0_00259	train
low_prevalence_stress_split	tesla_all	CNV0_00774	train
low_prevalence_stress_split	tesla_all	CNV0_00217	train
low_prevalence_stress_split	tesla_all	CNV0_00992	train
low_prevalence_stress_split	tesla_all	CNV0_00197	train
low_prevalence_stress_split	tesla_all	CNV0_00866	train
low_prevalence_stress_split	tesla_all	CNV0_01086	train
low_prevalence_stress_split	tesla_all	CNV0_01391	train
low_prevalence_stress_split	tesla_all	CNV0_00113	train
low_prevalence_stress_split	tesla_all	CNV0_00369	train
low_prevalence_stress_split	tesla_all	CNV0_00484	train
low_prevalence_stress_split	tesla_all	CNV0_01061	train
low_prevalence_stress_split	tesla_all	CNV0_01451	train
low_prevalence_stress_split	tesla_all	CNV0_01079	train
low_prevalence_stress_split	tesla_all	CNV0_01212	train
low_prevalence_stress_split	tesla_all	CNV0_00260	train
low_prevalence_stress_split	tesla_all	CNV0_00176	train
low_prevalence_stress_split	tesla_all	CNV0_01040	train
low_prevalence_stress_split	tesla_all	CNV0_00454	train
low_prevalence_stress_split	tesla_all	CNV0_01112	train
low_prevalence_stress_split	tesla_all	CNV0_01165	train
low_prevalence_stress_split	tesla_all	CNV0_01355	train
low_prevalence_stress_split	tesla_all	CNV0_00123	train
low_prevalence_stress_split	tesla_all	CNV0_00920	train
low_prevalence_stress_split	tesla_all	CNV0_00577	train
low_prevalence_stress_split	tesla_all	CNV0_01471	train
low_prevalence_stress_split	tesla_all	CNV0_01066	train
low_prevalence_stress_split	tesla_all	CNV0_00436	train
low_prevalence_stress_split	tesla_all	CNV0_01077	train
low_prevalence_stress_split	tesla_all	CNV0_00063	train
low_prevalence_stress_split	tesla_all	CNV0_00613	train
low_prevalence_stress_split	tesla_all	CNV0_01047	train
low_prevalence_stress_split	tesla_all	CNV0_00143	train
low_prevalence_stress_split	tesla_all	CNV0_00373	train
low_prevalence_stress_split	tesla_all	CNV0_01075	train
low_prevalence_stress_split	tesla_all	CNV0_00975	train
low_prevalence_stress_split	tesla_all	CNV0_01293	train
low_prevalence_stress_split	tesla_all	CNV0_00395	train
low_prevalence_stress_split	tesla_all	CNV0_00597	train
low_prevalence_stress_split	tesla_all	CNV0_00465	train
low_prevalence_stress_split	tesla_all	CNV0_01157	train
low_prevalence_stress_split	tesla_all	CNV0_00576	train
low_prevalence_stress_split	tesla_all	CNV0_00556	train
low_prevalence_stress_split	tesla_all	CNV0_01239	train
low_prevalence_stress_split	tesla_all	CNV0_00100	train
low_prevalence_stress_split	tesla_all	CNV0_00315	train
low_prevalence_stress_split	tesla_all	CNV0_00094	train
low_prevalence_stress_split	tesla_all	CNV0_01181	train
low_prevalence_stress_split	tesla_all	CNV0_01026	train
low_prevalence_stress_split	tesla_all	CNV0_00073	train
low_prevalence_stress_split	tesla_all	CNV0_00967	train
low_prevalence_stress_split	tesla_all	CNV0_01092	train
low_prevalence_stress_split	tesla_all	CNV0_00840	train
low_prevalence_stress_split	tesla_all	CNV0_01309	train
low_prevalence_stress_split	tesla_all	CNV0_00477	train
low_prevalence_stress_split	tesla_all	CNV0_01334	train
low_prevalence_stress_split	tesla_all	CNV0_00181	train
low_prevalence_stress_split	tesla_all	CNV0_00704	train
low_prevalence_stress_split	tesla_all	CNV0_00728	train
low_prevalence_stress_split	tesla_all	CNV0_01265	train
low_prevalence_stress_split	tesla_all	CNV0_01279	train
low_prevalence_stress_split	tesla_all	CNV0_00443	train
low_prevalence_stress_split	tesla_all	CNV0_01246	train
low_prevalence_stress_split	tesla_all	CNV0_00044	train
low_prevalence_stress_split	tesla_all	CNV0_00067	train
low_prevalence_stress_split	tesla_all	CNV0_01366	train
low_prevalence_stress_split	tesla_all	CNV0_00945	train
low_prevalence_stress_split	tesla_all	CNV0_01053	train
low_prevalence_stress_split	tesla_all	CNV0_01441	train
low_prevalence_stress_split	tesla_all	CNV0_00953	train
low_prevalence_stress_split	tesla_all	CNV0_00052	train
low_prevalence_stress_split	tesla_all	CNV0_00545	train
low_prevalence_stress_split	tesla_all	CNV0_00000	train
low_prevalence_stress_split	tesla_all	CNV0_00310	train
low_prevalence_stress_split	tesla_all	CNV0_00688	train
low_prevalence_stress_split	tesla_all	CNV0_01440	train
low_prevalence_stress_split	tesla_all	CNV0_00578	train
low_prevalence_stress_split	tesla_all	CNV0_00164	train
low_prevalence_stress_split	tesla_all	CNV0_01095	train
low_prevalence_stress_split	tesla_all	CNV0_01238	train
low_prevalence_stress_split	tesla_all	CNV0_00634	train
low_prevalence_stress_split	tesla_all	CNV0_00082	train
low_prevalence_stress_split	tesla_all	CNV0_00219	train
low_prevalence_stress_split	tesla_all	CNV0_01217	train
low_prevalence_stress_split	tesla_all	CNV0_01332	train
low_prevalence_stress_split	tesla_all	CNV0_01339	train
low_prevalence_stress_split	tesla_all	CNV0_00833	train
low_prevalence_stress_split	tesla_all	CNV0_00485	train
low_prevalence_stress_split	tesla_all	CNV0_00096	train
low_prevalence_stress_split	tesla_all	CNV0_00446	train
low_prevalence_stress_split	tesla_all	CNV0_00976	train
low_prevalence_stress_split	tesla_all	CNV0_00461	train
low_prevalence_stress_split	tesla_all	CNV0_00917	train
low_prevalence_stress_split	tesla_all	CNV0_00625	train
low_prevalence_stress_split	tesla_all	CNV0_01171	train
low_prevalence_stress_split	tesla_all	CNV0_00731	train
low_prevalence_stress_split	tesla_all	CNV0_00383	train
low_prevalence_stress_split	tesla_all	CNV0_00947	train
low_prevalence_stress_split	tesla_all	CNV0_00614	train
low_prevalence_stress_split	tesla_all	CNV0_01213	train
low_prevalence_stress_split	tesla_all	CNV0_00696	train
low_prevalence_stress_split	tesla_all	CNV0_00321	train
low_prevalence_stress_split	tesla_all	CNV0_01476	train
low_prevalence_stress_split	tesla_all	CNV0_01468	train
low_prevalence_stress_split	tesla_all	CNV0_01101	train
low_prevalence_stress_split	tesla_all	CNV0_01447	train
low_prevalence_stress_split	tesla_all	CNV0_00324	train
low_prevalence_stress_split	tesla_all	CNV0_00735	train
low_prevalence_stress_split	tesla_all	CNV0_00776	train
low_prevalence_stress_split	tesla_all	CNV0_00303	train
low_prevalence_stress_split	tesla_all	CNV0_00427	train
low_prevalence_stress_split	tesla_all	CNV0_00004	train
low_prevalence_stress_split	tesla_all	CNV0_00266	train
low_prevalence_stress_split	tesla_all	CNV0_00722	train
low_prevalence_stress_split	tesla_all	CNV0_00473	train
low_prevalence_stress_split	tesla_all	CNV0_00701	train
low_prevalence_stress_split	tesla_all	CNV0_00453	train
low_prevalence_stress_split	tesla_all	CNV0_00316	train
low_prevalence_stress_split	tesla_all	CNV0_00387	train
low_prevalence_stress_split	tesla_all	CNV0_01007	train
low_prevalence_stress_split	tesla_all	CNV0_01245	train
low_prevalence_stress_split	tesla_all	CNV0_00208	train
low_prevalence_stress_split	tesla_all	CNV0_00621	train
low_prevalence_stress_split	tesla_all	CNV0_00362	train
low_prevalence_stress_split	tesla_all	CNV0_01336	train
low_prevalence_stress_split	tesla_all	CNV0_00267	train
low_prevalence_stress_split	tesla_all	CNV0_01423	train
low_prevalence_stress_split	tesla_all	CNV0_00301	train
low_prevalence_stress_split	tesla_all	CNV0_00985	train
low_prevalence_stress_split	tesla_all	CNV0_00958	train
low_prevalence_stress_split	tesla_all	CNV0_00759	train
low_prevalence_stress_split	tesla_all	CNV0_00169	train
low_prevalence_stress_split	tesla_all	CNV0_00148	train
low_prevalence_stress_split	tesla_all	CNV0_00139	train
low_prevalence_stress_split	tesla_all	CNV0_00916	train
low_prevalence_stress_split	tesla_all	CNV0_01307	train
low_prevalence_stress_split	tesla_all	CNV0_00241	train
low_prevalence_stress_split	tesla_all	CNV0_00359	train
low_prevalence_stress_split	tesla_all	CNV0_00881	train
low_prevalence_stress_split	tesla_all	CNV0_01218	train
low_prevalence_stress_split	tesla_all	CNV0_00005	train
low_prevalence_stress_split	tesla_all	CNV0_00906	train
low_prevalence_stress_split	tesla_all	CNV0_00216	train
low_prevalence_stress_split	tesla_all	CNV0_01140	train
low_prevalence_stress_split	tesla_all	CNV0_01155	train
low_prevalence_stress_split	tesla_all	CNV0_00287	train
low_prevalence_stress_split	tesla_all	CNV0_01456	train
low_prevalence_stress_split	tesla_all	CNV0_00563	train
low_prevalence_stress_split	tesla_all	CNV0_01221	train
low_prevalence_stress_split	tesla_all	CNV0_00882	train
low_prevalence_stress_split	tesla_all	CNV0_00008	train
low_prevalence_stress_split	tesla_all	CNV0_00969	train
low_prevalence_stress_split	tesla_all	CNV0_00912	train
low_prevalence_stress_split	tesla_all	CNV0_00662	train
low_prevalence_stress_split	tesla_all	CNV0_00277	train
low_prevalence_stress_split	tesla_all	CNV0_01291	train
low_prevalence_stress_split	tesla_all	CNV0_00075	train
low_prevalence_stress_split	tesla_all	CNV0_01376	train
low_prevalence_stress_split	tesla_all	CNV0_01105	train
low_prevalence_stress_split	tesla_all	CNV0_00250	train
low_prevalence_stress_split	tesla_all	CNV0_00142	train
low_prevalence_stress_split	tesla_all	CNV0_00607	train
low_prevalence_stress_split	tesla_all	CNV0_01467	train
low_prevalence_stress_split	tesla_all	CNV0_01183	train
low_prevalence_stress_split	tesla_all	CNV0_00697	train
low_prevalence_stress_split	tesla_all	CNV0_00803	train
low_prevalence_stress_split	tesla_all	CNV0_00649	train
low_prevalence_stress_split	tesla_all	CNV0_01087	train
low_prevalence_stress_split	tesla_all	CNV0_01234	train
low_prevalence_stress_split	tesla_all	CNV0_00249	train
low_prevalence_stress_split	tesla_all	CNV0_01267	train
low_prevalence_stress_split	tesla_all	CNV0_00374	train
low_prevalence_stress_split	tesla_all	CNV0_00479	train
low_prevalence_stress_split	tesla_all	CNV0_00767	train
low_prevalence_stress_split	tesla_all	CNV0_00813	train
low_prevalence_stress_split	tesla_all	CNV0_00361	train
low_prevalence_stress_split	tesla_all	CNV0_01014	train
low_prevalence_stress_split	tesla_all	CNV0_01102	train
low_prevalence_stress_split	tesla_all	CNV0_01473	train
low_prevalence_stress_split	tesla_all	CNV0_00546	train
low_prevalence_stress_split	tesla_all	CNV0_00312	train
low_prevalence_stress_split	tesla_all	CNV0_00171	train
low_prevalence_stress_split	tesla_all	CNV0_00381	train
low_prevalence_stress_split	tesla_all	CNV0_01393	train
low_prevalence_stress_split	tesla_all	CNV0_01394	train
low_prevalence_stress_split	tesla_all	CNV0_00261	train
low_prevalence_stress_split	tesla_all	CNV0_00883	train
low_prevalence_stress_split	tesla_all	CNV0_01193	train
low_prevalence_stress_split	tesla_all	CNV0_00221	train
low_prevalence_stress_split	tesla_all	CNV0_00086	train
low_prevalence_stress_split	tesla_all	CNV0_01002	train
low_prevalence_stress_split	tesla_all	CNV0_01141	train
low_prevalence_stress_split	tesla_all	CNV0_00160	train
low_prevalence_stress_split	tesla_all	CNV0_01341	train
low_prevalence_stress_split	tesla_all	CNV0_01435	train
low_prevalence_stress_split	tesla_all	CNV0_01305	train
low_prevalence_stress_split	tesla_all	CNV0_01126	train
low_prevalence_stress_split	tesla_all	CNV0_00514	train
low_prevalence_stress_split	tesla_all	CNV0_00943	train
low_prevalence_stress_split	tesla_all	CNV0_00760	train
low_prevalence_stress_split	tesla_all	CNV0_00790	train
low_prevalence_stress_split	tesla_all	CNV0_00343	train
low_prevalence_stress_split	tesla_all	CNV0_01196	train
low_prevalence_stress_split	tesla_all	CNV0_01175	train
low_prevalence_stress_split	tesla_all	CNV0_00491	train
low_prevalence_stress_split	tesla_all	CNV0_00252	train
low_prevalence_stress_split	tesla_all	CNV0_01108	train
low_prevalence_stress_split	tesla_all	CNV0_00138	train
low_prevalence_stress_split	tesla_all	CNV0_00105	train
low_prevalence_stress_split	tesla_all	CNV0_00384	train
low_prevalence_stress_split	tesla_all	CNV0_00814	train
low_prevalence_stress_split	tesla_all	CNV0_00605	train
low_prevalence_stress_split	tesla_all	CNV0_00871	train
low_prevalence_stress_split	tesla_all	CNV0_01216	train
low_prevalence_stress_split	tesla_all	CNV0_00647	train
low_prevalence_stress_split	tesla_all	CNV0_00923	train
low_prevalence_stress_split	tesla_all	CNV0_00007	train
low_prevalence_stress_split	tesla_all	CNV0_00349	train
low_prevalence_stress_split	tesla_all	CNV0_01031	train
low_prevalence_stress_split	tesla_all	CNV0_00459	train
low_prevalence_stress_split	tesla_all	CNV0_00380	train
low_prevalence_stress_split	tesla_all	CNV0_01220	train
low_prevalence_stress_split	tesla_all	CNV0_00149	train
low_prevalence_stress_split	tesla_all	CNV0_00571	train
low_prevalence_stress_split	tesla_all	CNV0_00884	train
low_prevalence_stress_split	tesla_all	CNV0_00418	train
low_prevalence_stress_split	tesla_all	CNV0_00358	train
low_prevalence_stress_split	tesla_all	CNV0_01222	train
low_prevalence_stress_split	tesla_all	CNV0_01407	train
low_prevalence_stress_split	tesla_all	CNV0_00101	train
low_prevalence_stress_split	tesla_all	CNV0_00487	train
low_prevalence_stress_split	tesla_all	CNV0_00517	train
low_prevalence_stress_split	tesla_all	CNV0_01048	train
low_prevalence_stress_split	tesla_all	CNV0_00666	train
low_prevalence_stress_split	tesla_all	CNV0_01328	train
low_prevalence_stress_split	tesla_all	CNV0_00657	train
low_prevalence_stress_split	tesla_all	CNV0_01184	train
low_prevalence_stress_split	tesla_all	CNV0_00029	train
low_prevalence_stress_split	tesla_all	CNV0_01286	train
low_prevalence_stress_split	tesla_all	CNV0_00140	train
low_prevalence_stress_split	tesla_all	CNV0_00177	train
low_prevalence_stress_split	tesla_all	CNV0_01231	train
low_prevalence_stress_split	tesla_all	CNV0_00836	train
low_prevalence_stress_split	tesla_all	CNV0_00683	train
low_prevalence_stress_split	tesla_all	CNV0_01312	train
low_prevalence_stress_split	tesla_all	CNV0_01426	train
low_prevalence_stress_split	tesla_all	CNV0_00188	train
low_prevalence_stress_split	tesla_all	CNV0_00231	train
low_prevalence_stress_split	tesla_all	CNV0_00345	train
low_prevalence_stress_split	tesla_all	CNV0_01273	train
low_prevalence_stress_split	tesla_all	CNV0_01158	train
low_prevalence_stress_split	tesla_all	CNV0_00874	train
low_prevalence_stress_split	tesla_all	CNV0_00905	train
low_prevalence_stress_split	tesla_all	CNV0_01459	train
low_prevalence_stress_split	tesla_all	CNV0_00297	train
low_prevalence_stress_split	tesla_all	CNV0_00398	train
low_prevalence_stress_split	tesla_all	CNV0_01436	train
low_prevalence_stress_split	tesla_all	CNV0_00083	train
low_prevalence_stress_split	tesla_all	CNV0_00961	train
low_prevalence_stress_split	tesla_all	CNV0_01138	train
low_prevalence_stress_split	tesla_all	CNV0_00319	train
low_prevalence_stress_split	tesla_all	CNV0_00180	train
low_prevalence_stress_split	tesla_all	CNV0_00085	train
low_prevalence_stress_split	tesla_all	CNV0_01368	train
low_prevalence_stress_split	tesla_all	CNV0_00034	train
low_prevalence_stress_split	tesla_all	CNV0_01049	train
low_prevalence_stress_split	tesla_all	CNV0_01122	train
low_prevalence_stress_split	tesla_all	CNV0_00718	train
low_prevalence_stress_split	tesla_all	CNV0_00146	train
low_prevalence_stress_split	tesla_all	CNV0_00527	train
low_prevalence_stress_split	tesla_all	CNV0_00681	train
low_prevalence_stress_split	tesla_all	CNV0_01142	train
low_prevalence_stress_split	tesla_all	CNV0_00481	train
low_prevalence_stress_split	tesla_all	CNV0_00617	train
low_prevalence_stress_split	tesla_all	CNV0_00198	train
low_prevalence_stress_split	tesla_all	CNV0_01250	train
low_prevalence_stress_split	tesla_all	CNV0_00968	train
low_prevalence_stress_split	tesla_all	CNV0_00271	train
low_prevalence_stress_split	tesla_all	CNV0_00422	train
low_prevalence_stress_split	tesla_all	CNV0_00849	train
low_prevalence_stress_split	tesla_all	CNV0_00118	train
low_prevalence_stress_split	tesla_all	CNV0_00117	train
low_prevalence_stress_split	tesla_all	CNV0_00012	train
low_prevalence_stress_split	tesla_all	CNV0_00172	train
low_prevalence_stress_split	tesla_all	CNV0_00452	train
low_prevalence_stress_split	tesla_all	CNV0_00659	train
low_prevalence_stress_split	tesla_all	CNV0_00296	train
low_prevalence_stress_split	tesla_all	CNV0_00769	train
low_prevalence_stress_split	tesla_all	CNV0_00664	train
low_prevalence_stress_split	tesla_all	CNV0_00842	train
low_prevalence_stress_split	tesla_all	CNV0_00240	train
low_prevalence_stress_split	tesla_all	CNV0_00366	train
low_prevalence_stress_split	tesla_all	CNV0_00196	train
low_prevalence_stress_split	tesla_all	CNV0_00040	train
low_prevalence_stress_split	tesla_all	CNV0_00354	train
low_prevalence_stress_split	tesla_all	CNV0_01080	train
low_prevalence_stress_split	tesla_all	CNV0_00122	train
low_prevalence_stress_split	tesla_all	CNV0_00313	train
low_prevalence_stress_split	tesla_all	CNV0_01329	train
low_prevalence_stress_split	tesla_all	CNV0_01318	train
low_prevalence_stress_split	tesla_all	CNV0_00133	train
low_prevalence_stress_split	tesla_all	CNV0_00553	train
low_prevalence_stress_split	tesla_all	CNV0_00276	train
low_prevalence_stress_split	tesla_all	CNV0_00011	train
low_prevalence_stress_split	tesla_all	CNV0_01255	train
low_prevalence_stress_split	tesla_all	CNV0_01338	train
low_prevalence_stress_split	tesla_all	CNV0_01058	train
low_prevalence_stress_split	tesla_all	CNV0_01137	train
low_prevalence_stress_split	tesla_all	CNV0_01444	train
low_prevalence_stress_split	tesla_all	CNV0_00590	train
low_prevalence_stress_split	tesla_all	CNV0_00110	train
low_prevalence_stress_split	tesla_all	CNV0_00329	train
low_prevalence_stress_split	tesla_all	CNV0_01437	train
low_prevalence_stress_split	tesla_all	CNV0_00933	train
low_prevalence_stress_split	tesla_all	CNV0_00730	train
low_prevalence_stress_split	tesla_all	CNV0_00692	train
low_prevalence_stress_split	tesla_all	CNV0_01173	train
low_prevalence_stress_split	tesla_all	CNV0_00746	train
low_prevalence_stress_split	tesla_all	CNV0_00740	train
low_prevalence_stress_split	tesla_all	CNV0_00090	train
low_prevalence_stress_split	tesla_all	CNV0_00291	train
low_prevalence_stress_split	tesla_all	CNV0_00488	train
low_prevalence_stress_split	tesla_all	CNV0_01125	train
low_prevalence_stress_split	tesla_all	CNV0_00265	train
low_prevalence_stress_split	tesla_all	CNV0_00505	train
low_prevalence_stress_split	tesla_all	CNV0_01098	train
low_prevalence_stress_split	tesla_all	CNV0_01159	train
low_prevalence_stress_split	tesla_all	CNV0_00756	train
low_prevalence_stress_split	tesla_all	CNV0_00003	train
low_prevalence_stress_split	tesla_all	CNV0_01429	train
low_prevalence_stress_split	tesla_all	CNV0_00165	train
low_prevalence_stress_split	tesla_all	CNV0_01179	train
low_prevalence_stress_split	tesla_all	CNV0_01284	train
low_prevalence_stress_split	tesla_all	CNV0_01230	train
low_prevalence_stress_split	tesla_all	CNV0_00124	train
low_prevalence_stress_split	tesla_all	CNV0_00046	train
low_prevalence_stress_split	tesla_all	CNV0_00081	train
low_prevalence_stress_split	tesla_all	CNV0_00409	train
low_prevalence_stress_split	tesla_all	CNV0_00570	train
low_prevalence_stress_split	tesla_all	CNV0_00020	train
low_prevalence_stress_split	tesla_all	CNV0_01260	train
low_prevalence_stress_split	tesla_all	CNV0_00047	train
low_prevalence_stress_split	tesla_all	CNV0_01331	train
low_prevalence_stress_split	tesla_all	CNV0_00676	train
low_prevalence_stress_split	tesla_all	CNV0_01036	train
low_prevalence_stress_split	tesla_all	CNV0_01233	train
low_prevalence_stress_split	tesla_all	CNV0_00340	train
low_prevalence_stress_split	tesla_all	CNV0_01093	train
low_prevalence_stress_split	tesla_all	CNV0_01317	train
low_prevalence_stress_split	tesla_all	CNV0_00748	train
low_prevalence_stress_split	tesla_all	CNV0_01232	train
low_prevalence_stress_split	tesla_all	CNV0_00887	train
low_prevalence_stress_split	tesla_all	CNV0_01416	train
low_prevalence_stress_split	tesla_all	CNV0_00794	train
low_prevalence_stress_split	tesla_all	CNV0_00095	train
low_prevalence_stress_split	tesla_all	CNV0_01330	train
low_prevalence_stress_split	tesla_all	CNV0_01398	train
low_prevalence_stress_split	tesla_all	CNV0_00744	train
low_prevalence_stress_split	tesla_all	CNV0_01464	train
low_prevalence_stress_split	tesla_all	CNV0_01194	train
low_prevalence_stress_split	tesla_all	CNV0_00045	train
low_prevalence_stress_split	tesla_all	CNV0_00333	train
low_prevalence_stress_split	tesla_all	CNV0_01469	train
low_prevalence_stress_split	tesla_all	CNV0_00986	train
low_prevalence_stress_split	tesla_all	CNV0_01199	train
low_prevalence_stress_split	tesla_all	CNV0_00907	train
low_prevalence_stress_split	tesla_all	CNV0_00827	train
low_prevalence_stress_split	tesla_all	CNV0_00394	train
low_prevalence_stress_split	tesla_all	CNV0_00638	train
low_prevalence_stress_split	tesla_all	CNV0_00901	train
low_prevalence_stress_split	tesla_all	CNV0_01272	train
low_prevalence_stress_split	tesla_all	CNV0_00202	train
low_prevalence_stress_split	tesla_all	CNV0_01399	train
low_prevalence_stress_split	tesla_all	CNV0_01223	train
low_prevalence_stress_split	tesla_all	CNV0_01078	train
low_prevalence_stress_split	tesla_all	CNV0_00051	train
low_prevalence_stress_split	tesla_all	CNV0_01106	train
low_prevalence_stress_split	tesla_all	CNV0_00434	train
low_prevalence_stress_split	tesla_all	CNV0_00462	train
low_prevalence_stress_split	tesla_all	CNV0_00726	train
low_prevalence_stress_split	tesla_all	CNV0_00364	train
low_prevalence_stress_split	tesla_all	CNV0_00754	train
low_prevalence_stress_split	tesla_all	CNV0_01352	train
low_prevalence_stress_split	tesla_all	CNV0_01252	train
low_prevalence_stress_split	tesla_all	CNV0_00079	train
low_prevalence_stress_split	tesla_all	CNV0_01337	train
low_prevalence_stress_split	tesla_all	CNV0_01084	train
low_prevalence_stress_split	tesla_all	CNV0_00971	train
low_prevalence_stress_split	tesla_all	CNV0_01045	train
low_prevalence_stress_split	tesla_all	CNV0_00109	train
low_prevalence_stress_split	tesla_all	CNV0_01411	train
low_prevalence_stress_split	tesla_all	CNV0_00203	train
low_prevalence_stress_split	tesla_all	CNV0_00263	train
low_prevalence_stress_split	tesla_all	CNV0_01419	train
low_prevalence_stress_split	tesla_all	CNV0_00038	train
low_prevalence_stress_split	tesla_all	CNV0_00852	train
low_prevalence_stress_split	tesla_all	CNV0_00673	train
low_prevalence_stress_split	tesla_all	CNV0_00598	train
low_prevalence_stress_split	tesla_all	CNV0_01470	train
low_prevalence_stress_split	tesla_all	CNV0_01050	train
low_prevalence_stress_split	tesla_all	CNV0_00559	train
low_prevalence_stress_split	tesla_all	CNV0_00489	train
low_prevalence_stress_split	tesla_all	CNV0_01243	train
low_prevalence_stress_split	tesla_all	CNV0_00091	train
low_prevalence_stress_split	tesla_all	CNV0_01089	train
low_prevalence_stress_split	tesla_all	CNV0_01380	train
low_prevalence_stress_split	tesla_all	CNV0_00846	train
low_prevalence_stress_split	tesla_all	CNV0_00808	train
low_prevalence_stress_split	tesla_all	CNV0_01375	train
low_prevalence_stress_split	tesla_all	CNV0_00665	train
low_prevalence_stress_split	tesla_all	CNV0_00050	train
low_prevalence_stress_split	tesla_all	CNV0_00764	train
low_prevalence_stress_split	tesla_all	CNV0_01454	train
low_prevalence_stress_split	tesla_all	CNV0_00734	train
low_prevalence_stress_split	tesla_all	CNV0_00915	train
low_prevalence_stress_split	tesla_all	CNV0_00158	train
low_prevalence_stress_split	tesla_all	CNV0_01371	train
low_prevalence_stress_split	tesla_all	CNV0_01477	train
low_prevalence_stress_split	tesla_all	CNV0_00819	train
low_prevalence_stress_split	tesla_all	CNV0_01152	train
low_prevalence_stress_split	tesla_all	CNV0_00338	train
low_prevalence_stress_split	tesla_all	CNV0_00450	train
low_prevalence_stress_split	tesla_all	CNV0_00552	train
low_prevalence_stress_split	tesla_all	CNV0_00500	train
low_prevalence_stress_split	tesla_all	CNV0_00053	train
low_prevalence_stress_split	tesla_all	CNV0_01174	train
low_prevalence_stress_split	tesla_all	CNV0_00868	train
low_prevalence_stress_split	tesla_all	CNV0_00624	train
low_prevalence_stress_split	tesla_all	CNV0_00919	train
low_prevalence_stress_split	tesla_all	CNV0_01397	train
low_prevalence_stress_split	tesla_all	CNV0_00129	train
low_prevalence_stress_split	tesla_all	CNV0_00510	train
low_prevalence_stress_split	tesla_all	CNV0_00680	train
low_prevalence_stress_split	tesla_all	CNV0_01131	train
low_prevalence_stress_split	tesla_all	CNV0_01118	train
low_prevalence_stress_split	tesla_all	CNV0_01253	train
low_prevalence_stress_split	tesla_all	CNV0_00335	train
low_prevalence_stress_split	tesla_all	CNV0_00632	train
low_prevalence_stress_split	tesla_all	CNV0_00879	train
low_prevalence_stress_split	tesla_all	CNV0_01226	train
low_prevalence_stress_split	tesla_all	CNV0_01410	train
low_prevalence_stress_split	tesla_all	CNV0_00715	train
low_prevalence_stress_split	tesla_all	CNV0_00001	train
low_prevalence_stress_split	tesla_all	CNV0_00549	train
low_prevalence_stress_split	tesla_all	CNV0_00445	train
low_prevalence_stress_split	tesla_all	CNV0_00873	train
low_prevalence_stress_split	tesla_all	CNV0_00299	train
low_prevalence_stress_split	tesla_all	CNV0_00483	train
low_prevalence_stress_split	tesla_all	CNV0_01453	train
low_prevalence_stress_split	tesla_all	CNV0_00518	train
low_prevalence_stress_split	tesla_all	CNV0_00998	train
low_prevalence_stress_split	tesla_all	CNV0_00889	train
low_prevalence_stress_split	tesla_all	CNV0_00762	train
low_prevalence_stress_split	tesla_all	CNV0_00766	train
low_prevalence_stress_split	tesla_all	CNV0_01100	train
low_prevalence_stress_split	tesla_all	CNV0_00155	train
low_prevalence_stress_split	tesla_all	CNV0_01461	train
low_prevalence_stress_split	tesla_all	CNV0_00498	train
low_prevalence_stress_split	tesla_all	CNV0_00190	train
low_prevalence_stress_split	tesla_all	CNV0_00161	train
low_prevalence_stress_split	tesla_all	CNV0_00072	train
low_prevalence_stress_split	tesla_all	CNV0_00699	train
low_prevalence_stress_split	tesla_all	CNV0_00594	train
low_prevalence_stress_split	tesla_all	CNV0_00931	train
low_prevalence_stress_split	tesla_all	CNV0_00270	train
low_prevalence_stress_split	tesla_all	CNV0_01396	train
low_prevalence_stress_split	tesla_all	CNV0_00716	train
low_prevalence_stress_split	tesla_all	CNV0_00535	train
low_prevalence_stress_split	tesla_all	CNV0_00134	train
low_prevalence_stress_split	tesla_all	CNV0_00925	train
low_prevalence_stress_split	tesla_all	CNV0_00990	train
low_prevalence_stress_split	tesla_all	CNV0_00152	train
low_prevalence_stress_split	tesla_all	CNV0_00714	train
low_prevalence_stress_split	tesla_all	CNV0_00561	train
low_prevalence_stress_split	tesla_all	CNV0_00753	train
low_prevalence_stress_split	tesla_all	CNV0_00397	train
low_prevalence_stress_split	tesla_all	CNV0_01182	train
low_prevalence_stress_split	tesla_all	CNV0_01412	train
low_prevalence_stress_split	tesla_all	CNV0_00441	train
low_prevalence_stress_split	tesla_all	CNV0_01460	train
low_prevalence_stress_split	tesla_all	CNV0_00675	train
low_prevalence_stress_split	tesla_all	CNV0_00593	train
low_prevalence_stress_split	tesla_all	CNV0_01384	train
low_prevalence_stress_split	tesla_all	CNV0_00130	train
low_prevalence_stress_split	tesla_all	CNV0_00727	train
low_prevalence_stress_split	tesla_all	CNV0_00080	train
low_prevalence_stress_split	tesla_all	CNV0_01319	train
low_prevalence_stress_split	tesla_all	CNV0_00043	train
low_prevalence_stress_split	tesla_all	CNV0_00428	train
low_prevalence_stress_split	tesla_all	CNV0_01264	train
low_prevalence_stress_split	tesla_all	CNV0_00650	train
low_prevalence_stress_split	tesla_all	CNV0_00189	train
low_prevalence_stress_split	tesla_all	CNV0_01347	train
low_prevalence_stress_split	tesla_all	CNV0_01261	train
low_prevalence_stress_split	tesla_all	CNV0_00009	train
low_prevalence_stress_split	tesla_all	CNV0_00922	train
low_prevalence_stress_split	tesla_all	CNV0_00729	train
low_prevalence_stress_split	tesla_all	CNV0_00788	train
low_prevalence_stress_split	tesla_all	CNV0_00575	train
low_prevalence_stress_split	tesla_all	CNV0_00567	train
low_prevalence_stress_split	tesla_all	CNV0_00311	train
low_prevalence_stress_split	tesla_all	CNV0_00637	train
low_prevalence_stress_split	tesla_all	CNV0_00295	train
low_prevalence_stress_split	tesla_all	CNV0_00583	train
low_prevalence_stress_split	tesla_all	CNV0_00154	train
low_prevalence_stress_split	tesla_all	CNV0_01162	train
low_prevalence_stress_split	tesla_all	CNV0_01422	train
low_prevalence_stress_split	tesla_all	CNV0_00644	train
low_prevalence_stress_split	tesla_all	CNV0_00983	train
low_prevalence_stress_split	tesla_all	CNV0_00960	train
low_prevalence_stress_split	tesla_all	CNV0_01448	train
low_prevalence_stress_split	tesla_all	CNV0_00093	train
low_prevalence_stress_split	tesla_all	CNV0_00988	train
low_prevalence_stress_split	tesla_all	CNV0_00391	train
low_prevalence_stress_split	tesla_all	CNV0_00471	train
low_prevalence_stress_split	tesla_all	CNV0_00562	train
low_prevalence_stress_split	tesla_all	CNV0_01206	train
low_prevalence_stress_split	tesla_all	CNV0_00585	train
low_prevalence_stress_split	tesla_all	CNV0_00758	train
low_prevalence_stress_split	tesla_all	CNV0_00863	train
low_prevalence_stress_split	tesla_all	CNV0_00949	train
low_prevalence_stress_split	tesla_all	CNV0_01320	train
low_prevalence_stress_split	tesla_all	CNV0_00786	train
low_prevalence_stress_split	tesla_all	CNV0_01333	train
low_prevalence_stress_split	tesla_all	CNV0_01421	train
low_prevalence_stress_split	tesla_all	CNV0_00736	train
low_prevalence_stress_split	tesla_all	CNV0_01127	train
low_prevalence_stress_split	tesla_all	CNV0_00717	train
low_prevalence_stress_split	tesla_all	CNV0_01107	train
low_prevalence_stress_split	tesla_all	CNV0_00416	train
low_prevalence_stress_split	tesla_all	CNV0_01099	train
low_prevalence_stress_split	tesla_all	CNV0_01298	train
low_prevalence_stress_split	tesla_all	CNV0_01390	train
low_prevalence_stress_split	tesla_all	CNV0_01197	train
low_prevalence_stress_split	tesla_all	CNV0_00447	train
low_prevalence_stress_split	tesla_all	CNV0_00458	train
low_prevalence_stress_split	tesla_all	CNV0_00339	train
low_prevalence_stress_split	tesla_all	CNV0_00653	train
low_prevalence_stress_split	tesla_all	CNV0_00747	train
low_prevalence_stress_split	tesla_all	CNV0_00430	train
low_prevalence_stress_split	tesla_all	CNV0_01406	train
low_prevalence_stress_split	tesla_all	CNV0_00821	train
low_prevalence_stress_split	tesla_all	CNV0_01342	train
low_prevalence_stress_split	tesla_all	CNV0_01038	train
low_prevalence_stress_split	tesla_all	CNV0_00055	train
low_prevalence_stress_split	tesla_all	CNV0_01074	train
low_prevalence_stress_split	tesla_all	CNV0_01083	train
low_prevalence_stress_split	tesla_all	CNV0_00272	train
low_prevalence_stress_split	tesla_all	CNV0_00317	train
low_prevalence_stress_split	tesla_all	CNV0_00077	train
low_prevalence_stress_split	tesla_all	CNV0_01434	train
low_prevalence_stress_split	tesla_all	CNV0_00385	train
low_prevalence_stress_split	tesla_all	CNV0_01200	train
low_prevalence_stress_split	tesla_all	CNV0_00749	train
low_prevalence_stress_split	tesla_all	CNV0_00529	train
low_prevalence_stress_split	tesla_all	CNV0_00167	train
low_prevalence_stress_split	tesla_all	CNV0_00278	train
low_prevalence_stress_split	tesla_all	CNV0_01129	train
low_prevalence_stress_split	tesla_all	CNV0_01285	train
low_prevalence_stress_split	tesla_all	CNV0_01385	train
low_prevalence_stress_split	tesla_all	CNV0_00536	train
low_prevalence_stress_split	tesla_all	CNV0_00596	train
low_prevalence_stress_split	tesla_all	CNV0_00106	train
low_prevalence_stress_split	tesla_all	CNV0_00195	train
low_prevalence_stress_split	tesla_all	CNV0_01110	train
low_prevalence_stress_split	tesla_all	CNV0_00186	train
low_prevalence_stress_split	tesla_all	CNV0_00742	train
low_prevalence_stress_split	tesla_all	CNV0_00872	train
low_prevalence_stress_split	tesla_all	CNV0_00036	train
low_prevalence_stress_split	tesla_all	CNV0_00689	train
low_prevalence_stress_split	tesla_all	CNV0_01316	train
low_prevalence_stress_split	tesla_all	CNV0_00042	train
low_prevalence_stress_split	tesla_all	CNV0_00245	train
low_prevalence_stress_split	tesla_all	CNV0_01381	train
low_prevalence_stress_split	tesla_all	CNV0_01346	train
low_prevalence_stress_split	tesla_all	CNV0_01130	train
low_prevalence_stress_split	tesla_all	CNV0_00789	train
low_prevalence_stress_split	tesla_all	CNV0_00775	train
low_prevalence_stress_split	tesla_all	CNV0_01205	train
low_prevalence_stress_split	tesla_all	CNV0_00940	train
low_prevalence_stress_split	tesla_all	CNV0_00812	train
low_prevalence_stress_split	tesla_all	CNV0_00432	train
low_prevalence_stress_split	tesla_all	CNV0_00656	train
low_prevalence_stress_split	tesla_all	CNV0_00257	train
low_prevalence_stress_split	tesla_all	CNV0_01190	train
low_prevalence_stress_split	tesla_all	CNV0_01283	train
low_prevalence_stress_split	tesla_all	CNV0_00470	train
low_prevalence_stress_split	tesla_all	CNV0_00581	train
low_prevalence_stress_split	tesla_all	CNV0_01109	train
low_prevalence_stress_split	tesla_all	CNV0_00902	train
low_prevalence_stress_split	tesla_all	CNV0_01124	train
low_prevalence_stress_split	tesla_all	CNV0_01247	train
low_prevalence_stress_split	tesla_all	CNV0_00027	train
low_prevalence_stress_split	tesla_all	CNV0_01043	train
low_prevalence_stress_split	tesla_all	CNV0_01296	train
low_prevalence_stress_split	tesla_all	CNV0_00785	train
low_prevalence_stress_split	tesla_all	CNV0_00930	train
low_prevalence_stress_split	tesla_all	CNV0_00834	train
low_prevalence_stress_split	tesla_all	CNV0_00247	train
low_prevalence_stress_split	tesla_all	CNV0_00309	train
low_prevalence_stress_split	tesla_all	CNV0_01000	train
low_prevalence_stress_split	tesla_all	CNV0_00331	train
low_prevalence_stress_split	tesla_all	CNV0_00097	train
low_prevalence_stress_split	tesla_all	CNV0_00752	train
low_prevalence_stress_split	tesla_all	CNV0_00406	train
low_prevalence_stress_split	tesla_all	CNV0_00166	train
low_prevalence_stress_split	tesla_all	CNV0_00156	train
low_prevalence_stress_split	tesla_all	CNV0_00089	train
low_prevalence_stress_split	tesla_all	CNV0_00705	train
low_prevalence_stress_split	tesla_all	CNV0_00667	train
low_prevalence_stress_split	tesla_all	CNV0_00845	train
low_prevalence_stress_split	tesla_all	CNV0_00824	train
low_prevalence_stress_split	tesla_all	CNV0_01117	train
low_prevalence_stress_split	tesla_all	CNV0_01215	train
low_prevalence_stress_split	tesla_all	CNV0_00674	train
low_prevalence_stress_split	tesla_all	CNV0_01257	train
low_prevalence_stress_split	tesla_all	CNV0_01276	train
low_prevalence_stress_split	tesla_all	CNV0_00885	train
low_prevalence_stress_split	tesla_all	CNV0_00205	train
low_prevalence_stress_split	tesla_all	CNV0_00213	train
low_prevalence_stress_split	tesla_all	CNV0_00223	train
low_prevalence_stress_split	tesla_all	CNV0_01249	train
low_prevalence_stress_split	tesla_all	CNV0_00539	train
low_prevalence_stress_split	tesla_all	CNV0_00750	train
low_prevalence_stress_split	tesla_all	CNV0_01170	train
low_prevalence_stress_split	tesla_all	CNV0_00390	train
low_prevalence_stress_split	tesla_all	CNV0_00591	train
low_prevalence_stress_split	tesla_all	CNV0_01351	train
low_prevalence_stress_split	tesla_all	CNV0_01208	train
low_prevalence_stress_split	tesla_all	CNV0_01248	train
low_prevalence_stress_split	tesla_all	CNV0_00226	train
low_prevalence_stress_split	tesla_all	CNV0_00711	train
low_prevalence_stress_split	tesla_all	CNV0_00862	train
low_prevalence_stress_split	tesla_all	CNV0_01287	train
low_prevalence_stress_split	tesla_all	CNV0_00425	train
low_prevalence_stress_split	tesla_all	CNV0_00531	train
low_prevalence_stress_split	tesla_all	CNV0_00691	train
low_prevalence_stress_split	tesla_all	CNV0_01374	train
low_prevalence_stress_split	tesla_all	CNV0_00524	train
low_prevalence_stress_split	tesla_all	CNV0_00877	train
low_prevalence_stress_split	tesla_all	CNV0_00200	train
low_prevalence_stress_split	tesla_all	CNV0_01377	train
low_prevalence_stress_split	tesla_all	CNV0_00023	train
low_prevalence_stress_split	tesla_all	CNV0_00635	train
low_prevalence_stress_split	tesla_all	CNV0_00157	train
low_prevalence_stress_split	tesla_all	CNV0_00587	train
low_prevalence_stress_split	tesla_all	CNV0_01340	train
low_prevalence_stress_split	tesla_all	CNV0_00997	train
low_prevalence_stress_split	tesla_all	CNV0_00016	train
low_prevalence_stress_split	tesla_all	CNV0_00522	train
low_prevalence_stress_split	tesla_all	CNV0_00964	train
low_prevalence_stress_split	tesla_all	CNV0_01035	train
low_prevalence_stress_split	tesla_all	CNV0_00464	train
low_prevalence_stress_split	tesla_all	CNV0_01128	train
low_prevalence_stress_split	tesla_all	CNV0_00347	train
low_prevalence_stress_split	tesla_all	CNV0_00934	train
low_prevalence_stress_split	tesla_all	CNV0_00440	train
low_prevalence_stress_split	tesla_all	CNV0_00486	train
low_prevalence_stress_split	tesla_all	CNV0_00781	train
low_prevalence_stress_split	tesla_all	CNV0_01166	train
low_prevalence_stress_split	tesla_all	CNV0_01120	train
low_prevalence_stress_split	tesla_all	CNV0_00787	train
low_prevalence_stress_split	tesla_all	CNV0_01358	train
low_prevalence_stress_split	tesla_all	CNV0_00924	train
low_prevalence_stress_split	tesla_all	CNV0_00897	train
low_prevalence_stress_split	tesla_all	CNV0_00626	train
low_prevalence_stress_split	tesla_all	CNV0_00062	train
low_prevalence_stress_split	tesla_all	CNV0_00870	train
low_prevalence_stress_split	tesla_all	CNV0_00307	train
low_prevalence_stress_split	tesla_all	CNV0_00822	train
low_prevalence_stress_split	tesla_all	CNV0_00768	train
low_prevalence_stress_split	tesla_all	CNV0_00791	train
low_prevalence_stress_split	tesla_all	CNV0_01414	train
low_prevalence_stress_split	tesla_all	CNV0_00214	train
low_prevalence_stress_split	tesla_all	CNV0_00765	train
low_prevalence_stress_split	tesla_all	CNV0_00703	train
low_prevalence_stress_split	tesla_all	CNV0_01052	train
low_prevalence_stress_split	tesla_all	CNV0_01032	train
low_prevalence_stress_split	tesla_all	CNV0_00606	train
low_prevalence_stress_split	tesla_all	CNV0_00707	train
low_prevalence_stress_split	tesla_all	CNV0_00476	train
low_prevalence_stress_split	tesla_all	CNV0_01027	train
low_prevalence_stress_split	tesla_all	CNV0_00778	train
low_prevalence_stress_split	tesla_all	CNV0_00308	train
low_prevalence_stress_split	tesla_all	CNV0_01409	train
low_prevalence_stress_split	tesla_all	CNV0_00141	train
low_prevalence_stress_split	tesla_all	CNV0_00456	train
low_prevalence_stress_split	tesla_all	CNV0_00230	train
low_prevalence_stress_split	tesla_all	CNV0_01023	train
low_prevalence_stress_split	tesla_all	CNV0_00320	train
low_prevalence_stress_split	tesla_all	CNV0_00222	train
low_prevalence_stress_split	tesla_all	CNV0_00350	train
low_prevalence_stress_split	tesla_all	CNV0_01187	train
low_prevalence_stress_split	tesla_all	CNV0_00268	train
low_prevalence_stress_split	tesla_all	CNV0_00973	train
low_prevalence_stress_split	tesla_all	CNV0_01327	train
low_prevalence_stress_split	tesla_all	CNV0_00856	train
low_prevalence_stress_split	tesla_all	CNV0_00838	train
low_prevalence_stress_split	tesla_all	CNV0_01144	train
low_prevalence_stress_split	tesla_all	CNV0_00950	train
low_prevalence_stress_split	tesla_all	CNV0_00574	train
low_prevalence_stress_split	tesla_all	CNV0_00984	train
low_prevalence_stress_split	tesla_all	CNV0_00371	train
low_prevalence_stress_split	tesla_all	CNV0_00588	train
low_prevalence_stress_split	tesla_all	CNV0_00099	train
low_prevalence_stress_split	tesla_all	CNV0_01383	train
low_prevalence_stress_split	tesla_all	CNV0_01462	train
low_prevalence_stress_split	tesla_all	CNV0_00600	train
low_prevalence_stress_split	tesla_all	CNV0_01303	train
low_prevalence_stress_split	tesla_all	CNV0_00092	train
low_prevalence_stress_split	tesla_all	CNV0_00355	train
low_prevalence_stress_split	tesla_all	CNV0_00780	train
low_prevalence_stress_split	tesla_all	CNV0_01136	train
low_prevalence_stress_split	tesla_all	CNV0_00294	train
low_prevalence_stress_split	tesla_all	CNV0_00509	train
low_prevalence_stress_split	tesla_all	CNV0_01016	train
low_prevalence_stress_split	tesla_all	CNV0_00584	train
low_prevalence_stress_split	tesla_all	CNV0_00937	train
low_prevalence_stress_split	tesla_all	CNV0_01097	train
low_prevalence_stress_split	tesla_all	CNV0_01438	train
low_prevalence_stress_split	tesla_all	CNV0_00894	train
low_prevalence_stress_split	tesla_all	CNV0_00841	train
low_prevalence_stress_split	tesla_all	CNV0_00508	train
low_prevalence_stress_split	tesla_all	CNV0_00869	train
low_prevalence_stress_split	tesla_all	CNV0_01113	train
low_prevalence_stress_split	tesla_all	CNV0_01274	train
low_prevalence_stress_split	tesla_all	CNV0_01051	train
low_prevalence_stress_split	tesla_all	CNV0_00408	train
low_prevalence_stress_split	tesla_all	CNV0_00668	train
low_prevalence_stress_split	tesla_all	CNV0_00414	train
low_prevalence_stress_split	tesla_all	CNV0_00283	train
low_prevalence_stress_split	tesla_all	CNV0_01025	train
low_prevalence_stress_split	tesla_all	CNV0_00891	train
low_prevalence_stress_split	tesla_all	CNV0_01185	train
low_prevalence_stress_split	tesla_all	CNV0_00417	train
low_prevalence_stress_split	tesla_all	CNV0_00580	train
low_prevalence_stress_split	tesla_all	CNV0_01006	train
low_prevalence_stress_split	tesla_all	CNV0_00442	train
low_prevalence_stress_split	tesla_all	CNV0_01039	train
low_prevalence_stress_split	tesla_all	CNV0_00926	train
low_prevalence_stress_split	tesla_all	CNV0_00550	train
low_prevalence_stress_split	tesla_all	CNV0_00212	train
low_prevalence_stress_split	tesla_all	CNV0_00913	train
low_prevalence_stress_split	tesla_all	CNV0_00928	train
low_prevalence_stress_split	tesla_all	CNV0_00039	train
low_prevalence_stress_split	tesla_all	CNV0_01022	train
low_prevalence_stress_split	tesla_all	CNV0_01466	train
low_prevalence_stress_split	tesla_all	CNV0_01024	train
low_prevalence_stress_split	tesla_all	CNV0_01294	train
low_prevalence_stress_split	tesla_all	CNV0_01452	train
low_prevalence_stress_split	tesla_all	CNV0_00938	train
low_prevalence_stress_split	tesla_all	CNV0_00323	train
low_prevalence_stress_split	tesla_all	CNV0_00175	train
low_prevalence_stress_split	tesla_all	CNV0_01446	train
low_prevalence_stress_split	tesla_all	CNV0_00482	train
low_prevalence_stress_split	tesla_all	CNV0_00855	train
low_prevalence_stress_split	tesla_all	CNV0_00010	train
low_prevalence_stress_split	tesla_all	CNV0_01005	train
low_prevalence_stress_split	tesla_all	CNV0_01013	train
low_prevalence_stress_split	tesla_all	CNV0_01081	train
low_prevalence_stress_split	tesla_all	CNV0_01017	train
low_prevalence_stress_split	tesla_all	CNV0_00002	train
low_prevalence_stress_split	tesla_all	CNV0_00475	train
low_prevalence_stress_split	tesla_all	CNV0_00783	train
low_prevalence_stress_split	tesla_all	CNV0_00507	train
low_prevalence_stress_split	tesla_all	CNV0_00611	train
low_prevalence_stress_split	tesla_all	CNV0_01090	train
low_prevalence_stress_split	tesla_all	CNV0_01201	train
low_prevalence_stress_split	tesla_all	CNV0_01211	train
low_prevalence_stress_split	tesla_all	CNV0_00136	train
low_prevalence_stress_split	tesla_all	CNV0_00859	train
low_prevalence_stress_split	tesla_all	CNV0_01361	train
low_prevalence_stress_split	tesla_all	CNV0_00438	train
low_prevalence_stress_split	tesla_all	CNV0_00174	train
low_prevalence_stress_split	tesla_all	CNV0_00125	train
low_prevalence_stress_split	tesla_all	CNV0_00733	train
low_prevalence_stress_split	tesla_all	CNV0_00847	train
low_prevalence_stress_split	tesla_all	CNV0_01413	train
low_prevalence_stress_split	tesla_all	CNV0_00515	train
low_prevalence_stress_split	tesla_all	CNV0_00684	train
low_prevalence_stress_split	tesla_all	CNV0_00978	train
low_prevalence_stress_split	tesla_all	CNV0_00952	train
low_prevalence_stress_split	tesla_all	CNV0_01060	train
low_prevalence_stress_split	tesla_all	CNV0_00137	train
low_prevalence_stress_split	tesla_all	CNV0_00370	train
low_prevalence_stress_split	tesla_all	CNV0_00234	train
low_prevalence_stress_split	tesla_all	CNV0_00779	train
low_prevalence_stress_split	tesla_all	CNV0_01135	train
low_prevalence_stress_split	tesla_all	CNV0_00796	train
low_prevalence_stress_split	tesla_all	CNV0_00030	train
low_prevalence_stress_split	tesla_all	CNV0_01164	train
low_prevalence_stress_split	tesla_all	CNV0_01433	train
low_prevalence_stress_split	tesla_all	CNV0_01262	train
low_prevalence_stress_split	tesla_all	CNV0_00455	train
low_prevalence_stress_split	tesla_all	CNV0_00784	train
low_prevalence_stress_split	tesla_all	CNV0_01012	train
low_prevalence_stress_split	tesla_all	CNV0_00041	train
low_prevalence_stress_split	tesla_all	CNV0_00526	train
low_prevalence_stress_split	tesla_all	CNV0_00348	train
low_prevalence_stress_split	tesla_all	CNV0_01281	train
low_prevalence_stress_split	tesla_all	CNV0_00829	train
low_prevalence_stress_split	tesla_all	CNV0_01069	train
low_prevalence_stress_split	tesla_all	CNV0_01204	train
low_prevalence_stress_split	tesla_all	CNV0_00533	train
low_prevalence_stress_split	tesla_all	CNV0_01195	train
low_prevalence_stress_split	tesla_all	CNV0_00049	train
low_prevalence_stress_split	tesla_all	CNV0_00490	train
low_prevalence_stress_split	tesla_all	CNV0_00761	train
low_prevalence_stress_split	tesla_all	CNV0_01150	train
low_prevalence_stress_split	tesla_all	CNV0_00215	train
low_prevalence_stress_split	tesla_all	CNV0_00972	train
low_prevalence_stress_split	tesla_all	CNV0_00537	train
low_prevalence_stress_split	tesla_all	CNV0_00238	train
low_prevalence_stress_split	tesla_all	CNV0_00918	train
low_prevalence_stress_split	tesla_all	CNV0_01455	train
low_prevalence_stress_split	tesla_all	CNV0_00823	train
low_prevalence_stress_split	tesla_all	CNV0_01229	train
low_prevalence_stress_split	tesla_all	CNV0_00506	train
low_prevalence_stress_split	tesla_all	CNV0_00679	train
low_prevalence_stress_split	tesla_all	CNV0_00932	train
low_prevalence_stress_split	tesla_all	CNV0_00253	train
low_prevalence_stress_split	tesla_all	CNV0_00360	train
low_prevalence_stress_split	tesla_all	CNV0_00652	train
low_prevalence_stress_split	tesla_all	CNV0_00019	train
low_prevalence_stress_split	tesla_all	CNV0_00251	train
low_prevalence_stress_split	tesla_all	CNV0_01046	train
low_prevalence_stress_split	tesla_all	CNV0_01254	train
low_prevalence_stress_split	tesla_all	CNV0_00357	train
low_prevalence_stress_split	tesla_all	CNV0_00022	train
low_prevalence_stress_split	tesla_all	CNV0_01210	train
low_prevalence_stress_split	tesla_all	CNV0_01389	train
low_prevalence_stress_split	tesla_all	CNV0_01271	train
low_prevalence_stress_split	tesla_all	CNV0_01082	train
low_prevalence_stress_split	tesla_all	CNV0_00290	train
low_prevalence_stress_split	tesla_all	CNV0_00959	train
low_prevalence_stress_split	tesla_all	CNV0_00451	train
low_prevalence_stress_split	tesla_all	CNV0_01008	train
low_prevalence_stress_split	tesla_all	CNV0_00413	train
low_prevalence_stress_split	tesla_all	CNV0_01300	train
low_prevalence_stress_split	tesla_all	CNV0_01395	train
low_prevalence_stress_split	tesla_all	CNV0_00183	train
low_prevalence_stress_split	tesla_all	CNV0_00521	train
low_prevalence_stress_split	tesla_all	CNV0_00006	train
low_prevalence_stress_split	tesla_all	CNV0_01314	train
low_prevalence_stress_split	tesla_all	CNV0_00375	train
low_prevalence_stress_split	tesla_all	CNV0_00132	train
low_prevalence_stress_split	tesla_all	CNV0_01186	train
low_prevalence_stress_split	tesla_all	CNV0_00104	train
low_prevalence_stress_split	tesla_all	CNV0_00951	train
low_prevalence_stress_split	tesla_all	CNV0_00337	train
low_prevalence_stress_split	tesla_all	CNV0_00306	train
low_prevalence_stress_split	tesla_all	CNV0_01323	train
low_prevalence_stress_split	tesla_all	CNV0_01001	train
low_prevalence_stress_split	tesla_all	CNV0_00636	train
low_prevalence_stress_split	tesla_all	CNV0_00187	train
low_prevalence_stress_split	tesla_all	CNV0_01021	train
low_prevalence_stress_split	tesla_all	CNV0_00031	train
low_prevalence_stress_split	tesla_all	CNV0_00640	train
low_prevalence_stress_split	tesla_all	CNV0_01042	train
low_prevalence_stress_split	tesla_all	CNV0_00712	train
low_prevalence_stress_split	tesla_all	CNV0_00619	train
low_prevalence_stress_split	tesla_all	CNV0_00942	train
low_prevalence_stress_split	tesla_all	CNV0_01449	train
low_prevalence_stress_split	tesla_all	CNV0_01268	train
low_prevalence_stress_split	tesla_all	CNV0_00168	train
low_prevalence_stress_split	tesla_all	CNV0_00407	train
low_prevalence_stress_split	tesla_all	CNV0_00492	train
low_prevalence_stress_split	tesla_all	CNV0_01240	train
low_prevalence_stress_split	tesla_all	CNV0_01064	train
low_prevalence_stress_split	tesla_all	CNV0_00993	train
low_prevalence_stress_split	tesla_all	CNV0_01288	train
low_prevalence_stress_split	tesla_all	CNV0_01425	train
low_prevalence_stress_split	tesla_all	CNV0_00127	train
low_prevalence_stress_split	tesla_all	CNV0_01169	train
low_prevalence_stress_split	tesla_all	CNV0_00914	train
low_prevalence_stress_split	tesla_all	CNV0_01207	train
low_prevalence_stress_split	tesla_all	CNV0_00024	train
low_prevalence_stress_split	tesla_all	CNV0_00651	train
low_prevalence_stress_split	tesla_all	CNV0_00353	train
low_prevalence_stress_split	tesla_all	CNV0_00412	train
low_prevalence_stress_split	tesla_all	CNV0_01379	train
low_prevalence_stress_split	tesla_all	CNV0_00802	train
low_prevalence_stress_split	tesla_all	CNV0_00382	train
low_prevalence_stress_split	tesla_all	CNV0_01445	train
low_prevalence_stress_split	tesla_all	CNV0_00805	train
low_prevalence_stress_split	tesla_all	CNV0_01321	train
low_prevalence_stress_split	tesla_all	CNV0_00116	train
low_prevalence_stress_split	tesla_all	CNV0_00185	train
low_prevalence_stress_split	tesla_all	CNV0_00853	train
low_prevalence_stress_split	tesla_all	CNV0_01277	train
low_prevalence_stress_split	tesla_all	CNV0_00326	train
low_prevalence_stress_split	tesla_all	CNV0_00541	train
low_prevalence_stress_split	tesla_all	CNV0_01266	train
low_prevalence_stress_split	tesla_all	CNV0_00835	train
low_prevalence_stress_split	tesla_all	CNV0_01011	train
low_prevalence_stress_split	tesla_all	CNV0_00957	train
low_prevalence_stress_split	tesla_all	CNV0_01227	train
low_prevalence_stress_split	tesla_all	CNV0_00220	train
low_prevalence_stress_split	tesla_all	CNV0_00410	train
low_prevalence_stress_split	tesla_all	CNV0_00858	train
low_prevalence_stress_split	tesla_all	CNV0_00520	train
low_prevalence_stress_split	tesla_all	CNV0_01424	train
low_prevalence_stress_split	tesla_all	CNV0_00103	train
low_prevalence_stress_split	tesla_all	CNV0_00269	train
low_prevalence_stress_split	tesla_all	CNV0_01269	train
low_prevalence_stress_split	tesla_all	CNV0_00292	train
low_prevalence_stress_split	tesla_all	CNV0_01244	train
low_prevalence_stress_split	tesla_all	CNV0_00639	train
low_prevalence_stress_split	tesla_all	CNV0_00544	train
low_prevalence_stress_split	tesla_all	CNV0_00977	train
low_prevalence_stress_split	tesla_all	CNV0_00342	train
low_prevalence_stress_split	tesla_all	CNV0_00648	train
low_prevalence_stress_split	tesla_all	CNV0_00809	train
low_prevalence_stress_split	tesla_all	CNV0_01418	train
low_prevalence_stress_split	tesla_all	CNV0_00285	train
low_prevalence_stress_split	tesla_all	CNV0_00300	train
low_prevalence_stress_split	tesla_all	CNV0_01056	train
low_prevalence_stress_split	tesla_all	CNV0_00386	train
low_prevalence_stress_split	tesla_all	CNV0_00622	train
low_prevalence_stress_split	tesla_all	CNV0_01172	train
low_prevalence_stress_split	tesla_all	CNV0_01177	train
low_prevalence_stress_split	tesla_all	CNV0_00655	train
low_prevalence_stress_split	tesla_all	CNV0_00098	train
low_prevalence_stress_split	tesla_all	CNV0_00403	train
low_prevalence_stress_split	tesla_all	CNV0_00159	train
low_prevalence_stress_split	tesla_all	CNV0_00710	train
low_prevalence_stress_split	tesla_all	CNV0_01237	train
low_prevalence_stress_split	tesla_all	CNV0_01401	train
low_prevalence_stress_split	tesla_all	CNV0_01145	train
low_prevalence_stress_split	tesla_all	CNV0_00243	train
low_prevalence_stress_split	tesla_all	CNV0_01004	train
low_prevalence_stress_split	tesla_all	CNV0_00839	train
low_prevalence_stress_split	tesla_all	CNV0_00935	train
low_prevalence_stress_split	tesla_all	CNV0_00193	train
low_prevalence_stress_split	tesla_all	CNV0_00204	train
low_prevalence_stress_split	tesla_all	CNV0_01241	train
low_prevalence_stress_split	tesla_all	CNV0_00579	train
low_prevalence_stress_split	tesla_all	CNV0_00048	train
low_prevalence_stress_split	tesla_all	CNV0_00066	train
low_prevalence_stress_split	tesla_all	CNV0_00686	train
low_prevalence_stress_split	tesla_all	CNV0_01417	train
low_prevalence_stress_split	tesla_all	CNV0_01163	train
low_prevalence_stress_split	tesla_all	CNV0_00738	train
low_prevalence_stress_split	tesla_all	CNV0_00435	train
low_prevalence_stress_split	tesla_all	CNV0_00826	train
low_prevalence_stress_split	tesla_all	CNV0_00087	train
low_prevalence_stress_split	tesla_all	CNV0_01372	train
low_prevalence_stress_split	tesla_all	CNV0_00745	train
low_prevalence_stress_split	tesla_all	CNV0_00264	train
low_prevalence_stress_split	tesla_all	CNV0_00999	train
low_prevalence_stress_split	tesla_all	CNV0_00551	train
low_prevalence_stress_split	tesla_all	CNV0_01263	train
low_prevalence_stress_split	tesla_all	CNV0_00334	train
low_prevalence_stress_split	tesla_all	CNV0_01465	train
low_prevalence_stress_split	tesla_all	CNV0_01353	train
low_prevalence_stress_split	tesla_all	CNV0_00672	train
low_prevalence_stress_split	tesla_all	CNV0_00119	train
low_prevalence_stress_split	tesla_all	CNV0_00182	train
low_prevalence_stress_split	tesla_all	CNV0_01472	train
low_prevalence_stress_split	tesla_all	CNV0_00618	train
low_prevalence_stress_split	tesla_all	CNV0_01030	train
low_prevalence_stress_split	tesla_all	CNV0_01070	train
low_prevalence_stress_split	tesla_all	CNV0_01335	train
low_prevalence_stress_split	tesla_all	CNV0_00070	train
low_prevalence_stress_split	tesla_all	CNV0_00372	train
low_prevalence_stress_split	tesla_all	CNV0_01018	train
low_prevalence_stress_split	tesla_all	CNV0_00493	train
low_prevalence_stress_split	tesla_all	CNV0_01463	train
low_prevalence_stress_split	tesla_all	CNV0_00663	train
low_prevalence_stress_split	tesla_all	CNV0_00771	train
low_prevalence_stress_split	tesla_all	CNV0_00857	train
low_prevalence_stress_split	tesla_all	CNV0_00970	train
low_prevalence_stress_split	tesla_all	CNV0_01370	train
low_prevalence_stress_split	tesla_all	CNV0_01400	train
low_prevalence_stress_split	tesla_all	CNV0_00192	train
low_prevalence_stress_split	tesla_all	CNV0_00854	train
low_prevalence_stress_split	tesla_all	CNV0_00017	train
low_prevalence_stress_split	tesla_all	CNV0_00609	train
low_prevalence_stress_split	tesla_all	CNV0_00908	train
low_prevalence_stress_split	tesla_all	CNV0_01402	train
low_prevalence_stress_split	tesla_all	CNV0_01041	train
low_prevalence_stress_split	tesla_all	CNV0_00262	train
low_prevalence_stress_split	tesla_all	CNV0_00910	train
low_prevalence_stress_split	tesla_all	CNV0_00469	train
low_prevalence_stress_split	tesla_all	CNV0_00444	train
low_prevalence_stress_split	tesla_all	CNV0_01085	train
low_prevalence_stress_split	tesla_all	CNV0_01167	train
low_prevalence_stress_split	tesla_all	CNV0_01088	train
low_prevalence_stress_split	tesla_all	CNV0_00641	train
low_prevalence_stress_split	tesla_all	CNV0_00131	train
low_prevalence_stress_split	tesla_all	CNV0_01428	train
low_prevalence_stress_split	tesla_all	CNV0_00179	train
low_prevalence_stress_split	tesla_all	CNV0_00328	train
low_prevalence_stress_split	tesla_all	CNV0_00770	train
low_prevalence_stress_split	tesla_all	CNV0_01479	train
low_prevalence_stress_split	tesla_all	CNV0_01225	train
low_prevalence_stress_split	tesla_all	CNV0_01219	train
low_prevalence_stress_split	tesla_all	CNV0_00115	train
low_prevalence_stress_split	tesla_all	CNV0_00799	train
low_prevalence_stress_split	tesla_all	CNV0_01310	train
low_prevalence_stress_split	tesla_all	CNV0_00628	train
low_prevalence_stress_split	tesla_all	CNV0_00126	train
low_prevalence_stress_split	tesla_all	CNV0_01029	train
low_prevalence_stress_split	tesla_all	CNV0_00254	train
low_prevalence_stress_split	tesla_all	CNV0_00751	train
low_prevalence_stress_split	tesla_all	CNV0_01474	train
low_prevalence_stress_split	tesla_all	CNV0_00107	train
low_prevalence_stress_split	tesla_all	CNV0_00379	train
low_prevalence_stress_split	tesla_all	CNV0_00400	train
low_prevalence_stress_split	tesla_all	CNV0_01388	train
low_prevalence_stress_split	tesla_all	CNV0_01258	train
low_prevalence_stress_split	tesla_all	CNV0_00661	train
low_prevalence_stress_split	tesla_all	CNV0_00843	train
low_prevalence_stress_split	tesla_all	CNV0_01103	train
low_prevalence_stress_split	tesla_all	CNV0_00542	train
low_prevalence_stress_split	tesla_all	CNV0_00088	train
low_prevalence_stress_split	tesla_all	CNV0_00816	train
low_prevalence_stress_split	tesla_all	CNV0_00690	train
low_prevalence_stress_split	tesla_all	CNV0_01311	train
low_prevalence_stress_split	tesla_all	CNV0_00191	train
low_prevalence_stress_split	tesla_all	CNV0_00497	train
low_prevalence_stress_split	tesla_all	CNV0_00511	train
low_prevalence_stress_split	tesla_all	CNV0_00955	train
low_prevalence_stress_split	tesla_all	CNV0_01439	train
low_prevalence_stress_split	tesla_all	CNV0_00851	train
low_prevalence_stress_split	tesla_all	CNV0_01055	train
low_prevalence_stress_split	tesla_all	CNV0_00830	train
low_prevalence_stress_split	tesla_all	CNV0_00388	train
low_prevalence_stress_split	tesla_all	CNV0_00603	train
low_prevalence_stress_split	tesla_all	CNV0_00702	train
low_prevalence_stress_split	tesla_all	CNV0_00392	train
low_prevalence_stress_split	tesla_all	CNV0_00028	train
low_prevalence_stress_split	tesla_all	CNV0_01403	train
low_prevalence_stress_split	tesla_all	CNV0_00589	train
low_prevalence_stress_split	tesla_all	CNV0_00772	train
low_prevalence_stress_split	tesla_all	CNV0_00815	train
low_prevalence_stress_split	tesla_all	CNV0_01259	train
low_prevalence_stress_split	tesla_all	CNV0_01324	train
low_prevalence_stress_split	tesla_all	CNV0_00965	train
low_prevalence_stress_split	tesla_all	CNV0_00480	train
low_prevalence_stress_split	tesla_all	CNV0_00232	train
low_prevalence_stress_split	tesla_all	CNV0_00737	train
low_prevalence_stress_split	tesla_all	CNV0_00513	train
low_prevalence_stress_split	tesla_all	CNV0_01480	train
low_prevalence_stress_split	tesla_all	CNV0_00279	train
low_prevalence_stress_split	tesla_all	CNV0_00741	train
low_prevalence_stress_split	tesla_all	CNV0_01189	train
low_prevalence_stress_split	tesla_all	CNV0_01003	train
low_prevalence_stress_split	tesla_all	CNV0_00878	train
low_prevalence_stress_split	tesla_all	CNV0_01111	train
low_prevalence_stress_split	tesla_all	CNV0_00543	train
low_prevalence_stress_split	tesla_all	CNV0_01275	train
low_prevalence_stress_split	tesla_all	CNV0_01067	train
low_prevalence_stress_split	tesla_all	CNV0_01034	train
low_prevalence_stress_split	tesla_all	CNV0_00151	train
low_prevalence_stress_split	tesla_all	CNV0_00199	train
low_prevalence_stress_split	tesla_all	CNV0_00929	train
low_prevalence_stress_split	tesla_all	CNV0_00739	train
low_prevalence_stress_split	tesla_all	CNV0_01094	train
low_prevalence_stress_split	tesla_all	CNV0_00564	train
low_prevalence_stress_split	tesla_all	CNV0_00393	train
low_prevalence_stress_split	tesla_all	CNV0_01156	train
low_prevalence_stress_split	tesla_all	CNV0_00698	train
low_prevalence_stress_split	tesla_all	CNV0_00496	train
low_prevalence_stress_split	tesla_all	CNV0_00548	train
low_prevalence_stress_split	tesla_all	CNV0_01076	train
low_prevalence_stress_split	tesla_all	CNV0_00700	train
low_prevalence_stress_split	tesla_all	CNV0_00568	train
low_prevalence_stress_split	tesla_all	CNV0_00996	train
low_prevalence_stress_split	tesla_all	CNV0_00528	train
low_prevalence_stress_split	tesla_all	CNV0_00112	train
low_prevalence_stress_split	tesla_all	CNV0_00944	train
low_prevalence_stress_split	tesla_all	CNV0_01121	train
low_prevalence_stress_split	tesla_all	CNV0_00980	train
low_prevalence_stress_split	tesla_all	CNV0_00035	train
low_prevalence_stress_split	tesla_all	CNV0_00018	train
low_prevalence_stress_split	tesla_all	CNV0_00633	train
low_prevalence_stress_split	tesla_all	CNV0_00378	train
low_prevalence_stress_split	tesla_all	CNV0_00153	train
low_prevalence_stress_split	tesla_all	CNV0_00592	train
low_prevalence_stress_split	tesla_all	CNV0_01202	train
low_prevalence_stress_split	tesla_all	CNV0_00732	train
low_prevalence_stress_split	tesla_all	CNV0_00954	train
low_prevalence_stress_split	tesla_all	CNV0_01315	train
low_prevalence_stress_split	tesla_all	CNV0_01357	train
low_prevalence_stress_split	tesla_all	CNV0_01132	train
low_prevalence_stress_split	tesla_all	CNV0_01224	train
low_prevalence_stress_split	tesla_all	CNV0_01019	train
low_prevalence_stress_split	tesla_all	CNV0_00237	train
low_prevalence_stress_split	tesla_all	CNV0_00424	train
low_prevalence_stress_split	tesla_all	CNV0_00239	train
low_prevalence_stress_split	tesla_all	CNV0_00057	train
low_prevalence_stress_split	tesla_all	CNV0_01161	train
low_prevalence_stress_split	tesla_all	CNV0_00941	train
low_prevalence_stress_split	tesla_all	CNV0_01191	train
low_prevalence_stress_split	tesla_all	CNV0_00281	train
low_prevalence_stress_split	tesla_all	CNV0_00135	train
low_prevalence_stress_split	tesla_all	CNV0_01251	train
low_prevalence_stress_split	tesla_all	CNV0_00108	train
low_prevalence_stress_split	tesla_all	CNV0_00602	train
low_prevalence_stress_split	tesla_all	CNV0_01282	train
low_prevalence_stress_split	tesla_all	CNV0_01457	train
low_prevalence_stress_split	tesla_all	CNV0_00538	train
low_prevalence_stress_split	tesla_all	CNV0_01054	train
low_prevalence_stress_split	tesla_all	CNV0_00503	train
low_prevalence_stress_split	tesla_all	CNV0_00304	train
low_prevalence_stress_split	tesla_all	CNV0_00724	train
low_prevalence_stress_split	tesla_all	CNV0_01344	train
low_prevalence_stress_split	tesla_all	CNV0_00071	train
low_prevalence_stress_split	tesla_all	CNV0_00084	train
low_prevalence_stress_split	tesla_all	CNV0_01458	train
low_prevalence_stress_split	tesla_all	CNV0_00555	train
low_prevalence_stress_split	tesla_all	CNV0_00981	train
low_prevalence_stress_split	tesla_all	CNV0_00818	train
low_prevalence_stress_split	tesla_all	CNV0_01363	train
low_prevalence_stress_split	tesla_all	CNV0_00150	train
low_prevalence_stress_split	tesla_all	CNV0_00525	train
low_prevalence_stress_split	tesla_all	CNV0_00895	train
low_prevalence_stress_split	tesla_all	CNV0_00709	train
low_prevalence_stress_split	tesla_all	CNV0_00630	train
low_prevalence_stress_split	tesla_all	CNV0_00258	train
low_prevalence_stress_split	tesla_all	CNV0_00437	train
low_prevalence_stress_split	tesla_all	CNV0_00909	train
low_prevalence_stress_split	tesla_all	CNV0_01062	train
low_prevalence_stress_split	tesla_all	CNV0_01010	train
low_prevalence_stress_split	tesla_all	CNV0_00074	train
low_prevalence_stress_split	tesla_all	CNV0_00921	train
low_prevalence_stress_split	tesla_all	CNV0_01071	train
low_prevalence_stress_split	tesla_all	CNV0_01326	train
low_prevalence_stress_split	tesla_all	CNV0_01304	train
low_prevalence_stress_split	tesla_all	CNV0_00713	train
low_prevalence_stress_split	tesla_all	CNV0_00516	train
low_prevalence_stress_split	tesla_all	CNV0_01292	train
low_prevalence_stress_split	tesla_all	CNV0_01192	train
low_prevalence_stress_split	tesla_all	CNV0_00433	train
low_prevalence_stress_split	tesla_all	CNV0_00806	train
low_prevalence_stress_split	tesla_all	CNV0_01134	train
low_prevalence_stress_split	tesla_all	CNV0_00318	train
low_prevalence_stress_split	tesla_all	CNV0_00695	train
low_prevalence_stress_split	tesla_all	CNV0_00015	train
low_prevalence_stress_split	tesla_all	CNV0_00147	train
low_prevalence_stress_split	tesla_all	CNV0_00275	train
low_prevalence_stress_split	tesla_all	CNV0_00801	train
low_prevalence_stress_split	tesla_all	CNV0_00242	train
low_prevalence_stress_split	tesla_all	CNV0_00795	train
low_prevalence_stress_split	tesla_all	CNV0_01020	train
low_prevalence_stress_split	tesla_all	CNV0_00620	train
low_prevalence_stress_split	tesla_all	CNV0_00314	train
low_prevalence_stress_split	tesla_all	CNV0_00401	train
low_prevalence_stress_split	tesla_all	CNV0_01427	train
low_prevalence_stress_split	tesla_all	CNV0_00848	train
low_prevalence_stress_split	tesla_all	CNV0_00415	train
low_prevalence_stress_split	tesla_all	CNV0_01009	train
low_prevalence_stress_split	tesla_all	CNV0_00033	train
low_prevalence_stress_split	tesla_all	CNV0_00065	train
low_prevalence_stress_split	tesla_all	CNV0_01443	train
low_prevalence_stress_split	tesla_all	CNV0_00995	train
low_prevalence_stress_split	tesla_all	CNV0_00974	train
low_prevalence_stress_split	tesla_all	CNV0_00064	train
low_prevalence_stress_split	tesla_all	CNV0_00405	train
low_prevalence_stress_split	tesla_all	CNV0_01063	train
low_prevalence_stress_split	tesla_all	CNV0_01365	train
low_prevalence_stress_split	tesla_all	CNV0_00654	train
low_prevalence_stress_split	tesla_all	CNV0_00896	train
low_prevalence_stress_split	tesla_all	CNV0_00519	train
low_prevalence_stress_split	tesla_all	CNV0_01306	train
low_prevalence_stress_split	tesla_all	CNV0_01096	train
low_prevalence_stress_split	tesla_all	CNV0_00302	train
low_prevalence_stress_split	tesla_all	CNV0_00994	train
low_prevalence_stress_split	tesla_all	CNV0_00495	train
low_prevalence_stress_split	tesla_all	CNV0_00120	train
low_prevalence_stress_split	tesla_all	CNV0_00494	train
low_prevalence_stress_split	tesla_all	CNV0_00599	train
low_prevalence_stress_split	tesla_all	CNV0_00612	train
low_prevalence_stress_split	tesla_all	CNV0_00777	train
low_prevalence_stress_split	tesla_all	CNV0_01228	train
low_prevalence_stress_split	tesla_all	CNV0_00460	train
low_prevalence_stress_split	tesla_all	CNV0_00565	train
low_prevalence_stress_split	tesla_all	CNV0_00832	train
low_prevalence_stress_split	tesla_all	CNV0_01168	train
low_prevalence_stress_split	tesla_all	CNV0_00530	train
low_prevalence_stress_split	tesla_all	CNV0_00669	train
low_prevalence_stress_split	tesla_all	CNV0_00256	train
low_prevalence_stress_split	tesla_all	CNV0_00411	train
low_prevalence_stress_split	tesla_all	CNV0_00468	train
low_prevalence_stress_split	tesla_all	CNV0_01072	train
low_prevalence_stress_split	tesla_all	CNV0_00229	train
low_prevalence_stress_split	tesla_all	CNV0_00876	train
low_prevalence_stress_split	tesla_all	CNV0_00828	train
low_prevalence_stress_split	tesla_all	CNV0_01431	train
low_prevalence_stress_split	tesla_all	CNV0_00114	train
low_prevalence_stress_split	tesla_all	CNV0_00616	train
low_prevalence_stress_split	tesla_all	CNV0_00875	train
low_prevalence_stress_split	tesla_all	CNV0_00144	train
low_prevalence_stress_split	tesla_all	CNV0_00429	train
low_prevalence_stress_split	tesla_all	CNV0_00817	train
low_prevalence_stress_split	tesla_all	CNV0_00068	train
low_prevalence_stress_split	tesla_all	CNV0_01033	train
low_prevalence_stress_split	tesla_all	CNV0_01343	train
low_prevalence_stress_split	tesla_all	CNV0_00439	train
low_prevalence_stress_split	tesla_all	CNV0_01834	test
low_prevalence_stress_split	tesla_all	CNV0_01901	test
low_prevalence_stress_split	tesla_all	CNV0_02141	test
low_prevalence_stress_split	tesla_all	CNV0_02327	test
low_prevalence_stress_split	tesla_all	CNV0_01955	test
low_prevalence_stress_split	tesla_all	CNV0_01889	test
low_prevalence_stress_split	tesla_all	CNV0_01489	test
low_prevalence_stress_split	tesla_all	CNV0_01860	test
low_prevalence_stress_split	tesla_all	CNV0_01716	test
low_prevalence_stress_split	tesla_all	CNV0_02391	test
low_prevalence_stress_split	tesla_all	CNV0_02135	test
low_prevalence_stress_split	tesla_all	CNV0_02358	test
low_prevalence_stress_split	tesla_all	CNV0_01644	test
low_prevalence_stress_split	tesla_all	CNV0_02152	test
low_prevalence_stress_split	tesla_all	CNV0_01660	test
low_prevalence_stress_split	tesla_all	CNV0_01714	test
low_prevalence_stress_split	tesla_all	CNV0_01809	test
low_prevalence_stress_split	tesla_all	CNV0_02383	test
low_prevalence_stress_split	tesla_all	CNV0_01614	test
low_prevalence_stress_split	tesla_all	CNV0_01936	test
low_prevalence_stress_split	tesla_all	CNV0_02384	test
low_prevalence_stress_split	tesla_all	CNV0_02309	test
low_prevalence_stress_split	tesla_all	CNV0_02377	test
low_prevalence_stress_split	tesla_all	CNV0_01842	test
low_prevalence_stress_split	tesla_all	CNV0_02138	test
low_prevalence_stress_split	tesla_all	CNV0_02190	test
low_prevalence_stress_split	tesla_all	CNV0_02131	test
low_prevalence_stress_split	tesla_all	CNV0_02184	test
low_prevalence_stress_split	tesla_all	CNV0_02260	test
low_prevalence_stress_split	tesla_all	CNV0_01526	test
low_prevalence_stress_split	tesla_all	CNV0_01669	test
low_prevalence_stress_split	tesla_all	CNV0_01990	test
low_prevalence_stress_split	tesla_all	CNV0_02037	test
low_prevalence_stress_split	tesla_all	CNV0_02223	test
low_prevalence_stress_split	tesla_all	CNV0_02084	test
low_prevalence_stress_split	tesla_all	CNV0_02288	test
low_prevalence_stress_split	tesla_all	CNV0_02280	test
low_prevalence_stress_split	tesla_all	CNV0_02060	test
low_prevalence_stress_split	tesla_all	CNV0_02271	test
low_prevalence_stress_split	tesla_all	CNV0_02253	test
low_prevalence_stress_split	tesla_all	CNV0_02317	test
low_prevalence_stress_split	tesla_all	CNV0_01878	test
low_prevalence_stress_split	tesla_all	CNV0_01687	test
low_prevalence_stress_split	tesla_all	CNV0_01794	test
low_prevalence_stress_split	tesla_all	CNV0_01522	test
low_prevalence_stress_split	tesla_all	CNV0_02051	test
low_prevalence_stress_split	tesla_all	CNV0_02153	test
low_prevalence_stress_split	tesla_all	CNV0_01574	test
low_prevalence_stress_split	tesla_all	CNV0_02185	test
low_prevalence_stress_split	tesla_all	CNV0_02029	test
low_prevalence_stress_split	tesla_all	CNV0_01655	test
low_prevalence_stress_split	tesla_all	CNV0_02283	test
low_prevalence_stress_split	tesla_all	CNV0_01565	test
low_prevalence_stress_split	tesla_all	CNV0_01627	test
low_prevalence_stress_split	tesla_all	CNV0_01543	test
low_prevalence_stress_split	tesla_all	CNV0_02318	test
low_prevalence_stress_split	tesla_all	CNV0_01594	test
low_prevalence_stress_split	tesla_all	CNV0_01652	test
low_prevalence_stress_split	tesla_all	CNV0_01769	test
low_prevalence_stress_split	tesla_all	CNV0_02162	test
low_prevalence_stress_split	tesla_all	CNV0_02341	test
low_prevalence_stress_split	tesla_all	CNV0_01942	test
low_prevalence_stress_split	tesla_all	CNV0_01844	test
low_prevalence_stress_split	tesla_all	CNV0_02064	test
low_prevalence_stress_split	tesla_all	CNV0_02390	test
low_prevalence_stress_split	tesla_all	CNV0_02266	test
low_prevalence_stress_split	tesla_all	CNV0_01958	test
low_prevalence_stress_split	tesla_all	CNV0_02063	test
low_prevalence_stress_split	tesla_all	CNV0_02379	test
low_prevalence_stress_split	tesla_all	CNV0_01893	test
low_prevalence_stress_split	tesla_all	CNV0_01799	test
low_prevalence_stress_split	tesla_all	CNV0_01767	test
low_prevalence_stress_split	tesla_all	CNV0_01907	test
low_prevalence_stress_split	tesla_all	CNV0_01595	test
low_prevalence_stress_split	tesla_all	CNV0_01808	test
low_prevalence_stress_split	tesla_all	CNV0_01633	test
low_prevalence_stress_split	tesla_all	CNV0_02343	test
low_prevalence_stress_split	tesla_all	CNV0_01828	test
low_prevalence_stress_split	tesla_all	CNV0_01721	test
low_prevalence_stress_split	tesla_all	CNV0_01827	test
low_prevalence_stress_split	tesla_all	CNV0_02178	test
low_prevalence_stress_split	tesla_all	CNV0_01745	test
low_prevalence_stress_split	tesla_all	CNV0_02380	test
low_prevalence_stress_split	tesla_all	CNV0_01908	test
low_prevalence_stress_split	tesla_all	CNV0_01780	test
low_prevalence_stress_split	tesla_all	CNV0_02307	test
low_prevalence_stress_split	tesla_all	CNV0_02211	test
low_prevalence_stress_split	tesla_all	CNV0_01534	test
low_prevalence_stress_split	tesla_all	CNV0_01867	test
low_prevalence_stress_split	tesla_all	CNV0_02277	test
low_prevalence_stress_split	tesla_all	CNV0_02052	test
low_prevalence_stress_split	tesla_all	CNV0_02126	test
low_prevalence_stress_split	tesla_all	CNV0_01593	test
low_prevalence_stress_split	tesla_all	CNV0_01815	test
low_prevalence_stress_split	tesla_all	CNV0_01925	test
low_prevalence_stress_split	tesla_all	CNV0_02065	test
low_prevalence_stress_split	tesla_all	CNV0_01782	test
low_prevalence_stress_split	tesla_all	CNV0_01888	test
low_prevalence_stress_split	tesla_all	CNV0_01882	test
low_prevalence_stress_split	tesla_all	CNV0_02252	test
low_prevalence_stress_split	tesla_all	CNV0_02048	test
low_prevalence_stress_split	tesla_all	CNV0_01583	test
low_prevalence_stress_split	tesla_all	CNV0_01798	test
low_prevalence_stress_split	tesla_all	CNV0_01707	test
low_prevalence_stress_split	tesla_all	CNV0_01763	test
low_prevalence_stress_split	tesla_all	CNV0_02160	test
low_prevalence_stress_split	tesla_all	CNV0_01520	test
low_prevalence_stress_split	tesla_all	CNV0_02221	test
low_prevalence_stress_split	tesla_all	CNV0_01557	test
low_prevalence_stress_split	tesla_all	CNV0_02144	test
low_prevalence_stress_split	tesla_all	CNV0_02186	test
low_prevalence_stress_split	tesla_all	CNV0_01992	test
low_prevalence_stress_split	tesla_all	CNV0_01511	test
low_prevalence_stress_split	tesla_all	CNV0_02058	test
low_prevalence_stress_split	tesla_all	CNV0_02287	test
low_prevalence_stress_split	tesla_all	CNV0_02290	test
low_prevalence_stress_split	tesla_all	CNV0_01723	test
low_prevalence_stress_split	tesla_all	CNV0_01481	test
low_prevalence_stress_split	tesla_all	CNV0_01838	test
low_prevalence_stress_split	tesla_all	CNV0_02204	test
low_prevalence_stress_split	tesla_all	CNV0_01739	test
low_prevalence_stress_split	tesla_all	CNV0_02088	test
low_prevalence_stress_split	tesla_all	CNV0_01697	test
low_prevalence_stress_split	tesla_all	CNV0_01863	test
low_prevalence_stress_split	tesla_all	CNV0_01483	test
low_prevalence_stress_split	tesla_all	CNV0_01993	test
low_prevalence_stress_split	tesla_all	CNV0_01820	test
low_prevalence_stress_split	tesla_all	CNV0_01717	test
low_prevalence_stress_split	tesla_all	CNV0_02094	test
low_prevalence_stress_split	tesla_all	CNV0_02169	test
low_prevalence_stress_split	tesla_all	CNV0_02374	test
low_prevalence_stress_split	tesla_all	CNV0_02293	test
low_prevalence_stress_split	tesla_all	CNV0_02173	test
low_prevalence_stress_split	tesla_all	CNV0_01602	test
low_prevalence_stress_split	tesla_all	CNV0_01551	test
low_prevalence_stress_split	tesla_all	CNV0_01673	test
low_prevalence_stress_split	tesla_all	CNV0_02321	test
low_prevalence_stress_split	tesla_all	CNV0_01904	test
low_prevalence_stress_split	tesla_all	CNV0_01819	test
low_prevalence_stress_split	tesla_all	CNV0_01559	test
low_prevalence_stress_split	tesla_all	CNV0_02370	test
low_prevalence_stress_split	tesla_all	CNV0_01748	test
low_prevalence_stress_split	tesla_all	CNV0_01945	test
low_prevalence_stress_split	tesla_all	CNV0_02227	test
low_prevalence_stress_split	tesla_all	CNV0_01835	test
low_prevalence_stress_split	tesla_all	CNV0_01868	test
low_prevalence_stress_split	tesla_all	CNV0_01637	test
low_prevalence_stress_split	tesla_all	CNV0_01853	test
low_prevalence_stress_split	tesla_all	CNV0_02072	test
low_prevalence_stress_split	tesla_all	CNV0_01636	test
low_prevalence_stress_split	tesla_all	CNV0_02243	test
low_prevalence_stress_split	tesla_all	CNV0_01542	test
low_prevalence_stress_split	tesla_all	CNV0_02389	test
low_prevalence_stress_split	tesla_all	CNV0_02101	test
low_prevalence_stress_split	tesla_all	CNV0_01832	test
low_prevalence_stress_split	tesla_all	CNV0_01791	test
low_prevalence_stress_split	tesla_all	CNV0_01877	test
low_prevalence_stress_split	tesla_all	CNV0_01895	test
low_prevalence_stress_split	tesla_all	CNV0_01484	test
low_prevalence_stress_split	tesla_all	CNV0_01492	test
low_prevalence_stress_split	tesla_all	CNV0_02020	test
low_prevalence_stress_split	tesla_all	CNV0_02229	test
low_prevalence_stress_split	tesla_all	CNV0_01730	test
low_prevalence_stress_split	tesla_all	CNV0_01527	test
low_prevalence_stress_split	tesla_all	CNV0_01917	test
low_prevalence_stress_split	tesla_all	CNV0_01619	test
low_prevalence_stress_split	tesla_all	CNV0_01934	test
low_prevalence_stress_split	tesla_all	CNV0_01622	test
low_prevalence_stress_split	tesla_all	CNV0_02342	test
low_prevalence_stress_split	tesla_all	CNV0_01818	test
low_prevalence_stress_split	tesla_all	CNV0_01938	test
low_prevalence_stress_split	tesla_all	CNV0_01677	test
low_prevalence_stress_split	tesla_all	CNV0_01894	test
low_prevalence_stress_split	tesla_all	CNV0_01980	test
low_prevalence_stress_split	tesla_all	CNV0_02225	test
low_prevalence_stress_split	tesla_all	CNV0_02393	test
low_prevalence_stress_split	tesla_all	CNV0_02165	test
low_prevalence_stress_split	tesla_all	CNV0_02246	test
low_prevalence_stress_split	tesla_all	CNV0_02298	test
low_prevalence_stress_split	tesla_all	CNV0_01998	test
low_prevalence_stress_split	tesla_all	CNV0_02202	test
low_prevalence_stress_split	tesla_all	CNV0_01539	test
low_prevalence_stress_split	tesla_all	CNV0_01747	test
low_prevalence_stress_split	tesla_all	CNV0_01793	test
low_prevalence_stress_split	tesla_all	CNV0_01518	test
low_prevalence_stress_split	tesla_all	CNV0_01960	test
low_prevalence_stress_split	tesla_all	CNV0_01576	test
low_prevalence_stress_split	tesla_all	CNV0_02194	test
low_prevalence_stress_split	tesla_all	CNV0_02366	test
low_prevalence_stress_split	tesla_all	CNV0_01778	test
low_prevalence_stress_split	tesla_all	CNV0_02035	test
low_prevalence_stress_split	tesla_all	CNV0_01635	test
low_prevalence_stress_split	tesla_all	CNV0_01918	test
low_prevalence_stress_split	tesla_all	CNV0_02387	test
low_prevalence_stress_split	tesla_all	CNV0_02005	test
low_prevalence_stress_split	tesla_all	CNV0_01663	test
low_prevalence_stress_split	tesla_all	CNV0_01675	test
low_prevalence_stress_split	tesla_all	CNV0_02331	test
low_prevalence_stress_split	tesla_all	CNV0_02034	test
low_prevalence_stress_split	tesla_all	CNV0_01588	test
low_prevalence_stress_split	tesla_all	CNV0_01824	test
low_prevalence_stress_split	tesla_all	CNV0_01961	test
low_prevalence_stress_split	tesla_all	CNV0_01646	test
low_prevalence_stress_split	tesla_all	CNV0_01728	test
low_prevalence_stress_split	tesla_all	CNV0_02017	test
low_prevalence_stress_split	tesla_all	CNV0_01700	test
low_prevalence_stress_split	tesla_all	CNV0_01509	test
low_prevalence_stress_split	tesla_all	CNV0_02093	test
low_prevalence_stress_split	tesla_all	CNV0_02357	test
low_prevalence_stress_split	tesla_all	CNV0_02030	test
low_prevalence_stress_split	tesla_all	CNV0_02311	test
low_prevalence_stress_split	tesla_all	CNV0_01874	test
low_prevalence_stress_split	tesla_all	CNV0_02159	test
low_prevalence_stress_split	tesla_all	CNV0_01569	test
low_prevalence_stress_split	tesla_all	CNV0_02125	test
low_prevalence_stress_split	tesla_all	CNV0_02010	test
low_prevalence_stress_split	tesla_all	CNV0_02155	test
low_prevalence_stress_split	tesla_all	CNV0_01482	test
low_prevalence_stress_split	tesla_all	CNV0_02192	test
low_prevalence_stress_split	tesla_all	CNV0_02356	test
low_prevalence_stress_split	tesla_all	CNV0_02322	test
low_prevalence_stress_split	tesla_all	CNV0_01639	test
low_prevalence_stress_split	tesla_all	CNV0_01762	test
low_prevalence_stress_split	tesla_all	CNV0_01718	test
low_prevalence_stress_split	tesla_all	CNV0_01890	test
low_prevalence_stress_split	tesla_all	CNV0_01740	test
low_prevalence_stress_split	tesla_all	CNV0_01906	test
low_prevalence_stress_split	tesla_all	CNV0_01866	test
low_prevalence_stress_split	tesla_all	CNV0_01708	test
low_prevalence_stress_split	tesla_all	CNV0_01802	test
low_prevalence_stress_split	tesla_all	CNV0_01879	test
low_prevalence_stress_split	tesla_all	CNV0_01672	test
low_prevalence_stress_split	tesla_all	CNV0_02284	test
low_prevalence_stress_split	tesla_all	CNV0_01792	test
low_prevalence_stress_split	tesla_all	CNV0_02250	test
low_prevalence_stress_split	tesla_all	CNV0_01499	test
low_prevalence_stress_split	tesla_all	CNV0_02352	test
low_prevalence_stress_split	tesla_all	CNV0_02054	test
low_prevalence_stress_split	tesla_all	CNV0_01854	test
low_prevalence_stress_split	tesla_all	CNV0_02128	test
low_prevalence_stress_split	tesla_all	CNV0_01914	test
low_prevalence_stress_split	tesla_all	CNV0_01577	test
low_prevalence_stress_split	tesla_all	CNV0_01886	test
low_prevalence_stress_split	tesla_all	CNV0_01496	test
low_prevalence_stress_split	tesla_all	CNV0_01869	test
low_prevalence_stress_split	tesla_all	CNV0_02175	test
low_prevalence_stress_split	tesla_all	CNV0_01642	test
low_prevalence_stress_split	tesla_all	CNV0_01694	test
low_prevalence_stress_split	tesla_all	CNV0_01776	test
low_prevalence_stress_split	tesla_all	CNV0_01795	test
low_prevalence_stress_split	tesla_all	CNV0_01940	test
low_prevalence_stress_split	tesla_all	CNV0_02108	test
low_prevalence_stress_split	tesla_all	CNV0_01571	test
low_prevalence_stress_split	tesla_all	CNV0_02156	test
low_prevalence_stress_split	tesla_all	CNV0_02182	test
low_prevalence_stress_split	tesla_all	CNV0_02097	test
low_prevalence_stress_split	tesla_all	CNV0_02151	test
low_prevalence_stress_split	tesla_all	CNV0_02362	test
low_prevalence_stress_split	tesla_all	CNV0_02203	test
low_prevalence_stress_split	tesla_all	CNV0_02353	test
low_prevalence_stress_split	tesla_all	CNV0_02295	test
low_prevalence_stress_split	tesla_all	CNV0_01505	test
low_prevalence_stress_split	tesla_all	CNV0_01912	test
low_prevalence_stress_split	tesla_all	CNV0_01727	test
low_prevalence_stress_split	tesla_all	CNV0_01695	test
low_prevalence_stress_split	tesla_all	CNV0_01535	test
low_prevalence_stress_split	tesla_all	CNV0_02213	test
low_prevalence_stress_split	tesla_all	CNV0_02216	test
low_prevalence_stress_split	tesla_all	CNV0_01880	test
low_prevalence_stress_split	tesla_all	CNV0_01668	test
low_prevalence_stress_split	tesla_all	CNV0_01996	test
low_prevalence_stress_split	tesla_all	CNV0_01873	test
low_prevalence_stress_split	tesla_all	CNV0_01691	test
low_prevalence_stress_split	tesla_all	CNV0_02279	test
low_prevalence_stress_split	tesla_all	CNV0_01915	test
low_prevalence_stress_split	tesla_all	CNV0_02040	test
low_prevalence_stress_split	tesla_all	CNV0_01664	test
low_prevalence_stress_split	tesla_all	CNV0_02081	test
low_prevalence_stress_split	tesla_all	CNV0_01502	test
low_prevalence_stress_split	tesla_all	CNV0_02268	test
low_prevalence_stress_split	tesla_all	CNV0_01684	test
low_prevalence_stress_split	tesla_all	CNV0_01648	test
low_prevalence_stress_split	tesla_all	CNV0_01903	test
low_prevalence_stress_split	tesla_all	CNV0_01923	test
low_prevalence_stress_split	tesla_all	CNV0_02009	test
low_prevalence_stress_split	tesla_all	CNV0_01851	test
low_prevalence_stress_split	tesla_all	CNV0_01847	test
low_prevalence_stress_split	tesla_all	CNV0_02111	test
low_prevalence_stress_split	tesla_all	CNV0_01856	test
low_prevalence_stress_split	tesla_all	CNV0_01538	test
low_prevalence_stress_split	tesla_all	CNV0_01859	test
low_prevalence_stress_split	tesla_all	CNV0_02289	test
low_prevalence_stress_split	tesla_all	CNV0_02139	test
low_prevalence_stress_split	tesla_all	CNV0_02244	test
low_prevalence_stress_split	tesla_all	CNV0_01555	test
low_prevalence_stress_split	tesla_all	CNV0_02171	test
low_prevalence_stress_split	tesla_all	CNV0_01547	test
low_prevalence_stress_split	tesla_all	CNV0_01536	test
low_prevalence_stress_split	tesla_all	CNV0_02132	test
low_prevalence_stress_split	tesla_all	CNV0_01667	test
low_prevalence_stress_split	tesla_all	CNV0_01656	test
low_prevalence_stress_split	tesla_all	CNV0_01715	test
low_prevalence_stress_split	tesla_all	CNV0_02320	test
low_prevalence_stress_split	tesla_all	CNV0_01785	test
low_prevalence_stress_split	tesla_all	CNV0_01737	test
low_prevalence_stress_split	tesla_all	CNV0_02199	test
low_prevalence_stress_split	tesla_all	CNV0_02226	test
low_prevalence_stress_split	tesla_all	CNV0_01696	test
low_prevalence_stress_split	tesla_all	CNV0_01843	test
low_prevalence_stress_split	tesla_all	CNV0_02364	test
low_prevalence_stress_split	tesla_all	CNV0_01870	test
low_prevalence_stress_split	tesla_all	CNV0_02272	test
low_prevalence_stress_split	tesla_all	CNV0_01883	test
low_prevalence_stress_split	tesla_all	CNV0_02286	test
low_prevalence_stress_split	tesla_all	CNV0_01979	test
low_prevalence_stress_split	tesla_all	CNV0_01665	test
low_prevalence_stress_split	tesla_all	CNV0_02118	test
low_prevalence_stress_split	tesla_all	CNV0_02296	test
low_prevalence_stress_split	tesla_all	CNV0_01521	test
low_prevalence_stress_split	tesla_all	CNV0_01891	test
low_prevalence_stress_split	tesla_all	CNV0_01487	test
low_prevalence_stress_split	tesla_all	CNV0_01508	test
low_prevalence_stress_split	tesla_all	CNV0_02000	test
low_prevalence_stress_split	tesla_all	CNV0_01579	test
low_prevalence_stress_split	tesla_all	CNV0_01552	test
low_prevalence_stress_split	tesla_all	CNV0_01766	test
low_prevalence_stress_split	tesla_all	CNV0_01498	test
low_prevalence_stress_split	tesla_all	CNV0_02050	test
low_prevalence_stress_split	tesla_all	CNV0_01797	test
low_prevalence_stress_split	tesla_all	CNV0_01666	test
low_prevalence_stress_split	tesla_all	CNV0_02075	test
low_prevalence_stress_split	tesla_all	CNV0_01590	test
low_prevalence_stress_split	tesla_all	CNV0_01902	test
low_prevalence_stress_split	tesla_all	CNV0_02188	test
low_prevalence_stress_split	tesla_all	CNV0_02099	test
low_prevalence_stress_split	tesla_all	CNV0_02150	test
low_prevalence_stress_split	tesla_all	CNV0_01896	test
low_prevalence_stress_split	tesla_all	CNV0_01801	test
low_prevalence_stress_split	tesla_all	CNV0_02191	test
low_prevalence_stress_split	tesla_all	CNV0_01488	test
low_prevalence_stress_split	tesla_all	CNV0_02255	test
low_prevalence_stress_split	tesla_all	CNV0_02359	test
low_prevalence_stress_split	tesla_all	CNV0_01855	test
low_prevalence_stress_split	tesla_all	CNV0_02212	test
low_prevalence_stress_split	tesla_all	CNV0_02249	test
low_prevalence_stress_split	tesla_all	CNV0_01515	test
low_prevalence_stress_split	tesla_all	CNV0_01830	test
low_prevalence_stress_split	tesla_all	CNV0_02313	test
low_prevalence_stress_split	tesla_all	CNV0_01548	test
low_prevalence_stress_split	tesla_all	CNV0_02306	test
low_prevalence_stress_split	tesla_all	CNV0_01973	test
low_prevalence_stress_split	tesla_all	CNV0_02275	test
low_prevalence_stress_split	tesla_all	CNV0_02241	test
low_prevalence_stress_split	tesla_all	CNV0_01770	test
low_prevalence_stress_split	tesla_all	CNV0_01812	test
low_prevalence_stress_split	tesla_all	CNV0_01865	test
low_prevalence_stress_split	tesla_all	CNV0_01771	test
low_prevalence_stress_split	tesla_all	CNV0_02056	test
low_prevalence_stress_split	tesla_all	CNV0_02106	test
low_prevalence_stress_split	tesla_all	CNV0_01900	test
low_prevalence_stress_split	tesla_all	CNV0_02080	test
low_prevalence_stress_split	tesla_all	CNV0_02177	test
low_prevalence_stress_split	tesla_all	CNV0_02057	test
low_prevalence_stress_split	tesla_all	CNV0_02062	test
low_prevalence_stress_split	tesla_all	CNV0_01800	test
low_prevalence_stress_split	tesla_all	CNV0_01651	test
low_prevalence_stress_split	tesla_all	CNV0_01610	test
low_prevalence_stress_split	tesla_all	CNV0_01777	test
low_prevalence_stress_split	tesla_all	CNV0_01688	test
low_prevalence_stress_split	tesla_all	CNV0_01952	test
low_prevalence_stress_split	tesla_all	CNV0_01562	test
low_prevalence_stress_split	tesla_all	CNV0_01582	test
low_prevalence_stress_split	tesla_all	CNV0_02375	test
low_prevalence_stress_split	tesla_all	CNV0_02206	test
low_prevalence_stress_split	tesla_all	CNV0_01592	test
low_prevalence_stress_split	tesla_all	CNV0_01788	test
low_prevalence_stress_split	tesla_all	CNV0_01725	test
low_prevalence_stress_split	tesla_all	CNV0_01814	test
low_prevalence_stress_split	tesla_all	CNV0_01971	test
low_prevalence_stress_split	tesla_all	CNV0_02031	test
low_prevalence_stress_split	tesla_all	CNV0_01978	test
low_prevalence_stress_split	tesla_all	CNV0_01701	test
low_prevalence_stress_split	tesla_all	CNV0_02136	test
low_prevalence_stress_split	tesla_all	CNV0_01626	test
low_prevalence_stress_split	tesla_all	CNV0_02256	test
low_prevalence_stress_split	tesla_all	CNV0_01959	test
low_prevalence_stress_split	tesla_all	CNV0_01857	test
low_prevalence_stress_split	tesla_all	CNV0_01709	test
low_prevalence_stress_split	tesla_all	CNV0_01485	test
low_prevalence_stress_split	tesla_all	CNV0_02193	test
low_prevalence_stress_split	tesla_all	CNV0_02066	test
low_prevalence_stress_split	tesla_all	CNV0_02158	test
low_prevalence_stress_split	tesla_all	CNV0_02363	test
low_prevalence_stress_split	tesla_all	CNV0_02102	test
low_prevalence_stress_split	tesla_all	CNV0_01864	test
low_prevalence_stress_split	tesla_all	CNV0_01517	test
low_prevalence_stress_split	tesla_all	CNV0_02262	test
low_prevalence_stress_split	tesla_all	CNV0_01956	test
low_prevalence_stress_split	tesla_all	CNV0_01530	test
low_prevalence_stress_split	tesla_all	CNV0_02096	test
low_prevalence_stress_split	tesla_all	CNV0_01501	test
low_prevalence_stress_split	tesla_all	CNV0_01653	test
low_prevalence_stress_split	tesla_all	CNV0_02291	test
low_prevalence_stress_split	tesla_all	CNV0_02395	test
low_prevalence_stress_split	tesla_all	CNV0_01774	test
low_prevalence_stress_split	tesla_all	CNV0_01872	test
low_prevalence_stress_split	tesla_all	CNV0_02110	test
low_prevalence_stress_split	tesla_all	CNV0_02231	test
low_prevalence_stress_split	tesla_all	CNV0_01932	test
low_prevalence_stress_split	tesla_all	CNV0_01741	test
low_prevalence_stress_split	tesla_all	CNV0_02302	test
low_prevalence_stress_split	tesla_all	CNV0_01750	test
low_prevalence_stress_split	tesla_all	CNV0_01963	test
low_prevalence_stress_split	tesla_all	CNV0_01611	test
low_prevalence_stress_split	tesla_all	CNV0_01924	test
low_prevalence_stress_split	tesla_all	CNV0_01682	test
low_prevalence_stress_split	tesla_all	CNV0_02354	test
low_prevalence_stress_split	tesla_all	CNV0_01670	test
low_prevalence_stress_split	tesla_all	CNV0_01681	test
low_prevalence_stress_split	tesla_all	CNV0_01848	test
low_prevalence_stress_split	tesla_all	CNV0_01533	test
low_prevalence_stress_split	tesla_all	CNV0_01516	test
low_prevalence_stress_split	tesla_all	CNV0_01649	test
low_prevalence_stress_split	tesla_all	CNV0_02033	test
low_prevalence_stress_split	tesla_all	CNV0_01751	test
low_prevalence_stress_split	tesla_all	CNV0_02361	test
low_prevalence_stress_split	tesla_all	CNV0_01573	test
low_prevalence_stress_split	tesla_all	CNV0_02348	test
low_prevalence_stress_split	tesla_all	CNV0_01556	test
low_prevalence_stress_split	tesla_all	CNV0_01933	test
low_prevalence_stress_split	tesla_all	CNV0_02373	test
low_prevalence_stress_split	tesla_all	CNV0_01746	test
low_prevalence_stress_split	tesla_all	CNV0_02351	test
low_prevalence_stress_split	tesla_all	CNV0_01500	test
low_prevalence_stress_split	tesla_all	CNV0_01970	test
low_prevalence_stress_split	tesla_all	CNV0_02148	test
low_prevalence_stress_split	tesla_all	CNV0_02008	test
low_prevalence_stress_split	tesla_all	CNV0_01916	test
low_prevalence_stress_split	tesla_all	CNV0_02143	test
low_prevalence_stress_split	tesla_all	CNV0_02007	test
low_prevalence_stress_split	tesla_all	CNV0_02154	test
low_prevalence_stress_split	tesla_all	CNV0_01692	test
low_prevalence_stress_split	tesla_all	CNV0_01817	test
low_prevalence_stress_split	tesla_all	CNV0_02087	test
low_prevalence_stress_split	tesla_all	CNV0_01490	test
low_prevalence_stress_split	tesla_all	CNV0_01885	test
low_prevalence_stress_split	tesla_all	CNV0_01887	test
low_prevalence_stress_split	tesla_all	CNV0_02119	test
low_prevalence_stress_split	tesla_all	CNV0_02276	test
low_prevalence_stress_split	tesla_all	CNV0_01738	test
low_prevalence_stress_split	tesla_all	CNV0_01765	test
low_prevalence_stress_split	tesla_all	CNV0_02147	test
low_prevalence_stress_split	tesla_all	CNV0_02121	test
low_prevalence_stress_split	tesla_all	CNV0_02059	test
low_prevalence_stress_split	tesla_all	CNV0_01711	test
low_prevalence_stress_split	tesla_all	CNV0_01826	test
low_prevalence_stress_split	tesla_all	CNV0_02076	test
low_prevalence_stress_split	tesla_all	CNV0_02082	test
low_prevalence_stress_split	tesla_all	CNV0_01650	test
low_prevalence_stress_split	tesla_all	CNV0_01678	test
low_prevalence_stress_split	tesla_all	CNV0_01757	test
low_prevalence_stress_split	tesla_all	CNV0_02044	test
low_prevalence_stress_split	tesla_all	CNV0_02123	test
low_prevalence_stress_split	tesla_all	CNV0_02217	test
low_prevalence_stress_split	tesla_all	CNV0_02346	test
low_prevalence_stress_split	tesla_all	CNV0_02071	test
low_prevalence_stress_split	tesla_all	CNV0_01997	test
low_prevalence_stress_split	tesla_all	CNV0_01525	test
low_prevalence_stress_split	tesla_all	CNV0_01560	test
low_prevalence_stress_split	tesla_all	CNV0_01939	test
low_prevalence_stress_split	tesla_all	CNV0_02247	test
low_prevalence_stress_split	tesla_all	CNV0_02264	test
low_prevalence_stress_split	tesla_all	CNV0_01654	test
low_prevalence_stress_split	tesla_all	CNV0_02301	test
low_prevalence_stress_split	tesla_all	CNV0_02055	test
low_prevalence_stress_split	tesla_all	CNV0_01568	test
low_prevalence_stress_split	tesla_all	CNV0_01641	test
low_prevalence_stress_split	tesla_all	CNV0_02074	test
low_prevalence_stress_split	tesla_all	CNV0_02012	test
low_prevalence_stress_split	tesla_all	CNV0_02214	test
low_prevalence_stress_split	tesla_all	CNV0_02323	test
low_prevalence_stress_split	tesla_all	CNV0_01920	test
low_prevalence_stress_split	tesla_all	CNV0_01928	test
low_prevalence_stress_split	tesla_all	CNV0_02015	test
low_prevalence_stress_split	tesla_all	CNV0_02026	test
low_prevalence_stress_split	tesla_all	CNV0_01852	test
low_prevalence_stress_split	tesla_all	CNV0_02187	test
low_prevalence_stress_split	tesla_all	CNV0_02095	test
low_prevalence_stress_split	tesla_all	CNV0_01689	test
low_prevalence_stress_split	tesla_all	CNV0_01772	test
low_prevalence_stress_split	tesla_all	CNV0_02316	test
low_prevalence_stress_split	tesla_all	CNV0_01620	test
low_prevalence_stress_split	tesla_all	CNV0_01759	test
low_prevalence_stress_split	tesla_all	CNV0_02349	test
low_prevalence_stress_split	tesla_all	CNV0_02392	test
low_prevalence_stress_split	tesla_all	CNV0_02315	test
low_prevalence_stress_split	tesla_all	CNV0_01922	test
low_prevalence_stress_split	tesla_all	CNV0_02149	test
low_prevalence_stress_split	tesla_all	CNV0_01690	test
low_prevalence_stress_split	tesla_all	CNV0_01752	test
low_prevalence_stress_split	tesla_all	CNV0_01524	test
low_prevalence_stress_split	tesla_all	CNV0_01783	test
low_prevalence_stress_split	tesla_all	CNV0_01662	test
low_prevalence_stress_split	tesla_all	CNV0_02303	test
low_prevalence_stress_split	tesla_all	CNV0_02114	test
low_prevalence_stress_split	tesla_all	CNV0_02077	test
low_prevalence_stress_split	tesla_all	CNV0_01787	test
low_prevalence_stress_split	tesla_all	CNV0_01779	test
low_prevalence_stress_split	tesla_all	CNV0_01710	test
low_prevalence_stress_split	tesla_all	CNV0_01553	test
low_prevalence_stress_split	tesla_all	CNV0_01581	test
low_prevalence_stress_split	tesla_all	CNV0_01977	test
low_prevalence_stress_split	tesla_all	CNV0_01617	test
low_prevalence_stress_split	tesla_all	CNV0_01513	test
low_prevalence_stress_split	tesla_all	CNV0_01985	test
low_prevalence_stress_split	tesla_all	CNV0_02285	test
low_prevalence_stress_split	tesla_all	CNV0_01661	test
low_prevalence_stress_split	tesla_all	CNV0_02042	test
low_prevalence_stress_split	tesla_all	CNV0_02019	test
low_prevalence_stress_split	tesla_all	CNV0_02086	test
low_prevalence_stress_split	tesla_all	CNV0_01561	test
low_prevalence_stress_split	tesla_all	CNV0_02176	test
low_prevalence_stress_split	tesla_all	CNV0_02332	test
low_prevalence_stress_split	tesla_all	CNV0_02222	test
low_prevalence_stress_split	tesla_all	CNV0_02032	test
low_prevalence_stress_split	tesla_all	CNV0_02011	test
low_prevalence_stress_split	tesla_all	CNV0_01929	test
low_prevalence_stress_split	tesla_all	CNV0_01544	test
low_prevalence_stress_split	tesla_all	CNV0_02228	test
low_prevalence_stress_split	tesla_all	CNV0_01743	test
low_prevalence_stress_split	tesla_all	CNV0_01836	test
low_prevalence_stress_split	tesla_all	CNV0_01540	test
low_prevalence_stress_split	tesla_all	CNV0_01760	test
low_prevalence_stress_split	tesla_all	CNV0_01507	test
low_prevalence_stress_split	tesla_all	CNV0_02312	test
low_prevalence_stress_split	tesla_all	CNV0_01486	test
low_prevalence_stress_split	tesla_all	CNV0_01495	test
low_prevalence_stress_split	tesla_all	CNV0_01861	test
low_prevalence_stress_split	tesla_all	CNV0_01943	test
low_prevalence_stress_split	tesla_all	CNV0_02103	test
low_prevalence_stress_split	tesla_all	CNV0_01926	test
low_prevalence_stress_split	tesla_all	CNV0_01754	test
low_prevalence_stress_split	tesla_all	CNV0_02347	test
low_prevalence_stress_split	tesla_all	CNV0_01969	test
low_prevalence_stress_split	tesla_all	CNV0_01554	test
low_prevalence_stress_split	tesla_all	CNV0_01758	test
low_prevalence_stress_split	tesla_all	CNV0_01850	test
low_prevalence_stress_split	tesla_all	CNV0_01773	test
low_prevalence_stress_split	tesla_all	CNV0_02207	test
low_prevalence_stress_split	tesla_all	CNV0_02146	test
low_prevalence_stress_split	tesla_all	CNV0_01911	test
low_prevalence_stress_split	tesla_all	CNV0_02218	test
low_prevalence_stress_split	tesla_all	CNV0_01705	test
low_prevalence_stress_split	tesla_all	CNV0_02163	test
low_prevalence_stress_split	tesla_all	CNV0_01699	test
low_prevalence_stress_split	tesla_all	CNV0_01871	test
low_prevalence_stress_split	tesla_all	CNV0_02024	test
low_prevalence_stress_split	tesla_all	CNV0_01599	test
low_prevalence_stress_split	tesla_all	CNV0_02137	test
low_prevalence_stress_split	tesla_all	CNV0_02338	test
low_prevalence_stress_split	tesla_all	CNV0_02013	test
low_prevalence_stress_split	tesla_all	CNV0_01953	test
low_prevalence_stress_split	tesla_all	CNV0_02016	test
low_prevalence_stress_split	tesla_all	CNV0_02372	test
low_prevalence_stress_split	tesla_all	CNV0_02238	test
low_prevalence_stress_split	tesla_all	CNV0_02310	test
low_prevalence_stress_split	tesla_all	CNV0_01676	test
low_prevalence_stress_split	tesla_all	CNV0_02259	test
low_prevalence_stress_split	tesla_all	CNV0_01753	test
low_prevalence_stress_split	tesla_all	CNV0_02067	test
low_prevalence_stress_split	tesla_all	CNV0_01685	test
low_prevalence_stress_split	tesla_all	CNV0_01829	test
low_prevalence_stress_split	tesla_all	CNV0_01957	test
low_prevalence_stress_split	tesla_all	CNV0_01967	test
low_prevalence_stress_split	tesla_all	CNV0_01913	test
low_prevalence_stress_split	tesla_all	CNV0_01764	test
low_prevalence_stress_split	tesla_all	CNV0_01702	test
low_prevalence_stress_split	tesla_all	CNV0_01529	test
low_prevalence_stress_split	tesla_all	CNV0_01587	test
low_prevalence_stress_split	tesla_all	CNV0_02003	test
low_prevalence_stress_split	tesla_all	CNV0_02001	test
low_prevalence_stress_split	tesla_all	CNV0_02251	test
low_prevalence_stress_split	tesla_all	CNV0_01659	test
low_prevalence_stress_split	tesla_all	CNV0_01532	test
low_prevalence_stress_split	tesla_all	CNV0_01621	test
low_prevalence_stress_split	tesla_all	CNV0_01628	test
low_prevalence_stress_split	tesla_all	CNV0_01733	test
low_prevalence_stress_split	tesla_all	CNV0_01849	test
low_prevalence_stress_split	tesla_all	CNV0_02378	test
low_prevalence_stress_split	tesla_all	CNV0_02041	test
low_prevalence_stress_split	tesla_all	CNV0_02240	test
low_prevalence_stress_split	tesla_all	CNV0_02368	test
low_prevalence_stress_split	tesla_all	CNV0_02078	test
low_prevalence_stress_split	tesla_all	CNV0_02254	test
low_prevalence_stress_split	tesla_all	CNV0_01948	test
low_prevalence_stress_split	tesla_all	CNV0_01572	test
low_prevalence_stress_split	tesla_all	CNV0_01909	test
low_prevalence_stress_split	tesla_all	CNV0_01761	test
low_prevalence_stress_split	tesla_all	CNV0_02224	test
low_prevalence_stress_split	tesla_all	CNV0_02038	test
low_prevalence_stress_split	tesla_all	CNV0_01735	test
low_prevalence_stress_split	tesla_all	CNV0_01729	test
low_prevalence_stress_split	tesla_all	CNV0_01897	test
low_prevalence_stress_split	tesla_all	CNV0_01950	test
low_prevalence_stress_split	tesla_all	CNV0_01638	test
low_prevalence_stress_split	tesla_all	CNV0_02324	test
low_prevalence_stress_split	tesla_all	CNV0_02092	test
low_prevalence_stress_split	tesla_all	CNV0_02269	test
low_prevalence_stress_split	tesla_all	CNV0_02386	test
low_prevalence_stress_split	tesla_all	CNV0_01597	test
low_prevalence_stress_split	tesla_all	CNV0_02258	test
low_prevalence_stress_split	tesla_all	CNV0_02107	test
low_prevalence_stress_split	tesla_all	CNV0_01910	test
low_prevalence_stress_split	tesla_all	CNV0_01528	test
low_prevalence_stress_split	tesla_all	CNV0_02120	test
low_prevalence_stress_split	tesla_all	CNV0_02195	test
low_prevalence_stress_split	tesla_all	CNV0_01935	test
low_prevalence_stress_split	tesla_all	CNV0_01623	test
low_prevalence_stress_split	tesla_all	CNV0_02385	test
low_prevalence_stress_split	tesla_all	CNV0_02330	test
low_prevalence_stress_split	tesla_all	CNV0_01523	test
low_prevalence_stress_split	tesla_all	CNV0_01631	test
low_prevalence_stress_split	tesla_all	CNV0_01491	test
low_prevalence_stress_split	tesla_all	CNV0_02299	test
low_prevalence_stress_split	tesla_all	CNV0_01713	test
low_prevalence_stress_split	tesla_all	CNV0_01994	test
low_prevalence_stress_split	tesla_all	CNV0_02089	test
low_prevalence_stress_split	tesla_all	CNV0_01693	test
low_prevalence_stress_split	tesla_all	CNV0_02337	test
low_prevalence_stress_split	tesla_all	CNV0_01570	test
low_prevalence_stress_split	tesla_all	CNV0_01549	test
low_prevalence_stress_split	tesla_all	CNV0_02314	test
low_prevalence_stress_split	tesla_all	CNV0_02004	test
low_prevalence_stress_split	tesla_all	CNV0_01658	test
low_prevalence_stress_split	tesla_all	CNV0_02085	test
low_prevalence_stress_split	tesla_all	CNV0_02036	test
low_prevalence_stress_split	tesla_all	CNV0_02047	test
low_prevalence_stress_split	tesla_all	CNV0_02209	test
low_prevalence_stress_split	tesla_all	CNV0_02045	test
low_prevalence_stress_split	tesla_all	CNV0_02205	test
low_prevalence_stress_split	tesla_all	CNV0_02127	test
low_prevalence_stress_split	tesla_all	CNV0_02189	test
low_prevalence_stress_split	tesla_all	CNV0_02334	test
low_prevalence_stress_split	tesla_all	CNV0_01719	test
low_prevalence_stress_split	tesla_all	CNV0_01712	test
low_prevalence_stress_split	tesla_all	CNV0_01598	test
low_prevalence_stress_split	tesla_all	CNV0_01876	test
low_prevalence_stress_split	tesla_all	CNV0_02130	test
low_prevalence_stress_split	tesla_all	CNV0_01822	test
low_prevalence_stress_split	tesla_all	CNV0_02282	test
low_prevalence_stress_split	tesla_all	CNV0_02198	test
low_prevalence_stress_split	tesla_all	CNV0_02142	test
low_prevalence_stress_split	tesla_all	CNV0_01494	test
low_prevalence_stress_split	tesla_all	CNV0_01846	test
low_prevalence_stress_split	tesla_all	CNV0_02100	test
low_prevalence_stress_split	tesla_all	CNV0_02115	test
low_prevalence_stress_split	tesla_all	CNV0_01988	test
low_prevalence_stress_split	tesla_all	CNV0_01937	test
low_prevalence_stress_split	tesla_all	CNV0_01974	test
low_prevalence_stress_split	tesla_all	CNV0_02388	test
low_prevalence_stress_split	tesla_all	CNV0_02043	test
low_prevalence_stress_split	tesla_all	CNV0_01514	test
low_prevalence_stress_split	tesla_all	CNV0_01831	test
low_prevalence_stress_split	tesla_all	CNV0_02292	test
low_prevalence_stress_split	tesla_all	CNV0_02049	test
low_prevalence_stress_split	tesla_all	CNV0_01966	test
low_prevalence_stress_split	tesla_all	CNV0_01825	test
low_prevalence_stress_split	tesla_all	CNV0_02257	test
low_prevalence_stress_split	tesla_all	CNV0_01949	test
low_prevalence_stress_split	tesla_all	CNV0_01921	test
low_prevalence_stress_split	tesla_all	CNV0_01968	test
low_prevalence_stress_split	tesla_all	CNV0_02083	test
low_prevalence_stress_split	tesla_all	CNV0_01991	test
low_prevalence_stress_split	tesla_all	CNV0_01497	test
low_prevalence_stress_split	tesla_all	CNV0_01749	test
low_prevalence_stress_split	tesla_all	CNV0_01803	test
low_prevalence_stress_split	tesla_all	CNV0_01989	test
low_prevalence_stress_split	tesla_all	CNV0_01584	test
low_prevalence_stress_split	tesla_all	CNV0_02018	test
low_prevalence_stress_split	tesla_all	CNV0_01674	test
low_prevalence_stress_split	tesla_all	CNV0_01845	test
low_prevalence_stress_split	tesla_all	CNV0_02208	test
low_prevalence_stress_split	tesla_all	CNV0_02233	test
low_prevalence_stress_split	tesla_all	CNV0_02245	test
low_prevalence_stress_split	tesla_all	CNV0_01609	test
low_prevalence_stress_split	tesla_all	CNV0_02319	test
low_prevalence_stress_split	tesla_all	CNV0_02124	test
low_prevalence_stress_split	tesla_all	CNV0_01703	test
low_prevalence_stress_split	tesla_all	CNV0_02210	test
low_prevalence_stress_split	tesla_all	CNV0_02215	test
low_prevalence_stress_split	tesla_all	CNV0_01821	test
low_prevalence_stress_split	tesla_all	CNV0_02181	test
low_prevalence_stress_split	tesla_all	CNV0_02122	test
low_prevalence_stress_split	tesla_all	CNV0_02183	test
low_prevalence_stress_split	tesla_all	CNV0_01927	test
low_prevalence_stress_split	tesla_all	CNV0_02242	test
low_prevalence_stress_split	tesla_all	CNV0_02305	test
low_prevalence_stress_split	tesla_all	CNV0_01537	test
low_prevalence_stress_split	tesla_all	CNV0_02297	test
low_prevalence_stress_split	tesla_all	CNV0_01755	test
low_prevalence_stress_split	tesla_all	CNV0_02201	test
low_prevalence_stress_split	tesla_all	CNV0_02023	test
low_prevalence_stress_split	tesla_all	CNV0_01506	test
low_prevalence_stress_split	tesla_all	CNV0_01545	test
low_prevalence_stress_split	tesla_all	CNV0_02336	test
low_prevalence_stress_split	tesla_all	CNV0_02371	test
low_prevalence_stress_split	tesla_all	CNV0_01881	test
low_prevalence_stress_split	tesla_all	CNV0_01999	test
low_prevalence_stress_split	tesla_all	CNV0_02068	test
low_prevalence_stress_split	tesla_all	CNV0_02265	test
low_prevalence_stress_split	tesla_all	CNV0_01736	test
low_prevalence_stress_split	tesla_all	CNV0_02166	test
low_prevalence_stress_split	tesla_all	CNV0_02025	test
low_prevalence_stress_split	tesla_all	CNV0_01531	test
low_prevalence_stress_split	tesla_all	CNV0_02091	test
low_prevalence_stress_split	tesla_all	CNV0_01504	test
low_prevalence_stress_split	tesla_all	CNV0_01775	test
low_prevalence_stress_split	tesla_all	CNV0_01790	test
low_prevalence_stress_split	tesla_all	CNV0_01962	test
low_prevalence_stress_split	tesla_all	CNV0_02167	test
low_prevalence_stress_split	tesla_all	CNV0_01981	test
low_prevalence_stress_split	tesla_all	CNV0_01615	test
low_prevalence_stress_split	tesla_all	CNV0_01683	test
low_prevalence_stress_split	tesla_all	CNV0_01732	test
low_prevalence_stress_split	tesla_all	CNV0_02180	test
low_prevalence_stress_split	tesla_all	CNV0_01983	test
low_prevalence_stress_split	tesla_all	CNV0_01634	test
low_prevalence_stress_split	tesla_all	CNV0_01629	test
low_prevalence_stress_split	tesla_all	CNV0_01591	test
low_prevalence_stress_split	tesla_all	CNV0_01784	test
low_prevalence_stress_split	tesla_all	CNV0_01930	test
low_prevalence_stress_split	tesla_all	CNV0_01564	test
low_prevalence_stress_split	tesla_all	CNV0_01862	test
low_prevalence_stress_split	tesla_all	CNV0_02274	test
low_prevalence_stress_split	tesla_all	CNV0_01578	test
low_prevalence_stress_split	tesla_all	CNV0_01744	test
low_prevalence_stress_split	tesla_all	CNV0_01605	test
low_prevalence_stress_split	tesla_all	CNV0_01541	test
low_prevalence_stress_split	tesla_all	CNV0_01947	test
low_prevalence_stress_split	tesla_all	CNV0_02219	test
low_prevalence_stress_split	tesla_all	CNV0_01566	test
low_prevalence_stress_split	tesla_all	CNV0_01679	test
low_prevalence_stress_split	tesla_all	CNV0_02281	test
low_prevalence_stress_split	tesla_all	CNV0_01946	test
low_prevalence_stress_split	tesla_all	CNV0_02325	test
low_prevalence_stress_split	tesla_all	CNV0_01512	test
low_prevalence_stress_split	tesla_all	CNV0_01600	test
low_prevalence_stress_split	tesla_all	CNV0_01558	test
low_prevalence_stress_split	tesla_all	CNV0_01810	test
low_prevalence_stress_split	tesla_all	CNV0_01698	test
low_prevalence_stress_split	tesla_all	CNV0_02355	test
low_prevalence_stress_split	tesla_all	CNV0_01589	test
low_prevalence_stress_split	tesla_all	CNV0_02046	test
low_prevalence_stress_split	tesla_all	CNV0_02157	test
low_prevalence_stress_split	tesla_all	CNV0_02002	test
low_prevalence_stress_split	tesla_all	CNV0_02197	test
low_prevalence_stress_split	tesla_all	CNV0_01546	test
low_prevalence_stress_split	tesla_all	CNV0_02027	test
low_prevalence_stress_split	tesla_all	CNV0_01630	test
low_prevalence_stress_split	tesla_all	CNV0_01604	test
low_prevalence_stress_split	tesla_all	CNV0_01984	test
low_prevalence_stress_split	tesla_all	CNV0_01596	test
low_prevalence_stress_split	tesla_all	CNV0_02061	test
low_prevalence_stress_split	tesla_all	CNV0_02360	test
low_prevalence_stress_split	tesla_all	CNV0_02105	test
low_prevalence_stress_split	tesla_all	CNV0_02239	test
low_prevalence_stress_split	tesla_all	CNV0_02367	test
low_prevalence_stress_split	tesla_all	CNV0_01616	test
low_prevalence_stress_split	tesla_all	CNV0_01768	test
low_prevalence_stress_split	tesla_all	CNV0_02168	test
low_prevalence_stress_split	tesla_all	CNV0_02109	test
low_prevalence_stress_split	tesla_all	CNV0_01976	test
low_prevalence_stress_split	tesla_all	CNV0_02308	test
low_prevalence_stress_split	tesla_all	CNV0_02300	test
low_prevalence_stress_split	tesla_all	CNV0_02174	test
low_prevalence_stress_split	tesla_all	CNV0_02220	test
low_prevalence_stress_split	tesla_all	CNV0_02263	test
low_prevalence_stress_split	tesla_all	CNV0_02116	test
low_prevalence_stress_split	tesla_all	CNV0_01657	test
low_prevalence_stress_split	tesla_all	CNV0_01781	test
low_prevalence_stress_split	tesla_all	CNV0_02112	test
low_prevalence_stress_split	tesla_all	CNV0_02129	test
low_prevalence_stress_split	tesla_all	CNV0_02117	test
low_prevalence_stress_split	tesla_all	CNV0_01643	test
low_prevalence_stress_split	tesla_all	CNV0_01575	test
low_prevalence_stress_split	tesla_all	CNV0_01607	test
low_prevalence_stress_split	tesla_all	CNV0_02270	test
low_prevalence_stress_split	tesla_all	CNV0_02200	test
low_prevalence_stress_split	tesla_all	CNV0_02335	test
low_prevalence_stress_split	tesla_all	CNV0_02340	test
low_prevalence_stress_split	tesla_all	CNV0_01975	test
low_prevalence_stress_split	tesla_all	CNV0_01724	test
low_prevalence_stress_split	tesla_all	CNV0_02134	test
low_prevalence_stress_split	tesla_all	CNV0_02345	test
low_prevalence_stress_split	tesla_all	CNV0_01972	test
low_prevalence_stress_split	tesla_all	CNV0_01786	test
low_prevalence_stress_split	tesla_all	CNV0_02273	test
low_prevalence_stress_split	tesla_all	CNV0_01671	test
low_prevalence_stress_split	tesla_all	CNV0_01601	test
low_prevalence_stress_split	tesla_all	CNV0_01580	test
low_prevalence_stress_split	tesla_all	CNV0_01931	test
low_prevalence_stress_split	tesla_all	CNV0_02140	test
low_prevalence_stress_split	tesla_all	CNV0_02278	test
low_prevalence_stress_split	tesla_all	CNV0_01731	test
low_prevalence_stress_split	tesla_all	CNV0_02145	test
low_prevalence_stress_split	tesla_all	CNV0_01680	test
low_prevalence_stress_split	tesla_all	CNV0_01986	test
low_prevalence_stress_split	tesla_all	CNV0_01613	test
low_prevalence_stress_split	tesla_all	CNV0_02236	test
low_prevalence_stress_split	tesla_all	CNV0_02333	test
low_prevalence_stress_split	tesla_all	CNV0_02350	test
low_prevalence_stress_split	tesla_all	CNV0_01706	test
low_prevalence_stress_split	tesla_all	CNV0_02069	test
low_prevalence_stress_split	tesla_all	CNV0_02196	test
low_prevalence_stress_split	tesla_all	CNV0_01720	test
low_prevalence_stress_split	tesla_all	CNV0_01839	test
low_prevalence_stress_split	tesla_all	CNV0_02022	test
low_prevalence_stress_split	tesla_all	CNV0_02164	test
low_prevalence_stress_split	tesla_all	CNV0_02369	test
low_prevalence_stress_split	tesla_all	CNV0_02248	test
low_prevalence_stress_split	tesla_all	CNV0_01813	test
low_prevalence_stress_split	tesla_all	CNV0_01567	test
low_prevalence_stress_split	tesla_all	CNV0_02235	test
low_prevalence_stress_split	tesla_all	CNV0_01608	test
low_prevalence_stress_split	tesla_all	CNV0_02237	test
low_prevalence_stress_split	tesla_all	CNV0_02113	test
low_prevalence_stress_split	tesla_all	CNV0_02339	test
low_prevalence_stress_split	tesla_all	CNV0_02079	test
low_prevalence_stress_split	tesla_all	CNV0_01586	test
low_prevalence_stress_split	tesla_all	CNV0_01841	test
low_prevalence_stress_split	tesla_all	CNV0_02304	test
low_prevalence_stress_split	tesla_all	CNV0_02053	test
low_prevalence_stress_split	tesla_all	CNV0_02179	test
low_prevalence_stress_split	tesla_all	CNV0_01944	test
low_prevalence_stress_split	tesla_all	CNV0_01840	test
low_prevalence_stress_split	tesla_all	CNV0_02328	test
low_prevalence_stress_split	tesla_all	CNV0_01734	test
low_prevalence_stress_split	tesla_all	CNV0_02326	test
low_prevalence_stress_split	tesla_all	CNV0_01686	test
low_prevalence_stress_split	tesla_all	CNV0_01833	test
low_prevalence_stress_split	tesla_all	CNV0_01875	test
low_prevalence_stress_split	tesla_all	CNV0_01987	test
low_prevalence_stress_split	tesla_all	CNV0_01964	test
low_prevalence_stress_split	tesla_all	CNV0_01858	test
low_prevalence_stress_split	tesla_all	CNV0_02133	test
low_prevalence_stress_split	tesla_all	CNV0_01618	test
low_prevalence_stress_split	tesla_all	CNV0_02267	test
low_prevalence_stress_split	tesla_all	CNV0_02381	test
low_prevalence_stress_split	tesla_all	CNV0_02028	test
low_prevalence_stress_split	tesla_all	CNV0_01550	test
low_prevalence_stress_split	tesla_all	CNV0_01905	test
low_prevalence_stress_split	tesla_all	CNV0_01941	test
low_prevalence_stress_split	tesla_all	CNV0_02104	test
low_prevalence_stress_split	tesla_all	CNV0_01884	test
low_prevalence_stress_split	tesla_all	CNV0_01995	test
low_prevalence_stress_split	tesla_all	CNV0_01647	test
low_prevalence_stress_split	tesla_all	CNV0_01640	test
low_prevalence_stress_split	tesla_all	CNV0_01965	test
low_prevalence_stress_split	tesla_all	CNV0_02230	test
low_prevalence_stress_split	tesla_all	CNV0_02376	test
low_prevalence_stress_split	tesla_all	CNV0_01742	test
low_prevalence_stress_split	tesla_all	CNV0_01726	test
low_prevalence_stress_split	tesla_all	CNV0_01625	test
low_prevalence_stress_split	tesla_all	CNV0_01704	test
low_prevalence_stress_split	tesla_all	CNV0_01789	test
low_prevalence_stress_split	tesla_all	CNV0_02344	test
low_prevalence_stress_split	tesla_all	CNV0_02021	test
low_prevalence_stress_split	tesla_all	CNV0_01807	test
low_prevalence_stress_split	tesla_all	CNV0_01756	test
low_prevalence_stress_split	tesla_all	CNV0_01951	test
low_prevalence_stress_split	tesla_all	CNV0_02365	test
low_prevalence_stress_split	tesla_all	CNV0_02172	test
low_prevalence_stress_split	tesla_all	CNV0_01519	test
low_prevalence_stress_split	tesla_all	CNV0_01503	test
low_prevalence_stress_split	tesla_all	CNV0_01898	test
low_prevalence_stress_split	tesla_all	CNV0_02070	test
low_prevalence_stress_split	tesla_all	CNV0_01603	test
low_prevalence_stress_split	tesla_all	CNV0_01606	test
low_prevalence_stress_split	tesla_all	CNV0_02014	test
low_prevalence_stress_split	tesla_all	CNV0_01919	test
low_prevalence_stress_split	tesla_all	CNV0_01632	test
low_prevalence_stress_split	tesla_all	CNV0_01892	test
low_prevalence_stress_split	tesla_all	CNV0_02170	test
low_prevalence_stress_split	tesla_all	CNV0_02261	test
low_prevalence_stress_split	tesla_all	CNV0_02382	test
low_prevalence_stress_split	tesla_all	CNV0_01563	test
low_prevalence_stress_split	tesla_all	CNV0_01837	test
low_prevalence_stress_split	tesla_all	CNV0_01585	test
low_prevalence_stress_split	tesla_all	CNV0_02329	test
low_prevalence_stress_split	tesla_all	CNV0_02161	test
low_prevalence_stress_split	tesla_all	CNV0_01796	test
low_prevalence_stress_split	tesla_all	CNV0_01823	test
low_prevalence_stress_split	tesla_all	CNV0_02394	test
low_prevalence_stress_split	tesla_all	CNV0_01806	test
low_prevalence_stress_split	tesla_all	CNV0_02098	test
low_prevalence_stress_split	tesla_all	CNV0_01816	test
low_prevalence_stress_split	tesla_all	CNV0_02006	test
low_prevalence_stress_split	tesla_all	CNV0_01612	test
low_prevalence_stress_split	tesla_all	CNV0_01722	test
low_prevalence_stress_split	tesla_all	CNV0_01811	test
low_prevalence_stress_split	tesla_all	CNV0_01510	test
low_prevalence_stress_split	tesla_all	CNV0_01899	test
low_prevalence_stress_split	tesla_all	CNV0_01624	test
low_prevalence_stress_split	tesla_all	CNV0_01804	test
low_prevalence_stress_split	tesla_all	CNV0_02039	test
low_prevalence_stress_split	tesla_all	CNV0_01954	test
low_prevalence_stress_split	tesla_all	CNV0_01645	test
low_prevalence_stress_split	tesla_all	CNV0_01982	test
low_prevalence_stress_split	tesla_all	CNV0_02294	test
low_prevalence_stress_split	tesla_all	CNV0_02090	test
low_prevalence_stress_split	tesla_all	CNV0_02073	test
low_prevalence_stress_split	tesla_all	CNV0_01805	test
low_prevalence_stress_split	tesla_all	CNV0_02234	test
low_prevalence_stress_split	tesla_all	CNV0_01493	test
low_prevalence_stress_split	tesla_all	CNV0_02232	test
